loc,func_cnt,ccn,avg_ccn,max_ccn,token_count,avg_params,file_commits,unique_authors,file_age_days,security_touch_ratio,is_vuln
13,1,4,4.0,4,113,3.0,9,6,2200,0.0,0
4290,241,432,1.793,13,19233,1.187,250,75,3845,0.0,0
349,26,28,1.077,2,1753,1.231,16,10,1021,0.0,0
1507,102,140,1.373,5,5933,1.0,124,50,4023,0.0484,0
370,24,84,3.5,10,3385,1.042,9,3,133,0.0,0
114,8,25,3.125,13,900,1.875,29,10,1199,0.6897,1
82,5,22,4.4,10,514,1.8,62,20,3154,0.0,0
463,36,152,4.222,51,2817,1.528,90,21,2681,0.0222,0
15,1,2,2.0,2,84,1.0,0,0,0,0.0,0
39,0,0,0.0,0,305,0.0,10,8,3521,0.0,0
770,86,145,1.686,19,5192,1.012,63,12,1816,0.127,0
297,53,54,1.019,2,1292,1.0,16,12,2313,0.125,1
1931,162,601,3.71,27,10522,2.222,602,174,6972,0.0,0
5,0,0,0.0,0,30,0.0,1,1,117,0.0,0
282,38,111,2.921,13,2032,1.658,99,42,3337,0.0101,0
414,34,34,1.0,1,1754,1.0,77,18,1485,0.0519,0
1132,41,41,1.0,1,7341,1.0,10,5,475,0.0,0
914,98,307,3.133,16,4870,2.122,43,11,821,0.0,0
122,15,35,2.333,16,992,0.8,8,6,1222,0.0,0
443,40,49,1.225,3,1929,1.025,2,1,33,0.0,0
68,1,26,26.0,26,572,1.0,0,0,0,0.0,0
252,26,87,3.346,10,1786,3.308,40,5,480,0.0,0
178,15,16,1.067,2,978,1.133,4,3,416,0.0,0
28,2,2,1.0,1,106,1.0,0,0,0,0.0,0
137,10,10,1.0,1,972,1.0,1,1,10,0.0,0
643,53,73,1.377,6,2339,1.057,36,28,3510,0.0,0
430,42,59,1.405,4,2909,1.429,8,5,56,0.0,0
193,34,35,1.029,2,1254,1.029,30,9,1211,0.5667,1
372,28,90,3.214,24,2632,2.107,20,6,1019,0.0,0
938,89,263,2.955,13,5742,2.506,230,56,3567,0.0565,1
992,85,106,1.247,7,6166,1.188,122,57,2624,0.0246,0
51,4,14,3.5,10,288,2.25,1,1,0,0.0,1
258,6,63,10.5,30,1313,2.5,94,21,1800,0.0,0
228,21,58,2.762,9,1500,2.429,38,20,2605,0.0,0
9,0,0,0.0,0,24,0.0,1,1,1,0.0,0
57,3,3,1.0,1,262,1.0,2,2,416,0.0,0
67,7,10,1.429,3,288,1.0,14,7,2585,0.0,0
612,65,192,2.954,14,4563,2.308,70,8,1158,0.0,0
141,17,48,2.824,8,1307,1.294,50,22,2774,0.14,0
303,47,51,1.085,3,1263,1.085,49,26,1396,0.0,0
786,86,101,1.174,5,7099,1.058,7,3,91,0.0,0
11,2,2,1.0,1,82,1.0,6,5,1308,0.0,0
184,16,27,1.688,6,993,1.0,28,18,1452,0.2143,1
196,42,42,1.0,1,1090,1.0,7,5,230,0.0,1
13,0,0,0.0,0,35,0.0,0,0,0,0.0,0
136,18,39,2.167,6,968,2.389,28,4,1345,0.0357,0
400,74,76,1.027,2,2340,1.311,40,27,2679,0.1,0
175,9,72,8.0,26,1379,2.333,46,9,441,0.0,0
135,28,28,1.0,1,787,1.0,6,5,169,0.0,0
13,2,2,1.0,1,73,1.0,6,4,396,0.0,0
210,14,32,2.286,7,1032,1.357,90,17,3914,0.0,0
333,16,101,6.312,20,3217,3.0,2,2,35,0.0,0
566,58,145,2.5,19,3090,2.586,101,40,2867,0.0,0
210,12,47,3.917,10,1970,1.083,31,14,2215,0.0,0
518,28,147,5.25,26,2595,1.786,119,34,3120,0.0,0
1239,67,81,1.209,4,6291,1.03,65,34,2695,0.0,0
636,80,187,2.337,14,3196,1.625,186,64,5986,0.0269,0
884,96,114,1.188,5,4734,1.562,74,32,3068,0.6757,1
1821,113,614,5.434,43,12403,2.469,568,129,6095,0.0088,0
293,33,101,3.061,13,2064,1.364,158,39,4084,0.0127,0
627,126,205,1.627,9,6054,1.929,255,37,3146,0.0,0
17,0,0,0.0,0,31,0.0,2,2,2548,0.0,0
591,39,41,1.051,2,2823,0.974,46,23,4282,0.0,0
187,19,70,3.684,7,1082,2.579,35,18,2575,0.0,0
180,17,54,3.176,24,1386,1.588,59,19,2870,0.0,1
240,27,54,2.0,7,1348,1.815,18,8,1915,0.0,0
6,1,1,1.0,1,28,2.0,4,4,2640,0.0,0
5,1,1,1.0,1,32,3.0,1,1,63,0.0,0
42,5,5,1.0,1,221,1.0,7,5,1673,0.0,0
310,32,68,2.125,7,1465,3.062,13,3,580,0.0,0
738,89,257,2.888,14,3897,1.91,8,6,155,0.0,0
122,9,30,3.333,11,646,1.556,41,24,6425,0.0244,1
80,3,3,1.0,1,327,1.333,6,4,1475,0.0,1
272,25,85,3.4,12,1873,1.72,87,39,4293,0.6782,1
74,6,21,3.5,11,516,2.167,31,3,1130,0.0,0
19,2,2,1.0,1,346,1.0,0,0,0,0.0,0
2182,199,235,1.181,10,14463,1.05,127,16,1048,0.0551,0
121,10,28,2.8,6,716,2.3,27,12,1137,0.0,0
1,0,0,0.0,0,38,0.0,1,1,827,0.0,0
230,24,77,3.208,8,1442,2.917,37,3,903,0.0,0
69,10,10,1.0,1,416,1.7,1,1,21,0.0,0
352,14,14,1.0,1,2158,1.0,14,8,851,0.0,0
671,26,29,1.115,2,3804,1.0,31,21,1299,0.0,0
333,38,89,2.342,9,2273,1.921,112,13,2273,0.0089,0
68,9,11,1.222,3,304,1.0,6,4,933,0.0,0
152,15,41,2.733,8,601,1.0,59,23,4674,0.0,0
150,12,44,3.667,8,1094,2.167,23,4,1222,0.0,0
77,7,7,1.0,1,388,1.0,8,3,2640,0.0,0
41,4,4,1.0,1,277,1.5,42,15,2818,0.0,0
378,77,127,1.649,12,2835,1.532,43,11,2405,0.0,0
564,40,120,3.0,9,3705,1.0,0,0,0,0.0,0
55,0,0,0.0,0,236,0.0,23,16,3131,0.3043,1
65,9,26,2.889,5,481,2.333,15,5,1900,0.2667,1
3479,327,365,1.116,5,18707,1.018,210,74,3285,0.0,0
11,0,0,0.0,0,115,0.0,6,3,915,0.0,1
925,79,99,1.253,7,5839,1.203,103,50,1564,0.0194,0
17,0,0,0.0,0,84,0.0,15,8,3157,0.0,0
50,7,7,1.0,1,1181,1.0,6,4,726,0.0,0
833,87,102,1.172,4,4397,1.333,68,31,3044,0.6471,1
30,2,2,1.0,1,181,1.0,8,4,776,0.0,1
13,1,5,5.0,5,79,1.0,19,8,3033,0.0,0
249,14,82,5.857,30,1169,2.643,41,18,2051,0.0,0
33,3,3,1.0,1,130,1.0,2,2,1309,1.0,0
755,66,82,1.242,7,5172,1.167,26,17,249,0.0385,0
517,66,152,2.303,14,2728,2.152,120,62,4784,0.0583,1
4,0,0,0.0,0,286,0.0,3,3,812,0.0,1
220,32,88,2.75,15,1446,2.25,87,34,4427,0.0,0
188,9,9,1.0,1,1335,1.0,1,1,72,0.0,0
813,51,56,1.098,3,3428,1.255,21,9,716,0.0,0
222,15,77,5.133,19,1870,1.6,98,20,2331,0.0,0
42,2,2,1.0,1,314,2.0,9,6,830,0.0,0
494,16,76,4.75,13,2470,3.312,288,61,5791,0.0174,0
159,9,30,3.333,13,548,1.444,50,29,6881,0.0,0
275,13,86,6.615,15,1624,2.769,170,40,4127,0.0294,0
1076,85,177,2.082,9,6809,1.071,72,14,1916,0.0,0
603,69,83,1.203,5,3958,1.377,80,39,2935,0.0,0
176,29,42,1.448,3,1119,1.276,16,13,750,0.0,0
13,1,1,1.0,1,82,4.0,1,1,94,0.0,0
289,36,79,2.194,8,1493,2.611,79,28,2695,0.0127,1
1232,83,317,3.819,32,7528,3.0,218,37,1901,0.0505,0
2933,178,201,1.129,3,13005,1.079,180,71,4643,0.0056,0
545,64,103,1.609,5,3510,1.062,11,5,83,0.0,0
242,18,24,1.333,3,1721,1.556,21,16,1567,0.0,0
455,61,78,1.279,8,2655,1.393,14,9,579,0.0,1
2739,273,319,1.168,5,16831,1.029,81,29,657,0.0,0
281,26,84,3.231,13,1698,3.0,61,19,3341,0.0,0
77,11,19,1.727,4,292,2.545,1,1,44,0.0,0
581,62,75,1.21,5,2737,1.048,49,24,2228,0.0,0
107,15,34,2.267,6,798,1.867,5,3,1216,0.0,0
448,60,73,1.217,5,2911,1.017,26,16,469,0.0,0
1260,71,84,1.183,4,4368,1.183,7,6,857,0.0,0
2026,110,131,1.191,4,9016,1.027,190,74,3351,0.0158,0
36,9,9,1.0,1,159,2.444,12,9,1422,0.0833,0
118,4,6,1.5,3,874,1.5,5,4,622,0.0,0
1038,121,356,2.942,18,7476,2.405,187,24,2518,0.0,0
112,11,15,1.364,4,513,2.091,2,2,122,0.0,0
183,37,40,1.081,2,807,1.054,27,22,3566,0.0,0
18,6,7,1.167,2,97,1.667,1,1,249,0.0,0
493,16,76,4.75,13,2466,3.312,287,61,5791,0.0174,0
256,22,57,2.591,6,1371,2.273,69,19,2445,0.029,1
215,32,49,1.531,8,1235,1.281,14,5,702,0.2857,0
744,11,51,4.636,13,3297,2.091,63,6,1005,0.0159,0
58,5,12,2.4,7,327,2.0,11,4,260,0.0,0
230,10,12,1.2,3,1044,1.2,26,18,4102,0.0,0
102,7,7,1.0,1,334,0.286,7,6,874,0.0,0
1528,116,438,3.776,32,8896,3.0,433,134,4812,0.0462,0
70,10,27,2.7,6,818,2.0,0,0,0,0.0,0
232,29,29,1.0,1,1272,1.103,16,14,707,0.0625,0
273,29,60,2.069,17,1069,1.621,4,1,17,0.0,0
144,8,23,2.875,6,763,3.375,55,20,2393,0.0545,0
54,11,21,1.909,5,277,2.273,4,4,427,0.0,0
42,4,5,1.25,2,272,1.75,2,1,126,0.0,0
7,2,2,1.0,1,55,1.5,3,3,579,0.0,0
92,8,28,3.5,9,540,1.625,23,9,1795,0.0435,0
235,34,95,2.794,10,1696,1.618,21,7,885,0.0,0
751,105,118,1.124,3,4425,1.0,81,51,3131,0.1481,1
7,1,3,3.0,3,57,0.0,0,0,0,0.0,0
703,44,61,1.386,4,4291,1.705,28,18,1067,0.0,0
472,36,153,4.25,53,2832,1.528,95,21,2687,0.0211,0
1034,66,266,4.03,32,6385,3.076,176,23,1676,0.0511,1
482,47,150,3.191,13,2710,1.447,121,44,7371,0.0,0
304,25,84,3.36,14,2082,2.36,120,32,2464,0.075,0
490,55,57,1.036,2,2423,0.945,15,7,225,0.0,0
133,22,38,1.727,5,666,1.5,8,4,300,0.0,0
98,8,31,3.875,9,749,3.25,33,16,4012,0.0303,1
9,0,0,0.0,0,25,0.0,3,2,2657,0.0,0
599,57,146,2.561,10,3814,3.579,195,70,5005,0.0769,0
26,4,8,2.0,5,149,2.0,14,4,823,0.0,0
514,31,44,1.419,4,3492,1.645,7,6,250,0.0,0
733,81,222,2.741,13,5525,2.333,218,51,3934,0.0321,0
257,20,48,2.4,10,1361,1.5,244,46,4830,0.0041,0
37,4,4,1.0,1,202,1.0,0,0,0,0.0,0
98,8,8,1.0,1,504,1.0,5,5,724,0.0,0
178,22,43,1.955,6,935,1.045,41,21,1450,0.0,0
23,3,4,1.333,2,88,1.0,2,2,414,0.5,1
109,12,44,3.667,20,665,1.833,42,14,2880,0.0,0
84,14,22,1.571,3,383,1.643,33,16,2591,0.0,0
688,94,115,1.223,4,4703,1.138,19,12,305,0.0,0
619,70,189,2.7,15,4722,2.3,87,10,1590,0.0115,1
9,0,0,0.0,0,178,0.0,2,1,17,0.0,0
150,23,56,2.435,7,1011,1.652,14,1,31,0.0,0
27,3,7,2.333,3,116,1.0,1,1,571,0.0,0
858,43,105,2.442,13,4420,1.116,54,15,605,0.0,0
178,35,36,1.029,2,677,1.0,17,12,1751,0.0,1
1214,100,431,4.31,22,10609,2.39,283,50,2471,0.0071,0
296,19,33,1.737,6,1836,3.421,8,4,618,0.0,0
164,16,40,2.5,8,1081,1.875,62,4,833,0.0,0
10,1,1,1.0,1,75,1.0,0,0,0,0.0,0
336,34,39,1.147,5,2322,1.0,32,20,1353,0.0312,0
139,23,39,1.696,8,956,2.348,39,21,2284,0.0769,0
28,9,10,1.111,2,261,1.444,2,2,409,0.0,0
355,37,126,3.405,17,1988,1.892,73,9,2163,0.0,0
453,31,124,4.0,35,2686,1.677,85,45,5085,0.0471,0
442,25,50,2.0,9,2346,1.0,24,8,708,0.0,0
1297,92,355,3.859,32,7852,3.0,300,75,2610,0.0467,0
1392,58,62,1.069,4,8461,1.0,29,13,249,0.0,0
19,1,5,5.0,5,77,2.0,2,1,62,0.0,0
129,3,3,1.0,1,666,1.0,9,4,725,0.0,0
1007,96,133,1.385,5,5665,1.0,104,39,2038,0.0577,0
885,96,314,3.271,22,4972,2.51,236,84,4750,0.0127,0
324,28,62,2.214,11,947,1.0,81,29,2720,0.0,0
435,55,154,2.8,27,2710,1.945,96,9,1306,0.0,0
94,9,9,1.0,1,548,1.0,17,13,1800,0.0,0
14,2,2,1.0,1,351,1.0,5,2,428,0.0,0
267,29,74,2.552,17,1631,2.0,93,26,3281,0.0,0
219,33,35,1.061,3,738,1.0,2,1,6,0.0,0
222,32,87,2.719,16,1333,1.844,39,17,2745,0.0,0
59,11,19,1.727,5,328,1.909,16,2,293,0.0,0
2083,230,554,2.409,21,8792,2.1,490,128,5910,0.0102,0
6,0,0,0.0,0,34,0.0,5,3,2134,0.0,0
118,11,40,3.636,12,1059,2.182,52,16,2404,0.0,0
1902,135,210,1.556,10,10783,1.267,153,40,2042,0.0,0
1243,120,132,1.1,9,4088,0.958,71,29,3099,0.0141,0
17,0,0,0.0,0,44,0.0,1,1,202,0.0,0
18,0,0,0.0,0,83,0.0,10,6,4703,0.0,0
605,57,147,2.579,10,3841,3.579,200,74,5181,0.08,0
11,1,2,2.0,2,53,1.0,2,2,1441,0.0,0
86,17,20,1.176,2,522,1.176,2,2,88,0.0,1
48,15,15,1.0,1,304,1.667,13,12,4189,0.0,0
19,0,0,0.0,0,86,0.0,2,2,153,0.0,0
22,2,5,2.5,3,83,2.0,2,2,3052,0.0,0
14,2,2,1.0,1,91,1.0,4,2,99,0.0,0
145,15,18,1.2,3,842,0.867,8,6,549,0.0,0
7,0,0,0.0,0,33,0.0,1,1,88,0.0,0
139,18,18,1.0,1,975,1.0,14,6,443,0.0,0
326,1,1,1.0,1,1603,1.0,1,1,4,0.0,0
271,8,12,1.5,3,1427,1.0,8,4,175,0.0,0
121,10,10,1.0,1,431,2.0,7,3,360,0.0,0
141,28,28,1.0,1,910,1.0,13,8,816,0.0769,1
16,3,3,1.0,1,103,1.0,6,5,1421,0.0,0
11,2,2,1.0,1,64,2.0,2,1,159,0.0,0
119,11,11,1.0,1,365,1.0,2,2,1984,0.0,0
217,3,100,33.333,98,1937,2.333,14,5,913,0.0,0
45,1,1,1.0,1,309,1.0,3,1,35,0.0,0
66,6,6,1.0,1,296,1.0,3,2,92,0.0,1
673,50,212,4.24,18,3944,1.56,212,69,6519,0.0,0
5,0,0,0.0,0,18,0.0,0,0,0,0.0,0
28,2,5,2.5,3,230,1.5,2,1,230,0.0,0
269,32,87,2.719,7,1273,2.125,17,5,525,0.0,0
92,13,20,1.538,3,504,1.538,1,1,24,0.0,0
32,3,3,1.0,1,1960,1.0,2,2,1185,0.0,0
1203,64,425,6.641,65,7182,2.281,333,62,3921,0.0,0
39,0,0,0.0,0,336,0.0,10,5,1411,0.0,0
1316,72,401,5.569,84,6120,3.625,132,53,2664,0.0,0
118,18,23,1.278,3,577,2.167,10,8,4027,0.0,0
270,56,108,1.929,8,1648,1.893,50,6,1635,0.0,0
1057,102,387,3.794,30,8021,2.255,284,37,2741,0.0,0
293,33,40,1.212,4,1402,1.273,23,14,881,0.0,0
283,8,56,7.0,15,1377,1.75,154,29,3239,0.0195,0
708,66,79,1.197,3,3014,1.061,52,15,2808,0.0192,0
33,6,7,1.167,2,223,1.0,4,3,183,0.0,0
199,29,81,2.793,15,1590,1.862,66,3,197,0.0,0
163,9,44,4.889,16,891,2.667,26,22,4119,0.0,0
288,24,34,1.417,3,1663,1.0,5,4,134,0.0,0
104,17,31,1.824,5,608,2.176,27,11,2125,0.0,0
47,0,0,0.0,0,296,0.0,6,2,97,0.1667,0
1756,211,501,2.374,13,8231,2.114,435,104,4710,0.0115,0
1632,231,256,1.108,9,9275,1.19,103,36,1422,0.0,0
155,13,45,3.462,20,1314,1.538,52,25,2412,0.6538,1
55,3,8,2.667,4,259,3.667,21,10,3048,0.0,0
754,66,66,1.0,1,6740,1.03,59,11,1633,0.0169,0
600,125,211,1.688,9,5612,1.88,197,27,2786,0.0,0
64,4,4,1.0,1,227,1.0,3,3,415,0.0,0
140,8,24,3.0,6,738,1.125,14,7,538,0.0,0
35,1,7,7.0,7,225,4.0,11,8,1864,0.0,0
47,1,1,1.0,1,264,1.0,1,1,149,0.0,0
73,3,3,1.0,1,444,1.333,16,8,2802,0.0,0
96,7,20,2.857,4,468,1.429,1,1,63,0.0,0
750,96,240,2.5,10,3951,2.833,213,76,3994,0.0047,0
236,9,57,6.333,25,1300,2.444,19,8,409,0.0,1
322,41,43,1.049,2,1615,1.0,12,9,1122,0.0,0
2568,146,198,1.356,7,10607,1.055,188,80,3836,0.0,0
288,23,51,2.217,4,1604,1.217,10,5,650,0.0,0
310,37,87,2.351,9,2119,1.946,98,10,2127,0.0,1
183,10,30,3.0,9,840,1.5,154,25,3181,0.0065,0
49,7,8,1.143,2,4140,1.0,43,8,460,0.0,0
78,9,9,1.0,1,511,1.0,11,8,1380,0.0,0
70,4,4,1.0,1,280,1.0,3,3,195,0.0,0
8,0,0,0.0,0,42,0.0,1,1,153,0.0,0
97,18,35,1.944,6,1283,2.278,16,5,1091,0.0,0
26,2,2,1.0,1,102,1.0,0,0,0,0.0,0
196,39,64,1.641,10,1380,1.385,14,9,2229,0.0,0
790,37,44,1.189,4,4238,1.0,51,30,2174,0.0,0
32,5,9,1.8,3,148,2.6,5,3,165,0.0,0
590,7,32,4.571,10,2523,2.0,18,3,22,0.0556,0
940,70,373,5.329,83,5790,3.557,106,44,2076,0.0,0
46,9,18,2.0,4,295,1.111,7,4,536,0.0,0
17,3,3,1.0,1,1028,1.0,9,1,14,0.0,0
237,30,61,2.033,6,949,2.6,52,27,1974,0.0385,0
320,30,109,3.633,15,2133,1.967,144,61,3857,0.0,0
21,1,5,5.0,5,140,2.0,0,0,0,0.0,1
599,125,211,1.688,9,5592,1.88,192,25,2724,0.0,0
533,67,79,1.179,3,3166,0.985,13,8,358,0.2308,0
1383,67,478,7.134,68,7764,2.254,411,95,5082,0.0,0
266,25,72,2.88,17,1733,2.08,76,24,2645,0.0,0
696,63,255,4.048,21,4731,2.873,61,9,314,0.0,0
265,30,77,2.567,11,2089,2.833,39,17,2326,0.0,0
10,2,2,1.0,1,43,1.5,2,2,470,0.0,0
35,2,5,2.5,4,142,1.5,5,3,1399,0.0,0
1381,87,136,1.563,7,10501,1.287,43,20,881,0.0,0
948,118,125,1.059,3,4848,1.085,55,30,1327,0.1636,1
840,89,103,1.157,4,4397,1.303,67,31,3044,0.6418,1
391,41,132,3.22,17,2125,1.951,93,14,2589,0.0108,0
80,5,23,4.6,15,535,1.6,14,5,853,0.0714,0
507,48,78,1.625,4,3238,1.271,19,14,238,0.0,0
344,34,34,1.0,1,2721,1.0,17,8,666,0.0,0
16,1,1,1.0,1,119,1.0,2,2,574,0.0,0
62,7,10,1.429,2,289,1.0,4,2,1965,0.0,0
194,11,35,3.182,8,1102,2.0,81,14,2453,0.0123,1
1355,104,493,4.74,26,11186,2.471,402,88,3980,0.005,0
83,3,12,4.0,8,747,1.333,3,1,11,0.0,0
52,3,19,6.333,17,391,2.333,13,3,342,0.1538,0
6,0,0,0.0,0,17,0.0,1,1,1378,0.0,0
359,43,103,2.395,6,1712,2.628,17,9,357,0.0,0
14,1,1,1.0,1,46,1.0,4,3,251,0.0,0
6,1,1,1.0,1,23,1.0,1,1,144,0.0,0
468,43,44,1.023,2,3462,1.0,2,1,6,0.0,0
137,19,51,2.684,21,1188,1.632,67,18,4656,0.0,0
38,6,6,1.0,1,201,1.5,4,4,256,0.0,0
107,13,31,2.385,7,458,2.923,38,20,4331,0.0,0
497,23,26,1.13,3,3271,1.0,22,16,1067,0.0455,0
497,58,136,2.345,8,3065,1.586,33,5,581,0.0,0
123,8,9,1.125,2,577,1.0,1,1,41,0.0,0
17,0,0,0.0,0,58,0.0,3,1,63,0.0,0
3552,341,382,1.12,10,23541,1.076,99,49,540,0.0505,1
10,1,3,3.0,3,71,0.0,1,1,1004,0.0,0
204,7,47,6.714,22,1122,2.571,2,2,6,0.0,0
628,91,105,1.154,3,2915,1.418,54,19,2740,0.0,0
175,15,53,3.533,27,1359,1.6,54,17,2753,0.0,0
24,0,0,0.0,0,115,0.0,5,4,485,0.0,0
5,15,24,1.6,5,365,0.4,3,1,76,0.0,0
275,25,51,2.04,7,1184,1.84,138,57,7134,0.2246,1
85,1,3,3.0,3,1561,0.0,59,20,2486,0.0,0
373,30,146,4.867,37,2751,2.5,80,7,830,0.0,0
42,5,14,2.8,6,441,2.4,17,5,1349,0.0588,1
2107,128,146,1.141,3,7556,1.109,118,40,4340,0.0085,0
145,7,42,6.0,23,711,4.0,46,15,3705,0.0,0
220,23,70,3.043,18,1486,1.652,147,50,5838,0.034,0
675,55,181,3.291,15,5047,2.2,17,9,259,0.0,0
20,2,2,1.0,1,87,1.0,4,4,1421,0.0,0
221,21,83,3.952,12,1920,1.81,76,35,3718,0.1447,0
20,0,0,0.0,0,203,0.0,12,7,3404,0.0,0
222,41,47,1.146,3,1436,1.293,24,5,259,0.0,0
471,64,160,2.5,10,2631,1.797,100,51,3440,0.07,0
1763,215,498,2.316,13,8403,2.112,400,88,4103,0.0125,0
1130,118,419,3.551,31,8381,2.22,319,50,3089,0.0,0
121,21,45,2.143,5,655,1.524,15,10,557,0.0,0
285,36,79,2.194,8,1510,2.611,72,26,2366,0.0139,0
390,31,46,1.484,3,2192,1.0,16,8,632,0.0,0
1398,142,167,1.176,5,8013,1.134,37,18,270,0.0,0
757,31,267,8.613,25,5302,2.355,75,22,1362,0.0267,0
401,32,48,1.5,3,2234,1.0,19,11,730,0.0,0
5102,441,507,1.15,11,32434,1.082,345,157,3184,0.0551,0
294,23,84,3.652,13,1998,2.304,96,22,2026,0.0833,1
100,13,36,2.769,6,731,2.615,39,20,3048,0.0,0
566,45,66,1.467,5,3758,1.133,43,27,1066,0.0,1
257,22,68,3.091,8,1348,2.227,91,40,6793,0.0,0
25,4,6,1.5,2,170,2.0,8,2,500,0.25,1
173,20,26,1.3,3,812,1.05,1,1,7,0.0,0
184,13,51,3.923,15,1108,3.154,7,4,159,0.0,0
121,9,32,3.556,19,1046,1.778,50,24,2396,0.66,1
206,26,30,1.154,2,1038,1.154,42,20,3668,0.0,1
284,33,53,1.606,5,1442,1.091,31,14,1433,0.0,0
431,66,185,2.803,12,3200,2.561,43,6,592,0.0,0
104,17,31,1.824,5,608,2.176,20,8,970,0.0,0
680,38,41,1.079,3,3577,1.0,53,30,3268,0.0189,0
123,14,37,2.643,6,1121,1.929,95,32,5997,0.0105,1
22,3,3,1.0,1,92,1.0,3,3,2191,0.3333,1
160,17,63,3.706,8,1004,2.647,25,10,1207,0.0,0
56,7,20,2.857,7,301,1.857,7,3,580,0.0,0
60,1,5,5.0,5,254,2.0,1,1,3,0.0,0
12,2,2,1.0,1,72,1.0,0,0,0,0.0,0
27,0,0,0.0,0,198,0.0,3,3,887,0.0,0
582,111,251,2.261,21,3661,2.721,25,5,227,0.0,0
138,26,29,1.115,2,768,1.269,4,4,158,0.0,0
201,38,40,1.053,2,1024,1.105,2,2,115,0.0,0
158,11,52,4.727,12,1071,3.182,69,19,2315,0.0,0
35,4,7,1.75,2,261,2.25,28,8,2873,0.1429,1
508,61,158,2.59,14,3322,1.623,112,19,2741,0.0,0
57,9,12,1.333,3,286,1.0,5,4,389,0.0,0
779,60,315,5.25,80,5155,3.467,82,35,1457,0.0,0
594,87,93,1.069,3,3415,0.989,48,25,1845,0.0833,0
981,21,94,4.476,18,4480,2.048,106,15,2363,0.0094,0
171,28,66,2.357,10,1342,1.786,40,1,59,0.0,0
16,3,3,1.0,1,92,1.667,3,2,305,0.0,0
45,5,12,2.4,7,334,1.8,0,0,0,0.0,0
353,38,46,1.211,4,1565,1.368,54,30,4163,0.0,0
96,10,11,1.1,2,479,1.0,3,3,62,0.3333,1
233,12,54,4.5,14,1187,4.25,33,21,1883,0.0,0
36,3,9,3.0,7,259,3.0,5,2,164,0.0,0
1104,110,406,3.691,30,8320,2.264,287,38,2746,0.0,0
33,2,3,1.5,2,153,1.0,5,4,65,0.0,0
274,19,67,3.526,8,1119,3.789,16,7,461,0.0,0
103,16,33,2.062,11,1209,3.25,10,4,592,0.1,1
736,80,212,2.65,13,5482,2.35,243,64,5123,0.0329,0
10,0,0,0.0,0,38,0.0,2,2,3268,0.0,0
118,17,39,2.294,7,716,1.882,2,2,8,0.0,0
25,2,2,1.0,1,127,1.0,3,3,911,0.0,0
70,7,7,1.0,1,313,1.0,1,1,9,0.0,0
13,2,2,1.0,1,45,1.0,9,7,4494,0.0,0
10,1,1,1.0,1,2002,1.0,24,5,952,0.0,0
640,51,171,3.353,17,4890,2.216,8,3,125,0.0,0
203,28,80,2.857,19,1244,2.607,73,33,5544,0.0,0
59,2,8,4.0,5,417,2.0,6,3,567,0.0,0
3,1,1,1.0,1,12,3.0,0,0,0,0.0,0
13,1,2,2.0,2,54,3.0,5,4,1274,0.0,0
392,78,147,1.885,16,3282,2.667,90,46,3346,0.0333,0
3,0,0,0.0,0,24,0.0,5,3,768,0.0,0
505,40,130,3.25,12,2260,2.375,201,75,6564,0.0348,1
131,7,10,1.429,2,352,1.0,77,32,2952,0.013,0
25,1,1,1.0,1,245,1.0,7,5,3268,0.0,0
88,25,29,1.16,3,530,3.44,5,1,53,0.0,0
76,11,11,1.0,1,410,1.0,0,0,0,0.0,0
137,18,43,2.389,9,702,1.278,27,3,463,0.037,0
249,0,0,0.0,0,2443,0.0,197,13,2249,0.0406,1
79,14,15,1.071,2,311,1.357,27,8,2239,0.0,0
317,11,66,6.0,34,1437,2.455,72,36,3911,0.0139,1
16,0,0,0.0,0,86,0.0,9,4,2569,0.0,0
19,2,2,1.0,1,433,2.0,2,2,62,0.0,0
40,5,5,1.0,1,212,1.0,2,2,963,0.0,0
74,5,14,2.8,4,290,2.8,17,12,3057,0.0,0
384,40,82,2.05,10,2140,3.025,85,27,2354,0.0235,0
25,0,0,0.0,0,142,0.0,4,3,487,0.0,0
46,3,3,1.0,1,221,1.0,0,0,0,0.0,0
12,19,44,2.316,7,886,1.0,27,15,3241,0.037,0
611,48,197,4.104,16,4081,3.125,17,6,114,0.0,0
74,2,20,10.0,15,366,3.0,25,11,2271,0.0,0
1118,100,367,3.67,30,11784,3.01,19,10,2221,0.0,0
293,31,89,2.871,22,1740,2.226,75,26,4204,0.0133,0
499,56,91,1.625,5,3015,1.018,124,46,2174,0.0,0
1189,43,47,1.093,4,7558,1.0,33,14,1096,0.0,0
891,74,94,1.27,7,5708,1.149,97,47,1429,0.0206,0
412,31,54,1.742,5,1722,1.097,5,3,185,0.0,0
14,0,0,0.0,0,45,0.0,1,1,664,0.0,0
13,1,1,1.0,1,42,1.0,1,1,288,0.0,0
5,0,0,0.0,0,40,0.0,3,3,1210,0.0,0
1421,141,149,1.057,3,5940,1.085,96,50,3717,0.1562,0
4362,245,436,1.78,13,19514,1.184,257,76,3888,0.0,0
156,9,28,3.111,8,969,3.333,8,2,251,0.0,1
117,13,47,3.615,7,1173,2.154,28,6,1900,0.0,0
106,16,17,1.062,2,514,1.0,16,14,4329,0.0,0
61,11,11,1.0,1,296,1.273,8,7,581,0.0,1
298,25,92,3.68,19,1657,2.24,3,3,67,0.0,0
52,6,8,1.333,2,185,2.667,17,12,3981,0.0,0
1336,92,110,1.196,6,7786,1.054,92,55,3158,0.0217,0
315,25,74,2.96,11,1390,0.76,1,1,108,0.0,0
62,3,3,1.0,1,281,1.0,6,2,112,0.0,0
1225,148,163,1.101,5,10094,1.007,52,25,824,0.0192,0
364,74,130,1.757,6,3126,2.527,81,42,2729,0.0247,1
215,14,22,1.571,3,1408,1.0,46,23,2943,0.0435,1
50,4,14,3.5,9,442,2.0,11,7,2685,0.1818,0
138,2,4,2.0,3,412,1.0,75,29,2820,0.0133,0
480,45,74,1.644,4,3054,1.289,15,11,204,0.0,0
14,2,2,1.0,1,80,1.0,14,5,1631,0.0,0
305,13,83,6.385,23,1513,1.462,78,13,2447,0.0,0
248,17,66,3.882,9,1336,2.294,126,28,3495,0.0238,0
501,52,70,1.346,4,1920,1.019,76,31,4650,0.0,0
556,16,31,1.938,13,6343,1.562,60,6,728,0.0,0
106,8,18,2.25,7,746,1.0,19,7,1421,0.0,0
813,89,294,3.303,23,4714,2.517,219,75,3463,0.0137,0
102,15,16,1.067,2,715,1.0,4,3,150,0.0,0
933,116,129,1.112,7,4802,1.112,46,25,941,0.1522,0
29,4,10,2.5,4,160,0.5,5,3,865,0.0,0
88,7,34,4.857,8,788,2.857,72,23,3694,0.1111,0
358,53,105,1.981,16,3196,2.283,29,14,885,0.0,0
60,0,0,0.0,0,366,0.0,11,6,2509,0.0,0
1048,75,107,1.427,5,3445,2.427,123,75,4537,0.0407,0
243,47,84,1.787,8,1134,1.957,10,4,285,0.1,0
3621,202,382,1.891,13,16795,1.188,218,62,3281,0.0,0
252,25,25,1.0,1,1080,1.28,23,13,3239,0.0,0
51,16,16,1.0,1,152,0.625,0,0,0,0.0,0
266,12,70,5.833,16,1425,2.417,76,32,3025,0.0,0
1300,103,123,1.194,4,7293,1.039,153,70,2750,0.0,0
80,6,24,4.0,7,527,2.167,11,4,1375,0.0,0
302,16,80,5.0,12,1463,2.188,127,47,5023,0.0,0
827,65,73,1.123,2,3447,1.692,99,58,4732,0.0101,0
144,10,10,1.0,1,577,1.0,10,9,1151,0.0,0
143,12,42,3.5,12,798,1.5,35,16,3086,0.0857,0
1158,62,415,6.694,60,7208,2.419,302,53,3629,0.0,0
173,15,53,3.533,20,1378,1.667,58,28,2885,0.6207,1
301,29,53,1.828,5,1540,1.138,4,2,101,0.0,0
139,21,23,1.095,2,608,1.19,28,9,1889,0.0,0
27,2,3,1.5,2,112,2.0,6,4,971,0.0,0
349,27,95,3.519,22,1508,2.926,23,18,3847,0.0435,0
1391,101,373,3.693,30,8156,3.01,374,108,3490,0.0481,0
116,14,23,1.643,4,459,2.214,4,4,939,0.0,0
14,2,2,1.0,1,55,1.0,1,1,84,1.0,1
268,39,43,1.103,2,1226,1.026,34,18,2403,0.0,0
289,35,37,1.057,2,2120,1.0,34,6,1455,0.3235,1
388,6,8,1.333,2,1640,1.667,75,46,4102,0.0,0
405,20,28,1.4,3,2196,1.0,58,27,4679,0.0862,1
4,1,1,1.0,1,11,1.0,1,1,1494,0.0,0
1262,55,71,1.291,9,2800,1.255,48,22,3985,0.0,0
222,26,73,2.808,16,1107,1.615,2,1,0,0.0,0
19,2,2,1.0,1,98,3.0,1,1,72,0.0,0
243,46,73,1.587,5,1048,2.565,28,21,2962,0.0,0
775,90,134,1.489,5,4850,1.111,92,34,952,0.0,0
324,14,81,5.786,25,1445,1.929,95,45,4701,0.0,1
1374,92,360,3.913,32,7918,3.011,318,84,2820,0.0503,0
54,7,8,1.143,2,249,1.0,2,2,148,0.0,0
27,0,0,0.0,0,198,0.0,3,3,249,0.0,0
343,37,127,3.432,33,3464,3.162,10,2,355,0.0,0
48,4,12,3.0,5,352,1.75,3,1,223,1.0,1
164,26,58,2.231,6,1139,3.077,15,1,59,0.0,0
12,2,2,1.0,1,64,1.0,10,5,1727,0.0,0
11,1,1,1.0,1,49,1.0,3,3,1734,0.3333,1
87,6,19,3.167,4,562,2.0,14,11,1788,0.0,0
319,16,85,5.312,17,1398,1.188,17,8,1089,0.0,0
64,5,5,1.0,1,502,1.0,1,1,122,0.0,0
415,17,121,7.118,31,2180,3.529,103,43,3641,0.0,0
335,24,75,3.125,9,2449,1.0,4,1,2,0.0,0
155,5,8,1.6,3,449,1.0,102,39,3984,0.0,0
173,15,41,2.733,13,1173,2.2,0,0,0,0.0,0
378,77,127,1.649,12,2820,1.532,44,11,2413,0.0,0
54,3,17,5.667,13,376,1.667,13,6,1696,0.0,1
329,45,49,1.089,2,1932,1.044,64,22,2967,0.0,0
39,1,7,7.0,7,191,3.0,3,3,1377,0.0,0
1195,56,97,1.732,19,12384,1.161,23,12,196,0.0,1
671,91,102,1.121,3,4081,1.0,71,44,2646,0.1268,1
305,21,25,1.19,4,4033,1.429,22,15,672,0.0,0
64,11,11,1.0,1,384,1.0,16,4,305,0.0,0
140,25,57,2.28,6,890,3.0,3,2,36,0.0,0
84,15,26,1.733,8,368,1.867,8,2,427,0.0,0
854,88,103,1.17,5,2948,1.409,106,40,4372,0.0,0
230,24,79,3.292,17,1610,2.0,119,48,5434,0.0168,0
73,10,13,1.3,2,365,1.0,14,11,2514,0.1429,1
280,38,109,2.868,11,2016,1.658,94,39,3205,0.0106,0
381,47,98,2.085,8,2504,2.064,157,20,2884,0.0064,0
65,8,9,1.125,2,493,1.0,2,1,238,0.0,0
126,23,38,1.652,5,849,3.043,1,1,252,0.0,0
128,16,18,1.125,2,579,1.5,0,0,0,0.0,0
1817,113,612,5.416,42,12385,2.469,566,129,6014,0.0088,0
7014,471,548,1.163,11,34437,1.079,394,180,3878,0.0533,0
97,13,28,2.154,4,702,2.308,17,10,1497,0.0588,1
14,0,0,0.0,0,77,0.0,14,5,5651,0.0,0
1032,102,361,3.539,23,7386,2.196,386,82,3832,0.0,0
128,15,40,2.667,8,1149,1.333,29,11,2085,0.1034,0
217,64,88,1.375,5,2587,2.359,31,18,735,0.0323,0
299,30,33,1.1,2,1773,1.0,7,6,180,0.0,0
20,0,0,0.0,0,51,0.0,1,1,594,1.0,0
65,1,3,3.0,3,1310,0.0,39,12,1898,0.0,0
242,34,62,1.824,6,1410,2.265,6,4,167,0.0,0
285,33,53,1.606,5,1361,1.091,15,12,2307,0.0,0
3,0,0,0.0,0,12,0.0,0,0,0,0.0,0
559,77,174,2.26,14,3023,1.61,160,52,4415,0.0312,0
17,2,4,2.0,3,127,2.0,0,0,0,0.0,0
308,31,110,3.548,31,2597,2.516,106,28,2934,0.0,0
521,49,202,4.122,20,3899,1.755,134,33,3340,0.0,0
327,40,49,1.225,3,2104,1.125,33,13,1190,0.0,0
67,8,19,2.375,6,517,3.25,18,7,1122,0.0,0
48,2,2,1.0,1,252,1.0,2,2,288,0.0,0
184,17,17,1.0,1,954,1.0,6,5,709,0.0,0
208,3,50,16.667,47,1049,2.333,36,11,1535,0.0,0
3,0,0,0.0,0,54,0.0,0,0,0,0.0,0
117,17,41,2.412,12,761,1.882,100,28,4214,0.01,0
51,6,6,1.0,1,355,1.0,5,2,536,0.0,0
40,4,5,1.25,2,307,1.0,1,1,3,0.0,0
347,31,123,3.968,28,2128,2.097,73,19,636,0.0,0
560,69,73,1.058,3,4151,1.029,23,18,1605,0.0,0
298,32,42,1.312,3,1251,1.469,20,10,293,0.0,0
791,47,110,2.34,7,3885,1.0,89,23,3806,0.0,0
2136,232,566,2.44,21,8921,2.103,498,130,6084,0.01,0
144,9,37,4.111,24,894,3.0,6,2,12,0.0,0
72,6,25,4.167,8,742,2.333,13,1,12,0.0,0
32,2,20,10.0,13,154,1.0,26,5,1009,0.0,0
176,16,44,2.75,8,790,1.562,41,5,801,0.0,0
123,9,29,3.222,8,584,2.667,19,4,808,0.2632,0
81,7,24,3.429,9,725,3.714,3,3,403,0.0,0
4610,398,458,1.151,11,29888,1.083,305,139,2633,0.059,0
478,70,72,1.029,2,1734,0.986,24,16,3422,0.25,0
538,74,78,1.054,3,2410,1.0,13,8,244,0.0,0
7,0,0,0.0,0,42,0.0,0,0,0,0.0,0
1205,64,429,6.703,69,7186,2.281,340,64,4043,0.0,0
36,2,8,4.0,7,221,1.5,2,1,132,0.0,0
47,3,15,5.0,11,254,2.0,25,16,3429,0.16,1
44,4,4,1.0,1,237,1.0,2,2,457,0.0,0
389,56,103,1.839,10,2406,2.321,55,22,1610,0.0545,0
117,4,29,7.25,25,515,0.75,29,2,114,0.0,0
11,2,2,1.0,1,54,1.0,2,1,22,0.0,0
1,15,26,1.733,5,352,0.467,0,0,0,0.0,0
146,7,9,1.286,3,693,1.286,5,4,249,0.0,0
79,7,18,2.571,6,313,2.571,30,22,3595,0.0,0
979,146,332,2.274,19,5216,2.397,215,24,2518,0.0093,0
4592,385,431,1.119,10,29670,1.075,191,91,1071,0.0628,0
234,31,98,3.161,9,1323,2.355,16,4,579,0.0,0
54,6,10,1.667,3,380,2.833,1,1,236,0.0,0
46,4,4,1.0,1,238,1.0,16,6,1489,0.0,0
624,35,190,5.429,31,2345,2.657,51,20,2682,0.0,0
632,17,82,4.824,13,2702,3.176,303,64,6135,0.0165,0
106,3,10,3.333,6,455,2.333,36,12,3802,0.0,0
896,114,127,1.114,7,4684,1.114,41,20,734,0.1707,0
167,12,14,1.167,2,424,1.25,14,11,1835,0.0,0
52,2,9,4.5,8,216,2.5,6,4,832,0.0,0
30,0,0,0.0,0,236,0.0,0,0,0,0.0,0
116,15,31,2.067,5,857,2.867,30,6,706,0.0,0
1619,110,357,3.245,32,6846,2.236,462,118,6908,0.0022,0
335,58,148,2.552,12,2329,2.517,4,1,22,0.0,0
1805,211,509,2.412,15,8672,2.156,312,53,3205,0.0128,0
504,70,174,2.486,10,2745,1.8,105,55,3675,0.0667,0
104,9,26,2.889,7,677,2.667,10,6,1097,0.0,0
380,59,59,1.0,1,1711,1.0,15,6,373,0.0667,0
47,10,10,1.0,1,277,1.0,8,6,2473,0.0,0
605,125,215,1.72,10,5612,1.88,191,25,2723,0.0,0
55,0,0,0.0,0,226,0.0,8,5,1915,0.0,0
2919,177,200,1.13,3,12968,1.079,177,70,4530,0.0056,0
100,6,10,1.667,5,678,1.0,15,7,894,0.0,0
51,3,15,5.0,13,284,2.333,31,13,3668,0.0323,0
16,3,3,1.0,1,79,1.0,8,4,1595,0.0,0
521,79,199,2.519,27,3024,3.203,4,1,8,0.0,0
595,32,142,4.438,26,3432,3.344,32,6,41,0.0,0
109,1,2,2.0,2,373,4.0,3,2,73,0.0,1
7179,479,557,1.163,11,35252,1.077,420,195,4341,0.05,0
1425,51,55,1.078,2,8278,1.118,40,27,1421,0.0,0
83,16,29,1.812,7,377,2.5,18,11,2561,0.0,1
1137,145,159,1.097,3,5321,0.931,93,44,2693,0.0,0
367,42,49,1.167,3,1744,1.214,28,10,1231,0.2143,0
525,40,41,1.025,2,2802,1.0,42,23,4530,0.0,0
63,5,20,4.0,10,417,2.6,5,4,596,0.0,0
232,44,79,1.795,8,1074,1.977,3,2,49,0.0,1
1200,65,426,6.554,66,7184,2.262,349,67,4119,0.0,0
632,17,82,4.824,13,2722,3.176,305,65,6213,0.0164,0
820,93,105,1.129,3,3607,1.0,38,21,2012,0.0,0
734,89,257,2.888,14,3891,1.91,6,4,143,0.0,0
19,1,2,2.0,2,134,2.0,13,8,3094,0.0,0
273,1,1,1.0,1,2688,1.0,311,53,5017,0.0547,0
172,11,18,1.636,3,447,1.0,101,42,3877,0.0099,0
1046,24,118,4.917,19,4798,2.167,153,34,3150,0.0131,0
323,14,81,5.786,25,1436,1.929,93,43,4583,0.0,0
282,35,63,1.8,5,1535,2.914,26,7,945,0.0,0
291,42,77,1.833,7,1873,2.167,51,21,1530,0.0392,1
1944,162,604,3.728,27,10578,2.228,612,176,7077,0.0,0
332,19,76,4.0,12,1251,4.053,61,32,3280,0.0,0
95,10,27,2.7,10,779,3.3,5,1,255,0.2,1
173,20,54,2.7,10,1090,3.05,34,19,1334,0.0,0
150,19,31,1.632,4,830,1.158,21,12,4765,0.0,0
468,32,65,2.031,10,3160,1.0,53,15,2094,0.0189,0
84,6,6,1.0,1,795,1.0,6,5,584,0.0,0
45,5,5,1.0,1,266,1.0,4,4,1313,0.0,0
486,38,41,1.079,2,3479,1.079,14,5,97,0.0714,0
14,0,0,0.0,0,69,0.0,10,6,1650,0.0,0
12,19,44,2.316,7,886,1.0,26,15,3225,0.0385,0
462,99,166,1.677,9,4003,1.899,103,16,2230,0.0,0
111,6,39,6.5,13,843,1.833,25,6,2497,0.0,0
62,28,28,1.0,1,363,2.929,3,1,343,0.0,0
287,36,106,2.944,14,1555,2.667,70,25,1940,0.0,0
164,6,6,1.0,1,688,1.0,3,3,288,0.0,0
143,26,27,1.038,2,830,1.038,30,18,1423,0.0,0
151,0,0,0.0,0,1553,0.0,113,7,986,0.0265,0
170,18,53,2.944,7,1014,2.167,50,17,2767,0.0,0
211,25,56,2.24,6,1465,2.88,69,23,2815,0.0,0
610,41,107,2.61,9,4591,1.0,17,8,638,0.0,0
84,4,4,1.0,1,1806,1.0,12,2,32,0.0,0
6,0,0,0.0,0,21,0.0,2,2,1000,0.0,0
25,0,0,0.0,0,74,0.0,12,9,903,0.0,0
10,1,1,1.0,1,524,1.0,10,5,819,0.0,0
27,2,7,3.5,6,117,2.5,5,4,1247,0.0,0
164,17,46,2.706,11,816,1.294,16,4,335,0.0,0
673,66,250,3.788,21,4479,2.848,72,9,551,0.0,0
204,12,28,2.333,7,984,1.25,100,21,4145,0.0,0
76,7,12,1.714,6,496,0.714,3,3,337,0.3333,0
276,40,95,2.375,14,2253,2.225,83,33,3085,0.0,0
72,4,7,1.75,2,397,1.0,25,10,1956,0.0,1
153,11,52,4.727,12,1065,3.182,65,19,2253,0.0,0
6,1,1,1.0,1,43,1.0,0,0,0,0.0,0
79,6,8,1.333,2,476,1.333,9,5,2375,0.0,0
1741,205,500,2.439,19,8401,2.151,297,50,3157,0.0101,0
333,33,115,3.485,26,2253,1.364,21,5,784,0.0476,0
685,45,279,6.2,61,4983,2.778,225,28,2791,0.0,0
63,1,1,1.0,1,323,3.0,13,8,631,0.0769,0
128,17,17,1.0,1,662,1.176,2,2,26,0.0,1
737,104,235,2.26,11,4109,2.798,151,53,3048,0.0066,0
22,0,0,0.0,0,213,0.0,11,6,1698,0.0909,1
269,36,37,1.028,2,1978,1.056,1,1,35,0.0,0
126,6,9,1.5,4,597,1.5,4,2,301,0.0,0
34,5,5,1.0,1,145,1.0,2,2,52,0.0,0
255,27,54,2.0,5,971,2.148,26,14,2490,0.0,0
61,4,9,2.25,3,397,1.75,5,3,422,0.0,0
107,8,10,1.25,2,553,1.0,15,10,1029,0.0667,0
73,6,29,4.833,8,373,1.333,1,1,8,0.0,0
673,79,95,1.203,3,2639,1.278,60,27,3194,0.0,0
437,47,140,2.979,12,2686,1.447,110,38,5912,0.0,0
14,1,2,2.0,2,74,1.0,2,1,22,0.0,0
457,40,119,2.975,15,2613,1.925,327,64,6809,0.0031,0
20,0,0,0.0,0,41,0.0,3,3,2369,0.0,0
132,24,48,2.0,5,1254,3.083,51,32,5410,0.0196,0
1228,128,148,1.156,5,7743,1.188,70,12,1947,0.0143,0
1500,185,438,2.368,19,7331,2.195,271,38,2911,0.0074,1
409,40,122,3.05,14,2657,1.8,242,35,3316,0.0041,0
1367,141,156,1.106,6,4930,1.0,102,48,3896,0.0098,0
45,1,1,1.0,1,310,1.0,0,0,0,0.0,0
23,6,6,1.0,1,121,1.667,17,10,3044,0.0,0
57,1,8,8.0,8,249,2.0,5,4,753,0.0,0
37,4,7,1.75,3,251,1.0,12,8,2851,0.0,1
558,26,27,1.038,2,2140,1.0,8,4,195,0.0,0
2202,220,263,1.195,5,13918,1.018,22,8,167,0.0,0
1039,103,361,3.505,23,7410,2.194,392,84,3907,0.0,0
512,66,151,2.288,14,2713,2.152,119,61,4762,0.0504,1
78,1,3,3.0,3,1539,0.0,49,17,2170,0.0,0
599,87,92,1.057,3,3640,1.069,62,33,1322,0.0484,0
43,3,5,1.667,2,140,2.333,8,6,880,0.0,0
147,25,25,1.0,1,821,1.0,19,14,1421,0.0,0
973,117,131,1.12,5,8274,1.017,12,8,191,0.0,0
867,164,338,2.061,20,5114,2.366,102,9,819,0.0,0
2,0,0,0.0,0,22,0.0,0,0,0,0.0,0
135,22,45,2.045,5,951,3.227,67,33,5303,0.0149,0
411,40,127,3.175,14,2774,1.825,255,43,3869,0.0039,0
159,26,31,1.192,2,596,1.115,3,3,760,0.0,0
82,8,27,3.375,5,526,0.875,35,9,2726,0.2,1
1117,110,396,3.6,24,7927,2.291,449,103,4237,0.0,0
3,0,0,0.0,0,12,0.0,0,0,0,0.0,0
231,26,29,1.115,2,1077,0.923,12,10,202,0.1667,0
65,4,16,4.0,8,680,3.25,2,1,210,0.0,0
2912,261,296,1.134,10,19398,1.057,14,11,88,0.0,1
389,46,162,3.522,12,2137,2.0,18,4,726,0.0,0
595,76,208,2.737,26,3900,2.013,155,17,2430,0.0065,0
23,0,0,0.0,0,193,0.0,0,0,0,0.0,0
122,6,42,7.0,22,389,1.5,52,24,5939,0.0192,0
40,4,11,2.75,6,222,1.25,6,1,71,0.0,0
47,6,8,1.333,2,292,1.167,9,7,1664,0.0,0
137,25,35,1.4,3,812,2.48,6,2,46,0.3333,0
295,27,96,3.556,25,1739,1.259,3,3,8,0.0,0
204,18,20,1.111,2,1230,1.222,26,13,1169,0.0,0
422,42,42,1.0,1,1985,1.048,42,22,2309,0.0,0
130,7,55,7.857,16,961,3.571,33,10,670,0.0303,0
877,49,63,1.286,5,4799,1.041,15,9,242,0.0,0
48,3,14,4.667,6,316,0.667,13,4,697,0.0769,0
68,8,21,2.625,8,565,2.5,2,2,117,0.0,0
57,8,16,2.0,6,385,1.75,1,1,575,0.0,0
31,2,6,3.0,3,137,4.5,6,5,3613,0.0,0
4283,239,440,1.841,13,19230,1.184,245,74,3754,0.0,0
648,64,71,1.109,3,2961,1.219,20,10,560,0.05,0
1382,95,201,2.116,13,7983,1.221,105,31,1175,0.0,0
67,22,28,1.273,4,367,2.5,0,0,0,0.0,0
372,36,44,1.222,3,1717,1.028,31,14,437,0.0,0
58,14,14,1.0,1,244,1.0,2,2,148,0.0,0
115,7,12,1.714,3,704,1.0,13,6,835,0.0,0
127,1,3,3.0,3,1835,0.0,119,35,5129,0.0252,1
2220,161,179,1.112,3,12485,1.068,104,44,1422,0.0096,0
50,8,19,2.375,7,435,2.0,24,11,3355,0.0417,0
1472,111,415,3.739,32,8743,2.991,390,115,3681,0.0462,1
53,0,0,0.0,0,430,0.0,5,4,371,0.0,0
105,9,9,1.0,1,1022,1.0,3,3,234,0.0,0
75,10,10,1.0,1,444,1.3,23,14,2096,0.1739,0
3,0,0,0.0,0,18,0.0,1,1,707,0.0,0
133,0,0,0.0,0,317,0.0,74,35,7109,0.0,0
216,10,74,7.4,18,1744,1.5,161,43,3989,0.0,0
810,66,320,4.848,29,5741,3.303,180,34,1955,0.0,0
44,9,14,1.556,3,349,3.111,0,0,0,0.0,0
89,14,18,1.286,2,561,1.0,9,8,2305,0.0,0
152,28,44,1.571,7,773,1.786,68,25,4083,0.0,0
131,7,7,1.0,1,630,1.0,6,5,463,0.0,0
565,74,80,1.081,3,3358,0.986,36,22,957,0.1111,0
61,10,10,1.0,1,225,1.2,0,0,0,0.0,0
169,7,59,8.429,24,1255,2.143,30,4,296,0.0,0
722,123,307,2.496,29,4253,2.854,34,3,199,0.0,0
211,15,21,1.4,3,1359,1.0,38,18,2301,0.0263,1
7,0,0,0.0,0,26,0.0,1,1,130,0.0,0
764,29,271,9.345,40,5163,2.345,29,12,884,0.0,0
20,0,0,0.0,0,156,0.0,12,7,3667,0.0,0
180,6,60,10.0,29,1013,2.667,40,18,2515,0.0,0
24,6,8,1.333,2,137,1.667,0,0,0,0.0,0
596,64,95,1.484,4,3658,1.203,36,23,624,0.0,0
187,13,15,1.154,3,614,1.0,23,12,3359,0.0,0
1,0,0,0.0,0,8,0.0,0,0,0,0.0,0
113,8,12,1.5,5,826,1.0,4,4,192,0.0,0
413,31,45,1.452,4,2172,1.161,23,17,645,0.0,0
374,40,131,3.275,17,2056,1.95,80,10,2353,0.0,0
143,13,37,2.846,8,878,2.0,48,4,500,0.0,0
207,35,73,2.086,7,1133,1.4,62,11,2349,0.0161,0
697,62,266,4.29,20,4781,3.048,116,16,1464,0.0,0
38,1,9,9.0,9,203,3.0,5,3,123,0.0,0
159,22,48,2.182,5,880,3.5,22,17,2539,0.0,0
228,24,68,2.833,8,1023,2.125,73,19,1885,0.0,0
170,18,27,1.5,3,837,1.111,20,6,1256,0.2,1
1336,52,410,7.885,96,8629,1.385,168,4,662,0.0,0
134,7,10,1.429,2,360,1.0,84,35,3114,0.0119,0
281,12,110,9.167,24,1859,3.583,66,26,4276,0.0152,0
2816,255,288,1.129,10,18698,1.059,196,30,1676,0.051,1
20,2,2,1.0,1,176,1.0,2,2,153,0.0,0
618,25,57,2.28,6,1465,1.08,3,3,171,0.0,0
257,24,56,2.333,5,1308,2.625,104,35,3202,0.0865,0
398,37,94,2.541,10,2482,3.919,114,24,2675,0.0877,0
155,30,63,2.1,12,1051,1.667,15,7,1944,0.0,0
550,101,207,2.05,12,3290,2.644,1,1,62,0.0,0
72,6,32,5.333,17,787,2.5,0,0,0,0.0,0
4315,387,433,1.119,10,28084,1.075,198,92,1126,0.0606,0
407,46,120,2.609,10,2421,2.391,53,7,1525,0.1321,0
267,50,53,1.06,2,1557,1.0,1,1,0,0.0,0
330,17,91,5.353,22,1564,1.588,130,39,4170,0.0154,0
13,2,2,1.0,1,99,2.0,9,4,2874,0.0,0
4505,369,409,1.108,10,29878,1.068,141,65,737,0.0496,0
351,20,57,2.85,12,1611,1.75,135,37,6084,0.0,0
1652,177,210,1.186,6,9359,1.158,120,49,1296,0.025,0
528,59,71,1.203,6,3925,1.0,38,18,540,0.0526,1
17,3,4,1.333,2,62,2.333,9,3,800,0.0,0
29,0,0,0.0,0,115,0.0,0,0,0,0.0,0
85,14,14,1.0,1,457,1.071,10,4,969,0.1,1
1884,112,128,1.143,3,6854,1.116,99,38,3584,0.0101,0
997,94,314,3.34,22,5072,2.553,245,92,5521,0.0163,0
119,21,21,1.0,1,475,1.286,12,4,1944,0.0,0
245,17,84,4.941,19,2079,1.647,64,13,1826,0.0,0
144,26,29,1.115,3,686,1.192,13,5,606,0.0,0
1559,93,134,1.441,9,14684,1.269,29,17,324,0.0,0
3644,322,367,1.14,10,24414,1.081,121,59,670,0.0579,0
25,2,3,1.5,2,67,1.0,2,1,61,0.0,0
1362,97,362,3.732,30,7984,3.041,360,102,3343,0.05,0
73,2,22,11.0,20,312,3.0,36,10,3083,0.0,0
648,80,188,2.35,14,3250,1.625,184,62,5908,0.0272,0
13,0,0,0.0,0,100,0.0,32,13,1531,0.1875,1
89,5,19,3.8,10,521,2.4,2,2,6,0.0,0
11,1,1,1.0,1,34,1.0,1,1,537,0.0,0
120,21,47,2.238,5,679,1.476,22,14,1220,0.0,0
17,2,2,1.0,1,172,1.0,13,5,2228,0.0,0
325,32,32,1.0,1,1757,1.0,25,11,732,0.0,0
322,47,118,2.511,14,1899,1.596,5,1,85,0.0,0
125,15,26,1.733,4,531,2.733,5,4,481,0.0,0
183,6,8,1.333,3,766,1.0,13,5,212,0.0,0
108,15,20,1.333,5,576,1.067,32,19,1457,0.0,0
79,8,42,5.25,34,621,1.625,10,4,1615,0.0,0
1104,107,311,2.907,13,6329,2.477,292,85,5297,0.0616,0
30,4,5,1.25,2,144,2.25,3,3,525,0.0,0
97,17,39,2.294,13,674,1.882,46,23,4867,0.0652,0
107,8,35,4.375,16,617,1.75,3,1,5,0.0,0
70,4,4,1.0,1,223,1.0,1,1,0,0.0,0
12,1,2,2.0,2,70,2.0,3,2,599,0.0,0
27,0,0,0.0,0,270,0.0,13,9,4203,0.0,0
191,39,63,1.615,10,1385,1.385,8,5,1509,0.0,0
176,21,55,2.619,7,960,2.476,29,20,1520,0.0,0
55,12,12,1.0,1,262,1.0,2,2,3,0.0,0
35,11,13,1.182,2,461,2.727,8,2,179,0.0,0
76,23,29,1.261,3,708,1.913,22,1,475,0.0,0
120,16,16,1.0,1,619,1.062,10,3,378,0.0,0
190,23,50,2.174,7,944,2.87,61,31,5344,0.1148,1
210,7,32,4.571,12,824,4.857,30,15,5977,0.0,0
111,12,45,3.75,21,674,1.833,46,16,3143,0.0,0
141,3,43,14.333,17,839,11.333,23,4,709,0.0,0
291,40,78,1.95,7,1912,2.25,37,17,801,0.0541,0
30,1,1,1.0,1,2957,1.0,8,4,277,0.0,0
107,23,25,1.087,2,543,1.13,1,1,6,0.0,0
76,8,12,1.5,4,305,2.75,8,8,1104,0.0,0
57,7,7,1.0,1,248,1.286,16,12,4328,0.0,0
63,6,6,1.0,1,243,1.0,4,4,2061,0.0,1
27,0,0,0.0,0,92,0.0,2,2,519,0.0,0
223,34,36,1.059,3,1273,1.0,20,5,1273,0.05,0
41,8,8,1.0,1,275,1.0,4,3,410,0.25,1
69,8,11,1.375,2,400,1.0,12,6,1303,0.0,0
807,100,113,1.13,7,4324,1.13,27,14,554,0.1111,0
1104,95,272,2.863,13,6462,2.326,110,51,3739,0.0,0
130,12,51,4.25,13,1161,1.667,86,34,4612,0.0581,0
270,33,43,1.303,4,1568,1.697,28,8,711,0.1786,0
622,32,215,6.719,27,3798,2.5,63,6,655,0.0159,0
200,37,39,1.054,2,1372,0.973,4,2,318,0.75,1
61,3,12,4.0,9,257,2.333,21,15,3741,0.0,0
135,12,51,4.25,23,953,1.583,36,18,5703,0.0,0
206,17,22,1.294,2,1022,1.118,9,5,1830,0.1111,0
4,1,1,1.0,1,50,1.0,2,2,1490,0.0,1
27,1,9,9.0,9,190,3.0,12,6,2314,0.0,0
368,39,80,2.051,10,2075,3.051,78,25,2278,0.0128,1
28,5,5,1.0,1,75,0.6,6,4,1618,0.0,0
244,22,69,3.136,20,1266,1.273,57,27,2371,0.0,0
243,47,85,1.809,9,1136,1.957,11,4,300,0.0909,0
437,69,77,1.116,3,2835,1.348,46,9,574,0.0,0
81,8,9,1.125,2,554,1.0,4,2,315,0.0,0
254,22,57,2.591,6,1363,2.273,67,19,2405,0.0299,0
63,0,0,0.0,0,276,0.0,13,9,1240,0.0,0
113,13,36,2.769,5,643,2.615,30,15,3749,0.0,0
323,41,44,1.073,2,2323,1.0,40,9,1643,0.3,0
1584,102,145,1.422,4,7555,1.127,77,43,3754,0.0,0
67,2,5,2.5,4,455,1.5,39,5,1467,0.0,0
25,4,4,1.0,1,246,2.0,8,7,1204,0.0,0
43,5,9,1.8,3,266,1.0,1,1,107,0.0,0
266,27,53,1.963,6,1170,2.111,116,44,4241,0.2069,0
101,1,3,3.0,3,1680,0.0,106,32,4798,0.0094,1
52,4,12,3.0,7,220,2.5,3,2,760,0.0,0
811,51,56,1.098,3,3415,1.255,19,8,709,0.0,0
84,1,3,3.0,3,431,1.0,9,3,867,0.0,0
222,15,71,4.733,15,1131,1.2,58,18,3638,0.0,0
22,0,0,0.0,0,168,0.0,2,2,178,0.0,0
122,15,35,2.333,6,779,1.867,32,18,4789,0.0,0
21,1,1,1.0,1,129,1.0,0,0,0,0.0,0
107,8,18,2.25,4,964,1.0,2,1,210,0.0,0
808,63,98,1.556,6,2915,1.048,48,35,4623,0.0,0
231,47,50,1.064,2,1473,1.255,17,7,670,0.1176,0
34,3,6,2.0,3,186,3.0,4,2,887,0.0,0
226,15,72,4.8,16,1958,2.333,2,2,300,0.0,0
180,33,59,1.788,4,1029,2.242,58,22,3312,0.0517,0
3,0,0,0.0,0,14,0.0,2,2,2117,0.0,0
54,6,6,1.0,1,965,1.0,13,6,671,0.0,0
104,12,12,1.0,1,684,1.0,11,7,1588,0.0,0
8,1,1,1.0,1,622,1.0,14,5,1463,0.0,0
388,43,59,1.372,4,1617,1.0,24,19,2352,0.0417,0
299,45,47,1.044,3,1713,1.0,49,12,1937,0.0408,0
183,6,8,1.333,3,767,1.0,12,5,202,0.0,0
1098,60,379,6.317,57,6627,2.433,256,35,2974,0.0,0
6,0,0,0.0,0,22,0.0,1,1,153,0.0,0
98,1,3,3.0,3,1667,0.0,98,28,4324,0.0102,0
206,26,30,1.154,2,1038,1.154,40,18,3024,0.0,0
247,27,49,1.815,6,1159,1.556,45,18,5965,0.0,0
156,17,33,1.941,8,814,1.471,29,3,219,0.0,0
9,1,1,1.0,1,34,1.0,1,1,589,0.0,0
100,10,31,3.1,11,461,1.0,28,13,3000,0.0,0
8,1,1,1.0,1,64,0.0,1,1,233,0.0,0
1082,42,81,1.929,19,12139,1.238,157,16,1937,0.0,0
417,43,69,1.605,4,2243,1.093,45,21,2722,0.0,0
198,12,47,3.917,13,1052,4.0,18,10,619,0.0,0
108,10,59,5.9,47,708,1.4,27,12,3407,0.0,0
1140,120,423,3.525,31,8433,2.217,320,51,3094,0.0,0
309,28,65,2.321,5,1438,2.536,138,53,4208,0.1014,1
1608,114,146,1.281,7,10125,1.386,112,37,1550,0.0,0
148,17,42,2.471,7,954,2.059,33,10,1591,0.0606,0
25,3,4,1.333,2,96,1.0,2,2,465,0.0,0
15,2,3,1.5,2,183,0.5,0,0,0,0.0,0
65,4,14,3.5,5,424,2.75,37,11,3947,0.1622,0
105,18,21,1.167,3,626,1.056,14,7,641,0.0,0
436,54,85,1.574,5,2892,1.019,43,16,1243,0.0,0
43,0,0,0.0,0,179,0.0,3,2,45,0.0,0
920,74,352,4.757,35,6133,3.176,298,87,4218,0.0034,0
240,27,54,2.0,7,1342,1.815,23,11,2799,0.0,0
160,13,33,2.538,9,722,1.923,26,11,1645,0.0,0
301,28,58,2.071,7,1301,2.071,127,54,5831,0.2047,1
22,2,5,2.5,3,119,1.5,19,15,6284,0.0,0
736,62,64,1.032,2,3229,0.952,90,61,4732,0.0222,0
98,4,31,7.75,18,517,1.5,25,2,465,0.0,0
1058,80,364,4.55,31,9501,2.413,207,23,1928,0.0097,0
64,8,14,1.75,4,310,1.75,21,13,3202,0.0,0
12,0,0,0.0,0,65,0.0,7,4,1562,0.0,0
380,59,59,1.0,1,1711,1.0,14,5,331,0.0714,0
197,18,36,2.0,7,1722,1.0,16,5,968,0.0,0
508,61,158,2.59,14,3322,1.623,108,17,2729,0.0,0
185,18,32,1.778,3,1734,1.056,20,4,1131,0.0,0
212,37,75,2.027,13,1633,2.135,90,46,4896,0.0556,1
109,15,20,1.333,3,602,1.2,6,5,186,0.0,0
206,30,81,2.7,8,1475,2.133,51,26,3195,0.0196,0
60,5,5,1.0,1,263,1.0,3,3,312,0.0,0
480,41,44,1.073,4,2032,1.098,10,4,133,0.0,0
4506,369,409,1.108,10,29885,1.068,143,66,741,0.049,1
31,0,0,0.0,0,199,0.0,3,2,346,0.0,0
1104,50,325,6.5,38,7287,2.58,12,3,63,0.0,0
43,1,5,5.0,5,226,3.0,2,1,27,0.0,1
518,50,104,2.08,7,2545,2.28,70,32,2731,0.0143,0
61,8,9,1.125,2,335,1.0,2,1,17,0.5,0
248,25,27,1.08,3,1568,1.0,28,8,1844,0.0,0
64,8,14,1.75,4,305,1.75,24,15,3358,0.0,0
82,8,10,1.25,2,312,2.5,13,9,799,0.0,0
305,13,91,7.0,33,1739,2.769,69,27,4949,0.0,0
40,8,8,1.0,1,236,1.0,3,2,25,0.0,0
291,40,78,1.95,7,1912,2.25,36,16,778,0.0556,0
742,81,108,1.333,6,2726,1.0,14,5,186,0.0,0
51,9,19,2.111,6,522,1.333,7,4,1267,0.0,1
274,21,26,1.238,2,900,1.476,14,8,2429,0.0,0
337,36,55,1.528,7,1700,0.972,20,11,1653,0.05,0
75,7,11,1.571,3,500,1.0,7,6,911,0.0,0
558,84,180,2.143,7,3370,2.893,96,32,1922,0.0104,0
35,6,8,1.333,3,196,1.0,1,1,38,0.0,0
111,17,30,1.765,4,640,3.176,12,6,479,0.0833,0
212,40,42,1.05,2,1438,0.975,7,3,366,0.7143,1
140,16,39,2.438,7,932,1.938,27,8,1344,0.0741,0
630,7,34,4.857,12,2651,2.0,28,4,248,0.0357,0
31,5,5,1.0,1,207,1.2,2,2,800,0.0,0
452,47,114,2.426,17,2587,2.511,35,15,851,0.0,0
604,39,55,1.41,4,3960,1.692,14,11,549,0.0,0
6,0,0,0.0,0,40,0.0,0,0,0,0.0,0
72,2,2,1.0,1,253,1.0,6,4,249,0.0,0
325,5,151,30.2,137,2932,2.4,60,26,2315,0.0,0
120,6,46,7.667,19,962,1.333,13,10,1542,0.0,0
1141,95,272,2.863,13,6554,2.389,113,51,3823,0.0,0
80,7,9,1.286,3,338,1.0,26,20,4178,0.0,1
69,0,0,0.0,0,365,0.0,15,6,839,0.0,0
56,6,16,2.667,4,269,1.167,0,0,0,0.0,0
882,69,339,4.913,38,6013,3.304,250,65,3105,0.004,0
45,0,0,0.0,0,211,0.0,8,3,1467,0.0,0
3592,341,379,1.111,5,19225,1.018,237,79,4724,0.0127,1
240,38,55,1.447,8,1365,1.237,13,5,639,0.2308,1
61,5,10,2.0,3,242,2.0,3,3,708,0.0,0
212,27,30,1.111,2,1275,1.0,23,16,3397,0.0,0
926,39,319,8.179,31,5132,1.872,140,46,1455,0.0,0
400,50,115,2.3,7,2004,2.62,56,27,1339,0.0179,0
153,11,24,2.182,4,962,1.273,14,9,514,0.0714,0
266,32,32,1.0,1,2060,1.0,16,8,600,0.0,0
70,12,16,1.333,4,368,1.0,7,3,800,0.0,0
1317,123,133,1.081,3,8748,1.016,54,10,542,0.037,0
8,0,0,0.0,0,40,0.0,3,3,640,0.0,1
220,17,52,3.059,8,1040,1.706,61,5,1929,0.0,0
5,0,0,0.0,0,23,0.0,4,4,2954,0.0,0
50,8,20,2.5,5,318,2.0,4,4,518,0.0,0
432,45,51,1.133,2,2068,1.022,25,9,1110,0.04,0
243,22,33,1.5,3,1603,1.273,14,7,804,0.0,0
5,1,1,1.0,1,59,1.0,1,1,324,0.0,1
1078,73,464,6.356,64,8338,2.877,6,1,8,0.0,0
105,10,18,1.8,5,527,2.3,45,16,1743,0.0444,0
109,0,0,0.0,0,257,0.0,0,0,0,0.0,0
352,24,42,1.75,8,1770,1.042,68,31,2778,0.0,0
36,3,6,2.0,2,137,1.0,6,6,2110,0.0,0
214,17,75,4.412,17,2026,1.588,49,7,1485,0.0,0
745,157,280,1.783,13,4111,2.35,90,40,3107,0.0,0
144,15,63,4.2,11,1408,2.067,47,10,2696,0.0,0
51,1,1,1.0,1,257,1.0,6,2,343,0.0,0
1867,113,136,1.204,4,8397,1.027,207,82,4219,0.0242,0
84,8,21,2.625,8,453,3.25,8,4,1113,0.0,0
41,4,4,1.0,1,164,1.0,1,1,80,0.0,0
297,34,38,1.118,3,1989,1.0,61,25,1515,0.0492,0
239,7,34,4.857,12,1369,1.429,51,20,5727,0.0,0
1006,122,136,1.115,5,8507,1.016,19,10,273,0.0,0
1572,57,473,8.298,53,8198,2.333,327,96,4807,0.0061,0
34,5,7,1.4,3,183,3.4,2,2,942,0.0,0
4287,378,433,1.146,11,27850,1.077,260,118,1824,0.0577,0
202,18,32,1.778,5,1662,1.5,32,12,1915,0.0,0
298,27,34,1.259,3,1636,1.074,16,7,894,0.0625,0
10,0,0,0.0,0,21552,0.0,114,3,257,0.0088,0
228,14,81,5.786,30,1167,2.643,38,17,1698,0.0,0
594,21,185,8.81,74,3596,3.476,55,7,558,0.0,0
303,27,128,4.741,34,1990,3.259,74,40,3488,0.0,0
111,15,15,1.0,1,345,1.0,4,4,573,0.0,0
38,5,18,3.6,6,247,1.2,4,1,186,0.0,0
1436,143,188,1.315,8,7630,1.0,102,47,2583,0.0098,0
24,0,0,0.0,0,203,0.0,3,2,6,0.0,0
55,1,23,23.0,23,330,7.0,20,12,3398,0.05,1
73,7,7,1.0,1,462,1.0,15,8,1896,0.0,0
132,18,20,1.111,2,752,1.0,29,13,1185,0.0,0
41,3,3,1.0,1,228,0.667,21,10,1479,0.0,0
544,33,189,5.727,24,3166,3.152,17,2,42,0.0,0
502,70,74,1.057,2,3290,1.0,46,32,1206,0.1522,0
228,22,35,1.591,3,1272,1.136,44,18,2301,0.0682,1
83,7,8,1.143,2,428,1.0,10,4,2553,0.0,0
265,29,35,1.207,3,1244,1.241,14,9,388,0.0,0
321,17,71,4.176,12,1218,4.059,64,34,3419,0.0,0
45,6,6,1.0,1,218,0.667,6,6,470,0.0,0
137,18,42,2.333,9,682,1.278,25,3,463,0.04,0
43,4,5,1.25,2,246,1.0,0,0,0,0.0,0
38,1,5,5.0,5,224,3.0,11,5,685,0.0909,0
22,0,0,0.0,0,91,0.0,1,1,66,0.0,0
65,0,0,0.0,0,134,0.0,9,6,3152,0.0,0
290,8,117,14.625,47,1935,3.5,29,9,799,0.0,0
1147,46,87,1.891,19,12058,1.196,0,0,0,0.0,0
6,0,0,0.0,0,75,0.0,1,1,1076,0.0,0
125,21,39,1.857,5,742,2.952,79,37,7089,0.0127,0
29,1,7,7.0,7,215,2.0,7,3,1546,0.2857,1
1032,85,247,2.906,13,6137,2.294,97,49,3409,0.0,0
124,13,23,1.769,7,575,0.769,8,4,369,0.0,0
396,46,116,2.522,9,2563,2.174,135,28,2833,0.0074,0
24,4,4,1.0,1,132,1.0,4,3,906,0.0,0
76,1,11,11.0,11,477,2.0,24,13,2125,0.0,0
1505,156,185,1.186,5,8477,1.167,75,30,615,0.0267,0
331,38,39,1.026,2,1837,1.132,10,6,498,0.0,0
144,0,0,0.0,0,1517,0.0,101,5,794,0.0297,0
902,64,77,1.203,3,2892,1.031,56,34,3264,0.0,0
670,75,107,1.427,4,4000,1.16,60,33,1198,0.0167,0
318,28,65,2.321,5,1468,2.571,152,59,4887,0.1184,1
42,0,0,0.0,0,153,0.0,7,1,123,0.0,0
176,19,72,3.789,20,1150,3.158,4,2,78,0.0,0
123,6,9,1.5,2,443,2.5,5,4,223,0.0,0
138,8,29,3.625,12,641,2.375,28,5,1520,0.0,0
1562,99,120,1.212,7,7720,1.162,165,78,4525,0.0303,0
106,8,8,1.0,1,537,1.0,9,9,1175,0.0,0
387,59,72,1.22,4,2584,1.051,51,14,1660,0.0,0
394,46,55,1.196,3,2396,1.109,15,11,374,0.0,0
75,10,10,1.0,1,444,1.3,24,14,2136,0.1667,0
3375,332,372,1.12,10,22642,1.072,77,41,397,0.0519,0
181,23,51,2.217,6,881,1.478,5,2,62,0.0,0
35,5,5,1.0,1,238,1.6,7,4,559,0.5714,1
291,49,89,1.816,6,1753,1.469,7,2,43,0.0,0
1843,199,255,1.281,6,10196,1.146,196,80,2841,0.0306,0
122,10,21,2.1,3,1122,1.0,4,1,238,0.0,0
122,11,11,1.0,1,710,1.0,5,4,889,0.0,0
183,13,33,2.538,7,1022,1.0,8,4,115,0.25,1
40,6,10,1.667,3,273,1.667,7,6,983,0.0,0
83,4,4,1.0,1,213,1.0,3,2,18,0.0,0
28,2,2,1.0,1,122,1.0,2,1,1608,0.0,0
221,34,39,1.147,4,1566,1.618,6,3,91,0.1667,1
307,27,64,2.37,5,1419,2.593,145,56,4535,0.1172,1
69,8,21,2.625,6,420,1.0,8,3,964,0.0,0
14,2,2,1.0,1,111,1.0,0,0,0,0.0,0
248,22,96,4.364,17,1985,2.091,94,43,6683,0.0106,0
460,64,69,1.078,3,2545,1.094,34,23,1667,0.5,1
276,22,62,2.818,10,1423,1.818,65,28,3691,0.0,0
169,9,57,6.333,31,1293,1.889,59,22,3709,0.0508,0
250,19,47,2.474,10,1569,1.684,220,38,3919,0.0045,0
248,22,96,4.364,17,1985,2.091,92,42,6310,0.0109,0
10,0,0,0.0,0,82,0.0,8,6,4990,0.0,0
67,2,5,2.5,4,454,1.5,40,5,1474,0.0,0
80,5,22,4.4,14,520,1.6,5,2,253,0.0,1
365,45,126,2.8,11,2297,1.867,29,17,667,0.1034,0
59,10,11,1.1,2,318,1.0,26,5,313,0.0,0
640,80,103,1.288,6,4235,1.125,74,35,1959,0.0135,0
894,56,81,1.446,10,4332,1.089,65,25,1091,0.0154,0
448,33,49,1.485,4,2368,1.152,27,19,700,0.0,0
343,28,118,4.214,17,1809,2.25,30,22,3383,0.0,0
9,1,1,1.0,1,38,0.0,3,2,1910,0.0,1
639,69,71,1.029,2,3438,1.014,60,39,4530,0.0,0
10,0,0,0.0,0,195,0.0,6,4,385,0.0,0
86,12,15,1.25,4,528,1.083,20,13,1213,0.0,0
597,54,200,3.704,14,3832,2.889,38,10,784,0.0263,0
1413,98,105,1.071,3,8647,1.02,88,37,1001,0.0114,1
8,2,2,1.0,1,49,2.5,1,1,456,0.0,0
113,10,34,3.4,16,604,1.4,17,13,2230,0.0,0
454,47,115,2.447,9,2834,3.66,145,45,3533,0.0828,1
94,10,27,2.7,10,757,3.3,4,1,253,0.0,1
31,1,1,1.0,1,140,1.0,2,2,678,0.0,0
91,7,15,2.143,4,506,2.714,11,7,1748,0.0,0
1507,111,556,5.009,33,11918,2.441,473,109,4840,0.0042,0
60,4,14,3.5,8,564,2.25,28,16,4943,0.3214,1
402,65,134,2.062,14,2209,1.477,117,33,3413,0.0342,0
29,3,10,3.333,4,373,2.0,6,5,1257,0.0,0
6,0,0,0.0,0,47,0.0,8,6,1018,0.25,0
31,5,5,1.0,1,187,1.0,21,6,3645,0.0,1
126,11,39,3.545,8,589,2.0,9,1,38,0.0,0
1784,194,247,1.273,6,9968,1.149,187,78,2743,0.0321,0
70,0,0,0.0,0,915,0.0,24,2,114,0.0,0
42,5,5,1.0,1,222,1.0,8,6,1849,0.0,0
90,15,25,1.667,8,844,2.333,2,2,606,0.0,1
120,9,30,3.333,11,635,1.556,39,23,6053,0.0256,0
57,8,8,1.0,1,290,1.0,11,8,1424,0.1818,1
150,24,42,1.75,4,871,3.542,9,5,452,0.0,0
35,8,11,1.375,2,256,1.875,22,9,3122,0.0,0
10,2,2,1.0,1,46,1.0,0,0,0,0.0,0
40,4,4,1.0,1,645,1.0,1,1,24,0.0,0
314,30,37,1.233,4,1250,1.0,28,16,2176,0.0,0
46,11,14,1.273,2,203,1.818,1,1,619,0.0,0
82,19,19,1.0,1,440,1.0,4,1,66,1.0,1
111,13,39,3.0,11,1124,2.0,72,24,3590,0.0,0
52,5,20,4.0,11,244,1.0,9,5,2205,0.0,0
192,3,50,16.667,47,933,2.333,30,7,1143,0.0,0
595,50,57,1.14,5,2608,1.52,54,14,968,0.0741,0
163,11,56,5.091,18,1066,2.818,11,5,287,0.0,1
215,17,18,1.059,2,743,1.0,2,2,34,0.0,0
290,30,73,2.433,17,1647,2.033,116,37,5886,0.0,1
156,5,26,5.2,9,986,2.6,7,1,458,0.0,0
6,1,1,1.0,1,36,0.0,0,0,0,0.0,0
11,2,2,1.0,1,24,0.5,0,0,0,0.0,0
358,53,105,1.981,16,3200,2.283,32,16,1005,0.0,0
113,7,47,6.714,15,772,3.143,27,8,581,0.0,0
386,72,74,1.028,2,2279,1.292,39,27,2536,0.1026,0
16,1,5,5.0,5,89,3.0,11,7,3871,0.0909,0
280,37,37,1.0,1,1024,1.108,32,22,2577,0.0,0
69,23,29,1.261,4,373,2.478,1,1,38,0.0,0
110,9,25,2.778,10,640,2.111,58,5,1104,0.0,0
147,16,25,1.562,3,916,1.438,12,4,251,0.0,0
3,0,0,0.0,0,13,0.0,4,3,6052,0.0,0
109,8,35,4.375,15,959,2.375,54,25,6925,0.0556,0
694,117,124,1.06,3,3860,1.077,89,45,3382,0.0449,1
163,9,52,5.778,30,1194,4.444,40,14,834,0.0,0
956,54,232,4.296,33,5726,3.074,124,15,1007,0.0484,0
56,7,14,2.0,5,296,1.571,15,11,2320,0.1333,1
305,0,0,0.0,0,3462,0.0,8,6,400,0.0,0
467,100,167,1.67,9,4042,1.89,105,17,2240,0.0,0
11,1,1,1.0,1,81,1.0,12,7,2192,0.0,0
8,0,0,0.0,0,235,0.0,2,1,11,0.0,0
196,21,72,3.429,13,1886,1.952,60,15,1159,0.0,0
164,12,50,4.167,11,1149,1.667,102,41,6107,0.049,0
761,31,270,8.71,25,5328,2.355,79,22,1379,0.0253,0
28,2,2,1.0,1,133,1.5,3,3,1365,0.0,0
41,2,9,4.5,5,331,2.0,12,8,2745,0.4167,0
2086,77,651,8.455,68,9584,2.416,474,123,6478,0.0,0
113,15,39,2.6,8,832,2.067,3,1,243,0.0,0
42,3,15,5.0,7,223,2.0,26,11,2796,0.0,0
274,36,49,1.361,4,1218,1.0,15,12,1077,0.0,0
235,17,17,1.0,1,5970,1.0,70,5,571,0.0,0
177,27,67,2.481,8,797,1.889,29,7,1391,0.0,0
495,23,36,1.565,5,2689,1.217,36,9,980,0.0,0
56,7,7,1.0,1,256,1.714,6,6,1421,0.0,0
112,11,37,3.364,14,882,1.909,49,13,2610,0.0204,0
23,3,3,1.0,1,128,1.0,0,0,0,0.0,0
71,9,28,3.111,10,474,1.667,7,2,384,0.0,0
63,3,6,2.0,3,265,1.0,54,19,2036,0.0,0
417,42,42,1.0,1,1713,1.048,21,10,608,0.0,0
107,10,33,3.3,10,955,2.5,1,1,1,0.0,0
312,39,56,1.436,8,1849,1.333,2,2,111,0.5,0
114,17,37,2.176,7,626,1.765,21,4,474,0.0,0
414,33,83,2.515,6,3048,1.0,46,10,872,0.0,0
390,31,46,1.484,3,2188,1.0,18,10,726,0.0,0
350,51,62,1.216,4,2328,1.078,39,10,1467,0.0,0
36,4,4,1.0,1,145,2.5,37,5,1332,0.0,0
239,12,74,6.167,23,1625,4.083,16,3,369,0.0,0
17,0,0,0.0,0,115,0.0,24,10,1162,0.25,0
46,6,15,2.5,3,300,2.5,2,1,448,0.5,0
1185,125,145,1.16,5,7563,1.184,66,12,1910,0.0,1
385,41,137,3.341,41,3803,3.098,17,2,797,0.0,0
195,7,28,4.0,8,982,2.857,12,8,3732,0.0,0
60,5,5,1.0,1,540,1.0,6,4,1434,0.0,0
372,31,94,3.032,13,2185,2.323,169,68,4997,0.0592,0
7,0,0,0.0,0,23,0.0,4,2,572,0.0,0
588,51,53,1.039,2,2630,0.941,45,30,1047,0.0444,0
901,35,36,1.029,2,2854,1.057,0,0,0,0.0,0
111,16,21,1.312,3,601,2.312,2,2,41,0.0,0
512,72,77,1.069,3,3046,1.083,42,20,850,0.0476,0
1602,110,219,1.991,9,7213,1.036,86,44,3478,0.0,0
58,6,12,2.0,4,324,2.333,9,4,1359,0.1111,1
31,4,4,1.0,1,2352,1.0,9,4,474,0.0,0
228,25,31,1.24,3,1014,1.6,17,7,862,0.0,0
517,51,153,3.0,20,2619,1.922,47,31,1279,0.0213,0
85,7,8,1.143,2,394,1.0,0,0,0,0.0,0
215,8,76,9.5,32,1165,3.0,103,15,1961,0.0194,0
195,34,35,1.029,2,1048,1.029,36,22,2427,0.0,0
653,57,204,3.579,17,4122,2.105,103,28,1661,0.0097,0
379,21,42,2.0,9,2092,1.0,18,5,638,0.0,0
208,23,24,1.043,2,1485,1.043,2,2,13,0.0,0
626,108,118,1.093,6,4109,1.13,1,1,0,0.0,0
3,0,0,0.0,0,19,0.0,1,1,0,0.0,0
220,31,64,2.065,7,1337,2.71,47,13,1108,0.0,0
157,24,43,1.792,8,1028,2.417,27,15,1495,0.1111,0
78,4,19,4.75,10,478,1.75,14,6,1899,0.0,0
261,0,0,0.0,0,2683,0.0,233,18,2815,0.0515,0
562,70,200,2.857,26,3661,2.043,134,14,2176,0.0075,0
58,9,13,1.444,3,333,1.444,16,7,2489,0.0,0
929,39,319,8.179,31,5195,1.872,132,43,1155,0.0,0
20,6,6,1.0,1,124,1.0,4,3,1050,0.0,0
117,9,9,1.0,1,533,1.0,13,9,2956,0.0,0
992,124,131,1.056,3,5083,1.089,75,36,2189,0.1467,1
3,0,0,0.0,0,18020,0.0,70,2,91,0.0,0
1469,107,414,3.869,35,8742,3.028,382,112,3609,0.0471,0
247,31,37,1.194,5,1354,1.097,22,12,1228,0.0,0
116,7,18,2.571,5,661,1.0,8,5,204,0.0,0
12,0,0,0.0,0,43,0.0,0,0,0,0.0,0
34,4,4,1.0,1,179,1.0,3,3,1853,0.0,0
280,28,82,2.929,14,1683,2.821,82,28,4475,0.0,0
265,40,62,1.55,5,1599,2.075,148,53,3915,0.0338,0
1053,106,397,3.745,24,7815,2.245,219,20,2341,0.0,0
547,35,41,1.171,7,1678,1.371,24,13,1548,0.0,0
493,65,70,1.077,3,2745,1.092,36,23,1814,0.5278,1
144,29,32,1.103,2,914,1.31,2,1,98,0.0,0
65,9,13,1.444,3,291,1.0,8,8,2778,0.0,0
347,36,139,3.861,14,2279,1.583,67,16,2387,0.0,0
602,57,147,2.579,10,3831,3.579,197,71,5085,0.0812,0
332,8,59,7.375,15,1629,2.125,181,32,3484,0.0166,0
9,1,1,1.0,1,41,1.0,1,1,1109,0.0,0
12,0,0,0.0,0,40,0.0,4,2,341,0.0,0
17,0,0,0.0,0,163,0.0,3,1,4,0.0,0
372,63,155,2.46,12,2711,2.524,24,3,258,0.0,0
151,6,39,6.5,22,759,1.833,12,3,134,0.0,0
444,32,33,1.031,2,2450,1.0,36,20,3503,0.0,0
919,97,310,3.196,17,4932,2.134,82,26,1491,0.0,1
7,1,1,1.0,1,85,1.0,10,5,1594,0.0,0
483,42,47,1.119,5,2050,1.524,42,10,907,0.0476,1
123,6,9,1.5,2,334,1.0,75,32,2835,0.0133,0
77,8,10,1.25,2,295,2.5,5,4,217,0.0,0
442,48,119,2.479,9,2844,3.583,172,59,4123,0.0756,0
35,2,10,5.0,8,163,2.0,8,3,2884,0.625,1
98,5,5,1.0,1,359,1.0,4,4,652,0.0,0
3,0,0,0.0,0,14,0.0,2,2,2459,0.0,0
182,11,32,2.909,9,836,1.545,153,25,3166,0.0,1
41,4,11,2.75,5,326,1.5,5,3,325,0.0,0
71,0,0,0.0,0,400,0.0,7,4,897,0.0,1
411,35,106,3.029,15,2420,2.057,321,63,6408,0.0031,0
46,6,6,1.0,1,275,1.0,10,4,697,0.0,0
181,14,41,2.929,7,872,2.286,42,33,6213,0.0,0
628,40,267,6.675,52,4498,2.475,177,18,2294,0.0,0
146,10,36,3.6,8,779,3.8,35,7,1647,0.2857,0
103,10,39,3.9,17,714,2.0,27,11,928,0.0,0
20,1,1,1.0,1,122,1.0,2,2,81,0.0,0
127,17,42,2.471,8,750,1.882,26,15,1445,0.0,0
26,1,4,4.0,4,211,1.0,2,1,675,0.0,0
133,17,26,1.529,5,722,1.059,37,22,1690,0.0,0
911,58,159,2.741,12,4113,3.931,217,87,5982,0.0829,1
247,13,13,1.0,1,1561,1.0,9,9,287,0.0,0
52,3,11,3.667,9,185,2.333,15,12,4403,0.0,0
128,16,20,1.25,4,1008,1.0,2,2,22,0.0,0
980,98,114,1.163,5,6401,1.092,47,20,1421,0.0,0
64,6,12,2.0,3,511,1.333,11,7,1839,0.0,0
31,0,0,0.0,0,224,0.0,9,4,1550,0.0,0
520,50,106,2.12,9,2564,2.26,74,35,2837,0.0135,0
630,53,221,4.17,25,4291,2.245,4,2,4,0.0,0
101,2,25,12.5,23,530,2.0,14,8,1522,0.0,0
136,16,17,1.062,2,644,2.25,8,3,645,0.0,0
157,18,51,2.833,7,555,0.389,17,12,2827,0.0,0
1063,92,349,3.793,28,11366,3.12,10,8,1800,0.0,0
4420,394,440,1.117,10,28438,1.074,224,106,1355,0.0625,0
268,38,44,1.158,4,1094,1.053,13,8,297,0.0,0
402,65,134,2.062,14,2210,1.477,116,32,3361,0.0345,0
328,26,110,4.231,17,1716,2.269,10,7,2898,0.0,0
98,9,33,3.667,13,804,1.778,37,10,2423,0.0,1
18,3,4,1.333,2,117,2.0,2,1,78,0.5,0
214,10,46,4.6,9,930,5.7,49,11,2300,0.2653,0
44,1,2,2.0,2,141,1.0,4,4,342,0.0,0
672,77,118,1.532,5,4270,1.104,33,16,320,0.0,0
1740,161,184,1.143,10,11354,1.012,90,14,866,0.0222,0
231,21,85,4.048,12,1951,1.762,84,37,4013,0.131,0
170,30,66,2.2,6,1117,2.933,11,7,246,0.0,0
378,49,63,1.286,4,2221,1.143,26,18,1614,0.0,0
59,11,11,1.0,1,352,1.0,4,3,169,0.0,0
338,49,53,1.082,2,1961,1.061,55,33,4044,0.0,0
67,4,14,3.5,5,438,2.75,42,14,4935,0.1667,0
92,7,33,4.714,9,967,2.286,35,14,3049,0.0286,0
216,28,29,1.036,2,1139,1.0,0,0,0,0.0,0
922,121,252,2.083,41,3331,2.694,120,42,3566,0.0,0
78,7,27,3.857,9,826,2.143,39,15,3199,0.0256,1
10,1,1,1.0,1,46,1.0,4,3,1501,0.0,0
278,35,61,1.743,5,1523,2.914,22,7,705,0.0,0
26,1,1,1.0,1,66,1.0,1,1,367,0.0,0
463,51,57,1.118,3,2559,1.118,25,15,1492,0.0,0
53,6,10,1.667,3,329,1.0,5,5,204,0.0,0
1181,62,410,6.613,56,7209,2.419,292,50,3450,0.0,0
341,32,37,1.156,4,1552,1.406,49,30,3268,0.0204,0
1629,70,557,7.957,68,8657,2.243,430,103,5411,0.0,0
36,6,9,1.5,4,201,1.667,5,3,1100,0.0,0
986,72,164,2.278,9,6306,1.056,53,11,852,0.0,0
24,1,1,1.0,1,159,1.0,5,3,808,0.4,0
65,9,9,1.0,1,375,1.0,2,2,118,0.0,1
48,4,12,3.0,4,190,0.75,9,5,2877,0.0,0
147,24,37,1.542,5,774,1.458,17,4,474,0.0,0
192,31,34,1.097,2,1010,1.065,87,45,2360,0.0345,0
274,33,53,1.606,5,1418,1.091,36,16,1475,0.0,0
79,4,8,2.0,3,709,1.75,10,4,1314,0.0,0
138,22,55,2.5,7,734,2.955,27,12,530,0.0,0
4,0,0,0.0,0,14,0.0,1,1,16,0.0,0
1116,85,125,1.471,4,6489,1.153,54,34,2719,0.0,0
548,54,65,1.204,7,3765,1.222,3,2,103,0.0,0
260,0,0,0.0,0,2592,0.0,193,12,2170,0.0415,0
90,12,12,1.0,1,4171,1.0,18,4,105,0.0,0
368,48,62,1.292,4,2168,1.146,20,16,1289,0.0,0
1096,132,146,1.106,5,8904,1.008,34,17,626,0.0,0
13,0,0,0.0,0,37,0.0,0,0,0,0.0,0
515,74,92,1.243,8,2888,1.405,30,21,1762,0.0667,1
1111,62,82,1.323,4,5876,1.468,55,34,2879,0.0,0
23,3,3,1.0,1,127,1.0,1,1,0,0.0,0
40,9,9,1.0,1,122,1.667,4,3,1945,0.0,0
28,0,0,0.0,0,129,0.0,4,2,238,0.0,0
671,56,246,4.393,25,4764,2.232,29,5,247,0.0,0
229,10,43,4.3,9,972,5.8,71,22,2895,0.2676,0
7,0,0,0.0,0,74,0.0,13,5,3248,0.0,0
132,22,34,1.545,6,924,2.364,24,14,1236,0.125,0
1563,154,193,1.253,5,9607,1.026,42,12,1210,0.0,0
418,58,62,1.069,3,2351,1.052,16,8,1609,0.0625,0
300,36,74,2.056,10,1722,2.306,16,7,281,0.125,1
148,15,36,2.4,16,1045,2.0,14,8,1903,0.0,0
246,22,54,2.455,6,1306,2.364,72,20,2489,0.0417,0
45,11,16,1.455,4,183,2.273,4,4,1115,0.0,0
246,22,54,2.455,6,1306,2.364,73,21,2489,0.0411,1
684,69,233,3.377,14,4439,2.768,68,19,1351,0.0147,1
810,65,317,4.877,27,5688,3.323,167,31,1885,0.0,0
67,3,3,1.0,1,269,1.0,6,5,855,0.0,0
23,9,9,1.0,1,100,1.778,0,0,0,0.0,0
25,3,7,2.333,3,135,2.667,5,3,411,0.0,0
44,0,0,0.0,0,152,0.0,27,15,4130,0.037,0
69,6,20,3.333,11,468,1.167,5,2,9,0.0,0
366,50,126,2.52,9,2307,1.82,48,29,1323,0.1042,0
61,4,11,2.75,4,288,2.5,5,2,260,0.0,0
728,96,101,1.052,6,3141,1.0,45,22,1247,0.0222,0
114,15,26,1.733,5,561,1.867,2,1,10,0.0,0
286,58,62,1.069,2,1800,1.207,11,9,204,0.0909,0
197,43,86,2.0,8,1162,1.837,26,5,823,0.0,0
57,10,15,1.5,3,381,1.5,27,14,3195,0.0,0
27,0,0,0.0,0,198,0.0,2,2,238,0.0,0
244,26,43,1.654,4,1182,1.077,19,15,1422,0.0526,0
4032,158,195,1.234,7,12628,1.291,162,55,3222,0.0,0
234,13,37,2.846,5,1186,1.154,1,1,75,0.0,0
133,7,13,1.857,4,634,1.429,8,6,538,0.0,0
1714,228,246,1.079,9,9615,1.193,140,48,2170,0.0,0
180,30,43,1.433,3,1130,1.267,15,13,709,0.0,0
111,5,7,1.4,3,619,1.0,11,4,950,0.0909,0
1068,108,378,3.5,24,7625,2.269,428,96,4115,0.0,0
66,8,11,1.375,2,309,1.0,6,4,2261,0.0,0
110,8,23,2.875,9,761,1.875,34,16,3088,0.0,0
672,59,183,3.102,15,4982,2.119,26,13,484,0.0,0
37,5,12,2.4,5,148,2.4,13,11,2127,0.0769,0
282,21,106,5.048,28,1788,2.143,65,16,583,0.0,0
357,27,31,1.148,5,2095,1.0,29,15,1543,0.0,0
666,56,83,1.482,5,2731,2.464,40,25,709,0.025,0
194,7,11,1.571,5,1415,1.0,3,3,83,0.0,0
91,6,31,5.167,15,962,2.833,49,21,5519,0.0408,1
22,1,5,5.0,5,160,0.0,0,0,0,0.0,0
4493,396,448,1.131,11,28826,1.073,245,114,1564,0.0612,0
279,25,82,3.28,10,1788,3.36,40,13,1850,0.0,0
66,7,8,1.143,2,327,1.143,10,7,1786,0.0,0
48,6,17,2.833,7,294,1.0,1,1,6,0.0,0
1036,85,248,2.918,13,6168,2.294,102,49,3578,0.0,0
205,20,58,2.9,8,982,2.2,99,30,4030,0.0,0
141,19,52,2.737,21,1246,1.632,66,18,4559,0.0,0
12,1,5,5.0,5,115,3.0,4,2,990,0.0,0
347,31,123,3.968,28,2128,2.097,72,19,613,0.0,0
92,23,28,1.217,2,527,1.522,25,7,2210,0.0,0
88,9,9,1.0,1,360,1.0,9,7,3455,0.3333,1
3,0,0,0.0,0,15397,0.0,51,2,67,0.0,0
110,12,15,1.25,2,699,1.25,6,6,579,0.0,0
174,27,59,2.185,17,1352,2.185,42,20,2125,0.0238,0
64,7,21,3.0,8,303,1.857,16,9,2755,0.0,0
285,20,22,1.1,2,1097,1.0,12,9,1381,0.0,0
744,88,131,1.489,5,4783,1.114,87,31,916,0.0,0
125,21,40,1.905,5,747,2.952,76,36,5827,0.0132,0
678,69,238,3.449,21,4413,2.768,72,19,1386,0.0278,0
104,11,13,1.182,3,527,1.636,5,5,193,0.0,0
277,12,70,5.833,16,1460,2.417,65,25,2299,0.0,0
124,22,34,1.545,5,796,1.818,14,9,2234,0.0,0
785,12,53,4.417,13,3429,2.083,79,8,1761,0.0127,0
3,0,0,0.0,0,18928,0.0,75,3,109,0.0,0
1942,76,604,7.947,68,9125,2.329,455,114,6030,0.0,0
241,35,38,1.086,2,1614,1.057,41,10,748,0.0,0
6950,469,540,1.151,11,34254,1.079,392,178,3854,0.0536,0
146,15,21,1.4,3,628,1.0,3,3,554,0.0,0
7,19,31,1.632,5,538,0.421,14,11,3225,0.0714,0
357,74,116,1.568,12,2850,1.5,10,1,590,0.0,0
6,0,0,0.0,0,37,0.0,1,1,27,0.0,0
241,33,77,2.333,11,1537,2.636,31,14,2684,0.0323,0
2878,159,215,1.352,9,18732,1.176,100,47,1465,0.0,0
326,37,40,1.081,3,2371,1.0,42,24,2277,0.0238,0
790,78,85,1.09,3,3471,1.179,43,21,1237,0.1395,0
14,0,0,0.0,0,37,0.0,0,0,0,0.0,0
158,25,28,1.12,2,894,1.36,18,14,487,0.0,0
1694,187,231,1.235,6,9621,1.155,167,71,2435,0.018,0
102,10,28,2.8,11,834,3.6,7,1,258,0.2857,0
750,79,229,2.899,19,5776,2.316,169,34,3127,0.0355,0
1183,96,443,4.615,26,10422,2.344,366,76,3393,0.0055,0
80,3,3,1.0,1,317,1.333,1,1,0,0.0,0
344,45,58,1.289,4,2221,1.2,26,7,1068,0.0,0
49,13,16,1.231,3,398,1.308,12,6,1402,0.0,1
413,34,44,1.294,3,2592,1.0,47,12,2250,0.0213,0
18,5,7,1.4,3,77,2.2,2,2,277,0.0,0
5,1,1,1.0,1,32,3.0,2,2,2293,0.0,0
46,4,13,3.25,5,507,1.75,7,1,9,0.0,0
148,10,25,2.5,11,821,3.5,37,14,2771,0.027,1
589,34,39,1.147,6,1895,0.971,15,10,426,0.0,0
221,10,24,2.4,9,894,1.0,14,12,3588,0.0,0
202,29,58,2.0,6,897,3.276,19,17,1384,0.0,0
431,33,33,1.0,1,1811,1.0,13,10,1693,0.0,0
115,3,27,9.0,14,746,1.333,20,14,3815,0.0,0
1796,116,438,3.776,32,8942,3.009,448,144,5180,0.0446,0
39,4,4,1.0,1,195,0.5,10,8,874,0.0,0
328,26,78,3.0,13,1419,0.731,15,5,796,0.0,0
732,89,256,2.876,14,3885,1.91,5,3,120,0.0,0
348,9,36,4.0,12,1069,2.667,69,28,5736,0.0145,0
696,90,116,1.289,6,4512,1.122,88,39,2597,0.0114,0
978,43,287,6.674,68,6104,1.163,78,2,288,0.0,0
1559,110,345,3.136,28,6652,2.245,450,112,6516,0.0022,0
252,26,62,2.385,10,1562,1.885,20,9,1183,0.0,0
593,76,208,2.737,26,3879,2.013,154,17,2377,0.0065,0
327,12,12,1.0,1,1682,1.0,0,0,0,0.0,0
152,0,0,0.0,0,1584,0.0,116,7,1038,0.0259,0
493,84,184,2.19,6,3112,2.881,18,7,529,0.0,0
190,15,21,1.4,3,1098,1.333,16,7,553,0.0,0
79,5,34,6.8,18,591,4.4,1,1,20,0.0,0
564,60,158,2.633,11,3531,1.617,71,9,1728,0.0,0
915,70,84,1.2,5,3282,1.1,132,52,3750,0.0,0
53,5,5,1.0,1,238,2.0,3,3,244,0.3333,0
587,73,183,2.507,9,3790,2.644,29,5,285,0.0,0
76,0,0,0.0,0,241,0.0,27,20,3898,0.2963,1
1151,98,109,1.112,3,4293,1.143,63,36,3184,0.127,1
128,12,23,1.917,5,806,1.5,15,9,2164,0.0,0
1013,45,369,8.2,43,6806,2.333,211,65,3078,0.0095,0
152,17,46,2.706,11,804,1.529,59,29,6023,0.0508,0
140,6,6,1.0,1,408,1.0,2,2,968,0.0,0
12,0,0,0.0,0,90,0.0,5,4,532,0.0,0
187,17,47,2.765,10,1115,2.294,40,4,474,0.0,0
429,12,21,1.75,9,4896,1.417,19,4,236,0.0,0
189,8,67,8.375,23,1063,3.0,95,13,1891,0.0105,1
485,20,59,2.95,10,2392,1.05,16,4,140,0.0,0
17,1,1,1.0,1,91,5.0,2,2,257,0.0,0
229,21,84,4.0,12,1946,1.762,82,37,3835,0.1341,0
63,4,37,9.25,17,542,2.0,21,4,688,0.1905,0
292,9,118,13.111,51,2028,3.444,43,13,1755,0.0,0
168,41,41,1.0,1,1027,1.0,4,3,654,0.0,0
169,6,49,8.167,27,1025,2.0,67,8,2132,0.0149,1
173,11,12,1.091,2,1127,1.091,7,1,15,0.0,0
26,0,0,0.0,0,68,0.0,3,3,642,0.0,0
195,25,32,1.28,3,1390,1.2,2,2,108,0.0,0
42,2,10,5.0,9,176,2.5,12,7,1997,0.0,0
1014,122,136,1.115,5,8542,1.016,23,11,347,0.0,0
1850,174,206,1.184,10,11970,1.046,97,14,907,0.0412,1
1297,125,458,3.664,25,8678,2.272,514,129,5246,0.0,0
266,39,41,1.051,3,1550,1.0,32,10,1645,0.0625,0
275,13,86,6.615,15,1626,2.769,169,40,4114,0.0296,0
41,8,8,1.0,1,139,1.5,1,1,34,0.0,0
54,10,10,1.0,1,329,1.0,1,1,289,0.0,0
58,12,25,2.083,8,626,2.0,26,17,3734,0.0,0
376,37,38,1.027,2,1494,1.0,17,13,1421,0.0,0
5,0,0,0.0,0,19,0.0,1,1,153,0.0,0
53,1,7,7.0,7,330,2.0,4,2,356,0.0,0
138,19,24,1.263,2,832,1.0,32,14,2390,0.0312,0
1280,132,152,1.152,5,7945,1.189,83,15,2171,0.012,0
205,33,44,1.333,2,1028,1.0,32,20,1641,0.2188,0
155,27,54,2.0,15,1206,2.111,29,11,1751,0.0,1
5,0,0,0.0,0,81,0.0,2,1,355,0.0,0
43,6,7,1.167,2,279,2.0,1,1,0,0.0,0
266,16,16,1.0,1,921,1.0,23,16,3713,0.0,0
99,0,0,0.0,0,362,0.0,13,8,2508,0.0,0
308,37,121,3.27,18,2308,2.0,13,7,516,0.0,0
517,49,181,3.694,19,3374,3.204,37,8,239,0.0,0
75,8,20,2.5,6,398,2.375,10,4,358,0.1,1
94,14,24,1.714,3,390,1.571,40,17,2772,0.0,0
294,32,42,1.312,3,1240,1.469,25,10,298,0.0,0
81,4,20,5.0,11,474,1.75,29,12,4934,0.0,0
25,0,0,0.0,0,190,0.0,3,3,1310,0.0,0
30,3,5,1.667,3,216,2.333,4,2,450,0.0,0
690,62,263,4.242,20,4737,3.032,110,13,1185,0.0,0
101,1,3,3.0,3,1680,0.0,105,31,4729,0.0095,0
100,9,26,2.889,7,838,2.556,35,12,1324,0.0571,0
29,0,0,0.0,0,260,0.0,4,1,779,0.0,0
718,62,205,3.306,11,4500,2.613,139,24,2513,0.0647,0
257,25,73,2.92,17,1536,1.96,154,54,6056,0.0325,0
92,9,9,1.0,1,774,1.0,1,1,160,0.0,0
302,44,54,1.227,3,1531,1.114,54,22,2640,0.0,0
152,6,55,9.167,31,1208,2.0,56,21,3423,0.0536,0
127,1,3,3.0,3,1834,0.0,115,34,5065,0.0261,0
738,102,115,1.127,3,4357,1.0,78,49,3038,0.141,1
746,74,210,2.838,11,4742,2.595,159,32,2625,0.0629,0
238,36,53,1.472,3,1315,1.222,39,26,3675,0.0256,0
334,42,45,1.071,2,2408,1.0,3,3,196,0.0,1
140,6,10,1.667,3,642,2.5,56,31,4200,0.0179,0
291,29,29,1.0,1,1569,1.0,16,7,434,0.0,0
6,0,0,0.0,0,40,0.0,0,0,0,0.0,0
48,11,11,1.0,1,281,1.0,1,1,10,0.0,0
176,27,30,1.111,3,984,1.111,50,21,1384,0.02,0
16,1,6,6.0,6,88,3.0,4,3,1013,0.0,0
83,11,23,2.091,4,484,1.364,16,8,557,0.0,0
87,13,16,1.231,3,442,0.923,6,3,448,0.0,0
45,5,22,4.4,8,316,1.4,2,1,567,0.0,0
201,10,45,4.5,9,839,4.7,38,8,1674,0.2895,0
59,13,25,1.923,10,418,1.692,21,6,2053,0.0952,1
1776,112,594,5.304,39,12176,2.473,550,123,5711,0.0073,0
234,14,39,2.786,15,993,3.357,57,24,4557,0.0351,0
27,4,9,2.25,5,132,1.0,0,0,0,0.0,0
48,6,7,1.167,2,220,1.0,3,3,1137,0.0,0
323,34,54,1.588,7,1598,1.0,36,18,3292,0.0278,0
12,0,0,0.0,0,43,0.0,1,1,725,0.0,0
153,31,32,1.032,2,1055,1.032,18,4,559,0.6667,1
409,41,157,3.829,15,2600,1.512,105,21,2820,0.0,0
7,1,1,1.0,1,58,2.0,2,2,9,0.0,0
120,6,32,5.333,13,734,2.0,56,20,2575,0.0,0
79,12,39,3.25,10,823,2.333,13,2,360,0.0,0
222,30,55,1.833,6,945,2.567,26,14,635,0.0385,0
377,37,38,1.027,2,1500,1.0,15,11,1295,0.0,0
26,0,0,0.0,0,197,0.0,1,1,573,0.0,0
134,1,33,33.0,33,658,3.0,15,4,448,0.0,0
102,17,25,1.471,4,741,3.059,13,6,1502,0.0,0
290,33,33,1.0,1,1327,1.061,35,12,1636,0.0286,1
56,11,11,1.0,1,344,1.0,4,4,401,0.0,0
240,32,41,1.281,4,1500,1.719,17,7,533,0.2941,0
714,64,278,4.344,22,4983,3.078,143,26,1693,0.0,0
336,23,38,1.652,4,1951,1.0,33,12,3972,0.0,0
10,0,0,0.0,0,19,0.0,2,2,2452,0.0,0
177,13,50,3.846,15,1084,3.154,2,2,51,0.0,0
244,12,54,4.5,16,1346,2.583,60,24,4617,0.0,0
35,4,4,1.0,1,137,1.0,1,1,249,0.0,0
9,1,1,1.0,1,56,1.0,4,4,1574,0.0,0
509,63,156,2.476,14,3313,1.603,149,36,3791,0.0067,0
108,8,9,1.125,2,686,1.125,4,1,12,0.0,0
285,29,53,1.828,5,1436,1.138,0,0,0,0.0,0
255,25,57,2.28,5,1319,2.56,100,34,3046,0.09,0
205,9,30,3.333,11,933,3.556,82,39,5829,0.0366,0
129,16,20,1.25,4,1006,1.0,5,4,107,0.0,0
184,10,63,6.3,20,1452,1.5,125,24,2872,0.0,0
149,19,36,1.895,6,555,1.211,16,9,1845,0.0625,1
72,12,22,1.833,4,522,3.5,21,13,6195,0.0,0
333,39,91,2.333,9,1734,2.795,118,50,3971,0.0169,1
182,10,17,1.7,4,1063,1.0,1,1,74,0.0,0
291,42,77,1.833,7,1900,2.167,48,20,1471,0.0417,0
520,28,48,1.714,8,1911,1.036,76,34,3381,0.0,0
139,10,12,1.2,3,603,1.0,7,6,1276,0.0,0
127,0,0,0.0,0,1409,0.0,86,5,651,0.0233,1
351,26,105,4.038,15,1891,3.5,96,37,5342,0.0,0
553,53,56,1.057,2,4138,1.038,22,13,242,0.0,0
57,4,19,4.75,9,452,2.25,8,3,1683,0.0,0
321,47,118,2.511,14,1894,1.596,4,1,66,0.0,0
34,6,9,1.5,4,198,1.667,12,9,2566,0.0,0
1891,133,213,1.602,10,10711,1.271,147,38,1819,0.0,0
67,5,19,3.8,9,517,2.0,15,9,3032,0.2,1
539,76,176,2.316,11,3049,2.079,102,13,2110,0.0392,0
999,95,127,1.337,6,3289,1.021,36,15,1228,0.0,0
114,19,29,1.526,3,728,1.474,22,16,1765,0.0,0
108,3,12,4.0,5,779,1.667,19,8,1806,0.0,0
344,54,69,1.278,5,1712,1.185,21,17,3447,0.0,0
217,17,36,2.118,11,1203,1.059,46,21,1840,0.0,0
169,33,65,1.97,6,1345,1.485,20,4,910,0.0,0
267,27,53,1.963,6,1176,2.111,121,49,5396,0.1983,1
519,50,104,2.08,7,2552,2.26,71,33,2733,0.0141,0
178,26,81,3.115,12,804,1.769,26,13,2064,0.0,0
631,31,253,8.161,81,4284,3.452,8,6,67,0.0,0
424,35,89,2.543,10,2376,1.8,223,50,4707,0.0045,0
423,45,135,3.0,12,2561,1.467,99,33,5446,0.0,0
70,7,21,3.0,6,649,2.571,30,11,2741,0.1,0
1502,103,114,1.107,3,8382,1.029,162,62,2250,0.0185,0
77,10,22,2.2,6,367,1.5,32,18,3511,0.0625,0
93,14,21,1.5,3,616,1.143,1,1,6,0.0,0
232,26,67,2.577,23,1592,1.654,11,5,756,0.0,0
18,0,0,0.0,0,74,0.0,10,6,2960,0.0,1
21,2,2,1.0,1,315,1.0,2,1,13,0.0,0
372,28,89,3.179,23,2631,2.107,21,6,1151,0.0,0
47,0,0,0.0,0,317,0.0,5,4,103,0.0,0
683,62,201,3.242,18,4199,2.032,178,61,4456,0.0056,0
1033,79,350,4.43,27,9184,2.443,192,19,1788,0.0104,0
3,0,0,0.0,0,70,0.0,9,3,1183,0.0,0
4533,380,420,1.105,10,29222,1.066,176,87,1035,0.0625,0
18,2,3,1.5,2,95,2.5,8,6,2494,0.0,0
146,15,55,3.667,13,1237,1.733,82,32,4232,0.061,0
134,7,10,1.429,2,360,1.0,82,34,3008,0.0122,0
444,33,49,1.485,4,2347,1.152,34,22,873,0.0,0
29,5,5,1.0,1,119,1.0,0,0,0,0.0,0
2115,250,277,1.108,9,10882,1.196,179,62,3838,0.0,0
197,34,35,1.029,2,1275,1.029,1,1,80,0.0,1
1180,90,408,4.533,21,10537,2.4,241,34,2199,0.0083,0
28,2,5,2.5,3,143,2.5,29,15,1774,0.0,0
450,71,78,1.099,3,2997,1.38,59,10,665,0.0,0
123,7,10,1.429,2,653,1.0,0,0,0,0.0,0
417,34,34,1.0,1,1787,1.0,80,20,1585,0.05,0
37,6,9,1.5,2,300,2.667,5,4,224,0.0,0
244,46,47,1.022,2,1610,1.043,34,14,1752,0.0,0
519,24,113,4.708,19,4967,2.083,207,59,4084,0.0145,0
3,0,0,0.0,0,16429,0.0,60,2,76,0.0,0
1791,249,272,1.092,9,10002,1.185,135,48,2161,0.0,0
3,0,0,0.0,0,6,0.0,1,1,2108,0.0,0
139,8,39,4.875,8,968,5.875,29,5,1098,0.0,0
322,42,45,1.071,3,2407,1.048,8,2,360,0.0,0
129,17,39,2.294,7,607,1.647,10,1,45,0.0,0
367,27,66,2.444,5,1487,2.556,163,68,6055,0.1227,0
1261,85,141,1.659,7,10126,1.424,5,4,153,0.0,0
760,39,270,6.923,26,5289,2.256,120,35,1864,0.0167,0
26,2,10,5.0,8,163,2.5,24,13,4023,0.0417,0
193,25,51,2.04,7,946,1.48,13,4,151,0.0,0
106,19,36,1.895,5,957,3.158,13,3,1761,0.0,0
3,0,0,0.0,0,10,0.0,0,0,0,0.0,0
908,133,306,2.301,18,4772,2.414,182,16,2093,0.0055,0
294,75,126,1.68,6,2972,2.427,62,32,1831,0.0161,0
422,65,66,1.015,2,2188,0.954,5,3,13,0.0,0
308,18,21,1.167,2,1751,1.0,28,21,1318,0.0,0
1203,64,425,6.641,65,7186,2.281,332,62,3916,0.0,0
393,31,32,1.032,2,2347,1.0,33,18,3074,0.0,0
27,3,4,1.333,2,149,1.0,4,3,258,0.0,0
295,26,28,1.077,2,1909,1.038,25,11,1517,0.04,0
346,24,28,1.167,5,1958,1.0,19,11,948,0.0,0
2351,155,192,1.239,7,12535,1.297,156,53,3114,0.0,0
275,19,38,2.0,7,1569,0.842,18,9,1619,0.0,1
1486,153,182,1.19,5,8421,1.17,58,24,388,0.0172,0
28,2,2,1.0,1,93,1.0,9,4,2917,0.0,0
206,35,36,1.029,2,1329,1.029,2,1,81,0.5,1
70,0,0,0.0,0,114,0.0,4,3,2603,0.0,0
149,8,13,1.625,3,386,1.0,90,38,3554,0.0111,0
124,19,35,1.842,4,776,3.158,28,11,969,0.0714,1
514,29,145,5.0,24,3277,1.31,28,1,44,0.0,0
327,32,76,2.375,12,2218,1.719,15,7,560,0.0,0
387,41,137,3.341,41,3815,3.098,25,6,1519,0.0,0
810,65,317,4.877,27,5688,3.323,165,31,1867,0.0,0
109,21,31,1.476,3,690,1.0,16,11,1726,0.0,0
309,26,37,1.423,3,1792,1.0,8,5,257,0.0,0
50,1,10,10.0,10,663,0.0,7,6,195,0.0,0
113,14,40,2.857,15,928,2.643,31,12,2136,0.0,0
367,48,62,1.292,4,2202,1.146,17,15,1021,0.0,0
834,56,95,1.696,5,6030,1.143,16,12,196,0.0,0
830,96,246,2.562,9,4000,2.833,239,88,5217,0.0042,0
724,80,212,2.65,13,5448,2.35,236,61,4384,0.0297,1
5,0,0,0.0,0,16,0.0,2,2,234,0.0,0
988,67,176,2.627,10,4402,3.746,224,90,6211,0.0893,1
802,65,313,4.815,27,5653,3.323,172,33,1922,0.0,0
1448,105,407,3.876,35,8625,3.029,379,109,3588,0.0475,0
31,0,0,0.0,0,60,0.0,13,2,32,0.0769,0
529,82,90,1.098,3,2585,1.476,36,15,2033,0.0,0
619,80,188,2.35,14,3251,1.625,181,60,5629,0.0276,0
34,5,8,1.6,4,298,2.6,12,9,3101,0.0,0
227,44,46,1.045,2,1154,1.091,7,6,163,0.0,0
98,10,10,1.0,1,514,1.0,4,4,440,0.0,0
206,3,52,17.333,49,1037,2.333,33,8,1497,0.0,0
55,3,31,10.333,13,475,2.0,2,1,40,0.0,0
469,29,32,1.103,3,1686,1.0,9,5,116,0.0,0
89,15,26,1.733,4,840,2.4,17,7,1002,0.0,0
512,43,47,1.093,4,2185,1.093,16,7,176,0.0,0
56,8,8,1.0,1,280,1.0,10,7,1295,0.1,1
866,96,113,1.177,5,4640,1.542,72,31,3068,0.6667,1
1842,65,139,2.138,13,6121,1.123,27,21,1417,0.0,1
378,23,104,4.522,22,1720,1.696,146,50,5367,0.0137,0
178,13,13,1.0,1,636,1.0,0,0,0,0.0,0
831,96,247,2.573,10,3998,2.833,245,90,5401,0.0041,1
77,5,5,1.0,1,346,1.0,3,3,2351,0.0,0
15,0,0,0.0,0,42,0.0,2,2,2793,0.0,0
191,29,79,2.724,14,1563,1.862,62,2,179,0.0,0
278,31,65,2.097,8,1865,1.0,6,5,742,0.0,0
198,24,77,3.208,12,973,1.792,14,3,468,0.0,0
15,3,4,1.333,2,65,1.0,1,1,8,0.0,0
820,111,113,1.018,2,2687,1.216,2,2,27,0.0,0
367,18,100,5.556,49,1959,1.722,57,20,626,0.0,0
1913,223,524,2.35,13,9066,2.175,333,65,3380,0.015,0
77,15,15,1.0,1,484,1.0,1,1,6,0.0,0
18,4,4,1.0,1,78,1.5,0,0,0,0.0,0
337,13,13,1.0,1,2097,1.0,8,4,528,0.0,0
215,30,92,3.067,9,1162,2.4,5,2,69,0.0,0
118,6,17,2.833,7,523,5.5,26,14,5613,0.0,0
32,6,6,1.0,1,406,1.0,9,4,613,0.0,0
24,2,2,1.0,1,98,1.0,0,0,0,0.0,0
10,0,0,0.0,0,98,0.0,3,2,1388,0.0,0
114,19,21,1.105,2,475,0.842,1,1,68,0.0,0
298,27,34,1.259,3,1626,1.074,18,8,1335,0.0556,0
90,11,21,1.909,3,515,1.727,25,15,3157,0.0,0
173,10,36,3.6,11,1265,0.9,19,8,2007,0.0,0
306,18,21,1.167,2,1732,1.0,32,23,1388,0.0,0
118,22,40,1.818,5,707,2.045,24,7,1898,0.0833,0
146,20,26,1.3,2,647,1.55,5,5,2074,0.4,1
4,0,0,0.0,0,31,0.0,13,6,3160,0.0769,0
42,4,6,1.5,3,772,2.25,12,5,580,0.0,0
152,27,45,1.667,6,889,2.148,4,2,6,0.0,0
76,13,13,1.0,1,327,1.0,13,9,1924,0.0,1
138,6,23,3.833,12,514,2.0,22,12,2432,0.0,1
221,30,54,1.8,6,941,2.567,24,14,574,0.0417,0
53,3,32,10.667,15,414,2.0,9,1,174,0.2222,1
312,25,104,4.16,14,1630,2.24,39,16,1480,0.0,0
693,95,211,2.221,20,2951,3.021,86,33,1887,0.0,0
573,56,62,1.107,3,3107,1.018,64,35,2030,0.0,0
806,41,295,7.195,26,5883,2.317,149,43,2420,0.0134,0
61,4,9,2.25,3,398,1.75,4,2,369,0.0,0
348,40,40,1.0,1,2556,1.0,24,17,2553,0.0,0
51,6,7,1.167,2,331,1.0,10,5,1069,0.0,0
283,35,50,1.429,7,1594,1.114,46,20,1422,0.0,0
59,13,13,1.0,1,354,1.0,6,5,1029,0.0,0
84,1,3,3.0,3,431,1.0,10,4,936,0.0,1
9,0,0,0.0,0,46,0.0,1,1,827,0.0,0
401,51,107,2.098,8,2590,2.039,185,26,3161,0.0054,0
473,43,50,1.163,2,2399,1.698,60,35,1422,0.0167,0
39,1,7,7.0,7,191,3.0,4,4,1383,0.0,0
425,47,57,1.213,6,3240,1.0,45,16,2361,0.0444,1
1672,166,220,1.325,8,8431,1.0,134,52,3016,0.0075,0
448,18,18,1.0,1,2204,1.0,13,8,1074,0.0,0
1188,75,361,4.813,37,6337,3.267,327,104,5700,0.0031,0
12,0,0,0.0,0,22287,0.0,122,4,320,0.0082,0
289,22,80,3.636,13,1773,2.364,75,16,1765,0.0933,0
294,75,126,1.68,6,2975,2.427,63,32,1919,0.0159,0
360,36,49,1.361,3,2317,1.222,4,4,116,0.0,0
549,80,178,2.225,14,3067,1.562,133,39,3797,0.0376,0
397,46,100,2.174,6,1910,2.63,29,16,772,0.0345,0
239,34,37,1.088,2,1596,1.029,36,8,615,0.0,0
136,10,12,1.2,3,681,1.0,17,11,1589,0.0,0
9,1,3,3.0,3,37,2.0,8,6,3151,0.0,1
662,85,204,2.4,26,2830,3.024,82,31,1675,0.0,0
108,15,27,1.8,6,324,0.4,8,4,385,0.0,0
45,5,5,1.0,1,266,1.0,2,2,67,0.0,0
660,62,203,3.274,17,4145,2.032,166,58,3908,0.006,0
49,7,11,1.571,3,218,1.429,10,7,3244,0.0,0
281,25,83,3.32,12,1777,3.44,45,15,2052,0.0,0
1050,105,374,3.562,23,7615,2.181,368,75,3682,0.0,0
859,51,197,3.863,21,5199,3.0,72,9,521,0.0278,0
112,13,43,3.308,14,832,1.308,4,3,1892,0.0,0
175,14,35,2.5,8,733,1.571,127,17,2669,0.0,0
68,10,12,1.2,3,390,1.0,3,2,188,0.3333,0
21,2,7,3.5,6,115,1.5,10,5,3018,0.0,0
33,12,15,1.25,3,141,1.417,36,17,5945,0.0,0
68,5,5,1.0,1,323,1.0,4,3,249,0.0,0
1295,124,457,3.685,25,8666,2.266,509,125,5133,0.0,0
3314,315,350,1.111,10,21975,1.076,55,31,249,0.0364,0
260,22,51,2.318,5,1289,2.364,79,24,2604,0.0633,1
86,18,36,2.0,5,702,2.111,12,9,2604,0.0,0
310,30,91,3.033,8,1450,2.267,81,34,2689,0.0123,0
4468,189,248,1.312,9,22475,1.196,159,69,4035,0.0063,0
362,74,130,1.757,6,3115,2.527,79,42,2646,0.0127,0
10,0,0,0.0,0,90,0.0,0,0,0,0.0,0
7,0,0,0.0,0,27,0.0,2,2,742,0.0,0
178,38,57,1.5,4,1033,1.605,22,7,1526,0.0455,0
359,14,111,7.929,37,1916,3.286,116,49,4259,0.0,0
904,70,346,4.943,36,6025,3.229,274,76,3343,0.0036,0
48,6,7,1.167,2,308,2.0,0,0,0,0.0,0
556,31,36,1.161,6,1805,0.968,13,9,385,0.0,0
178,9,40,4.444,21,880,2.667,16,10,2940,0.0,0
354,13,106,8.154,28,1979,2.385,55,12,1766,0.0,0
486,19,148,7.789,55,2923,3.526,33,1,417,0.0,0
219,19,40,2.105,7,1079,1.737,48,18,2700,0.0,0
172,15,66,4.4,13,1558,1.4,15,8,1686,0.3333,0
63,4,4,1.0,1,311,1.0,9,6,3534,0.0,0
312,44,56,1.273,4,1841,1.159,10,9,748,0.0,0
429,32,52,1.625,5,3079,1.094,12,9,217,0.0,0
1486,153,182,1.19,5,8422,1.17,62,25,419,0.0161,1
1,10,14,1.4,5,118,0.3,1,1,659,0.0,0
59,4,12,3.0,4,298,2.0,15,8,2873,0.0,1
182,7,10,1.429,2,426,1.0,13,9,4517,0.0,0
99,10,27,2.7,7,682,2.2,61,13,3127,0.0164,0
131,18,44,2.444,8,766,1.833,32,18,2402,0.0,1
146,10,23,2.3,9,789,3.5,24,9,2323,0.0417,0
407,66,137,2.076,8,2376,1.924,72,8,1645,0.0417,0
57,4,7,1.75,3,253,1.5,3,2,1085,0.0,0
16,2,4,2.0,3,96,2.5,3,1,885,0.0,0
65,3,18,6.0,9,544,1.667,11,5,289,0.0,0
314,39,56,1.436,8,1865,1.333,3,3,118,0.3333,0
158,29,47,1.621,7,841,1.793,73,27,4330,0.0,0
473,62,66,1.065,2,3196,1.0,36,27,1063,0.1111,0
575,75,81,1.08,3,3391,0.987,39,23,1157,0.1026,0
1172,63,94,1.492,15,6217,1.397,91,21,537,0.0,0
1132,109,154,1.413,4,5998,1.11,119,54,2711,0.0252,0
182,11,11,1.0,1,1069,1.0,9,4,281,0.0,0
511,72,168,2.333,11,2907,2.125,94,12,1961,0.0426,0
54,7,7,1.0,1,248,1.714,5,1,567,0.0,0
84,9,9,1.0,1,468,1.333,7,6,520,0.1429,0
135,12,45,3.75,11,815,1.167,66,22,3939,0.1667,1
781,90,149,1.656,19,5207,1.011,57,11,1625,0.1228,0
50,7,7,1.0,1,252,1.0,8,7,2000,0.0,0
285,28,81,2.893,14,1712,2.821,75,24,4207,0.0,0
84,6,17,2.833,6,322,2.167,12,12,2490,0.0,0
37,4,4,1.0,1,205,1.0,1,1,67,0.0,0
20,1,7,7.0,7,210,5.0,6,4,2076,0.0,0
337,57,60,1.053,2,1969,1.0,6,3,181,0.0,0
43,3,3,1.0,1,206,1.667,60,16,5671,0.0,0
307,65,126,1.938,8,1881,1.785,63,12,2558,0.0,0
464,36,151,4.194,51,2817,1.528,93,21,2683,0.0215,0
611,73,86,1.178,7,3253,1.219,24,17,264,0.2083,0
202,22,27,1.227,4,1387,1.0,34,16,844,0.0294,0
219,27,69,2.556,13,1727,1.926,35,3,200,0.0,0
309,27,63,2.333,5,1422,2.593,136,52,4189,0.0882,1
453,48,119,2.479,9,2872,3.583,166,55,3833,0.0783,0
1125,74,484,6.541,64,8669,2.878,14,1,24,0.0,0
825,36,292,8.111,25,5480,2.278,107,32,1793,0.0187,0
301,27,83,3.074,14,2000,2.333,130,40,2820,0.0769,0
26,2,2,1.0,1,132,1.0,3,3,834,0.0,0
445,33,78,2.364,9,1824,2.818,95,34,3782,0.2316,1
259,24,26,1.083,2,1016,1.042,13,6,353,0.0,0
434,12,21,1.75,9,4975,1.417,23,4,242,0.0,0
115,10,18,1.8,5,518,2.3,41,16,1631,0.0244,0
1144,122,140,1.148,5,7450,1.131,58,11,1873,0.0,0
117,15,29,1.933,8,720,2.067,52,22,3914,0.0,0
1228,120,446,3.717,25,8522,2.25,486,118,4832,0.0,0
22,4,4,1.0,1,128,1.75,2,1,122,0.0,0
211,26,66,2.538,13,1671,1.962,31,2,33,0.0,0
211,24,26,1.083,2,968,0.917,8,7,165,0.125,1
54,1,5,5.0,5,303,3.0,3,2,1214,0.0,0
316,46,104,2.261,8,1899,2.848,9,4,122,0.1111,0
891,97,115,1.186,5,4774,1.557,76,32,3079,0.6711,1
153,19,39,2.053,16,998,0.632,14,10,1619,0.0,1
81,2,23,11.5,22,631,4.5,42,25,6384,0.0,0
578,65,76,1.169,4,3519,1.015,44,27,1392,0.0227,1
434,45,52,1.156,2,2078,1.022,27,9,1187,0.037,0
86,0,0,0.0,0,345,0.0,23,15,3268,0.0,0
540,74,78,1.054,3,2428,1.0,14,9,306,0.0,0
21,0,0,0.0,0,120,0.0,1,1,0,0.0,0
607,57,63,1.105,3,3029,1.684,78,47,2635,0.0128,0
270,12,70,5.833,16,1428,2.417,70,28,2534,0.0,0
314,22,59,2.682,11,2574,1.045,39,10,896,0.0,0
195,27,49,1.815,6,820,2.704,16,6,307,0.0625,0
501,56,65,1.161,3,2504,1.161,37,22,2318,0.027,0
1832,159,573,3.604,27,10094,2.214,558,153,6104,0.0,0
5,0,0,0.0,0,23,0.0,2,2,396,0.0,0
38,8,10,1.25,2,307,1.625,12,4,501,0.0,0
1504,111,558,5.027,33,11911,2.441,480,109,4903,0.0042,0
130,11,15,1.364,2,920,1.091,20,6,294,0.0,0
283,45,48,1.067,2,1663,1.111,14,9,737,0.4286,1
209,0,0,0.0,0,2363,0.0,148,9,1660,0.0473,0
1023,104,386,3.712,23,7625,2.221,199,16,2128,0.0,0
318,30,88,2.933,17,1712,1.967,163,59,6964,0.0368,1
281,30,40,1.333,3,1199,1.5,31,12,388,0.0,0
157,24,24,1.0,1,523,1.0,3,3,1747,0.3333,0
720,69,104,1.507,8,4055,0.986,27,20,960,0.0,0
625,29,34,1.172,5,3339,1.069,14,4,310,0.0,0
304,36,88,2.444,6,1681,2.583,6,2,75,0.0,0
796,84,273,3.25,16,6046,2.619,129,11,1652,0.0,0
2,0,0,0.0,0,3,0.0,0,0,0,0.0,0
158,27,53,1.963,12,1215,2.111,22,8,1443,0.0,0
28,4,4,1.0,1,408,1.0,3,2,71,0.0,0
775,93,119,1.28,6,4694,1.118,95,45,3268,0.0316,0
13,0,0,0.0,0,45,0.0,5,5,2045,0.2,0
45,3,22,7.333,11,236,2.0,19,11,4124,0.0,0
31,2,20,10.0,13,152,1.0,25,5,995,0.0,0
197,16,41,2.562,9,1346,2.562,18,9,1411,0.0,0
275,39,41,1.051,2,1755,0.974,18,13,1708,0.0,1
179,14,36,2.571,9,758,1.571,132,20,2797,0.0,0
340,41,107,2.61,8,1574,3.024,75,36,3667,0.0133,0
40,2,7,3.5,5,202,4.5,12,7,1752,0.0,0
5,0,0,0.0,0,17,0.0,4,2,3164,0.0,0
145,17,26,1.529,4,912,1.235,24,11,1256,0.0,0
1168,94,194,2.064,9,6576,1.043,66,32,2408,0.0,0
334,35,36,1.029,2,1830,1.114,3,3,237,0.0,0
1625,241,516,2.141,15,7562,2.212,279,93,6241,0.0036,0
29,1,6,6.0,6,232,3.0,17,11,2624,0.0,0
33,0,0,0.0,0,268,0.0,16,8,3199,0.0,0
576,45,66,1.467,5,4041,1.111,52,32,1421,0.0192,0
232,40,40,1.0,1,959,1.075,34,16,1095,0.0,0
20,4,4,1.0,1,116,1.0,3,3,300,0.0,0
14,3,3,1.0,1,155,1.0,3,3,397,0.0,0
164,15,36,2.4,14,1511,2.0,15,4,482,0.7333,1
131,12,41,3.417,11,758,1.5,47,23,3838,0.0638,0
206,19,19,1.0,1,1044,1.0,3,3,242,0.0,0
649,89,103,1.157,3,3909,1.315,41,20,725,0.0,0
1074,107,382,3.57,24,7630,2.28,422,95,4102,0.0,0
157,15,40,2.667,9,937,1.667,35,4,474,0.0,0
64,9,9,1.0,1,3268,1.0,13,4,44,0.0,0
4,1,1,1.0,1,23,2.0,2,2,236,0.0,0
80,3,13,4.333,7,534,2.333,14,11,2415,0.0,0
31,3,3,1.0,1,156,1.0,2,2,15,0.0,0
256,38,102,2.684,10,1872,1.553,54,21,1793,0.0185,0
620,70,189,2.7,15,4729,2.3,88,11,1592,0.0227,1
14,2,2,1.0,1,351,1.0,3,1,117,0.0,0
72,11,14,1.273,3,379,1.0,6,5,581,0.0,0
2201,236,584,2.475,21,9148,2.093,512,139,6415,0.0098,0
5,1,1,1.0,1,14,1.0,1,1,249,0.0,0
62,5,5,1.0,1,223,1.0,9,8,989,0.0,0
1144,49,404,8.245,46,7346,2.245,267,78,4101,0.0075,0
77,7,7,1.0,1,386,1.0,7,3,2381,0.0,0
18,3,3,1.0,1,1479,1.0,16,1,44,0.0,0
219,19,45,2.368,4,1306,1.263,16,6,1591,0.0,0
1078,110,411,3.736,30,7988,2.236,226,22,2389,0.0,0
1083,107,127,1.187,5,5233,1.477,84,32,3268,0.6786,0
32,0,0,0.0,0,145,0.0,3,1,60,0.0,0
136,16,17,1.062,2,645,2.25,9,4,650,0.0,0
379,43,50,1.163,3,1778,1.233,39,12,1539,0.1538,1
168,16,51,3.188,13,1249,2.25,18,9,1341,0.0,0
309,39,115,2.949,13,2077,1.692,105,44,4358,0.0095,0
7,1,2,2.0,2,38,2.0,3,3,1871,0.0,0
1235,100,117,1.17,3,7034,1.04,145,67,2468,0.0,0
65,9,10,1.111,2,259,1.0,2,2,249,0.0,0
124,4,6,1.5,3,925,1.5,6,5,652,0.0,0
868,41,83,2.024,11,4370,1.122,8,5,406,0.0,0
6,0,0,0.0,0,84,0.0,2,1,355,0.0,0
241,38,42,1.105,3,1566,1.105,16,8,825,0.0,0
37,8,11,1.375,3,250,0.875,26,9,2424,0.0385,1
130,17,41,2.412,8,735,1.882,18,9,689,0.0,0
10,2,2,1.0,1,122,1.5,4,3,460,0.0,0
574,63,76,1.206,6,4090,1.0,54,23,750,0.1111,0
985,185,358,1.935,13,5244,2.319,167,63,4231,0.006,0
8,1,1,1.0,1,1251,1.0,14,3,394,0.0,0
311,34,38,1.118,3,2122,1.0,78,33,3112,0.0385,0
67,1,10,10.0,10,411,2.0,14,7,1715,0.0,0
372,38,48,1.263,6,2728,1.0,31,6,1811,0.0645,0
26,4,8,2.0,5,151,2.0,12,3,793,0.0,0
238,8,31,3.875,8,930,2.875,58,24,4567,0.0172,0
528,20,23,1.15,2,6772,1.25,102,13,1589,0.0,0
187,18,52,2.889,11,1630,2.333,0,0,0,0.0,0
954,54,71,1.315,4,5340,1.519,49,31,2429,0.0,0
100,21,24,1.143,2,580,1.143,19,14,1357,0.1053,0
882,98,115,1.173,5,4762,1.531,73,31,3068,0.6712,1
300,47,61,1.298,5,1567,1.191,9,8,1041,0.0,0
45,6,6,1.0,1,249,1.0,0,0,0,0.0,0
82,4,22,5.5,9,527,4.0,18,10,1897,0.0,0
12,1,1,1.0,1,58,1.0,4,3,368,0.0,0
303,37,69,1.865,5,1682,2.946,43,11,1419,0.0,0
179,11,32,2.909,18,1429,2.091,0,0,0,0.0,0
245,22,27,1.227,5,1934,1.182,18,14,1376,0.0,0
228,19,35,1.842,4,1429,1.316,8,3,932,0.0,0
147,10,23,2.3,9,801,3.5,27,10,2364,0.037,0
219,47,47,1.0,1,1192,1.0,12,8,393,0.0833,0
197,11,60,5.455,13,802,3.364,35,18,2045,0.0,0
358,23,109,4.739,18,1955,2.13,232,69,4889,0.0172,0
251,26,100,3.846,31,2213,2.615,112,30,3012,0.0,0
98,0,0,0.0,0,1115,0.0,49,3,267,0.0204,0
37,4,4,1.0,1,181,0.5,13,9,1422,0.0,0
24,0,0,0.0,0,133,0.0,14,9,4019,0.0,0
424,45,135,3.0,12,2569,1.467,101,34,5583,0.0,0
278,34,53,1.559,4,1355,1.147,29,24,2646,0.069,1
1542,107,340,3.178,28,6610,2.252,434,107,5769,0.0023,0
370,36,44,1.222,3,1710,1.028,28,12,334,0.0,0
447,41,44,1.073,2,2190,0.976,24,17,1958,0.0417,0
358,21,84,4.0,18,2196,1.286,2,1,2,0.0,0
1540,54,465,8.611,53,8088,2.278,319,94,4727,0.0063,0
644,85,229,2.694,16,3611,1.929,54,5,599,0.0,0
763,83,98,1.181,6,5187,1.024,63,26,848,0.0952,0
17,2,2,1.0,1,583,2.0,8,3,571,0.0,0
498,34,38,1.118,2,2136,1.118,21,16,1175,0.0,0
1798,157,567,3.611,27,9983,2.217,545,147,5844,0.0,0
329,16,117,7.312,28,2056,1.688,7,1,3,0.0,0
1088,96,406,4.229,30,8054,2.219,242,29,2505,0.0,0
97,4,29,7.25,17,592,1.75,23,12,1738,0.0,0
230,23,26,1.13,3,1090,1.174,7,6,189,0.0,0
272,31,33,1.065,2,1998,1.0,30,6,827,0.2667,1
40,7,8,1.143,2,315,1.0,5,3,403,0.0,0
252,20,46,2.3,8,1693,1.65,203,32,3782,0.0049,0
227,22,72,3.273,15,1566,1.818,39,12,2488,0.0,0
5,0,0,0.0,0,22,0.0,4,3,2036,0.0,0
358,45,124,2.756,11,2271,1.867,27,16,611,0.1111,0
225,11,78,7.091,18,1780,1.455,164,44,4334,0.0,0
325,23,40,1.739,5,1735,1.261,14,9,997,0.0,0
86,11,21,1.909,3,507,1.727,24,14,3105,0.0,0
665,56,84,1.5,5,2730,2.464,43,25,727,0.0233,0
736,73,207,2.836,11,4662,2.616,144,26,2566,0.0625,0
223,26,54,2.077,6,1156,1.615,38,13,3524,0.0,0
1533,98,119,1.214,7,7536,1.163,163,77,4461,0.0307,0
475,62,72,1.161,3,2062,1.0,27,19,2283,0.037,0
203,21,61,2.905,8,896,2.095,51,14,1455,0.0,0
48,4,6,1.5,2,159,2.75,0,0,0,0.0,0
1094,108,311,2.88,13,6270,2.5,307,90,5558,0.0586,0
537,17,20,1.176,2,6539,1.118,84,10,878,0.0,0
87,9,22,2.444,8,461,3.0,10,5,1448,0.0,0
12,0,0,0.0,0,48,0.0,4,3,883,0.0,0
76,11,23,2.091,8,455,2.0,37,23,4938,0.027,0
21,0,0,0.0,0,166,0.0,6,4,1166,0.0,0
4581,374,413,1.104,10,30270,1.067,151,71,852,0.053,1
4603,180,216,1.2,7,13880,1.272,185,64,4192,0.0,0
160,16,19,1.188,3,889,0.875,10,6,567,0.0,0
1742,212,490,2.311,13,8503,2.108,379,78,3916,0.0132,0
203,26,70,2.692,8,1288,2.231,38,3,830,0.0,0
186,9,42,4.667,17,857,2.778,61,25,4826,0.0,0
266,10,16,1.6,4,1264,1.3,15,11,387,0.0,0
699,58,86,1.483,5,2843,2.448,62,33,1149,0.0323,1
65,8,9,1.125,2,494,1.0,4,2,366,0.0,0
298,31,32,1.032,2,1783,1.0,10,8,302,0.0,0
198,14,14,1.0,1,756,1.0,16,14,1313,0.0,0
100,12,24,2.0,7,599,2.0,18,11,4078,0.0,0
558,84,180,2.143,7,3370,2.893,94,31,1920,0.0106,0
901,90,260,2.889,13,5444,2.478,249,62,3819,0.0643,0
411,48,54,1.125,3,2195,1.125,29,16,1888,0.0,1
461,64,69,1.078,3,2600,1.094,35,23,1667,0.5143,1
28,2,6,3.0,4,106,2.0,0,0,0,0.0,0
186,15,66,4.4,13,1586,1.4,6,3,916,0.6667,0
27,0,0,0.0,0,56,0.0,9,2,32,0.1111,0
47,9,12,1.333,2,286,2.222,37,17,7507,0.027,0
190,13,50,3.846,8,958,2.923,24,3,304,0.0,0
196,10,25,2.5,9,942,1.0,36,10,4016,0.0,0
1517,157,186,1.185,5,8503,1.166,71,27,579,0.0282,0
12,1,1,1.0,1,98,1.0,8,6,2294,0.0,0
30,4,5,1.25,2,261,2.0,26,9,3005,0.0,0
302,8,54,6.75,15,1396,1.75,143,27,3109,0.021,0
64,6,19,3.167,4,296,1.0,10,3,590,0.3,1
1174,75,303,4.04,32,7131,3.013,197,32,1796,0.0558,0
53,6,10,1.667,3,329,1.0,3,3,203,0.0,0
105,23,33,1.435,4,471,1.739,5,3,77,0.0,0
210,7,62,8.857,42,1022,3.143,60,30,4874,0.0167,0
19,0,0,0.0,0,146,0.0,15,12,1998,0.0,1
1390,64,429,6.703,37,9869,2.594,75,5,312,0.0,0
241,22,78,3.545,14,1642,1.636,76,38,4231,0.6316,1
996,123,130,1.057,3,5083,1.089,66,33,1754,0.1515,1
67,7,9,1.286,2,407,1.0,3,2,350,0.0,0
40,1,1,1.0,1,170,1.0,15,8,1974,0.0,0
14,0,0,0.0,0,46,0.0,21,6,1339,0.0,1
524,62,162,2.613,14,3372,1.629,133,29,3306,0.0075,0
5,0,0,0.0,0,20,0.0,3,3,532,0.0,0
195,27,49,1.815,6,820,2.704,15,6,274,0.0667,0
64,3,3,1.0,1,305,1.0,16,11,4504,0.0,1
72,6,21,3.5,11,506,2.167,29,2,969,0.0,0
355,36,110,3.056,11,1735,3.0,93,32,3843,0.0215,0
200,9,66,7.333,17,1493,2.889,30,13,1482,0.0,0
139,22,39,1.773,7,739,1.864,64,24,3668,0.0,0
127,11,11,1.0,1,304,1.455,4,4,521,0.0,0
1288,90,354,3.933,32,7799,3.022,282,64,2399,0.0496,0
37,0,0,0.0,0,176,0.0,27,2,32,0.0741,0
301,75,127,1.693,6,2988,2.413,68,35,1993,0.0147,0
1669,166,220,1.325,8,8415,1.0,136,52,3163,0.0074,0
649,129,211,1.636,9,6189,1.938,257,38,3154,0.0,0
281,19,22,1.158,3,3874,1.421,16,12,369,0.0,0
1,8,12,1.5,5,100,0.375,0,0,0,0.0,0
1349,156,162,1.038,3,3975,1.224,29,20,2602,0.0,0
645,81,105,1.296,6,4265,1.148,81,37,2364,0.0123,0
319,38,76,2.0,8,1768,2.921,53,13,1612,0.0,0
1146,48,89,1.854,19,12105,1.188,14,9,153,0.0,0
831,105,112,1.067,3,4039,0.914,56,33,1380,0.0,0
76,10,13,1.3,3,365,1.1,7,7,1073,0.0,0
2757,275,323,1.175,5,16922,1.029,83,31,673,0.0,0
163,11,12,1.091,2,902,1.0,9,7,2351,0.0,0
1618,99,143,1.444,9,15045,1.232,38,25,408,0.0,0
30,4,5,1.25,2,142,1.5,7,6,1429,0.0,0
16,1,7,7.0,7,110,1.0,13,7,1425,0.4615,0
341,35,75,2.143,7,1651,3.057,44,25,1836,0.0,0
126,10,22,2.2,8,715,3.5,22,7,2095,0.0,1
23,2,2,1.0,1,157,1.0,4,4,564,0.0,0
475,102,170,1.667,9,4217,1.912,114,17,2289,0.0,0
35,5,6,1.2,2,174,1.0,8,4,695,0.0,0
101,12,28,2.333,7,697,2.833,23,12,3435,0.0,0
182,7,10,1.429,4,423,1.571,3,3,2521,0.0,0
199,39,68,1.744,5,1305,1.667,56,25,3736,0.0357,0
185,20,24,1.2,3,837,1.0,8,5,590,0.0,0
293,23,55,2.391,6,1401,2.391,89,30,2694,0.1011,0
266,16,43,2.688,11,1284,1.75,126,33,5398,0.0,0
184,27,82,3.037,12,844,1.778,17,9,1674,0.0,0
397,17,116,6.824,26,2190,2.0,88,25,2356,0.0,0
184,19,36,1.895,4,1024,1.947,65,24,2535,0.0,0
183,17,17,1.0,1,665,1.824,7,7,192,0.0,0
73,8,17,2.125,7,897,2.375,7,5,1904,0.0,0
161,14,14,1.0,1,949,1.0,9,6,236,0.0,0
1266,100,468,4.68,25,10743,2.39,377,79,3488,0.0053,0
1581,83,474,5.711,94,7065,3.699,162,63,3307,0.0,0
126,12,42,3.5,8,596,2.083,18,4,723,0.0,0
3511,332,370,1.114,5,18861,1.018,212,76,3330,0.0,1
20,5,5,1.0,1,101,0.8,7,3,248,0.0,0
672,96,236,2.458,17,3529,2.031,39,5,371,0.0,0
421,36,158,4.389,35,2650,2.056,126,33,1567,0.0,0
60,11,11,1.0,1,391,1.0,5,4,411,0.0,0
259,0,0,0.0,0,1840,0.0,17,12,1213,0.0,0
1505,114,433,3.798,32,8835,3.0,422,128,4561,0.0474,0
281,1,1,1.0,1,2759,1.0,338,68,5972,0.0503,0
2087,206,249,1.209,5,13303,1.019,8,2,84,0.0,0
82,12,19,1.583,4,587,1.833,43,16,2934,0.0,0
459,67,86,1.284,4,3112,1.119,23,7,957,0.0,0
271,41,63,1.537,5,1634,2.073,143,53,3914,0.035,0
58,9,9,1.0,1,344,1.778,3,3,579,0.0,0
256,14,75,5.357,17,1631,2.143,12,2,369,0.1667,0
1392,118,140,1.186,3,5081,1.161,73,38,3491,0.137,1
83,0,0,0.0,0,349,0.0,148,9,1376,0.0068,0
259,12,73,6.083,14,1386,2.417,55,22,1975,0.0,0
53,5,6,1.2,2,301,1.0,13,6,720,0.0,0
198,16,30,1.875,8,1078,1.0,26,18,1376,0.2308,0
48,7,19,2.714,5,284,2.0,0,0,0,0.0,0
78,7,28,4.0,9,394,2.286,45,23,4207,0.0,0
41,11,11,1.0,1,191,3.182,4,4,564,0.0,0
53,7,8,1.143,2,4465,1.0,47,8,575,0.0,0
54,4,10,2.5,4,225,1.5,10,6,2718,0.4,1
33,0,0,0.0,0,211,0.0,0,0,0,0.0,0
80,19,19,1.0,1,446,1.053,1,1,8,0.0,0
20,1,5,5.0,5,143,3.0,8,2,576,0.0,0
631,88,102,1.159,3,3760,1.33,48,21,743,0.0,0
147,25,59,2.36,6,905,3.0,5,4,122,0.0,0
933,89,262,2.944,13,5720,2.506,229,55,3567,0.0524,1
138,20,29,1.45,4,824,1.05,9,7,666,0.0,0
326,32,32,1.0,1,1795,1.0,31,13,1341,0.0,0
377,62,69,1.113,3,2349,1.371,35,6,484,0.0,0
36,1,4,4.0,4,166,2.0,15,12,3703,0.0,0
1310,153,159,1.039,3,3854,1.229,27,19,2506,0.0,0
289,33,93,2.818,7,1360,2.121,30,9,976,0.0,0
99,3,23,7.667,12,605,3.0,28,7,1827,0.0,0
264,0,0,0.0,0,2665,0.0,206,15,2354,0.0437,0
993,71,163,2.296,9,6344,1.056,50,11,780,0.0,0
272,22,70,3.182,9,1696,2.364,53,9,950,0.1132,1
155,27,27,1.0,1,1125,1.0,6,5,202,0.1667,0
311,35,44,1.257,4,1497,1.371,25,15,923,0.0,0
828,12,62,5.167,21,3670,2.167,88,11,1945,0.0114,0
89,8,17,2.125,4,343,1.875,51,19,3586,0.0,0
58,4,7,1.75,3,256,1.5,6,5,1424,0.0,0
1894,77,595,7.727,68,9011,2.416,483,125,6629,0.0,0
66,2,14,7.0,9,380,3.0,2,1,42,0.0,0
7,1,1,1.0,1,212,1.0,3,3,392,0.0,0
164,16,16,1.0,1,1123,1.0,5,3,320,0.0,0
4,0,0,0.0,0,22,0.0,7,6,3091,0.0,0
70,4,4,1.0,1,274,1.0,2,2,6,0.0,0
2633,235,274,1.166,10,17630,1.043,165,21,1381,0.0485,0
719,123,306,2.488,29,4225,2.854,40,3,251,0.0,0
305,52,104,2.0,6,2193,3.173,50,5,628,0.0,0
247,26,61,2.346,17,1090,4.077,20,14,2728,0.0,0
137,31,55,1.774,8,776,3.323,10,2,158,0.0,0
246,5,64,12.8,30,1319,2.6,71,14,807,0.0,0
27,2,2,1.0,1,91,1.0,3,2,65,0.0,0
136,14,32,2.286,7,580,1.429,21,1,366,0.0,0
381,11,64,5.818,18,1858,2.727,221,42,3944,0.0226,0
14,0,0,0.0,0,58,0.0,1,1,1,0.0,0
665,56,83,1.482,5,2731,2.464,41,25,709,0.0244,0
478,64,131,2.047,7,2804,1.375,45,31,2867,0.0,0
92,7,35,5.0,9,766,2.857,70,21,3670,0.1143,0
556,62,86,1.387,5,3739,1.548,30,20,681,0.0,0
3586,340,378,1.112,5,19191,1.018,234,79,4530,0.0043,0
421,3,17,5.667,7,1695,3.0,3,1,2,0.0,1
327,34,35,1.029,2,1858,1.029,15,11,569,0.0,0
313,29,107,3.69,16,2118,1.897,120,50,2833,0.0,0
1971,140,159,1.136,4,11596,1.05,69,30,923,0.0145,0
82,11,11,1.0,1,571,1.0,1,1,153,0.0,0
66,5,12,2.4,4,287,1.6,11,4,1003,0.0,0
38,2,10,5.0,8,182,2.0,15,5,3422,0.4,1
299,48,49,1.021,2,1197,1.0,13,8,535,0.0,0
709,48,50,1.042,2,4514,1.0,8,6,509,0.0,0
37,5,17,3.4,5,240,1.2,3,1,29,0.0,0
243,17,44,2.588,10,1384,1.588,228,41,4094,0.0044,0
279,33,49,1.485,4,1546,0.939,4,4,173,0.0,0
370,45,126,2.8,11,2297,1.867,30,17,683,0.1,0
97,9,9,1.0,1,497,1.333,14,10,841,0.1429,0
71,11,11,1.0,1,308,1.727,6,5,2169,0.0,0
13,0,0,0.0,0,30,0.0,2,2,736,0.0,0
125,20,20,1.0,1,545,1.0,3,1,430,0.0,0
1109,49,394,8.041,44,7207,2.245,251,74,3739,0.008,0
75,3,3,1.0,1,341,0.667,2,2,249,0.0,0
51,3,16,5.333,10,357,2.667,3,2,59,0.0,0
117,17,39,2.294,7,712,1.882,1,1,2,0.0,0
403,41,139,3.39,41,3842,3.122,40,15,2063,0.0,0
212,22,66,3.0,18,1475,1.682,128,43,4457,0.0234,0
1102,107,311,2.907,13,6329,2.477,291,85,5292,0.0619,0
331,58,115,1.983,6,1727,1.966,62,5,1320,0.0323,0
829,96,246,2.562,9,3996,2.833,237,86,5067,0.0042,0
33,1,1,1.0,1,139,1.0,10,8,1534,0.0,0
999,185,362,1.957,13,5327,2.33,174,65,4312,0.0057,0
267,14,75,5.357,40,1480,1.786,33,8,365,0.0,0
543,63,71,1.127,4,2244,1.016,34,12,820,0.0,0
142,15,16,1.067,2,1036,1.0,8,6,436,0.0,0
153,24,41,1.708,6,1009,2.417,26,15,1473,0.1154,0
161,25,57,2.28,6,1116,3.12,14,1,56,0.0,0
205,9,30,3.333,11,919,3.556,84,41,6024,0.0476,0
1263,89,186,2.09,13,7307,1.146,90,26,994,0.0,0
316,23,101,4.391,15,1903,2.652,89,35,4010,0.0,1
370,16,106,6.625,18,2752,3.062,60,25,3802,0.0,0
7675,510,596,1.169,11,37476,1.073,452,205,4774,0.0487,0
70,7,7,1.0,1,501,1.0,12,9,1421,0.0,0
345,39,42,1.077,3,2469,1.0,46,27,2635,0.0217,0
60,8,11,1.375,3,336,1.375,10,6,1024,0.0,1
243,6,7,1.167,2,1122,1.167,39,24,881,0.0,0
476,36,99,2.75,10,2518,2.056,249,60,5616,0.004,0
817,90,296,3.289,22,4736,2.511,227,79,4119,0.0132,0
239,37,43,1.162,3,1149,1.162,11,5,615,0.0,0
759,84,97,1.155,5,6988,1.06,4,2,88,0.0,0
202,10,45,4.5,9,875,5.6,39,9,1674,0.2821,0
89,6,6,1.0,1,455,1.0,7,7,2577,0.1429,1
195,25,59,2.36,11,1101,1.56,15,4,350,0.0,0
12,0,0,0.0,0,65,0.0,2,2,249,0.0,0
1009,72,394,5.472,82,6079,3.611,122,51,2385,0.0,0
201,22,65,2.955,9,1114,2.364,25,6,1691,0.0,0
82,9,9,1.0,1,451,1.0,0,0,0,0.0,0
43,7,14,2.0,4,212,1.571,22,16,3253,0.1818,0
42,3,17,5.667,6,170,1.0,0,0,0,0.0,0
445,43,110,2.558,10,2792,3.86,139,40,3418,0.0863,0
199,8,69,8.625,24,1093,3.0,97,14,1928,0.0206,0
9,0,0,0.0,0,48,0.0,0,0,0,0.0,0
30,3,5,1.667,3,216,2.333,6,4,902,0.0,0
524,76,163,2.145,14,2858,1.592,145,44,3896,0.0345,0
99,7,8,1.143,2,638,1.0,4,3,571,0.0,0
66,10,21,2.1,6,636,2.1,14,5,360,0.0,0
81,13,29,2.231,5,392,1.923,10,3,822,0.0,0
58,4,18,4.5,14,324,2.75,9,5,1565,0.1111,0
473,48,125,2.604,9,3020,1.0,5,4,233,0.0,0
58,0,0,0.0,0,314,0.0,2,1,305,0.0,0
112,8,25,3.125,13,912,1.875,25,7,1021,0.72,1
434,53,137,2.585,11,2349,2.717,59,24,1153,0.0169,0
110,16,32,2.0,6,554,1.062,25,11,3268,0.04,0
1598,96,140,1.458,9,14915,1.26,33,21,369,0.0,0
1777,213,492,2.31,13,8636,2.122,367,74,3860,0.0136,0
1214,95,445,4.684,25,10669,2.432,349,73,3317,0.0057,0
48,0,0,0.0,0,77,0.0,31,3,156,0.0645,0
755,65,81,1.246,7,5056,1.169,41,21,532,0.0244,0
306,33,82,2.485,7,1666,2.121,138,58,7510,0.0362,1
42,1,1,1.0,1,257,1.0,2,1,520,0.0,0
718,48,50,1.042,2,4545,1.0,10,7,591,0.0,0
748,87,96,1.103,4,4027,0.989,85,44,4656,0.0471,1
444,40,49,1.225,3,1956,1.025,42,18,674,0.0,0
107,12,12,1.0,1,708,1.0,4,3,456,0.0,0
65,2,2,1.0,1,235,1.0,1,1,32,0.0,0
469,16,132,8.25,21,2261,2.812,203,60,6358,0.0246,0
96,21,25,1.19,2,545,1.143,22,15,1472,0.0909,0
21,2,4,2.0,3,134,2.0,30,10,1986,0.0667,0
2257,164,182,1.11,3,12389,1.079,145,58,2675,0.0069,0
2796,166,184,1.108,3,12631,1.078,158,63,3333,0.0063,0
11,0,0,0.0,0,35,0.0,4,2,358,0.0,0
27,0,0,0.0,0,200,0.0,5,2,448,0.0,0
92,17,22,1.294,2,685,3.059,32,18,3157,0.0,0
107,8,31,3.875,9,801,3.375,34,17,4328,0.0588,0
7,0,0,0.0,0,26,0.0,2,2,2583,0.0,0
20,1,1,1.0,1,117,1.0,4,3,776,0.25,1
233,11,83,7.545,18,1802,1.455,166,44,4443,0.0,0
676,93,113,1.215,4,4639,1.14,15,9,240,0.0,0
340,22,107,4.864,30,2028,2.909,78,23,2366,0.0,0
165,36,54,1.5,4,925,1.583,13,5,333,0.0,0
124,12,13,1.083,2,651,1.083,15,9,2620,0.0,0
244,9,32,3.556,8,1019,2.778,46,23,3941,0.0217,0
14,0,0,0.0,0,62,0.0,6,4,1190,0.0,0
250,34,70,2.059,8,1439,2.559,67,22,1974,0.0149,0
61,3,15,5.0,13,293,2.333,36,17,4706,0.0556,0
109,15,18,1.2,3,473,1.133,16,14,3268,0.0,0
155,25,50,2.0,5,1024,3.04,69,33,5318,0.0145,0
194,30,81,2.7,8,1475,2.133,49,24,1964,0.0204,0
1,0,0,0.0,0,31,0.0,30,13,3337,0.0,0
179,12,34,2.833,9,781,1.5,150,24,3142,0.0,0
616,23,28,1.217,3,3686,1.0,16,9,432,0.0,0
875,79,108,1.367,3,4183,1.0,55,26,2592,0.0,0
96,21,47,2.238,7,476,1.571,8,4,1365,0.0,0
7,0,0,0.0,0,51,0.0,0,0,0,0.0,0
163,9,52,5.778,30,1192,4.444,41,14,841,0.0,0
45,0,0,0.0,0,213,0.0,21,14,2646,0.2381,1
40,5,12,2.4,3,228,1.0,2,2,2576,0.0,0
17,2,2,1.0,1,81,1.0,1,1,609,0.0,0
507,72,165,2.292,11,2900,2.056,121,17,2281,0.0331,1
1219,161,378,2.348,19,6321,2.292,239,33,2741,0.0084,0
684,26,232,8.923,40,4468,2.269,3,2,75,0.0,0
117,0,0,0.0,0,450,0.0,31,23,4451,0.0,0
366,45,140,3.111,10,1574,1.756,3,1,0,0.0,0
119,27,31,1.148,3,543,1.37,23,21,3787,0.0435,0
271,25,63,2.52,10,1386,3.28,47,27,2987,0.0,0
179,15,29,1.933,4,1509,1.067,13,3,707,0.0,0
1741,99,152,1.535,6,9010,1.081,127,73,4335,0.0079,0
6,0,0,0.0,0,27,0.0,0,0,0,0.0,0
74,6,9,1.5,3,416,1.167,27,11,3087,0.0,0
314,36,76,2.111,10,1393,1.194,47,27,3365,0.0,0
134,7,20,2.857,5,700,3.429,39,15,1619,0.0513,1
340,53,108,2.038,7,2273,1.396,8,5,446,0.0,0
21,2,7,3.5,5,158,2.0,23,15,3894,0.0,0
295,21,33,1.571,6,1921,3.286,30,7,1451,0.0,0
82,14,14,1.0,1,666,1.071,5,3,160,0.0,0
107,8,10,1.25,2,753,1.0,7,7,238,0.0,0
189,0,0,0.0,0,217,0.0,29,16,3495,0.0,0
98,5,38,7.6,20,1091,3.8,0,0,0,0.0,0
1006,98,117,1.194,5,6528,1.092,40,17,1137,0.0,0
80,11,11,1.0,1,381,1.0,8,4,443,0.0,0
404,51,125,2.451,9,2182,2.863,31,16,729,0.0323,0
780,28,260,9.286,60,4565,1.929,86,16,439,0.0,0
282,37,66,1.784,5,1535,1.595,24,11,1717,0.0,0
287,29,56,1.931,7,1253,2.034,132,54,5832,0.2273,1
334,16,93,5.812,48,1836,1.75,49,19,555,0.0,0
59,2,3,1.5,2,226,2.5,28,20,3669,0.0357,0
36,6,6,1.0,1,254,1.667,4,2,421,0.5,1
18,4,4,1.0,1,43,1.0,0,0,0,0.0,0
723,75,211,2.813,10,4687,2.533,123,20,2396,0.0732,0
105,8,13,1.625,5,440,2.0,31,12,1125,0.0323,0
673,57,245,4.298,37,3815,2.754,145,42,3029,0.0,0
157,16,24,1.5,4,993,1.312,1,1,0,0.0,0
220,23,53,2.304,15,990,4.0,17,12,2370,0.0,0
72,5,9,1.8,2,259,2.0,8,7,1971,0.0,0
1118,113,414,3.664,30,8423,2.248,302,44,2916,0.0,0
929,27,30,1.111,2,6852,1.111,8,6,707,0.0,0
279,33,85,2.576,5,1137,1.212,26,18,2588,0.0,0
384,41,132,3.22,17,2107,1.951,85,12,2565,0.0118,0
141,17,28,1.647,5,738,1.824,95,28,3621,0.0,0
170,3,58,19.333,27,1029,1.333,32,11,2175,0.0,0
42,9,15,1.667,3,449,2.0,4,1,28,0.0,0
61,7,20,2.857,7,320,2.429,15,12,1309,0.0,0
215,23,70,3.043,18,1488,1.652,141,47,5034,0.0284,0
36,2,2,1.0,1,125,1.0,0,0,0,0.0,0
14,2,2,1.0,1,1191,1.0,10,4,726,0.0,0
169,19,37,1.947,5,775,1.737,36,3,220,0.0,0
64,6,12,2.0,6,363,1.833,2,1,62,0.0,0
500,21,60,2.857,10,2458,1.048,20,5,219,0.0,0
209,21,21,1.0,1,1349,1.0,25,7,1754,0.0,0
626,18,39,2.167,14,7040,1.5,85,8,957,0.0,0
36,0,0,0.0,0,220,0.0,13,5,835,0.1538,0
52,3,3,1.0,1,199,1.333,3,2,40,0.0,0
36,0,0,0.0,0,187,0.0,5,4,322,0.0,0
1114,110,396,3.6,24,7920,2.291,451,104,4257,0.0,0
22,1,6,6.0,6,137,3.0,8,6,1987,0.0,0
92,0,0,0.0,0,494,0.0,12,5,1089,0.0833,1
493,54,163,3.019,12,2688,2.815,102,38,2308,0.0098,0
223,19,72,3.789,16,1740,2.526,4,1,162,0.0,0
550,57,62,1.088,3,2577,1.246,14,8,421,0.0,0
521,79,201,2.544,27,3034,3.241,5,1,8,0.0,0
349,40,41,1.025,2,1590,1.1,3,3,123,0.3333,0
280,12,109,9.083,24,1853,3.583,69,27,4554,0.0145,0
1812,170,200,1.176,10,11727,1.047,93,14,887,0.0215,1
566,52,54,1.038,2,2641,0.942,56,36,1560,0.0357,0
83,12,25,2.083,4,596,2.917,6,4,1878,0.0,0
69,10,16,1.6,3,566,1.8,17,7,1984,0.0,0
3,0,0,0.0,0,15,0.0,0,0,0,0.0,0
47,1,1,1.0,1,239,2.0,1,1,7,0.0,0
1298,92,355,3.859,32,7855,3.011,299,74,2607,0.0468,0
52,3,5,1.667,2,187,0.667,1,1,60,0.0,0
924,15,396,26.4,141,6420,4.133,22,2,24,0.0455,0
30,4,4,1.0,1,146,1.75,12,7,2921,0.0,0
1608,84,485,5.774,94,7294,3.679,174,68,3706,0.0,0
740,56,71,1.268,6,5476,1.286,51,13,412,0.0,0
200,43,76,1.767,15,1999,1.674,38,8,2507,0.0,0
1371,92,102,1.109,3,7768,1.033,149,60,1901,0.0201,0
1071,121,183,1.512,19,6707,1.074,64,34,1422,0.0938,0
1114,114,130,1.14,5,7243,1.14,60,12,1886,0.0,0
44,0,0,0.0,0,141,0.0,1,1,236,0.0,0
35,3,10,3.333,6,151,2.333,9,7,1518,0.0,0
541,42,42,1.0,1,5372,1.0,15,12,3222,0.0,0
543,79,175,2.215,14,2992,1.582,137,40,3798,0.0365,0
339,35,43,1.229,3,1303,1.171,40,25,3295,0.0,0
523,46,191,4.152,19,3706,1.587,179,49,4161,0.0,0
1214,96,447,4.656,25,10577,2.417,353,73,3350,0.0057,0
318,74,130,1.757,6,3100,2.486,75,39,2520,0.0133,0
535,60,72,1.2,6,3952,1.0,39,18,588,0.0769,0
966,75,360,4.8,35,6270,3.253,309,93,4940,0.0032,0
101,0,0,0.0,0,377,0.0,7,5,452,0.0,0
954,54,232,4.296,33,5701,3.074,127,15,1020,0.0472,0
776,86,99,1.151,7,4137,1.198,9,5,224,0.1111,0
353,46,93,2.022,7,2309,1.978,131,14,2505,0.0076,0
363,27,65,2.407,5,1478,2.556,160,65,6021,0.125,0
171,23,29,1.261,4,1065,1.087,20,13,955,0.0,0
351,55,60,1.091,3,1579,1.073,44,23,1152,0.0,0
5056,441,507,1.15,11,31913,1.082,340,156,3138,0.0559,0
30,3,13,4.333,7,321,3.0,8,6,1914,0.0,0
14,1,1,1.0,1,88,3.0,3,2,859,0.0,0
76,11,11,1.0,1,462,1.182,6,4,3815,0.0,0
3,1,1,1.0,1,12,3.0,3,3,1752,0.0,0
231,11,64,5.818,20,1147,1.364,45,8,1506,0.0,0
269,12,71,5.917,16,1427,2.417,75,31,2942,0.0,0
141,17,30,1.765,5,883,2.235,48,5,869,0.0,0
341,21,108,5.143,30,2035,3.0,70,20,2183,0.0,0
810,90,290,3.222,23,4948,2.667,171,55,2744,0.0175,0
5,0,0,0.0,0,27,0.0,4,4,4156,0.0,0
531,67,167,2.493,9,3341,2.701,3,1,3,0.0,0
90,16,16,1.0,1,473,1.0,4,3,289,0.0,0
436,42,42,1.0,1,2024,1.048,51,30,2799,0.0,0
194,61,78,1.279,5,2439,2.262,4,3,22,0.25,0
5,0,0,0.0,0,18,0.0,5,3,2134,0.0,0
20,1,6,6.0,6,114,0.0,5,3,259,0.0,0
199,7,28,4.0,10,1043,3.0,48,21,5256,0.0,0
99,3,18,6.0,8,983,2.333,6,1,40,0.0,0
1102,51,113,2.216,13,5469,1.098,8,7,411,0.0,0
131,7,7,1.0,1,624,1.0,9,7,748,0.0,0
126,13,39,3.0,12,1150,2.231,40,14,2096,0.0,0
135,19,37,1.947,6,806,3.211,38,15,1900,0.1579,0
511,36,52,1.444,3,1717,1.0,12,3,241,0.0,0
30,0,0,0.0,0,246,0.0,13,5,2583,0.0,0
10,16,37,2.312,7,747,1.062,9,5,1344,0.0,0
86,8,32,4.0,18,721,1.875,30,6,2089,0.0,0
4,0,0,0.0,0,77,0.0,7,6,4430,0.0,0
234,29,59,2.034,6,929,2.621,50,27,1918,0.04,0
197,25,25,1.0,1,847,1.0,22,16,3640,0.0455,0
50,4,18,4.5,13,276,1.75,15,10,2890,0.2,1
20,2,5,2.5,3,151,3.5,6,5,2172,0.0,0
157,13,17,1.308,3,762,1.077,11,6,456,0.0,0
67,7,8,1.143,2,428,1.0,9,4,2080,0.0,0
842,64,334,5.219,79,5432,3.484,93,39,1700,0.0,0
76,11,15,1.364,5,658,1.0,3,3,280,0.0,0
375,63,155,2.46,12,2734,2.524,26,3,322,0.0,0
579,26,117,4.5,16,5004,2.038,176,44,3485,0.0114,0
1568,83,471,5.675,94,7029,3.699,158,62,3241,0.0,0
1277,98,441,4.5,21,10916,2.388,265,45,2398,0.0075,0
52,10,17,1.7,4,238,1.2,3,3,249,0.0,0
15,3,3,1.0,1,72,1.0,2,2,1029,0.0,0
69,4,38,9.5,17,562,2.0,27,4,829,0.1481,0
128,15,27,1.8,3,666,1.0,2,2,233,0.0,0
473,101,169,1.673,9,4161,1.901,111,17,2273,0.0,0
607,85,103,1.212,4,4290,1.106,8,5,176,0.0,0
141,7,12,1.714,4,695,1.0,2,1,11,0.0,0
251,35,72,2.057,8,1413,2.514,70,24,2168,0.0143,0
95,16,26,1.625,6,934,2.375,3,3,621,0.3333,0
1015,42,328,7.81,31,5239,1.833,172,60,2912,0.0,0
37,4,10,2.5,4,229,1.75,4,1,271,0.0,0
922,135,311,2.304,18,4830,2.43,199,20,2289,0.0101,0
295,44,95,2.159,13,2319,2.205,56,21,2468,0.0,0
648,76,80,1.053,3,3504,1.066,48,28,2942,0.5208,1
3,0,0,0.0,0,579,0.0,6,3,383,0.0,0
80,3,13,4.333,7,532,2.333,15,11,2563,0.0,0
293,8,56,7.0,15,1390,1.75,149,28,3218,0.0201,0
143,21,43,2.048,4,813,3.429,16,14,1578,0.0,0
221,30,36,1.2,3,1318,0.7,9,3,13,0.0,0
21,1,3,3.0,3,98,1.0,4,3,625,0.0,0
631,54,69,1.278,5,2728,1.648,56,15,1018,0.0714,0
62,3,3,1.0,1,304,1.0,7,7,1421,0.0,0
141,15,26,1.733,7,709,2.267,39,21,6296,0.0,0
172,16,16,1.0,1,924,1.0,21,13,1566,0.0,0
77,7,7,1.0,1,460,1.286,10,8,2130,0.0,1
1954,190,235,1.237,5,12449,1.021,57,16,1398,0.0351,0
1358,76,110,1.447,4,13431,1.25,1,1,0,0.0,0
19,1,2,2.0,2,141,2.0,6,3,2254,0.0,0
1155,58,61,1.052,2,3567,1.069,26,15,1207,0.0,0
68,0,0,0.0,0,109,0.0,2,2,1023,0.0,0
495,54,163,3.019,12,2694,2.722,93,35,1919,0.0108,0
3,0,0,0.0,0,314,0.0,5,3,197,0.0,0
60,7,8,1.143,2,357,1.857,7,4,520,0.0,0
886,72,79,1.097,3,5370,0.986,71,47,2469,0.0141,1
1054,41,79,1.927,19,11781,1.244,146,13,1780,0.0,0
110,11,24,2.182,5,1168,2.636,3,3,1370,0.0,0
395,35,39,1.114,3,2227,1.0,84,37,3581,0.0357,0
8,1,1,1.0,1,126,1.0,1,1,126,0.0,0
348,38,45,1.184,3,1565,1.158,40,19,1112,0.05,0
129,1,3,3.0,3,1874,0.0,128,38,5653,0.0312,0
276,40,95,2.375,14,2250,2.225,86,34,3086,0.0,0
1320,67,464,6.925,67,7520,2.224,387,84,4686,0.0,0
90,4,8,2.0,3,673,1.25,23,10,2035,0.0,0
126,13,13,1.0,1,3934,1.0,23,3,77,0.0,0
168,13,34,2.615,8,700,1.462,124,17,2609,0.0,0
1727,110,570,5.182,32,11874,2.5,521,120,5323,0.0077,0
495,28,138,4.929,24,3137,1.25,22,1,26,0.0,0
55,4,12,3.0,8,365,1.0,22,4,1080,0.0,0
4,0,0,0.0,0,83,0.0,2,1,1150,0.0,0
18,2,5,2.5,3,190,2.0,1,1,2,1.0,1
78,0,0,0.0,0,602,0.0,5,3,238,0.0,0
24,2,8,4.0,6,280,2.5,10,4,995,0.0,0
61,7,7,1.0,1,275,1.0,6,5,709,0.0,0
807,72,103,1.431,5,3226,2.444,101,57,2457,0.0396,0
1130,72,298,4.139,32,6876,3.0,190,31,1765,0.0526,0
169,23,50,2.174,18,1092,1.348,3,3,83,0.0,0
84,12,25,2.083,6,452,1.667,22,13,2943,0.0455,0
3,0,0,0.0,0,20,0.0,3,3,690,0.0,0
20,0,0,0.0,0,123,0.0,5,5,806,0.0,0
192,30,31,1.033,2,866,1.167,3,2,72,0.0,0
5,0,0,0.0,0,18,0.0,3,3,249,0.0,0
19,1,2,2.0,2,69,1.0,4,4,285,0.0,0
92,7,11,1.571,2,390,1.429,7,7,2850,0.0,0
1130,72,298,4.139,32,6875,3.0,189,30,1765,0.0529,0
181,16,56,3.5,21,1421,1.688,68,35,4160,0.6029,1
226,4,35,8.75,15,797,2.0,21,17,4307,0.0,0
1669,129,191,1.481,5,7538,1.101,157,74,4485,0.0191,0
278,6,32,5.333,10,1191,3.0,63,26,7139,0.0,0
147,16,48,3.0,7,522,0.312,19,13,2827,0.0,0
274,17,78,4.588,13,1817,2.412,20,5,45,0.05,1
754,66,66,1.0,1,6740,1.03,60,11,1672,0.0167,0
24,3,7,2.333,4,122,1.333,1,1,166,0.0,0
409,40,47,1.175,4,1962,1.175,52,21,1421,0.0192,0
69,4,18,4.5,9,482,2.25,11,4,1788,0.0,0
345,35,136,3.886,14,2267,1.6,66,15,2378,0.0,0
61,3,12,4.0,9,263,2.333,19,15,2547,0.0,0
24,0,0,0.0,0,95,0.0,12,3,827,0.25,1
63,11,14,1.273,3,397,1.273,5,2,97,0.0,0
778,84,267,3.179,16,5873,2.619,117,11,1425,0.0,0
1047,92,103,1.12,3,3919,1.152,56,29,2553,0.1429,0
11,2,3,1.5,2,50,2.5,2,1,0,0.0,0
112,22,47,2.136,5,650,1.5,31,18,1584,0.0,0
150,19,31,1.632,5,777,1.737,101,31,4430,0.0,0
76,6,9,1.5,3,412,1.167,44,17,4915,0.0,0
31,3,7,2.333,4,148,1.333,6,3,2313,0.3333,1
81,12,19,1.583,4,583,1.833,40,14,2830,0.0,0
48,6,16,2.667,7,340,2.333,31,13,3175,0.2581,1
358,33,122,3.697,34,2287,1.879,36,5,450,0.0,0
1355,128,490,3.828,27,8930,2.203,531,140,5616,0.0,0
208,16,76,4.75,13,1650,1.5,118,54,6648,0.1186,1
90,15,23,1.533,3,762,2.6,16,8,1575,0.125,1
375,32,95,2.969,13,2202,2.312,172,70,5340,0.0581,1
19,0,0,0.0,0,67,0.0,3,2,204,0.0,0
8,0,0,0.0,0,86,0.0,4,3,1725,0.0,0
324,25,87,3.48,12,2182,2.44,38,7,468,0.1053,1
72,12,13,1.083,2,363,1.833,6,3,1395,0.0,0
16,2,2,1.0,1,188,1.0,4,2,121,0.0,0
120,10,10,1.0,1,516,1.0,1,1,37,0.0,0
338,59,118,2.0,6,1895,1.966,67,8,1593,0.0448,0
149,16,45,2.812,13,1560,2.438,42,11,1718,0.0,0
104,10,16,1.6,3,351,2.5,5,5,2691,0.0,0
247,22,67,3.045,8,1341,2.182,89,39,5760,0.0,0
220,25,25,1.0,1,1158,1.04,15,4,719,0.0,0
7,1,1,1.0,1,52,3.0,1,1,180,0.0,0
1479,224,248,1.107,9,8940,1.214,59,21,602,0.0,0
101,14,18,1.286,3,698,1.0,7,3,664,0.0,0
224,21,63,3.0,16,1192,1.286,54,25,2333,0.0,0
348,28,39,1.393,3,1889,1.0,19,14,1018,0.0,0
1566,149,161,1.081,3,10389,1.013,79,11,748,0.0253,0
182,8,65,8.125,20,1021,2.875,76,8,1046,0.0132,0
652,45,266,5.911,56,4820,2.733,200,23,2600,0.0,0
5,0,0,0.0,0,37,0.0,26,8,2741,0.0,0
298,23,84,3.652,13,2037,2.304,99,22,2059,0.0909,0
821,54,79,1.463,10,4050,1.093,59,21,775,0.0169,0
501,64,158,2.469,15,3161,1.609,184,50,5278,0.0054,0
25,0,0,0.0,0,119,0.0,5,4,505,0.0,0
301,64,67,1.047,2,1195,1.219,41,28,3734,0.0,0
112,17,32,1.882,4,688,2.529,1,1,0,0.0,0
135,16,40,2.5,7,870,2.0,24,8,846,0.0833,0
33,2,8,4.0,7,150,2.5,17,4,869,0.0,0
697,45,280,6.222,62,5023,2.778,235,28,2818,0.0,0
274,25,85,3.4,12,1875,1.72,90,39,4312,0.6778,1
30,3,5,1.667,3,170,2.333,4,2,467,0.0,0
247,0,0,0.0,0,754,0.0,26,12,1414,0.0385,0
29,0,0,0.0,0,295,0.0,11,6,1869,0.0,0
473,43,50,1.163,2,2402,1.698,59,35,1421,0.0169,0
111,16,42,2.625,12,733,1.875,95,25,3937,0.0105,0
8,0,0,0.0,0,56,0.0,11,4,2907,0.0,0
188,33,76,2.303,7,1145,3.121,28,18,775,0.0,0
162,14,41,2.929,10,811,1.857,88,12,1976,0.0,0
32,6,7,1.167,2,192,1.5,1,1,0,0.0,0
82,14,16,1.143,3,467,1.071,6,3,799,0.1667,0
403,85,131,1.541,11,2958,1.518,59,13,2816,0.0,0
27,2,2,1.0,1,118,1.0,12,4,759,0.0,0
188,28,49,1.75,5,1088,2.571,4,2,308,0.0,0
15,3,3,1.0,1,125,1.0,11,6,1744,0.0,0
480,57,134,2.351,8,3014,1.596,31,5,576,0.0,0
196,24,66,2.75,6,1231,2.333,34,3,724,0.0,0
1225,123,167,1.358,8,6837,1.0,81,41,2150,0.0123,0
29,6,8,1.333,2,225,1.5,5,4,2094,0.0,0
175,33,48,1.455,4,678,0.939,23,16,4694,0.0435,0
851,83,242,2.916,13,5377,2.506,207,46,3186,0.0531,0
40,0,0,0.0,0,224,0.0,17,11,1806,0.2353,1
75,6,9,1.5,3,420,1.167,24,9,2699,0.0,0
20,0,0,0.0,0,173,0.0,10,6,1694,0.0,1
11,1,2,2.0,2,49,3.0,2,1,122,0.0,0
239,7,34,4.857,12,1369,1.429,50,19,5727,0.0,0
103,16,20,1.25,4,643,1.812,13,10,2609,0.0,0
23,0,0,0.0,0,57,0.0,2,2,273,0.0,0
954,115,129,1.122,5,8123,1.017,3,2,22,0.0,0
106,8,18,2.25,7,746,1.0,22,8,2097,0.0,0
243,25,63,2.52,10,1386,3.28,46,27,2951,0.0,0
385,53,62,1.17,3,2203,0.981,58,13,2190,0.0345,0
1493,124,148,1.194,3,5429,1.153,80,41,3897,0.1375,0
193,29,69,2.379,6,1061,2.931,25,13,735,0.0,0
161,13,33,2.538,9,731,1.923,28,13,1700,0.0,0
24,0,0,0.0,0,132,0.0,1,1,368,0.0,0
229,11,89,8.091,36,1822,2.364,69,19,1060,0.0,0
112,5,31,6.2,17,673,1.8,22,11,1659,0.0,0
131,13,22,1.692,3,639,1.0,14,4,366,0.2143,0
5,0,0,0.0,0,15,0.0,4,3,1134,0.0,0
106,17,20,1.176,3,578,1.0,1,1,153,0.0,0
133,19,36,1.895,3,656,1.895,2,2,421,0.0,0
94,9,9,1.0,1,446,1.0,11,8,682,0.0,0
457,48,102,2.125,11,2688,1.75,58,25,4130,0.0,0
26,7,10,1.429,3,178,1.714,2,2,630,0.0,0
1632,162,215,1.327,8,8287,1.0,130,51,2974,0.0077,0
44,0,0,0.0,0,152,0.0,25,13,3300,0.04,0
344,9,62,6.889,19,1778,2.222,210,36,3800,0.0238,0
7,0,0,0.0,0,40,0.0,5,4,1357,0.0,0
19,1,3,3.0,3,118,4.0,9,4,1530,0.0,0
16,2,4,2.0,2,64,3.5,5,4,1956,0.0,1
49,5,12,2.4,5,320,2.6,0,0,0,0.0,0
207,10,41,4.1,9,888,5.7,58,14,2574,0.3103,1
166,31,34,1.097,2,1215,1.065,23,16,828,0.0,0
245,0,0,0.0,0,2500,0.0,188,11,2126,0.0372,1
70,8,8,1.0,1,403,1.0,2,2,211,0.0,0
314,38,46,1.211,4,1510,1.368,48,25,2767,0.0,0
657,102,235,2.304,16,3411,1.98,12,3,117,0.0,0
1478,114,424,3.719,32,8772,3.0,409,123,4153,0.0465,1
728,78,113,1.449,4,4318,1.154,65,36,1308,0.0154,0
54,4,10,2.5,4,225,1.5,7,4,2313,0.4286,1
162,11,37,3.364,8,969,2.091,106,20,2976,0.0189,0
191,30,68,2.267,6,1048,2.9,20,12,678,0.0,0
79,10,16,1.6,7,420,2.1,2,2,407,0.0,0
163,22,24,1.091,2,602,1.0,11,9,1834,0.0,0
7,0,0,0.0,0,26,0.0,0,0,0,0.0,0
280,14,20,1.429,4,1296,1.214,22,15,615,0.0,0
125,22,46,2.091,5,1197,3.136,36,21,3693,0.0,0
310,40,93,2.325,14,2141,2.225,114,52,4930,0.0088,0
395,52,56,1.077,2,2691,1.0,22,16,637,0.0455,1
15,2,2,1.0,1,59,1.0,0,0,0,0.0,0
254,15,72,4.8,11,1141,1.2,6,1,40,0.0,0
5,0,0,0.0,0,16,0.0,0,0,0,0.0,0
29,2,2,1.0,1,112,1.0,4,4,335,0.0,0
26,0,0,0.0,0,80,0.0,1,1,71,0.0,0
781,39,285,7.308,30,5428,2.256,135,37,2061,0.0148,0
283,26,90,3.462,12,1905,3.423,67,22,2641,0.0,0
145,20,20,1.0,1,1049,1.0,16,8,526,0.0,0
711,78,214,2.744,10,4559,2.372,76,12,1983,0.0921,0
1131,43,84,1.953,19,11879,1.233,194,19,2372,0.0,0
52,5,7,1.4,2,221,1.0,15,9,914,0.0,0
149,17,18,1.059,2,870,1.0,9,5,261,0.0,1
131,19,37,1.947,6,800,3.211,31,13,1499,0.0968,1
153,16,32,2.0,8,773,1.438,20,1,125,0.0,0
34,5,11,2.2,5,253,1.8,15,7,1795,0.0,0
368,21,31,1.476,4,2567,1.667,8,3,116,0.0,1
7,1,1,1.0,1,72,1.0,1,1,641,0.0,0
34,3,4,1.333,2,221,1.0,8,5,1421,0.0,0
6,0,0,0.0,0,53,0.0,0,0,0,0.0,0
63,3,7,2.333,3,420,2.0,4,4,479,0.0,0
128,11,39,3.545,8,592,2.0,11,1,292,0.0,0
241,32,53,1.656,5,1216,1.562,8,1,8,0.0,0
603,64,89,1.391,6,3858,1.531,39,23,946,0.0,0
206,3,51,17.0,48,1019,2.333,41,13,1718,0.0,0
608,64,71,1.109,3,3315,1.047,74,41,2711,0.0,0
59,0,0,0.0,0,330,0.0,116,29,5688,0.0,0
15,0,0,0.0,0,46,0.0,4,4,1140,0.0,0
5,0,0,0.0,0,26,0.0,3,3,950,0.0,0
408,51,128,2.51,9,2240,2.745,46,20,918,0.0217,0
446,70,77,1.1,3,2978,1.386,62,11,763,0.0,0
77,6,8,1.333,2,477,1.333,5,1,1071,0.0,0
790,83,283,3.41,23,4914,2.687,121,35,1932,0.0248,0
122,6,18,3.0,12,1246,1.5,3,2,40,0.0,0
1716,191,238,1.246,6,9741,1.152,179,75,2654,0.0279,0
27,0,0,0.0,0,123,0.0,11,8,666,0.0,0
179,20,46,2.3,7,911,1.05,51,23,2143,0.0,0
107,12,13,1.083,2,802,1.167,3,2,255,0.0,1
773,87,100,1.149,7,4147,1.195,16,8,358,0.0625,1
97,21,27,1.286,3,467,1.429,29,17,3058,0.0,0
595,58,161,2.776,10,2676,2.569,113,46,4041,0.0088,0
373,41,48,1.171,3,1652,1.146,44,21,1149,0.0455,1
84,0,0,0.0,0,400,0.0,5,4,479,0.0,0
1,0,0,0.0,0,5,0.0,46,16,3369,0.0,0
248,26,45,1.731,5,744,1.0,106,38,3758,0.0,0
420,37,123,3.324,11,2137,2.324,192,69,5913,0.0365,0
354,33,33,1.0,1,1603,1.0,68,16,1248,0.0588,0
514,50,80,1.6,4,3279,1.26,25,17,369,0.0,0
1082,42,81,1.929,19,12138,1.238,156,16,1930,0.0,0
2887,159,215,1.352,9,18756,1.176,104,49,1511,0.0,0
77,10,10,1.0,1,398,0.9,11,8,2193,0.0,0
1658,110,131,1.191,4,8935,1.027,183,70,3201,0.0164,0
320,35,70,2.0,7,1582,3.057,42,24,1802,0.0,0
19,1,1,1.0,1,171,1.0,9,5,1396,0.0,0
503,28,143,5.107,26,3212,1.321,27,1,44,0.0,0
2075,140,174,1.243,7,11859,1.314,143,49,2834,0.0,0
128,4,5,1.25,2,1240,1.5,73,25,1713,0.0137,0
27,4,4,1.0,1,619,1.0,4,2,44,0.0,0
177,19,59,3.105,9,1210,2.0,15,3,1358,0.0,0
110,21,43,2.048,6,578,1.619,18,6,2100,0.0,0
69,8,9,1.125,2,4756,1.0,60,9,622,0.0,0
6,11,30,2.727,7,489,0.364,12,3,374,0.0,0
355,40,47,1.175,3,1660,1.225,36,12,1467,0.1667,0
245,22,61,2.773,10,1573,2.364,42,23,3715,0.0,0
114,22,42,1.909,8,691,1.955,3,2,1850,0.0,0
64,1,10,10.0,10,374,2.0,9,3,1084,0.0,0
872,69,333,4.826,31,5957,3.29,229,59,2771,0.0044,0
1882,176,208,1.182,10,12253,1.045,98,14,915,0.051,0
150,22,31,1.409,4,887,1.045,13,10,928,0.0,0
359,33,122,3.697,34,2290,1.879,35,5,450,0.0,0
1024,24,113,4.708,19,4732,2.167,152,33,3143,0.0132,0
7,0,0,0.0,0,23,0.0,5,3,1089,0.0,1
63,5,16,3.2,8,575,2.0,27,16,4928,0.2963,1
248,32,38,1.188,5,1362,1.125,19,11,1089,0.0,0
2644,237,276,1.165,10,17591,1.042,171,23,1464,0.0468,0
282,25,39,1.56,5,2035,1.4,26,16,3815,0.0,0
72,2,5,2.5,4,477,1.5,59,6,2351,0.0,0
191,4,69,17.25,35,1303,2.5,9,1,52,0.0,0
207,9,58,6.444,20,1119,1.889,74,24,2315,0.0,0
189,13,37,2.846,8,1243,2.538,26,4,674,0.0769,0
12,0,0,0.0,0,40,0.0,1,1,643,0.0,0
432,40,90,2.25,7,1868,3.1,66,42,4321,0.0,0
271,35,62,1.771,5,1488,1.514,28,12,1788,0.0,0
619,44,64,1.455,4,2869,1.114,64,35,3050,0.0312,1
135,15,36,2.4,5,932,3.0,41,10,1563,0.0,0
288,25,87,3.48,12,2031,1.76,93,39,4486,0.6774,0
87,6,19,3.167,4,579,2.0,10,8,1539,0.0,0
36,0,0,0.0,0,185,0.0,15,8,3087,0.0,0
240,10,68,6.8,14,1286,2.6,40,13,1257,0.0,0
311,21,41,1.952,9,1590,1.048,58,25,2248,0.0,0
2862,286,334,1.168,5,17412,1.028,124,45,1163,0.0,0
67,3,12,4.0,9,328,2.333,18,10,2853,0.0,0
46,4,8,2.0,3,239,2.0,35,19,3516,0.0,0
66,4,14,3.5,5,409,2.75,41,13,4923,0.1463,1
761,28,267,9.536,38,5157,2.429,35,13,989,0.0,0
77,4,4,1.0,1,172,1.0,0,0,0,0.0,0
1321,103,483,4.689,26,11039,2.485,399,86,3937,0.005,0
114,6,32,5.333,13,557,2.0,138,33,4868,0.0362,0
23,3,4,1.333,2,88,1.0,1,1,70,1.0,0
111,3,13,4.333,5,785,1.667,24,9,2176,0.0,0
131,14,37,2.643,7,853,2.143,96,33,5104,0.0208,0
257,10,70,7.0,16,1496,1.7,68,11,2042,0.0294,0
80,18,19,1.056,2,367,1.222,8,6,1384,0.0,0
11,1,1,1.0,1,75,1.0,0,0,0,0.0,0
89,15,26,1.733,4,840,2.4,18,8,1016,0.0,0
15,2,2,1.0,1,1510,1.0,14,5,822,0.0,0
22,1,8,8.0,8,195,5.0,20,11,3216,0.0,0
250,15,22,1.467,5,1252,1.067,17,10,1368,0.0,0
1051,92,395,4.293,30,7833,2.196,234,24,2455,0.0,0
170,44,70,1.591,7,1699,2.0,40,4,832,0.0,0
190,59,77,1.305,5,2446,2.271,1,1,2,0.0,1
239,31,37,1.194,2,1424,0.71,17,3,153,0.0,0
28,5,9,1.8,4,203,1.2,5,2,392,0.2,0
94,16,18,1.125,3,534,1.25,3,3,579,0.0,0
49,4,12,3.0,7,205,2.5,0,0,0,0.0,0
97,10,31,3.1,15,534,2.2,21,9,2573,0.0,0
420,37,47,1.27,3,2601,1.0,4,2,154,0.0,1
1268,84,91,1.083,3,7259,1.024,136,56,1679,0.0221,0
22,3,3,1.0,1,91,1.0,1,1,170,0.0,0
1271,150,181,1.207,4,7233,1.1,112,51,3019,0.0089,0
96,17,30,1.765,8,504,1.176,5,2,87,0.0,0
1326,90,111,1.233,7,6745,1.178,139,62,3408,0.0288,0
2737,275,323,1.175,5,16787,1.029,92,35,709,0.0,0
147,5,20,4.0,8,806,2.8,24,10,2315,0.0,0
571,79,130,1.646,11,2993,2.367,96,36,3865,0.0417,0
271,1,1,1.0,1,2694,1.0,307,51,4929,0.0554,0
31,10,11,1.1,2,160,2.5,7,6,647,0.0,0
999,44,363,8.25,42,6731,2.364,207,63,2972,0.0097,0
67,7,22,3.143,6,540,1.857,15,7,2600,0.0,1
1380,92,364,3.957,32,7960,3.011,325,87,2959,0.0523,0
170,26,29,1.115,2,749,1.038,0,0,0,0.0,0
4,0,0,0.0,0,18,0.0,0,0,0,0.0,0
217,31,63,2.032,7,1316,2.677,41,12,982,0.0,0
177,7,34,4.857,12,1328,1.429,48,19,5111,0.0,0
298,37,52,1.405,3,1363,1.135,39,33,3898,0.1282,1
1435,84,118,1.405,4,14012,1.286,11,9,143,0.0,0
429,45,51,1.133,2,2047,1.022,24,9,1092,0.0417,0
112,21,31,1.476,3,680,1.0,7,4,813,0.0,0
180,11,32,2.909,18,1432,2.091,1,1,236,0.0,0
46,2,2,1.0,1,209,1.0,22,12,2632,0.0,0
54,8,21,2.625,3,320,0.375,15,5,3171,0.0,0
413,40,40,1.0,1,1965,1.075,42,24,3465,0.0,0
21,0,0,0.0,0,35,0.0,3,3,2598,0.0,0
209,44,80,1.818,6,1294,1.091,66,28,5844,0.0,0
123,24,47,1.958,7,942,1.333,1,1,0,0.0,0
12,1,1,1.0,1,56,1.0,3,2,213,0.0,0
119,22,42,1.909,8,688,1.955,8,7,2375,0.0,0
1,6,11,1.833,5,134,0.167,0,0,0,0.0,0
76,13,13,1.0,1,511,1.0,3,1,283,0.0,0
262,22,69,3.136,8,1375,2.227,93,42,7022,0.0,0
354,20,90,4.5,23,2115,3.05,22,6,1057,0.0,0
39,4,4,1.0,1,179,1.0,1,1,395,0.0,0
73,6,18,3.0,7,368,1.333,14,3,795,0.0,0
253,69,104,1.507,5,2789,2.377,41,22,977,0.0244,0
883,108,121,1.12,7,4614,1.12,30,15,625,0.1667,1
22,0,0,0.0,0,173,0.0,11,6,1869,0.0,0
101,9,9,1.0,1,571,1.0,20,15,2876,0.05,0
115,7,42,6.0,19,837,4.143,21,4,559,0.0,0
4328,387,433,1.119,10,28074,1.075,200,92,1149,0.06,1
53,2,2,1.0,1,209,1.0,4,1,46,0.0,0
157,15,41,2.733,8,604,2.067,67,28,5674,0.0,0
2074,98,125,1.276,9,8750,1.051,108,65,4203,0.0185,0
46,7,7,1.0,1,351,1.0,5,5,1075,0.0,0
79,12,14,1.167,2,604,1.0,3,1,167,0.0,0
281,1,1,1.0,1,2759,1.0,339,69,5983,0.0501,1
215,8,76,9.5,32,1165,3.0,101,15,1960,0.0198,0
74,15,22,1.467,4,505,1.4,19,11,3088,0.0,0
548,57,141,2.474,23,3059,2.596,85,37,2463,0.0,0
186,4,49,12.25,33,1038,1.75,23,5,1553,0.0435,0
103,22,51,2.318,8,567,1.545,47,17,3500,0.0,0
63,7,8,1.143,2,518,1.0,2,2,13,0.0,0
304,30,93,3.1,20,1876,2.3,55,19,3405,0.0,0
189,24,37,1.542,3,941,1.375,11,7,1673,0.0,0
355,41,84,2.049,8,1986,2.829,63,16,2049,0.0,1
864,34,68,2.0,18,9392,1.294,116,11,1543,0.0,0
82,23,25,1.087,3,472,1.174,3,2,82,0.0,0
966,69,161,2.333,9,6209,1.043,45,9,708,0.0,0
32,0,0,0.0,0,201,0.0,16,14,2660,0.0,0
62,0,0,0.0,0,503,0.0,12,9,540,0.0833,1
262,34,40,1.176,3,1222,1.176,27,14,894,0.0,0
111,1,36,36.0,36,744,2.0,21,5,570,0.0,0
23,1,8,8.0,8,115,3.0,3,1,209,0.6667,0
9,2,2,1.0,1,87,1.0,2,1,4,0.0,0
23,2,7,3.5,4,157,3.0,32,11,3200,0.0312,0
70,10,14,1.4,3,273,2.5,6,3,252,0.0,0
159,21,43,2.048,5,785,1.905,10,3,706,0.0,0
6,0,0,0.0,0,18,0.0,2,1,811,0.0,0
16,1,5,5.0,5,71,0.0,23,6,1470,0.0,0
107,10,10,1.0,1,534,1.0,7,6,709,0.0,0
84,9,35,3.889,13,912,2.222,26,11,1936,0.0,0
234,9,27,3.0,9,974,2.778,23,14,2717,0.0,0
100,7,43,6.143,14,717,2.714,20,5,424,0.0,0
3,0,0,0.0,0,9,0.0,1,1,387,0.0,0
508,48,174,3.625,18,3287,3.25,33,8,157,0.0,0
1862,240,260,1.083,9,10278,1.188,165,57,3107,0.0,0
250,5,89,17.8,36,1704,2.8,38,7,317,0.0,0
347,32,76,2.375,8,2143,3.562,85,14,2171,0.0941,0
214,6,71,11.833,31,1393,1.5,25,11,3118,0.0,0
40,0,0,0.0,0,197,0.0,16,11,2424,0.1875,1
73,8,8,1.0,1,374,1.0,10,7,1193,0.0,0
71,3,10,3.333,8,338,3.0,53,4,818,0.0,0
809,82,94,1.146,5,2797,1.317,91,35,3268,0.0,0
16,0,0,0.0,0,78,0.0,9,5,1655,0.0,0
8,1,1,1.0,1,42,1.0,3,2,1833,0.0,0
45,5,10,2.0,3,206,2.2,4,2,94,0.0,0
609,77,99,1.286,6,4086,1.104,61,30,1421,0.0164,0
107,3,20,6.667,10,480,3.333,10,9,1407,0.0,0
33,5,5,1.0,1,250,3.8,5,3,617,0.0,0
160,13,13,1.0,1,995,0.538,15,12,3702,0.0,0
401,44,45,1.023,2,1476,0.977,19,10,706,0.0,0
242,17,83,4.882,18,1469,2.765,9,1,14,0.0,0
38,1,2,2.0,2,171,1.0,25,12,1379,0.0,0
928,26,29,1.115,2,6852,1.115,4,3,595,0.0,0
1,0,0,0.0,0,6,0.0,2,2,4385,0.0,0
3078,281,316,1.125,10,20459,1.064,22,15,121,0.0909,0
61,10,17,1.7,3,490,2.6,1,1,29,0.0,0
42,2,11,5.5,9,288,2.0,9,3,343,0.0,0
22,4,5,1.25,2,123,2.0,12,8,6483,0.0,0
16,0,0,0.0,0,58,0.0,7,1,250,0.1429,1
219,37,42,1.135,3,1273,1.297,9,2,80,0.0,0
532,51,156,3.059,22,2659,1.922,57,36,1706,0.0175,0
79,15,17,1.133,2,304,1.0,8,5,235,0.0,0
249,5,64,12.8,30,1336,2.6,73,14,822,0.0,0
640,56,198,3.536,17,4061,2.125,156,53,3300,0.0064,0
18,5,5,1.0,1,85,1.0,5,5,709,0.0,0
281,10,74,7.4,20,1390,1.9,124,45,4884,0.0,0
76,7,7,1.0,1,320,1.0,24,20,3985,0.0,0
37,4,4,1.0,1,317,1.0,3,3,709,0.0,0
25,1,1,1.0,1,111,1.0,1,1,1,1.0,1
161,5,51,10.2,25,906,2.8,20,10,1992,0.0,0
17,2,2,1.0,1,36,1.0,0,0,0,0.0,0
49,5,9,1.8,2,224,1.0,1,1,37,0.0,0
1493,183,436,2.383,19,7240,2.208,264,38,2867,0.0076,0
68,9,13,1.444,4,400,3.111,4,3,711,0.0,0
12,2,3,1.5,2,85,1.5,4,2,1655,0.0,0
59,13,17,1.308,3,439,3.0,33,13,3130,0.0,0
599,57,146,2.561,10,3815,3.579,194,70,4952,0.0773,0
202,18,32,1.778,5,1662,1.5,31,12,1915,0.0,0
378,20,30,1.5,3,2016,1.0,53,26,3951,0.0755,0
129,25,25,1.0,1,740,1.0,11,8,428,0.0,0
21,1,6,6.0,6,116,0.0,4,3,106,0.0,0
35,4,5,1.25,2,228,1.75,7,2,220,0.0,0
22,2,7,3.5,6,126,1.5,4,3,1279,0.0,0
225,8,78,9.75,41,1636,3.25,15,5,590,0.0,0
8,1,1,1.0,1,30,1.0,10,7,4861,0.0,0
727,63,95,1.508,12,4492,1.302,44,31,4397,0.0,0
6,0,0,0.0,0,44,0.0,18,5,1789,0.7222,1
57,0,0,0.0,0,234,0.0,9,6,1934,0.0,0
250,15,15,1.0,1,1490,1.0,2,2,1,0.0,0
182,10,36,3.6,11,1263,0.9,5,4,421,0.0,0
34,0,0,0.0,0,74,0.0,6,5,6053,0.0,0
1351,67,468,6.985,67,7645,2.224,396,91,4850,0.0,0
1372,105,129,1.229,4,7598,1.038,158,72,2931,0.0,0
661,55,239,4.345,25,4545,2.236,12,3,35,0.0,0
142,20,42,2.1,5,681,1.95,8,3,588,0.0,0
45,1,20,20.0,20,264,6.0,16,9,2934,0.0,0
976,143,153,1.07,3,5321,0.993,68,33,4027,0.0588,0
802,41,294,7.171,26,5873,2.317,146,42,2265,0.0137,0
29,0,0,0.0,0,253,0.0,3,2,355,0.0,0
291,41,45,1.098,2,1386,1.098,98,53,3828,0.0306,0
109,15,35,2.333,6,779,1.867,29,15,4655,0.0,0
211,31,32,1.032,2,1390,1.032,24,4,302,0.0,0
62,3,17,5.667,11,448,1.333,16,7,2408,0.0,0
100,19,20,1.053,2,483,1.789,3,3,195,0.0,0
210,18,23,1.278,2,1060,1.111,12,7,3092,0.0833,0
467,0,0,0.0,0,1328,0.0,4,3,289,0.0,0
403,25,131,5.24,30,2369,2.2,5,4,1001,0.0,0
152,19,56,2.947,22,1279,1.737,69,19,5673,0.0,0
1786,112,598,5.339,39,12249,2.473,555,124,5764,0.0072,0
579,28,29,1.036,2,2235,1.0,11,6,531,0.0,0
448,33,49,1.485,4,2368,1.152,28,20,707,0.0,0
287,36,39,1.083,3,1453,1.139,20,8,943,0.2,1
180,12,40,3.333,15,835,2.667,51,24,6793,0.0196,0
1,11,20,1.818,6,165,0.636,0,0,0,0.0,0
50,15,15,1.0,1,331,1.0,19,11,4686,0.1053,0
75,2,9,4.5,8,363,2.0,77,27,6551,0.0,0
45,2,11,5.5,9,218,1.0,3,2,384,0.0,0
675,64,65,1.016,2,2359,0.984,26,12,1399,0.0,0
7,0,0,0.0,0,19,0.0,2,2,2459,0.0,0
12,1,1,1.0,1,639,1.0,12,5,803,0.0,0
51,5,11,2.2,6,334,1.2,19,12,5612,0.0,0
456,57,69,1.211,3,1945,1.14,34,20,2567,0.0,0
405,83,132,1.59,12,2973,1.518,52,11,2581,0.0,0
724,93,107,1.151,3,3054,1.398,63,26,3203,0.0,0
46,2,5,2.5,4,272,1.0,4,4,3142,0.0,0
537,60,72,1.2,6,3957,1.0,42,20,640,0.0952,1
19,2,2,1.0,1,98,3.0,2,2,249,0.0,0
248,30,46,1.533,4,1062,3.633,21,11,2005,0.0,0
694,85,239,2.812,26,4555,2.106,208,30,2904,0.0048,0
148,22,30,1.364,4,875,1.045,14,11,956,0.0,0
58,12,25,2.083,8,627,2.0,25,16,3441,0.0,0
194,10,66,6.6,18,1627,1.5,145,30,3477,0.0,0
202,22,27,1.227,4,1385,1.0,37,18,999,0.027,0
67,7,8,1.143,2,435,1.0,26,12,1693,0.0,0
15,1,2,2.0,2,78,4.0,0,0,0,0.0,0
977,107,127,1.187,5,5170,1.505,81,32,3184,0.679,1
152,4,4,1.0,1,957,1.25,3,3,170,0.0,0
712,71,225,3.169,16,5254,2.366,104,14,1962,0.0288,0
401,24,25,1.042,2,2858,1.042,24,6,291,0.0,0
4,0,0,0.0,0,54,0.0,3,3,1253,0.0,0
154,23,26,1.13,2,929,1.087,9,8,465,0.0,0
179,6,11,1.833,4,913,1.5,2,2,111,0.0,0
555,19,34,1.789,3,1838,1.368,20,14,3659,0.05,0
64,4,4,1.0,1,227,1.0,2,2,288,0.0,0
2281,263,290,1.103,9,11548,1.209,200,70,4650,0.0,0
908,98,305,3.112,16,4852,2.102,33,10,603,0.0,0
211,63,84,1.333,5,2565,2.286,14,8,250,0.0714,0
330,40,104,2.6,8,1466,3.05,81,41,3950,0.0123,0
113,8,10,1.25,3,494,1.0,2,2,175,0.0,0
108,9,25,2.778,10,621,2.222,53,4,833,0.0,0
203,26,86,3.308,15,1597,2.615,55,21,2731,0.0,0
1409,107,509,4.757,25,11435,2.449,418,92,4128,0.0048,0
103,24,30,1.25,3,646,1.375,3,2,100,0.0,0
2094,147,167,1.136,4,11935,1.068,75,34,1089,0.0133,0
587,46,67,1.457,5,4091,1.109,55,32,1478,0.0182,0
1475,113,423,3.743,32,8757,3.0,404,121,3906,0.047,0
8,1,1,1.0,1,70,3.0,15,6,2393,0.0,0
510,24,113,4.708,17,4999,2.083,195,53,3950,0.0154,0
90,10,18,1.8,4,434,1.8,6,2,134,0.0,0
986,96,125,1.302,5,6296,1.083,72,30,3082,0.0,0
147,14,38,2.714,8,899,1.929,52,4,726,0.0,0
452,28,45,1.607,8,2505,1.321,42,11,278,0.0,0
8,1,2,2.0,2,30,2.0,0,0,0,0.0,0
677,83,239,2.88,26,4444,2.12,197,28,2809,0.0051,0
240,45,46,1.022,2,1552,1.044,33,13,1735,0.0,0
59,0,0,0.0,0,255,0.0,14,10,745,0.0,1
93,14,21,1.5,3,615,1.143,3,3,153,0.0,0
50,5,5,1.0,1,431,1.0,7,4,394,0.0,0
8,1,1,1.0,1,33,1.0,10,8,939,0.0,0
280,44,94,2.136,13,2213,2.159,49,16,2086,0.0,0
136,26,52,2.0,7,777,1.615,36,22,2925,0.0,0
304,28,108,3.857,30,2804,2.464,87,23,2559,0.0,0
677,48,210,4.375,19,3958,1.583,205,66,6119,0.0,0
655,61,73,1.197,7,4416,1.18,11,8,168,0.0,1
275,10,73,7.3,20,1380,1.9,116,41,4059,0.0,0
1544,107,341,3.187,28,6595,2.262,442,110,6105,0.0023,0
144,24,42,1.75,5,799,1.583,11,4,339,0.0,0
80,16,33,2.062,12,522,2.062,5,3,257,0.0,0
322,31,112,3.613,16,2165,2.032,137,56,3428,0.0,0
164,33,64,1.939,6,1268,1.485,17,4,715,0.0,0
55,5,5,1.0,1,286,1.0,9,8,2619,0.0,0
69,7,22,3.143,6,563,1.857,9,4,2161,0.0,0
1,0,0,0.0,0,6,0.0,1,1,166,0.0,0
285,25,38,1.52,4,1355,1.08,25,13,2021,0.0,0
15,0,0,0.0,0,100,0.0,3,1,593,0.0,0
1912,225,553,2.458,21,8856,2.098,472,122,5553,0.0106,0
60,8,20,2.5,6,296,1.5,31,18,3517,0.0645,0
118,22,44,2.0,8,975,2.182,7,2,599,0.0,0
38,5,12,2.4,3,213,1.0,5,5,4378,0.0,1
44,3,19,6.333,11,214,2.333,9,9,2315,0.2222,0
314,34,65,1.912,6,1516,3.118,33,19,1436,0.0,0
48,7,7,1.0,1,310,1.714,11,11,1966,0.0,0
249,0,0,0.0,0,2443,0.0,196,12,2249,0.0408,0
203,15,19,1.267,3,1515,1.133,6,3,661,0.0,0
612,65,192,2.954,14,4569,2.308,72,8,1273,0.0,1
443,33,33,1.0,1,3190,1.091,10,4,45,0.0,1
24,0,0,0.0,0,30,0.0,2,2,2083,0.0,0
82,8,27,3.375,5,521,0.875,37,10,2732,0.2162,1
138,21,32,1.524,3,803,2.381,1,1,0,0.0,1
13,0,0,0.0,0,114,0.0,24,10,1844,0.0,0
117,3,3,1.0,1,488,1.333,21,10,5617,0.0,0
31,4,6,1.5,2,187,1.0,9,6,2938,0.0,0
228,31,81,2.613,6,1277,2.71,56,20,1555,0.0,0
17,0,0,0.0,0,25,0.0,3,3,2441,0.0,0
62,5,11,2.2,3,476,1.4,2,2,352,0.0,0
122,9,26,2.889,9,565,1.0,17,6,394,0.0,0
627,18,39,2.167,14,7100,1.5,87,8,1026,0.0,0
655,76,102,1.342,6,2496,1.0,8,4,112,0.0,0
37,4,5,1.25,2,160,1.0,2,2,2575,0.0,1
22,4,9,2.25,5,278,2.0,1,1,2,0.0,0
87,6,19,3.167,4,562,2.0,13,11,1732,0.0,0
1062,80,368,4.6,31,9537,2.45,203,22,1913,0.0099,0
190,11,18,1.636,4,593,1.0,97,35,3378,0.0103,0
150,2,2,1.0,1,873,2.0,19,9,3357,0.0,0
3082,281,316,1.125,10,20480,1.064,25,15,125,0.08,0
1076,85,177,2.082,9,6824,1.071,73,14,2231,0.0,0
104,9,27,3.0,14,935,1.778,40,16,1928,0.7,0
19,0,0,0.0,0,72,0.0,4,4,3268,0.0,0
44,1,12,12.0,12,181,3.0,20,14,5295,0.0,1
89,9,24,2.667,7,441,2.444,33,16,2869,0.0,0
914,134,308,2.299,18,4825,2.433,187,17,2184,0.0107,0
34,8,8,1.0,1,273,1.0,8,7,682,0.125,1
195,22,39,1.773,5,829,0.864,2,2,133,0.0,0
31,5,9,1.8,2,164,1.0,3,2,245,0.0,0
998,84,94,1.119,3,5999,1.048,116,53,1821,0.0,0
12,1,1,1.0,1,45,1.0,8,7,3268,0.0,0
1361,55,59,1.073,4,8310,1.0,11,7,123,0.0,0
813,89,292,3.281,23,4700,2.517,214,72,3432,0.014,0
612,33,65,1.97,9,2983,1.0,36,13,1547,0.0,0
476,69,74,1.072,2,1920,1.0,37,21,1804,0.0541,0
3,0,0,0.0,0,8773,0.0,18,1,29,0.0,0
76,6,6,1.0,1,325,1.0,9,6,3653,0.0,0
116,14,27,1.929,6,502,1.429,8,6,1458,0.0,0
2205,218,284,1.303,6,10896,1.138,219,89,3365,0.0274,0
57,6,10,1.667,3,326,2.5,0,0,0,0.0,0
399,48,99,2.062,11,2637,1.75,54,24,2649,0.0,0
190,40,68,1.7,5,1240,1.625,66,29,4869,0.0303,0
63,12,24,2.0,6,531,1.917,35,22,5204,0.0,0
52,8,21,2.625,3,306,0.375,11,5,3084,0.0,0
140,21,22,1.048,2,846,1.143,4,2,424,0.0,0
18,1,6,6.0,6,173,4.0,18,7,2282,0.0,0
847,49,58,1.184,4,4544,1.0,62,37,2879,0.0,0
119,13,33,2.538,14,1430,1.846,6,1,311,0.8333,1
269,41,41,1.0,1,1118,0.976,22,13,967,0.0,0
423,43,153,3.558,17,3163,2.884,60,4,321,0.0,0
1219,99,323,3.263,31,6346,2.313,403,90,4641,0.0025,0
5,0,0,0.0,0,22,0.0,1,1,637,0.0,0
58,4,7,1.75,3,256,1.5,5,4,1196,0.0,0
205,46,91,1.978,8,1230,1.848,30,6,865,0.0,0
20,2,2,1.0,1,79,1.0,1,1,9,0.0,0
20,0,0,0.0,0,82,0.0,4,2,679,0.0,0
1570,167,197,1.18,5,8929,1.15,107,45,1231,0.028,0
224,17,18,1.059,2,3361,1.529,13,8,721,0.0,0
346,59,61,1.034,2,1434,0.983,18,13,2390,0.2222,0
271,41,45,1.098,3,1625,1.0,16,4,948,0.0,0
582,62,86,1.387,5,3729,1.548,32,21,735,0.0,0
645,61,102,1.672,7,3401,1.033,142,52,3268,0.0,0
2068,126,142,1.127,3,7419,1.111,114,39,3945,0.0088,0
17,4,4,1.0,1,67,1.0,1,1,28,0.0,0
1037,78,170,2.179,9,6590,1.077,66,13,1458,0.0,0
42,4,9,2.25,4,257,2.25,5,1,46,0.0,1
437,52,139,2.673,11,2394,2.712,68,26,1421,0.0147,0
578,0,0,0.0,0,995,0.0,36,8,3643,0.0,0
1882,134,151,1.127,4,11075,1.052,60,26,686,0.0,1
32,4,4,1.0,1,106,1.0,1,1,76,0.0,0
392,23,47,2.043,13,2281,1.261,30,5,234,0.0,0
88,7,7,1.0,1,1138,1.0,3,2,62,0.0,0
64,7,16,2.286,7,296,2.714,22,11,1419,0.0,0
127,7,7,1.0,1,663,0.429,5,3,567,0.0,0
47,1,2,2.0,2,231,3.0,10,6,2061,0.0,0
834,30,279,9.3,56,4811,2.067,105,26,570,0.0,0
18,2,5,2.5,3,122,1.5,15,11,4138,0.0,0
39,2,10,5.0,9,266,5.5,30,11,2327,0.0,0
1894,177,539,3.045,31,11258,2.294,320,59,3340,0.0031,0
320,18,109,6.056,39,1931,2.889,13,1,63,0.0,0
59,5,20,4.0,7,426,1.6,41,23,5578,0.0,0
437,57,60,1.053,3,3465,1.035,19,6,663,0.0,0
911,70,90,1.286,7,5705,1.157,67,33,1010,0.0149,0
900,101,116,1.149,3,3906,1.0,41,24,2490,0.0,0
70,3,3,1.0,1,268,1.333,6,4,300,0.0,0
45,5,7,1.4,2,213,1.0,0,0,0,0.0,0
392,40,40,1.0,1,1614,1.05,12,6,249,0.0,0
344,45,121,2.689,10,2162,1.778,41,24,1044,0.0976,0
150,25,29,1.16,2,935,1.16,11,3,564,0.0,0
191,34,35,1.029,2,1246,1.029,28,8,1021,0.5357,1
138,19,19,1.0,1,1441,1.053,13,7,729,0.0,0
21,2,2,1.0,1,104,1.0,5,3,1264,0.0,0
468,37,52,1.405,4,2370,1.135,53,29,2162,0.0,0
14,1,1,1.0,1,101,2.0,5,2,1528,0.0,0
523,46,195,4.239,19,3734,1.609,192,59,5026,0.0,0
97,9,23,2.556,6,233,0.889,3,3,1483,0.0,0
403,41,156,3.805,15,2602,1.512,100,21,2793,0.0,0
84,13,17,1.308,2,438,1.077,13,9,2049,0.0,0
5,0,0,0.0,0,17,0.0,2,2,248,0.0,0
138,9,32,3.556,9,813,2.333,48,9,2585,0.0208,0
97,13,17,1.308,3,550,1.231,1,1,0,0.0,0
32,5,9,1.8,5,287,2.2,4,4,805,0.0,1
198,20,51,2.55,16,1055,1.3,22,13,2867,0.0455,0
321,44,50,1.136,7,1900,1.227,5,2,193,0.0,0
379,15,15,1.0,1,2009,1.0,8,5,720,0.0,0
16,1,5,5.0,5,83,1.0,4,3,1863,0.0,0
383,35,106,3.029,9,1896,2.286,158,48,4241,0.0316,0
12,0,0,0.0,0,59,0.0,0,0,0,0.0,0
1703,60,519,8.65,54,8852,2.333,366,105,5886,0.0055,1
360,22,46,2.091,13,2153,1.273,25,4,194,0.0,0
881,52,203,3.904,23,5292,3.0,89,10,625,0.0337,0
149,21,46,2.19,6,710,1.524,7,1,23,0.0,0
378,30,43,1.433,3,2131,1.0,13,7,272,0.0,0
582,62,86,1.387,5,3729,1.548,31,20,684,0.0,0
1193,73,373,5.11,43,9519,2.521,148,17,1463,0.0,0
67,5,5,1.0,1,283,1.0,2,2,1513,0.0,0
367,38,114,3.0,11,1734,2.816,87,32,2729,0.0,1
77,6,6,1.0,1,389,1.0,5,5,220,0.0,0
181,21,35,1.667,3,903,1.429,19,8,2284,0.0,0
409,14,85,6.071,25,1470,1.929,106,54,5952,0.0094,0
20,0,0,0.0,0,207,0.0,7,4,1558,0.0,0
104,16,18,1.125,3,524,1.25,3,1,11,0.0,0
1130,50,338,6.76,39,7583,2.62,33,3,120,0.0,0
276,6,32,5.333,10,1191,3.0,64,26,7201,0.0,0
22,0,0,0.0,0,65,0.0,155,23,3359,0.0452,0
107,17,36,2.118,6,566,1.882,24,11,2927,0.0,0
705,80,84,1.05,3,3754,1.087,53,31,3016,0.566,1
162,26,35,1.346,4,866,1.308,7,6,253,0.0,0
243,28,38,1.357,4,931,2.464,11,8,1137,0.0,0
159,21,63,3.0,14,910,2.429,75,32,3980,0.0133,0
464,49,102,2.082,9,2395,2.265,52,21,1103,0.0192,0
1736,110,572,5.2,34,11993,2.473,539,121,5526,0.0074,0
140,17,44,2.588,8,1232,1.294,35,16,2232,0.1143,1
100,4,8,2.0,4,1022,1.75,2,2,2,0.0,1
60,5,5,1.0,1,539,1.0,3,2,1193,0.0,0
105,10,13,1.3,3,351,1.5,4,4,425,0.0,0
3526,334,372,1.114,5,18932,1.018,213,76,3331,0.0047,0
484,84,137,1.631,13,2859,1.44,73,22,4934,0.0,0
639,67,80,1.194,5,2921,1.06,55,24,2742,0.0,0
396,37,94,2.541,10,2476,3.919,110,24,2640,0.0909,0
68,6,6,1.0,1,299,1.0,20,10,1985,0.0,0
162,17,62,3.647,7,994,2.647,17,6,1019,0.0,0
60,3,15,5.0,13,293,2.333,37,18,4775,0.0541,0
96,6,22,3.667,8,454,1.333,6,2,90,0.0,0
529,62,162,2.613,14,3379,1.629,135,29,3343,0.0074,0
52,8,9,1.125,2,311,1.0,5,3,1129,0.0,0
19,4,4,1.0,1,106,1.0,2,2,293,0.5,1
8,1,1,1.0,1,32,1.0,1,1,24,0.0,0
52,0,0,0.0,0,81,0.0,36,4,223,0.0556,0
26,3,8,2.667,4,106,2.0,2,2,333,0.0,0
5,0,0,0.0,0,121,0.0,2,2,117,0.0,0
13,4,6,1.5,2,62,1.0,1,1,303,0.0,0
138,1,3,3.0,3,815,3.0,24,12,3531,0.6667,0
4566,383,429,1.12,10,29504,1.076,189,90,1059,0.0582,0
252,27,30,1.111,2,1190,0.926,16,13,595,0.125,0
68,9,23,2.556,8,611,1.444,0,0,0,0.0,0
529,43,53,1.233,4,3120,1.023,16,9,233,0.0,0
6,0,0,0.0,0,23,0.0,0,0,0,0.0,0
367,24,125,5.208,31,2264,2.917,2,1,4,0.0,0
7,2,2,1.0,1,32,1.0,0,0,0,0.0,0
1189,53,356,6.717,39,8070,2.679,49,5,180,0.0,0
54,3,4,1.333,2,179,1.0,5,5,1423,0.0,0
339,71,108,1.521,12,2677,1.521,3,1,17,0.0,0
5692,185,262,1.416,9,20033,1.092,251,66,4200,0.0,0
197,20,40,2.0,5,1074,2.1,66,24,2550,0.0,0
142,33,34,1.03,2,645,1.0,9,6,944,0.0,0
17,1,6,6.0,6,166,4.0,20,8,3127,0.0,0
614,0,0,0.0,0,1054,0.0,44,14,4633,0.0,0
739,123,294,2.39,14,4266,2.634,14,4,143,0.0,0
140,12,41,3.417,11,785,1.5,37,17,3419,0.0811,0
1039,102,292,2.863,13,5998,2.5,274,78,4523,0.0584,0
217,13,20,1.538,5,1036,1.077,12,9,1028,0.0,0
2638,236,275,1.165,10,17542,1.042,170,23,1445,0.0471,0
71,4,19,4.75,9,482,2.25,17,8,1915,0.0,0
136,12,13,1.083,2,652,1.333,0,0,0,0.0,0
20,0,0,0.0,0,58,0.0,3,2,600,0.0,0
922,16,392,24.5,136,6357,3.938,2,1,2,0.0,0
993,68,73,1.074,3,4709,1.191,56,27,2486,0.0,0
8,0,0,0.0,0,37,0.0,4,2,879,0.0,0
20,5,5,1.0,1,102,0.8,8,3,248,0.0,0
32,1,5,5.0,5,251,4.0,2,1,483,0.0,0
743,67,74,1.104,3,3445,1.045,86,51,3510,0.0,0
144,15,63,4.2,11,1409,2.067,49,11,2881,0.0,0
76,17,17,1.0,1,334,1.0,4,3,2623,0.0,0
164,13,30,2.308,4,1008,1.231,6,5,188,0.1667,0
371,30,110,3.667,28,2369,1.733,26,11,1789,0.0,1
31,6,6,1.0,1,131,1.0,5,5,2128,0.0,0
111,9,35,3.889,6,371,2.778,8,4,882,0.0,0
820,93,105,1.129,3,3609,1.0,37,21,1789,0.0,0
13,1,1,1.0,1,58,1.0,1,1,24,0.0,0
11,1,1,1.0,1,44,1.0,6,5,2377,0.5,1
32,6,8,1.333,2,117,2.0,7,7,4144,0.1429,1
1510,58,63,1.086,2,8548,1.121,49,30,2002,0.0,0
105,13,23,1.769,3,456,3.154,43,25,5295,0.0,0
314,13,13,1.0,1,1542,1.0,16,14,1421,0.0,0
20,0,0,0.0,0,51,0.0,2,2,952,0.5,0
1960,180,543,3.017,31,11534,2.294,328,61,3420,0.003,0
145,11,39,3.545,10,872,2.727,14,3,379,0.0,0
281,36,55,1.528,4,1370,1.139,32,26,3038,0.0938,1
41,4,4,1.0,1,249,1.0,1,1,47,0.0,0
330,24,66,2.75,6,1861,0.958,0,0,0,0.0,0
149,17,43,2.529,7,904,1.941,132,32,4204,0.0,0
644,64,64,1.0,1,5896,1.031,51,9,1541,0.0196,0
26,2,2,1.0,1,674,1.0,8,3,481,0.0,0
123,21,49,2.333,14,836,2.381,60,22,3857,0.0,0
48,3,14,4.667,10,326,1.667,7,4,1399,0.0,0
5,0,0,0.0,0,20,0.0,1,1,22,0.0,0
1325,205,230,1.122,8,8352,1.166,20,9,215,0.0,0
518,75,126,1.68,11,2899,2.32,90,33,3581,0.0333,1
264,28,32,1.143,2,1132,1.071,61,23,1421,0.0,0
102,3,24,8.0,13,589,3.0,42,11,2446,0.0,0
715,77,215,2.792,15,5396,2.351,200,43,3502,0.035,0
725,93,232,2.495,10,3739,2.871,174,62,3160,0.0057,0
13,0,0,0.0,0,37,0.0,1,1,188,0.0,0
4,0,0,0.0,0,18,0.0,2,2,2251,0.0,0
24,0,0,0.0,0,204,0.0,7,4,1074,0.0,0
107,0,0,0.0,0,1220,0.0,59,3,350,0.0169,1
677,68,75,1.103,3,3039,1.206,32,15,726,0.0312,0
255,10,70,7.0,16,1490,1.7,65,8,1971,0.0308,0
612,48,197,4.104,16,4092,3.167,19,7,246,0.0,0
45,5,6,1.2,2,216,1.0,2,2,1711,0.0,0
202,9,57,6.333,19,1106,1.889,68,22,2270,0.0,0
287,39,109,2.795,10,2043,1.641,82,35,2944,0.0122,0
47,2,2,1.0,1,215,1.0,21,11,2238,0.0,0
474,63,174,2.762,27,3068,1.937,108,11,1629,0.0,0
43,7,9,1.286,3,245,1.143,9,3,501,0.0,0
82,12,13,1.083,2,469,1.5,10,9,2602,0.0,0
739,92,240,2.609,15,4702,2.163,229,33,3108,0.0044,0
265,15,24,1.6,3,1473,1.0,49,23,3222,0.0612,0
641,56,198,3.536,17,4048,2.125,149,49,2804,0.0067,0
150,4,4,1.0,1,957,1.75,15,11,709,0.0,0
200,7,50,7.143,19,978,2.857,0,0,0,0.0,0
403,51,119,2.333,9,2552,2.196,144,31,3046,0.0069,0
1366,95,363,3.821,32,8023,3.042,336,95,3090,0.0506,1
20,0,0,0.0,0,90,0.0,1,1,72,0.0,0
4,0,0,0.0,0,15,0.0,0,0,0,0.0,0
407,38,161,4.237,21,3275,1.605,145,36,3629,0.0,0
130,20,42,2.1,5,996,0.6,6,3,833,0.0,0
28,3,16,5.333,8,169,1.333,2,1,28,0.0,0
184,28,68,2.429,8,831,2.179,33,9,1875,0.0,0
89,15,16,1.067,2,525,1.267,0,0,0,0.0,0
55,7,20,2.857,6,296,2.429,5,3,295,0.0,0
102,10,10,1.0,1,479,1.0,12,8,702,0.0,0
25,1,2,2.0,2,119,0.0,65,20,2791,0.0,0
234,61,98,1.607,8,2351,2.016,60,5,1207,0.0,0
53,5,21,4.2,12,327,4.0,9,2,304,0.0,0
96,5,5,1.0,1,2303,1.0,20,3,86,0.0,0
211,6,6,1.0,1,805,0.833,3,3,238,0.0,0
108,10,52,5.2,38,926,1.4,18,4,1072,0.0,0
1531,113,567,5.018,33,12091,2.434,491,112,5030,0.0041,0
95,13,14,1.077,2,587,1.0,18,11,1383,0.0,0
190,23,50,2.174,7,945,2.87,59,30,4364,0.1186,0
182,17,25,1.471,2,742,1.0,26,16,2715,0.0,0
19,2,3,1.5,2,66,1.0,3,3,857,0.0,0
295,30,75,2.5,19,1700,2.033,117,38,5924,0.0085,0
5,0,0,0.0,0,19,0.0,1,1,297,0.0,0
244,22,52,2.364,6,1286,2.364,74,21,2489,0.0541,1
209,10,81,8.1,36,1726,2.4,66,18,900,0.0,0
1319,197,396,2.01,12,6098,2.264,214,75,4997,0.0047,0
133,6,18,3.0,12,1393,1.5,7,2,74,0.0,0
820,48,194,4.042,21,4987,3.021,63,8,465,0.0159,1
90,5,9,1.8,5,671,1.0,12,5,716,0.0,0
21,2,2,1.0,1,180,1.5,26,9,2518,0.0,0
63,6,12,2.0,4,283,1.833,1,1,144,0.0,0
21,3,3,1.0,1,147,1.0,5,5,1421,0.0,0
11,3,3,1.0,1,173,2.333,23,4,1933,0.1304,1
8,3,4,1.333,2,49,1.667,0,0,0,0.0,0
113,10,34,3.4,9,599,2.5,32,17,3060,0.0,0
92,5,30,6.0,16,549,1.6,26,12,2326,0.0385,0
1025,65,264,4.062,32,6351,3.077,174,22,1626,0.046,1
444,67,185,2.761,12,3243,2.552,50,7,730,0.0,0
362,56,62,1.107,3,1654,1.071,35,19,802,0.0,0
146,18,46,2.556,10,1177,1.944,9,3,494,0.0,0
733,88,131,1.489,5,4741,1.114,89,32,926,0.0,0
986,43,290,6.744,68,6152,1.163,82,2,293,0.0,0
163,0,0,0.0,0,1709,0.0,124,8,1122,0.0242,0
278,27,80,2.963,22,1650,2.407,66,24,3812,0.0,1
25,1,7,7.0,7,137,3.0,0,0,0,0.0,0
1233,65,436,6.708,64,7234,2.262,373,78,4437,0.0,0
398,54,63,1.167,3,2278,0.981,69,21,2399,0.0435,0
1,0,0,0.0,0,6,0.0,1,1,2607,0.0,0
244,44,72,1.636,6,1731,1.591,44,8,1317,0.0227,1
77,1,28,28.0,28,398,7.0,27,18,4788,0.0741,0
43,8,8,1.0,1,251,1.0,0,0,0,0.0,0
439,20,29,1.45,4,2328,1.25,34,9,841,0.0,0
190,18,20,1.111,2,533,1.556,9,8,3216,0.0,0
112,13,26,2.0,7,762,2.077,29,15,2786,0.0,0
38,5,14,2.8,5,263,2.0,0,0,0,0.0,0
15,2,2,1.0,1,67,1.0,2,1,279,0.0,0
65,3,3,1.0,1,289,1.0,9,2,275,0.0,0
108,16,19,1.188,2,647,1.5,7,3,480,0.0,0
108,0,0,0.0,0,502,0.0,3,2,1781,0.0,0
68,5,5,1.0,1,323,1.0,3,3,220,0.0,0
190,10,45,4.5,12,908,2.8,56,23,4152,0.0,0
1502,109,115,1.055,3,9034,1.018,107,47,1244,0.0187,0
724,76,222,2.921,17,5592,2.342,150,28,2677,0.0333,0
71,10,10,1.0,1,422,1.3,1,1,124,0.0,0
102,5,9,1.8,3,940,2.8,0,0,0,0.0,0
88,9,9,1.0,1,358,1.0,8,7,3330,0.25,1
6,0,0,0.0,0,77,0.0,5,4,2583,0.0,0
298,16,18,1.125,2,1668,1.0,39,26,2574,0.0,0
25,0,0,0.0,0,83,0.0,3,3,444,0.0,0
33,7,7,1.0,1,90,1.143,3,3,953,0.0,0
80,0,0,0.0,0,333,0.0,21,13,2764,0.0,0
1359,94,126,1.34,3,4873,1.0,77,37,3972,0.026,1
5,0,0,0.0,0,85,0.0,2,1,1150,0.0,0
81,5,5,1.0,1,506,1.0,4,4,597,0.0,0
306,14,20,1.429,4,1457,1.214,27,18,862,0.037,1
913,98,308,3.143,16,4900,2.122,65,22,1121,0.0,0
906,52,210,4.038,33,5303,3.077,110,14,887,0.0273,1
65,0,0,0.0,0,134,0.0,8,5,2793,0.0,0
928,16,393,24.562,137,6383,3.938,9,2,8,0.0,0
1339,87,93,1.069,2,5228,1.172,42,28,2229,0.0,0
20,1,1,1.0,1,116,1.0,1,1,41,0.0,1
220,22,65,2.955,24,1506,1.636,101,38,3495,0.0198,0
1547,103,218,2.117,13,8903,1.233,107,31,1176,0.0,0
194,7,28,4.0,8,980,2.857,11,7,3625,0.0,0
684,63,202,3.206,17,4198,2.016,176,60,4099,0.0057,0
39,4,4,1.0,1,178,1.0,3,3,709,0.0,0
1187,120,164,1.367,8,6704,0.992,74,39,2025,0.0135,0
842,127,290,2.283,18,4527,2.433,160,12,1621,0.0,0
84,10,28,2.8,9,538,2.0,19,7,407,0.0,0
275,12,71,5.917,16,1408,2.417,59,23,2144,0.0,0
2086,146,166,1.137,4,11872,1.068,74,33,1088,0.0135,0
1651,176,209,1.188,6,9344,1.153,126,52,1422,0.0238,0
102,14,19,1.357,2,619,1.571,4,3,714,0.0,0
1822,125,157,1.256,7,11009,1.352,130,43,2211,0.0,0
1170,94,194,2.064,9,6585,1.043,67,32,2408,0.0,0
197,7,52,7.429,29,1037,2.429,111,22,3573,0.036,0
249,28,45,1.607,4,1196,1.143,23,19,1806,0.0435,1
100,0,0,0.0,0,245,0.0,15,8,1689,0.0,0
94,7,26,3.714,11,542,1.571,22,10,3267,0.0455,0
310,36,104,2.889,13,2249,1.444,143,35,3779,0.014,0
111,11,38,3.455,8,705,1.091,57,19,3290,0.1754,1
6,0,0,0.0,0,85,0.0,5,3,1725,0.0,0
243,22,78,3.545,14,1640,1.636,77,38,4231,0.6364,1
170,11,52,4.727,12,1115,3.182,73,19,2327,0.0,0
307,27,64,2.37,5,1432,2.593,137,53,4192,0.0949,1
247,16,41,2.562,9,1216,1.75,117,30,5026,0.0,0
275,40,92,2.3,14,2102,2.225,98,41,3434,0.0,0
349,40,41,1.025,2,1650,1.0,39,24,3506,0.1026,1
293,32,77,2.406,7,1602,2.125,135,55,7224,0.037,0
41,2,2,1.0,1,217,0.5,2,2,390,0.0,0
237,31,61,1.968,6,1005,2.645,32,19,972,0.0312,0
90,11,11,1.0,1,3356,1.0,7,3,59,0.0,0
250,23,75,3.261,13,1130,2.043,68,18,1833,0.0,0
1151,71,354,4.986,39,8748,2.507,117,9,1003,0.0,0
4999,437,503,1.151,11,31573,1.08,333,151,3002,0.0571,0
302,9,36,4.0,12,1055,2.667,67,27,5732,0.0149,0
262,26,89,3.423,10,1676,3.115,17,1,48,0.0,0
236,35,37,1.057,2,943,1.086,23,12,716,0.0,0
270,27,52,1.926,6,835,1.0,100,35,3213,0.0,0
176,12,31,2.583,7,975,1.0,7,4,112,0.1429,1
992,85,106,1.247,7,6166,1.188,121,56,2623,0.0248,0
83,13,16,1.231,3,415,1.154,12,11,2130,0.0,0
552,19,197,10.368,54,3295,2.053,57,14,366,0.0,0
8,0,0,0.0,0,32,0.0,4,3,204,0.0,0
5,0,0,0.0,0,40,0.0,0,0,0,0.0,0
19,0,0,0.0,0,28,0.0,3,3,2583,0.0,0
6,0,0,0.0,0,41,0.0,0,0,0,0.0,0
97,12,14,1.167,2,600,1.667,10,5,1516,0.0,0
95,8,23,2.875,9,500,1.625,28,15,3277,0.0,0
40,0,0,0.0,0,188,0.0,24,2,32,0.0833,0
22,1,8,8.0,8,193,5.0,17,10,3135,0.0,0
239,22,89,4.045,25,1727,2.182,16,1,0,0.0,0
141,5,5,1.0,1,551,1.0,3,2,303,0.0,0
185,17,53,3.118,13,1318,2.176,20,11,1451,0.0,0
94,10,34,3.4,14,616,1.8,23,8,732,0.0,0
58,11,24,2.182,6,314,1.727,8,6,887,0.0,0
13,0,0,0.0,0,44,0.0,13,8,2702,0.0,0
4,0,0,0.0,0,193,0.0,2,1,471,0.0,1
620,89,95,1.067,3,3817,1.067,74,36,1423,0.0405,0
42,3,11,3.667,5,229,2.667,5,3,1322,0.0,0
234,11,70,6.364,25,1145,1.273,18,4,457,0.0,0
31,1,16,16.0,16,169,5.0,2,1,278,0.0,0
18,5,5,1.0,1,85,1.0,4,4,249,0.0,0
1333,85,92,1.082,3,5198,1.176,33,24,1094,0.0,0
82,11,23,2.091,6,447,1.818,14,6,751,0.0714,0
243,22,72,3.273,13,1112,2.091,67,18,1804,0.0,0
79,10,22,2.2,6,377,1.5,28,15,3086,0.0714,0
30,0,0,0.0,0,133,0.0,3,3,196,0.0,1
71,15,16,1.067,2,296,1.333,21,5,1565,0.0,0
1388,210,418,1.99,12,6387,2.229,228,80,5348,0.0044,0
345,21,38,1.81,9,1436,0.905,37,14,1086,0.0,0
32,3,3,1.0,1,857,1.0,2,2,169,0.0,0
1094,78,380,4.872,31,9671,2.423,183,19,1750,0.0109,0
107,14,18,1.286,2,703,1.071,5,3,502,0.0,1
28,0,0,0.0,0,124,0.0,15,3,1805,0.4,1
6556,446,513,1.15,11,32651,1.081,355,160,3309,0.0535,0
57,7,14,2.0,5,389,2.0,1,1,0,0.0,0
412,28,110,3.929,35,2481,1.75,89,46,5340,0.0449,1
409,86,89,1.035,2,1640,1.244,37,26,3268,0.0,0
137,24,27,1.125,3,655,1.208,12,5,575,0.0,0
1229,98,431,4.398,22,10689,2.378,269,45,2406,0.0074,0
185,23,24,1.043,2,736,1.217,4,4,512,0.25,0
110,18,32,1.778,5,1405,2.556,10,6,1915,0.0,0
103,15,15,1.0,1,353,1.0,13,9,1614,0.0,0
8,1,2,2.0,2,33,1.0,1,1,315,0.0,0
513,53,56,1.057,2,3653,1.038,60,13,2176,0.0,0
289,32,92,2.875,7,1429,3.5,1,1,0,0.0,0
111,6,17,2.833,5,608,1.0,2,2,260,0.0,0
51,6,15,2.5,4,257,1.0,3,2,215,0.3333,0
223,19,23,1.211,3,905,1.316,19,10,1042,0.0,0
39,0,0,0.0,0,843,0.0,10,7,3199,0.0,0
324,6,93,15.5,36,1778,2.667,52,12,499,0.0,0
27,5,8,1.6,2,137,1.2,13,6,1987,0.0,0
982,71,75,1.056,5,3924,1.0,5,3,29,0.0,0
900,98,299,3.051,16,4811,2.102,27,9,519,0.0,0
46,4,4,1.0,1,199,1.0,1,1,65,0.0,0
851,62,75,1.21,5,3109,1.113,125,48,3511,0.0,0
151,24,31,1.292,4,869,1.125,25,11,1158,0.04,0
970,80,83,1.038,2,8142,1.05,40,18,254,0.025,0
342,25,61,2.44,10,2703,1.04,47,15,1847,0.0,1
58,10,13,1.3,3,352,1.3,21,7,2155,0.0476,0
390,42,43,1.024,2,1868,1.095,6,6,197,0.1667,0
41,7,7,1.0,1,239,1.857,5,3,808,0.0,0
220,17,79,4.647,25,1356,3.0,21,8,1268,0.0476,0
18,4,4,1.0,1,90,1.25,3,3,1163,0.0,1
76,10,17,1.7,4,555,1.3,12,5,300,0.0,0
709,62,64,1.032,2,3137,0.952,85,58,4386,0.0235,0
700,71,130,1.831,19,4531,1.014,46,8,1351,0.1304,0
322,31,31,1.0,1,1728,1.0,21,9,573,0.0,0
218,24,25,1.042,2,1559,1.042,19,12,2100,0.0,0
802,96,104,1.083,4,5257,1.125,30,7,1545,0.0,0
124,5,34,6.8,20,633,1.6,45,20,4337,0.0222,0
265,47,54,1.149,2,1397,1.043,11,9,3576,0.0,0
104,6,8,1.333,3,2457,0.833,24,3,341,0.0,0
44,1,4,4.0,4,143,1.0,4,4,1273,0.0,0
56,10,26,2.6,5,416,1.0,12,9,1485,0.0,0
906,70,90,1.286,7,5656,1.157,64,31,928,0.0156,0
165,12,37,3.083,14,763,2.667,41,16,4102,0.0244,0
156,9,14,1.556,4,1195,1.0,40,22,992,0.0,0
405,61,134,2.197,9,2875,1.754,30,5,1919,0.0333,0
97,15,18,1.2,2,611,1.0,23,11,1393,0.0,0
455,47,114,2.426,17,2646,2.511,37,15,851,0.0,0
317,0,0,0.0,0,3548,0.0,10,6,439,0.0,0
504,19,27,1.421,8,2948,1.0,14,10,798,0.0,0
31,1,5,5.0,5,186,3.0,3,3,1383,0.0,0
612,65,192,2.954,14,4538,2.308,69,7,1111,0.0,0
288,30,33,1.1,3,2076,1.0,18,5,1438,0.1111,0
214,19,45,2.368,4,1275,1.263,14,6,1591,0.0,0
40,8,8,1.0,1,221,1.0,1,1,0,0.0,0
69,10,17,1.7,4,428,1.8,52,21,4476,0.0,0
1179,98,320,3.265,31,6517,2.306,347,69,3569,0.0029,0
131,16,17,1.062,2,648,2.25,11,5,863,0.0,0
125,8,36,4.5,9,602,2.25,55,29,5796,0.0,0
33,3,3,1.0,1,158,1.0,2,2,498,0.0,0
210,20,39,1.95,7,1893,1.05,44,13,2280,0.0,0
101,10,28,2.8,11,832,3.6,9,2,259,0.2222,1
119,19,36,1.895,4,778,3.0,30,9,2557,0.0,0
23,3,4,1.333,2,179,1.0,4,4,341,0.0,0
320,28,65,2.321,5,1477,2.571,154,60,4978,0.1234,1
66,13,15,1.154,2,301,1.154,3,2,13,0.0,0
183,17,17,1.0,1,665,1.824,11,11,249,0.0,0
1295,91,353,3.879,32,7845,3.033,288,67,2438,0.0486,0
109,16,18,1.125,2,508,1.0,7,5,2119,0.0,0
237,43,71,1.651,6,1698,1.605,42,7,1063,0.0238,0
36,7,12,1.714,4,264,2.0,14,6,1355,0.0,0
177,30,43,1.433,3,1129,1.267,21,14,1030,0.0476,0
107,7,27,3.857,13,595,2.143,63,4,1031,0.0,0
14,0,0,0.0,0,112,0.0,8,5,2332,0.0,0
577,72,202,2.806,26,3771,2.042,146,16,2265,0.0068,0
1343,92,357,3.88,32,7904,3.0,304,78,2700,0.0493,0
101,8,16,2.0,5,716,1.0,13,6,706,0.0,0
1894,79,602,7.62,74,8937,2.367,511,132,7022,0.0,0
92,10,11,1.1,2,466,1.0,1,1,358,0.0,0
1280,132,152,1.152,5,7967,1.189,85,15,2178,0.0118,0
316,40,125,3.125,18,2348,1.925,18,8,605,0.0,0
89,16,29,1.812,3,550,3.688,12,9,1811,0.0,0
555,49,59,1.204,4,2428,1.143,79,30,1321,0.0,0
1,10,14,1.4,5,124,0.3,2,1,959,0.0,0
751,63,68,1.079,3,4563,1.016,64,43,2100,0.0156,0
54,8,18,2.25,4,358,1.75,2,1,544,0.0,0
63,3,11,3.667,8,326,2.333,4,2,1851,0.0,0
298,63,122,1.937,8,1791,1.81,57,9,2139,0.0,0
289,31,92,2.968,20,1834,2.258,51,18,3341,0.0,0
93,20,20,1.0,1,559,1.0,3,2,61,0.0,0
427,39,47,1.205,3,1878,1.026,1,1,0,0.0,0
127,15,41,2.733,5,731,2.2,0,0,0,0.0,0
171,38,73,1.921,8,977,1.895,15,4,604,0.0,0
109,7,7,1.0,1,454,1.0,6,6,1058,0.0,0
666,59,183,3.102,15,4902,2.136,30,16,498,0.0,0
121,6,38,6.333,21,751,2.0,8,1,88,0.0,0
54,8,8,1.0,1,342,1.0,6,5,660,0.0,0
70,13,14,1.077,2,536,1.0,2,2,154,0.0,0
16,2,2,1.0,1,397,1.0,9,4,833,0.0,0
1,0,0,0.0,0,3,0.0,2,2,515,0.0,0
188,25,84,3.36,16,954,1.72,43,21,3558,0.0,0
837,75,107,1.427,5,3334,2.427,108,63,2922,0.0463,0
835,63,300,4.762,27,5477,2.286,61,6,475,0.0,0
409,48,102,2.125,11,2688,1.75,57,25,3538,0.0,0
156,28,45,1.607,6,1054,2.893,5,4,20,0.0,0
22,0,0,0.0,0,145,0.0,7,3,1150,0.0,0
2977,320,358,1.119,5,18305,1.019,198,70,2975,0.0,0
430,32,33,1.031,2,1675,1.25,3,1,23,0.0,0
291,30,89,2.967,7,1451,2.267,68,26,2412,0.0,0
104,9,26,2.889,7,684,2.667,9,5,1094,0.0,0
8,1,4,4.0,4,51,1.0,0,0,0,0.0,0
300,14,14,1.0,1,1336,1.429,5,2,286,0.0,0
625,60,72,1.2,3,2321,1.267,82,41,4468,0.0366,1
82,13,23,1.769,3,645,2.308,3,2,168,0.0,1
483,29,41,1.414,4,3273,1.69,24,8,600,0.0417,0
18,0,0,0.0,0,70,0.0,7,3,2042,0.0,0
148,14,18,1.286,3,734,1.0,9,8,527,0.0,0
164,33,64,1.939,6,1268,1.485,16,3,715,0.0,0
1924,162,598,3.691,27,10397,2.222,571,163,6348,0.0,0
693,89,115,1.292,6,4503,1.124,87,38,2597,0.0115,0
297,71,114,1.606,9,2751,1.958,67,7,1623,0.0,0
150,2,29,14.5,24,655,2.0,1,1,30,0.0,0
15,2,4,2.0,3,218,3.0,7,6,3394,0.0,0
260,7,53,7.571,16,1404,2.0,95,18,2766,0.0316,0
721,84,90,1.071,3,3883,1.119,55,31,3016,0.5818,1
23,3,3,1.0,1,125,1.0,3,2,423,0.0,0
64,6,20,3.333,5,564,1.333,22,13,2527,0.0,0
14,1,1,1.0,1,87,3.0,3,2,1528,0.0,0
234,20,75,3.75,24,1626,1.6,75,38,4231,0.6267,1
60,8,16,2.0,6,388,1.75,7,6,1934,0.0,0
90,0,0,0.0,0,410,0.0,14,10,3603,0.0,0
280,0,0,0.0,0,2762,0.0,270,34,3655,0.0519,0
175,10,24,2.4,7,948,1.0,24,6,1709,0.0,0
566,72,175,2.431,7,4107,2.667,57,6,812,0.0,0
23,2,2,1.0,1,160,1.0,10,4,808,0.1,0
28,2,2,1.0,1,108,1.0,2,2,92,0.0,0
51,1,2,2.0,2,103,4.0,1,1,540,0.0,0
16,2,4,2.0,2,200,1.0,1,1,78,0.0,0
1302,93,125,1.344,7,8364,1.398,80,22,570,0.0,0
168,22,57,2.591,14,1090,1.864,125,39,5907,0.008,0
384,47,108,2.298,7,1911,2.617,69,32,1948,0.0145,0
77,5,7,1.4,3,388,1.0,11,6,294,0.0,0
1217,100,323,3.23,28,6358,2.31,408,93,4834,0.0025,0
132,18,18,1.0,1,621,1.0,38,10,1419,0.0,0
383,35,108,3.086,9,1918,2.286,166,54,4368,0.0301,0
877,49,63,1.286,5,4799,1.041,18,11,249,0.0,0
48,7,7,1.0,1,309,2.286,9,5,1159,0.5556,1
210,16,62,3.875,12,1328,3.375,20,3,794,0.0,0
476,55,56,1.018,2,2032,0.982,23,17,2680,0.0,0
13,1,1,1.0,1,77,1.0,1,1,2576,0.0,0
331,55,55,1.0,1,1530,1.0,8,4,239,0.0,1
18,3,3,1.0,1,1877,1.0,5,3,8,0.0,0
10,0,0,0.0,0,30,0.0,2,2,1254,0.0,0
79,7,7,1.0,1,500,1.0,3,2,568,0.0,0
776,86,145,1.686,19,5271,1.012,66,14,1836,0.1212,0
89,13,30,2.308,6,528,1.077,17,9,1551,0.0,0
21,1,1,1.0,1,77,1.0,2,2,327,0.0,0
176,17,63,3.706,8,631,1.0,13,11,3911,0.0,0
4,0,0,0.0,0,20,0.0,3,3,2657,0.0,0
773,85,96,1.129,4,4107,1.235,61,31,3043,0.623,1
11,16,38,2.375,7,799,1.062,15,10,1825,0.0667,0
30,9,11,1.222,2,149,1.0,7,6,2174,0.0,0
15,4,4,1.0,1,214,2.0,6,6,827,0.0,0
1443,97,160,1.649,7,10868,1.206,21,12,249,0.0,0
802,41,294,7.171,26,5873,2.317,145,41,2262,0.0138,0
716,77,216,2.805,15,5405,2.351,204,46,3752,0.0343,0
1074,129,161,1.248,5,6374,1.109,65,36,1421,0.0,0
2318,174,192,1.103,3,13013,1.132,125,53,1828,0.008,0
11,3,3,1.0,1,173,2.333,22,4,1933,0.1364,0
525,44,44,1.0,1,2377,0.955,34,23,741,0.0294,1
182,15,30,2.0,8,1300,0.933,12,7,1535,0.0833,0
143,10,30,3.0,5,849,1.9,89,15,2583,0.0225,0
520,59,140,2.373,8,3160,1.593,45,5,847,0.0,0
74,4,4,1.0,1,433,1.0,14,9,3268,0.0,0
18,3,3,1.0,1,78,1.0,4,2,1439,0.0,0
173,6,22,3.667,8,895,2.833,37,13,3033,0.0,0
844,42,104,2.476,13,4315,1.119,52,14,594,0.0,0
31,3,6,2.0,4,247,2.333,4,3,887,0.0,0
2222,222,266,1.198,5,14026,1.018,26,8,174,0.0,0
81,6,6,1.0,1,939,1.0,6,3,499,0.0,0
834,87,102,1.172,5,4403,1.379,69,31,3045,0.6522,1
435,104,104,1.0,1,3037,1.0,7,5,203,0.0,0
694,117,124,1.06,3,3860,1.077,88,44,3268,0.0455,0
215,8,76,9.5,32,1166,3.0,102,15,1961,0.0196,0
129,18,36,2.0,3,781,3.111,17,4,1821,0.0,0
796,47,112,2.383,7,3956,1.0,91,24,3828,0.0,0
1,10,14,1.4,5,126,0.3,1,1,659,0.0,0
47,4,4,1.0,1,242,1.0,15,5,1134,0.0,0
73,13,13,1.0,1,444,1.308,5,4,737,0.0,0
285,26,99,3.808,16,1910,1.654,66,36,7181,0.0,0
582,79,182,2.304,14,3107,1.608,174,58,5286,0.0287,0
55,7,7,1.0,1,256,1.0,0,0,0,0.0,0
427,36,161,4.472,35,2672,2.056,122,31,1451,0.0,0
251,67,109,1.627,9,2422,2.0,66,7,1598,0.0,0
62,2,19,9.5,17,298,3.0,10,4,1908,0.0,0
74,6,18,3.0,7,379,1.333,11,2,311,0.0,0
97,10,19,1.9,5,675,1.6,3,3,197,0.0,0
250,11,69,6.273,14,1350,2.545,50,18,1784,0.0,0
1758,233,252,1.082,9,9856,1.189,148,51,2421,0.0,0
437,6,106,17.667,63,1819,2.5,116,31,3167,0.0,0
1051,106,371,3.5,24,7476,2.264,415,93,4048,0.0,0
1843,65,139,2.138,13,6122,1.123,25,20,1285,0.0,0
15,0,0,0.0,0,46,0.0,4,4,1182,0.0,0
522,73,75,1.027,2,3403,1.0,51,34,1351,0.1569,0
59,4,6,1.5,3,250,1.0,5,1,111,0.0,0
1941,162,603,3.722,27,10568,2.228,611,175,7077,0.0,0
16,2,4,2.0,2,64,3.5,3,3,1623,0.0,0
32,5,6,1.2,2,190,1.2,4,2,436,0.0,0
192,27,84,3.111,10,1427,1.704,7,4,254,0.0,0
1462,100,115,1.15,6,4987,1.02,65,33,2327,0.0,0
249,27,74,2.741,15,1643,1.556,67,23,3069,0.0,0
407,11,18,1.636,7,2411,1.0,0,0,0,0.0,0
630,36,65,1.806,5,4767,1.028,7,5,297,0.0,0
1229,63,103,1.635,17,12622,1.159,49,24,354,0.0204,0
697,93,106,1.14,3,4194,1.0,73,45,2756,0.1507,0
196,21,72,3.429,13,1883,1.952,61,16,1166,0.0,0
1,0,0,0.0,0,6,0.0,1,1,0,0.0,0
143,21,34,1.619,5,769,1.762,23,4,474,0.0,0
74,3,7,2.333,3,423,1.0,31,4,1791,0.0,0
67,6,18,3.0,8,648,2.0,21,12,3786,0.2857,1
38,0,0,0.0,0,224,0.0,9,8,640,0.1111,1
857,67,328,4.896,29,5813,3.358,200,42,2242,0.0,0
559,74,179,2.419,11,3241,2.135,144,19,2363,0.0417,0
143,21,34,1.619,5,768,1.714,22,4,474,0.0,0
787,95,137,1.442,5,4851,1.116,65,24,654,0.0,0
1795,216,243,1.125,5,7943,0.94,145,66,3971,0.0,0
172,15,66,4.4,13,1558,1.4,16,8,1686,0.3125,1
196,30,30,1.0,1,1313,1.067,14,10,1422,0.0,0
62,6,12,2.0,6,360,2.833,10,6,1547,0.0,0
90,4,28,7.0,15,526,1.5,23,10,2120,0.0435,0
162,22,26,1.182,3,868,1.182,23,8,1175,0.0,0
26,5,5,1.0,1,202,1.4,2,2,189,0.5,0
8,0,0,0.0,0,48,0.0,20,4,1907,0.0,0
53,3,14,4.667,10,285,2.0,9,3,756,0.0,0
25,0,0,0.0,0,188,0.0,0,0,0,0.0,0
746,123,132,1.073,3,4180,1.065,99,51,4572,0.0505,1
327,34,35,1.029,2,1864,1.029,14,10,566,0.0,0
647,81,192,2.37,14,3284,1.605,191,65,6856,0.0262,0
125,16,20,1.25,4,989,1.0,20,9,1975,0.05,1
170,22,23,1.045,2,721,1.0,11,6,362,0.0,0
4,0,0,0.0,0,18,0.0,3,2,2657,0.0,0
125,15,39,2.6,4,646,2.8,43,22,4518,0.0,0
610,77,99,1.286,6,4082,1.104,62,30,1422,0.0161,0
20,2,2,1.0,1,176,1.0,3,3,496,0.0,0
742,123,132,1.073,3,4153,1.065,93,48,3585,0.0538,0
54,13,15,1.154,3,256,2.231,11,7,1583,0.0,0
381,18,27,1.5,4,2040,1.278,31,9,733,0.0,0
718,44,299,6.795,86,4895,3.614,65,29,1152,0.0,0
6931,466,537,1.152,11,34157,1.079,388,176,3779,0.0541,0
355,27,76,2.815,6,2641,1.0,23,10,587,0.0,0
685,80,96,1.2,3,2663,1.3,62,28,3230,0.0,0
60,5,12,2.4,5,541,1.6,5,5,1774,0.0,0
196,30,30,1.0,1,1437,1.0,12,8,896,0.0,0
197,7,28,4.0,10,1023,3.0,47,21,5250,0.0,0
290,22,78,3.545,13,1785,2.364,70,12,1598,0.1,0
877,49,63,1.286,5,4799,1.041,20,11,369,0.0,0
74,7,22,3.143,5,336,1.571,14,9,522,0.0,0
34,3,11,3.667,7,156,3.333,23,15,3179,0.0,0
78,7,7,1.0,1,378,1.0,17,10,1328,0.2941,1
517,64,162,2.531,19,3232,1.609,187,52,5726,0.0053,1
104,17,39,2.294,4,678,3.294,7,3,57,0.0,0
196,23,25,1.087,3,1164,1.13,11,5,830,0.0909,0
111,15,34,2.267,6,817,1.867,14,9,1991,0.0,0
1594,230,256,1.113,9,9218,1.213,85,27,928,0.0,0
227,16,71,4.438,15,1134,1.125,67,20,4223,0.0,0
235,30,31,1.033,2,1104,1.167,14,8,327,0.0,0
5,0,0,0.0,0,18,0.0,1,1,33,0.0,0
228,42,47,1.119,3,1311,1.262,11,2,104,0.0,0
444,25,112,4.48,18,2819,1.2,14,1,14,0.0,0
130,7,37,5.286,11,807,2.429,39,16,2024,0.0,0
179,6,51,8.5,29,1049,2.0,74,10,2282,0.027,0
430,53,101,1.906,8,2398,2.358,103,37,4287,0.0388,0
4,1,1,1.0,1,38,2.0,51,8,2885,0.0,0
179,3,45,15.0,42,896,2.333,27,7,1023,0.0,0
88,10,10,1.0,1,373,1.0,2,2,1270,0.0,0
513,71,168,2.366,11,2962,2.056,127,18,2293,0.0394,0
223,42,44,1.048,2,1524,0.976,12,4,519,0.6667,1
255,6,63,10.5,30,1311,2.5,92,20,1455,0.0,0
36,2,9,4.5,5,327,2.0,18,12,3802,0.3333,0
28,6,6,1.0,1,186,1.0,2,2,234,0.0,0
70,15,16,1.067,2,358,1.267,2,2,129,0.0,0
140,14,41,2.929,9,1216,1.571,22,4,108,0.0,0
1270,101,329,3.257,28,6489,2.297,419,99,5169,0.0024,0
50,2,2,1.0,1,315,1.0,4,2,872,0.0,0
244,15,40,2.667,9,1213,1.733,112,28,4797,0.0,0
204,20,91,4.55,18,1495,3.2,37,20,1588,0.0,0
64,11,11,1.0,1,200,0.727,7,3,279,0.0,0
39,7,14,2.0,3,253,1.714,8,6,2326,0.0,0
302,62,62,1.0,1,1365,1.0,1,1,146,0.0,0
240,6,7,1.167,2,1099,1.167,46,28,1429,0.0,0
114,13,40,3.077,11,1191,2.0,69,23,3582,0.0,0
320,30,85,2.833,14,1808,2.733,68,21,3848,0.0,0
172,14,14,1.0,1,922,1.0,9,5,701,0.0,0
94,14,32,2.286,6,559,3.143,9,5,2184,0.0,0
1406,88,97,1.102,4,6054,1.0,84,43,4205,0.0,0
98,7,30,4.286,10,715,1.857,31,19,2291,0.0,0
300,15,80,5.333,16,1427,1.267,31,5,757,0.0,0
194,19,83,4.368,18,1388,3.263,32,15,1419,0.0,0
85,16,17,1.062,2,334,1.438,3,3,554,0.0,0
63,12,13,1.083,2,357,1.083,26,11,2127,0.0,0
147,12,38,3.167,11,1273,0.833,9,2,1309,0.0,0
388,33,99,3.0,13,2273,2.303,182,75,6325,0.0604,1
218,25,29,1.16,3,1075,1.04,15,6,513,0.0,0
90,11,11,1.0,1,665,1.182,1,1,50,1.0,0
107,5,37,7.4,18,745,3.2,60,14,3060,0.0833,0
25,7,7,1.0,1,182,1.0,1,1,10,0.0,0
2638,236,275,1.165,10,17538,1.042,169,23,1444,0.0473,0
28,2,7,3.5,5,179,2.0,12,7,1549,0.0,0
138,17,18,1.059,2,610,1.0,18,15,3674,0.0,0
24,1,5,5.0,5,347,0.0,11,4,1260,0.0,0
46,14,18,1.286,2,433,1.786,10,1,474,0.0,0
172,26,35,1.346,4,935,1.308,12,8,343,0.0,0
373,5,6,1.2,2,1176,1.6,3,3,693,0.0,0
8,0,0,0.0,0,44,0.0,2,1,153,0.0,0
5,0,0,0.0,0,24,0.0,0,0,0,0.0,0
106,1,32,32.0,32,626,2.0,9,3,30,0.0,0
287,29,73,2.517,17,1621,2.0,105,31,4740,0.0,0
883,52,203,3.904,23,5310,3.0,91,10,633,0.033,0
686,69,240,3.478,23,4410,2.768,79,19,1472,0.0253,1
1,10,18,1.8,5,145,0.3,1,1,659,0.0,0
39,9,18,2.0,3,247,3.333,1,1,16,0.0,0
286,29,32,1.103,2,1725,1.0,2,2,38,0.0,0
1358,94,370,3.936,32,8201,2.989,276,63,2366,0.0507,0
214,10,46,4.6,9,930,5.7,50,11,2321,0.26,1
44,6,15,2.5,7,325,2.333,25,9,2321,0.28,1
149,26,32,1.231,2,797,1.269,18,9,1360,0.0,0
24,6,6,1.0,1,147,1.667,4,2,883,0.0,1
3,0,0,0.0,0,32,0.0,1,1,163,0.0,0
1,8,13,1.625,5,120,0.25,2,1,959,0.0,0
35,2,2,1.0,1,171,1.0,7,6,928,0.0,0
735,52,149,2.865,9,5017,1.0,20,6,1170,0.0,0
64,0,0,0.0,0,512,0.0,14,9,709,0.1429,0
150,17,18,1.059,2,874,1.0,6,5,216,0.0,0
663,51,183,3.588,24,3952,2.667,14,6,21,0.0,0
328,26,78,3.0,13,1420,0.731,14,5,796,0.0,0
313,26,39,1.5,3,1435,1.154,54,26,4133,0.1111,1
65,7,19,2.714,7,579,1.714,21,12,3088,0.0,0
118,21,21,1.0,1,538,1.0,7,5,238,0.0,0
40,3,9,3.0,7,164,2.0,5,4,667,0.0,0
1248,134,141,1.052,3,5379,1.09,84,42,2624,0.1667,1
470,46,52,1.13,3,2015,1.022,46,26,3268,0.0,0
450,52,125,2.404,9,2221,2.654,81,36,2384,0.0123,0
5,1,1,1.0,1,19,1.0,0,0,0,0.0,0
157,21,21,1.0,1,804,1.19,30,16,3567,0.0,0
121,25,31,1.24,4,874,1.44,12,8,1650,0.1667,1
1357,134,179,1.336,8,7336,1.0,96,45,2455,0.0104,0
61,3,10,3.333,8,334,2.667,22,14,3075,0.0,0
11,0,0,0.0,0,95,0.0,16,9,868,0.25,1
45,2,16,8.0,12,251,2.5,38,26,5780,0.1579,1
20,0,0,0.0,0,71,0.0,151,22,2934,0.0397,1
5,0,0,0.0,0,98,0.0,0,0,0,0.0,0
161,21,64,3.048,14,923,2.429,76,32,4129,0.0132,0
84,11,12,1.091,2,526,1.0,3,3,401,0.0,0
1598,236,507,2.148,15,7438,2.208,274,91,6037,0.0036,0
81,11,32,2.909,14,637,1.727,15,3,1139,0.0,0
19,1,6,6.0,6,111,3.0,19,10,3597,0.0526,0
1,0,0,0.0,0,5,0.0,9,4,1144,0.0,0
323,34,112,3.294,12,2359,2.853,32,1,114,0.0,0
317,34,95,2.794,7,1411,2.118,99,42,3257,0.0101,0
187,22,48,2.182,7,937,1.682,19,4,151,0.0,0
9,0,0,0.0,0,65,0.0,0,0,0,0.0,0
71,13,13,1.0,1,361,1.0,9,9,1556,0.0,0
938,90,264,2.933,13,5672,2.478,240,59,3796,0.0625,1
62,5,17,3.4,6,634,2.0,12,1,11,0.0,0
330,67,67,1.0,1,1457,1.0,9,7,858,0.2222,0
40,6,10,1.667,3,272,1.667,9,6,2593,0.0,0
131,21,46,2.19,5,1034,1.429,6,2,1509,0.0,0
23,2,7,3.5,5,162,2.0,25,17,4965,0.0,1
239,12,74,6.167,23,1626,4.083,15,3,291,0.0,0
482,87,146,1.678,13,2935,1.425,60,17,3314,0.0,0
91,10,12,1.2,2,334,2.4,22,14,1814,0.0,0
366,39,80,2.051,10,2077,3.051,79,25,2314,0.0253,0
335,21,106,5.048,30,2007,3.0,72,21,2221,0.0,0
210,25,30,1.2,3,950,1.08,17,11,2402,0.0,1
21,0,0,0.0,0,35,0.0,1,1,502,0.0,0
36,0,0,0.0,0,195,0.0,12,8,896,0.25,0
160,19,19,1.0,1,825,1.0,9,8,1421,0.0,0
102,21,24,1.143,2,591,1.143,17,13,1030,0.1176,0
904,85,94,1.106,5,5125,1.0,88,32,1422,0.0682,0
387,58,129,2.224,8,2744,1.759,7,1,287,0.0,0
21,3,3,1.0,1,98,1.0,7,6,3985,0.0,0
573,119,205,1.723,10,5029,1.882,170,20,2613,0.0,0
1550,122,178,1.459,4,7072,1.107,143,65,3553,0.021,0
62,11,20,1.818,3,348,1.818,11,10,1832,0.0909,1
191,23,50,2.174,7,948,2.87,62,32,5452,0.129,1
11,3,3,1.0,1,56,1.0,4,4,973,0.0,0
35,0,0,0.0,0,194,0.0,10,8,691,0.2,1
142,12,41,3.417,11,760,1.5,55,26,5258,0.0545,0
1304,88,119,1.352,3,4529,1.0,69,31,3557,0.0145,0
442,53,101,1.906,8,2471,2.358,111,42,4969,0.045,0
51,2,2,1.0,1,332,1.0,4,4,295,0.0,0
20,1,7,7.0,7,210,5.0,11,8,2741,0.0,0
46,3,16,5.333,7,265,3.333,5,5,3011,0.2,0
222,37,77,2.081,7,1518,2.703,0,0,0,0.0,0
499,34,38,1.118,2,2117,1.118,26,18,1547,0.0,0
76,7,28,4.0,9,387,2.286,50,25,4670,0.0,0
603,58,93,1.603,8,3351,0.983,15,14,680,0.0,0
485,58,70,1.207,4,2727,0.862,42,27,3531,0.0,0
51,3,17,5.667,11,360,2.667,5,3,1398,0.0,0
111,5,35,7.0,20,616,1.8,37,4,1029,0.027,0
186,19,58,3.053,13,2011,2.579,67,16,2326,0.0,0
254,52,102,1.962,8,1544,1.942,43,6,1139,0.0,0
260,25,57,2.28,5,1325,2.56,102,35,3160,0.0882,0
794,14,20,1.429,7,2996,1.0,66,45,3778,0.0606,1
25,7,7,1.0,1,185,1.0,2,1,21,0.0,0
131,13,17,1.308,3,615,1.077,6,1,34,0.0,0
176,19,28,1.474,3,863,1.105,22,6,1501,0.2727,0
32,5,6,1.2,2,152,1.8,1,1,509,0.0,0
12,0,0,0.0,0,40,0.0,7,4,2146,0.0,0
2363,234,282,1.205,5,14935,1.026,51,14,249,0.0,0
130,22,24,1.091,3,631,1.227,9,5,521,0.0,0
139,5,5,1.0,1,560,1.0,3,3,215,0.0,0
104,14,23,1.643,3,628,2.143,7,4,147,0.2857,0
89,14,30,2.143,6,501,1.071,22,9,2772,0.0,0
828,93,108,1.161,5,7448,1.011,14,5,269,0.0,0
249,3,3,1.0,1,1171,1.333,55,33,2350,0.0,0
408,30,43,1.433,3,1880,1.133,64,30,4407,0.1406,1
306,35,74,2.114,10,1307,1.2,40,24,2699,0.0,0
1004,163,188,1.153,9,6479,1.16,44,9,1192,0.0,0
13,0,0,0.0,0,37,0.0,6,3,545,0.0,1
1241,134,141,1.052,3,5354,1.09,83,42,2624,0.1566,1
33,8,18,2.25,3,312,1.125,7,2,157,0.0,0
348,35,35,1.0,1,1444,1.057,6,3,176,0.0,0
1073,98,145,1.48,8,5975,0.99,51,31,1553,0.0,0
63,6,16,2.667,7,560,1.833,31,15,4497,0.0,0
81,4,17,4.25,7,393,1.0,17,11,4554,0.0588,1
1768,212,504,2.377,13,8256,2.113,441,106,4832,0.0113,0
1456,140,152,1.086,3,9727,1.014,65,11,599,0.0308,0
835,82,90,1.098,3,3649,1.22,41,19,1142,0.1463,0
44,7,14,2.0,3,344,2.714,16,9,3320,0.0,0
71,6,20,3.333,11,478,1.167,7,2,253,0.0,1
47,8,8,1.0,1,320,1.0,5,4,646,0.0,0
269,14,68,4.857,11,1184,1.143,3,1,13,0.0,0
178,32,63,1.969,6,1092,2.562,53,20,3789,0.0,0
23,0,0,0.0,0,165,0.0,11,6,1869,0.0,0
90,10,36,3.6,8,706,2.7,35,18,3708,0.0286,0
1184,52,416,8.0,46,7460,2.212,272,81,4150,0.0074,0
1,0,0,0.0,0,5,0.0,1,1,548,0.0,0
24,4,4,1.0,1,144,1.0,2,1,153,0.0,0
13,1,1,1.0,1,47,1.0,2,2,1419,0.0,0
412,31,35,1.129,5,2397,1.0,33,17,3176,0.0,0
445,39,95,2.436,9,1863,2.795,132,57,5438,0.0303,0
35,4,4,1.0,1,176,1.0,2,2,249,0.0,0
295,32,105,3.281,31,2213,2.5,137,39,3947,0.0,0
26,0,0,0.0,0,84,0.0,2,2,235,0.0,0
162,17,31,1.824,9,821,2.235,34,20,5475,0.0,0
171,10,11,1.1,2,933,1.0,14,8,629,0.0,0
1102,114,184,1.614,19,6776,1.079,26,19,579,0.0769,0
145,20,40,2.0,6,859,3.2,32,14,1502,0.125,1
153,27,31,1.148,2,863,1.111,39,15,2137,0.0256,1
188,21,69,3.286,13,1861,1.905,54,12,1039,0.0,0
98,9,25,2.778,6,586,2.333,12,4,267,0.0,0
366,50,127,2.54,9,2308,1.82,52,30,1471,0.0962,1
218,30,35,1.167,3,1322,0.7,8,3,13,0.0,0
1151,48,89,1.854,19,12121,1.188,9,7,99,0.0,0
158,8,71,8.875,19,1260,3.25,38,10,774,0.0263,0
141,13,29,2.231,10,621,2.231,56,23,2620,0.0357,0
10,0,0,0.0,0,54,0.0,4,2,1028,0.25,0
228,26,54,2.077,6,1166,1.615,33,11,2874,0.0,0
284,36,37,1.028,2,1019,1.056,24,17,2701,0.0,0
1159,62,401,6.468,56,6992,2.435,285,45,3287,0.0,0
600,38,51,1.342,3,2669,1.0,49,31,4504,0.0,0
3,0,0,0.0,0,12,0.0,2,1,233,0.0,0
345,16,107,6.688,20,2803,3.062,19,6,1524,0.0,0
807,72,103,1.431,5,3226,2.444,102,58,2469,0.0392,1
252,5,74,14.8,35,1388,2.2,78,31,2544,0.0,0
37,12,13,1.083,2,176,2.25,11,10,903,0.0,0
255,19,62,3.263,11,1286,2.053,29,19,2420,0.0,1
24,6,8,1.333,2,137,1.667,1,1,972,0.0,1
309,49,63,1.286,5,1592,1.184,15,12,1651,0.0,0
224,43,75,1.744,5,1442,1.651,63,28,4709,0.0317,0
343,31,84,2.71,10,1854,1.839,202,48,4292,0.005,0
10,1,1,1.0,1,40,1.0,4,3,957,0.0,0
28,6,6,1.0,1,161,1.0,2,1,21,0.0,0
1106,92,93,1.011,2,3683,1.022,44,18,2198,0.0,0
578,81,88,1.086,2,3688,1.0,58,38,1806,0.1552,0
97,10,10,1.0,1,503,1.0,3,3,176,0.0,0
353,66,70,1.061,2,2135,1.182,18,14,646,0.1111,1
86,14,14,1.0,1,369,1.0,3,3,353,0.0,0
3,0,0,0.0,0,4121,0.0,4,1,4,0.0,0
835,92,104,1.13,5,7534,1.0,31,11,550,0.0645,0
463,58,70,1.207,3,1971,1.138,36,22,2828,0.0,0
57,4,20,5.0,12,241,1.25,6,4,2297,0.0,0
693,120,130,1.083,6,4626,1.117,3,1,1,0.0,0
7,1,1,1.0,1,207,1.0,7,5,578,0.0,0
2125,144,275,1.91,13,11957,1.257,164,44,2295,0.0,0
38,3,9,3.0,5,190,2.333,5,2,919,0.2,1
32,0,0,0.0,0,160,0.0,30,3,40,0.0667,0
268,24,85,3.542,12,1771,1.667,83,38,4257,0.6627,1
2465,208,282,1.356,8,10199,1.01,176,68,4372,0.0057,0
1006,56,57,1.018,2,3619,1.375,17,12,242,0.0588,0
61,9,19,2.111,8,529,1.444,38,18,4590,0.0,0
47,5,5,1.0,1,307,1.0,9,4,1528,0.0,0
82,7,7,1.0,1,354,1.0,5,5,1274,0.0,0
193,40,70,1.75,9,1163,1.125,12,4,794,0.0,0
88,7,7,1.0,1,1411,1.0,7,3,343,0.0,0
1043,104,373,3.587,23,7620,2.212,379,81,3797,0.0,0
1046,45,376,8.356,44,6958,2.333,223,68,3341,0.009,0
1086,75,107,1.427,5,3542,2.427,129,78,4748,0.0388,0
3,0,0,0.0,0,15,0.0,0,0,0,0.0,0
117,0,0,0.0,0,1346,0.0,72,5,460,0.0278,0
1410,105,571,5.438,70,10218,2.762,51,3,166,0.0,0
42,2,2,1.0,1,229,1.0,7,3,621,0.0,0
317,34,94,2.765,7,1403,2.118,97,42,3120,0.0103,0
685,75,212,2.827,16,5202,2.28,123,18,2257,0.0244,1
19,1,1,1.0,1,111,1.0,3,3,220,0.0,0
1434,119,170,1.429,4,6699,1.109,138,62,3222,0.0217,0
103,14,35,2.5,6,867,2.643,31,15,2839,0.0,0
92,0,0,0.0,0,502,0.0,2,2,194,0.0,0
1082,124,186,1.5,19,6743,1.073,79,39,2424,0.0759,1
34,4,4,1.0,1,193,2.0,10,6,1284,0.0,0
286,34,64,1.882,5,1575,3.059,35,10,1021,0.0,0
218,3,3,1.0,1,3878,0.667,35,10,1667,0.0,0
726,62,68,1.097,3,2893,1.081,69,33,4529,0.0,0
91,8,25,3.125,8,463,2.625,18,4,786,0.2222,1
129,19,36,1.895,4,809,3.105,28,9,2447,0.0,0
208,22,23,1.045,2,1433,1.045,17,7,955,0.0,0
179,6,11,1.833,4,913,1.5,15,8,1117,0.0,0
166,18,35,1.944,5,946,1.833,75,26,2653,0.0,0
287,31,98,3.161,13,1999,1.387,171,46,4508,0.0117,0
172,11,33,3.0,8,1093,2.636,16,3,371,0.0625,1
47,3,10,3.333,6,218,2.333,8,5,1567,0.25,1
151,4,39,9.75,18,704,3.25,6,2,80,0.0,0
1104,79,170,2.152,13,6567,1.139,78,22,794,0.0,0
248,22,96,4.364,17,1985,2.091,90,40,5965,0.0111,0
8,0,0,0.0,0,56,0.0,9,3,2663,0.0,0
56,7,11,1.571,3,479,0.857,7,5,1177,0.0,0
534,69,200,2.899,19,3518,2.101,104,7,853,0.0,0
307,18,21,1.167,2,1758,1.0,24,18,974,0.0,0
81,12,13,1.083,2,485,1.083,0,0,0,0.0,0
352,37,147,3.973,11,2375,3.054,56,21,1977,0.0,0
184,39,61,1.564,5,1152,1.615,34,10,2079,0.0294,1
124,12,22,1.833,3,545,1.417,19,2,75,0.0,0
4474,395,446,1.129,10,28702,1.073,235,111,1422,0.0638,0
28,1,1,1.0,1,175,1.0,6,3,278,0.0,0
81,10,18,1.8,5,600,2.7,18,7,2666,0.0,0
725,64,71,1.109,2,2547,1.125,40,29,2306,0.025,0
200,30,82,2.733,15,1423,2.4,74,29,3512,0.0,0
620,74,199,2.689,10,4535,2.716,62,7,826,0.0,0
624,34,64,1.882,5,4726,1.0,5,4,107,0.0,0
5,0,0,0.0,0,18,0.0,0,0,0,0.0,0
49,4,4,1.0,1,438,1.0,1,1,133,0.0,0
206,37,73,1.973,13,1600,2.135,85,42,4651,0.0471,1
349,25,42,1.68,5,2564,1.12,28,13,1229,0.0,0
1314,203,228,1.123,8,8242,1.167,12,7,103,0.0,0
123,3,3,1.0,1,1214,1.333,69,23,1660,0.0145,0
52,5,14,2.8,4,441,3.0,16,10,2117,0.0,0
250,34,79,2.324,12,1558,2.588,49,23,3593,0.0204,0
430,73,77,1.055,2,2345,1.288,52,34,4545,0.0962,1
410,58,133,2.293,8,2874,1.776,25,4,1389,0.0,0
737,43,46,1.07,3,3773,1.0,58,35,3855,0.0172,0
257,6,64,10.667,31,1301,2.5,96,21,1851,0.0,0
27,0,0,0.0,0,110,0.0,0,0,0,0.0,0
93,2,3,1.5,2,426,2.0,9,6,1102,0.0,0
10,1,1,1.0,1,46,1.0,0,0,0,0.0,0
1583,113,145,1.283,7,9992,1.389,109,36,1320,0.0,0
1133,49,399,8.143,46,7287,2.245,262,77,3904,0.0076,0
34,6,9,1.5,4,194,1.667,11,8,2302,0.0,0
526,5,31,6.2,13,2201,2.6,12,3,10,0.0833,0
65,11,16,1.455,2,400,1.091,3,3,1170,0.0,0
179,16,20,1.25,3,648,1.375,9,5,417,0.0,0
331,33,115,3.485,26,2245,1.364,16,5,746,0.0625,0
709,88,251,2.852,16,4041,1.898,76,7,1391,0.0132,0
796,84,122,1.452,4,4709,1.143,82,40,1577,0.0122,0
25,7,7,1.0,1,185,1.0,3,2,92,0.0,1
245,5,64,12.8,30,1312,2.6,70,13,791,0.0,0
583,53,55,1.038,2,2738,0.943,61,39,2113,0.0328,0
237,32,53,1.656,5,1171,1.562,13,1,20,0.0,0
485,38,126,3.316,12,2196,2.342,198,73,6275,0.0354,0
532,24,37,1.542,5,2838,1.208,44,14,1533,0.0,0
199,37,39,1.054,2,1349,0.973,3,1,316,0.6667,1
79,15,15,1.0,1,433,1.467,5,5,721,0.0,0
178,28,70,2.5,12,1374,1.821,47,1,72,0.0,0
189,24,37,1.542,3,942,1.375,9,5,1668,0.0,0
4636,401,463,1.155,11,30042,1.082,312,143,2675,0.0577,0
44,0,0,0.0,0,308,0.0,1,1,0,0.0,0
567,75,83,1.107,3,3353,0.987,24,14,628,0.125,1
153,10,40,4.0,9,1109,2.3,1,1,10,0.0,0
493,53,65,1.226,6,3566,1.0,19,13,249,0.0526,0
666,75,108,1.44,4,3986,1.16,57,32,1035,0.0175,0
213,21,25,1.19,4,921,0.952,4,3,832,0.0,0
136,12,39,3.25,10,779,1.5,41,19,3573,0.0732,0
29,0,0,0.0,0,149,0.0,14,3,1351,0.2143,0
325,39,106,2.718,7,1632,3.359,12,5,463,0.0,0
305,34,37,1.088,3,2239,1.0,36,22,1504,0.0278,0
66,8,21,2.625,8,558,2.375,10,1,110,0.0,0
61,8,9,1.125,2,335,1.0,4,2,236,0.25,1
13,0,0,0.0,0,61,0.0,0,0,0,0.0,0
1204,98,428,4.367,25,10478,2.408,305,56,2666,0.0066,0
238,12,116,9.667,67,1787,2.75,7,5,147,0.0,0
248,18,67,3.722,9,1344,2.333,129,30,3645,0.0233,0
39,2,2,1.0,1,267,1.0,0,0,0,0.0,0
343,15,25,1.667,3,3541,1.0,13,4,946,0.0769,0
71,14,14,1.0,1,362,1.0,3,2,25,0.0,0
28,5,7,1.4,2,257,2.0,1,1,7,0.0,0
45,5,13,2.6,8,259,2.2,16,11,4181,0.0,0
203,10,66,6.6,17,1676,1.5,149,33,3604,0.0,0
2912,261,296,1.134,10,19399,1.057,12,9,82,0.0,0
200,30,34,1.133,3,928,1.467,32,16,689,0.0312,0
106,7,33,4.714,10,886,4.429,8,4,440,0.125,0
287,36,39,1.083,3,1453,1.139,19,8,918,0.2105,0
449,28,58,2.071,4,2028,1.214,42,18,4013,0.0,0
476,57,69,1.211,3,2015,1.14,41,25,3470,0.0,0
200,28,81,2.893,5,1059,1.214,11,7,125,0.0,0
67,14,15,1.071,2,271,1.286,11,6,1191,0.0,0
456,32,59,1.844,7,3125,1.0,57,15,2162,0.0175,0
214,31,32,1.032,2,1405,1.032,27,5,406,0.0,0
6,1,1,1.0,1,26,1.0,2,2,3268,0.0,0
1027,88,109,1.239,7,6328,1.182,130,59,3121,0.0308,0
377,38,152,4.0,15,2451,1.553,77,17,2574,0.0,0
170,17,52,3.059,10,880,2.412,8,2,25,0.0,0
71,8,8,1.0,1,333,1.0,5,5,574,0.0,0
21,2,2,1.0,1,288,1.0,3,3,637,0.0,0
26,0,0,0.0,0,67,0.0,2,2,359,0.0,0
439,75,148,1.973,14,2550,1.453,127,38,3634,0.0394,0
391,26,35,1.346,5,2159,1.0,20,12,1544,0.0,0
52,5,13,2.6,5,271,1.8,16,10,4479,0.0,0
440,48,169,3.521,16,3086,1.896,106,46,2442,0.0,0
879,97,335,3.454,38,6114,2.227,161,13,1622,0.0,0
86,11,16,1.455,2,343,1.0,0,0,0,0.0,0
692,34,41,1.206,3,4322,1.235,16,9,801,0.0,0
76,5,21,4.2,13,473,1.6,0,0,0,0.0,0
1552,165,194,1.176,5,8767,1.152,100,43,1106,0.02,0
615,73,86,1.178,7,3289,1.219,28,18,326,0.1786,0
70,3,13,4.333,10,335,2.333,21,12,3044,0.0,0
21,2,2,1.0,1,80,1.0,7,3,1376,0.0,0
25,0,0,0.0,0,116,0.0,4,3,460,0.0,0
307,27,109,4.037,22,2053,2.148,12,3,44,0.0,0
741,53,179,3.377,9,3458,3.679,2,2,4,0.0,0
796,40,295,7.375,32,5765,2.325,158,46,2563,0.0127,0
6869,457,527,1.153,11,33789,1.079,377,170,3656,0.0531,1
138,7,34,4.857,7,905,6.286,33,6,1911,0.0,0
100,19,35,1.842,6,581,1.632,38,16,4301,0.0,0
803,89,289,3.247,22,4669,2.517,210,70,3311,0.0143,0
731,41,46,1.122,5,4790,1.268,71,38,2632,0.0,0
115,17,35,2.059,10,1422,3.294,18,6,950,0.2778,0
610,78,84,1.077,3,2784,1.0,21,13,759,0.0,0
722,66,77,1.167,3,3155,1.136,52,27,3104,0.0192,0
149,27,50,1.852,10,1150,2.148,14,6,791,0.0,0
34,3,3,1.0,1,260,1.0,4,3,549,0.0,0
20,1,1,1.0,1,117,1.0,2,1,428,0.5,0
323,63,63,1.0,1,1374,1.0,12,8,1787,0.1667,0
573,37,41,1.108,3,2088,1.054,42,27,4724,0.0238,1
8,0,0,0.0,0,61,0.0,6,6,1370,0.0,0
52,11,20,1.818,10,412,1.818,12,4,1467,0.0,0
19,4,6,1.5,2,108,0.75,5,4,1479,0.0,0
471,48,125,2.604,9,3002,1.0,9,5,242,0.0,0
14,1,3,3.0,3,92,1.0,83,18,7371,0.0,0
483,29,46,1.586,8,2649,1.31,43,11,282,0.0,0
1237,90,132,1.467,4,6994,1.144,61,37,3082,0.0,0
10,2,3,1.5,2,128,3.0,4,2,348,0.5,1
102,5,36,7.2,18,750,3.2,67,18,3543,0.1045,1
404,84,131,1.56,11,2959,1.524,56,12,2801,0.0,0
222,39,50,1.282,2,1169,0.974,37,21,1936,0.1892,1
163,3,40,13.333,37,757,2.333,17,5,466,0.0,0
71,9,13,1.444,5,629,1.0,9,8,1764,0.0,0
152,6,55,9.167,31,1208,2.0,55,20,3423,0.0545,0
370,56,138,2.464,10,2379,1.821,79,43,2278,0.0759,0
151,11,15,1.364,3,686,1.364,8,8,2578,0.25,0
470,62,139,2.242,14,2520,2.226,107,56,3696,0.0467,0
187,39,69,1.769,9,1083,1.128,6,2,330,0.0,0
1738,245,267,1.09,9,9788,1.192,129,45,1915,0.0,0
323,34,111,3.265,12,2357,2.853,30,1,92,0.0,0
78,12,12,1.0,1,442,1.167,2,2,84,0.0,0
274,17,21,1.235,5,1624,1.0,8,5,569,0.0,0
164,12,42,3.5,8,799,3.333,5,1,0,0.0,0
75,6,20,3.333,5,478,0.833,42,24,6027,0.0,0
14,0,0,0.0,0,83,0.0,1,1,64,0.0,0
477,49,63,1.286,5,2224,1.061,40,19,1864,0.0,0
567,109,246,2.257,21,3569,2.752,13,4,80,0.0,0
15,1,2,2.0,2,62,3.0,1,1,327,0.0,0
296,35,78,2.229,8,1466,2.6,86,33,2835,0.0233,0
1528,116,438,3.776,32,8896,3.0,434,134,4855,0.0461,0
228,25,25,1.0,1,1684,1.08,17,6,1280,0.0,1
278,8,86,10.75,50,1779,3.5,22,6,929,0.0,0
246,30,37,1.233,3,1098,1.5,10,5,125,0.0,0
1472,112,416,3.714,32,8756,2.991,392,116,3694,0.0485,0
18,1,1,1.0,1,804,1.0,5,2,641,0.0,0
686,45,279,6.2,61,4984,2.778,221,28,2786,0.0,0
2,0,0,0.0,0,8,0.0,0,0,0,0.0,0
592,44,61,1.386,4,2771,1.114,62,35,2988,0.0161,1
142,13,37,2.846,8,873,2.0,47,4,500,0.0,0
397,17,115,6.765,26,2185,2.0,86,25,2325,0.0,0
195,29,31,1.069,3,1079,1.0,16,4,1172,0.0,0
684,68,76,1.118,3,3092,1.206,25,12,638,0.04,0
199,22,91,4.136,17,1883,2.091,78,30,4591,0.0,0
234,39,88,2.256,13,2084,2.256,43,15,1889,0.0,0
259,19,23,1.211,5,967,1.263,4,3,34,0.0,0
1790,249,271,1.088,9,9987,1.185,137,48,2164,0.0,0
114,14,33,2.357,13,701,1.643,9,6,2090,0.0,0
95,14,28,2.0,13,586,2.286,20,16,6184,0.0,0
1617,231,259,1.121,9,9333,1.212,88,29,1019,0.0,0
1488,67,507,7.567,68,8123,2.269,418,97,5147,0.0,0
1,0,0,0.0,0,6,0.0,2,2,3562,0.0,0
233,32,95,2.969,19,1413,1.844,44,19,3148,0.0,0
851,48,56,1.167,8,5297,1.229,74,39,2877,0.0,0
424,42,114,2.714,9,2708,1.0,7,3,176,0.0,0
72,11,12,1.091,2,460,1.0,12,6,1263,0.0,0
553,46,51,1.109,5,2342,1.478,49,13,945,0.0612,1
65,1,20,20.0,20,395,3.0,18,12,3092,0.0,0
19,0,0,0.0,0,111,0.0,19,9,1303,0.0,0
1330,70,104,1.486,4,13351,1.243,14,7,710,0.0,0
238,24,68,2.833,8,1449,3.25,18,8,991,0.0,0
96,6,6,1.0,1,535,1.0,1,1,240,0.0,0
56,12,12,1.0,1,344,1.0,5,4,420,0.0,0
42,8,10,1.25,3,141,1.75,7,6,2673,0.0,0
63,5,23,4.6,14,380,4.0,13,2,485,0.0,0
135,21,46,2.19,5,1047,1.429,13,6,2325,0.0,0
1205,147,176,1.197,4,6938,1.102,105,49,2443,0.0,0
1121,77,83,1.078,3,5189,1.13,74,32,2919,0.0,0
70,11,12,1.091,2,248,0.909,3,2,51,0.0,0
187,40,43,1.075,2,1197,1.25,11,5,501,0.0909,1
639,54,166,3.074,22,2792,1.944,67,44,2230,0.0299,0
209,27,39,1.444,4,1316,1.407,19,15,1137,0.0,0
10,1,1,1.0,1,82,1.0,1,1,189,0.0,0
104,19,20,1.053,2,425,1.526,8,5,2326,0.0,0
522,45,49,1.089,4,2210,1.111,23,9,369,0.0,0
291,32,42,1.312,3,1231,1.469,19,10,249,0.0,0
1286,87,112,1.287,5,4211,1.023,67,40,4321,0.0,0
93,4,24,6.0,10,470,2.75,31,15,4934,0.0,0
43,3,6,2.0,3,217,1.0,2,2,669,0.0,0
52,11,20,1.818,10,412,1.818,13,4,1584,0.0,1
336,23,134,5.826,36,2520,2.565,86,7,854,0.0,0
694,64,78,1.219,3,2638,1.266,85,41,4482,0.0588,1
62,8,11,1.375,4,328,1.0,3,1,0,0.3333,0
250,10,57,5.7,18,1119,2.8,72,29,5400,0.0,0
16,2,2,1.0,1,86,1.0,11,8,2388,0.0,0
339,27,110,4.074,17,1752,2.259,23,17,3322,0.0,0
134,28,32,1.143,3,455,1.25,3,2,22,0.0,0
675,86,90,1.047,3,3396,0.895,35,23,709,0.0,0
75,5,12,2.4,5,541,1.6,6,6,2425,0.0,0
344,35,39,1.114,3,2252,1.0,67,25,2186,0.0448,0
121,22,40,1.818,8,675,1.545,7,3,241,0.0,0
85,16,17,1.062,2,335,1.562,6,6,723,0.0,0
301,34,102,3.0,13,2198,1.412,147,37,3851,0.0136,0
3328,327,366,1.119,10,22285,1.073,69,36,350,0.058,0
8,1,1,1.0,1,30,1.0,10,7,3685,0.0,0
908,106,268,2.528,10,4248,2.726,254,95,6374,0.0079,0
138,1,3,3.0,3,813,3.0,23,11,2886,0.6522,1
344,34,46,1.353,3,2236,1.235,3,3,80,0.0,0
36,2,2,1.0,1,151,1.0,3,3,882,0.0,0
12,2,2,1.0,1,112,1.0,7,4,1990,0.0,0
79,10,10,1.0,1,472,1.3,20,13,1959,0.2,0
639,63,63,1.0,1,5872,1.032,49,8,1527,0.0204,0
82,10,32,3.2,7,664,2.7,5,2,309,0.0,1
376,45,54,1.2,3,2299,1.111,3,3,80,0.0,0
684,92,104,1.13,3,4135,1.0,72,45,2646,0.1389,1
609,39,119,3.051,9,4767,0.974,1,1,12,0.0,0
285,41,43,1.049,3,1103,1.0,10,7,465,0.0,0
421,34,44,1.294,3,2618,1.0,50,12,2252,0.02,0
355,36,110,3.056,11,1735,3.0,92,32,3616,0.0217,0
295,28,102,3.643,14,1630,1.75,62,7,1642,0.0,0
42,0,0,0.0,0,656,0.0,4,1,6,0.0,0
19,1,6,6.0,6,149,3.0,4,2,672,0.0,0
940,15,411,27.4,141,6493,4.133,35,3,72,0.0286,0
74,3,7,2.333,3,426,1.0,28,4,1618,0.0,0
282,18,19,1.056,2,1944,1.056,18,3,252,0.0,0
197,26,31,1.192,3,938,1.0,18,9,1667,0.0,0
1184,75,361,4.813,37,6327,3.267,321,101,5466,0.0031,0
43,3,11,3.667,5,318,2.0,2,1,2,1.0,1
33,4,4,1.0,1,157,1.0,1,1,98,1.0,1
355,53,105,1.981,16,3193,2.283,24,10,787,0.0,0
1769,212,504,2.377,13,8259,2.113,442,106,4832,0.0113,0
244,24,72,3.0,8,1503,3.25,22,8,1073,0.0,0
150,19,31,1.632,4,822,1.158,22,13,4915,0.0,0
680,86,241,2.802,16,3857,1.919,73,6,1322,0.0137,0
1010,87,92,1.057,3,8469,1.057,58,24,503,0.0172,0
15,0,0,0.0,0,42,0.0,3,3,3151,0.0,0
999,100,284,2.84,13,5851,2.49,278,78,4799,0.0576,1
27,7,10,1.429,3,184,1.714,4,3,1411,0.0,0
514,50,80,1.6,4,3278,1.26,23,15,308,0.0,0
560,103,210,2.039,12,3343,2.68,4,1,85,0.0,0
29,2,4,2.0,3,128,2.5,4,4,881,0.0,0
33,0,0,0.0,0,272,0.0,1,1,12,0.0,0
1026,132,143,1.083,3,4912,0.932,80,41,2148,0.0,0
684,120,258,2.15,12,3865,2.617,14,2,149,0.0,0
3,0,0,0.0,0,12,0.0,1,1,14,0.0,0
634,56,60,1.071,3,2767,1.089,51,24,1422,0.0,0
8,1,1,1.0,1,51,1.0,11,8,4976,0.0,0
683,59,65,1.102,3,3082,1.746,83,51,3334,0.012,0
199,11,64,5.818,14,1165,2.0,65,29,4542,0.0154,0
146,13,13,1.0,1,735,1.0,9,3,3536,0.0,0
956,99,315,3.182,17,7069,2.465,181,22,2488,0.0,0
256,7,53,7.571,16,1385,2.0,90,16,2598,0.0222,1
31,4,5,1.25,2,263,2.0,27,10,3149,0.0,0
35,5,9,1.8,5,313,2.2,11,6,1581,0.0909,0
124,15,39,2.6,4,643,2.8,42,21,4518,0.0,0
1217,146,161,1.103,5,10044,1.007,51,24,821,0.0196,0
228,5,62,12.4,28,1222,2.6,77,15,1002,0.0,0
450,56,65,1.161,3,2587,0.857,38,24,3268,0.0,0
134,9,36,4.0,11,470,2.222,0,0,0,0.0,0
132,12,40,3.333,10,524,2.167,10,5,1659,0.0,0
4538,379,419,1.106,10,29316,1.066,187,90,1049,0.0588,0
54,7,7,1.0,1,250,2.0,10,9,2596,0.0,0
77,7,7,1.0,1,389,1.0,4,2,1621,0.0,0
1312,91,357,3.923,32,7908,3.011,279,64,2373,0.0502,0
134,18,22,1.222,3,902,3.056,54,27,4936,0.0185,1
450,36,164,4.556,31,2741,1.972,108,28,1347,0.0,0
554,69,174,2.522,9,3566,2.681,16,5,232,0.0,0
1485,143,155,1.084,3,9943,1.014,74,11,639,0.027,0
12,1,1,1.0,1,62,1.0,0,0,0,0.0,0
46,4,4,1.0,1,230,1.0,6,5,432,0.0,0
1,10,19,1.9,6,159,0.7,0,0,0,0.0,0
100,17,26,1.529,3,632,1.294,17,9,1066,0.0,0
113,12,16,1.333,3,403,2.5,27,19,3129,0.0,0
17,0,0,0.0,0,44,0.0,2,2,242,0.0,0
124,15,29,1.933,7,786,2.067,47,21,3650,0.0,0
269,46,53,1.152,4,1349,1.0,37,22,2886,0.0,0
1021,123,271,2.203,51,3566,2.699,128,45,3926,0.0,0
234,13,13,1.0,1,827,1.0,20,14,3004,0.0,0
628,61,111,1.82,17,3034,1.902,32,13,2389,0.0,0
279,25,95,3.8,16,1856,1.68,65,35,7129,0.0,0
30,7,11,1.571,4,380,2.429,2,2,139,0.0,0
14,0,0,0.0,0,109,0.0,3,1,787,0.0,0
162,9,52,5.778,30,1169,4.444,46,17,901,0.0,0
214,18,22,1.222,3,834,1.333,13,7,755,0.0,0
16,0,0,0.0,0,46,0.0,2,2,196,0.0,0
450,41,98,2.39,9,1880,2.732,142,63,6213,0.0352,0
259,22,23,1.045,2,1190,0.955,5,4,505,0.0,0
102,19,20,1.053,2,431,1.579,3,1,480,0.0,0
751,66,66,1.0,1,6711,1.03,55,11,1569,0.0182,0
183,26,39,1.5,6,998,1.346,7,5,359,0.2857,1
5,0,0,0.0,0,18,0.0,2,2,3268,0.0,0
111,2,36,18.0,33,742,1.5,27,5,925,0.0,0
177,6,49,8.167,27,1051,2.0,81,12,2580,0.0247,0
169,3,58,19.333,27,1033,1.333,29,9,2103,0.0,0
530,34,45,1.324,3,2404,1.0,35,23,3242,0.0,0
56,11,11,1.0,1,377,1.0,6,3,633,0.0,0
285,23,51,2.217,4,1570,1.217,8,3,638,0.0,0
56,3,16,5.333,10,370,1.667,1,1,1,0.0,0
450,6,8,1.333,2,1775,1.667,78,48,4156,0.0,0
59,6,7,1.167,2,457,1.0,0,0,0,0.0,0
15,1,1,1.0,1,33,1.0,1,1,0,0.0,0
274,12,71,5.917,16,1408,2.417,60,24,2145,0.0,0
268,54,58,1.074,2,1677,1.222,5,5,62,0.0,1
100,7,7,1.0,1,610,1.0,1,1,2,0.0,0
228,20,74,3.7,24,1623,1.6,72,37,4167,0.625,1
66,11,16,1.455,4,332,1.091,1,1,0,0.0,0
241,12,18,1.5,4,1365,1.417,22,8,538,0.0,0
144,5,35,7.0,23,726,1.4,6,1,84,0.0,0
98,2,5,2.5,4,654,1.5,74,11,2709,0.0,0
286,34,64,1.882,5,1576,3.059,37,10,1054,0.0,0
190,12,54,4.5,11,1202,2.833,34,6,664,0.0,0
17,5,5,1.0,1,93,1.0,1,1,0,0.0,0
20,0,0,0.0,0,45,0.0,0,0,0,0.0,0
161,15,25,1.667,4,976,1.267,10,6,233,0.0,0
157,3,50,16.667,20,979,2.667,22,5,314,0.0,0
129,15,41,2.733,5,732,2.2,2,2,84,0.0,0
24,3,8,2.667,6,131,2.0,1,1,62,1.0,1
39,5,5,1.0,1,199,1.0,5,1,254,0.0,0
373,30,111,3.7,27,2367,1.733,16,7,1501,0.0,0
266,10,16,1.6,4,1263,1.3,16,12,424,0.0,0
23,1,2,2.0,2,167,2.0,3,1,1446,0.0,0
211,23,23,1.0,1,1718,1.087,24,12,1371,0.0,0
44,8,11,1.375,3,243,3.75,14,8,2213,0.0,0
243,26,30,1.154,4,1038,1.0,11,10,3261,0.0,0
194,14,39,2.786,9,845,1.857,19,8,995,0.0,0
407,30,53,1.767,6,2623,2.667,10,6,234,0.0,0
165,27,63,2.333,10,1189,1.741,32,1,43,0.0,0
3582,201,374,1.861,13,16705,1.189,214,59,3260,0.0,0
1885,176,537,3.051,31,11192,2.301,315,55,3249,0.0032,0
238,5,65,13.0,30,1259,2.6,65,12,608,0.0,0
585,28,226,8.071,73,3897,3.607,86,17,826,0.0,0
257,32,68,2.125,10,1210,1.188,29,16,1312,0.0,0
281,0,0,0.0,0,2764,0.0,272,35,3678,0.0515,0
287,17,45,2.647,11,1323,1.706,130,35,5771,0.0,0
59,9,19,2.111,8,512,1.444,35,16,4122,0.0,0
6,0,0,0.0,0,26,0.0,1,1,88,0.0,1
229,6,7,1.167,2,1069,1.167,28,18,692,0.0,0
102,5,9,1.8,3,938,2.8,1,1,0,0.0,0
27,4,8,2.0,3,283,2.25,16,5,1054,0.0,1
150,0,0,0.0,0,458,0.0,2,2,2074,0.0,0
400,41,139,3.39,41,3841,3.122,33,11,1908,0.0,0
1076,85,177,2.082,9,6836,1.071,74,14,2246,0.0,0
162,14,35,2.5,10,796,2.643,61,28,3921,0.0328,0
1171,97,416,4.289,25,10315,2.392,292,50,2523,0.0068,0
4,0,0,0.0,0,12,0.0,2,1,1196,0.0,0
6,0,0,0.0,0,35,0.0,3,2,709,0.0,0
18,1,6,6.0,6,177,4.0,16,7,1392,0.0,0
294,26,52,2.0,8,1794,1.0,22,5,470,0.1818,0
1551,68,534,7.853,68,8383,2.265,423,100,5216,0.0,0
304,18,21,1.167,2,1742,1.0,22,17,937,0.0,0
203,23,24,1.043,2,1480,1.043,11,7,389,0.0,0
1065,85,102,1.2,6,6185,1.012,79,48,2800,0.0253,0
97,9,26,2.889,13,887,1.778,35,14,1467,0.7143,0
1107,139,165,1.187,4,6502,1.101,89,41,1807,0.0,0
726,75,215,2.867,10,4698,2.533,126,22,2418,0.0714,0
49,4,4,1.0,1,228,0.5,22,13,3268,0.0,0
84,1,22,22.0,22,559,4.0,0,0,0,0.0,0
28,5,5,1.0,1,174,1.0,0,0,0,0.0,0
334,42,44,1.048,2,1825,0.881,39,14,2046,0.0,0
1538,107,339,3.168,28,6583,2.252,433,107,5760,0.0023,0
86,14,28,2.0,13,615,2.286,9,8,2051,0.0,0
1765,216,498,2.306,13,8396,2.111,407,89,4234,0.0123,0
555,66,71,1.076,4,3371,1.015,51,29,1423,0.0392,0
534,34,115,3.382,10,4541,0.971,51,15,2035,0.0,0
81,4,8,2.0,3,722,1.75,12,5,1509,0.0,0
867,164,338,2.061,20,5116,2.366,104,9,819,0.0,0
746,74,210,2.838,11,4741,2.608,160,33,2629,0.0625,1
10,0,0,0.0,0,60,0.0,5,1,32,0.0,0
1332,52,408,7.846,96,8608,1.385,163,4,645,0.0,0
170,24,76,3.167,12,797,1.75,33,17,2654,0.0,0
83,1,3,3.0,3,428,1.0,8,3,764,0.0,0
447,52,146,2.808,11,2483,2.712,75,27,1544,0.0133,0
58,0,0,0.0,0,157,0.0,43,16,1940,0.0233,0
645,97,105,1.082,3,3389,1.052,43,23,679,0.0233,0
76,6,6,1.0,1,753,1.0,1,1,281,0.0,0
99,13,38,2.923,13,726,2.077,79,22,3114,0.0127,0
79,9,16,1.778,3,428,1.889,33,16,4934,0.0,0
3,0,0,0.0,0,39,0.0,0,0,0,0.0,0
149,13,14,1.077,2,1026,1.0,9,8,1926,0.0,0
567,55,68,1.236,3,2431,1.073,63,20,3435,0.0159,1
199,33,65,1.97,5,1052,2.333,84,42,7022,0.0357,0
141,22,22,1.0,1,607,1.0,5,3,393,0.0,0
61,6,9,1.5,2,284,1.333,5,4,575,0.0,0
389,11,67,6.091,20,1955,2.727,252,50,4844,0.0198,0
1023,188,370,1.968,12,5424,2.34,186,67,4626,0.0054,0
832,40,71,1.775,9,3284,1.0,48,19,2721,0.0,0
7,1,2,2.0,2,38,2.0,4,3,2601,0.0,0
238,26,55,2.115,10,1460,1.885,38,17,1630,0.0,0
562,59,101,1.712,7,3268,1.017,127,47,2252,0.0,0
245,29,72,2.483,9,1787,2.897,51,19,2591,0.0,0
6745,450,519,1.153,11,33328,1.08,361,162,3334,0.0526,0
2145,151,175,1.159,4,12206,1.073,81,38,1202,0.0123,0
778,48,54,1.125,6,2691,1.042,29,17,1093,0.0,0
12,0,0,0.0,0,51,0.0,0,0,0,0.0,0
27,0,0,0.0,0,192,0.0,11,2,111,0.0,0
2097,188,227,1.207,10,13604,1.053,114,15,950,0.0526,1
97,7,30,4.286,11,458,4.0,6,6,1028,0.0,0
4664,150,202,1.347,9,16638,1.087,211,56,3329,0.0,0
16,1,5,5.0,5,71,0.0,21,6,1322,0.0,0
116,23,27,1.174,3,422,1.217,9,4,634,0.0,0
1792,249,272,1.092,9,10004,1.185,133,47,2023,0.0,0
476,48,142,2.958,21,2405,1.938,40,24,943,0.0,1
500,31,103,3.323,7,4316,1.0,22,6,1458,0.0,0
2219,161,179,1.112,3,12472,1.068,107,45,1423,0.0093,0
110,13,13,1.0,1,433,0.923,5,4,813,0.0,0
81,3,12,4.0,10,382,2.667,59,4,1029,0.0,0
161,21,56,2.667,19,754,2.048,77,36,6964,0.0,0
56,4,5,1.25,2,345,1.25,1,1,0,0.0,0
881,69,339,4.913,38,6006,3.304,251,65,3105,0.004,0
1563,98,130,1.327,7,9724,1.347,94,26,811,0.0,0
30,4,4,1.0,1,100,1.0,0,0,0,0.0,0
275,38,106,2.789,10,1958,1.605,76,31,2338,0.0132,0
463,62,66,1.065,2,3111,1.0,41,30,1131,0.0976,1
19,0,0,0.0,0,28,0.0,4,4,2941,0.0,0
150,15,15,1.0,1,776,1.267,12,5,1220,0.0,0
3853,227,1089,4.797,214,41239,1.167,3,3,2513,0.0,0
33,0,0,0.0,0,237,0.0,4,3,1722,0.0,0
390,41,133,3.244,41,3771,3.122,44,15,2211,0.0,0
224,12,51,4.25,13,1146,4.25,27,17,1231,0.0,0
475,63,131,2.079,7,2800,1.381,50,33,3687,0.0,0
588,87,208,2.391,7,3685,2.885,38,10,935,0.0,1
18,2,2,1.0,1,110,1.0,3,3,633,0.0,0
3469,335,377,1.125,10,22994,1.078,85,44,444,0.0471,1
675,57,206,3.614,18,4160,2.105,116,35,1832,0.0086,0
59,12,12,1.0,1,334,1.833,4,3,1203,0.25,1
498,69,73,1.058,2,3252,1.0,45,31,1192,0.1333,1
204,27,31,1.148,2,1180,1.0,5,5,143,0.0,0
851,89,104,1.169,5,2960,1.404,102,39,3862,0.0,0
1738,205,499,2.434,19,8383,2.161,294,50,3154,0.0102,0
99,5,15,3.0,10,778,3.0,3,2,503,0.0,0
280,32,37,1.156,4,1884,1.0,48,21,1225,0.0417,1
97,9,25,2.778,7,566,2.333,4,2,76,0.0,0
390,14,25,1.786,7,1743,1.0,42,15,598,0.0,0
270,32,87,2.719,7,1279,2.125,19,5,579,0.0,0
94,5,31,6.2,19,571,1.6,30,15,2667,0.0333,0
250,17,18,1.059,2,859,1.0,9,6,1295,0.0,0
725,80,214,2.675,13,5456,2.35,229,56,4211,0.0306,0
84,13,33,2.538,6,610,2.769,28,13,2906,0.1786,0
15,3,3,1.0,1,54,1.0,2,2,679,0.0,0
461,49,56,1.143,2,2208,1.02,39,12,2146,0.0256,0
361,38,115,3.026,11,1745,2.816,84,31,2581,0.0,0
294,8,54,6.75,15,1383,1.75,136,27,3071,0.0221,0
320,26,57,2.192,8,1875,1.808,2,1,17,0.0,0
17,2,2,1.0,1,83,0.5,2,2,1167,0.0,0
105,19,36,1.895,5,948,3.158,17,6,2362,0.0,0
11,0,0,0.0,0,116,0.0,3,2,1388,0.0,0
191,27,64,2.37,17,1481,2.259,52,23,2510,0.0577,0
166,11,38,3.455,15,775,2.727,30,11,3219,0.0,0
23,1,4,4.0,4,142,5.0,8,5,1589,0.0,0
289,1,1,1.0,1,2802,1.0,343,72,6053,0.0525,0
43,5,9,1.8,3,177,4.2,3,3,843,0.0,0
151,5,24,4.8,7,955,2.6,2,1,123,0.0,0
113,5,39,7.8,21,1098,3.8,15,8,2375,0.0,0
100,30,39,1.3,4,1061,2.0,30,3,727,0.0,0
1714,110,566,5.145,32,11824,2.5,523,120,5370,0.0076,0
905,95,307,3.232,17,5183,2.137,89,26,1532,0.0112,0
140,11,11,1.0,1,495,3.182,4,2,1158,0.0,0
219,19,45,2.368,4,1306,1.263,19,7,1641,0.0,0
135,1,30,30.0,30,585,3.0,11,4,304,0.0,0
355,30,79,2.633,8,2036,1.9,168,38,3720,0.006,0
737,84,95,1.131,4,3995,1.214,59,31,3039,0.6102,1
130,1,3,3.0,3,755,3.0,22,10,2795,0.6364,1
159,3,3,1.0,1,816,1.333,16,13,481,0.0,0
184,8,61,7.625,18,1397,3.125,9,4,791,0.0,0
176,18,44,2.444,7,876,2.056,25,4,151,0.0,0
665,78,91,1.167,7,3577,1.218,40,20,647,0.15,1
3,0,0,0.0,0,11,0.0,1,1,546,0.0,0
1600,58,487,8.397,54,8349,2.328,346,99,5337,0.0058,0
27,4,4,1.0,1,780,1.0,6,2,337,0.0,0
165,9,25,2.778,7,819,3.444,70,29,3150,0.0429,0
46,3,16,5.333,7,265,3.333,6,6,3025,0.1667,0
244,22,32,1.455,4,1202,1.091,18,11,1777,0.0,0
433,12,19,1.583,7,2545,1.0,4,3,535,0.0,0
105,7,13,1.857,2,406,1.0,4,2,145,0.0,0
38,4,13,3.25,6,222,2.25,64,19,3944,0.0,0
172,21,30,1.429,4,1079,1.19,26,12,1259,0.0,0
92,13,20,1.538,3,622,2.769,27,10,779,0.0,0
71,1,21,21.0,21,316,5.0,39,12,3131,0.0,0
38,0,0,0.0,0,338,0.0,23,5,1468,0.087,1
57,3,3,1.0,1,371,1.0,0,0,0,0.0,0
216,22,66,3.0,18,1478,1.682,129,43,4475,0.0233,0
14,2,5,2.5,4,111,1.5,2,2,784,0.0,0
165,7,10,1.429,3,524,1.0,91,34,3273,0.011,0
2713,252,285,1.131,10,18110,1.06,190,28,1610,0.0421,1
93,6,9,1.5,3,424,1.167,56,19,6195,0.0,0
248,18,67,3.722,9,1344,2.333,130,31,3647,0.0231,1
169,9,57,6.333,31,1294,1.889,58,22,3561,0.0517,0
89,7,23,3.286,8,596,1.857,9,2,424,0.0,0
687,57,62,1.088,3,4275,1.018,50,33,1292,0.02,0
4,0,0,0.0,0,14,0.0,0,0,0,0.0,0
190,3,54,18.0,51,783,2.0,8,2,1173,0.0,0
125,7,21,3.0,5,697,3.143,23,8,1106,0.0435,0
335,38,43,1.132,3,1656,1.158,22,8,944,0.2727,0
199,6,68,11.333,28,1378,1.5,6,1,59,0.0,0
45,9,12,1.333,2,218,2.111,23,8,2678,0.0,0
310,24,36,1.5,6,1995,3.0,32,7,1505,0.0,0
373,11,121,11.0,69,2179,2.636,45,11,314,0.0,0
175,30,68,2.267,6,1172,2.933,13,8,371,0.0,0
141,8,14,1.75,4,695,1.5,13,8,894,0.0,0
41,7,7,1.0,1,200,1.714,3,3,23,0.0,0
525,46,195,4.239,19,3751,1.609,190,58,5007,0.0,0
756,84,143,1.702,19,5008,1.012,55,10,1565,0.1273,0
108,15,34,2.267,6,817,1.867,8,5,1662,0.0,0
83,11,21,1.909,6,317,2.455,14,10,825,0.0,0
389,49,66,1.347,8,2334,1.408,19,14,672,0.1579,0
98,13,23,1.769,3,435,3.154,45,26,6945,0.0,0
229,20,25,1.25,5,1879,1.2,8,7,407,0.0,0
17,1,2,2.0,2,86,1.0,2,2,674,0.0,0
834,41,103,2.512,13,4274,1.122,50,13,560,0.0,0
1118,113,414,3.664,30,8419,2.248,300,44,2879,0.0,0
73,7,32,4.571,16,412,2.571,5,5,2352,0.0,0
87,4,22,5.5,9,563,4.0,23,10,1946,0.0,0
723,76,222,2.921,17,5587,2.342,152,29,2688,0.0329,1
244,65,106,1.631,9,2377,2.015,63,7,1408,0.0,0
41,3,3,1.0,1,135,1.0,0,0,0,0.0,0
18,1,8,8.0,8,137,1.0,46,8,2445,0.0,0
34,7,7,1.0,1,186,1.714,4,3,1188,0.0,0
229,41,77,1.878,9,1058,2.78,33,12,631,0.0,0
123,24,43,1.792,6,678,1.75,10,4,984,0.0,0
1354,94,195,2.074,13,7815,1.223,101,30,1165,0.0,0
193,11,13,1.182,3,1163,1.0,7,7,293,0.0,0
318,23,81,3.522,9,1678,2.217,134,34,3719,0.0373,0
57,2,2,1.0,1,225,1.0,3,2,548,0.0,0
582,24,35,1.458,8,3226,0.958,7,6,149,0.0,0
80,6,14,2.333,7,551,1.333,15,10,1897,0.0,0
490,76,85,1.118,3,3251,1.355,6,5,234,0.0,0
10,1,2,2.0,2,40,0.0,6,1,1543,0.0,0
110,11,15,1.364,4,509,2.091,1,1,94,0.0,0
437,47,140,2.979,12,2686,1.447,109,37,5788,0.0,0
7,0,0,0.0,0,42,0.0,0,0,0,0.0,0
11,0,0,0.0,0,94,0.0,15,8,861,0.2,1
305,45,49,1.089,3,1758,1.0,50,12,1950,0.04,0
413,20,21,1.05,2,1199,0.95,16,11,2887,0.0,0
1042,64,93,1.453,10,4991,1.078,81,29,1475,0.0123,0
296,33,101,3.061,13,2101,1.364,160,39,4108,0.0125,0
366,39,51,1.308,4,1806,1.103,69,32,3828,0.0,0
192,34,46,1.353,3,1124,1.206,4,4,167,0.0,0
304,28,85,3.036,13,2032,2.357,140,45,3105,0.0714,0
248,28,30,1.071,3,1518,1.0,37,27,4529,0.0,0
76,4,14,3.5,5,277,3.0,42,25,5760,0.0,0
300,27,108,4.0,30,2778,2.519,82,20,2494,0.0,0
127,14,40,2.857,8,635,2.714,48,21,4639,0.0,0
52,6,16,2.667,7,508,2.5,19,5,1695,0.1053,0
131,15,42,2.8,6,768,2.2,13,4,507,0.0,0
462,35,36,1.029,2,1803,1.229,8,3,162,0.0,0
54,1,10,10.0,10,335,3.0,14,8,1462,0.0,0
5,0,0,0.0,0,124,0.0,4,3,759,0.0,0
98,15,23,1.533,4,637,1.067,5,5,231,0.0,0
20,0,0,0.0,0,152,0.0,5,3,1150,0.0,0
498,31,103,3.323,7,4300,1.0,21,5,1446,0.0,0
1725,210,235,1.119,5,7513,0.948,134,61,3626,0.0,0
2214,241,588,2.44,21,9243,2.112,522,141,6832,0.0096,1
535,60,72,1.2,6,3949,1.0,41,20,637,0.0732,1
35,7,7,1.0,1,207,1.0,1,1,10,0.0,0
254,18,77,4.278,25,1726,2.667,39,12,1491,0.0,0
17,3,3,1.0,1,75,1.333,0,0,0,0.0,0
134,7,37,5.286,11,809,2.429,37,16,2018,0.0,0
70,7,22,3.143,7,479,3.286,8,3,1207,0.0,0
34,11,12,1.091,2,169,2.364,9,8,687,0.0,0
1047,107,369,3.449,23,7468,2.215,397,86,3915,0.0,0
209,4,51,12.75,36,1128,1.75,35,10,2593,0.0286,1
21,2,7,3.5,4,95,2.0,2,1,428,0.0,0
738,52,149,2.865,9,5032,1.0,24,7,1216,0.0,0
329,24,70,2.917,6,2388,1.0,11,4,224,0.0,0
194,13,57,4.385,9,1082,1.077,25,11,3025,0.0,0
10,1,1,1.0,1,98,1.0,0,0,0,0.0,0
325,24,42,1.75,4,1912,1.25,9,6,428,0.0,0
31,0,0,0.0,0,205,0.0,4,1,355,0.0,0
415,34,50,1.471,3,2326,1.0,25,16,957,0.0,0
114,21,21,1.0,1,765,1.0,7,6,291,0.1429,0
438,53,101,1.906,8,2462,2.358,110,42,4961,0.0455,0
591,7,32,4.571,10,2525,2.0,21,3,65,0.0476,0
126,9,17,1.889,6,779,2.667,1,1,178,0.0,0
70,16,18,1.125,2,436,2.188,10,7,581,0.0,0
15,3,3,1.0,1,57,1.0,4,3,2623,0.0,0
100,6,9,1.5,2,512,2.5,4,2,427,0.25,1
671,85,238,2.8,16,3797,1.918,72,6,1274,0.0,1
293,33,94,2.848,7,1365,2.121,39,13,1433,0.0,0
157,9,28,3.111,13,524,1.667,47,26,5964,0.0,0
92,6,6,1.0,1,960,1.0,6,6,193,0.0,0
6,0,0,0.0,0,9,0.0,0,0,0,0.0,0
400,41,139,3.39,41,3841,3.122,35,11,1915,0.0,0
97,2,19,9.5,17,606,2.5,41,11,2647,0.0976,0
88,2,18,9.0,16,506,2.0,33,6,1565,0.0606,1
2051,175,230,1.314,8,8704,1.0,149,57,3292,0.0067,0
837,68,87,1.279,7,5468,1.162,51,27,709,0.0196,0
67,7,7,1.0,1,1338,1.0,14,3,267,0.0,0
375,49,63,1.286,4,2209,1.143,23,17,1421,0.0,0
142,0,0,0.0,0,1492,0.0,100,5,794,0.03,0
305,66,68,1.03,2,1070,1.076,15,11,3525,0.0,0
244,22,78,3.545,14,1643,1.636,78,38,4232,0.641,1
436,42,42,1.0,1,1788,1.048,24,12,867,0.0,0
32,3,8,2.667,6,217,1.0,4,3,256,0.0,0
145,10,36,3.6,8,716,3.7,32,7,1399,0.2812,1
17,1,1,1.0,1,73,1.0,1,1,3,0.0,0
989,43,291,6.767,68,6182,1.163,83,2,302,0.0,0
433,104,104,1.0,1,3030,1.0,4,3,39,0.0,0
611,27,121,4.481,21,4896,2.037,162,38,3330,0.0123,0
724,31,46,1.484,5,3204,1.29,59,21,4437,0.0,0
683,81,94,1.16,7,3652,1.21,42,21,674,0.1667,0
21,0,0,0.0,0,80,0.0,8,5,2965,0.0,0
94,10,19,1.9,4,357,1.7,53,20,4039,0.0,0
247,32,40,1.25,3,1367,1.156,50,28,3163,0.0,0
84,3,16,5.333,7,580,2.667,0,0,0,0.0,0
9,0,0,0.0,0,116,0.0,4,4,2383,0.0,0
423,45,88,1.956,6,2198,2.467,14,10,292,0.0,0
29,4,5,1.25,2,133,1.75,5,5,249,0.0,0
153,27,53,1.963,15,1192,2.111,26,10,1640,0.0,0
712,77,214,2.779,15,5389,2.351,198,43,3437,0.0354,0
59,7,7,1.0,1,347,1.0,9,7,1429,0.0,0
336,43,115,2.674,11,1990,1.907,7,5,216,0.2857,1
696,62,266,4.29,20,4774,3.048,114,16,1400,0.0,0
637,88,93,1.057,6,2855,1.0,38,18,908,0.0263,0
280,14,20,1.429,4,1296,1.214,23,16,709,0.0,0
155,8,14,1.75,3,629,0.875,11,6,1619,0.0,1
158,30,31,1.033,2,903,1.033,34,21,2100,0.0,0
79,2,11,5.5,9,493,2.5,33,14,2315,0.0,0
11,0,0,0.0,0,97,0.0,5,4,1863,0.0,0
1522,101,133,1.317,7,9488,1.386,88,24,738,0.0,0
2150,154,172,1.117,3,12248,1.071,89,40,1259,0.0112,0
600,61,146,2.393,13,3310,2.656,108,40,2880,0.0,0
96,13,15,1.154,2,740,1.0,14,8,1945,0.0,0
1536,107,340,3.178,28,6579,2.262,440,109,6044,0.0023,0
1119,78,101,1.295,5,3705,1.026,62,39,3524,0.0,0
431,49,59,1.204,6,3248,1.0,3,2,15,0.0,0
1038,106,367,3.462,23,7369,2.226,406,90,4012,0.0,0
5,0,0,0.0,0,18,0.0,1,1,143,0.0,0
298,35,46,1.314,4,1177,2.343,24,13,2954,0.0,0
46,4,11,2.75,5,235,1.5,10,4,749,0.0,0
116,1,1,1.0,1,517,1.0,5,1,103,0.0,0
584,65,181,2.785,14,4276,2.277,56,5,816,0.0,0
151,18,23,1.278,3,674,1.0,10,9,3284,0.0,0
23,1,10,10.0,10,140,3.0,4,1,5,0.0,0
221,28,28,1.0,1,1230,1.107,12,10,494,0.0,1
92,5,23,4.6,10,483,4.4,12,9,574,0.0,0
111,22,27,1.227,4,737,1.318,1,1,51,0.0,0
911,86,95,1.105,5,5149,1.0,87,32,1422,0.069,0
66,9,9,1.0,1,379,1.0,4,4,264,0.25,0
206,3,52,17.333,49,1034,2.333,34,9,1528,0.0,0
364,32,37,1.156,4,1631,1.594,19,9,2903,0.0,0
150,22,33,1.5,4,906,1.5,2,2,153,0.0,0
196,3,55,18.333,52,806,2.333,2,1,159,0.0,0
75,4,12,3.0,5,578,2.25,17,9,1134,0.0,0
160,13,38,2.923,10,832,1.615,32,4,459,0.0,0
544,33,188,5.697,24,3168,3.152,19,2,43,0.0,0
31,3,7,2.333,3,266,1.667,1,1,12,0.0,0
281,45,48,1.067,2,1674,1.111,12,9,678,0.4167,1
281,31,46,1.484,7,1586,1.097,38,16,972,0.0,0
3,0,0,0.0,0,12,0.0,1,1,110,0.0,0
25,4,4,1.0,1,75,1.0,1,1,3,0.0,0
33,5,7,1.4,3,177,3.4,1,1,322,0.0,0
8,0,0,0.0,0,41,0.0,4,2,1176,0.0,0
277,26,86,3.308,9,1922,2.154,25,5,368,0.0,0
173,11,18,1.636,3,449,1.0,100,41,3815,0.01,0
684,58,86,1.483,5,2802,2.448,53,31,994,0.0377,0
226,45,86,1.911,9,1325,1.111,27,9,2566,0.0,0
938,182,341,1.874,13,5058,2.33,162,63,4171,0.0062,0
12,0,0,0.0,0,50,0.0,5,4,2082,0.0,0
88,10,15,1.5,4,488,1.0,2,2,709,0.0,0
261,17,20,1.176,3,3708,1.412,5,4,93,0.0,0
44,1,2,2.0,2,141,1.0,3,3,342,0.0,0
10,0,0,0.0,0,66,0.0,5,5,2619,0.0,0
187,15,35,2.333,5,1055,2.667,51,19,2584,0.0,0
652,82,104,1.268,6,4415,1.134,55,27,1249,0.0182,0
336,51,112,2.196,8,1951,2.843,21,10,540,0.0476,0
191,14,53,3.786,13,1039,3.143,49,22,4565,0.0204,0
738,50,308,6.16,80,5041,3.56,70,32,1273,0.0,0
271,23,55,2.391,6,1384,2.391,88,30,2693,0.0909,1
407,37,97,2.622,10,2518,3.919,122,26,2847,0.082,0
1074,73,462,6.329,64,8315,2.877,3,1,7,0.0,0
125,24,48,2.0,7,949,1.333,2,2,2,0.0,0
86,14,28,2.0,13,615,2.286,6,6,1897,0.0,0
555,52,64,1.231,3,2300,0.962,7,5,188,0.0,0
288,30,89,2.967,7,1448,2.267,65,25,2358,0.0,0
218,15,21,1.4,2,804,1.0,0,0,0,0.0,0
297,34,43,1.265,4,1486,1.382,39,19,1429,0.0,0
653,25,28,1.12,2,3672,1.0,34,23,1421,0.0,0
10,16,37,2.312,7,749,1.062,10,6,1458,0.0,0
357,45,139,3.089,16,2643,1.867,69,25,1885,0.0,0
36,2,13,6.5,12,326,2.5,22,9,2765,0.0,0
315,32,32,1.0,1,1323,1.062,100,14,1760,0.01,0
441,35,145,4.143,51,2690,1.543,79,16,2618,0.0253,0
68,6,20,3.333,7,297,3.833,26,14,3939,0.0,0
397,40,47,1.175,4,1862,1.2,37,17,1159,0.027,0
215,0,0,0.0,0,2387,0.0,157,9,1756,0.0446,0
281,13,86,6.615,14,1646,2.769,158,33,3445,0.0316,0
324,35,42,1.2,3,1532,1.171,32,15,707,0.0312,0
509,64,83,1.297,6,3331,1.031,35,19,813,0.0286,0
262,34,34,1.0,1,1737,1.0,6,5,94,0.1667,0
108,6,34,5.667,10,514,3.5,24,13,2139,0.0,0
13,1,5,5.0,5,79,1.0,17,8,1800,0.0,0
858,77,193,2.506,12,4297,2.584,139,49,3539,0.0072,0
54,9,13,1.444,4,311,1.222,27,4,933,0.037,0
1209,134,384,2.866,18,8043,2.381,235,31,2791,0.0,0
113,9,35,3.889,6,375,2.778,9,4,897,0.0,0
16,1,1,1.0,1,89,1.0,10,6,1203,0.0,0
131,4,14,3.5,9,624,3.75,30,16,4934,0.0,0
151,0,0,0.0,0,1544,0.0,111,7,961,0.027,0
23,5,6,1.2,2,115,2.6,6,5,2960,0.0,1
897,70,80,1.143,3,5470,1.057,97,44,1279,0.0,0
522,28,149,5.321,28,2584,1.786,123,35,3191,0.0,0
14,1,3,3.0,3,92,1.0,69,13,4252,0.0,0
130,9,30,3.333,11,731,2.111,69,5,1423,0.0,0
343,34,134,3.941,13,2289,1.618,60,13,2294,0.0,0
296,19,33,1.737,4,1531,1.158,18,9,1091,0.0,0
744,52,92,1.769,6,3720,1.0,23,9,3269,0.0,0
24,2,8,4.0,6,280,2.5,11,4,1389,0.0,1
279,27,102,3.778,31,2208,2.556,125,32,3445,0.0,0
628,67,82,1.224,6,4368,1.0,56,23,754,0.1071,0
80,8,8,1.0,1,433,1.0,1,1,41,0.0,0
73,1,1,1.0,1,306,1.0,11,5,232,0.0,0
17,2,2,1.0,1,111,2.0,7,5,1268,0.0,0
76,4,4,1.0,1,212,1.0,9,7,2576,0.0,0
96,12,14,1.167,2,715,1.0,6,3,881,0.0,0
34,6,9,1.5,4,194,1.667,10,7,2292,0.0,0
45,0,0,0.0,0,62,0.0,5,5,3175,0.0,0
341,32,37,1.156,4,1552,1.406,52,33,4341,0.0192,0
921,66,152,2.303,13,5530,1.167,64,17,658,0.0,0
126,0,0,0.0,0,1786,0.0,3,2,56,0.0,0
35,5,5,1.0,1,259,3.8,1,1,10,0.0,0
243,6,7,1.167,2,1122,1.167,40,25,1010,0.0,0
11,0,0,0.0,0,48,0.0,3,2,446,0.0,0
44,3,10,3.333,8,185,2.333,8,6,922,0.0,0
43,1,1,1.0,1,149,1.0,9,3,2553,0.0,0
304,29,106,3.655,29,2568,2.517,101,27,2712,0.0,0
38,6,9,1.5,2,308,2.667,3,3,221,0.0,0
791,54,152,2.815,9,5383,1.019,45,11,1678,0.0,0
1071,107,381,3.561,24,7607,2.271,420,93,4076,0.0,0
163,13,41,3.154,7,754,1.538,111,17,2478,0.0,0
36,6,6,1.0,1,225,1.0,3,2,371,0.0,0
616,78,84,1.077,3,2812,1.0,26,16,1106,0.0,0
405,43,86,2.0,6,2133,2.488,11,9,192,0.0,0
837,89,105,1.18,5,4449,1.438,70,31,3045,0.6571,1
171,17,54,3.176,12,952,1.412,87,36,6678,0.1609,0
14,0,0,0.0,0,120,0.0,5,3,532,0.0,0
301,42,47,1.119,3,1567,1.31,39,17,1068,0.0256,0
215,15,24,1.6,9,1458,1.0,6,4,364,0.0,0
38,12,13,1.083,2,171,1.917,13,12,1035,0.0,0
55,0,0,0.0,0,847,0.0,20,2,96,0.0,0
4427,381,436,1.144,11,28870,1.076,268,123,1940,0.056,1
567,54,163,3.019,12,2763,2.963,113,42,2732,0.0177,1
132,13,42,3.231,14,1219,2.231,35,12,1963,0.0,0
4581,374,413,1.104,10,30262,1.067,149,70,813,0.0537,0
9,0,0,0.0,0,57,0.0,0,0,0,0.0,0
70,17,18,1.059,2,394,1.0,2,2,1104,0.0,0
132,30,55,1.833,4,781,3.467,13,2,195,0.0,0
53,7,23,3.286,9,459,2.571,10,3,474,0.0,0
347,53,100,1.887,11,3146,2.283,21,8,660,0.0,0
198,24,68,2.833,8,1251,2.333,35,3,725,0.0,0
575,57,145,2.544,23,3165,2.632,89,40,2832,0.0,0
19,2,6,3.0,4,151,1.5,5,4,1684,0.0,0
361,35,81,2.314,16,1349,3.943,30,20,4057,0.0,0
333,53,104,1.962,13,2032,2.151,47,28,1409,0.0638,0
277,11,88,8.0,23,1838,1.455,176,50,6551,0.0,0
99,9,31,3.444,13,937,3.333,13,8,1897,0.0,0
47,5,13,2.6,4,234,2.4,25,10,3879,0.04,0
1631,111,220,1.982,9,7315,1.036,97,47,4359,0.0,0
194,24,25,1.042,2,910,1.083,9,4,491,0.0,0
18,0,0,0.0,0,41,0.0,0,0,0,0.0,0
439,45,88,1.956,6,2235,2.467,18,13,345,0.0,0
58,12,24,2.0,8,652,2.0,14,9,2416,0.0,0
131,18,44,2.444,8,766,1.833,31,17,2381,0.0,0
24,0,0,0.0,0,159,0.0,10,5,1411,0.0,0
90,3,21,7.0,10,537,3.0,9,2,299,0.0,0
74,6,40,6.667,25,768,2.167,10,4,263,0.0,0
206,49,49,1.0,1,1102,1.0,0,0,0,0.0,0
261,38,102,2.684,10,1876,1.553,56,23,1796,0.0179,0
165,27,34,1.259,4,886,1.296,15,9,645,0.0,0
434,39,122,3.128,11,2132,2.308,187,66,5654,0.0267,0
10,16,37,2.312,7,754,1.062,14,9,1619,0.0,1
200,28,82,2.929,15,1381,2.357,89,35,4680,0.0,0
462,62,166,2.677,27,2938,1.952,105,9,1628,0.0,0
356,30,81,2.7,8,2029,1.867,176,42,3907,0.0057,0
43,9,17,1.889,3,156,2.0,1,1,461,0.0,0
41,6,11,1.833,3,413,2.833,57,21,4133,0.0526,0
855,32,66,2.062,18,9239,1.312,109,10,1472,0.0,0
1131,142,168,1.183,4,6608,1.099,94,44,2129,0.0,0
24,1,1,1.0,1,185,3.0,2,1,28,0.0,0
10,1,1,1.0,1,42,1.0,0,0,0,0.0,0
306,42,94,2.238,9,1487,3.048,91,38,5881,0.022,0
917,74,350,4.73,35,6122,3.162,297,87,4217,0.0034,0
338,45,131,2.911,18,2525,1.844,45,15,1651,0.0,0
90,12,13,1.083,2,570,1.0,10,9,640,0.0,0
207,9,58,6.444,20,1118,1.889,73,24,2315,0.0,0
100,7,26,3.714,12,596,1.571,29,16,4124,0.0345,0
135,11,33,3.0,6,770,2.273,41,21,3395,0.0,0
80,7,9,1.286,3,338,1.0,25,20,4133,0.0,0
165,19,47,2.474,9,983,1.263,18,4,339,0.0,0
653,46,143,3.109,9,4520,1.0,5,2,587,0.0,0
20,3,6,2.0,2,89,2.0,6,6,1274,0.1667,0
46,0,0,0.0,0,312,0.0,4,3,65,0.0,0
1047,105,373,3.552,23,7604,2.171,367,75,3669,0.0,0
46,10,19,1.9,3,171,2.6,6,5,1422,0.0,0
179,20,46,2.3,7,909,1.05,50,23,2136,0.0,0
144,18,22,1.222,4,1104,1.0,22,11,322,0.0,0
49,5,9,1.8,2,225,1.0,0,0,0,0.0,0
16,2,2,1.0,1,85,2.5,1,1,0,0.0,0
314,14,98,7.0,27,2044,2.286,51,12,1664,0.0,0
119,7,11,1.571,3,1067,2.286,6,4,1410,0.0,0
261,34,51,1.5,8,1550,1.324,23,9,1139,0.2174,0
559,61,159,2.607,14,3403,1.623,85,12,2006,0.0,0
831,82,240,2.927,13,5254,2.537,203,46,3107,0.0542,0
87,15,28,1.867,7,389,2.467,4,4,1041,0.0,0
470,39,111,2.846,12,1606,2.128,127,61,5669,0.0157,0
21,3,9,3.0,7,107,2.333,1,1,1,0.0,0
1703,190,234,1.232,6,9662,1.153,170,73,2479,0.0176,0
42,4,15,3.75,6,269,2.5,0,0,0,0.0,0
1157,118,412,3.492,25,8123,2.237,467,111,4475,0.0,0
348,7,93,13.286,45,1342,3.143,90,43,5613,0.0,0
328,31,98,3.161,22,1940,2.29,68,26,4570,0.0,0
20,2,3,1.5,2,70,1.0,4,4,1375,0.0,0
177,10,13,1.3,2,659,1.0,29,17,4017,0.069,0
277,13,84,6.462,14,1606,2.769,162,35,3683,0.0309,0
117,11,20,1.818,4,713,1.091,5,4,321,0.0,0
291,55,78,1.418,5,1913,1.945,119,35,3012,0.042,0
280,25,87,3.48,12,1908,1.72,85,38,4287,0.6706,1
36,7,7,1.0,1,252,1.0,1,1,203,1.0,0
5,0,0,0.0,0,40,0.0,2,2,1196,0.0,0
37,5,6,1.2,2,197,1.2,5,4,1235,0.0,0
120,16,18,1.125,2,562,1.0,0,0,0,0.0,0
47,7,9,1.286,3,302,2.857,5,2,461,0.2,1
1391,144,159,1.104,6,5014,1.0,105,48,4178,0.0095,0
248,5,64,12.8,30,1334,2.6,72,14,818,0.0,0
184,23,27,1.174,2,1018,1.217,11,4,1269,0.0,0
382,52,61,1.173,3,2133,0.981,56,12,1990,0.0357,0
144,8,23,2.875,6,765,3.375,56,20,2395,0.0536,0
834,63,300,4.762,27,5486,2.286,65,6,500,0.0,0
100,7,34,4.857,9,1002,2.286,32,12,3029,0.0312,0
93,12,15,1.25,3,527,1.0,118,36,1063,0.0169,0
4402,381,436,1.144,11,28844,1.079,271,124,1998,0.059,1
98,7,19,2.714,6,758,2.143,11,9,1339,0.0,0
18,1,1,1.0,1,96,1.0,13,8,1876,0.0,0
75,6,9,1.5,3,421,1.167,33,12,3596,0.0,0
110,5,22,4.4,10,582,2.0,71,28,5312,0.0,0
17,2,3,1.5,2,59,1.0,1,1,661,0.0,0
10,0,0,0.0,0,44,0.0,4,3,1613,0.0,0
529,72,121,1.681,11,2802,2.361,97,36,4043,0.0412,0
1001,96,321,3.344,22,5086,2.542,254,99,6213,0.0197,0
72,5,20,4.0,6,445,1.2,9,2,1661,0.0,0
570,54,162,3.0,12,2774,2.981,120,46,3318,0.025,0
468,82,145,1.768,13,3014,1.451,28,8,1898,0.0,0
4,1,1,1.0,1,18,2.0,2,2,2959,0.0,0
109,5,34,6.8,19,609,1.8,33,3,841,0.0303,0
376,77,125,1.623,12,2808,1.532,41,10,2338,0.0,0
405,30,53,1.767,6,2623,2.667,12,8,242,0.0,0
392,40,117,2.925,13,2620,1.85,259,43,3883,0.0039,0
1126,87,395,4.54,21,10245,2.368,224,27,2020,0.0089,0
197,11,48,4.364,10,1258,2.545,46,19,3915,0.0,0
48,9,10,1.111,2,244,1.0,3,2,360,0.0,0
13,1,1,1.0,1,54,1.0,1,1,83,0.0,0
2167,157,174,1.108,3,12047,1.07,134,56,2136,0.0075,0
457,17,30,1.765,7,2060,1.0,46,17,639,0.0,0
291,23,82,3.565,13,1920,2.304,90,22,1997,0.0778,0
218,37,42,1.135,3,1200,1.297,3,1,10,0.0,0
267,32,40,1.25,3,1367,1.156,51,28,3268,0.0,0
165,23,36,1.565,3,859,1.174,4,3,1279,0.0,0
166,33,54,1.636,7,898,1.818,83,33,5375,0.0,0
193,18,32,1.778,5,1627,1.5,19,7,1524,0.0,0
587,88,194,2.205,7,3501,2.875,90,29,1910,0.0111,0
540,70,188,2.686,26,3487,2.043,127,12,1967,0.0,0
6,0,0,0.0,0,25,0.0,1,1,153,0.0,0
187,21,50,2.381,11,943,1.095,23,4,413,0.0,0
98,12,24,2.0,7,590,2.0,20,11,4890,0.0,0
27,2,4,2.0,3,175,1.0,19,7,1422,0.0,0
884,74,94,1.27,7,5854,1.149,86,42,1206,0.0233,0
200,19,22,1.158,2,1219,1.0,2,1,46,0.0,1
11,1,2,2.0,2,55,3.0,2,2,614,0.0,0
1,0,0,0.0,0,6,0.0,1,1,2493,0.0,0
104,14,35,2.5,6,871,2.643,32,15,2853,0.0,0
336,23,101,4.391,15,1873,2.652,93,37,4128,0.0108,0
29,5,6,1.2,2,2319,1.0,20,1,68,0.0,0
19,2,2,1.0,1,116,1.0,1,1,43,0.0,0
6,1,1,1.0,1,62,1.0,19,5,1623,0.0,0
1199,107,117,1.093,3,7969,1.019,45,8,509,0.0444,0
34,0,0,0.0,0,64,0.0,7,6,3151,0.0,0
56,5,6,1.2,2,204,1.0,0,0,0,0.0,0
258,36,83,2.306,9,1262,2.778,82,36,5434,0.0122,1
72,6,38,6.333,23,761,2.167,9,4,263,0.0,0
170,16,58,3.625,14,971,2.062,26,6,232,0.0,0
72,5,18,3.6,7,549,0.8,1,1,237,0.0,0
818,46,55,1.196,3,8514,1.0,0,0,0,0.0,0
278,0,0,0.0,0,2772,0.0,261,30,3348,0.0498,0
174,14,15,1.071,2,937,1.143,1,1,219,0.0,0
9,1,5,5.0,5,114,5.0,9,2,2181,0.0,1
222,30,31,1.033,2,1348,1.2,1,1,107,0.0,0
27,8,9,1.125,2,150,1.625,4,4,898,0.0,0
13,2,2,1.0,1,99,2.0,8,3,2864,0.0,0
75,0,0,0.0,0,986,0.0,29,2,117,0.0,0
132,7,51,7.286,19,1068,2.0,23,4,225,0.0,0
224,23,79,3.435,17,1589,2.043,123,50,5774,0.0163,1
261,45,93,2.067,12,1816,2.0,81,29,3433,0.0,0
26,3,8,2.667,4,144,2.333,30,6,1794,0.0,0
216,24,43,1.792,4,1334,1.542,11,5,636,0.0,0
20,1,5,5.0,5,92,3.0,4,1,607,0.0,0
23,2,2,1.0,1,157,1.0,1,1,375,0.0,0
48,0,0,0.0,0,1216,0.0,30,11,1615,0.0,0
170,3,41,13.667,38,769,2.333,20,5,472,0.0,0
1370,92,102,1.109,3,7762,1.033,148,60,1898,0.0203,0
479,38,89,2.342,6,3291,1.0,67,14,2092,0.0,0
317,47,105,2.234,7,1920,2.596,1,1,2,0.0,1
993,55,57,1.036,2,3537,1.382,7,4,99,0.1429,0
128,19,41,2.158,6,660,1.316,19,2,431,0.0526,0
336,37,121,3.27,33,3426,3.162,9,2,340,0.0,0
10,1,1,1.0,1,79,1.0,9,5,1558,0.0,0
33,2,2,1.0,1,142,1.0,14,5,1444,0.0,0
202,9,57,6.333,19,1106,1.889,65,19,2213,0.0,0
123,18,21,1.167,2,772,1.0,30,13,2301,0.0,1
507,57,69,1.211,6,3637,1.0,26,15,356,0.0385,0
43,4,5,1.25,2,247,1.0,0,0,0,0.0,0
921,135,311,2.304,18,4853,2.43,191,18,2197,0.0105,0
73,7,26,3.714,8,754,2.143,14,1,13,0.0,0
132,28,35,1.25,4,1007,1.393,13,9,1822,0.2308,0
50,6,12,2.0,7,368,2.167,4,1,39,0.25,0
1835,126,158,1.254,7,11058,1.349,131,43,2278,0.0,0
217,19,73,3.842,8,1134,2.579,42,24,4473,0.0,0
695,120,130,1.083,6,4632,1.117,4,1,2,0.0,0
335,35,75,2.143,7,1634,3.057,49,29,2104,0.0,0
146,8,46,5.75,25,1096,4.375,36,11,721,0.0,0
135,23,39,1.696,8,925,2.348,43,24,2576,0.0698,0
1525,111,553,4.982,32,11959,2.441,456,105,4645,0.0044,0
229,22,32,1.455,3,1525,1.045,22,8,301,0.0,0
43,9,17,1.889,3,160,2.333,2,1,490,0.0,0
793,84,274,3.262,16,6035,2.619,122,11,1456,0.0,0
506,32,104,3.25,7,4368,1.0,24,7,1480,0.0,0
2172,148,185,1.25,7,12096,1.297,150,53,3051,0.0,0
179,22,43,1.955,6,952,1.045,36,19,1353,0.0,0
32,5,5,1.0,1,187,1.0,3,2,92,0.0,1
68,12,12,1.0,1,421,1.0,3,2,782,0.0,0
313,32,39,1.219,3,1300,1.188,34,21,2448,0.0,0
1774,213,494,2.319,13,8620,2.127,361,71,3695,0.0139,0
9,1,2,2.0,2,38,1.0,2,2,3071,0.0,0
25,0,0,0.0,0,64,0.0,1,1,227,0.0,0
109,5,6,1.2,2,571,1.0,0,0,0,0.0,0
391,40,52,1.3,4,1885,1.1,72,35,4395,0.0,0
152,1,3,3.0,3,458,4.0,6,4,165,0.1667,0
5,0,0,0.0,0,24,0.0,0,0,0,0.0,0
139,6,23,3.833,12,516,2.0,23,13,3275,0.0435,1
258,39,43,1.103,2,1302,1.103,92,48,2752,0.0326,0
19,0,0,0.0,0,30,0.0,0,0,0,0.0,0
227,27,29,1.074,3,1204,1.148,16,7,849,0.1875,1
8,0,0,0.0,0,58,0.0,0,0,0,0.0,0
197,12,78,6.5,17,1532,2.417,85,28,1708,0.0,0
1824,84,118,1.405,15,9358,1.345,135,37,1154,0.0,0
432,39,131,3.359,41,3837,3.128,56,20,2514,0.0,0
544,33,189,5.727,24,3166,3.152,16,2,42,0.0,0
552,47,55,1.17,4,3126,1.043,43,20,867,0.0,0
253,26,76,2.923,12,1613,2.962,28,5,1660,0.0,0
118,24,27,1.125,2,630,1.125,2,2,38,0.0,0
20,2,2,1.0,1,532,2.0,4,2,199,0.0,0
445,25,51,2.04,9,2367,1.0,19,6,638,0.0,0
35,2,11,5.5,6,196,1.0,6,5,579,0.0,0
64,4,15,3.75,8,292,3.5,22,8,2601,0.0,0
69,1,2,2.0,2,254,0.0,17,1,7,0.0,0
778,93,119,1.28,6,4694,1.118,96,46,3268,0.0312,0
1216,96,448,4.667,26,10596,2.406,356,75,3366,0.0056,0
63,7,21,3.0,6,344,3.571,1,1,4,0.0,0
56,1,1,1.0,1,210,1.0,3,1,30,0.0,0
421,31,51,1.645,5,3027,1.097,11,8,194,0.0,0
141,18,44,2.444,10,1109,1.944,6,3,247,0.0,0
768,68,220,3.235,11,4937,2.529,135,24,2497,0.0667,0
963,62,66,1.065,3,4402,1.274,29,12,880,0.0,0
1086,42,80,1.905,19,11465,1.238,189,17,2326,0.0,0
24,2,2,1.0,1,106,1.0,4,4,1124,0.0,0
1889,115,638,5.548,44,12785,2.452,593,136,6491,0.0135,1
91,10,37,3.7,9,725,2.7,22,13,1599,0.0455,0
9,2,2,1.0,1,77,2.0,1,1,111,0.0,0
18,4,4,1.0,1,100,1.0,0,0,0,0.0,0
819,77,92,1.195,3,2894,1.0,40,24,2849,0.025,0
126,9,17,1.889,6,771,2.667,3,3,617,0.0,0
240,16,42,2.625,10,1359,1.625,235,42,4259,0.0043,0
38,2,2,1.0,1,334,1.0,4,3,1904,0.0,0
788,64,66,1.031,2,7114,1.031,87,16,2053,0.023,0
764,67,97,1.448,5,3082,2.463,90,51,1998,0.0333,1
7,1,1,1.0,1,25,2.0,1,1,249,0.0,0
251,37,37,1.0,1,1429,1.0,27,15,1614,0.1111,0
426,12,21,1.75,9,4853,1.417,14,4,212,0.0,0
24,1,4,4.0,4,191,3.0,0,0,0,0.0,0
69,10,17,1.7,4,429,1.8,54,23,5213,0.0,1
68,1,26,26.0,26,572,1.0,1,1,0,0.0,0
19,1,1,1.0,1,113,1.0,10,7,3202,0.3,0
117,9,9,1.0,1,473,1.0,2,2,99,0.0,0
439,39,63,1.615,3,1928,1.026,34,17,2485,0.0,0
26,5,5,1.0,1,285,1.0,4,2,408,0.0,0
385,29,33,1.138,3,2276,1.034,38,13,1701,0.0263,0
1245,83,322,3.88,32,7581,3.0,224,41,1917,0.0491,0
88,20,38,1.9,3,702,2.0,19,15,5005,0.0,0
56,4,18,4.5,14,316,2.25,6,2,475,0.1667,0
140,18,22,1.222,2,901,1.056,11,5,324,0.0,0
246,38,93,2.447,8,1354,2.789,57,27,1919,0.0,0
104,4,8,2.0,4,1082,1.75,24,12,715,0.0417,0
77,13,21,1.615,3,491,1.385,8,4,557,0.0,0
1096,132,146,1.106,5,8904,1.008,35,17,633,0.0,1
692,90,94,1.044,3,3476,0.889,37,23,813,0.0,0
317,40,125,3.125,18,2361,1.925,24,9,799,0.0,0
400,87,135,1.552,8,2238,2.345,28,15,2169,0.0,0
11,1,1,1.0,1,38,1.0,0,0,0,0.0,0
150,16,21,1.312,3,1188,1.25,16,5,632,0.0,0
597,45,54,1.2,4,3051,1.067,78,40,2037,0.0128,0
195,31,39,1.258,3,971,1.129,1,1,14,0.0,0
229,17,50,2.941,6,978,1.706,18,14,3940,0.0556,1
518,33,113,3.424,10,4512,0.97,35,9,1739,0.0,0
534,62,76,1.226,4,2978,1.129,39,24,2529,0.0,0
280,13,94,7.231,21,1534,2.692,114,17,2226,0.0263,0
22,2,5,2.5,3,121,1.5,18,14,5939,0.0,0
754,31,270,8.71,23,5255,2.419,65,19,1271,0.0308,0
23,4,5,1.25,2,129,1.0,3,3,809,0.0,0
330,31,98,3.161,22,1962,2.323,70,27,5157,0.0,0
242,26,26,1.0,1,933,1.0,29,19,4237,0.0,0
596,45,62,1.378,3,3728,1.044,53,22,613,0.0,0
7,1,2,2.0,2,38,2.0,5,4,4430,0.0,0
197,12,78,6.5,17,1540,2.417,86,28,1732,0.0,0
149,10,38,3.8,8,926,2.6,16,9,2320,0.0,0
1060,124,135,1.089,6,4284,1.0,76,37,2771,0.0132,0
11,0,0,0.0,0,107,0.0,8,5,2855,0.0,0
102,7,25,3.571,11,528,2.143,61,4,1030,0.0,0
267,15,25,1.667,3,818,1.133,7,4,499,0.0,0
130,8,9,1.125,2,521,1.0,3,3,348,0.0,0
35,9,9,1.0,1,260,1.0,18,10,3268,0.1111,0
223,17,54,3.176,11,1170,2.118,11,8,1084,0.0,0
129,11,27,2.455,4,716,1.273,7,5,690,0.0,0
166,9,25,2.778,7,826,3.444,69,29,3125,0.0435,0
579,17,35,2.059,13,6669,1.529,68,6,820,0.0,0
357,37,103,2.784,14,1794,2.541,102,39,7433,0.0,0
970,117,131,1.12,5,8256,1.017,7,5,156,0.0,0
11,1,1,1.0,1,54,1.0,0,0,0,0.0,0
233,25,38,1.52,7,1303,1.12,36,16,942,0.0,0
1180,71,364,5.127,42,9158,2.507,133,13,1213,0.0,0
231,11,77,7.0,24,1307,2.818,12,6,540,0.0,0
274,43,56,1.302,2,1340,1.0,53,28,2860,0.1509,0
1389,142,167,1.176,5,8394,1.197,1,1,0,0.0,0
1333,92,357,3.88,32,7895,3.0,302,76,2679,0.0464,0
214,18,31,1.722,5,1715,1.556,18,9,1429,0.0,0
33,4,5,1.25,2,144,1.5,4,3,1648,0.0,0
148,28,31,1.107,3,702,1.179,15,5,631,0.0,0
41,6,10,1.667,3,291,1.667,2,1,39,0.0,0
915,98,306,3.122,16,4870,2.122,47,13,975,0.0,0
418,52,54,1.038,2,2247,0.904,50,19,3568,0.0,0
178,30,43,1.433,3,1125,1.267,18,14,755,0.0,0
32,8,8,1.0,1,90,1.0,1,1,74,0.0,0
18,2,2,1.0,1,77,1.0,4,3,1547,0.0,0
39,4,4,1.0,1,188,1.0,12,8,2352,0.0,0
110,6,36,6.0,19,626,1.667,30,3,784,0.0333,0
1583,113,145,1.283,7,9995,1.389,108,35,1252,0.0,0
198,13,19,1.462,4,1155,3.385,3,2,62,0.0,0
49,4,13,3.25,7,258,4.75,11,10,1838,0.0,0
237,18,90,5.0,13,2010,1.944,98,45,4943,0.1224,0
229,16,71,4.438,15,1141,1.125,64,20,4199,0.0,0
617,40,253,6.325,52,4401,2.475,167,18,2273,0.0,0
89,1,1,1.0,1,366,1.0,20,6,709,0.0,0
273,21,52,2.476,10,1457,1.476,255,48,5120,0.0039,0
83,11,21,1.909,6,314,2.455,18,11,1697,0.0,0
62,7,8,1.143,2,405,1.0,18,9,1440,0.0,0
220,44,79,1.795,10,1585,1.932,92,32,3714,0.0,0
631,30,42,1.4,8,3530,1.033,18,10,238,0.0,0
32,1,2,2.0,2,113,1.0,1,1,16,0.0,0
132,11,16,1.455,3,659,1.818,38,22,2023,0.0263,0
46,4,9,2.25,3,368,2.0,2,2,79,0.0,0
36,7,7,1.0,1,105,1.143,4,3,1211,0.0,0
93,15,18,1.2,2,675,1.2,5,3,460,0.0,0
156,22,47,2.136,4,876,3.5,20,16,2269,0.0,0
428,0,0,0.0,0,870,0.0,8,1,812,0.0,0
435,33,78,2.364,9,1812,2.818,93,32,3762,0.2258,1
49,3,22,7.333,11,223,1.0,40,13,3205,0.0,0
19,2,2,1.0,1,55,2.5,1,1,160,0.0,0
725,93,232,2.495,10,3740,2.871,175,62,3164,0.0057,0
22,2,2,1.0,1,122,1.0,0,0,0,0.0,0
47,10,16,1.6,3,381,3.1,1,1,75,0.0,0
614,123,203,1.65,9,5809,1.935,229,30,2956,0.0,0
33,4,4,1.0,1,170,1.0,1,1,10,0.0,0
52,5,9,1.8,3,192,1.4,13,7,3129,0.0,0
627,76,210,2.763,10,4735,2.526,85,8,1058,0.0,0
15,2,2,1.0,1,62,0.5,6,4,1820,0.0,0
206,37,73,1.973,13,1600,2.135,84,41,4605,0.0476,0
118,9,28,3.111,9,710,2.667,12,7,1836,0.0,0
10,2,2,1.0,1,85,2.0,5,4,3195,0.0,0
279,1,1,1.0,1,2767,1.0,328,62,5507,0.0518,0
20,1,1,1.0,1,210,1.0,4,3,159,0.0,0
7,1,1,1.0,1,33,1.0,3,3,4443,0.0,0
393,67,73,1.09,3,1912,1.0,17,12,1770,0.0,1
34,2,2,1.0,1,133,4.0,4,4,1440,0.0,0
561,36,110,3.056,9,4484,0.972,72,19,2351,0.0,0
308,22,22,1.0,1,1462,1.227,8,3,367,0.0,0
10,0,0,0.0,0,32,0.0,2,2,441,0.0,0
1058,106,377,3.557,24,7554,2.264,418,93,4075,0.0,0
13,2,4,2.0,3,88,1.0,3,2,115,0.0,1
59,1,1,1.0,1,217,1.0,1,1,37,0.0,0
40,10,10,1.0,1,192,1.0,2,1,21,0.0,0
6,0,0,0.0,0,28,0.0,1,1,22,0.0,0
225,24,69,2.875,8,1617,2.125,0,0,0,0.0,0
228,23,26,1.13,3,1153,1.174,6,5,501,0.0,1
79,4,4,1.0,1,419,1.0,0,0,0,0.0,0
613,70,188,2.686,15,4716,2.3,84,10,1441,0.0119,0
159,19,20,1.053,2,939,1.158,6,3,224,0.0,1
542,42,57,1.357,4,2609,1.119,61,34,2960,0.0,1
1482,62,67,1.081,2,5474,1.0,25,14,1805,0.0,0
143,33,34,1.03,2,647,1.0,14,9,1494,0.0,0
107,22,49,2.227,7,519,1.545,21,4,1548,0.0,0
1213,60,102,1.7,19,12515,1.167,27,15,234,0.037,0
749,108,117,1.083,3,3971,1.046,68,37,1044,0.0441,0
222,17,38,2.235,7,1163,1.0,12,8,1619,0.0,1
39,4,4,1.0,1,217,1.0,6,4,823,0.0,0
116,9,9,1.0,1,489,1.0,23,4,1411,0.0,0
621,18,39,2.167,14,6968,1.5,83,8,954,0.0,0
165,26,63,2.423,7,1162,1.615,22,1,39,0.0,0
295,19,20,1.053,2,2054,1.053,19,4,272,0.0,0
1061,79,366,4.633,31,9534,2.456,201,21,1897,0.01,0
52,5,7,1.4,2,221,1.0,13,8,799,0.0,0
46,0,0,0.0,0,203,0.0,9,5,738,0.0,0
378,0,0,0.0,0,1184,0.0,0,0,0,0.0,0
229,24,79,3.292,17,1615,2.0,114,45,5132,0.0088,1
25,4,4,1.0,1,334,1.25,2,1,6,0.0,0
694,77,90,1.169,5,6460,1.065,35,9,1107,0.0286,0
699,102,210,2.059,39,2796,2.696,109,38,3091,0.0,0
120,14,31,2.214,4,940,2.429,22,11,1660,0.0909,0
245,32,63,1.969,6,1018,2.656,43,25,1527,0.0233,0
879,97,335,3.454,38,6114,2.227,162,13,1641,0.0,0
283,20,46,2.3,7,1372,0.95,27,16,4849,0.037,0
19,1,1,1.0,1,123,1.0,5,3,94,0.0,0
23,3,3,1.0,1,147,1.0,3,2,225,0.0,0
536,16,31,1.938,13,5970,1.562,46,5,462,0.0,0
59,1,1,1.0,1,148,1.0,20,11,986,0.0,0
783,86,99,1.151,7,4164,1.198,6,3,80,0.0,1
5573,183,260,1.421,9,19617,1.093,247,65,4073,0.0,0
124,6,29,4.833,14,754,2.333,40,16,2577,0.025,0
1026,111,125,1.126,5,6750,1.126,43,9,1747,0.0,0
59,14,14,1.0,1,249,1.0,1,1,0,0.0,0
12,0,0,0.0,0,42,0.0,12,2,583,0.0,0
261,0,0,0.0,0,2683,0.0,237,19,2910,0.0506,0
38,1,2,2.0,2,179,1.0,20,11,1052,0.0,0
378,36,51,1.417,4,2544,1.222,1,1,5,0.0,0
502,70,74,1.057,2,3290,1.0,47,32,1210,0.1489,1
78,6,16,2.667,5,470,0.833,2,1,818,0.0,0
928,39,319,8.179,31,5188,1.872,133,43,1199,0.0,0
52,4,4,1.0,1,245,2.0,54,11,3179,0.0,0
240,38,91,2.395,7,1350,2.789,52,24,1734,0.0,0
165,10,21,2.1,4,885,1.0,14,3,952,0.0,0
222,13,20,1.538,5,1058,1.077,11,8,963,0.0,0
1135,142,168,1.183,4,6608,1.099,95,45,2136,0.0,0
162,30,34,1.133,2,1146,1.067,21,14,757,0.0,0
509,57,59,1.035,2,2788,1.018,54,34,3340,0.0,0
280,26,84,3.231,13,1698,3.0,59,18,3035,0.0,0
439,90,147,1.633,19,3104,1.578,95,22,5421,0.0,0
73,4,21,5.25,8,440,2.75,25,12,3105,0.0,0
81,4,5,1.25,2,273,1.0,7,7,3520,0.0,0
7206,481,559,1.162,11,35394,1.077,426,197,4411,0.0493,0
102,4,26,6.5,14,610,3.25,24,9,1852,0.0417,0
38,6,6,1.0,1,364,1.333,6,4,271,0.0,1
5,1,1,1.0,1,42,2.0,0,0,0,0.0,0
34,4,4,1.0,1,113,1.0,3,2,560,0.0,0
55,5,14,2.8,4,225,1.6,8,4,334,0.0,0
166,33,66,2.0,7,1738,1.939,25,6,1617,0.0,0
6,0,0,0.0,0,74,0.0,3,3,1010,0.0,0
10,0,0,0.0,0,54,0.0,5,3,2162,0.2,0
35,6,9,1.5,4,361,1.833,12,4,1672,0.0,1
518,49,58,1.184,4,2332,1.143,68,28,973,0.0,0
2,0,0,0.0,0,15,0.0,0,0,0,0.0,0
259,25,89,3.56,10,1773,3.32,43,6,589,0.0,0
986,98,114,1.163,5,6430,1.092,51,21,1614,0.0,0
23,1,3,3.0,3,172,3.0,3,2,14,0.0,0
155,11,42,3.818,14,966,2.818,60,14,2624,0.0,0
83,13,13,1.0,1,326,1.0,4,3,2620,0.0,0
1057,78,174,2.231,9,5896,1.026,37,19,1100,0.0,0
30,6,6,1.0,1,145,1.0,0,0,0,0.0,0
94,12,12,1.0,1,526,1.917,4,4,2765,0.0,0
285,38,57,1.5,4,1428,1.132,33,27,3131,0.1212,1
692,34,41,1.206,3,4322,1.235,18,9,830,0.0,0
67,11,12,1.091,2,436,1.0,77,40,1486,0.039,0
150,23,56,2.435,7,1040,1.652,16,1,31,0.0,0
11,2,2,1.0,1,71,1.0,2,2,2620,0.0,0
272,39,78,2.0,10,1788,2.231,9,2,114,0.0,1
4763,153,207,1.353,9,16912,1.085,219,58,3498,0.0,0
882,52,202,3.885,21,5308,3.0,84,10,590,0.0357,0
113,12,41,3.417,13,806,2.0,68,17,2949,0.0147,0
