file,hash,date,author,message,is_vuln,file_commits,unique_authors,file_age_days,security_touch_ratio,loc,func_cnt,ccn,avg_ccn,max_ccn,token_count,avg_params,pred_proba,pred_label
tests\flask_tests.py,3088a9371e065808fd0091741f62bc242bcab1f9,2010-04-20,unknown,"Make it easier to associate a rule, endpoint and view_function
This resolves http://github.com/mitsuhiko/flask/issues/issue/11",0,7,1,5,0.1429,224,42,45,1.071,3,925,0.524,0.5426934602049708,1
tests\flask_tests.py,95750b3287bfa21fbb706f10a3a9fbcef01c089e,2010-04-19,Armin Ronacher,Documented some routing converter possibilities.,0,8,2,5,0.125,238,46,50,1.087,3,990,0.609,0.4968628857427034,0
docs\conf.py,bb0e755c808a8541192982ba7b86308b68ff7657,2017-02-11,Jeff Widman,"Migrate various docs links to https (#2180)

Also fixed a few outdated links",0,35,11,2502,0.0286,99,3,3,1.0,1,1261,1.667,0.49414432934160535,0
docs\conf.py,9dcfd05d295574488bd0c3644599d1e97dcca3da,2017-01-13,Ondřej Nový,"Use SOURCE_DATE_EPOCH for copyright year to make build reproducible

Details: https://wiki.debian.org/ReproducibleBuilds/TimestampsProposal",0,34,10,2473,0.0294,99,3,3,1.0,1,1261,1.667,0.4932595531381513,0
docs\conf.py,75b85656ddad86cbf0c3adb1128b758242793929,2017-05-04,David Lord,"optionally enable sphinxcontrib.log_cabinet
collapses old changelog directives
closes #1704
closes #1867",0,37,13,2585,0.027,106,3,3,1.0,1,1287,1.667,0.48959049695824025,0
docs\conf.py,f5adb61b28f240effbba5a4686647c2af6e85b94,2017-03-06,Static,Fix typos/grammar in docs (#2201),0,36,12,2525,0.0278,99,3,3,1.0,1,1261,1.667,0.48233044722168616,0
docs\conf.py,386ac92bdd4192450fdff833c7a0d7dbee73ef1e,2017-05-25,Kenneth Reitz,use alabaster,0,38,13,2606,0.0263,93,3,3,1.0,1,1234,1.667,0.4817320308961609,0
docs\conf.py,08d6de73a893615ef316a9ad88710bd7e6589bf2,2016-11-03,David Lord,switch to packaged sphinx theme,0,33,10,2403,0.0303,90,3,3,1.0,1,1221,1.667,0.4817236947189271,0
docs\conf.py,97ad0859128a1e6f2ec3efb9efc46c7c40646318,2017-08-01,David Lord,fix links,0,39,14,2674,0.0256,94,3,3,1.0,1,1240,1.667,0.4695731953386417,0
docs\conf.py,1928f28a6863a8bac27705950ce1327d661f4d2d,2016-06-26,David Lord,"clean up code formatting in some docs
fix warnings while building docs",0,32,10,2273,0.0312,97,3,3,1.0,1,1251,1.667,0.4563729394204307,0
tests\flask_tests.py,9f6bc93e4de36fc209eb1203845e9505df1ca379,2010-04-20,Armin Ronacher,"Fixed XSS problem by escaping all slashes in JSON.

This also probes simplejson first to figure out if it escapes slashes
which it did in earlier vers",0,10,2,6,0.1,257,47,52,1.106,3,1080,0.596,0.436459004265279,0
tests\flask_tests.py,9f0b2429d638e54cb534b555c393d0770dfc1a8f,2010-04-20,Armin Ronacher,"The testsuite skips JSON tests now is not available and runs the example
tests as well.",0,9,2,6,0.1111,255,47,52,1.106,3,1069,0.596,0.4339360109850343,0
docs\conf.py,c3dd7b8e4c9e322c413f4a49e5d15aceafd17c2d,2018-04-09,David Lord,rewrite tutorial docs and example,0,41,14,2924,0.0244,128,6,13,2.167,5,1377,3.167,0.41900568961633794,0
tests\flask_tests.py,b6e73305392c9de052e51cca6fae8fee12ae231e,2010-04-21,florentx,Use setdefault() because it sets session.modified correctly.,0,11,2,6,0.0909,267,48,53,1.104,3,1118,0.604,0.41516528000206454,0
docs\conf.py,310fbfcf64f40f237068fddbbbe45315f9935eca,2018-02-08,David Lord,"revert copyright year to project start
add copyright header to files",0,40,14,2865,0.025,104,5,8,1.6,4,1284,2.4,0.4138331381588767,0
examples\flaskr\flaskr_tests.py,8fa5e32d9a1fdf042632bd8fcd0b44dd8031b639,2014-09-11,Markus Unterwaditzer,Tests pass now.,0,10,4,1611,0.0,48,7,7,1.0,1,290,1.286,0.4136993639433758,0
docs\conf.py,18ffe1eaf6c2eeffc898f4e8a590c062c40b30dc,2024-11-20,David Lord,add gettext config for docs,0,74,16,5342,0.027,79,2,6,3.0,5,311,4.0,0.4128140327260571,0
docs\conf.py,bfffe87d4c2ea255b9a51432bebb3d28741245c4,2025-03-29,David Lord,add ghsa links,0,75,16,5471,0.0267,80,2,6,3.0,5,323,4.0,0.4122673071880685,0
docs\conf.py,a758915893352f5986c6ee101cdf7e3b7a64fa28,2025-06-09,David Lord,svg logo,0,76,16,5543,0.0263,80,2,6,3.0,5,323,4.0,0.4095036757387946,0
tests\test_templating.py,08ac3aa4e3739e20d385c4c2973893945f228470,2015-04-06,ThiefMaster,"Allow custom jinja environments

This is useful e.g. when using the new Jinja Environment
attributes added in mitsuhiko/jinja2#404",0,9,4,206,0.0,316,65,66,1.015,2,1305,0.308,0.4056629251193089,0
docs\conf.py,85cc71046475f9cb3efd17d496356795961249f9,2025-06-12,David Lord,svg logo,0,77,16,5546,0.026,80,2,6,3.0,5,323,4.0,0.40251061832891477,0
flask\testsuite\templating.py,f034d8d3451f590fca1badeac5da0230bed9b148,2012-10-07,Armin Ronacher,"Add @template_test() decorator for creating custom jinja2 tests, like existing @template_filter() for filters.  Fixes #332",0,6,3,408,0.0,239,58,58,1.0,1,969,0.707,0.4010580212270479,0
tests\test_templating.py,33534bb4a9937e6faba5ecec4586519f453369b6,2015-01-02,Parkayun,Happy New Year 2015,0,8,3,112,0.0,309,64,65,1.016,2,1283,0.312,0.39758792843401036,0
tests\test_reqctx.py,976dfedaa9efdb566333ea829b12751820268f67,2019-05-31,Daniel Pope,Convert make_test_environ_builder into class (fixes #3207),0,18,10,1722,0.0,199,29,33,1.138,2,728,0.655,0.39307528290955135,0
tests\test_user_error_handler.py,f2f027d1fbc12f3ff24f3e471e11ac56e1a5d869,2020-04-04,David Lord,remove unused module docstrings,0,17,10,1820,0.0,195,44,46,1.045,2,785,0.773,0.39297787382125915,0
flask\testsuite\templating.py,f34c0281252bf1838e2ec24fe8b064b232a098ef,2012-10-08,Armin Ronacher,Added template tests and made config a true global,0,7,3,408,0.0,249,60,60,1.0,1,1006,0.7,0.3927031537462587,0
examples\flaskr\flaskr_tests.py,d2d8e66130f8aabf8e0e4b80a42352f8ef93c347,2014-05-02,Armin Ronacher,Fixed flask tests,0,9,4,1478,0.0,48,7,7,1.0,1,290,1.286,0.39055515565686705,0
tests\test_reqctx.py,025589ee766249652e2e097da05808fe64911ddc,2019-05-06,David Baumgold,"Reformat with black

https://github.com/python/black",0,17,9,1698,0.0,199,29,33,1.138,2,728,0.655,0.3808758953991305,0
tests\test_user_error_handler.py,524fd0bc8cec7bfe8167c9c98cb5511b01a0f4c6,2020-04-04,David Lord,apply pyupgrade,0,15,10,1820,0.0,195,44,46,1.045,2,791,0.773,0.38082652356140306,0
tests\test_user_error_handler.py,2ae740dd4903bbe5f3864384bcdf2ab2d4638bce,2020-04-04,David Lord,f-strings everywhere,0,16,10,1820,0.0,195,44,46,1.045,2,794,0.773,0.380694926314445,0
scripts\flaskext_compat.py,9a70e62b8d545c8de7e3728e544cebe289a39254,2011-09-21,Armin Ronacher,"No longer swallow important import errors.

This implements a simple but elegant method to find out if an import
error can be swallowed to try the nex",0,2,1,2,0.0,42,4,13,3.25,6,272,2.0,0.379621265853984,0
flask\testsuite\templating.py,3b393f89f66733f7824a50b33b93eae9999812ad,2013-01-27,Armin Ronacher,"Added template_global, fixes #657",0,8,3,519,0.0,260,62,62,1.0,1,1052,0.694,0.3774170968269124,0
src\flask\logging.py,6000e80acf931b05b4911c3fa7f3ba33e2b80e64,2024-01-16,David Lord,address mypy strict findings,0,12,4,1690,0.0,34,3,11,3.667,5,314,0.667,0.3737415124669025,0
src\flask\views.py,54ff9b297276a3add08c8faf1557b5e359b3ab99,2023-11-09,David Lord,use ruff linter and formatter,0,15,4,1622,0.0,60,6,17,2.833,7,813,1.833,0.3725664960126426,0
src\flask\typing.py,80cf589a26d792820f135591eb8007bca891bf4f,2023-08-19,pgjones,"Correct the error handler typing

It may also be awaitable, as invocations are wrapped in ensure_sync.",0,21,10,845,0.0,63,0,0,0.0,0,397,0.0,0.3723360289500155,0
src\flask\typing.py,cc80a47f5be6c60e53c42ef9378e6db3b0e183b1,2023-08-19,pgjones,"Widen the response typing

Whilst not strictly true for Flask, it is true for Flask and Quart and
hence makes it much easier for Quart to extend Flask",0,20,10,845,0.0,60,0,0,0.0,0,388,0.0,0.37171686433085094,0
src\flask\typing.py,3f6b243cec6859185ea4064e84b33c07cc7febf6,2023-08-19,pgjones,"Support async template context processors

This is useful as there is contextual information that could be loaded
via IO e.g. information from a datab",0,19,10,845,0.0,60,0,0,0.0,0,387,0.0,0.36975040183461627,0
tests\test_reqctx.py,b46f5942a528053034fecf210572ee04bc4a3284,2019-06-01,Jon S. Stumpf,address flake8 issues,0,19,11,1723,0.0,198,29,33,1.138,2,722,0.655,0.36967594593276687,0
tests\test_user_error_handler.py,846ee2c62e369ed06190b8791088748bd3a83557,2020-04-16,jackwardell,add assert message for errorhandler exception type,0,18,10,1832,0.0,201,44,46,1.045,2,805,0.773,0.36698352932828554,0
tests\test_reqctx.py,43483683b2bc8da85f00ccccdfb8d9d5c77a6bb3,2019-06-01,David Lord,apply reorder-python-imports pre-commit config,0,20,12,1723,0.0,198,29,33,1.138,2,722,0.655,0.3640807386659237,0
examples\flaskr\flaskr_tests.py,8bb972e5ae647650457bc4e94ff51cb5e34951dd,2013-05-25,Thomas Waldmann,"fix minitwit/flaskr test errors, improve docs about file open mode

app.open_resource needs to get called with the correct mode param (python3
will re",0,7,2,1137,0.0,47,7,7,1.0,1,286,1.286,0.36262198617637653,0
flask\testsuite\templating.py,e1d356fb713f3272db2a23f9f898c34c5dc79dc0,2013-05-22,Thomas Waldmann,"ported some more stuff to py 3.3

removed init_jinja_globals hack from app.py after consulting mitsuhiko
(didn't work on py 3.3 ""as is"")

removed with",0,9,3,634,0.0,259,62,62,1.0,1,1048,0.694,0.36255004953632675,0
flask\logging.py,310fbfcf64f40f237068fddbbbe45315f9935eca,2018-02-08,David Lord,"revert copyright year to project start
add copyright header to files",0,12,6,2775,0.0,29,3,11,3.667,5,286,0.667,0.3622292652482389,0
flask\testsuite\templating.py,05f66ad73543db207791ea5d6a2de2e8eaaf1640,2013-05-22,Markus Unterwaditzer,Fix some literals,0,10,4,635,0.0,259,62,62,1.0,1,1056,0.694,0.35850546879612116,0
flask\session.py,5e88c8184d19851c4ccc9a74595819bbe374e839,2012-10-08,Armin Ronacher,Removed deprecated and awkward flask.session module,0,7,3,828,0.0,5,0,0,0.0,0,55,0.0,0.35828765950702357,0
tests\test_regression.py,b46f5942a528053034fecf210572ee04bc4a3284,2019-06-01,Jon S. Stumpf,address flake8 issues,0,14,6,1723,0.0,58,10,14,1.4,4,265,0.7,0.3571705014697625,0
tests\test_config.py,025589ee766249652e2e097da05808fe64911ddc,2019-05-06,David Baumgold,"Reformat with black

https://github.com/python/black",0,17,6,1698,0.0,154,15,18,1.2,2,656,0.2,0.3565213894299507,0
examples\flaskr\flaskr_tests.py,52098e1e4fc4d9c962e9ecb09dfbbcc6ac80a4d7,2014-01-02,Daniel Neuhäuser,Happy New Year 2014,0,8,3,1359,0.0,47,7,7,1.0,1,286,1.286,0.3562360323278388,0
flask\testsuite\templating.py,0b3369355dadb39ac1ce9580d95004233031a287,2012-02-24,Dmitry Shevchenko,Allow loading template from iterable,0,5,2,181,0.0,167,38,38,1.0,1,661,0.658,0.3559022872032176,0
flask\testsuite\templating.py,5b89355b1c9771431fb8a011094591ad43461b0a,2013-05-22,Daniel Neuhäuser,Response data is bytes,0,11,5,635,0.0,259,62,62,1.0,1,1070,0.694,0.3548830123900479,0
tests\flask_tests.py,03a71e022919a0e1bff6606400e9d5ae234b8244,2011-08-25,Pedro Algarvio,Deny dot's in blueprint endpoints. Add tests for that too.,0,121,11,498,0.0165,1935,308,367,1.192,8,7582,0.643,0.3546373921492093,0
src\flask\globals.py,44ffe6c6d6c90a414de32db1b03d5978f8770271,2023-04-20,David Lord,add __future__ annotations,0,12,4,1419,0.0,80,3,5,1.667,3,318,1.667,0.35155611421497995,0
tests\flask_tests.py,8dbd71ef8e16ce64cfcf7c526d584ea2771a28d1,2011-08-25,Armin Ronacher,Added a testcase where SERVER_NAME and APPLICATION_ROOT are not set,0,123,11,498,0.0163,1934,307,365,1.189,8,7588,0.681,0.35097637520005676,0
tests\flask_tests.py,485a6c332b1cd10495f6f3aafe2690e07f01b422,2011-08-25,Armin Ronacher,Moved testcase for test client context binding to the TestToolsTestCase,0,124,11,498,0.0161,1934,307,365,1.189,8,7588,0.681,0.35097637520005676,0
tests\test_templating.py,ec3d5800f2c8d6803c426babb0b6df0fa36f866f,2014-10-27,Petr Zemek,"Put two spaces before inline comments when there is only one space.

PEP8 (E261) suggests to use at least two spaces before inline comments.",0,7,2,45,0.0,291,64,65,1.016,2,1151,0.312,0.35058897463530503,0
tests\test_reqctx.py,0c0b31a789f8bfeadcbcf49d1fb38a00624b3065,2019-10-12,Doron Horwitz,get_cookie_name in SessionInterface for easier overriding in SecureCookieSessionInterface,0,23,12,1857,0.0,228,35,39,1.114,2,899,0.6,0.3493520590880851,0
docs\flaskdocext.py,679bf0014f298a1ab8f989989fa430f69d9e28c0,2018-04-18,David Lord,use theme provided by pallets-sphinx-themes,0,2,2,2446,0.0,10,2,4,2.0,3,45,3.5,0.34817956721574334,0
tests\test_templating.py,d13a1b363e1065de98f44fe0446b570ce078007e,2015-06-06,Markus Unterwaditzer,"Rename jinja_env_class

Inspired by #1056",0,10,5,267,0.0,316,65,66,1.015,2,1305,0.308,0.34800892485365414,0
src\flask\globals.py,6650764e9719402de2aaa6f321bdec587699c6b2,2023-02-23,David Lord,remove previously deprecated code,0,11,4,1363,0.0,79,3,5,1.667,3,315,1.667,0.3454665268877679,0
tests\flask_tests.py,ef0f626f0a916fdced42e05aa2f58dede6c660fd,2011-08-25,Armin Ronacher,Added flask.views.View.decorators to automatically decorate class based views.,0,125,11,498,0.016,1951,311,369,1.186,8,7653,0.688,0.345069887514033,0
src\flask\scaffold.py,ef52e3e4a379b16a8b906ff101c6edae71d80dc9,2021-03-10,David Lord,remove redundant _register_error_handler,0,6,3,221,0.0,281,40,78,1.95,10,3691,2.1,0.3445792465660324,0
src\flask\config.py,1d610e44b396d11113bb6a5d168cc5e996a6dfb9,2024-10-31,David Lord,drop support for Python 3.8,0,24,7,1979,0.0417,141,12,40,3.333,7,1633,3.167,0.34122379806958747,0
docs\conf.py,84efe4de773ca564cf4a2aecb31cf01779906354,2018-04-18,David Lord,enable intersphinx,0,44,14,2934,0.0227,124,7,17,2.429,5,451,3.571,0.3412000210520226,0
tests\test_views.py,025589ee766249652e2e097da05808fe64911ddc,2019-05-06,David Baumgold,"Reformat with black

https://github.com/python/black",0,12,6,1698,0.0,155,36,36,1.0,1,643,1.167,0.3406159440282186,0
flask\testsuite\templating.py,239780be289efd365c07be2f60bab9223388399e,2013-05-22,Daniel Neuhäuser,"Use assert_true instead of assert_

assert_ is deprecated which causes annoying warnings",0,12,6,635,0.0,259,62,62,1.0,1,1070,0.694,0.34045114381975533,0
docs\conf.py,49a38ed9995c5fa8fd07fde732845cbc08e890b0,2018-04-18,David Lord,use theme provided by pallets-sphinx-themes,0,42,14,2934,0.0238,129,7,17,2.429,5,470,3.571,0.33964062808203066,0
flask\logging.py,1b7fad37167095f4c1981ed7987254ff5c6de6c0,2015-04-19,ning.xie,fix pep8 with logging.py,0,9,4,1749,0.0,51,6,15,2.5,3,305,1.333,0.3393232073964379,0
tests\test_regression.py,43483683b2bc8da85f00ccccdfb8d9d5c77a6bb3,2019-06-01,David Lord,apply reorder-python-imports pre-commit config,0,15,7,1723,0.0,58,10,14,1.4,4,265,0.7,0.3392895395798974,0
tests\test_appctx.py,025589ee766249652e2e097da05808fe64911ddc,2019-05-06,David Baumgold,"Reformat with black

https://github.com/python/black",0,18,10,1698,0.0,145,29,32,1.103,2,506,0.966,0.338464127269738,0
tests\flask_tests.py,4cb6eea8f1e1edc707874f72cbca43a0f698ec7d,2011-08-26,Armin Ronacher,Split up testsuite and moved it to flask.testsuite.  This fixes #246,0,126,11,499,0.0159,1951,311,369,1.186,8,7653,0.688,0.33838417322831865,0
tests\flask_tests.py,001a5128d87e2cb934d14244d901d47e01980873,2011-08-25,Armin Ronacher,Refactored tests to use a different subclass,0,119,11,498,0.0168,1906,301,359,1.193,8,7447,0.681,0.33815506541740237,0
tests\flask_tests.py,f051939d8ba1c5ec585fd4db1f83237a66020c0a,2011-08-25,Armin Ronacher,"Test that we're not leaking a request context in the testsuite, fixed a leak",0,120,11,498,0.0167,1910,303,361,1.191,8,7488,0.683,0.33815506541740237,0
tests\flask_tests.py,a5da2c98f3ed2f9fe254e3b61799b06fa230a175,2011-08-25,Armin Ronacher,Implemented flask.testing.TestClient.session_transaction for quick session modifications in test environments.,0,118,11,498,0.0169,1904,301,359,1.193,8,7457,0.681,0.33815506541740237,0
tests\flask_tests.py,e853a0f73959ad12cdabc2d74324cdc9329ae794,2011-08-25,Armin Ronacher,The test client and test_request_context are now both using the same logic internally for creating the environ.  Also they use APPLICATION_ROOT now.,0,122,11,498,0.0164,1923,305,363,1.19,8,7546,0.682,0.33782779269012964,0
tests\test_reqctx.py,dbd4520ccbe0954d8ff4f926ba5f16c4f5291533,2019-06-10,David Lord,"fix tests failing with server name warnings

After pallets/werkzeug#1577, mismatched configured and real server
names will show a warning in addition ",0,21,12,1733,0.0,155,24,27,1.125,2,521,0.792,0.3358240771180453,0
src\flask\scaffold.py,00f5a3e55ca3b6dd4e98044ab76f055dc74997ac,2021-04-06,pgjones,"Alter ensure_sync implementation to support extensions

This allows extensions to override the Flask.ensure_sync method and
have the change apply to b",0,8,3,248,0.0,283,41,79,1.927,10,3710,2.098,0.3345913723059636,0
tests\flask_tests.py,68ec5a30687a89a56406d8abd603b51a6645856e,2011-08-25,Pedro Algarvio,Allow passing the endpoint to the route decorators on Flask's `application` and `blueprints`.,0,116,11,498,0.0172,1893,303,360,1.188,8,7441,0.65,0.33440506541740234,0
docs\conf.py,679bf0014f298a1ab8f989989fa430f69d9e28c0,2018-04-18,David Lord,use theme provided by pallets-sphinx-themes,0,43,14,2934,0.0233,116,7,17,2.429,5,451,3.571,0.3342089371756446,0
flask\__init__.py,ddf0dfa8952852fb5365a794c4fe998a8ff6ba8f,2015-02-06,ThiefMaster,Use PEP440-compatible dev version,0,51,6,1679,0.0,24,0,0,0.0,0,190,0.0,0.33325195692389104,0
src\flask\scaffold.py,373f0dd82e68ab7cac7a77344e715dbe68faebd3,2020-11-01,David Lord,update requirements (#3823),0,1,1,91,0.0,139,21,26,1.238,3,1869,2.286,0.3332136815052189,0
tests\test_regression.py,025589ee766249652e2e097da05808fe64911ddc,2019-05-06,David Baumgold,"Reformat with black

https://github.com/python/black",0,13,5,1698,0.0,58,10,14,1.4,4,265,0.7,0.3328629034457022,0
src\flask\views.py,54e05a282428e9a44dbd414ca70231a83ebd710d,2023-11-15,David Lord,use ruff linter and formatter,0,16,4,1628,0.0,60,6,17,2.833,7,813,1.833,0.33277937171194905,0
src\flask\scaffold.py,9f7c602a84faa8371be4ece23e4405282d1283d2,2021-03-10,David Lord,move _PackageBoundObject into Scaffold,0,4,3,221,0.0,283,41,79,1.927,10,3256,2.146,0.3323938264299964,0
examples\tutorial\flaskr\db.py,8aa161a43731795841fa2678d3dff0559cee527e,2024-11-01,David Lord,add sqlite datetime converter,0,4,2,2398,0.0,28,5,7,1.4,2,166,0.4,0.3323217708605814,0
flask\logging.py,e00e2c22aadf9e5b9dc353c31f1b70dad488b47a,2016-08-25,Armin Ronacher,Disable logger propagation by default,0,10,5,2243,0.0,52,6,15,2.5,3,312,1.333,0.33224849743395113,0
tests\test_regression.py,e666f7a69c737fef8236237671be4da5910e9113,2019-06-22,David Lord,standardize license and copyright,0,16,7,1744,0.0,59,10,14,1.4,4,259,0.7,0.3318859400391509,0
tests\flask_tests.py,c844d02f1c7558e959891de75494cffd22dc323f,2011-08-25,Armin Ronacher,Added the APPLICATION_ROOT configuration variable which is used by session backends.,0,117,11,498,0.0171,1868,297,354,1.192,8,7317,0.68,0.3317282002136406,0
flask\__init__.py,d53d5c732bf794b965d15458f8e578fe51864a26,2015-06-17,Alexander Pantyukhin,before_render_template signal,0,52,7,1810,0.0,23,0,0,0.0,0,187,0.0,0.3312527666965633,0
tests\test_config.py,e666f7a69c737fef8236237671be4da5910e9113,2019-06-22,David Lord,standardize license and copyright,0,21,8,1744,0.0,153,15,18,1.2,2,650,0.2,0.33110457537808513,0
tests\test_appctx.py,f2f027d1fbc12f3ff24f3e471e11ac56e1a5d869,2020-04-04,David Lord,remove unused module docstrings,0,22,11,2031,0.0,145,29,32,1.103,2,482,0.966,0.330564958161419,0
tests\test_appctx.py,524fd0bc8cec7bfe8167c9c98cb5511b01a0f4c6,2020-04-04,David Lord,apply pyupgrade,0,21,11,2031,0.0,145,29,32,1.103,2,495,0.966,0.32997521069794256,0
tests\test_reqctx.py,e666f7a69c737fef8236237671be4da5910e9113,2019-06-22,David Lord,standardize license and copyright,0,22,12,1744,0.0,155,24,27,1.125,2,515,0.792,0.32951876666646374,0
examples\flaskr\flaskr.py,33534bb4a9937e6faba5ecec4586519f453369b6,2015-01-02,Parkayun,Happy New Year 2015,0,18,4,1723,0.0,68,9,15,1.667,4,340,0.111,0.32914196521679856,0
src\flask\typing.py,6000e80acf931b05b4911c3fa7f3ba33e2b80e64,2024-01-16,David Lord,address mypy strict findings,0,22,10,995,0.0,65,0,0,0.0,0,405,0.0,0.3287471407316568,0
flask\logging.py,66b1b752da1ccc67c1073d4a99c4141a1b2be445,2017-07-31,David Lord,"simplify logging configuration
single default handler and formatter
don't remove handlers
configure level once using setLevel
document logging
reorgan",0,11,5,2583,0.0,29,3,11,3.667,5,268,0.667,0.32861079154211165,0
docs\conf.py,87d5f5b9a9697434e6d972b021201105eabb54e6,2024-04-07,David Lord,"update project files (#5457)

* update pre-commit hook
* upgrade pip with venv
* update description and version
* show url in publish environment
",1,73,16,5115,0.0137,73,2,6,3.0,5,295,4.0,0.3273756659289676,0
flask\helpers.py,b7109865a352e6bbee55247731136a46e1bab04d,2010-07-04,Armin Ronacher,Removed circular dependency by going over a proxy.  This is the better solution anyway,0,13,2,2,0.0769,134,14,48,3.429,21,1525,1.929,0.3272322953624232,0
flask\testsuite\templating.py,820d099e82aa8ee01e1e82b85e2c6636d63be98a,2012-01-16,Ron DuPlain,Add tests for template filter methods/decorators.,0,4,2,143,0.0,153,35,35,1.0,1,614,0.686,0.32690137683543585,0
src\flask\scaffold.py,8ab4967703c2f5c500174f46b672d80e32f55d85,2021-04-15,David Lord,consistent versions and deprecation messages,0,9,3,257,0.0,283,41,79,1.927,10,3709,2.098,0.32678981366487697,0
src\flask\scaffold.py,7029674775023c076a1dc03367214d178423809a,2021-03-10,David Lord,rewrite Scaffold docs,0,5,3,221,0.0,284,41,79,1.927,10,3716,2.146,0.3255945114179504,0
tests\test_reqctx.py,57d628ca74513480908a63a6b66c1c8b1af896e8,2020-04-04,David Lord,remove more compat code,0,24,13,2031,0.0,228,35,39,1.114,2,845,0.6,0.3251464355333483,0
tests\flask_tests.py,b3aaf6d5ca4fa53cc78456b2df01ab4d11cec84a,2011-08-10,Armin Ronacher,Refactored package finding,0,114,11,483,0.0175,1846,292,349,1.195,8,7230,0.664,0.3251028956213257,0
tests\flask_tests.py,eb9a14e1581fd379f25986bb206fe0d8fdc6b1a3,2011-08-10,Armin Ronacher,Split up a test into two,0,115,11,483,0.0174,1848,293,350,1.195,8,7241,0.666,0.3251028956213257,0
tests\flask_tests.py,fb1a6730cfbf63b6d6ccda93381f0823d8b6c85a,2011-08-10,Armin Ronacher,Leave eggs when finding the instance path,0,113,11,483,0.0177,1846,292,349,1.195,8,7230,0.664,0.3251028956213257,0
tests\flask_tests.py,e328eba97cc87a34e846693b62d17bdedaf27134,2011-08-10,Armin Ronacher,Corrected prefix detection,0,112,11,483,0.0179,1830,291,347,1.192,8,7163,0.663,0.3251028956213257,0
tests\flask_tests.py,175d43b2f9c7825b0df4c1049ab571cb1877a807,2011-08-10,Armin Ronacher,Instance paths are now moved into virtualenv/share/appname-instance if installed,0,111,11,483,0.018,1830,291,347,1.192,8,7157,0.663,0.3251028956213257,0
flask\__init__.py,b146d8277ab90cf6d43ea54113383076e4fd0318,2012-10-07,Armin Ronacher,Added wrapper module around simplejson/json for much simplified customization.,0,37,3,828,0.0,23,0,0,0.0,0,186,0.0,0.3249861039565888,0
scripts\make-release.py,9bf5c3b3a3bdc3f2f2dcca2b5747378470d0d354,2018-02-08,David Lord,"update project metadata
new readme
readme as setup.py long_description
links in changes
git in authors
add travis osx env
break out docs build in trav",0,13,7,2418,0.0,111,14,28,2.0,7,437,1.0,0.32318894747435284,0
tests\test_appctx.py,43483683b2bc8da85f00ccccdfb8d9d5c77a6bb3,2019-06-01,David Lord,apply reorder-python-imports pre-commit config,0,19,11,1723,0.0,145,29,32,1.103,2,506,0.966,0.3222226016913557,0
flask\testsuite\helpers.py,f52e7a9dc944f425c2f2a77706bc2af98b23295c,2011-11-04,Armin Ronacher,Added support for _method to url_for(),0,7,2,69,0.0,278,35,43,1.229,2,1230,0.657,0.32209232943185145,0
tests\test_reqctx.py,524fd0bc8cec7bfe8167c9c98cb5511b01a0f4c6,2020-04-04,David Lord,apply pyupgrade,0,25,13,2031,0.0,228,35,39,1.114,2,837,0.6,0.3215125042472431,0
flask\helpers.py,0198313a22a98361947fceb8544c355be676f784,2010-07-08,Thomas Schranz,"added workaround for json on Google AppEngine

Google AppEngine unfortunately does not offer json/simplejson where
we would expect it to be, but since",0,16,2,4,0.0625,140,15,49,3.267,21,1680,2.0,0.32112766772604756,0
flask\testsuite\templating.py,9f8a2075c79fec1b5481f5a5a95bb23b40bf68f2,2013-05-22,Daniel Neuhäuser,Use assert_in where appropriate,0,13,6,635,0.0,259,62,62,1.0,1,1057,0.694,0.3210560683099211,0
tests\test_signals.py,025589ee766249652e2e097da05808fe64911ddc,2019-05-06,David Baumgold,"Reformat with black

https://github.com/python/black",0,18,8,1698,0.0,151,25,32,1.28,2,506,0.96,0.32091916651899954,0
scripts\make-release.py,213afec771a92e20516e5ea468bdd2186915f186,2018-01-23,David Lord,"add rst extension for changelog
fix changelog version",0,12,6,2403,0.0,94,14,26,1.857,7,447,1.0,0.32071349265963545,0
tests\test_regression.py,524fd0bc8cec7bfe8167c9c98cb5511b01a0f4c6,2020-04-04,David Lord,apply pyupgrade,0,18,7,2031,0.0,58,10,12,1.2,2,246,0.7,0.3206738625324904,0
flask\__init__.py,b2aae044ca9c9875c594d57a3bd92bd80d8d56ff,2013-02-28,Paulo Poiati,"Flash messages signals

If we send a signal when a template is rendered why not when a message
is flashed? One real world use case is in tests, this s",0,38,3,971,0.0,23,0,0,0.0,0,187,0.0,0.32061073761495895,0
tests\test_appctx.py,e666f7a69c737fef8236237671be4da5910e9113,2019-06-22,David Lord,standardize license and copyright,0,20,11,1744,0.0,144,29,32,1.103,2,491,0.966,0.3203611152048692,0
src\flask\views.py,6000e80acf931b05b4911c3fa7f3ba33e2b80e64,2024-01-16,David Lord,address mypy strict findings,0,17,4,1690,0.0,61,6,17,2.833,7,839,1.833,0.3202921810964001,0
src\flask\logging.py,0ec7f713d679ceed2c605e62ac5d38d579f29fa0,2023-08-19,pgjones,"Split the App and Blueprint into Sansio and IO parts

This follows a similar structure in Werkzeug and allows for async
based IO projects, specificall",0,11,4,1540,0.0,32,3,11,3.667,5,309,0.667,0.3188537860198633,0
flask\helpers.py,ac13deff401069c3854acca10c926119c6e1cbe0,2010-07-05,Armin Ronacher,"Re-added support for folder with static files, refactored static file sending",0,14,2,2,0.0714,137,15,49,3.267,21,1615,2.0,0.31867016173974516,0
flask\logging.py,33534bb4a9937e6faba5ecec4586519f453369b6,2015-01-02,Parkayun,Happy New Year 2015,0,8,3,1641,0.0,51,6,15,2.5,3,305,1.333,0.31818060855326846,0
tests\test_views.py,e666f7a69c737fef8236237671be4da5910e9113,2019-06-22,David Lord,standardize license and copyright,0,15,8,1744,0.0,157,36,36,1.0,1,637,1.167,0.31801683086070415,0
flask\logging.py,025589ee766249652e2e097da05808fe64911ddc,2019-05-06,David Baumgold,"Reformat with black

https://github.com/python/black",0,13,6,3227,0.0,29,3,11,3.667,5,286,0.667,0.31778554627022043,0
tests\flask_tests.py,153ecbc9202f249c4037602115ed2c2b5785550d,2011-08-10,Armin Ronacher,Implemented instance paths,0,110,11,483,0.0182,1780,287,340,1.185,8,6959,0.659,0.31744270895641646,0
tests\test_regression.py,57d628ca74513480908a63a6b66c1c8b1af896e8,2020-04-04,David Lord,remove more compat code,0,17,7,2031,0.0,58,10,12,1.2,2,250,0.7,0.31740125435138744,0
flask\testsuite\helpers.py,26a9c2079d77aba93dde6f95472f3d89d2d9783d,2012-01-07,Ron DuPlain,Add test to catch imports at Flask instantiation.,0,8,2,134,0.0,286,36,45,1.25,2,1260,0.667,0.3144842647814818,0
docs\conf.py,44dc32243e486364ebffde6afc8583c68ea874c0,2018-04-26,David Lord,add donate link,0,45,14,2941,0.0222,125,7,17,2.429,5,463,3.571,0.3142726396215911,0
src\flask\typing.py,44ffe6c6d6c90a414de32db1b03d5978f8770271,2023-04-20,David Lord,add __future__ annotations,0,18,10,723,0.0,57,0,0,0.0,0,376,0.0,0.31383228682183145,0
flask\testsuite\deprecations.py,52098e1e4fc4d9c962e9ecb09dfbbcc6ac80a4d7,2014-01-02,Daniel Neuhäuser,Happy New Year 2014,0,5,3,860,0.0,8,1,1,1.0,1,50,0.0,0.3134619340848458,0
flask\_compat.py,e4ebbd3f5befca0f6891def3ebf292f756ec5f3b,2019-01-06,xtreak,Fix DeprecationWarning on collections import,0,18,11,2059,0.0,56,6,8,1.333,2,372,2.167,0.31286792462313456,0
tests\test_views.py,f2f027d1fbc12f3ff24f3e471e11ac56e1a5d869,2020-04-04,David Lord,remove unused module docstrings,0,17,8,2031,0.0,166,39,39,1.0,1,671,1.179,0.31254845469349857,0
tests\test_templating.py,99c99c4c16b1327288fd76c44bc8635a1de452bc,2015-07-04,Alan Hamlett,Enable autoescape for `render_template_string`,0,11,5,296,0.0,334,67,68,1.015,2,1374,0.299,0.3122647761922638,0
tests\test_views.py,4ec1fbc9f52b4b3997a1978ab3390a5a1157ad6a,2017-05-24,Christian Stade-Schuldt,More DRYing up the test suite (#2325),0,10,5,986,0.0,157,36,36,1.0,1,643,1.167,0.3121957719234351,0
tests\test_signals.py,43483683b2bc8da85f00ccccdfb8d9d5c77a6bb3,2019-06-01,David Lord,apply reorder-python-imports pre-commit config,0,19,9,1723,0.0,151,25,32,1.28,2,506,0.96,0.3120976522345958,0
flask\globals.py,2411707492d59eff68a3cf6d306eed91fceb6344,2018-04-09,David Lord,rework context docs,0,12,5,2837,0.0,38,3,6,2.0,2,192,0.667,0.31193849661447226,0
tests\test_reqctx.py,f2f027d1fbc12f3ff24f3e471e11ac56e1a5d869,2020-04-04,David Lord,remove unused module docstrings,0,27,13,2031,0.0,228,35,39,1.114,2,824,0.6,0.3115621105271099,0
tests\test_reqctx.py,2ae740dd4903bbe5f3864384bcdf2ab2d4638bce,2020-04-04,David Lord,f-strings everywhere,0,26,13,2031,0.0,228,35,39,1.114,2,837,0.6,0.3115621105271099,0
flask\__init__.py,33534bb4a9937e6faba5ecec4586519f453369b6,2015-01-02,Parkayun,Happy New Year 2015,0,50,5,1644,0.0,23,0,0,0.0,0,186,0.0,0.3108767453387523,0
docs\conf.py,ff2e8449ffbb37cb8ebf4d7575c0e9102c78e772,2012-12-31,Kenneth Reitz,2013,0,23,3,1000,0.0,71,0,0,0.0,0,1192,0.0,0.31061351501807344,0
flask\helpers.py,5e1b1030e8edecb0c9652f2a406933c049ea2397,2010-07-12,Armin Ronacher,Added support for automagic OPTIONS,0,17,3,10,0.0588,141,15,49,3.267,21,1684,2.0,0.3104731433053941,0
scripts\make-release.py,ce06240851d18ab725d348bce1793aad67349131,2016-03-27,Matt Robenolt,"Run bdist_wheel as a part of release process

The setup.cfg declares the ability to compile a wheel, but release process isn't actually compiling a wh",0,9,4,1735,0.0,98,15,27,1.8,7,460,1.0,0.3101261085275755,0
flask\testsuite\templating.py,3e485009a8ca606c742c88c92cfd178547b708cd,2013-09-30,defuz,add TEMPLATES_AUTO_RELOAD option to config,0,14,6,766,0.0,266,63,63,1.0,1,1087,0.698,0.3099922456507547,0
flask\blueprints.py,5da1fc22153032923b1560a34a0f346d6517a12d,2011-05-29,Armin Ronacher,Started work on URL value preprocessors,0,2,1,0,0.0,113,26,33,1.269,3,852,2.538,0.3095812058898639,0
flask\logging.py,e666f7a69c737fef8236237671be4da5910e9113,2019-06-22,David Lord,standardize license and copyright,0,14,7,3274,0.0,29,3,11,3.667,5,280,0.667,0.3094434336562987,0
flask\__init__.py,1042d9d23f3c61f4474aea568a359337cf450fab,2016-12-21,Markus Unterwaditzer,Bump version number to 0.12,0,58,10,2364,0.0,23,0,0,0.0,0,186,0.0,0.30933298575041684,0
scripts\make-release.py,63deee0a8b0963f1657e2d327773d65632a387d3,2018-04-26,David Lord,release 0.12.3,0,14,7,2495,0.0,111,14,28,2.0,7,436,1.0,0.3091210541211658,0
flask\module.py,ac13deff401069c3854acca10c926119c6e1cbe0,2010-07-05,Armin Ronacher,"Re-added support for folder with static files, refactored static file sending",0,8,2,2,0.0,74,17,22,1.294,4,860,2.235,0.3088324742751939,0
tests\test_signals.py,f2f027d1fbc12f3ff24f3e471e11ac56e1a5d869,2020-04-04,David Lord,remove unused module docstrings,0,22,9,2031,0.0,151,25,32,1.28,2,487,0.96,0.3086751018329464,0
flask\helpers.py,c34b03e9a677e467ea420d4286d4350ed429a4b8,2010-07-05,Armin Ronacher,Documented send_from_directory,0,15,2,2,0.0667,137,15,49,3.267,21,1664,2.0,0.30825052126901853,0
src\flask\scaffold.py,6979265fa643ed982d062f38d386c37bbbef0d9b,2021-04-06,pgjones,"Add `async` support

This allows for async functions to be passed to the Flask class
instance, for example as a view function,

    @app.route(""/"")
  ",0,7,3,248,0.0,288,41,80,1.951,10,3751,2.098,0.30814700394512184,0
tests\test_signals.py,524fd0bc8cec7bfe8167c9c98cb5511b01a0f4c6,2020-04-04,David Lord,apply pyupgrade,0,21,9,2031,0.0,151,25,32,1.28,2,497,0.96,0.30808535436946993,0
tests\flask_tests.py,68473291344629dff3955fdc07776f2fca7b9b69,2011-08-09,Armin Ronacher,Flask will now give you an error in debug mode if a post request caused a redirect by the routing system.,0,109,11,482,0.0183,1766,286,338,1.182,8,6888,0.657,0.3076010462114862,0
tests\test_views.py,43483683b2bc8da85f00ccccdfb8d9d5c77a6bb3,2019-06-01,David Lord,apply reorder-python-imports pre-commit config,0,14,8,1723,0.0,166,39,39,1.0,1,691,1.179,0.3070928515126245,0
flask\testsuite\helpers.py,61a95196ac28771466ada43a1c01effda42040a5,2011-10-11,Armin Ronacher,Changed logic for debug level log settings,0,6,2,46,0.0,254,32,39,1.219,2,1136,0.594,0.3068915658822742,0
examples\minitwit\minitwit.py,33534bb4a9937e6faba5ecec4586519f453369b6,2015-01-02,Parkayun,Happy New Year 2015,0,23,5,1731,0.0,179,18,45,2.5,9,968,0.556,0.30649299202549035,0
flask\logging.py,7c16054d81ce9af44a4875650b506c9ec2403588,2014-08-27,Armin Ronacher,Updated the logging documentation for recent changes.,0,7,3,1513,0.0,51,6,15,2.5,3,305,1.333,0.3061179829341431,0
tests\flask_tests.py,02a131746074203dc8d747308f4d2c7ece8aa743,2011-08-07,Armin Ronacher,Added the ability to trigger functions before the first request to the application,0,106,11,480,0.0189,1737,282,333,1.181,8,6758,0.66,0.30560104621148626,0
tests\flask_tests.py,acac64e36a046cebae07bee7f3e8106b4a80288a,2011-08-08,Armin Ronacher,Don't only catch BadRequest key errors but all bad request errors.,0,107,11,481,0.0187,1737,282,333,1.181,8,6758,0.66,0.30560104621148626,0
tests\flask_tests.py,ce701319756abef4d09c585828a630b8fdef89fc,2011-08-08,Armin Ronacher,If JSON parsing fails it now issues a BadRequest exception.,0,108,11,481,0.0185,1745,284,335,1.18,8,6794,0.658,0.30560104621148626,0
tests\test_views.py,1f3923a999e3b4430ea76727e07fb062b24d6a61,2019-05-17,LeeW,"Inherit ""methods"" in MethodView

* Current behavior: If a base class inherits MethodView and child class
  inherits without overwriting ""methods"". The",0,13,7,1709,0.0,167,39,39,1.0,1,693,1.179,0.30549108407721853,0
src\flask\typing.py,1d610e44b396d11113bb6a5d168cc5e996a6dfb9,2024-10-31,David Lord,drop support for Python 3.8,0,23,10,1284,0.0,65,0,0,0.0,0,393,0.0,0.30547858816838536,0
flask\_compat.py,25de45cbb6fc7304f67b685034151f9ac6ea0df5,2019-01-05,Matt Robenolt,"Add support for PathLike objects in static file helpers

See: https://www.python.org/dev/peps/pep-0519/

This is mostly encountered with pathlib in py",0,17,10,2058,0.0,59,7,10,1.429,2,399,2.0,0.30508599623918853,0
tests\test_views.py,310fbfcf64f40f237068fddbbbe45315f9935eca,2018-02-08,David Lord,"revert copyright year to project start
add copyright header to files",0,11,5,1246,0.0,157,36,36,1.0,1,643,1.167,0.3047127033267235,0
flask\module.py,df3f8940c30447f28f2ddf2a5f764cf543755f0d,2010-07-05,Armin Ronacher,Added separate module for testing,0,9,2,2,0.0,74,17,22,1.294,4,861,2.235,0.30468390284662245,0
tests\test_signals.py,e666f7a69c737fef8236237671be4da5910e9113,2019-06-22,David Lord,standardize license and copyright,0,20,9,1744,0.0,147,25,32,1.28,2,500,0.96,0.30461394891570576,0
examples\flaskr\flaskr.py,a3a5075a942a321ccf67c7511822e62dc1d5858f,2014-04-28,Armin Ronacher,Updated tutorial to the flask script,0,16,4,1474,0.0,66,8,14,1.75,4,333,0.125,0.3044980085495564,0
scripts\make-release.py,e4c712ffd2682f963906e1d0d27e67b7f83d95ce,2016-05-31,Frédéric Chapoton,a few more python3-compatible print (#1840),0,11,5,1800,0.0,94,14,26,1.857,7,446,1.0,0.3035487101923354,0
tests\flask_tests.py,5500986971b28f270a27db633acf19984eee609e,2011-08-07,Armin Ronacher,Flask in debug mode will now complain if views are attached after the first view was handled.,0,105,11,479,0.019,1723,280,331,1.182,8,6715,0.661,0.30335104621148623,0
tests\test_user_error_handler.py,9054f6d6397607647839286ce1db6cb2ef8457fe,2019-06-19,David Lord,always pass InternalServerError instance to 500 handler,0,13,10,1530,0.0,195,44,46,1.045,2,801,0.773,0.30288017086930763,0
flask\globals.py,33534bb4a9937e6faba5ecec4586519f453369b6,2015-01-02,Parkayun,Happy New Year 2015,0,10,3,1644,0.0,38,3,6,2.0,2,192,0.667,0.3026021891267402,0
flask\__init__.py,b2e0886f484ac4544afd440955aa936379161e7c,2016-12-21,Markus Unterwaditzer,Bump to dev version,0,59,10,2364,0.0,23,0,0,0.0,0,187,0.0,0.30257638750994764,0
flask\globals.py,e666f7a69c737fef8236237671be4da5910e9113,2019-06-22,David Lord,standardize license and copyright,0,14,6,3277,0.0,38,3,6,2.0,2,186,0.667,0.3020254933553233,0
src\flask\json\__init__.py,6000e80acf931b05b4911c3fa7f3ba33e2b80e64,2024-01-16,David Lord,address mypy strict findings,0,26,9,1690,0.0,28,5,9,1.8,2,769,2.2,0.3013293574447667,0
tests\flask_tests.py,dbe0df756bf587b242f2406bef9e7e8ef26f0813,2010-04-21,florentx,Use setdefault() because it sets session.modified correctly.,0,12,3,7,0.0833,267,48,53,1.104,3,1118,0.604,0.300591641371986,0
flask\_compat.py,ae41df9a77ceab4469029b043e38333b8654e1da,2017-05-23,Hendrik Makait,Check if app factory takes script_info argument and call it with(out) script_info as an argument depending on that,0,15,8,1466,0.0,54,6,8,1.333,2,363,2.167,0.30048847524099553,0
tests\flask_tests.py,7155f11a723695352323d484610b9a1c6798eb69,2011-08-05,Armin Ronacher,Added HTTP exception trapping.  This should fix #294,0,103,11,478,0.0194,1688,274,323,1.179,8,6551,0.668,0.3004790610537868,0
tests\test_views.py,524fd0bc8cec7bfe8167c9c98cb5511b01a0f4c6,2020-04-04,David Lord,apply pyupgrade,0,16,8,2031,0.0,166,39,39,1.0,1,682,1.179,0.3000906790015931,0
tests\flask_tests.py,f3db68c8cee4f48fbc078e1f5a73bb025b425f91,2011-08-05,Armin Ronacher,Added testcase for the debug behavior and explicit encoding,0,104,11,478,0.0192,1703,276,326,1.181,8,6648,0.667,0.30007831893875897,0
flask\session.py,ee8417dac8364f02524edffddff92329f15b95af,2011-09-01,Armin Ronacher,Late but 2010 -> 2011 in some files,0,5,3,425,0.0,5,0,0,0.0,0,53,0.0,0.2999323815123163,0
docs\conf.py,83d777bebfb3031de51d458b47d06e8e612f3a3d,2023-04-20,David Lord,use new logo,0,72,16,4762,0.0139,73,2,6,3.0,5,295,4.0,0.2995663288220981,0
tests\flask_tests.py,3b31df81aeccb889810b4b49ce6e608e67ebeeea,2011-07-14,Armin Ronacher,View functions can opt out of the default OPTIONS implementation,0,100,11,456,0.02,1642,266,313,1.177,8,6402,0.669,0.2993655305760073,0
tests\flask_tests.py,c9a2ad2b8d079c0ecca701f4c0b15390437c4843,2011-07-16,Armin Ronacher,Fixed a bug in list_templates,0,101,11,457,0.0198,1647,267,314,1.176,8,6423,0.67,0.2993655305760073,0
tests\flask_tests.py,bd473c158788bd2c1153fc8fe45831aaa648824a,2011-07-06,Armin Ronacher,Fixed an issue that broke url processors for blueprints.  Added testcases,0,99,11,448,0.0202,1627,263,310,1.179,8,6346,0.673,0.2992331776348308,0
setup.py,7e8d7d43c8852f1567a93838ae7983bf519ddcb1,2016-06-02,Emily Manders,Added link to deploying documentation,0,68,16,2249,0.0147,49,0,0,0.0,0,278,0.0,0.29905796044929134,0
src\flask\logging.py,44ffe6c6d6c90a414de32db1b03d5978f8770271,2023-04-20,David Lord,add __future__ annotations,0,10,4,1419,0.0,32,3,11,3.667,5,308,0.667,0.29904116381306856,0
tests\flask_tests.py,fafcc02f261e90a006efd5cc4dfa876531af9594,2011-08-04,Armin Ronacher,Added a testcase for 404 errors caused by the routing system,0,102,11,477,0.0196,1658,270,317,1.174,8,6461,0.67,0.2989395873695763,0
flask\module.py,d67a36cbdb20bfd9cd9931bceb8e6e3c27e9263f,2010-07-04,Armin Ronacher,Added a testcase for the improved module support,0,5,2,1,0.0,74,17,22,1.294,4,760,2.235,0.298490483425209,0
tests\test_regression.py,f2f027d1fbc12f3ff24f3e471e11ac56e1a5d869,2020-04-04,David Lord,remove unused module docstrings,0,19,7,2031,0.0,58,10,12,1.2,2,235,0.7,0.2980613897264206,0
flask\ext\__init__.py,e8020e2c5cd6dca816991845bd439e4524594f83,2011-09-18,Armin Ronacher,Added comment to the importer wiping.,0,2,1,0,0.0,31,4,10,2.5,4,302,1.75,0.29789984784492995,0
tests\test_templating.py,f2f027d1fbc12f3ff24f3e471e11ac56e1a5d869,2020-04-04,David Lord,remove unused module docstrings,0,29,12,2031,0.0,316,69,69,1.0,1,1290,1.043,0.297613495598799,0
flask\globals.py,310fbfcf64f40f237068fddbbbe45315f9935eca,2018-02-08,David Lord,"revert copyright year to project start
add copyright header to files",0,11,4,2778,0.0,38,3,6,2.0,2,192,0.667,0.2975890461573375,0
flask\__init__.py,7f8709147435bea69fa15ae0de9a2326ab5dfc41,2012-10-07,Armin Ronacher,Added a missing exposed import.  This fixes #575,0,36,3,827,0.0,23,0,0,0.0,0,158,0.0,0.2974238901103236,0
flask\__init__.py,097353695e3178a38403b204ae4889c8a32bf997,2013-05-14,Armin Ronacher,Added flask.copy_current_request_context which simplies working with greenlets,0,39,4,1046,0.0,23,0,0,0.0,0,188,0.0,0.2971296616579884,0
scripts\make-release.py,1eccb62965967264acfd1a504fcc3fca0646a8be,2016-05-29,Armin Ronacher,Do not bump version in setup.py,0,10,5,1798,0.0,93,14,26,1.857,7,440,1.0,0.29669329586980764,0
docs\flaskdocext.py,49a38ed9995c5fa8fd07fde732845cbc08e890b0,2018-04-18,David Lord,use theme provided by pallets-sphinx-themes,0,1,1,2446,0.0,10,2,4,2.0,3,45,3.5,0.29659406441718383,0
flask\debughelpers.py,21aa620b6bd65e8368f86a37e55de8e56fccf917,2014-01-24,Guriec Corbel,"Remove the extra ""1""",0,13,3,903,0.0,49,5,10,2.0,3,420,1.8,0.29655802013845006,0
flask\__init__.py,a34d0e6878c8c8a5fab05a69785c443f3c17075d,2017-03-31,Markus Unterwaditzer,Bump version number to 0.12.1,0,61,10,2463,0.0,23,0,0,0.0,0,187,0.0,0.29646874045112415,0
src\flask\json\__init__.py,c2705ffd9ce1dc8476cb29eaf5ff5d4c719852d9,2025-09-19,David Lord,merge app and request context,0,27,9,2302,0.0,28,5,9,1.8,2,767,2.2,0.29624916467589846,0
flask\testsuite\helpers.py,970de5e8b67b6c5bbaac082e888f8ebc6e16cfb7,2012-01-09,Ron DuPlain,Add discussion to NoImportsTestCase.,0,9,2,136,0.0,285,36,45,1.25,2,1325,0.667,0.2959682568914679,0
flask\module.py,f1cde5bbfcb7f0466ad35511ffe2e31ea57756d6,2010-07-04,Armin Ronacher,Added more versionadded directives,0,7,2,1,0.0,74,17,22,1.294,4,859,2.235,0.29534296870198673,0
flask\__init__.py,13e6a01ac86f9b8c0cad692d5e5e8d600674fb6d,2016-05-29,Armin Ronacher,Bump version number to 0.11,0,53,8,2157,0.0,23,0,0,0.0,0,186,0.0,0.2949931607647639,0
tests\test_templating.py,24289e97af233f11d9c145f80604b2ee416254a1,2016-06-15,Dave Barker,Add test for new template auto reload debug behaviour,0,12,6,642,0.0,345,69,70,1.014,2,1440,0.333,0.2941436186566151,0
flask\session.py,0dd9dc37b6618b8091c2a0f849f5f3143dc6eafc,2011-10-02,Armin Ronacher,Fixed an issue with an unused module for Python 2.5 (flask.session),0,6,3,456,0.0,5,0,0,0.0,0,55,0.0,0.29337675890417036,0
flask\__init__.py,3b9574fec988fca790ffe78b64ef30b22dd3386a,2013-06-13,Armin Ronacher,Bump version number to 0.10,0,41,4,1076,0.0,24,0,0,0.0,0,189,0.0,0.29302592539425215,0
setup.py,524fd0bc8cec7bfe8167c9c98cb5511b01a0f4c6,2020-04-04,David Lord,apply pyupgrade,0,106,31,3651,0.0189,66,0,0,0.0,0,208,0.0,0.2928642744554375,0
docs\conf.py,f139024b1ca637cc6df694f49817bdb8ec294561,2023-04-20,David Lord,remove old links,0,71,16,4762,0.0141,73,2,6,3.0,5,295,4.0,0.2921068376283603,0
flask\_compat.py,6e46d0cd3969f6c13ff61c95c81a975192232fed,2016-06-13,Markus Unterwaditzer,"Fix PyPy3 support and add bug references

Fix #1841",0,14,7,1122,0.0,52,6,8,1.333,2,353,2.167,0.292015900052947,0
src\flask\json\provider.py,54ff9b297276a3add08c8faf1557b5e359b3ab99,2023-11-09,David Lord,use ruff linter and formatter,0,5,2,484,0.0,69,11,25,2.273,7,1025,2.818,0.2916643497365716,0
flask\__init__.py,b23cd61e04b01e83defcdb9dafe8b6bcafdffc40,2016-05-29,Armin Ronacher,This is 0.12-dev,0,54,8,2157,0.0,23,0,0,0.0,0,187,0.0,0.291509289797022,0
flask\__init__.py,d1d82ca8ce7262ad9d27245ce44f86571287810e,2016-06-07,Markus Unterwaditzer,Bump version to 0.11.1,0,55,8,2166,0.0,23,0,0,0.0,0,187,0.0,0.291509289797022,0
docs\conf.py,067c772588f69f397eeff70019320506b47bb239,2018-09-17,chengkang,remove DocVersion related,0,53,15,3085,0.0189,127,7,17,2.429,5,468,3.571,0.29055090712992443,0
src\flask\scaffold.py,77237093da25438c88b0a74c374a397d4bf823eb,2021-04-26,pgjones,"Add initial type hints

This should make it easier for users to correctly use Flask. The hints
are from Quart.",0,10,3,268,0.0,330,41,79,1.927,10,4014,2.098,0.2901236478978843,0
src\flask\sansio\scaffold.py,ecc057dd4857e655f0844b781899a917852042a4,2024-02-03,Cody Scott,fix jinja_loader annotation,0,3,2,168,0.0,294,36,63,1.75,10,3533,2.139,0.2900136433721501,0
flask\wrappers.py,e666f7a69c737fef8236237671be4da5910e9113,2019-06-22,David Lord,standardize license and copyright,0,78,29,3277,0.0,80,11,33,3.0,10,891,1.545,0.2897961005995296,0
examples\flaskr\flaskr.py,9074bc46af69f168e059dc977f90bbeb6d250077,2014-02-08,Armin Ronacher,Switch away from /tmp for windows users,0,15,4,1396,0.0,68,8,14,1.75,4,335,0.125,0.2889469983766545,0
flask\wrappers.py,1ed756a5238f38163cd04b152975a7d4ea945c7e,2018-04-10,David Lord,add Response.max_cookie_size config,0,73,26,2838,0.0,80,11,33,3.0,10,897,1.545,0.2886682275239045,0
flask\__init__.py,724f04d30597a6d0144958e86f20e816b0d9b1f1,2016-06-07,Markus Unterwaditzer,This is 0.11.2-dev,0,56,9,2166,0.0,23,0,0,0.0,0,188,0.0,0.2881651271726459,0
flask\ctx.py,df3f8940c30447f28f2ddf2a5f764cf543755f0d,2010-07-05,Armin Ronacher,Added separate module for testing,0,5,2,2,0.0,32,5,10,2.0,4,250,2.0,0.2880767206817459,0
flask\testsuite\helpers.py,9711fd402010b2e14a98879f0457174c3ca15a24,2012-03-08,Jeffrey Finkelstein,"On JSON requests, the JSON response should have Content-Type: application/json and the body of the response should be a JSON object.",0,10,2,195,0.0,296,38,47,1.237,2,1387,0.658,0.2880723999589624,0
flask\ext\__init__.py,9df2aefd7f0c3c5d0fc47087da2f51b72cad38fc,2011-09-18,Armin Ronacher,Do not set dotted attributes on flask.ext,0,3,1,0,0.0,32,4,11,2.75,5,306,1.75,0.2880617104858649,0
flask\__init__.py,571334df8e26333f34873a3dcb84441946e6c64c,2017-05-16,Markus Unterwaditzer,Bump version number to 0.12.2,0,63,10,2509,0.0,23,0,0,0.0,0,187,0.0,0.2877549718667673,0
tests\test_templating.py,df470aecb96efbcb17ca76e73196c25c38ce6d17,2019-07-01,David Lord,use app.name as app.logger name,0,25,11,1754,0.0,316,69,69,1.0,1,1305,1.043,0.28775462681008207,0
flask\__init__.py,d94b1bec24f47e5997787f5ee762d8b2566d81b4,2013-06-14,Armin Ronacher,In case we need a 0.10.2,0,45,4,1077,0.0,24,0,0,0.0,0,191,0.0,0.28744052768894085,0
flask\__init__.py,5886925ff34db3d9e913a4bc44891876a7fe65d5,2013-06-13,Armin Ronacher,Started 0.10 maintenance branch for a bugfix release,0,43,4,1077,0.0,24,0,0,0.0,0,191,0.0,0.28744052768894085,0
src\flask\wrappers.py,6000e80acf931b05b4911c3fa7f3ba33e2b80e64,2024-01-16,David Lord,address mypy strict findings,0,19,4,1690,0.0,65,7,20,2.857,5,725,1.143,0.28727567224025036,0
src\flask\__init__.py,74e03298200e33951ca350a35aa3a8c0b4ff8177,2023-04-25,David Lord,release version 2.2.4,0,52,6,1424,0.0,63,1,3,3.0,3,311,1.0,0.28694213861329626,0
flask\_compat.py,310fbfcf64f40f237068fddbbbe45315f9935eca,2018-02-08,David Lord,"revert copyright year to project start
add copyright header to files",0,16,9,1727,0.0,54,6,8,1.333,2,363,2.167,0.2869329596517827,0
flask\__init__.py,8cd0b03beeac4a41c398ea365475c651c484a9ee,2016-12-25,Markus Unterwaditzer,Bump to dev 0.12.1,0,60,10,2367,0.0,23,0,0,0.0,0,188,0.0,0.28655855675885933,0
src\flask\json\provider.py,44ffe6c6d6c90a414de32db1b03d5978f8770271,2023-04-20,David Lord,add __future__ annotations,0,3,1,281,0.0,71,11,25,2.273,7,1024,2.818,0.28644482155182543,0
flask\__init__.py,817b72d484d353800d907b3580c899314bf7f3c6,2014-08-27,Armin Ronacher,Removed deprecated module functionality,0,49,5,1516,0.0,23,0,0,0.0,0,186,0.0,0.28608203102998486,0
flask\__init__.py,0676bb8ab54a575616cd65d3c2ef1cc31fb82a84,2013-06-05,Armin Ronacher,Added appcontext_pushed and appcontext_popped signals,0,40,4,1068,0.0,24,0,0,0.0,0,190,0.0,0.2858976705460837,0
flask\__init__.py,977e7660accc6b31bdd002b74f0a29b2846c84ba,2013-06-14,Armin Ronacher,Master is 0.11-dev,0,46,4,1077,0.0,24,0,0,0.0,0,190,0.0,0.2858976705460837,0
flask\__init__.py,298334fffc8288b5a9a45ef4150e3c4292e45318,2013-06-14,Armin Ronacher,Bump version number to 0.10.1,0,44,4,1077,0.0,24,0,0,0.0,0,190,0.0,0.2858976705460837,0
flask\__init__.py,ac187bded7339dbf88baa2c6c7d8adddef657cac,2013-06-13,Armin Ronacher,This is 0.11-dev,0,42,4,1076,0.0,24,0,0,0.0,0,190,0.0,0.2858976705460837,0
tests\test_templating.py,2ae740dd4903bbe5f3864384bcdf2ab2d4638bce,2020-04-04,David Lord,f-strings everywhere,0,28,12,2031,0.0,316,69,69,1.0,1,1301,1.043,0.2857262513503055,0
src\flask\typing.py,410e5ab7ed0ef326fa8b5164a633863f137ffff5,2025-03-30,CoolCat467,Accept `AsyncIterable` for responses,0,24,10,1434,0.0,68,0,0,0.0,0,410,0.0,0.2851625738323689,0
flask\__init__.py,07a705888cbdf2641f3686f6d87575ef99093c7e,2017-03-31,Markus Unterwaditzer,Bump to dev version,0,62,10,2463,0.0,23,0,0,0.0,0,188,0.0,0.28514342747637705,0
tests\test_templating.py,524fd0bc8cec7bfe8167c9c98cb5511b01a0f4c6,2020-04-04,David Lord,apply pyupgrade,0,27,12,2031,0.0,316,69,69,1.0,1,1301,1.043,0.2849080695321237,0
flask\sessions.py,c844d02f1c7558e959891de75494cffd22dc323f,2011-08-25,Armin Ronacher,Added the APPLICATION_ROOT configuration variable which is used by session backends.,0,6,1,49,0.0,56,12,18,1.5,3,875,2.583,0.2848402669803554,0
src\flask\__init__.py,41d4f62909bb426c84e9d057151f7d734695320a,2023-02-15,David Lord,release version 2.2.3,0,48,6,1355,0.0,63,1,3,3.0,3,311,1.0,0.28471373559919805,0
src\flask\__init__.py,6650764e9719402de2aaa6f321bdec587699c6b2,2023-02-23,David Lord,remove previously deprecated code,0,49,6,1363,0.0,63,1,3,3.0,3,312,1.0,0.28471373559919805,0
examples\flaskr\flaskr.py,d2d8e66130f8aabf8e0e4b80a42352f8ef93c347,2014-05-02,Armin Ronacher,Fixed flask tests,0,17,4,1478,0.0,68,9,15,1.667,4,340,0.111,0.28468016371322796,0
flask\module.py,51a89bf35ec6231d55f5caa8e12484e801f593fe,2010-07-04,Armin Ronacher,Restored 2.5 compatibility and actual fix for the json problem,0,6,2,1,0.0,74,17,22,1.294,4,759,2.235,0.284359783218629,0
flask\__init__.py,19def9606ac50bd308ea283e283cbcf62498d6c7,2012-07-01,Armin Ronacher,This is 0.8.1,0,33,3,729,0.0,19,0,0,0.0,0,154,0.0,0.28428245414827685,0
flask\sessions.py,10f8dc18b8d43c2776c9381f681263778674bf0d,2011-07-07,Armin Ronacher,More doc updates,0,2,1,0,0.0,53,11,16,1.455,3,831,2.636,0.28412570524846636,0
tests\test_views.py,75f537fb87ea3d60465a82c5c221104bcceef1f2,2017-05-23,kaveh,Adds provide_automatic_options to Class-based Views,0,8,3,984,0.0,173,36,36,1.0,1,685,0.722,0.2835449409700744,0
tests\test_templating.py,b46f5942a528053034fecf210572ee04bc4a3284,2019-06-01,Jon S. Stumpf,address flake8 issues,0,21,10,1723,0.0,314,69,69,1.0,1,1311,1.043,0.2834271691242857,0
flask\helpers.py,ed16ae2183ad44a7ba89aedd331a180455ed0836,2010-07-13,Armin Ronacher,Always register URL rules.  This fixes #81,0,18,3,11,0.0556,139,15,48,3.2,21,1677,2.0,0.28308452538197765,0
flask\__init__.py,b87919348104774e9c959fc00976966e38161129,2012-08-11,Armin Ronacher,Set current dev version number to 0.10,0,34,3,770,0.0,22,0,0,0.0,0,158,0.0,0.28296448200285607,0
flask\__init__.py,c3d38a21c664440fb8284aaaf8fbcce4a1c0849f,2012-08-11,Armin Ronacher,Removed json_available hack,0,35,3,770,0.0,22,0,0,0.0,0,157,0.0,0.28296448200285607,0
flask\__init__.py,77af942b982a3b07669362cc6bc223026bf039cd,2016-11-01,Clenimar Filemon,Capitalize occurrences of 'flask' (#2067),0,57,9,2314,0.0,23,0,0,0.0,0,188,0.0,0.2827778530171078,0
src\flask\globals.py,c2705ffd9ce1dc8476cb29eaf5ff5d4c719852d9,2025-09-19,David Lord,merge app and request context,0,14,4,2302,0.0,58,1,2,2.0,2,258,1.0,0.28274595354282356,0
src\flask\__init__.py,b394a994e6d632643d0061e0e67772f076925951,2024-11-23,David Lord,update `__version__` deprecation,0,68,7,2002,0.0,54,1,2,2.0,2,290,1.0,0.2824571660598703,0
examples\tutorial\tests\conftest.py,524fd0bc8cec7bfe8167c9c98cb5511b01a0f4c6,2020-04-04,David Lord,apply pyupgrade,0,3,2,726,0.0,36,7,7,1.0,1,191,1.286,0.2822125183169293,0
docs\conf.py,4137aecca9c4add694146502cd3e6e5fc945f6dd,2018-04-26,David Lord,add donate link,0,46,14,2941,0.0217,130,7,17,2.429,5,482,3.571,0.2817623302722821,0
src\flask\json\provider.py,0ec7f713d679ceed2c605e62ac5d38d579f29fa0,2023-08-19,pgjones,"Split the App and Blueprint into Sansio and IO parts

This follows a similar structure in Werkzeug and allows for async
based IO projects, specificall",0,4,1,402,0.0,71,11,25,2.273,7,1025,2.818,0.28133194841812237,0
docs\conf.py,3f81582d5dc75537dcedfd5f9b6dd36715a12d91,2018-04-26,David Lord,fix docs index sidebar,0,51,14,2942,0.0196,126,7,17,2.429,5,467,3.571,0.28106883264172694,0
examples\patterns\largerapp\yourapplication\views.py,310fbfcf64f40f237068fddbbbe45315f9935eca,2018-02-08,David Lord,"revert copyright year to project start
add copyright header to files",0,1,1,404,0.0,4,1,1,1.0,1,29,0.0,0.280928147390389,0
src\flask\__init__.py,47af817c8fe01045c641b97f8fb784c7ad864eee,2023-05-02,David Lord,release version 2.2.5,0,60,7,1430,0.0,63,1,3,3.0,3,311,1.0,0.2802181457265559,0
src\flask\__init__.py,726d3f4fa9e8a2960541debc2d2713571da54441,2023-05-02,David Lord,start version 2.2.5,0,59,7,1430,0.0,63,1,3,3.0,3,312,1.0,0.2802181457265559,0
flask\wrappers.py,025589ee766249652e2e097da05808fe64911ddc,2019-05-06,David Baumgold,"Reformat with black

https://github.com/python/black",0,75,26,3230,0.0,81,11,33,3.0,10,897,1.545,0.27986939522133564,0
tests\test_json_tag.py,9c02f07f9bb4c88207c2a6860742c452c35d2948,2023-02-23,David Lord,deprecate markupsafe exports,0,10,5,2091,0.0,64,9,9,1.0,1,234,1.0,0.2796751378610609,0
scripts\flaskext_compat.py,9691b7f0bf70553e61a88c8c7b6ffcac776b8d26,2011-09-21,Armin Ronacher,Deal with partially setup packages in the redirect hook.,0,3,1,3,0.0,43,4,13,3.25,6,243,2.0,0.27961279958000695,0
tests\test_templating.py,43483683b2bc8da85f00ccccdfb8d9d5c77a6bb3,2019-06-01,David Lord,apply reorder-python-imports pre-commit config,0,22,11,1723,0.0,314,69,69,1.0,1,1311,1.043,0.27900102368866264,0
examples\flaskr\flaskr_tests.py,7e55b5084ddbaeeadd8358b216f36e7706c79199,2011-06-17,Armin Ronacher,Mention the TESTING flag in the docs,0,6,2,429,0.0,47,7,7,1.0,1,278,1.286,0.2787142963202867,0
flask\__init__.py,f8f2e2dff481e55fa9ae7cc3f70f36d61bcf56d7,2012-04-09,Armin Ronacher,Added more tests for the new stack behavior.,0,29,3,646,0.0,20,0,0,0.0,0,155,0.0,0.27853242507916465,0
flask\__init__.py,d26af4fd6dd71793cf6373c1c18c82349494e0aa,2012-04-09,Armin Ronacher,Fixed some smaller things in the docs,0,30,3,646,0.0,20,0,0,0.0,0,156,0.0,0.27853242507916465,0
tests\test_templating.py,ef434ea9985b756f13bed283dfa55828829e5e1f,2019-11-19,Grey Li,"Replace old pocoo links everywhere

pocco.org -> palletsprojects.com",0,26,11,1894,0.0,316,69,69,1.0,1,1304,1.043,0.27846847943778236,0
src\flask\json\provider.py,6650764e9719402de2aaa6f321bdec587699c6b2,2023-02-23,David Lord,remove previously deprecated code,0,2,1,225,0.0,71,11,25,2.273,7,1027,2.818,0.2782174402568341,0
flask\ext\__init__.py,52098e1e4fc4d9c962e9ecb09dfbbcc6ac80a4d7,2014-01-02,Daniel Neuhäuser,Happy New Year 2014,0,8,1,837,0.0,6,1,1,1.0,1,116,0.0,0.2782017059389941,0
src\flask\__init__.py,d597db67ded68d4aedf42b9d1d4570573fb79cd6,2022-07-08,David Lord,contexts no longer use LocalStack,0,39,5,1133,0.0,63,1,3,3.0,3,312,1.0,0.2777695086229414,0
src\flask\json\provider.py,54e05a282428e9a44dbd414ca70231a83ebd710d,2023-11-15,David Lord,use ruff linter and formatter,0,6,2,490,0.0,69,11,25,2.273,7,1025,2.818,0.27767826759628395,0
flask\testsuite\appctx.py,d5218997d927be869dd55ef04542e1bbc1e69653,2012-06-27,Armin Ronacher,Added flask.stream_with_context,0,4,2,79,0.0,74,15,15,1.0,1,267,0.8,0.2775621436034862,0
docs\conf.py,3cd615a1d6db7e319c27bca2499ab7390065f090,2021-02-24,David Lord,update project links,0,66,16,3977,0.0152,74,2,6,3.0,5,300,4.0,0.2775400978097535,0
flask\testsuite\templating.py,52098e1e4fc4d9c962e9ecb09dfbbcc6ac80a4d7,2014-01-02,Daniel Neuhäuser,Happy New Year 2014,0,15,7,860,0.0,259,62,62,1.0,1,1057,0.694,0.2774727094926494,0
flask\ctx.py,665fa2a32b5ff2b1c1887a48ed69329110a555f7,2010-07-04,Armin Ronacher,More refactoring and moving stuff around,0,3,2,1,0.0,32,5,10,2.0,4,245,2.0,0.27731094982490595,0
src\flask\__init__.py,7d5d1874581209f66ad7bcdfb7f85b2b9a7ca471,2025-03-29,David Lord,better type checking during deprecation,0,69,7,2128,0.0,55,1,2,2.0,2,294,1.0,0.277145941303431,0
docs\conf.py,79ac96f1239601eb12f6f69fcb3ce6cb269ac5fb,2021-05-10,David Lord,show type hints in description,0,67,16,4052,0.0149,75,2,6,3.0,5,302,4.0,0.2771190451781746,0
setup.py,024f0d384cf5bb65c76ac59f8ddce464b2dc2ca1,2020-04-04,David Lord,move package metadata to setup.cfg,0,107,31,3651,0.0187,26,0,0,0.0,0,74,0.0,0.27704890339569627,0
flask\config.py,5cc40f4728d5b5356cf49b7dfaa2b130e0b0aedf,2011-03-14,Aaron Kavlie,silent option added to 'from_pyfile' to mirror 'from_envvar'.,0,4,2,253,0.0,51,8,18,2.25,4,745,2.5,0.27689117822876125,0
setup.py,025589ee766249652e2e097da05808fe64911ddc,2019-05-06,David Baumgold,"Reformat with black

https://github.com/python/black",0,95,27,3317,0.0211,71,0,0,0.0,0,263,0.0,0.27682316661684003,0
docs\conf.py,22992a0d533f7f68e9fa1845c86dae230d8ff9ba,2018-04-26,David Lord,add donate link,0,48,14,2942,0.0208,125,7,17,2.429,5,465,3.571,0.2768165453940908,0
tests\test_instance_config.py,662c245795c7cbb5dbd657a2d707c62c16770c18,2020-04-04,David Lord,remove _compat module,0,11,5,2031,0.0,88,8,10,1.25,3,370,3.125,0.2766450803692286,0
tests\test_views.py,5b0b9717da958fd6325c675d92be4f6667796112,2017-05-23,Christian Stade-Schuldt,"DRYing up the test suite using pytest fixtures (#2306)

* add fixtures to conftest.py

* use fixtures in test_appctx.py

* use fixtures in test_bl",0,9,4,985,0.0,163,36,36,1.0,1,655,1.0,0.2764053646971445,0
flask\__init__.py,f347d3c59e3304474ca85b17e24261f127b27282,2017-05-16,Markus Unterwaditzer,Bump to dev version,0,64,10,2509,0.0,23,0,0,0.0,0,188,0.0,0.2763348275348198,0
tests\test_json.py,b473e7c97c7c557e64fb84236c7d346b6ad16736,2021-02-01,David Lord,use Jinja's tojson filter,0,3,1,93,0.0,306,44,56,1.273,3,1202,1.5,0.2761582321738611,0
flask\blueprints.py,f7e71b518f30923f494750e476f30d91c415723e,2011-05-29,Armin Ronacher,Register most stuff only once,0,1,1,0,0.0,97,22,29,1.318,3,717,2.636,0.27597851842902704,0
setup.py,a0a61acdecd925cf2a1ffe5fb7acd27c1695f1d8,2020-04-04,David Lord,drop support for Python 2.7 and 3.5,0,105,31,3651,0.019,67,0,0,0.0,0,214,0.0,0.2759274617391787,0
tests\test_config.py,b46f5942a528053034fecf210572ee04bc4a3284,2019-06-01,Jon S. Stumpf,address flake8 issues,0,18,7,1723,0.0,147,15,16,1.067,2,648,0.333,0.2756557939182762,0
tests\test_templating.py,025589ee766249652e2e097da05808fe64911ddc,2019-05-06,David Baumgold,"Reformat with black

https://github.com/python/black",0,20,9,1698,0.0,314,69,69,1.0,1,1313,1.043,0.2752872269482813,0
docs\conf.py,2ede0b8ba944fbd8b7c2478f100dd117c85975a0,2018-04-26,David Lord,add donate link,0,47,14,2942,0.0213,130,7,17,2.429,5,484,3.571,0.2752838496570894,0
flask\wrappers.py,171eb28c950969260863cacefa2f08d1590ce839,2018-04-09,fphonor,get_json separate cache depending on silent arg,0,71,25,2837,0.0,76,10,31,3.1,10,889,1.6,0.275252691645151,0
tests\__init__.py,8fa5e32d9a1fdf042632bd8fcd0b44dd8031b639,2014-09-11,Markus Unterwaditzer,Tests pass now.,0,2,1,0,0.0,95,22,32,1.455,4,475,2.227,0.27487360627526186,0
tests\test_user_error_handler.py,43483683b2bc8da85f00ccccdfb8d9d5c77a6bb3,2019-06-01,David Lord,apply reorder-python-imports pre-commit config,0,12,10,1512,0.0,136,31,31,1.0,1,496,0.548,0.27480665846640606,0
src\flask\__init__.py,9a1b25fce4ddd553d7cba01bab3df5841a24aeff,2022-08-03,David Lord,start version 2.2.1,0,42,5,1158,0.0,63,1,3,3.0,3,312,1.0,0.2747695086229414,0
src\flask\__init__.py,52c54b2ce1e392c5d5cd9339a4a069e91edd1d01,2022-08-03,David Lord,release version 2.2.1,0,43,5,1159,0.0,63,1,3,3.0,3,311,1.0,0.2747695086229414,0
src\flask\__init__.py,43d2fff317aec64a000604a764b8ab2dc751c753,2022-08-08,David Lord,release version 2.2.2,0,45,5,1164,0.0,63,1,3,3.0,3,311,1.0,0.2747695086229414,0
src\flask\__init__.py,292c7e5c5db14824a23bbd6fdfe69f62015aee20,2022-08-01,David Lord,release version 2.2.0,0,41,5,1157,0.0,63,1,3,3.0,3,311,1.0,0.2747695086229414,0
src\flask\__init__.py,4984753dbf5a247f46e2903011c981d0709973ff,2022-08-04,David Lord,start version 2.2.2,0,44,5,1159,0.0,63,1,3,3.0,3,312,1.0,0.2747695086229414,0
setup.py,6d8b4ce9d037937ef8694067ab5754666240d097,2021-05-13,David Lord,set maximum versions of pallets dependencies,0,115,32,4055,0.0174,76,0,0,0.0,0,275,0.0,0.2745770549458879,0
tests\test_basic.py,d9402fc0c03353b6d2659297682e578d695476ce,2014-12-07,Marc Abramowitz,"Make `jsonify` terminate responses with a newline

This came up in the context of
https://github.com/kennethreitz/httpbin/issues/168",0,9,3,87,0.0,1184,193,213,1.104,3,4641,0.326,0.27445286257279355,0
docs\conf.py,08ef4d03d869cd6d51faf8e37349070b7507f175,2018-04-26,David Lord,fix docs index sidebar,0,49,14,2942,0.0204,131,7,17,2.429,5,486,3.571,0.27442546394146167,0
flask\wrappers.py,ab4142215d836b0298fc47fa1e4b75408b9c37a0,2018-04-10,David Lord,detect UTF encodings when loading json,0,72,26,2838,0.0,75,10,31,3.1,10,847,1.6,0.27437748052024763,0
src\flask\typing.py,52df9eed45d0b19c588662ed8492d8fbaa0e7098,2025-05-13,David Lord,drop end of life python versions,0,25,11,1477,0.0,63,0,0,0.0,0,372,0.0,0.27430792221337613,0
docs\conf.py,6dbcbdee3553683215d9e50b59834cb9af3aebd3,2019-05-17,David Lord,add sphinx-issues,0,57,15,3328,0.0175,83,2,6,3.0,5,330,4.0,0.2741701649880565,0
flask\ctx.py,b3fc9eb36b8021ad966be57532a5fa5ae4231e13,2011-03-13,mvantellingen,Open the session after the request context is pushed on the stack instead of in the constructor. This allows you to access the request context in a cu,0,8,2,254,0.0,33,5,10,2.0,4,281,2.0,0.2741274626234662,0
tests\test_templating.py,1a67e284d043818743ae9ef5a46b6b64a9db56f7,2016-06-15,Dave Barker,Remove unnecessary werkzeug mock attribs from test,0,13,7,642,0.0,344,69,70,1.014,2,1435,0.333,0.27394632638913335,0
src\flask\views.py,9e831e915fa875423af0c0de8f53a3780055919e,2024-10-24,bre-17387639,fix pyright type errors,0,18,4,1972,0.0,61,6,17,2.833,7,841,1.833,0.27386688967160316,0
flask\templating.py,967907ee81cbc671cd8982bdc02a9d3335fdde11,2015-06-17,Alexander Pantyukhin,before_render_template signal can override render template.,0,31,10,1809,0.0,81,9,28,3.111,7,512,2.0,0.27374661327487204,0
tests\test_user_error_handler.py,e666f7a69c737fef8236237671be4da5910e9113,2019-06-22,David Lord,standardize license and copyright,0,14,10,1533,0.0,138,31,31,1.0,1,478,0.548,0.2737325070103763,0
docs\conf.py,3e86fd25e9638898618cda8352402f4281bf809b,2018-09-17,chengkang,fix issue: no theme named 'flask' found,0,52,14,3085,0.0192,132,7,17,2.429,5,487,3.571,0.27368481496081265,0
docs\conf.py,8ceff653c58b7fb038b31ae96cc96fcad3999020,2018-04-26,David Lord,fix docs index sidebar,0,50,14,2942,0.02,131,7,17,2.429,5,486,3.571,0.2735946947106924,0
tests\test_config.py,b1c0951ad690a83e49bfd005853a7b09cdb44cb0,2014-09-11,Markus Unterwaditzer,Move fixtures,0,4,1,0,0.0,239,23,32,1.391,3,964,2.174,0.27348615309537744,0
docs\conf.py,ba868d681aac8273ad785ebf28f4a043b737ab78,2018-09-17,David Lord,update sphinx config,0,54,15,3086,0.0185,82,2,6,3.0,5,325,4.0,0.2732497275307769,0
tests\test_templating.py,53c893b646252d610e877eb9385e9e250a1ae5e1,2019-06-01,David Lord,fix string concats left over by black,0,23,11,1723,0.0,314,69,69,1.0,1,1311,1.043,0.27312435559971837,0
flask\module.py,15012af70017962c2a22bc3fe670b9cc50782366,2010-07-04,Armin Ronacher,Refactored static folder registration,0,3,2,1,0.0,75,17,23,1.353,4,760,2.176,0.27309036420248695,0
tests\test_templating.py,e666f7a69c737fef8236237671be4da5910e9113,2019-06-22,David Lord,standardize license and copyright,0,24,11,1744,0.0,308,69,69,1.0,1,1307,1.043,0.272928821904302,0
tests\test_user_error_handler.py,1e5dd430223369d13ea94ffffe22bca53a98e730,2022-05-03,Qingpeng Li,"refactor error checks in register_error_handler

Co-authored-by: David Lord <davidism@gmail.com>",0,19,11,2579,0.0,203,44,46,1.045,2,846,0.773,0.2728443133726231,0
tests\test_deprecations.py,5b0b9717da958fd6325c675d92be4f6667796112,2017-05-23,Christian Stade-Schuldt,"DRYing up the test suite using pytest fixtures (#2306)

* add fixtures to conftest.py

* use fixtures in test_appctx.py

* use fixtures in test_bl",0,8,3,985,0.0,20,4,4,1.0,1,103,2.0,0.27282742274713584,0
tests\test_cli.py,f19d3bd67e0d8213013cf06f47d951c8735515c8,2016-07-05,Hyunchel Kim,"Enhance tests.test_cli.test_find_best_app (#1882)

This commit adds a test case for `test_find_best_app` where
Module object does not contain Flask a",0,9,8,50,0.0,110,18,18,1.0,1,562,0.611,0.27275195902623195,0
tests\test_apps\cliapp\factory.py,fcac7f11cf5fbdaa43c3a8c305b31cf0a43a70d3,2020-04-07,David Lord,deprecate passing script_info to factory,0,6,3,1048,0.0,7,3,3,1.0,1,23,0.667,0.2726935905140406,0
tests\test_config.py,af41dbe0c479769402c46c0b99b841e781a8fa87,2014-09-11,Markus Unterwaditzer,Remove useless classes,0,6,1,0,0.0,239,23,32,1.391,3,944,2.174,0.2726111924786084,0
flask\ctx.py,80eb6cfffc3f3fe6e448aa0e26ba1566d4c42917,2010-07-04,Armin Ronacher,Switched to relative imports in the package,0,4,2,1,0.0,32,5,10,2.0,4,243,2.0,0.27242835321606285,0
src\flask\scaffold.py,10b0d6b33f7a4414fd3f4474c0deceed2e40117e,2021-04-27,Adrian Moennich,"Move get_root_path back to flask.helpers

Many libraries use it so the move is somewhat disruptive.",0,11,3,268,0.0,308,40,72,1.8,10,3760,2.125,0.27239181031879506,0
flask\testsuite\helpers.py,06b224676d2f6c38fbf1f486f636e81a85016d45,2012-03-12,Dave Shawley,"Added _PackageBoundObject.get_static_file_options.

This method receives the name of a static file that is going to be served
up and generates a dict ",0,11,3,199,0.0,304,39,48,1.231,2,1435,0.718,0.2723177335213545,0
docs\conf.py,33534bb4a9937e6faba5ecec4586519f453369b6,2015-01-02,Parkayun,Happy New Year 2015,0,28,6,1731,0.0,74,0,0,0.0,0,1200,0.0,0.27227206405091187,0
docs\conf.py,52adf2ec219a0cb9abcfd116ec104c9a362c602a,2021-05-11,David Lord,rename default branch in files,0,68,16,4053,0.0147,75,2,6,3.0,5,302,4.0,0.27199918829087577,0
src\flask\__init__.py,e7b2ce9a50c4a3a1ff5d032f201ed43d8cd39f17,2022-09-02,Isaac Woodruff,Add missing .dev to version (#4801),0,47,5,1189,0.0,63,1,3,3.0,3,312,1.0,0.2719123657657986,0
src\flask\__init__.py,212b72a1feeae69739fb50fc5ab11d1c025350bc,2022-08-22,David Lord,start version 2.2.3,0,46,5,1178,0.0,63,1,3,3.0,3,311,1.0,0.2719123657657986,0
flask\signals.py,d53d5c732bf794b965d15458f8e578fe51864a26,2015-06-17,Alexander Pantyukhin,before_render_template signal,0,14,6,1796,0.0,31,3,3,1.0,1,247,3.0,0.27189063523691975,0
flask\module.py,a38dcd5e2bed1bcf2c1fc319fa9c3bc35e360fe0,2010-07-04,Armin Ronacher,Added support for loading templates from modules,0,4,2,1,0.0,74,17,22,1.294,4,758,2.176,0.27169760932334025,0
src\flask\sansio\app.py,54e05a282428e9a44dbd414ca70231a83ebd710d,2023-11-15,David Lord,use ruff linter and formatter,0,3,2,88,0.0,320,34,78,2.294,12,4377,2.265,0.27127953177215136,0
docs\conf.py,0f4c9f1d57cc72e1407364f1cdac5737ee3c60f5,2018-09-17,David Lord,reformat sphinx config,0,55,15,3086,0.0182,81,2,6,3.0,5,328,4.0,0.2711234117413032,0
tests\test_regression.py,dc11cdb4a4627b9f8c79e47e39aa7e1357151896,2020-11-05,David Lord,"move send_file and send_from_directory to Werkzeug

The implementations were moved to Werkzeug, Flask's functions become
wrappers around Werkzeug to p",0,20,7,2246,0.0,53,9,11,1.222,2,217,0.778,0.2711145571119373,0
tests\test_deprecations.py,4ec1fbc9f52b4b3997a1978ab3390a5a1157ad6a,2017-05-24,Christian Stade-Schuldt,More DRYing up the test suite (#2325),0,9,4,986,0.0,18,4,4,1.0,1,97,2.0,0.2710193875665867,0
tests\test_user_error_handler.py,348bf52188b9f7bef1096d8fe70edf2e62ea04a8,2015-06-02,Joshua Carp,"Handle empty deque on errorhandler lookup.

After registering a custom errorhandler by exception class, raising any
unhandled exception in a view func",0,2,2,52,0.0,97,22,22,1.0,1,324,0.364,0.27069852378715226,0
examples\flaskr\tests\test_flaskr.py,378a11f99275a6b80d365a5d51d469844bf9ca17,2017-05-22,Neil Grey,For Issue #2286: Updating test_flaskr to use yield inside fixture,0,4,2,321,0.0,46,6,6,1.0,1,258,1.333,0.27045866239362043,0
setup.py,49a38ed9995c5fa8fd07fde732845cbc08e890b0,2018-04-18,David Lord,use theme provided by pallets-sphinx-themes,0,84,24,2934,0.0119,69,0,0,0.0,0,220,0.0,0.2704508980254797,0
docs\conf.py,8b567fea2397ae4c8c593efa4da62cc9e7ea9746,2019-01-05,David Lord,fix docs build,0,56,15,3196,0.0179,79,2,6,3.0,5,316,4.0,0.2704348114988347,0
flask\sessions.py,deb513c7fe5a285e2bdeff99424e243d7b4f7829,2011-07-08,Armin Ronacher,"The session interface is new in 0.8, not 0.7",0,3,1,1,0.0,53,11,16,1.455,3,831,2.636,0.27038023988869175,0
tests\test_json.py,49b7341a491e01cd6a08238ca63bd46ae53a009f,2021-02-25,Grey Li,update json.dumps for http_date changes,0,4,1,116,0.0,304,45,56,1.244,3,1174,1.489,0.27014410853858883,0
docs\conf.py,b3b38285a424487e5c400bf23e2554f112a099c1,2019-08-01,David Lord,fix stylecheck,0,60,16,3404,0.0167,73,2,6,3.0,5,296,4.0,0.27009261501785364,0
src\flask\wrappers.py,9e831e915fa875423af0c0de8f53a3780055919e,2024-10-24,bre-17387639,fix pyright type errors,0,21,4,1972,0.0,65,7,20,2.857,5,730,1.143,0.2700341457926089,0
flask\sessions.py,d90b1f1705b7bda17743406b4eac5511bdbb702a,2011-07-08,Armin Ronacher,"Backout last change, save_cookie by itself does that",0,5,1,1,0.0,53,11,16,1.455,3,831,2.636,0.26999057148806604,0
scripts\flaskext_compat.py,715a9a3e7bd65421c36428ba9d4a1ee06b98bbc1,2017-06-26,David Lord,remove deprecated flask.ext,0,12,8,2108,0.0,64,9,25,2.778,6,593,2.111,0.2699176166887557,0
src\flask\globals.py,04994df59f2f642e52ba46ca656088bcdb931262,2023-08-16,David Lord,remove deprecated code,0,13,4,1537,0.0,45,0,0,0.0,0,188,0.0,0.26989969433133854,0
src\flask\app.py,ef95998d79eed3b8350d8db825e3d98f25c179f2,2022-08-01,David Lord,deprecate FLASK_ENV,0,86,24,1157,0.0,898,71,227,3.197,16,10582,2.169,0.26971117684155416,0
flask\testsuite\basic.py,d628df6ab6c57b34acfb412e135d0d095636c539,2011-11-20,Armin Ronacher,Store session after callbacks.  This fixes #351,0,8,2,86,0.0,904,152,176,1.158,4,3680,0.599,0.26964981603406435,0
examples\tutorial\setup.py,024f0d384cf5bb65c76ac59f8ddce464b2dc2ca1,2020-04-04,David Lord,move package metadata to setup.cfg,0,6,3,726,0.0,2,0,0,0.0,0,5,0.0,0.269604908895422,0
tests\test_testing.py,43483683b2bc8da85f00ccccdfb8d9d5c77a6bb3,2019-06-01,David Lord,apply reorder-python-imports pre-commit config,0,29,12,1723,0.0,310,50,53,1.06,2,1326,1.06,0.2694419834365111,0
src\flask\json\provider.py,176fdfa0002360670f698d3828cfff11f97349f0,2024-08-23,David Lord,fix mypy findings,0,8,2,772,0.0,69,11,25,2.273,7,1032,2.818,0.26935148778566786,0
src\flask\sansio\app.py,6000e80acf931b05b4911c3fa7f3ba33e2b80e64,2024-01-16,David Lord,address mypy strict findings,0,4,2,150,0.0,321,34,78,2.294,12,4411,2.265,0.2692117467248248,0
src\flask\views.py,44ffe6c6d6c90a414de32db1b03d5978f8770271,2023-04-20,David Lord,add __future__ annotations,0,14,4,1419,0.0,60,6,17,2.833,7,813,1.833,0.2691372978775208,0
tests\test_config.py,77d887526d9776b15acbb43f31d00148debf0db9,2014-09-11,Markus Unterwaditzer,Rename fixture apps_tmpdir,0,8,1,0,0.0,238,23,32,1.391,3,940,2.174,0.26910625381155523,0
examples\javascript\setup.py,024f0d384cf5bb65c76ac59f8ddce464b2dc2ca1,2020-04-04,David Lord,move package metadata to setup.cfg,0,5,3,723,0.0,2,0,0,0.0,0,5,0.0,0.26904722717651036,0
setup.py,399ac3c54fff4cb9d5c4673ce98e409a562b5745,2017-05-28,David Lord,"update changelog
[ci skip]",0,75,21,2609,0.0133,61,0,0,0.0,0,295,0.0,0.26895535740545606,0
setup.py,3c7625e8c0243fc7777031253e081b7140f57604,2017-05-28,David Lord,"update development resources

fix tox to test examples again
add detox tox env for faster testing
clean up makefile, add tox target
add extra group fo",0,74,21,2609,0.0135,60,0,0,0.0,0,290,0.0,0.26895535740545606,0
tests\test_async.py,5205cd4ea979f6c322e4e6a256a72e7808592818,2021-06-01,pre-commit-ci[bot],"[pre-commit.ci] auto fixes from pre-commit.com hooks

for more information, see https://pre-commit.ci",0,8,3,56,0.0,119,21,21,1.0,1,405,0.524,0.26894391906644427,0
tests\test_instance_config.py,524fd0bc8cec7bfe8167c9c98cb5511b01a0f4c6,2020-04-04,David Lord,apply pyupgrade,0,12,5,2031,0.0,88,8,10,1.25,3,367,3.125,0.2688582307964065,0
setup.py,10a77a54309876a6aba2e3303d291498c0a9318c,2018-04-26,Hsiaoming Yang,Add project_urls so that PyPI will show GitHub stats.,0,85,24,2942,0.0118,74,0,0,0.0,0,241,0.0,0.2688306551105,0
src\flask\globals.py,0b2f809f9b56861dae3ae5154d73b4afaf632a0a,2022-07-08,David Lord,access names as proxies directly,0,7,3,1133,0.0,46,0,0,0.0,0,192,0.0,0.26877224682770867,0
docs\conf.py,2869ddf50ce8dbf590a5a6992ffc7bbd096884a3,2022-07-24,David Lord,update blinker intersphinx link,0,70,16,4492,0.0143,75,2,6,3.0,5,308,4.0,0.2686522605873739,0
docs\conf.py,cfda27089932a102953da73fdab17cf9814334e4,2021-05-20,David Lord,update pallets-sphinx-themes,0,69,16,4062,0.0145,75,2,6,3.0,5,308,4.0,0.26845996112459947,0
setup.py,310fbfcf64f40f237068fddbbbe45315f9935eca,2018-02-08,David Lord,"revert copyright year to project start
add copyright header to files",0,83,24,2865,0.012,62,0,0,0.0,0,206,0.0,0.2684508980254797,0
examples\tutorial\flaskr\db.py,c9e000b9cea2e117218d460874d86301fbb43c43,2022-06-17,David Lord,with_appcontext lasts for the lifetime of the click context,0,3,2,1530,0.0,26,5,7,1.4,2,153,0.4,0.2683716010820738,0
tests\test_config.py,5da2c00419d09ce2d3488263036ffd14563fb05a,2014-09-11,Markus Unterwaditzer,Rewrite assertion methods,0,5,1,0,0.0,239,23,32,1.391,3,944,2.174,0.2679667122571529,0
docs\conf.py,524fd0bc8cec7bfe8167c9c98cb5511b01a0f4c6,2020-04-04,David Lord,apply pyupgrade,0,63,16,3651,0.0159,71,2,6,3.0,5,291,4.0,0.2679140570417641,0
flask\testsuite\testing.py,9c8f138a42aa43ee8177ed84df5946f8ef6d0c58,2011-11-25,Armin Ronacher,Improved test coverage for the test client,0,8,4,91,0.0,155,19,23,1.211,2,646,0.579,0.2678995094943255,0
flask\debughelpers.py,23c1dd8db2a8dc028516a57b6dca47733bb82173,2011-08-05,Armin Ronacher,Wording fail,0,2,1,0,0.0,29,4,8,2.0,3,226,1.75,0.2678888157749378,0
tests\test_testing.py,1ff98a2d21f6800b7b97195e0f9c90776ffb8f9b,2019-06-13,Elad Moshe,"wait until app ctx is ready before matching url

`RequestContext.match_request` is moved from `__init__` to `push`. This
causes matching to happen lat",0,30,12,1735,0.0,309,50,53,1.06,2,1320,1.06,0.2678738016183293,0
setup.py,bb0e755c808a8541192982ba7b86308b68ff7657,2017-02-11,Jeff Widman,"Migrate various docs links to https (#2180)

Also fixed a few outdated links",0,69,17,2502,0.0145,49,0,0,0.0,0,278,0.0,0.2678435001213417,0
src\flask\typing.py,ca2bfbb0ac66fbbeeedbf6bbe317bee45cb23d29,2022-07-02,Grey Li,Support returning list as JSON,0,14,8,432,0.0,37,0,0,0.0,0,322,0.0,0.26765260223733167,0
docs\conf.py,2a8ebc4411deacb6eeac5d4cb6f9568d61ac6a12,2019-08-01,Grey Li,Fix github link generator for docs,0,59,15,3404,0.0169,73,2,6,3.0,5,296,4.0,0.26692764263331825,0
src\flask\json\provider.py,6000e80acf931b05b4911c3fa7f3ba33e2b80e64,2024-01-16,David Lord,address mypy strict findings,0,7,2,552,0.0,69,11,25,2.273,7,1028,2.818,0.2668325072234572,0
setup.py,9bf5c3b3a3bdc3f2f2dcca2b5747378470d0d354,2018-02-08,David Lord,"update project metadata
new readme
readme as setup.py long_description
links in changes
git in authors
add travis osx env
break out docs build in trav",0,82,24,2865,0.0122,60,0,0,0.0,0,196,0.0,0.2667988011279895,0
tests\test_instance_config.py,f2f027d1fbc12f3ff24f3e471e11ac56e1a5d869,2020-04-04,David Lord,remove unused module docstrings,0,13,5,2031,0.0,88,8,10,1.25,3,358,3.125,0.2667558425754138,0
src\flask\wrappers.py,a363642a32880114c7944b1017f2f69bd4cc00eb,2024-05-06,David Lord,fix mypy finding with new werkzeug endpoint type,0,20,4,1801,0.0,65,7,20,2.857,5,730,1.143,0.2666905463243746,0
tests\test_config.py,43483683b2bc8da85f00ccccdfb8d9d5c77a6bb3,2019-06-01,David Lord,apply reorder-python-imports pre-commit config,0,19,8,1723,0.0,147,15,16,1.067,2,648,0.333,0.2666455875690009,0
src\flask\blueprints.py,2ae740dd4903bbe5f3864384bcdf2ab2d4638bce,2020-04-04,David Lord,f-strings everywhere,0,3,1,308,0.0,242,44,65,1.477,6,2428,2.341,0.2664490602036881,0
flask\_compat.py,47bdf9f26fdd499c00a25efa4c0229c544cf682d,2019-01-25,cclauss,"_compat.py: Use feature detection instead of version detection

When run on Python 3, linters such as Pylint and Flake8 will correctly flag __unicode_",0,19,12,2077,0.0,63,7,10,1.429,2,415,2.0,0.26642517334086785,0
setup.py,24498afed5075583ecd5667b105b4a315a25051e,2019-06-22,David Lord,standardize project metadata,0,99,30,3364,0.0202,72,0,0,0.0,0,245,0.0,0.2663935668894484,0
docs\conf.py,4ed20657c61c3e64aba4652e1f053bae65ebc821,2019-09-24,David Lord,update docs for new theme,0,61,16,3457,0.0164,73,2,6,3.0,5,297,4.0,0.26636847708681916,0
flask\globals.py,025589ee766249652e2e097da05808fe64911ddc,2019-05-06,David Baumgold,"Reformat with black

https://github.com/python/black",0,13,5,3230,0.0,38,3,6,2.0,2,192,0.667,0.2663474475879019,0
setup.py,d92b64aa275841b0c9aea3903aba72fbc4275d91,2020-02-10,David Lord,clean up merge,0,104,31,3597,0.0192,73,0,0,0.0,0,250,0.0,0.2663029314307774,0
flask\sessions.py,585bf02ee0d23d020f8a24db645c308d912b62e0,2011-07-08,Armin Ronacher,Better session logic.,0,4,1,1,0.0,54,11,16,1.455,3,831,2.636,0.2661810476785423,0
examples\flaskr\flaskr_tests.py,94a7312d5ac5e2f949c4e27ecf2a273cec3d8c0c,2010-10-29,Daniel Haaker,"Add missing semicolon to test

Signed-off-by: Armin Ronacher <armin.ronacher@active-4.com>",0,5,1,198,0.0,46,7,7,1.0,1,273,1.286,0.266094512883644,0
flask\ctx.py,fbd488678f93c13527a9fba252bd89b53abec5e9,2011-03-14,Armin Ronacher,Implemented flask.has_request_context(),0,9,3,255,0.0,35,6,11,1.833,4,408,1.667,0.2660142339319187,0
flask\session.py,0fccfe711fda524f216f82263bb83787a75035fd,2011-07-07,Armin Ronacher,Refactored session interface,0,4,3,369,0.0,5,0,0,0.0,0,53,0.0,0.26599425554577055,0
tests\test_reqctx.py,e08bcf9f9700180a09f77f52604ea6de36fb83a8,2018-11-03,Dave Chevell,"Fix #2935: Copy current session object in copy_current_request_context (#2936)

Add session to RequestContext.copy()",0,14,7,1514,0.0,165,24,28,1.167,2,555,0.792,0.26555713295081057,0
tests\test_helpers.py,61263e08f9c763a6c2b3fec6428c972dea2f7cad,2015-01-23,Ben Jones,Add datetime.date support to JSONEncoder,0,9,2,133,0.0,554,69,82,1.188,3,2272,0.884,0.2655456249780554,0
flask\__init__.py,d362399e7ebfe167a27daef20e198ecabed1b49b,2018-06-27,Gabriel Saldanha,:fire: Remove code supposed to be removed at v1.0,0,79,11,2916,0.0,21,0,0,0.0,0,172,0.0,0.26553347335411026,0
tests\flask_tests.py,a101cfc35be437ad0e4f56da0d92f14c27abda67,2011-06-29,Armin Ronacher,Worked around a werkzeug bug with redirects,0,98,11,441,0.0204,1585,252,297,1.179,8,6167,0.663,0.26546556827586054,0
examples\tutorial\flaskr\__init__.py,54e05a282428e9a44dbd414ca70231a83ebd710d,2023-11-15,David Lord,use ruff linter and formatter,0,3,2,2046,0.0,27,2,4,2.0,3,182,0.5,0.26541177341870137,0
setup.py,16396248b829c61806ba65840aa70e0a3d8b3c8c,2017-06-05,Grey Li,Include flask.json package in setup(),0,76,21,2616,0.0132,61,0,0,0.0,0,297,0.0,0.26535535740545607,0
docs\conf.py,1035efc7d6e49a459ec2dcbfab9526a7347d6f2e,2020-10-15,Grey Li,"Add command switch tabs for Bash, CMD and Powershell with sphinx-tabs (#3714)

* Enable Sphinx extension sphinx-tabs

* Add command tabs for all exp",0,65,16,3845,0.0154,72,2,6,3.0,5,291,4.0,0.26490880928120897,0
run-tests.py,077d06df5498d51c98983562cff876aff4ab862b,2014-09-11,Markus Unterwaditzer,Remove run-simple.py,0,8,1,1112,0.0,4,0,0,0.0,0,24,0.0,0.26478707453350464,0
tests\test_cli.py,0f1cf50f97a617114078be3dbae3152339ff13ad,2016-08-12,Nate Prewitt,adding in try around __import__ to catch invalid files/paths (#1950),0,10,9,87,0.0,112,18,18,1.0,1,574,0.611,0.2647102843321281,0
docs\conf.py,ef434ea9985b756f13bed283dfa55828829e5e1f,2019-11-19,Grey Li,"Replace old pocoo links everywhere

pocco.org -> palletsprojects.com",0,62,16,3514,0.0161,73,2,6,3.0,5,296,4.0,0.2646723281236368,0
src\flask\blueprints.py,f2f027d1fbc12f3ff24f3e471e11ac56e1a5d869,2020-04-04,David Lord,remove unused module docstrings,0,4,1,308,0.0,242,44,65,1.477,6,2401,2.341,0.26463472795811815,0
docs\conf.py,414b30b2ec8ae365ca311b697d44578394371ff6,2020-08-07,Grey Li,Fix bad intersphinx link,0,64,16,3775,0.0156,71,2,6,3.0,5,289,4.0,0.2646023077332213,0
setup.py,bf023e7dc0bae78ff0ab14dc9f10a87e2b56f676,2017-03-30,Antonio Larrosa,"Remove unidecode dependency and use unicodedata instead

I found a way to remove the unidecode dependency without sacrificing
much by using unicodedat",0,71,19,2550,0.0141,49,0,0,0.0,0,278,0.0,0.2641463785107067,0
flask\module.py,77743a5f15ddbc7d826abd4f189217bef88991b6,2010-07-06,Armin Ronacher,Some documentation improvements,0,10,2,3,0.0,74,17,22,1.294,4,885,2.235,0.2638300968682329,0
setup.py,626b5cc166e6151dfe0e86b514b2d9a1f55752a8,2019-07-04,David Lord,release version 1.0.4,0,100,30,3376,0.02,73,0,0,0.0,0,250,0.0,0.26382213831801976,0
tests\test_testing.py,976dfedaa9efdb566333ea829b12751820268f67,2019-05-31,Daniel Pope,Convert make_test_environ_builder into class (fixes #3207),0,26,10,1722,0.0,310,51,54,1.059,2,1341,1.039,0.26379130805387735,0
tests\test_config.py,829aa65e642baf2f90bc29f940c8cbf180848dbc,2019-10-18,pgjones,"Support loading configuration from text files

TOML is a very popular format now, and is taking hold in the Python
ecosystem via pyproject.toml (among",0,22,8,1862,0.0,148,15,16,1.067,2,652,0.333,0.2637740709007259,0
docs\conf.py,d1821b3a076043c350af77e69f8280d0c6695145,2014-08-26,Armin Ronacher,Updated intersphinx,0,27,6,1602,0.0,74,0,0,0.0,0,1200,0.0,0.26370363954059534,0
setup.py,0049922f2e690a6d58f335ca9196c95f1de84370,2017-03-23,Antonio Larrosa,"Fix send_file to work with non-ascii filenames

This commit implements https://tools.ietf.org/html/rfc2231#section-4 in
order to support sending unico",0,70,18,2543,0.0143,50,0,0,0.0,0,279,0.0,0.26369232445665264,0
src\flask\scaffold.py,705e52684a9063889c16a289695a2e4429df6887,2021-03-08,pgjones,"Add syntatic sugar for route registration

This takes a popular API whereby instead of passing the HTTP method as
an argument to route it is instead u",0,2,2,219,0.0,153,27,33,1.222,3,2002,2.481,0.26367130999976074,0
flask\exthook.py,7f678aaf5a066ff71289743a64e5cd685b660428,2015-11-04,Eric Yang,"Fix a typo

Maybe this is a typo?",0,6,5,1499,0.0,57,8,24,3.0,6,619,2.375,0.2633324668096855,0
tests\test_async.py,270eb2df2a1606383f50ff079a32240966b43fbc,2021-06-01,Miguel Grinberg,Support View and MethodView instances with async handlers,0,7,2,56,0.0,119,21,21,1.0,1,405,0.524,0.2631265789939633,0
flask\signals.py,33534bb4a9937e6faba5ecec4586519f453369b6,2015-01-02,Parkayun,Happy New Year 2015,0,13,5,1629,0.0,30,3,3,1.0,1,241,3.0,0.2630816811900341,0
tests\test_config.py,53c893b646252d610e877eb9385e9e250a1ae5e1,2019-06-01,David Lord,fix string concats left over by black,0,20,8,1723,0.0,147,15,16,1.067,2,648,0.333,0.263078074200017,0
src\flask\testing.py,2ae740dd4903bbe5f3864384bcdf2ab2d4638bce,2020-04-04,David Lord,f-strings everywhere,0,6,1,308,0.0,135,9,34,3.778,11,1028,3.556,0.2629607798174888,0
tests\test_config.py,af4cb0ff2bb77c0c2f03227b17cc6ef67f28e63b,2014-09-11,Markus Unterwaditzer,Remove flask superclass,0,7,1,0,0.0,238,23,32,1.391,3,940,2.174,0.2629441288881015,0
docs\conf.py,28b35c55a1fd7963227011b1a8a3dae2feb308a3,2019-06-23,David Lord,update docs config,0,58,15,3365,0.0172,72,2,6,3.0,5,292,4.0,0.26283846722759996,0
setup.py,0c7cbe2d1186f53efcd0da0589a2eaf0382e4d39,2021-02-24,David Lord,move version to setup.cfg,0,109,31,3977,0.0183,11,0,0,0.0,0,38,0.0,0.2627817358933418,0
setup.py,5c8110de25f08bf20e9fda6611403dc5c59ec849,2018-04-26,David Lord,ensure order of project urls,0,86,24,2942,0.0116,75,0,0,0.0,0,250,0.0,0.2626592265390714,0
setup.py,9d0b163362027e9c5c79968a39ce532dd5917f8b,2018-04-26,David Lord,release 1.0,0,87,24,2942,0.0115,75,0,0,0.0,0,246,0.0,0.2626592265390714,0
flask\__init__.py,310fbfcf64f40f237068fddbbbe45315f9935eca,2018-02-08,David Lord,"revert copyright year to project start
add copyright header to files",0,65,10,2778,0.0,23,0,0,0.0,0,187,0.0,0.26264904560445557,0
tests\test_reqctx.py,9b0bd91195828e16887a31fec1ce2ad16999bb0d,2018-11-13,Jarek Piórkowski,"Correct tests

We've discovered that passing Unicode in Host actually works, except for
test client limitations on Python 2 - and the only things that",0,16,9,1523,0.0,193,29,33,1.138,2,728,0.655,0.2625675845623739,0
flask\debughelpers.py,52098e1e4fc4d9c962e9ecb09dfbbcc6ac80a4d7,2014-01-02,Daniel Neuhäuser,Happy New Year 2014,0,12,3,881,0.0,49,5,10,2.0,3,423,1.8,0.2625463063426405,0
flask\views.py,b51fbdc8e00ea777dcfdfa39ae789206ecfdb0a7,2011-10-06,Armin Ronacher,Removed a newline,0,5,2,100,0.0,43,5,14,2.8,6,711,2.8,0.262479769150298,0
tests\test_instance_config.py,b06df0a792ceb5506da47e0c8fea09902c1058f9,2022-06-06,David Lord,remove outdated instance path test,0,16,6,2824,0.0,91,9,11,1.222,3,355,3.0,0.26223966535999627,0
setup.py,af32ea0b9449a2f4aeb858f546cdfea7254342fb,2018-02-06,David Lord,bump dependency versions,0,81,24,2863,0.0123,62,0,0,0.0,0,309,0.0,0.2621112245367553,0
examples\tutorial\tests\conftest.py,43483683b2bc8da85f00ccccdfb8d9d5c77a6bb3,2019-06-01,David Lord,apply reorder-python-imports pre-commit config,0,2,2,418,0.0,36,7,7,1.0,1,192,1.286,0.26206070944053006,0
flask\__init__.py,dfd3619d6f8796d48fc4e32f819cec9e8aa59156,2018-05-02,David Lord,Bump version number to 1.0.2,0,77,11,2860,0.0,23,0,0,0.0,0,187,0.0,0.26197710153099174,0
examples\tutorial\flaskr\__init__.py,54ff9b297276a3add08c8faf1557b5e359b3ab99,2023-11-09,David Lord,use ruff linter and formatter,0,2,2,2040,0.0,27,2,4,2.0,3,182,0.5,0.2618722357633386,0
src\flask\blueprints.py,171aabc87dd8bff0367d0555c8be6105b00c22ce,2020-04-04,David Lord,"remove unused ref directives

replace page refs with doc directives",0,5,1,308,0.0,242,44,65,1.477,6,2401,2.341,0.2617908126812888,0
tests\test_config.py,524fd0bc8cec7bfe8167c9c98cb5511b01a0f4c6,2020-04-04,David Lord,apply pyupgrade,0,24,9,2031,0.0,149,15,15,1.0,1,634,0.333,0.26174804084494097,0
examples\patterns\largerapp\yourapplication\views.py,c3dd7b8e4c9e322c413f4a49e5d15aceafd17c2d,2018-04-09,David Lord,rewrite tutorial docs and example,0,2,2,463,0.0,4,1,1,1.0,1,29,0.0,0.26172243094308434,0
tests\test_instance_config.py,a0a61acdecd925cf2a1ffe5fb7acd27c1695f1d8,2020-04-04,David Lord,drop support for Python 2.7 and 3.5,0,10,5,2031,0.0,100,10,12,1.2,3,432,3.0,0.26168050799428444,0
flask\sessions.py,ee8417dac8364f02524edffddff92329f15b95af,2011-09-01,Armin Ronacher,Late but 2010 -> 2011 in some files,0,8,1,56,0.0,66,14,22,1.571,3,963,2.5,0.2613114973244402,0
setup.py,ca278a8694f42e569a6d9f7d71c669465019bf06,2019-06-01,David Lord,move to src directory,0,98,30,3343,0.0204,74,0,0,0.0,0,271,0.0,0.2612249778413774,0
flask\__init__.py,46a71071ed4982b02d0e49818a678dc2744c1b23,2018-04-26,David Lord,Bump version number to 1.0,0,70,11,2855,0.0,23,0,0,0.0,0,186,0.0,0.2611725519409175,0
flask\__init__.py,291f3c338c4d302dbde01ab9153a7817e5a780f5,2018-04-26,David Lord,Bump version number to 1.0,0,69,11,2855,0.0,23,0,0,0.0,0,186,0.0,0.2611725519409175,0
setup.py,8590d65a57ad57c99a82fdf4e1c57921d7e1bdcd,2019-05-18,EtiennePelletier,"Use Werkzeug's JSONMixin class and update tests

Flask's JSONMixin class was moved to Werkzeug>=0.15

Co-authored-by: Jeffrey Eliasen <jeff@jke.net>",0,96,28,3329,0.0208,71,0,0,0.0,0,263,0.0,0.2605696218857091,0
setup.py,07000942dacaeffa84d9db57ea42570fcfb0395e,2021-04-16,David Lord,update minimum install requirements,0,111,32,4028,0.018,14,0,0,0.0,0,45,0.0,0.2605211699607906,0
setup.py,26a6cc0f94dd25390e2b2d7462bb4a414a862b16,2021-04-27,Adrian Moennich,"Allow using Click 7 with a DeprecationWarning

As long as popular libraries (e.g. Celery) require click 7, depending
on Click 8 in Flask makes it hard",0,112,32,4039,0.0179,14,0,0,0.0,0,45,0.0,0.2605211699607906,0
setup.py,eea31f29a50eeb30ec3c314bb2a6de4c931095c1,2020-05-23,David Lord,use pip-compile to pin dev requirements,0,108,31,3700,0.0185,15,0,0,0.0,0,61,0.0,0.26049192697481705,0
flask\module.py,817b72d484d353800d907b3580c899314bf7f3c6,2014-08-27,Armin Ronacher,Removed deprecated module functionality,0,22,8,1516,0.0,15,2,4,2.0,3,162,3.5,0.2604876722897932,0
src\flask\blueprints.py,524fd0bc8cec7bfe8167c9c98cb5511b01a0f4c6,2020-04-04,David Lord,apply pyupgrade,0,2,1,308,0.0,242,44,65,1.477,6,2427,2.341,0.2604096705283287,0
flask\__init__.py,5beb3be536cc743962de6cd2bd95a6e036d11f52,2018-04-29,David Lord,Bump version number to 0.12.4,0,73,11,2858,0.0,23,0,0,0.0,0,187,0.0,0.26035260515709974,0
flask\__init__.py,a15795c99e24c50e2dc85393a8904f3093742646,2018-04-29,David Lord,Bump version number to 1.0.1,0,75,11,2858,0.0,23,0,0,0.0,0,187,0.0,0.26035260515709974,0
src\flask\globals.py,00b07c863ec147256b68f71c3fe9b6b2f9dbe6bc,2022-08-09,Philipp Rohde,"fix typo

fixes #4756",0,10,3,1164,0.0,89,6,8,1.333,3,351,1.5,0.2602174814423969,0
setup.py,ffc68840f821fb0a4c41a7b2b4eaad6d71f539b7,2019-07-08,David Lord,release version 1.1.1,0,101,30,3380,0.0198,73,0,0,0.0,0,252,0.0,0.2601611213688672,0
flask\ext\__init__.py,33534bb4a9937e6faba5ecec4586519f453369b6,2015-01-02,Parkayun,Happy New Year 2015,0,9,2,1202,0.0,6,1,1,1.0,1,116,0.0,0.260084960179616,0
flask\signals.py,1fbeb337c467a2be0f999606373fd1ba0e200908,2015-06-17,Alexander Pantyukhin,fix endline in the signal.py,0,15,7,1796,0.0,31,3,3,1.0,1,247,3.0,0.2599473107064988,0
examples\flaskr\tests\test_flaskr.py,c3dd7b8e4c9e322c413f4a49e5d15aceafd17c2d,2018-04-09,David Lord,rewrite tutorial docs and example,0,8,5,642,0.0,53,7,7,1.0,1,258,1.429,0.25985529863938495,0
tests\test_templating.py,f88765d504ce2fa9bc3926c76910b11510522892,2014-10-26,defuz,set TEMPLATE_AUTO_RELOAD default value to None,0,6,1,44,0.0,309,64,65,1.016,2,1283,0.312,0.25984383898565205,0
src\flask\typing.py,60b845ebabeb77e401186f4b83de21d3f9c6a9d7,2022-07-02,David Lord,update typing tests for json,0,15,9,432,0.0,43,0,0,0.0,0,325,0.0,0.2598139870813008,0
setup.py,33d9f9fa08e5a007d7ff1bb1f92c8d593b3c380a,2019-11-18,Aliaksei Urbanski,declare support for Python 3.8,0,102,30,3513,0.0196,76,0,0,0.0,0,267,0.0,0.2598093806725887,0
src\flask\json\provider.py,b337d210583a3f5f84d0f70b56ae9a82b029dab5,2024-10-18,David Lord,update dev dependencies,0,9,2,828,0.0,69,11,25,2.273,7,1032,2.818,0.2596579812921614,0
setup.py,3550b26071e0f392ad67ece2ea5057a292bdc528,2014-09-11,Markus Unterwaditzer,Move tests,0,61,12,1619,0.0,65,3,10,3.333,8,351,1.0,0.25963968107324975,0
src\flask\json\provider.py,52df9eed45d0b19c588662ed8492d8fbaa0e7098,2025-05-13,David Lord,drop end of life python versions,0,10,2,1035,0.0,69,11,25,2.273,7,1029,2.818,0.25917607526125536,0
src\flask\views.py,a7487701999fee55bb76a393e72c96ac8e277fcf,2023-01-09,Bhushan Mohanraj,clarify `View.as_view` docstring,0,13,3,1318,0.0,59,6,17,2.833,7,812,1.833,0.2588940922653235,0
src\flask\sansio\app.py,5fdce4c331ac530280cc941179d364a07f4a1088,2024-04-07,pgjones,"Don't set the cli attribute in the sansio scaffold

It is (currently) Flask specific and hence cannot be shared in the
sansio shared code.",0,5,2,232,0.0,320,34,78,2.294,12,4385,2.265,0.25853305597045345,0
src\flask\typing.py,8cb950671f39c64707b6aaebfc60d7a8f1157da5,2022-05-23,Justin Bull,use bound typevar to accept Flask and Werkzeug Response classes,0,10,7,392,0.0,39,0,0,0.0,0,295,0.0,0.25850597807507786,0
flask\sessions.py,7290981cef49058b9c53f8a4465cf85537c0d22d,2011-07-07,Armin Ronacher,More docstrings for the session mixin,0,1,1,0,0.0,53,11,16,1.455,3,815,2.636,0.2581193947998523,0
tests\flask_tests.py,7a08331ac062ee1e2ae3c7547f77c2d342ddb3df,2011-05-29,Armin Ronacher,Latest iteration of the blueprint code.  Far from being done,0,89,11,410,0.0225,1398,215,259,1.205,8,5372,0.633,0.25801829689901373,0
tests\test_session_interface.py,c2705ffd9ce1dc8476cb29eaf5ff5d4c719852d9,2025-09-19,David Lord,merge app and request context,0,3,2,1690,0.0,17,4,4,1.0,1,79,1.75,0.25801140429137387,0
scripts\make-release.py,025589ee766249652e2e097da05808fe64911ddc,2019-05-06,David Baumgold,"Reformat with black

https://github.com/python/black",0,15,7,2870,0.0,109,14,28,2.0,7,437,1.0,0.2579911274379774,0
tests\flask_tests.py,37fab7888744b23f62f678614656b686bb046379,2011-06-17,Armin Ronacher,Added a migrated moduleapp as blueprint app,0,93,11,429,0.0215,1484,229,274,1.197,8,5758,0.642,0.2579061588095762,0
setup.py,a22d143f96ee3c7d14887e871b34a84683835a3f,2018-04-27,wim glenn,Add `python_requires` metadata for PyPI,0,90,25,2943,0.0111,76,0,0,0.0,0,261,0.0,0.2578706656366593,0
flask\wrappers.py,0e1e9a04aaf29ab78f721cfc79ac2a691f6e3929,2018-04-10,David Lord,detect UTF encodings when loading json,0,74,26,2839,0.0,81,10,32,3.2,8,885,1.5,0.25778527566735226,0
flask\__init__.py,1a9e58e8c97c47c969736d46410f724f4e834f54,2018-04-26,David Lord,Bump version number to 0.12.3,0,67,11,2855,0.0,23,0,0,0.0,0,187,0.0,0.2576886809731755,0
src\flask\sansio\scaffold.py,5fdce4c331ac530280cc941179d364a07f4a1088,2024-04-07,pgjones,"Don't set the cli attribute in the sansio scaffold

It is (currently) Flask specific and hence cannot be shared in the
sansio shared code.",0,4,3,232,0.0,294,36,63,1.75,10,3504,2.139,0.25762848486263024,0
tests\test_basic.py,025589ee766249652e2e097da05808fe64911ddc,2019-05-06,David Baumgold,"Reformat with black

https://github.com/python/black",0,64,25,1698,0.0,1408,256,277,1.082,3,5934,0.926,0.25747929913759526,0
tests\test_instance_config.py,3ba37d2afe6511c3f3153248f7342174bea5b131,2022-06-06,David Lord,fix uninstalled package tests under tox,0,15,6,2824,0.0,99,10,12,1.2,3,395,2.9,0.25734124321206864,0
tests\flask_tests.py,e17e74d3a74b5d32a622587b2b9da9840bf3a7e0,2011-06-17,Armin Ronacher,Started work on testcases for blueprints,0,92,11,429,0.0217,1459,228,272,1.193,8,5638,0.64,0.2571820208785417,0
src\flask\app.py,d178653b5f7a5ee2ba15e215ce60caeeb9ed82e1,2022-11-25,David Lord,update requirements,0,92,26,1273,0.0,1027,81,243,3.0,16,11069,2.086,0.257047912955594,0
setup.py,60eecb547d8af9916c55163c7356999ca2d5ffb9,2018-01-06,Hsiaoming Yang,Remove python 2.6 and 3.3 everywhere. (#2583),0,80,23,2831,0.0125,61,0,0,0.0,0,290,0.0,0.25689836497779306,0
tests\flask_tests.py,f5ec9952decda8731a1f40ba788ba06d12c0229b,2011-06-05,Armin Ronacher,Added blueprint specific error handling,0,90,11,417,0.0222,1443,225,269,1.196,8,5545,0.631,0.25689566873988284,0
src\flask\app.py,09112cfc477a270f4b2990e1daf39db1dbe30e98,2022-12-24,Maxim G. Ivanov,template_folder type allows pathlib,0,93,26,1302,0.0,1027,81,243,3.0,16,11073,2.086,0.2568398204700448,0
src\flask\typing.py,4bf7415a9692b0c1a69cd50a17c1cbda4a75931b,2022-07-14,Matthijs van der Vleuten,allow TypedDict as a response value,0,17,9,444,0.0,56,0,0,0.0,0,372,0.0,0.25640881837529056,0
flask\testing.py,77e2fbf249031a7adb7e745f15ad5645027b5994,2010-07-05,Armin Ronacher,Added a separate logging module,0,2,1,0,0.0,22,3,6,2.0,3,145,2.667,0.2563191342171506,0
src\flask\app.py,bfdd37110c67ebeb42061fb43cf684b05291241f,2022-08-01,David Lord,deprecate config attributes,0,87,24,1157,0.0,980,77,237,3.078,16,10873,2.117,0.2562382750339408,0
flask\__init__.py,be46acb87190ad9b59281d4f73e5b1940c79c236,2018-04-18,David Lord,add changelog for docs theme and tutorial,0,66,11,2847,0.0,23,0,0,0.0,0,187,0.0,0.2561400898728312,0
src\flask\testing.py,1263d3bd142e4964da123f4e59088aa2968ec7e5,2020-04-04,David Lord,remove deprecated code,0,4,1,308,0.0,136,9,36,4.0,13,1045,3.556,0.25613001815197634,0
setup.py,fafb827a461df2c32f752d3ac2e3cdb83fb3deaf,2018-04-26,wim glenn,Exclude 3.3 aswell.,0,89,25,2942,0.0112,76,0,0,0.0,0,257,0.0,0.25604788082653274,0
tests\test_testing.py,b46f5942a528053034fecf210572ee04bc4a3284,2019-06-01,Jon S. Stumpf,address flake8 issues,0,28,11,1723,0.0,308,50,53,1.06,2,1318,1.06,0.2559943695030553,0
flask\_compat.py,6dfe9332606a497a1931f9cad4a150f2866e3cda,2013-06-02,Armin Ronacher,Removed an unnecessary as statement,0,6,2,15,0.0,38,4,6,1.5,2,285,2.5,0.2557692341636067,0
flask\__init__.py,79d3ff9baa5bb1cb1fab98e27b31cb51c8c0cadf,2018-04-26,David Lord,Bump version number to 1.1.dev,0,71,11,2855,0.0,23,0,0,0.0,0,187,0.0,0.25574273502722955,0
flask\debughelpers.py,8f1dada542d9e9cc9af0eada3e99eb7ceda2e873,2013-09-02,Armin Ronacher,Some cleanups,0,11,3,758,0.0,49,5,10,2.0,3,420,1.8,0.25569069966544433,0
setup.py,6d6d986fc502c2c24fe3db0ec0dbb062d053e068,2023-01-18,David Lord,switch to pyproject.toml,0,121,33,4670,0.0165,15,0,0,0.0,0,50,0.0,0.2556796485043453,0
setup.py,78b56dbf2cc5834eb66ae7634241eaf9da99b04b,2018-04-27,David Lord,"Revert ""Add `python_requires` metadata for PyPI""

This reverts commit a22d143f96ee3c7d14887e871b34a84683835a3f.",0,91,25,2943,0.011,75,0,0,0.0,0,250,0.0,0.25562240633293776,0
setup.py,3fd7abec3c8c4a32da9579d0824b10d5ba0add83,2018-04-30,David Lord,fix project urls,0,92,25,2946,0.0109,75,0,0,0.0,0,246,0.0,0.25562240633293776,0
src\flask\__init__.py,d22bfcd4cfe3b93daddfce8521f77447ca8d6b84,2024-11-23,David Lord,remove previously deprecated code,0,67,7,2002,0.0,39,0,0,0.0,0,233,0.0,0.25551759273348523,0
docs\conf.py,cf0953619e2fa3a79e93b6195ca3b39f25552c3d,2014-01-06,skeuomorf,Added a favicon for the docs,0,24,3,1371,0.0,72,0,0,0.0,0,1194,0.0,0.25531343390097433,0
examples\flaskr\tests\test_flaskr.py,54b6fc8de689a726aa01a0f2a39ce428e7a69712,2017-04-02,Kyle Lawlor,Add in a fixture utilizing app factory,0,3,2,270,0.0,57,8,8,1.0,1,273,1.5,0.25531321609184376,0
src\flask\testing.py,4024a4a89c18a1048b7496cf223c0b8c1e63c485,2020-04-03,David Lord,update deprecation versions,0,3,1,307,0.0,146,10,37,3.7,13,1095,3.4,0.255265722853031,0
tests\test_json.py,892ae955093cc3b7925230ff7bc346a6afb14f5d,2021-08-05,default-303,jsonify encodes decimal to str,0,5,2,277,0.0,308,46,57,1.239,3,1190,1.457,0.2552637444027247,0
flask\__init__.py,d5218997d927be869dd55ef04542e1bbc1e69653,2012-06-27,Armin Ronacher,Added flask.stream_with_context,0,32,3,725,0.0,22,0,0,0.0,0,158,0.0,0.2551176875200503,0
flask\testsuite\blueprints.py,820d099e82aa8ee01e1e82b85e2c6636d63be98a,2012-01-16,Ron DuPlain,Add tests for template filter methods/decorators.,0,4,2,143,0.0,508,90,98,1.089,5,2069,0.567,0.25509704163969726,0
examples\flaskr\flaskr.py,05161d35844ba7cc1f46c08a51de632b5f3c5269,2013-09-01,Armin Ronacher,Rewrote tutorial to use the g based appcontext object,0,13,3,1235,0.0,67,8,14,1.75,4,329,0.125,0.255061857778356,0
src\flask\__init__.py,eb5dd9f5ef255c578cbbe13c1cb4dd11389d5519,2022-05-12,dzcode,add aborter object to app,0,36,3,1076,0.0,43,0,0,0.0,0,252,0.0,0.2549273677389273,0
flask\__init__.py,086348e2f2874fb701048d5e1390cfe674de1f70,2012-05-08,Armin Ronacher,Added after_this_request decorator.,0,31,3,675,0.0,21,0,0,0.0,0,157,0.0,0.25489242101861653,0
setup.py,89463cb77c7f3830c308cdfcc250255fd7377d01,2022-07-08,David Lord,require Werkzeug 2.2,0,118,33,4476,0.0169,15,0,0,0.0,0,50,0.0,0.25477388433874804,0
setup.py,65b22926f7673b419a9da82f3213d7243c968af1,2017-05-24,David Lord,"reduce number of tox and travis envs
bump minimum werkzeug version to fix tests
cache pip pacakges on travis
collect branch coverage
collect coverage ",0,73,20,2605,0.0137,49,0,0,0.0,0,278,0.0,0.2547095982383446,0
flask\__init__.py,52098e1e4fc4d9c962e9ecb09dfbbcc6ac80a4d7,2014-01-02,Daniel Neuhäuser,Happy New Year 2014,0,47,4,1280,0.0,24,0,0,0.0,0,191,0.0,0.2547062301752993,0
src\flask\sansio\scaffold.py,6000e80acf931b05b4911c3fa7f3ba33e2b80e64,2024-01-16,David Lord,address mypy strict findings,0,2,1,150,0.0,293,36,63,1.75,10,3529,2.139,0.25446636214323604,0
src\flask\app.py,714ccefeca33db9e87e8ef4abd0008af05c32a4d,2022-08-03,David Lord,show deprecation warning on json_encoder/decoder access,0,88,24,1159,0.0,1027,81,243,3.0,16,11075,2.086,0.2544419582295953,0
flask\config.py,1a7f579ece2528e73d9959d6fe4c8d7172fc3959,2011-03-14,Aaron Kavlie,Improved botched docstring wording for silent failure.,0,8,3,253,0.0,51,8,18,2.25,4,748,2.5,0.2544164231071913,0
examples\flaskr\flaskr.py,52098e1e4fc4d9c962e9ecb09dfbbcc6ac80a4d7,2014-01-02,Daniel Neuhäuser,Happy New Year 2014,0,14,3,1359,0.0,66,7,13,1.857,4,318,0.143,0.25440734717309077,0
src\flask\scaffold.py,fd62210f583e90764be6e8d9f295f37f33a65e48,2021-03-08,pgjones,"Utilise defaultdicts

This code originates from the Python 2.4 supporting version of Flask,
with defaultdicts being added in 2.5. Using defaultdict ma",0,3,3,219,0.0,155,27,33,1.222,3,2013,2.481,0.2544030365241578,0
setup.py,715a9a3e7bd65421c36428ba9d4a1ee06b98bbc1,2017-06-26,David Lord,remove deprecated flask.ext,0,77,22,2638,0.013,61,0,0,0.0,0,295,0.0,0.25428760164596526,0
flask\sessions.py,ccf464189b116ea4ee458c2ccb24d64f9272e25b,2011-08-30,Armin Ronacher,Added finer control over the session cookie parameters,0,7,1,54,0.0,66,14,22,1.571,3,963,2.5,0.25428398778560185,0
tests\test_reqctx.py,ed9775fb77bc2291473c176937326aadd435f73c,2018-11-12,Jarek Piórkowski,"Handle errors during create_url_adapter

If create_url_adapter raises (which it can if werkzeug cannot bind
environment, for example on non-ASCII Host",0,15,8,1523,0.0,179,28,32,1.143,2,611,0.679,0.25414597057933547,0
flask\templating.py,883f82f2617f893d024b3fcee8fd9bbe0b0d9341,2015-06-17,Alexander Pantyukhin,template overrides handling changed,0,32,11,1809,0.0,83,9,29,3.222,7,524,2.0,0.2541087082989871,0
tests\test_user_error_handler.py,b46f5942a528053034fecf210572ee04bc4a3284,2019-06-01,Jon S. Stumpf,address flake8 issues,0,11,9,1512,0.0,133,31,31,1.0,1,484,0.548,0.2539995547108609,0
tests\test_templating.py,5b0b9717da958fd6325c675d92be4f6667796112,2017-05-23,Christian Stade-Schuldt,"DRYing up the test suite using pytest fixtures (#2306)

* add fixtures to conftest.py

* use fixtures in test_appctx.py

* use fixtures in test_bl",0,14,7,985,0.0,302,67,68,1.015,2,1287,0.97,0.2539380659032028,0
setup.py,732c5b0509a8138a504d48a8c5e0be493f1ed603,2018-04-26,wim glenn,Add `python_requires` metadata for PyPI,0,88,24,2942,0.0114,76,0,0,0.0,0,255,0.0,0.25388369207410866,0
setup.py,392989aaa7f6f5e90a623845cb859451b207ca93,2017-08-06,hallazzang,corrected indentations for pypa description,0,79,22,2678,0.0127,63,0,0,0.0,0,300,0.0,0.25381570014262816,0
setup.py,491d331e6e0a7915c9e6d9b3287688ac7a3f56ca,2017-07-16,David Lord,load env vars using python-dotenv,0,78,22,2658,0.0128,63,0,0,0.0,0,300,0.0,0.25381570014262816,0
setup.py,3a5532b4ed0db5cfd826e7fd2006ede6e873b028,2021-05-11,David Lord,update pallets projects minimum versions,0,113,32,4053,0.0177,14,0,0,0.0,0,42,0.0,0.2537609228852117,0
flask\testsuite\basic.py,817b72d484d353800d907b3580c899314bf7f3c6,2014-08-27,Armin Ronacher,Removed deprecated module functionality,0,59,12,1096,0.0,1142,188,209,1.112,3,4790,0.622,0.2535184732894066,0
src\flask\testing.py,f2f027d1fbc12f3ff24f3e471e11ac56e1a5d869,2020-04-04,David Lord,remove unused module docstrings,0,7,1,308,0.0,135,9,34,3.778,11,1003,3.556,0.2534863317509929,0
tests\test_basic.py,2039e2e3b62897e14790c652c92625ee9b200245,2019-05-18,Frankie Liu,Remove ending slash from static_url_path,0,65,26,1710,0.0,1416,257,278,1.082,3,5971,0.922,0.25342072770902385,0
tests\flask_tests.py,abe1378caec759cc8c6fc0afeaad248677c4420f,2011-06-16,Armin Ronacher,Chnaged a bunch of behavior in blueprints for it to be more flexible. Improved backwards compat.,0,91,11,428,0.022,1443,225,269,1.196,8,5545,0.631,0.25340426976027064,0
flask\__init__.py,939c77a39ada26395c033d9f84923b02cef2ae56,2018-05-02,David Lord,Bump version number to 1.0.3.dev,0,78,11,2860,0.0,23,0,0,0.0,0,188,0.0,0.2533931807904708,0
flask\testsuite\basic.py,5da31f8af36012a4f76c3bd0d536ae107e0519b5,2015-07-16,Christian Becker,"fix UnboundLocalError in handle_url_build_error

- caused by changes in the execution model of python 3 where the alias of an except clause is cleared",0,60,12,1419,0.0,1069,177,198,1.119,3,4517,0.655,0.2533535007600003,0
flask\module.py,16e4d5a6553ff9c89a61c44ddec7da21126b631a,2010-07-07,florentx,Various typos.,0,11,2,3,0.0,74,17,22,1.294,4,885,2.235,0.25331086609900205,0
flask\testsuite\basic.py,84ad89ffa4390d3327b4d35983dbb4d84293b8e2,2014-08-27,Armin Ronacher,"Always log now, even if debug is off.",0,58,12,1096,0.0,1170,192,213,1.109,3,4903,0.62,0.2532179768746245,0
src\flask\testing.py,171aabc87dd8bff0367d0555c8be6105b00c22ce,2020-04-04,David Lord,"remove unused ref directives

replace page refs with doc directives",0,8,1,308,0.0,135,9,34,3.778,11,1003,3.556,0.25306584482362315,0
flask\signals.py,92854cb3861f33bff7949be94b5d70ed9262b26d,2014-10-27,Petr Zemek,Add a missing period in the description of the signals module.,0,11,4,1562,0.0,30,3,3,1.0,1,240,3.0,0.25301445856688426,0
tests\flask_tests.py,dcf21989dc71f4ab93ceaf0627e40c516462bd8c,2011-06-28,Armin Ronacher,Added class based views,0,96,11,440,0.0208,1544,241,286,1.187,8,6014,0.647,0.2529989466814228,0
setup.py,33379155f613dbdb4fe6d0918a5038a989fc18bf,2019-05-23,jab,"Add pre-commit to dev dependencies, document it and pre-commit in CONTRIBUTING

Now that we have a Black pre-commit hook (#3138),
ensure pre-commit ge",0,97,29,3334,0.0206,72,0,0,0.0,0,265,0.0,0.25296962188570904,0
src\flask\app.py,762382e436062183b1e1fa6f3bda594090a452e7,2022-06-18,pgjones,view functions can return generators as responses directly,0,75,23,1113,0.0,863,70,223,3.186,16,10299,2.171,0.2529542096007304,0
src\flask\app.py,5544d09477af3221d988ec18b086930c2d9e67cd,2022-06-29,David Lord,re-add flag to skip unguarded app.run from CLI,0,76,23,1124,0.0,863,70,223,3.186,16,10296,2.171,0.2529542096007304,0
flask\__init__.py,e666f7a69c737fef8236237671be4da5910e9113,2019-06-22,David Lord,standardize license and copyright,0,82,13,3277,0.0,23,0,0,0.0,0,181,0.0,0.25291950962321164,0
flask\__init__.py,626b5cc166e6151dfe0e86b514b2d9a1f55752a8,2019-07-04,David Lord,release version 1.0.4,0,84,13,3289,0.0,23,0,0,0.0,0,181,0.0,0.25291950962321164,0
flask\__init__.py,871e6d6a9d1c453716f68e4e88268961d067b26d,2019-06-26,David Lord,don't clear BadRequestKeyError args,0,83,13,3281,0.0,23,0,0,0.0,0,182,0.0,0.25291950962321164,0
tests\flask_tests.py,ea7a1720779ab4680304d2bc9dffcb6f5c7f2798,2011-06-27,Armin Ronacher,Test that dotted names work.  This fixes #258,0,94,11,439,0.0213,1503,233,278,1.193,8,5841,0.635,0.25280471991394476,0
flask\module.py,52098e1e4fc4d9c962e9ecb09dfbbcc6ac80a4d7,2014-01-02,Daniel Neuhäuser,Happy New Year 2014,0,21,7,1280,0.0,15,2,4,2.0,3,162,3.5,0.2527976058362519,0
tests\flask_tests.py,b36d7b3288442173bcc999ebb4310674869a526d,2011-06-28,Armin Ronacher,Added class based view documentation,0,97,11,440,0.0206,1574,250,295,1.18,8,6119,0.66,0.25266065117001096,0
flask\templating.py,33534bb4a9937e6faba5ecec4586519f453369b6,2015-01-02,Parkayun,Happy New Year 2015,0,29,8,1642,0.0,76,9,25,2.778,7,458,2.0,0.2525113871493909,0
src\flask\typing.py,9b44bf2818d8e3cde422ad7f43fb33dfc6737289,2022-07-06,Phil Jones,"Improve decorator typing (#4676)

* Add a missing setupmethod decorator

* Improve the decorator typing

This will allow type checkers to understa",0,16,9,436,0.0,56,0,0,0.0,0,362,0.0,0.252403144077356,0
tests\test_config.py,662c245795c7cbb5dbd657a2d707c62c16770c18,2020-04-04,David Lord,remove _compat module,0,23,9,2031,0.0,145,15,15,1.0,1,641,0.333,0.2523220105668218,0
src\flask\blueprints.py,6000e80acf931b05b4911c3fa7f3ba33e2b80e64,2024-01-16,David Lord,address mypy strict findings,0,56,15,1690,0.0,29,3,7,2.333,3,387,2.333,0.2522859518128267,0
setup.py,6979265fa643ed982d062f38d386c37bbbef0d9b,2021-04-06,pgjones,"Add `async` support

This allows for async functions to be passed to the Flask class
instance, for example as a view function,

    @app.route(""/"")
  ",0,110,31,4018,0.0182,14,0,0,0.0,0,42,0.0,0.2521916921159809,0
flask\_compat.py,0190b770a1e3339c2cd96e6a44f44083aeeebb54,2013-06-02,Armin Ronacher,Removed a bunch of code from _compat,0,5,2,15,0.0,38,4,6,1.5,2,287,2.5,0.25213788686373223,0
examples\flaskr\tests\test_flaskr.py,310fbfcf64f40f237068fddbbbe45315f9935eca,2018-02-08,David Lord,"revert copyright year to project start
add copyright header to files",0,7,5,582,0.0,53,7,7,1.0,1,258,1.429,0.2521362679669689,0
src\flask\testing.py,524fd0bc8cec7bfe8167c9c98cb5511b01a0f4c6,2020-04-04,David Lord,apply pyupgrade,0,5,1,308,0.0,136,9,36,4.0,13,1032,3.556,0.2520472461239676,0
flask\testsuite\blueprints.py,d94efc6db63516b7f72e58c34ae33700f3d9c4fb,2012-03-13,Ron DuPlain,"Expose send_file max-age as config value, #433.

Need to add the same hook in a Blueprint, but this is the first such
case where we need app.config in",0,5,2,200,0.0,520,90,100,1.111,5,2128,0.567,0.251854758725656,0
flask\__init__.py,191710cbda616a53533d5e794a787f24c453ac5a,2020-02-10,Armin Ronacher,Bump version number to 0.12.5,0,85,13,3510,0.0,23,0,0,0.0,0,187,0.0,0.25170490720435384,0
flask\debughelpers.py,f3db68c8cee4f48fbc078e1f5a73bb025b425f91,2011-08-05,Armin Ronacher,Added testcase for the debug behavior and explicit encoding,0,3,1,0,0.0,29,4,8,2.0,3,229,1.75,0.25159225832480686,0
src\flask\app.py,cc66213e579d6b35d9951c21b685d0078f373c44,2022-10-30,Jonah Lawrence,"Add .svg to select_jinja_autoescape (#4840)

As SVG files are a type of XML file and are similar in nearly 
all aspects to XML, .svg should also be a",0,91,25,1246,0.0,1027,81,243,3.0,16,11089,2.086,0.25148246901278026,0
src\flask\sansio\app.py,c7da8c2aa3a923fc620ad480a8831a8a0f21ab37,2024-05-25,Heisenberg,Added python type annotation and return type.,0,6,2,280,0.0,320,34,78,2.294,12,4386,2.265,0.25132452752349166,0
src\flask\globals.py,91044c4d769efa7f20455e1b70457a7da95c26d8,2022-07-09,pgjones,"Change _cv_req -> _cv_request

This is a clearer name for the variable.",0,9,3,1133,0.0,89,6,8,1.333,3,351,1.5,0.25131579710726376,0
setup.py,80a4e62096f4010235823180462b4d6e058d025a,2021-05-11,David Lord,update click minimum version,0,114,32,4053,0.0175,14,0,0,0.0,0,41,0.0,0.2511894943137831,0
flask\app.py,15012af70017962c2a22bc3fe670b9cc50782366,2010-07-04,Armin Ronacher,Refactored static folder registration,0,8,2,1,0.0,270,37,80,2.162,6,3974,2.054,0.25113229077617194,0
setup.py,d023d943715f193e78413280e10d101f39501748,2022-03-30,David Lord,set importlib_metadata minimum version,0,117,33,4376,0.0171,15,0,0,0.0,0,49,0.0,0.251023884338748,0
flask\config.py,34a494713c085926d023f8e8f9cf6f0c40bab660,2011-03-14,Armin Ronacher,Documented some changes in config handling.,0,6,3,253,0.0,52,8,18,2.25,4,752,2.5,0.2509706648084966,0
flask\views.py,32c7e43dda6600828ae9b11111d722ab92fb0594,2011-09-17,Armin Ronacher,Simplified HEAD handling for method views,0,4,2,81,0.0,43,5,14,2.8,6,711,2.8,0.2509022718677989,0
flask\config.py,235369fd613b72c1767b2b20d9f94dee1d6090d5,2011-03-14,Armin Ronacher,Removed unnecessary import,0,7,3,253,0.0,51,8,18,2.25,4,750,2.5,0.25087570602118314,0
src\flask\app.py,a6a7a57380cd8f7410753c3b819ba6d09198d8c9,2022-08-04,David Lord,fix default value of app.env,0,89,24,1159,0.0,1027,81,243,3.0,16,11075,2.086,0.2507496505372876,0
tests\test_helpers.py,33534bb4a9937e6faba5ecec4586519f453369b6,2015-01-02,Parkayun,Happy New Year 2015,0,8,1,112,0.0,539,68,80,1.176,3,2190,0.882,0.2506592352950623,0
flask\testsuite\basic.py,b9907b496911d0d8676225151a36c28fe4f4b72f,2012-01-16,Ron DuPlain,"Expand get_flashed_messages tests.

Ready to pull request #336.
http://github.com/mitsuhiko/flask/pull/336",0,9,2,143,0.0,935,156,180,1.154,4,3819,0.583,0.25022210801911776,0
src\flask\views.py,9b44bf2818d8e3cde422ad7f43fb33dfc6737289,2022-07-06,Phil Jones,"Improve decorator typing (#4676)

* Add a missing setupmethod decorator

* Improve the decorator typing

This will allow type checkers to understa",0,12,3,1131,0.0,59,6,17,2.833,7,808,1.833,0.2501975085334479,0
flask\config.py,67581795c4b1d5d27aaadf71f82bb6862887ba74,2011-03-15,Aaron Kavlie,"Improved botched docstring wording for silent failure.

Signed-off-by: Armin Ronacher <armin.ronacher@active-4.com>",0,9,3,254,0.0,51,8,18,2.25,4,748,2.5,0.25014588587873293,0
examples\flaskr\tests\test_flaskr.py,fe27d04cc196d65af17ac6cf67574fa61d5b4828,2017-05-23,bovarysme,Fix a small oversight in the testing docs,0,5,3,321,0.0,46,6,6,1.0,1,257,1.167,0.24993759506842936,0
flask\testsuite\basic.py,ddb5f9dc490879236cf20a7fa1cb75d7f787a0f0,2014-02-09,Armin Ronacher,Fixed a broken test,0,56,11,898,0.0,1062,175,196,1.12,3,4481,0.64,0.249848207832093,0
flask\testsuite\basic.py,75f2af7a6afdf620d7afdccee876b06f8c39373b,2014-02-09,Armin Ronacher,Use a condition variable instead of sleeping,0,55,11,898,0.0,1065,175,196,1.12,3,4486,0.64,0.249848207832093,0
flask\testsuite\basic.py,280d8659601a5e3b8dab77231d9f9fc16f5cd1ce,2014-02-09,Alexis Svinartchouk,"fix issue #879 and add a test for it

Signed-off-by: Armin Ronacher <armin.ronacher@active-4.com>",0,54,10,898,0.0,1062,175,196,1.12,3,4481,0.64,0.249848207832093,0
src\flask\app.py,e0dad454810dd081947d3ca2ff376c5096185698,2022-07-08,David Lord,update docs about contexts,0,82,24,1133,0.0,873,69,223,3.232,16,10382,2.188,0.2495980309235834,0
flask\config.py,fa9817778c83eb35b9c2c4332ccb7e5190d1ffa2,2011-03-14,Aaron Kavlie,"Test passes.
Added test for silent flag; added import of errno so it passed.",0,5,3,253,0.0,52,8,18,2.25,4,747,2.5,0.24949966940993865,0
flask\_compat.py,c8f19f0afc8d49a68ec969097e6127d17706b6dc,2015-07-22,Mathias J. Hennig,Reimplement function with_metaclass(),0,12,6,795,0.0,50,5,6,1.2,2,328,1.8,0.24945506400700967,0
tests\flask_tests.py,ba6bf23e0d08ca0b9163b4e5c37b3d2fd274b1b2,2011-05-27,Armin Ronacher,Updated tests,0,88,11,408,0.0227,1360,210,253,1.205,8,5232,0.624,0.24942253822703023,0
tests\test_config.py,2ae740dd4903bbe5f3864384bcdf2ab2d4638bce,2020-04-04,David Lord,f-strings everywhere,0,25,9,2031,0.0,143,15,15,1.0,1,636,0.333,0.24921619176835144,0
setup.py,751d85f3de3f726446bb12e4ddfae885a6645ba1,2022-01-17,K900,cli: use importlib.metadata instead of pkg_resources,0,116,32,4304,0.0172,15,0,0,0.0,0,46,0.0,0.24909008642934036,0
src\flask\views.py,45174bf9a1e96e51ce589c7aa2c151249d1fdf11,2022-06-06,David Lord,use __init_subclass__ instead of metaclass for MethodView,0,11,3,1101,0.0,59,6,17,2.833,7,808,1.833,0.24906287274094566,0
flask\__init__.py,79c71f24e4cb064852e2cbbfef78a0a051eb7ced,2020-02-10,Armin Ronacher,0.12.6.dev,0,86,13,3510,0.0,23,0,0,0.0,0,188,0.0,0.2490296858633139,0
flask\__init__.py,c9ab9ef5db0bfdec4eb3d819be6d10a365dd6ca6,2018-04-29,David Lord,Bump version number to 1.0.2.dev,0,76,11,2858,0.0,23,0,0,0.0,0,188,0.0,0.24893246082515222,0
flask\__init__.py,e8fd06a0a7611e4ac46a26cab79d3f16d2d72884,2018-04-29,David Lord,Bump version number to 0.12.5.dev,0,74,11,2858,0.0,23,0,0,0.0,0,188,0.0,0.24893246082515222,0
examples\tutorial\flaskr\__init__.py,3d03098a97ddc6a908aa4a50c2ef7381f8297d0a,2026-01-27,Markus Heidelberg,"Abort if the instance folder cannot be created

According to the comment, the instance folder should exist in any case.
But a PermissionError was igno",0,4,2,2850,0.0,24,2,3,1.5,2,180,0.5,0.24868677665001157,0
flask\testsuite\testing.py,daa3f272da477470d23481d409d54f989136ac32,2015-11-20,Ivan Velichko,Allow to specify subdomain and/or url_scheme in app.test_request_context(),0,27,7,1547,0.0,222,31,37,1.194,2,932,0.645,0.24865070415694207,0
flask\wrappers.py,217d5f9bc063ef8a605002648035c3e03c103a5f,2017-06-02,David Lord,mention mimetype and is_json,0,65,23,2526,0.0,85,10,33,3.3,9,953,1.5,0.24861526770896558,0
flask\__init__.py,42c28c3758fc1612a5a1e89a36092580344c4578,2014-04-21,Armin Ronacher,Fixed intention in flask init,0,48,5,1388,0.0,24,0,0,0.0,0,190,0.0,0.2485025012419055,0
tests\test_instance_config.py,1d7281fe0770a97229a2a75189a712cff866b448,2023-05-02,David Lord,"remove egg test

eggs aren't supported, and Python 3.12 removes setuptools",0,17,6,3154,0.0,77,8,8,1.0,1,308,3.0,0.24848018240658384,0
tests\test_instance_config.py,88bcf78439b66b5fcba9f4d3a1c56307f98dbf1d,2022-06-06,Evgeny Prigorodov,instance_path for namespace packages uses path closest to submodule,0,14,5,2824,0.0,102,10,12,1.2,3,419,2.9,0.24840243068927725,0
tests\test_regression.py,81c7ff7f8db09b5d609a09722785f70ec6f7af68,2022-03-25,David Lord,update tests for relative redirects,0,22,7,2751,0.0,21,4,5,1.25,2,80,0.5,0.24811547649007704,0
tests\flask_tests.py,e71a5ff8de93801c30ed6daecac4b8502aa86813,2011-05-27,Armin Ronacher,Started work on new request dispatching.  Unittests not yet updated,0,87,11,408,0.023,1378,214,257,1.201,8,5292,0.621,0.24804402900982478,0
tests\test_testing.py,c7f56c5a5539143662a04ec8e54aa78777d20730,2019-05-31,Daniel Pope,Create json_dumps() method on new EnvironBuilder,0,27,11,1722,0.0,308,50,53,1.06,2,1323,1.06,0.2479958342545201,0
flask\signals.py,310fbfcf64f40f237068fddbbbe45315f9935eca,2018-02-08,David Lord,"revert copyright year to project start
add copyright header to files",0,17,8,2763,0.0,31,3,3,1.0,1,247,3.0,0.2479703772237471,0
flask\views.py,a59cbd4f5256a356fcb7858bf0a5a0ad535e8e6d,2012-01-16,Priit Laes,Minor grammar fix,0,6,2,202,0.0,43,5,14,2.8,6,710,2.8,0.24793118124018976,0
flask\exthook.py,d3d8a4694a9c1601e213d6b5f27fab34615609b7,2016-04-02,Markus Unterwaditzer,"Deprecate flask.ext

* Add deprecation warning to ext pkg

* Add docs on deprecation of flask.ext

* Improve deprecation warnings

* Add headers",0,7,6,1649,0.0,72,8,26,3.25,7,676,2.375,0.247857342418255,0
flask\testsuite\basic.py,676b3a4c13986f5743b8e6f3fa4d7c6cc2a401a4,2012-01-16,Ron DuPlain,Check status code in test client or fail silently.,0,10,2,143,0.0,939,156,180,1.154,4,3879,0.583,0.24779573917519573,0
src\flask\__init__.py,a4f63e0390e4f9aba543514d16479ce6f40e46be,2022-05-23,David Lord,start version 2.1.3,0,37,4,1087,0.0,43,0,0,0.0,0,254,0.0,0.24770771635983446,0
tests\test_basic.py,49efc4423398e4895cb22a772c4aa4269b4eaa78,2019-01-05,David Lord,clear KeyError in production for Werkzeug 0.15,0,63,25,1577,0.0,1430,256,277,1.082,3,5934,0.926,0.24769711701765568,0
src\flask\__init__.py,174fe4453a1a52069d31c9ff4e24f3ef4aa6913e,2021-10-04,David Lord,release version 2.0.2,0,26,2,855,0.0,44,0,0,0.0,0,259,0.0,0.247625835066578,0
tests\test_user_error_handler.py,025589ee766249652e2e097da05808fe64911ddc,2019-05-06,David Baumgold,"Reformat with black

https://github.com/python/black",0,10,8,1486,0.0,133,31,31,1.0,1,484,0.548,0.24758408150383007,0
flask\json.py,05c6502cbde016f0475233faa0c6364634cccac9,2012-10-07,Armin Ronacher,Let json.* work even without app on the stack and added tests,0,1,1,0,0.0,43,8,16,2.0,3,617,2.25,0.24751629977411763,0
src\flask\app.py,82c2e0366ce6b74a3786a64631ce58b85b3a7d4e,2022-07-08,David Lord,remove uses of LocalStack,0,81,24,1133,0.0,873,69,223,3.232,16,10356,2.188,0.24735987302884657,0
tests\flask_tests.py,ccd5ced70e48515e222b84dccc8f21d32c864dcd,2011-06-27,Armin Ronacher,Chop of ports for session cookies.  This fixes #253,0,95,11,439,0.0211,1516,235,280,1.191,8,5894,0.634,0.2472804750808764,0
examples\persona\static\persona.js,1e5746bb2b0ca82d2bd77edf1f153fdcca70503f,2016-07-06,David Lord,"persona is discontinued, remove example
closes #1947",0,2,1,1123,0.0,43,9,9,1.0,1,154,1.444,0.247260864265757,0
setup.py,85db0135cb302e2e17936fb4cf62c9f90c94e342,2020-02-10,Armin Ronacher,Pin Werkzeug < 1.0 for 0.12 (#3497),0,103,31,3597,0.0194,49,0,0,0.0,0,280,0.0,0.24716424857158992,0
setup.py,d05862574f1ea19d99526ca893be2888389eab1c,2017-05-23,Mark Shannon,Update click dependency info.,0,72,19,2604,0.0139,49,0,0,0.0,0,278,0.0,0.2470404804783719,0
src\flask\app.py,91044c4d769efa7f20455e1b70457a7da95c26d8,2022-07-09,pgjones,"Change _cv_req -> _cv_request

This is a clearer name for the variable.",0,83,24,1133,0.0,873,69,223,3.232,16,10382,2.188,0.2465980309235834,0
flask\testsuite\templating.py,bb0084f5bef9b871a82f0451ed71131ffb7a43b3,2014-09-03,Markus Unterwaditzer,"Fix Py3 compat bug

Also don't use unicode string here because the assertions below are
written for native strings.",0,17,7,1104,0.0,302,65,67,1.031,3,1248,0.723,0.24628693632608953,0
flask\__init__.py,23047a71fd7da13be7b545f30807f38f4d9ecb25,2018-04-26,David Lord,Bump version number to 0.12.4.dev,0,68,11,2855,0.0,23,0,0,0.0,0,188,0.0,0.246268536641228,0
examples\blueprintexample\blueprintexample.py,9ab59871007c12fad03f43ac08f889e4c080e64d,2014-04-29,Armin Ronacher,Updated the examples to be cli based,0,1,1,788,0.0,5,0,0,0.0,0,26,0.0,0.24625429637027582,0
tests\test_testing.py,a71c167836c9dd938199fc72292951359948149c,2019-05-25,Fantix King,"fix teardown bug in FlaskClient

* Fixes pytest-dev/pytest-flask#42",0,25,9,1717,0.0,297,48,51,1.062,2,1267,1.062,0.24623910137554703,0
tests\test_helpers.py,294961e6fce2c34784f304ca587850d62569b64e,2015-03-04,Keyan Pishdadian,Change tests to support older response format,0,11,4,173,0.0,576,73,86,1.178,3,2371,0.863,0.2460320028410331,0
tests\flask_tests.py,e3f2dd8f080115d626437bbee3631f7cf5560ca5,2011-05-27,Armin Ronacher,Added a test for content length behavior,0,86,11,408,0.0233,1375,213,256,1.202,8,5285,0.624,0.2458730645428197,0
tests\test_views.py,6e23239567efde1c2e272db87c53444d6c22a1bb,2022-06-06,David Lord,add View.init_every_request attribute,0,18,8,2825,0.0,178,42,42,1.0,1,715,1.19,0.24585380882042457,0
src\flask\__init__.py,293041a290178dc1d526075372960c3ca589d366,2023-08-29,David Lord,deprecate __version__ attribute,0,66,7,1549,0.0,54,1,2,2.0,2,290,1.0,0.24582661650596196,0
flask\__init__.py,99660cc40984015cbbcd27d1cdc19376b2536443,2019-05-17,David Lord,release version 1.0.3,0,81,13,3240,0.0,23,0,0,0.0,0,187,0.0,0.24581699511644178,0
src\flask\app.py,9b44bf2818d8e3cde422ad7f43fb33dfc6737289,2022-07-06,Phil Jones,"Improve decorator typing (#4676)

* Add a missing setupmethod decorator

* Improve the decorator typing

This will allow type checkers to understa",0,80,24,1131,0.0,871,69,223,3.232,16,10326,2.188,0.2458038554358838,0
src\flask\app.py,4f03a769d44f6740490dd4ddf70e094c12a6090c,2022-06-15,David Lord,"edit some cli messages

dev server message doesn't show one of the lines in grey
app.run message uses click.secho instead of warning",0,74,23,1110,0.0,862,70,222,3.171,15,10248,2.171,0.24574948953913603,0
src\flask\typing.py,3351a8677e5bd1e1b8cfe2860b73b3422cde4f31,2022-06-05,David Lord,add errorhandler type check tests,0,12,8,405,0.0,35,0,0,0.0,0,312,0.0,0.2456149548540782,0
flask\testsuite\basic.py,52098e1e4fc4d9c962e9ecb09dfbbcc6ac80a4d7,2014-01-02,Daniel Neuhäuser,Happy New Year 2014,0,53,10,860,0.0,1045,172,193,1.122,3,4436,0.645,0.24553631743416138,0
tests\test_blueprints.py,954b7ef7bbc261ac455feb122b56e897653de826,2016-06-03,Randy Liou,"Enhance code coverage for Blueprint.endpoint

Add basic test for the endpoint decorator for the Blueprint object.",0,9,3,631,0.0,477,92,98,1.065,3,1995,0.38,0.24543185292164055,0
tests\test_instance_config.py,53c893b646252d610e877eb9385e9e250a1ae5e1,2019-06-01,David Lord,fix string concats left over by black,0,7,5,1723,0.0,97,10,12,1.2,3,414,3.0,0.24526399190285297,0
src\flask\globals.py,d597db67ded68d4aedf42b9d1d4570573fb79cd6,2022-07-08,David Lord,contexts no longer use LocalStack,0,8,3,1133,0.0,89,6,8,1.333,3,351,1.5,0.24520713920599854,0
tests\test_blueprints.py,4dc2ef19eaa4ced5cb2f4a2a1673e65459c355d2,2016-03-04,Reuven,"Use pytest.raises() instead of try/catch with asser 0

This is somehow more readable, and enable using the features of pytest's ExeptionInfo (such as ",0,8,2,539,0.0,465,90,96,1.067,3,1941,0.389,0.24516243144600225,0
flask\testsuite\templating.py,bafc13981002dee4610234c7c97ac176766181c1,2014-09-03,Armin Ronacher,Added EXPLAIN_TEMPLATE_LOADING to help people debug templates not being loaded.,0,16,7,1104,0.0,302,65,67,1.031,3,1248,0.723,0.24509747630402307,0
src\flask\logging.py,a74e266474f0981e9fc0d54d5dc430386823e4d7,2022-05-03,Stanislav Bushuev,skip coverage for TYPE_CHECKING,0,9,3,1067,0.0,31,3,11,3.667,5,304,0.667,0.24505446378617485,0
setup.py,de16718b39e3544688130339a0813997e3790c48,2022-08-08,David Lord,require werkzeug >= 2.2.2,0,120,33,4507,0.0167,15,0,0,0.0,0,50,0.0,0.2450415313975715,0
setup.py,add53e190cf90b01b37914f810a370a0cd681800,2022-07-24,David Lord,require Werkzeug 2.2,0,119,33,4492,0.0168,15,0,0,0.0,0,50,0.0,0.2450415313975715,0
tests\test_basic.py,6af14f058b6ef09214dc0e5d81902ed5b4ad12a0,2019-05-18,Eruvanos,support dataclass in JSONEncoder,0,66,27,1710,0.0,1424,258,279,1.081,3,6017,0.926,0.24497510847865228,0
flask\wrappers.py,daf85d3725516a17e474b143d6d67b95140db285,2017-06-02,Grant Wu,"Clarify documentation for json parsing

Documentation does not currently mention that is_json accepts mimetypes that are not strictly application/json",0,64,22,2526,0.0,85,10,33,3.3,9,936,1.5,0.2448911297779311,0
tests\test_instance_config.py,e666f7a69c737fef8236237671be4da5910e9113,2019-06-22,David Lord,standardize license and copyright,0,8,5,1744,0.0,96,10,12,1.2,3,407,3.0,0.24487620026506135,0
flask\signals.py,77af942b982a3b07669362cc6bc223026bf039cd,2016-11-01,Clenimar Filemon,Capitalize occurrences of 'flask' (#2067),0,16,7,2299,0.0,31,3,3,1.0,1,247,3.0,0.24469209046832502,0
src\flask\__init__.py,46433e9807a1c960d6b2bb0e125cf16a90167d97,2022-06-18,pgjones,add generate_template and generate_template_string functions,0,38,4,1113,0.0,45,0,0,0.0,0,264,0.0,0.24460665223068725,0
tests\test_views.py,33534bb4a9937e6faba5ecec4586519f453369b6,2015-01-02,Parkayun,Happy New Year 2015,0,6,1,112,0.0,115,26,26,1.0,1,461,0.731,0.24458168036190955,0
flask\wrappers.py,de25e98f917ae441d186e8a722a0f40a6c7458f2,2016-05-04,Miguel Grinberg,minor rewording of get_json documentation for clarity (#1781),0,52,18,2132,0.0,85,10,32,3.2,8,927,1.5,0.2443304565431392,0
flask\__init__.py,d60f213fdbcf7fe0648a80fe6c23683377fd7c44,2018-04-26,David Lord,Bump version number to 1.0.1.dev,0,72,11,2855,0.0,23,0,0,0.0,0,188,0.0,0.24432259069528206,0
flask\logging.py,52098e1e4fc4d9c962e9ecb09dfbbcc6ac80a4d7,2014-01-02,Daniel Neuhäuser,Happy New Year 2014,0,5,2,1277,0.0,20,3,6,2.0,3,168,1.333,0.24423996294110062,0
examples\tutorial\flaskr\auth.py,54e05a282428e9a44dbd414ca70231a83ebd710d,2023-11-15,David Lord,use ruff linter and formatter,0,7,3,2046,0.0,77,6,17,2.833,6,368,0.333,0.2440696762158742,0
src\flask\views.py,43483683b2bc8da85f00ccccdfb8d9d5c77a6bb3,2019-06-01,David Lord,apply reorder-python-imports pre-commit config,0,1,1,0,0.0,48,5,15,3.0,7,722,2.8,0.24399346583958115,0
setup.py,4fca38c078142744922a8c763bc1468e680a830d,2014-09-11,Markus Unterwaditzer,remove audit command,0,63,13,1619,0.0,38,0,0,0.0,0,212,0.0,0.24397807937060476,0
src\flask\testing.py,53c893b646252d610e877eb9385e9e250a1ae5e1,2019-06-01,David Lord,fix string concats left over by black,0,2,1,0,0.0,146,10,37,3.7,13,1101,3.4,0.24392684991247743,0
tests\flask_tests.py,a327452540bbcffe73207f8164504115b6c9e856,2010-10-22,Pedro Algarvio,"Better handling for `test_request_context` don't just append the port.
Also implemented a proper initial environment to use with
`Flask.test_app()` ba",0,70,7,191,0.0286,1170,179,213,1.19,8,4522,0.626,0.2438354781168917,0
flask\testsuite\basic.py,5935ee495c3e51d26fa2b33de09d532b310cd263,2014-04-16,Mihir Singh,Add tests for the `Vary: Cookie` header,0,57,11,964,0.0,1161,189,210,1.111,3,4883,0.614,0.2437776453574022,0
tests\test_instance_config.py,43483683b2bc8da85f00ccccdfb8d9d5c77a6bb3,2019-06-01,David Lord,apply reorder-python-imports pre-commit config,0,6,5,1723,0.0,97,10,12,1.2,3,415,3.0,0.24373417293873934,0
src\flask\app.py,c4c7f504be222c3aca9062656498ec3c72e2b2ad,2023-02-16,David Lord,update dependencies,0,95,27,1355,0.0,1027,81,243,3.0,16,11082,2.086,0.24368600210012478,0
src\flask\app.py,79032ca5f1c4747e5aeaa193bdeb2e4eae410ea6,2022-12-24,Jonah Lawrence,"Add .svg to select_jinja_autoescape (#4840)

As SVG files are a type of XML file and are similar in nearly
all aspects to XML, .svg should also be aut",0,94,27,1302,0.0,1027,81,243,3.0,16,11086,2.086,0.24368600210012478,0
examples\flaskr\flaskr.py,42cf782ee36a7cebb4b499a15e344017fede2c38,2013-08-30,Armin Ronacher,Removed g object from example as it was unused,0,12,3,1233,0.0,66,7,13,1.857,4,317,0.143,0.24330825867128625,0
flask\exthook.py,ba07f5bd81f66a40333cc619d0a8a7b3c17ec49f,2016-05-29,Ionuț Arțăriși,"Show line which caused the DeprecationWarning (#1831)

When raising a DeprecationWarning, show the line in the application code
which caused the warn",0,8,7,1706,0.0,72,8,26,3.25,7,678,2.375,0.24313728361288506,0
scripts\make-release.py,24498afed5075583ecd5667b105b4a315a25051e,2019-06-22,David Lord,standardize project metadata,0,18,9,2917,0.0,111,14,28,2.0,7,437,1.0,0.24312679546444066,0
flask\testsuite\basic.py,2e5de9829774ca10682b298544bf3ce2bf61bab7,2012-01-17,Ron DuPlain,Use app.testing=True for asserts in messages test.,0,11,2,144,0.0,940,156,180,1.154,4,3869,0.583,0.24312606190918215,0
docs\conf.py,b5e78425be985eeec4c91ea8277368a9fae9411a,2014-04-26,Daniel Neuhäuser,"Link to https version of python docs

To which the http version permanently redirects",0,26,5,1480,0.0,72,0,0,0.0,0,1194,0.0,0.2431124313290255,0
flask\wrappers.py,c9ef500c5c2bbc7cfcb51e8b599e00248d290fd4,2016-08-19,Adam Byrtek,Mixin for JSON decoding code shared between request/response,0,55,21,2240,0.0,88,11,33,3.0,8,984,1.545,0.24307139101022185,0
setup.py,2611632c69d46b03cb5321a43103c3fee8705aca,2018-12-08,CasterWx,add classifiers,0,93,25,3167,0.0108,77,0,0,0.0,0,262,0.0,0.2429579497018745,0
tests\flask_tests.py,fa9817778c83eb35b9c2c4332ccb7e5190d1ffa2,2011-03-14,Aaron Kavlie,"Test passes.
Added test for silent flag; added import of errno so it passed.",0,77,9,334,0.026,1278,195,235,1.205,8,4928,0.615,0.24291260060455155,0
scripts\make-release.py,43483683b2bc8da85f00ccccdfb8d9d5c77a6bb3,2019-06-01,David Lord,apply reorder-python-imports pre-commit config,0,17,9,2896,0.0,111,14,28,2.0,7,444,1.0,0.2428288022426682,0
flask\signals.py,3159c861664eed1a3f82b4b4313ba15b7436a18c,2014-10-27,Petr Zemek,"Unify the uses of ""sourcecode"" vs ""source code"".

Use ""source code"", which is more grammatically correct.",0,12,5,1562,0.0,30,3,3,1.0,1,241,3.0,0.24251919530074853,0
tests\test_instance_config.py,63b40254e992c6c18d16ffade7aa8358d686a697,2020-02-10,David Lord,xfail __main__ instance test interacting with tox,0,9,5,1977,0.0,98,10,12,1.2,3,417,3.0,0.24239975812303874,0
src\flask\json\__init__.py,6650764e9719402de2aaa6f321bdec587699c6b2,2023-02-23,David Lord,remove previously deprecated code,0,25,9,1363,0.0,28,5,9,1.8,2,765,2.2,0.2422831099678099,0
tests\test_templating.py,4ec1fbc9f52b4b3997a1978ab3390a5a1157ad6a,2017-05-24,Christian Stade-Schuldt,More DRYing up the test suite (#2325),0,15,8,986,0.0,302,67,68,1.015,2,1287,1.0,0.24208734195961837,0
src\flask\app.py,69e2300608497bba103fd05735c878c0d642dd68,2022-05-15,David Lord,"use app.url_for as template global

avoid extra call from helpers.url_for
update changelog for method moves",0,69,23,1079,0.0,845,71,222,3.127,15,10102,2.141,0.24203309264769063,0
tests\flask_tests.py,d90765b0265eec81130172efe3250cd1e3c900bd,2011-05-24,Armin Ronacher,Added testcase for json encoding parameter support,0,85,11,405,0.0235,1361,210,253,1.205,8,5235,0.624,0.24203075685051204,0
src\flask\typing.py,81be290ec8889c157c84bc7ce857f883396c5daf,2022-06-05,David Lord,view function is actually type checked,0,11,8,405,0.0,34,0,0,0.0,0,306,0.0,0.24190907250113702,0
tests\flask_tests.py,d8fcd4260e9194a03267ddb913a8b5d7cf0948d2,2011-04-18,Armin Ronacher,Whitespace normalization,0,84,11,369,0.0238,1351,208,251,1.207,8,5187,0.625,0.24189325685051205,0
examples\flaskr\flaskr.py,e1d356fb713f3272db2a23f9f898c34c5dc79dc0,2013-05-22,Thomas Waldmann,"ported some more stuff to py 3.3

removed init_jinja_globals hack from app.py after consulting mitsuhiko
(didn't work on py 3.3 ""as is"")

removed with",0,10,2,1133,0.0,66,7,13,1.857,4,316,0.143,0.24178790464030073,0
src\flask\app.py,96c97dec095f204b8a557c5ea804afdd329e3c43,2022-06-06,David Lord,deprecate before_first_request,0,73,23,1101,0.0,854,70,221,3.157,15,10217,2.171,0.24153806096770747,0
src\flask\app.py,5d8e35653fca0d7ee01519d556c7851089de82ea,2022-08-01,David Lord,"refactor lazy loading

Remove the `--eager-loading/--lazy-loading` options and the
`DispatchingApp` middleware. The `run` command handles loading
exce",0,85,24,1157,0.0,875,69,223,3.232,16,10551,2.188,0.2414970730976256,0
src\flask\typing.py,762382e436062183b1e1fa6f3bda594090a452e7,2022-06-18,pgjones,view functions can return generators as responses directly,0,13,8,418,0.0,37,0,0,0.0,0,321,0.0,0.24147901731470495,0
tests\test_testing.py,33534bb4a9937e6faba5ecec4586519f453369b6,2015-01-02,Parkayun,Happy New Year 2015,0,7,1,112,0.0,187,24,29,1.208,2,725,0.125,0.24143735839400682,0
tests\flask_tests.py,a862ead5f22f9d4592c1c85bda285a4ded59b631,2010-04-23,Armin Ronacher,Warn on None responses.,0,13,3,9,0.0769,280,50,56,1.12,3,1152,0.6,0.24132894736000615,0
flask\config.py,b551f15b22c1d7d7749901e8d186246fb12038e8,2010-07-04,Armin Ronacher,Restored 2.5 compatibility{,0,1,1,0,0.0,43,8,15,1.875,4,697,2.375,0.24129667338672817,0
src\flask\app.py,69f9845ef2da3051d74d4dade3e88ccf5b2ee3de,2022-07-13,David Lord,add json provider interface,0,84,24,1137,0.0,875,69,223,3.232,16,10552,2.188,0.24127207309762563,0
flask\wrappers.py,5c4fa7e91cca82f769c11b098114aa6d3322599b,2016-08-19,Markus Unterwaditzer,Remove already defined method,0,62,21,2240,0.0,86,10,32,3.2,8,946,1.5,0.24107767925495863,0
flask\testsuite\helpers.py,d90f0afe39724040d0be92df054e2b1438886134,2012-04-21,Ron DuPlain,"Add test for jsonify padded=False, #495.",0,15,5,239,0.0,335,43,53,1.233,3,1594,0.651,0.24098496500507716,0
docs\conf.py,19baae3d3445344679b68436322de08b5babf9a1,2014-02-13,Joe Friedl,"Update docs copyright date

Happy belated New Year!",0,25,4,1409,0.0,72,0,0,0.0,0,1194,0.0,0.24095340583688418,0
examples\flaskr\tests\test_flaskr.py,ffca68fc86718b133668f341ddd8c2635d7e29ec,2018-01-05,David Lord,fix windows failure to remove temp file,0,6,4,548,0.0,53,7,7,1.0,1,258,1.429,0.24086449865944498,0
flask\views.py,c5ebf9a97d0443bff59ff6a37aee8afd870ceabb,2012-01-24,Jeffrey Finkelstein,Added PATCH method to the list of HTTP method functions for use in the flask.views.MethodView class.,0,9,4,210,0.0,43,5,14,2.8,6,708,2.8,0.2408307810631236,0
setup.py,de01dfb70206f8dbb55724b7abfc515ead3ca283,2019-04-15,Max,"Bump Jinja2 requirements

The 2.10.1 version was released 2019-04-06 and contains important security fix.
This change allows flask users to avoid impl",1,94,26,3296,0.0106,77,0,0,0.0,0,262,0.0,0.24062439532521665,0
src\flask\__init__.py,b7501776a12c15e64b6cdac1e3b903a00df7d285,2021-11-12,David Lord,remove deprecated safe_join,0,27,2,895,0.0,43,0,0,0.0,0,254,0.0,0.24052928215799682,0
flask\debughelpers.py,025589ee766249652e2e097da05808fe64911ddc,2019-05-06,David Baumgold,"Reformat with black

https://github.com/python/black",0,19,7,2831,0.0,127,8,33,4.125,13,747,1.625,0.24028001675737104,0
tests\test_config.py,e75d575361841404e0b1f89c19dc7de6b325cc67,2022-03-25,David Lord,windows env vars are uppercase,0,29,9,2751,0.0,191,18,19,1.056,2,822,0.444,0.24007727576017227,0
flask\debughelpers.py,96b8ffbb29eaba834a30352554e42cf2406c7e06,2013-05-25,Thomas Waldmann,always import from ._compat,0,10,3,659,0.0,49,5,10,2.0,3,422,1.8,0.23980069447900437,0
tests\test_cli.py,1b764cff93696a75c6248b6f956426cbefa097bc,2016-06-25,Kiss György,Added runner fixture,0,8,8,39,0.0,120,22,22,1.0,1,673,1.045,0.23972584432466235,0
src\flask\typing.py,a74e266474f0981e9fc0d54d5dc430386823e4d7,2022-05-03,Stanislav Bushuev,skip coverage for TYPE_CHECKING,0,9,6,372,0.0,38,0,0,0.0,0,263,0.0,0.23949313838058844,0
src\flask\app.py,f8cb0b0dd5ea30729db6b131aeeb30915ea4860b,2022-07-02,David Lord,update docs about json,0,79,24,1127,0.0,861,69,223,3.232,16,10307,2.188,0.23940762902078944,0
src\flask\app.py,ca2bfbb0ac66fbbeeedbf6bbe317bee45cb23d29,2022-07-02,Grey Li,Support returning list as JSON,0,78,23,1127,0.0,859,69,223,3.232,16,10299,2.188,0.23940762902078944,0
scripts\make-release.py,b46f5942a528053034fecf210572ee04bc4a3284,2019-06-01,Jon S. Stumpf,address flake8 issues,0,16,8,2896,0.0,109,14,28,2.0,7,438,1.0,0.2391608541752857,0
src\flask\views.py,bab5a65e6eaee20ac1706fc9439ee538f59e652f,2022-06-06,David Lord,rewrite class-based view docs,0,10,3,1101,0.0,60,6,17,2.833,7,861,2.167,0.23912228717575038,0
src\flask\templating.py,d8259eb11900285af9b80b0fa47f841174c054e3,2025-08-19,David Lord,use Jinja name consistently,0,17,5,2271,0.0,137,15,33,2.2,5,856,2.067,0.23906134845572877,0
tests\flask_tests.py,00c5b7a937b63378394fc6fc576aa6c27106d6d6,2011-02-21,Armin Ronacher,added create_jinja_loader,0,76,9,313,0.0263,1277,195,235,1.205,8,4918,0.615,0.2390554577474087,0
src\flask\app.py,39f93632964ecabfcb9c1980e2add922098aad80,2022-05-14,David Lord,"finish moving url_for to app

move entire implementation to app
make special build args actual keyword-only args
handle no app context in method
menti",0,68,23,1078,0.0,846,71,222,3.127,15,10089,2.141,0.2389250281315616,0
flask\templating.py,d53d5c732bf794b965d15458f8e578fe51864a26,2015-06-17,Alexander Pantyukhin,before_render_template signal,0,30,9,1809,0.0,77,9,25,2.778,7,466,2.0,0.2387906451972125,0
tests\test_config.py,f2f027d1fbc12f3ff24f3e471e11ac56e1a5d869,2020-04-04,David Lord,remove unused module docstrings,0,26,9,2031,0.0,143,15,15,1.0,1,627,0.333,0.23878074718020764,0
tests\test_helpers.py,d6a1307f9debe7f878961866d42c380ade6b04da,2015-03-04,Keyan Pishdadian,"Change strings to bytes to support Python3, typo in function name",0,12,4,174,0.0,576,73,86,1.178,3,2373,0.863,0.23871168122128797,0
src\flask\app.py,a406c297aafa28074d11ec6fd27c246c70418cb4,2022-05-23,David Lord,apply setupmethod consistently,0,70,23,1087,0.0,854,71,222,3.127,15,10149,2.155,0.2385370090152987,0
flask\conf.py,c4f64c1c475badaeef009ad46846e32a8e5c9b66,2010-07-02,Justin Quick,working import layout for module,0,1,1,0,0.0,42,8,15,1.875,4,670,2.375,0.23852744261749736,0
src\flask\views.py,61f62e6005f72c44a90026e2589b6bc5234f2f24,2022-05-23,David Lord,access flask types through namespace alias,0,8,3,1087,0.0,52,5,15,3.0,7,744,2.8,0.23851712596774538,0
flask\helpers.py,85ff63c32e7237280bff3293481a371fb3da180c,2010-07-13,Armin Ronacher,Emit correct date.  In theory,0,19,3,11,0.0526,143,15,49,3.267,22,1753,2.0,0.23846232207641538,0
flask\exthook.py,715a9a3e7bd65421c36428ba9d4a1ee06b98bbc1,2017-06-26,David Lord,remove deprecated flask.ext,0,9,8,2099,0.0,72,8,26,3.25,7,678,2.375,0.2384546607727418,0
flask\signals.py,52098e1e4fc4d9c962e9ecb09dfbbcc6ac80a4d7,2014-01-02,Daniel Neuhäuser,Happy New Year 2014,0,9,2,1265,0.0,30,3,3,1.0,1,240,3.0,0.23832733918322008,0
flask\testsuite\basic.py,dbc40961913381ecf1513fa2467aefeef6d4d41b,2013-12-31,Mikael Åhlén,added a new test case with a Response instance and cleaned up the code,0,52,10,858,0.0,1114,181,202,1.116,3,4720,0.63,0.2382995881484982,0
tests\test_config.py,ef6c2b9e4aee74098a1208b42ce432d7c82fc0d3,2022-04-28,David Lord,clean up pytest.raises tests,0,30,9,2785,0.0,191,18,19,1.056,2,822,0.444,0.2382832558266174,0
src\flask\debughelpers.py,c2705ffd9ce1dc8476cb29eaf5ff5d4c719852d9,2025-09-19,David Lord,merge app and request context,0,16,3,2302,0.0,129,7,30,4.286,12,709,2.0,0.23826080157844873,0
flask\exthook.py,33534bb4a9937e6faba5ecec4586519f453369b6,2015-01-02,Parkayun,Happy New Year 2015,0,5,4,1192,0.0,57,8,24,3.0,6,620,2.375,0.23771977844326758,0
flask\wrappers.py,36425d5f91b57210f7707de9564377fea93825b2,2016-12-21,Jiri Kuncar,"Ignore cache on request.get_json(cache=False) call (#2089)

* Test cache argument of Request.get_json

* Ignore cache on request.get_json(cache=Fals",0,63,21,2364,0.0,85,10,33,3.3,9,939,1.5,0.23767439777482233,0
flask\debughelpers.py,ac99cd33a827f0694d718dae5f2699430263ed7e,2011-08-05,Armin Ronacher,Better internal method name,0,4,1,0,0.0,29,4,8,2.0,3,229,1.75,0.2376594470184661,0
tests\flask_tests.py,ac13deff401069c3854acca10c926119c6e1cbe0,2010-07-05,Armin Ronacher,"Re-added support for folder with static files, refactored static file sending",0,48,6,82,0.0417,806,130,147,1.131,3,3147,0.592,0.23752751319729473,0
src\flask\templating.py,c17f379390731543eea33a570a47bd4ef76a54fa,2026-02-18,David Lord,request context tracks session access,0,20,5,2454,0.0,136,15,33,2.2,5,875,2.067,0.23739583740179085,0
tests\test_basic.py,a12bf290da4e5ccc9cc7bd00a8e1ba8bccb50586,2019-05-25,Pete Beardmore,"fix 'static_url_path' defaulting for empty paths

-prefix a path delimiter iff there's a path to delimit
-ensures a valid default static route rule is",0,69,30,1716,0.0,1443,261,282,1.08,3,6116,0.927,0.23736134152254476,0
src\flask\sansio\app.py,54ff9b297276a3add08c8faf1557b5e359b3ab99,2023-11-09,David Lord,use ruff linter and formatter,0,2,1,82,0.0,320,34,78,2.294,12,4377,2.265,0.23720717019685456,0
tests\test_instance_config.py,b46f5942a528053034fecf210572ee04bc4a3284,2019-06-01,Jon S. Stumpf,address flake8 issues,0,5,4,1723,0.0,97,10,12,1.2,3,415,3.0,0.23710406668756173,0
tests\test_templating.py,66b1b752da1ccc67c1073d4a99c4141a1b2be445,2017-07-31,David Lord,"simplify logging configuration
single default handler and formatter
don't remove handlers
configure level once using setLevel
document logging
reorgan",0,18,9,1053,0.0,308,69,69,1.0,1,1313,1.043,0.23678606051343068,0
examples\flaskr\flaskr.py,8bb972e5ae647650457bc4e94ff51cb5e34951dd,2013-05-25,Thomas Waldmann,"fix minitwit/flaskr test errors, improve docs about file open mode

app.open_resource needs to get called with the correct mode param (python3
will re",0,11,3,1137,0.0,66,7,13,1.857,4,318,0.143,0.23674599805608443,0
flask\views.py,2792dcf23e848472767a075e7c30e28890fd539d,2012-01-23,FND,"simplified as_view documentation

in the process, rewrapped lines to 78 chars (the file's current maximum)",0,8,4,209,0.0,43,5,14,2.8,6,707,2.8,0.2367383816592488,0
flask\templating.py,5e12748d0efb5fc3d1f6a68d7bf05fd8980a2fd4,2015-06-17,Alexander Pantyukhin,Ignore before_render_template return values,0,33,11,1809,0.0,77,9,25,2.778,7,466,2.0,0.23671913502486186,0
flask\templating.py,99c99c4c16b1327288fd76c44bc8635a1de452bc,2015-07-04,Alan Hamlett,Enable autoescape for `render_template_string`,0,34,11,1826,0.0,77,9,25,2.778,7,471,2.0,0.23671913502486186,0
tests\test_blueprints.py,33534bb4a9937e6faba5ecec4586519f453369b6,2015-01-02,Parkayun,Happy New Year 2015,0,7,1,112,0.0,468,90,97,1.078,4,1944,0.389,0.23650216439538158,0
src\flask\__init__.py,702d973b1f55326526d764e3668900383ad8f4ef,2022-02-14,David Lord,release version 2.0.3,0,28,2,989,0.0,44,0,0,0.0,0,259,0.0,0.2364894578269811,0
src\flask\typing.py,190dd4df86874495f56bb088fbd0cb1d9f0e77a0,2022-03-15,David Lord,don't use AnyStr for ResponseValue type,0,8,6,322,0.0,38,0,0,0.0,0,260,0.0,0.23641675539140644,0
flask\debughelpers.py,310fbfcf64f40f237068fddbbbe45315f9935eca,2018-02-08,David Lord,"revert copyright year to project start
add copyright header to files",0,18,6,2379,0.0,114,8,33,4.125,13,747,1.625,0.23631642024347269,0
flask\config.py,405c2992f8de441789a1ed82045ab77cefbbedfc,2010-10-19,Jeff Weber,"Updated from_pyfile so its dynamic module creation uses the imp module instead of type.

Signed-off-by: Armin Ronacher <armin.ronacher@active-4.com>",0,3,1,106,0.0,48,8,16,2.0,4,714,2.375,0.23630902542542825,0
src\flask\wrappers.py,0a300d007d3a5ef902e0b3c91f6189267fbed182,2022-03-23,David Lord,better replacement of original form KeyError,0,11,2,1026,0.0,60,7,19,2.714,5,704,1.143,0.23624009771616117,0
src\flask\testing.py,43483683b2bc8da85f00ccccdfb8d9d5c77a6bb3,2019-06-01,David Lord,apply reorder-python-imports pre-commit config,0,1,1,0,0.0,146,10,37,3.7,13,1101,3.4,0.2362199676835588,0
flask\signals.py,0676bb8ab54a575616cd65d3c2ef1cc31fb82a84,2013-06-05,Armin Ronacher,Added appcontext_pushed and appcontext_popped signals,0,8,2,1053,0.0,30,3,3,1.0,1,240,3.0,0.23599257266278145,0
src\flask\templating.py,6000e80acf931b05b4911c3fa7f3ba33e2b80e64,2024-01-16,David Lord,address mypy strict findings,0,16,5,1690,0.0,137,15,33,2.2,5,856,2.067,0.23583281718597704,0
src\flask\templating.py,c2705ffd9ce1dc8476cb29eaf5ff5d4c719852d9,2025-09-19,David Lord,merge app and request context,0,18,5,2302,0.0,131,15,32,2.133,5,810,2.067,0.2358178583963744,0
tests\test_testing.py,662c245795c7cbb5dbd657a2d707c62c16770c18,2020-04-04,David Lord,remove _compat module,0,34,13,2031,0.0,302,49,52,1.061,2,1285,1.061,0.23571142715719898,0
tests\test_testing.py,1263d3bd142e4964da123f4e59088aa2968ec7e5,2020-04-04,David Lord,remove deprecated code,0,33,13,2031,0.0,303,49,52,1.061,2,1290,1.061,0.23571142715719898,0
src\flask\app.py,0d8c8ba71bc6362e6ea9af08146dc97e1a0a8abc,2022-09-18,Yang Yang,"Fix docstring of test_request_context (#4821)

Add missing `app.`.",0,90,24,1204,0.0,1027,81,243,3.0,16,11076,2.086,0.23534427831654908,0
flask\testsuite\testing.py,9dd61eea6b49bfe1cc4639f5bc4c1371df938d95,2011-11-10,Priit Laes,Added testcase for redirect and session keeparound bug,0,7,3,75,0.0,154,19,23,1.211,2,593,0.579,0.2352954085391874,0
flask\testsuite\basic.py,075b6b11c8b1690d946b8839e6dc4eb8a8cb7e3c,2012-03-11,James Saryerwinnie,"Fix issue 140

This allows for a view function to return something like:

    jsonify(error=""error msg""), 400",0,12,2,198,0.0,964,157,181,1.153,4,3980,0.586,0.2352106399799156,0
flask\json.py,a0801719f8f24a0e3192eca203bbd341c4e557ec,2013-05-22,Daniel Neuhäuser,Remove six dependency,0,8,4,226,0.0,51,10,18,1.8,4,684,2.0,0.23514859512149314,0
flask\wrappers.py,c5900a1adf8e868eca745225f3cf32218cdbbb23,2016-05-23,ThiefMaster,"s/1.0/0.11/ in versionadded/versionchanged markers

closes #1817",0,53,19,2151,0.0,85,10,32,3.2,8,927,1.5,0.23513199029978452,0
setup.py,b93ab41ed12c3dd0c37fb7a85f1aa93966b46d77,2014-09-11,Markus Unterwaditzer,Remove testsuite package from setup.py,0,62,13,1619,0.0,65,3,10,3.333,8,349,1.0,0.23507515652545863,0
flask\testsuite\config.py,b786eac5574e478d51314333fb6309456bff7b76,2012-01-18,Ron DuPlain,"Add test for limited imp loaders, #380.",0,7,2,145,0.0,230,23,44,1.913,3,1032,1.13,0.2349070197433236,0
src\flask\debughelpers.py,6000e80acf931b05b4911c3fa7f3ba33e2b80e64,2024-01-16,David Lord,address mypy strict findings,0,15,3,1690,0.0,129,7,30,4.286,12,707,2.0,0.23489316440945493,0
flask\_compat.py,33534bb4a9937e6faba5ecec4586519f453369b6,2015-01-02,Parkayun,Happy New Year 2015,0,11,5,593,0.0,55,6,8,1.333,2,376,2.167,0.2347387293814617,0
tests\test_helpers.py,39e66ca6d782630c67eae4e7e70e60799386ec8b,2015-03-04,Keyan Pishdadian,Add tests for adding exception to response contents only when DEBUG is True,0,10,3,173,0.0,576,73,86,1.178,3,2375,0.863,0.2343658390104666,0
tests\test_instance_config.py,41ec5760a2c55a099c3a1733fdd36fbb1258a02b,2025-03-29,David Lord,remove tests about deprecated pkgutil.get_loader,0,19,6,3852,0.0,80,8,8,1.0,1,298,2.625,0.23429022253417175,0
tests\test_basic.py,7bf8366970ec49b5396a1f86f00fdd1c5fef3fed,2019-05-24,pgjones,"Allow dictionary return values as JSON

This supports an increasingly common usecase whereby JSON is the
primary response (rather than a templated str",0,68,29,1715,0.0,1433,259,280,1.081,3,6069,0.927,0.2339208981714999,0
src\flask\config.py,1feb69d595575fabb569f8481c85c3568075d7ad,2019-11-13,Jochen Kupperschmidt,"Update `versionadded` for `Config.from_file`

According to the change log at https://github.com/pallets/flask/blob/master/CHANGES.rst, the release `Co",0,4,2,165,0.0,108,12,36,3.0,7,1339,2.917,0.2337467382785532,0
tests\test_basic.py,047efac537abad9e3880f545d8b767f6e6be3786,2016-06-02,jphilipsen05,Coverage for test_static_path_deprecated and test_static_url_path (#1860),0,22,12,630,0.0,1238,206,220,1.068,3,4945,0.354,0.2335666253342941,0
flask\app.py,665fa2a32b5ff2b1c1887a48ed69329110a555f7,2010-07-04,Armin Ronacher,More refactoring and moving stuff around,0,11,2,1,0.0,272,36,80,2.222,6,3948,2.111,0.2335444296316108,0
tests\flask_tests.py,8569dfee6136bfda4a5fa2297aed3d82700bb1a5,2010-11-29,Armin Ronacher,Added a PROPAGATE_EXCEPTIONS flag,0,71,8,229,0.0282,1192,182,219,1.203,8,4635,0.626,0.23323965318396897,0
tests\test_regression.py,310fbfcf64f40f237068fddbbbe45315f9935eca,2018-02-08,David Lord,"revert copyright year to project start
add copyright header to files",0,12,4,1246,0.0,59,10,14,1.4,4,265,0.7,0.23301780703731986,0
flask\wrappers.py,1df2788a8f29a1238cbdebd7fa59b0d6218995b5,2016-08-19,Adam Byrtek,Use app_ctx instead of request_ctx to access the app,0,59,21,2240,0.0,91,11,34,3.091,8,972,1.545,0.23300458204634195,0
tests\conftest.py,025589ee766249652e2e097da05808fe64911ddc,2019-05-06,David Baumgold,"Reformat with black

https://github.com/python/black",0,15,7,1698,0.0,132,20,27,1.35,3,605,1.35,0.23285649254985483,0
examples\flaskr\test_flaskr.py,33534bb4a9937e6faba5ecec4586519f453369b6,2015-01-02,Parkayun,Happy New Year 2015,0,1,1,112,0.0,48,7,7,1.0,1,261,1.143,0.23279702939194138,0
tests\test_testing.py,025589ee766249652e2e097da05808fe64911ddc,2019-05-06,David Baumgold,"Reformat with black

https://github.com/python/black",0,23,8,1698,0.0,271,43,46,1.07,2,1131,1.023,0.2327243218963374,0
src\flask\views.py,270eb2df2a1606383f50ff079a32240966b43fbc,2021-06-01,Miguel Grinberg,Support View and MethodView instances with async handlers,0,7,2,731,0.0,52,5,15,3.0,7,740,2.8,0.23263415980083427,0
flask\testsuite\basic.py,fd99abea57cfa3e72aee2116c58f962ec155a29c,2013-06-05,Armin Ronacher,Fixed too strict tests for cookie setting that broke on werkzeug changes,0,42,7,648,0.0,1001,165,186,1.127,3,4237,0.618,0.23238161502394705,0
flask\testsuite\basic.py,56d3b74488346a03b74fb4a9fd633cc5f79191d8,2013-06-02,Armin Ronacher,Added a test for non-ascii routing,0,41,7,646,0.0,1001,165,186,1.127,3,4236,0.618,0.23238161502394705,0
tests\test_testing.py,a4f0f197962b27a002c45f5e27b13a8d4a27ee63,2019-05-17,David Lord,don't push app context for test client json,0,24,9,1708,0.0,290,46,49,1.065,2,1209,1.043,0.2321318489957032,0
src\flask\templating.py,6a64969009bf1898bd302e6a9633f71942523f7f,2025-09-19,David Lord,pass context through dispatch methods,0,19,5,2302,0.0,130,15,31,2.067,5,811,2.067,0.2319937520818668,0
tests\test_json_tag.py,f2f027d1fbc12f3ff24f3e471e11ac56e1a5d869,2020-04-04,David Lord,remove unused module docstrings,0,8,4,1037,0.0,63,9,9,1.0,1,227,1.0,0.2319566409729642,0
flask\testsuite\testing.py,c90858a95d5fbe474ba075c3221de0b6f38c9ef2,2011-11-28,Armin Ronacher,Added a branch to test functionality enabled by new test client,0,9,4,94,0.0,157,19,24,1.263,2,624,0.579,0.23192615090901872,0
src\flask\app.py,84c722044ad03f7f5384f5314c8350b3a13d8dfa,2022-07-01,David Lord,new debug/test preserve context implementation,0,77,23,1126,0.0,859,69,223,3.232,16,10276,2.188,0.23192237484970882,0
tests\test_appctx.py,ef6c2b9e4aee74098a1208b42ce432d7c82fc0d3,2022-04-28,David Lord,clean up pytest.raises tests,0,23,11,2785,0.0,145,29,32,1.103,2,484,0.966,0.2318126642500352,0
flask\_compat.py,52098e1e4fc4d9c962e9ecb09dfbbcc6ac80a4d7,2014-01-02,Daniel Neuhäuser,Happy New Year 2014,0,7,2,229,0.0,38,4,6,1.5,2,285,2.5,0.23178911342938746,0
flask\testsuite\basic.py,62e7275bdf2bce19eb9fcfd31780e9314f96f092,2013-05-22,Daniel Neuhäuser,Use assert_false where appropriate,0,32,7,635,0.0,965,159,180,1.132,3,4088,0.623,0.23165651939852874,0
flask\testsuite\basic.py,a0801719f8f24a0e3192eca203bbd341c4e557ec,2013-05-22,Daniel Neuhäuser,Remove six dependency,0,33,7,635,0.0,965,159,180,1.132,3,4090,0.623,0.23165651939852874,0
flask\_compat.py,6ec83e18dca497a8fbfca6caca5999984bd32f2e,2014-01-26,Armin Ronacher,Added a workaround for a pypy bug in context managers,0,8,3,253,0.0,55,6,8,1.333,2,376,2.167,0.23163993217999274,0
setup.py,ddf0dfa8952852fb5365a794c4fe998a8ff6ba8f,2015-02-06,ThiefMaster,Use PEP440-compatible dev version,0,64,13,1767,0.0,60,3,10,3.333,8,337,1.0,0.23162736064571368,0
tests\test_basic.py,d393597c507ea62df534ba2ffb8a4e77cf3f1548,2016-06-03,Markus Unterwaditzer,"Use recwarn everywhere

...instead of custom fixture. Also assert that no warnings are left over
after the test.",0,23,13,630,0.0,1238,206,220,1.068,3,4946,0.359,0.23161458392211995,0
flask\_compat.py,025589ee766249652e2e097da05808fe64911ddc,2019-05-06,David Baumgold,"Reformat with black

https://github.com/python/black",0,20,13,2179,0.0,63,7,10,1.429,2,415,2.0,0.23161262514539474,0
tests\test_instance_config.py,0a00e1b6085f62fb776a95ef676ea661bff565f6,2023-05-02,David Lord,use tmp_path instead of tmpdir,0,18,6,3154,0.0,80,8,8,1.0,1,301,3.0,0.2315912325351313,0
tests\test_basic.py,a5ff3cd01b8a78b5ed2961a8095290fed4e2a0d5,2019-05-31,Daniel Pope,Fix style issues on master using Black,0,71,31,1722,0.0,1445,261,282,1.08,3,6116,0.927,0.23154835450955777,0
setup.py,85b20f8d491ae02278e720c961024e837cc64b0e,2015-02-06,Markus Unterwaditzer,Avoid duplication of version info,0,65,14,1767,0.0,43,0,0,0.0,0,237,0.0,0.23141063121082414,0
examples\flaskr\tests\test_flaskr.py,5f009374fd28aba381f375391b70ac131926bd9d,2016-08-22,Kyle Lawlor,"Update minitwit & improve testing for examples (#1954)

* Update minitwit & improve testing for examples

* Related to #1945
* Re-works minitwit to",0,1,1,47,0.0,48,7,7,1.0,1,263,1.143,0.23135215891960623,0
tests\test_config.py,4eb5e9455b2a8f15f3dc5065a47f8e43ac47e539,2022-03-25,David Lord,"more from_prefixed_env features

* support nested dict access with ""__"" separator
* don't specify separator in prefix
* catch exceptions for any loads",0,28,9,2751,0.0,181,18,18,1.0,1,790,0.444,0.23130578885989103,0
tests\test_helpers.py,1cd9e91810fcfc3b3ca4e8c157593af28de427d6,2015-03-05,Keyan Pishdadian,Changed error message to include actual exception contents,0,13,4,174,0.0,576,73,86,1.178,3,2371,0.863,0.23121589939361797,0
docs\conf.py,f46f7155b27a741081fc13fa7fb1db53e54f5683,2012-04-01,Kenneth Reitz,2012,0,22,2,726,0.0,71,0,0,0.0,0,1192,0.0,0.23112014144480478,0
flask\__init__.py,ee8417dac8364f02524edffddff92329f15b95af,2011-09-01,Armin Ronacher,Late but 2010 -> 2011 in some files,0,25,3,425,0.0,19,0,0,0.0,0,154,0.0,0.23110082329300974,0
tests\test_json_tag.py,524fd0bc8cec7bfe8167c9c98cb5511b01a0f4c6,2020-04-04,David Lord,apply pyupgrade,0,7,4,1037,0.0,63,9,9,1.0,1,236,1.0,0.2309911502325252,0
tests\test_basic.py,98b155c65da62077dc5f277a3ec15d3af78333af,2014-12-26,Michael Hall,Fixed #1288: app.add_url_rule() should look for OPTIONS methods in a case-insensitive manner,0,10,4,105,0.0,1191,194,214,1.103,3,4691,0.325,0.2309869911679747,0
flask\wrappers.py,866118302ef910f2b216e23783c9013d282e7807,2016-08-19,Adam Byrtek,Remove _missing sentinel and update docs,0,61,21,2240,0.0,91,11,34,3.091,8,975,1.545,0.2309054309370488,0
flask\templating.py,a06cd0a64418f2aafafb0a574c64c2ea5f3e9239,2011-03-19,Armin Ronacher,Started work on implementing blueprint based template loading,0,10,3,257,0.0,75,9,25,2.778,7,525,2.111,0.23086496888861666,0
flask\json.py,40fad2ece80e8bf6784e137028645fa66a3cd9c2,2013-05-18,Thomas Waldmann,"document python 2.6 minimum requirement, remove all stuff that refers to 2.5",0,5,2,222,0.0,50,10,18,1.8,4,680,2.0,0.2308193458867258,0
src\flask\config.py,43483683b2bc8da85f00ccccdfb8d9d5c77a6bb3,2019-06-01,David Lord,apply reorder-python-imports pre-commit config,0,1,1,0,0.0,99,11,35,3.182,7,1207,2.818,0.23071537152424654,0
tests\test_testing.py,57d628ca74513480908a63a6b66c1c8b1af896e8,2020-04-04,David Lord,remove more compat code,0,35,13,2031,0.0,301,49,51,1.041,2,1273,1.061,0.23061142715719898,0
flask\_compat.py,b3767ae59f8d916333ebc2cc04d962fa33f76580,2015-07-27,Mathias J. Hennig,Addressing feedback from pull request,0,13,7,799,0.0,51,6,7,1.167,2,313,2.167,0.2305045950731213,0
flask\wrappers.py,5bc0d15359b73afcb324eb696f9caeb362efa7cc,2017-06-26,David Lord,un-deprecate request.json,0,68,24,2550,0.0,69,10,29,2.9,8,826,1.6,0.2305039165932059,0
examples\tutorial\flaskr\auth.py,54ff9b297276a3add08c8faf1557b5e359b3ab99,2023-11-09,David Lord,use ruff linter and formatter,0,6,3,2040,0.0,77,6,17,2.833,6,368,0.333,0.23046872163260887,0
examples\tutorial\tests\test_blog.py,81c7ff7f8db09b5d609a09722785f70ec6f7af68,2022-03-25,David Lord,update tests for relative redirects,0,3,2,1446,0.0,58,8,8,1.0,1,323,2.75,0.2303912857453141,0
tests\test_testing.py,524fd0bc8cec7bfe8167c9c98cb5511b01a0f4c6,2020-04-04,David Lord,apply pyupgrade,0,36,13,2031,0.0,301,49,51,1.041,2,1266,1.061,0.23021142715719897,0
tests\test_testing.py,f2f027d1fbc12f3ff24f3e471e11ac56e1a5d869,2020-04-04,David Lord,remove unused module docstrings,0,38,13,2031,0.0,301,49,51,1.041,2,1254,1.061,0.23021142715719897,0
tests\test_testing.py,2ae740dd4903bbe5f3864384bcdf2ab2d4638bce,2020-04-04,David Lord,f-strings everywhere,0,37,13,2031,0.0,301,49,51,1.041,2,1267,1.061,0.23021142715719897,0
tests\test_basic.py,e1cc16f8bea15f11f63eacaa6089cd6e6b8b1965,2019-05-19,vorelq,"Fix 0 port value being overriden by default

By explicitly comparing port value with None,
instead of using its bool() value.",0,67,28,1710,0.0,1427,258,279,1.081,3,6047,0.93,0.23019676024046543,0
src\flask\app.py,fdab801fbbd9de5adbdb3320ca4a1cb116c892f5,2022-05-10,Tim Hoagland,add redirect method to app,0,64,20,1074,0.0,784,69,209,3.029,15,9241,2.087,0.23007195199765085,0
tests\flask_tests.py,97efffad9a9858c0d966723d543e1186629631d4,2011-03-15,Armin Ronacher,Enable deprecation warnings,0,80,11,335,0.025,1278,195,235,1.205,8,4931,0.615,0.23002344089693738,0
src\flask\views.py,6e23239567efde1c2e272db87c53444d6c22a1bb,2022-06-06,David Lord,add View.init_every_request attribute,0,9,3,1101,0.0,60,6,17,2.833,7,851,2.167,0.23002144223789872,0
flask\json.py,eb023bcfad7741248705f6715055ffe46928b7fe,2013-05-23,Armin Ronacher,Support old and new name for json,0,9,4,227,0.0,53,10,18,1.8,4,709,2.0,0.229860703029784,0
flask\__init__.py,f29ec355e99e052f98df46875aeb8e319b8e1beb,2011-07-07,Armin Ronacher,Backwards compatibility import,0,23,3,369,0.0,18,0,0,0.0,0,149,0.0,0.22975591829335645,0
flask\app.py,a3c9494f67a0e89d44f459dac9eb9d0bc9b9025b,2010-07-04,Armin Ronacher,Moved templating stuff into a separate module,0,10,2,1,0.0,271,36,80,2.222,6,3948,2.111,0.22971464239756825,0
examples\minitwit\minitwit_tests.py,dfecc86dd315586bec8f5f0838195d03ba7165d3,2010-05-27,Armin Ronacher,Ported examples over to new config. documented upgrading,0,3,1,46,0.0,99,11,14,1.273,3,658,1.818,0.22970462635447203,0
flask\testsuite\basic.py,f9e9e774646ff7cbd2df6386c7055760936a9fcd,2013-05-25,Thomas Waldmann,"fix data types in after_request test

TODO: why was that bug not causing / displaying an exception somehow?
      should give a TypeError in py 3.3.",0,35,7,638,0.0,965,159,180,1.132,3,4091,0.623,0.22940619251322109,0
flask\testsuite\basic.py,cf1641e5beec1ec11f418fa6e775fc44b9410180,2012-04-09,Armin Ronacher,Changed the implementation of returning tuples from functions,0,13,3,227,0.0,963,157,181,1.153,4,3966,0.586,0.22940227946223943,0
tests\flask_tests.py,8945a97a42d6475b1ee9fcb2689dc65dfce9828f,2010-07-04,Armin Ronacher,fixed possible security problem in module branch,1,47,6,81,0.0213,787,129,144,1.116,3,3087,0.589,0.22939571822389276,0
flask\views.py,bb99158c870a2d761f1349af02ef1decf0d10c7b,2012-03-19,Jon Parise,"Remove an unused iteration variable.

We can just iterate over the namespace dictionary's keys here.  We
don't need its values.",0,11,5,265,0.0,43,5,14,2.8,6,706,2.8,0.229381550444807,0
flask\testsuite\basic.py,93073489a0321225090bb21548521c2047219937,2013-06-05,Armin Ronacher,Documented changes on the g object some more,0,43,7,648,0.0,1012,166,187,1.127,3,4288,0.62,0.22936882432627262,0
flask\wrappers.py,5ebdd5dd7455ca4a4c8ba1aff727f40e77a11c08,2016-08-19,Adam Byrtek,Documentation updates,0,60,21,2240,0.0,91,11,34,3.091,8,972,1.545,0.22933077030356466,0
flask\wrappers.py,2446ca63a8d840a35ea4eac02672b24a6fcf406f,2015-06-06,Markus Unterwaditzer,0.11 => 1.0,0,51,17,1799,0.0,85,10,32,3.2,8,929,1.5,0.2291900723389932,0
src\flask\app.py,a74e266474f0981e9fc0d54d5dc430386823e4d7,2022-05-03,Stanislav Bushuev,skip coverage for TYPE_CHECKING,0,63,19,1067,0.0,781,68,208,3.059,15,9197,2.074,0.22913214845626215,0
flask\testsuite\basic.py,bb31188ec3882e9a6c6035b7a65ca257d424e31a,2012-04-22,Ron DuPlain,"Add a BuildError hook to url_for, #456.",0,14,3,240,0.0,973,159,183,1.151,4,4009,0.604,0.22905296910243433,0
flask\__init__.py,766522cb587850f643f3bb6cb011735ae6a98510,2011-10-02,Armin Ronacher,Prepare for an 0.8.1 release,0,28,3,456,0.0,19,0,0,0.0,0,155,0.0,0.2289737876511668,0
flask\__init__.py,3765cc2e9e6ea2d227f898d5b176aa50680e491c,2011-09-29,Armin Ronacher,This is 0.9-dev,0,27,3,454,0.0,19,0,0,0.0,0,154,0.0,0.2289737876511668,0
flask\__init__.py,d5e10e4685f54dde5ffc27c4f55a19fb23f7a536,2011-09-29,Armin Ronacher,Bump version number to 0.8,0,26,3,454,0.0,19,0,0,0.0,0,153,0.0,0.2289737876511668,0
tests\test_testing.py,bd5e297aa9697f42a61682fe56f10eeb650e8540,2016-10-12,Michael Recachinas,"Default environ (#2047)

* Add init to FlaskClient

This addresses #1467. The init in the subclass
can now take in `environ_base`, which will then ",0,12,4,761,0.0,211,28,31,1.107,2,851,0.107,0.2289455322583344,0
tests\test_config.py,bfdd37110c67ebeb42061fb43cf684b05291241f,2022-08-01,David Lord,deprecate config attributes,0,32,10,2881,0.0,187,17,18,1.059,2,807,0.471,0.22893887019009587,0
tests\test_basic.py,6c359e0f532d18a71895f035dd1326ca5d2d67f8,2016-06-03,Markus Unterwaditzer,Eliminate some resource warnings,0,24,13,630,0.0,1240,206,220,1.068,3,4950,0.359,0.22888555166405544,0
flask\signals.py,2eef63a3208ebc5ee69a7feebb57090de3982110,2014-03-15,max demian,Update signals.py,0,10,3,1337,0.0,30,3,3,1.0,1,240,3.0,0.2288520258140835,0
docs\conf.py,d40288496c18d86d16f8aad144e8cf57c46dd3bf,2015-06-06,Markus Unterwaditzer,"Show original autodoc signatures

Alternative to #1403",0,29,7,1886,0.0,89,3,3,1.0,1,1253,1.667,0.22879794543244492,0
tests\test_appctx.py,82c2e0366ce6b74a3786a64631ce58b85b3a7d4e,2022-07-08,David Lord,remove uses of LocalStack,0,24,11,2856,0.0,146,29,32,1.103,2,484,0.966,0.22872390307644572,0
tests\test_basic.py,53c893b646252d610e877eb9385e9e250a1ae5e1,2019-06-01,David Lord,fix string concats left over by black,0,75,34,1723,0.0,1448,261,282,1.08,3,6133,0.927,0.22863017269137598,0
tests\test_basic.py,b46f5942a528053034fecf210572ee04bc4a3284,2019-06-01,Jon S. Stumpf,address flake8 issues,0,73,33,1723,0.0,1446,261,282,1.08,3,6125,0.927,0.22863017269137598,0
tests\test_basic.py,8bb71852849907d1b67ba7514cf1812348e11b44,2019-05-31,John Zeringue,"Better error message when view return type is not supported

Before, returning a `bool` from a route caused the error

```
[2019-05-31 10:08:42,216] E",0,72,32,1722,0.0,1446,261,282,1.08,3,6125,0.927,0.22863017269137598,0
tests\test_basic.py,43483683b2bc8da85f00ccccdfb8d9d5c77a6bb3,2019-06-01,David Lord,apply reorder-python-imports pre-commit config,0,74,34,1723,0.0,1448,261,282,1.08,3,6133,0.927,0.22863017269137598,0
tests\test_cli.py,9121e109bdcd8b2a50bf53cac73b470232d126df,2016-08-20,Anton Sarukhanov,Add test for get_version (CLI) (#1884),0,11,10,95,0.0,124,19,19,1.0,1,623,0.632,0.22862772745882207,0
tests\test_basic.py,ed9ab2d3b6fc005b3807ddf484e85160233ffc82,2019-05-25,David Lord,strip static url trailing slash at assignment,0,70,31,1716,0.0,1443,261,282,1.08,3,6116,0.927,0.2285483545095578,0
src\flask\scaffold.py,6650764e9719402de2aaa6f321bdec587699c6b2,2023-02-23,David Lord,remove previously deprecated code,0,41,16,936,0.0,338,40,78,1.95,14,4097,2.15,0.22850949656231503,0
tests\flask_tests.py,e0148a00c0f468784052926f80e8112be7686470,2010-04-23,Armin Ronacher,"Basic module support is working, but does not look very nice.",0,14,3,9,0.0714,289,53,58,1.094,3,1201,0.566,0.22845710759613697,0
tests\test_reqctx.py,33534bb4a9937e6faba5ecec4586519f453369b6,2015-01-02,Parkayun,Happy New Year 2015,0,6,1,112,0.0,144,19,23,1.211,2,487,0.105,0.2284409239365035,0
src\flask\scaffold.py,7f87f3dd93baf45d5f69f02a2dcf4493dfc4a1be,2021-05-03,pgjones,"Simplify the async handling code

Firstly `run_sync` was a misleading name as it didn't run anything,
instead I think `async_to_sync` is much clearer ",0,12,4,274,0.0,306,39,71,1.821,10,3740,2.128,0.22840816092401792,0
flask\app.py,fedc06c2950a4c9930082a014d0f8da6ee0193be,2010-07-04,Armin Ronacher,dropped pkg_resources,0,7,2,1,0.0,277,38,82,2.158,6,3992,2.026,0.22831576066148865,0
flask\__init__.py,2866ccda1fe19a42adc735d75abaf304f8aed27b,2011-07-15,Armin Ronacher,Switch to explicit Werkzeug imports,0,24,3,377,0.0,19,0,0,0.0,0,154,0.0,0.22825871802985184,0
src\flask\typing.py,88863288225d5ee13a79c463f2a39391b6a52c61,2022-03-15,David Lord,relax errorhandler function arg type,0,7,6,322,0.0,36,0,0,0.0,0,258,0.0,0.2282370119970455,0
tests\test_cli.py,ced719ea18a56f6c4075e08dbe05f0e77eac1866,2017-05-22,Hendrik Makait,Auto-detect create_app and make_app factory functions,0,16,14,371,0.0,212,36,37,1.028,2,953,0.944,0.2282349266127862,0
flask\testing.py,e5d82020384ae527c36424b52612bbe625db9268,2010-07-05,Armin Ronacher,Added a docstring,0,1,1,0,0.0,22,3,6,2.0,3,145,2.667,0.228166011844027,0
flask\testsuite\basic.py,79ec3d81c1c0e4db7eb800e69f2c7aab3d8d02b3,2013-05-22,Daniel Neuhäuser,Prevent UnboundLocalError in test_build_error_handler,0,34,7,635,0.0,965,159,180,1.132,3,4091,0.623,0.22805651939852872,0
tests\test_config.py,b10b6d4af1127fdfb0a74221af0c020ced71fece,2023-02-23,AntoineMath,add text parameter to config.from_file,0,33,10,3086,0.0,195,18,19,1.056,2,847,0.444,0.2280167465570791,0
flask\testing.py,33534bb4a9937e6faba5ecec4586519f453369b6,2015-01-02,Parkayun,Happy New Year 2015,0,21,7,1641,0.0,67,5,18,3.6,7,563,3.2,0.22786339174017203,0
docs\conf.py,ae00f6d149c353e1ecb683ccbf01be221324a646,2011-08-07,Armin Ronacher,Tweaked autodoc to skip :internal: methods.,0,21,2,487,0.0,71,0,0,0.0,0,1192,0.0,0.22778718747079618,0
flask\ctx.py,33534bb4a9937e6faba5ecec4586519f453369b6,2015-01-02,Parkayun,Happy New Year 2015,0,54,11,1644,0.0,158,25,51,2.04,7,1735,1.64,0.22776811807164393,0
src\flask\app.py,c4b39ba2f3fede0555f18fc03b0f2499bb0d424b,2023-03-11,David Lord,replace werkzeug.urls with urllib.parse,0,99,27,1379,0.0,1028,81,243,3.0,16,11087,2.086,0.22765494342892933,0
tests\flask_tests.py,04e70bd5c7bd80696eabaea11afd9080d874f859,2011-03-14,Matt Chisholm,Add teardown_request decorator. Fixes issue #174,0,78,10,334,0.0256,1339,207,249,1.203,8,5144,0.623,0.2275852821898158,0
tests\test_json.py,69f9845ef2da3051d74d4dade3e88ccf5b2ee3de,2022-07-13,David Lord,add json provider interface,0,6,3,619,0.0,277,40,48,1.2,3,1057,1.375,0.22738118040900693,0
flask\testsuite\basic.py,58ad83f37c8f643d6b573ebbedf03a1fc3677c51,2013-06-14,Armin Ronacher,Added support for bytes in sessions back,0,45,7,657,0.0,1022,167,188,1.126,3,4341,0.623,0.227271607257627,0
scripts\flaskext_compat.py,33534bb4a9937e6faba5ecec4586519f453369b6,2015-01-02,Parkayun,Happy New Year 2015,0,10,6,1201,0.0,64,9,25,2.778,6,593,2.111,0.22723864772493277,0
src\flask\wrappers.py,6578b493c8c8d5d9b4135cb964dbbc43318cfb12,2022-03-23,David Lord,better override for json BadRequest error,0,12,2,1026,0.0,62,7,20,2.857,5,703,1.143,0.2270357931824369,0
flask\testsuite\basic.py,ac04bc78361d5562f8289e8efe16a2e9a97b0d01,2013-05-26,Thomas Waldmann,replace 1/0 by 1 // 0 to get rid of DeprecationWarning (and PEP8 issue),0,36,7,639,0.0,965,159,180,1.132,3,4091,0.623,0.2270061925132211,0
tests\test_testing.py,c65863912ba3c93d014378e21402c97babca272b,2019-06-13,David Lord,move url matching after opening session,0,31,13,1735,0.0,311,50,53,1.06,2,1328,1.06,0.22695467588907653,0
tests\test_config.py,3ecebcdf8de02818cd409afd6edd39a09248b3ef,2022-05-31,Stanislav Bushuev,Add test config.from_mapping method: ignoring items with non-upper keys,0,31,9,2818,0.0,194,18,19,1.056,2,837,0.444,0.22690337400799,0
scripts\flaskext_compat.py,2de525c720bea58c088decedd89bab5914e39a7e,2015-05-02,Matthias Bussonnier,"importlib deprecated in 3.5.

Replace the use of importlib by types.ModuleType that seem to be
available since at least 2.6

closes gh-1449",0,11,7,1322,0.0,64,9,25,2.778,6,593,2.111,0.22680289013474544,0
src\flask\scaffold.py,4256fc63044fa0d9c2135443461689b1adaf386d,2023-02-23,David Lord,deprecate locked_cached_property,0,42,16,936,0.0,338,40,78,1.95,14,4098,2.15,0.22679521084802934,0
tests\flask_tests.py,d67a36cbdb20bfd9cd9931bceb8e6e3c27e9263f,2010-07-04,Armin Ronacher,Added a testcase for the improved module support,0,46,6,81,0.0217,787,129,144,1.116,3,3087,0.589,0.22664096882994963,0
flask\debughelpers.py,c9b33d0e860e347f1ed46eebadbfef4f5422b6da,2017-01-29,Armin Ronacher,Convert Flask.run into a noop when run from the CLI,0,17,6,2003,0.0,114,8,33,4.125,13,747,1.625,0.2266325870684883,0
flask\testsuite\basic.py,1b40b3b573f5d98cf9fbc453305cd535c0b2578d,2013-06-02,Armin Ronacher,Fixed request context preservation and teardown handler interaction.,0,40,7,646,0.0,992,163,184,1.129,3,4202,0.62,0.22648247709291258,0
src\flask\wrappers.py,d178653b5f7a5ee2ba15e215ce60caeeb9ed82e1,2022-11-25,David Lord,update requirements,0,16,3,1273,0.0,63,7,20,2.857,5,712,1.143,0.22630460970720934,0
flask\json.py,c349c91affd1d2123f50ab7a3d8c571da489338e,2013-05-14,Armin Ronacher,Added support for UUID objects to JSON serializer as well,0,4,2,218,0.0,50,10,18,1.8,4,691,2.0,0.2261667149202387,0
src\flask\config.py,aac0f585b944cc65a1b570c1cc26d840f03e2f72,2019-10-18,David Lord,clean up config.from_file docs,0,3,2,139,0.0,108,12,36,3.0,7,1339,2.917,0.22602107660615242,0
tests\flask_tests.py,8a73097fe528430eb77ac26c81ba85229a8af553,2011-01-24,mvantellingen,"Add unittests for the endpoint decorator

Signed-off-by: Armin Ronacher <armin.ronacher@active-4.com>",0,75,8,285,0.0267,1265,192,232,1.208,8,4873,0.615,0.2256541089170677,0
tests\test_basic.py,e048aa4e19d689104733783a19560a6a485a473c,2016-06-03,dawran6,"Add negative test for json.jsonify (#1876)

Test if jsonify function raises TypeError when both args and kwargs are
passed in.
Check the TypeError's",0,25,13,630,0.0,1246,207,221,1.068,3,4978,0.357,0.22561282439132815,0
tests\test_templating.py,4d2a3ab2e07e36b56d09e16f0836dbd0bdd7b34c,2017-06-14,David Lord,"test no debug flag doesn't reconfigure
test templates_auto_reload property instead of config
use app fixture in test",0,16,8,1006,0.0,313,69,70,1.014,2,1329,1.029,0.2255367403012129,0
flask\helpers.py,f5b8c082847baa8a902cef22c43a5d50d7a55bdc,2010-07-15,Armin Ronacher,endpoint is optional for modules.  This fixes #86,0,20,3,12,0.05,147,16,50,3.125,22,1789,1.938,0.22526954001528143,0
tests\test_apps\cliapp\factory.py,524fd0bc8cec7bfe8167c9c98cb5511b01a0f4c6,2020-04-04,David Lord,apply pyupgrade,0,5,3,1045,0.0,9,4,4,1.0,1,36,1.0,0.2251075340855206,0
tests\test_config.py,0a00e1b6085f62fb776a95ef676ea661bff565f6,2023-05-02,David Lord,use tmp_path instead of tmpdir,0,34,11,3154,0.0,191,18,19,1.056,2,843,0.444,0.22495444286986283,0
tests\flask_tests.py,11c66be80e3e249c5f14dd9a23f49a073cd03903,2010-12-23,Armin Ronacher,Added testcase for an issue that may exist on windows,0,73,8,253,0.0274,1214,183,223,1.219,8,4695,0.628,0.22492601816774688,0
flask\wrappers.py,23de58682c730a67820e77605386a16303d57447,2016-08-19,Adam Byrtek,Remove redundant `cache` flag,0,56,21,2240,0.0,88,11,33,3.0,8,980,1.455,0.22488221894337052,0
flask\testsuite\basic.py,239780be289efd365c07be2f60bab9223388399e,2013-05-22,Daniel Neuhäuser,"Use assert_true instead of assert_

assert_ is deprecated which causes annoying warnings",0,30,7,635,0.0,965,159,180,1.132,3,4121,0.623,0.2248670457143182,0
flask\testsuite\basic.py,9f8a2075c79fec1b5481f5a5a95bb23b40bf68f2,2013-05-22,Daniel Neuhäuser,Use assert_in where appropriate,0,31,7,635,0.0,965,159,180,1.132,3,4092,0.623,0.2248670457143182,0
flask\testsuite\basic.py,5b89355b1c9771431fb8a011094591ad43461b0a,2013-05-22,Daniel Neuhäuser,Response data is bytes,0,29,6,635,0.0,965,159,180,1.132,3,4121,0.623,0.2248670457143182,0
tests\test_logging.py,1263d3bd142e4964da123f4e59088aa2968ec7e5,2020-04-04,David Lord,remove deprecated code,0,10,3,977,0.0,69,9,10,1.111,2,275,0.889,0.22465985656499324,0
src\flask\__init__.py,b109b092a95036de875246f05cdc377a2c7faab8,2022-03-28,David Lord,start version 2.2.0,0,30,2,1031,0.0,43,0,0,0.0,0,254,0.0,0.22465394638435396,0
src\flask\__init__.py,7d264d7dc5b3e057319d43ef0897709f4c78f1ef,2022-03-28,David Lord,release version 2.1.0,0,29,2,1031,0.0,43,0,0,0.0,0,253,0.0,0.22465394638435396,0
flask\testsuite\basic.py,3d67736e090f55fcdc476452ac89a79fdd14cc23,2013-09-21,Daniel Richman,"Check error handlers for specific classes first

This allows adding error handlers like this:

    @app.errorhandler(werkzeug.exceptions.Forbidden)

A",0,50,8,757,0.0,1120,186,207,1.113,3,4721,0.634,0.22464095092440173,0
tests\test_json_tag.py,49b7341a491e01cd6a08238ca63bd46ae53a009f,2021-02-25,Grey Li,update json.dumps for http_date changes,0,9,4,1364,0.0,64,9,9,1.0,1,234,1.0,0.22448833557900447,0
tests\flask_tests.py,164067920ba7832e587a24725384789ab92bd55f,2010-12-01,Armin Ronacher,Updated examples to work with pypy which has a incomplete sqlite3 in 1.4.  Also disable a euc-kr test that does not work on pypy,0,72,8,231,0.0278,1201,183,221,1.208,8,4657,0.628,0.22440140876709552,0
tests\flask_tests.py,67f4b0f31538832f06b9351d15e30c85f449ac7e,2010-04-24,Armin Ronacher,"Modules are now instanciated with the package name.

This makes it possible to load resources from the folder the module is
located in.",0,16,3,10,0.0625,322,60,65,1.083,3,1310,0.55,0.22433052955555552,0
src\flask\__init__.py,134aebe60115716b962a95a0dd31bf72c5417941,2022-07-13,David Lord,release version 2.1.3,0,40,5,1138,0.0,43,0,0,0.0,0,253,0.0,0.2243250802009168,0
flask\testsuite\helpers.py,146088d58066f16ef4bc8172f8120402517c34d3,2012-03-13,Ron DuPlain,"Expand docs on send_file option hook, #433.",0,13,5,200,0.0,302,38,47,1.237,2,1428,0.711,0.2242279633845063,0
flask\testsuite\basic.py,90e3906d02780c47e813649b1e282bfd279d7cb1,2013-05-30,Armin Ronacher,Fixed some test failures,0,39,7,643,0.0,969,159,180,1.132,3,4101,0.623,0.22416730166592994,0
flask\testsuite\basic.py,eb622fb34f0b2433b21b6b5454273a597b77a6d4,2013-05-30,Armin Ronacher,Fixed a whole bunch of resource warnings in the flask testsuite,0,38,7,643,0.0,967,159,180,1.132,3,4096,0.623,0.22416730166592994,0
tests\test_instance_config.py,025589ee766249652e2e097da05808fe64911ddc,2019-05-06,David Baumgold,"Reformat with black

https://github.com/python/black",0,4,3,1698,0.0,97,10,12,1.2,3,413,3.0,0.22415561287881544,0
flask\testsuite\helpers.py,d94efc6db63516b7f72e58c34ae33700f3d9c4fb,2012-03-13,Ron DuPlain,"Expose send_file max-age as config value, #433.

Need to add the same hook in a Blueprint, but this is the first such
case where we need app.config in",0,14,5,200,0.0,307,38,47,1.237,2,1449,0.711,0.2241364584901834,0
src\flask\views.py,77237093da25438c88b0a74c374a397d4bf823eb,2021-04-26,pgjones,"Add initial type hints

This should make it easier for users to correctly use Flask. The hints
are from Quart.",0,6,1,695,0.0,51,5,15,3.0,7,732,2.8,0.22408611642162513,0
flask\views.py,775caf726db10c6c736a454b17fcc0f1f1474193,2011-06-28,Armin Ronacher,Improved cbv and added tests,0,1,1,0,0.0,35,5,10,2.0,6,497,2.8,0.22408353840998235,0
flask\testsuite\basic.py,47572c5b4006c54f0991587d5c07d599d0ad3325,2013-05-30,Armin Ronacher,Set the content length automatically before calling wrap_file,0,37,7,643,0.0,966,159,180,1.132,3,4094,0.623,0.2239746135658527,0
examples\javascript\tests\test_js_example.py,df201ed152b61c439ea1ace179f35b424594ba6c,2024-11-01,David Lord,fix js example test,0,4,2,2395,0.0,22,3,3,1.0,1,85,3.667,0.22395345967866168,0
tests\test_basic.py,33534bb4a9937e6faba5ecec4586519f453369b6,2015-01-02,Parkayun,Happy New Year 2015,0,11,5,112,0.0,1191,194,214,1.103,3,4691,0.325,0.22367804040487538,0
flask\testsuite\basic.py,c889fbc231af08a0cd28a9694b60ffde9e1ff650,2013-06-09,Armin Ronacher,"Changed interface for `flask.g`

This now makes it behave like it did before, it's just an object.
It did however gain ``__contains__`` and ``__iter__",0,44,7,653,0.0,1019,167,188,1.126,3,4324,0.623,0.2235981378698719,0
src\flask\app.py,fac630379d31baaa1667894c2b5613304285a4bb,2022-05-12,David Lord,update app.redirect docs,0,66,22,1076,0.0,789,70,210,3.0,15,9393,2.071,0.22356882105381523,0
tests\test_reqctx.py,2eb28165a9f5610aba2dea24086a53ad89dc66ce,2017-05-23,Rene A. Zelaya,Bundling 'test_greenlet_context_copying' functions into a new class in tests/test_reqctx.py.,0,11,6,985,0.0,161,24,28,1.167,2,532,0.708,0.2234959614747454,0
flask\wrappers.py,723e6650048bc8097da20b23ebddcd4c0ad6bc61,2017-06-26,David Lord,remove deprecated Request.module,0,67,24,2550,0.0,73,10,29,2.9,8,847,1.6,0.22347967926881127,0
src\flask\templating.py,43483683b2bc8da85f00ccccdfb8d9d5c77a6bb3,2019-06-01,David Lord,apply reorder-python-imports pre-commit config,0,1,1,0,0.0,89,11,28,2.545,5,516,2.182,0.2234072174390121,0
flask\testsuite\helpers.py,cb24646948a8c00c5b39f0d76bf75e153ac502b1,2012-03-12,Christoph Heer,Add jsonp support inside of jsonify,0,12,4,199,0.0,299,38,48,1.263,3,1396,0.632,0.22331369447591795,0
flask\ext\__init__.py,c72ca16234e4dbea448ea43d002eb500c09f4932,2011-09-18,Armin Ronacher,Added tests for the import hook and fixed a problem with it.,0,1,1,0,0.0,31,4,10,2.5,4,244,1.75,0.22311453035727646,0
flask\module.py,6fca662c841797a2006999c699a6738b20af1d4e,2010-08-20,Heungsub Lee,Fix the 108th issue.,0,15,4,48,0.0,82,17,23,1.353,4,972,2.353,0.22309355817606802,0
tests\test_basic.py,b573a86977161b93152dddb5bfc43195335b3c59,2018-04-28,David Lord,"trap key errors in debug, not all 400 errors",0,62,25,1324,0.0,1430,256,277,1.082,3,5934,0.926,0.22308812250431384,0
tests\test_reqctx.py,d29dbe14cfc6737378ef01868b89ee154a777a48,2017-05-23,Rene A. Zelaya,"Correcting name of GreenletContextCopying test class (to start with 'Test'), making it extend object, and also having the test methods in it include '",0,12,7,985,0.0,161,24,28,1.167,2,535,0.792,0.22298317552975302,0
src\flask\helpers.py,eca5fd1dfdc614c2df876cc32018a7d71f84ea82,2026-01-24,David Lord,redirect defaults to 303,0,85,22,2429,0.0,198,17,42,2.471,9,2922,2.176,0.22293094697549737,0
src\flask\__init__.py,c6f297719e43380011e76ad6d070b7a27d4d1dce,2022-03-30,David Lord,release version 2.1.1,0,32,2,1033,0.0,43,0,0,0.0,0,253,0.0,0.22292036657631983,0
src\flask\__init__.py,fdab801fbbd9de5adbdb3320ca4a1cb116c892f5,2022-05-10,Tim Hoagland,add redirect method to app,0,35,2,1074,0.0,43,0,0,0.0,0,253,0.0,0.22292036657631983,0
src\flask\__init__.py,7b28a9057d6925ae408ef73a9f28e9906d9300b3,2022-04-28,David Lord,release version 2.1.2,0,34,2,1062,0.0,43,0,0,0.0,0,253,0.0,0.22292036657631983,0
src\flask\__init__.py,69f71b4d94006678a2463f76a4504208d195c367,2022-04-24,David Lord,start version 2.1.2,0,33,2,1058,0.0,43,0,0,0.0,0,254,0.0,0.22292036657631983,0
flask\module.py,4f8ee8f12946b224e5003405be99aa4e454bdeee,2010-07-04,Armin Ronacher,"Added missing comments, fixed setup.py and made tests pass",0,2,1,1,0.0,59,15,17,1.133,2,653,2.267,0.22291492153512593,0
src\flask\__init__.py,04994df59f2f642e52ba46ca656088bcdb931262,2023-08-16,David Lord,remove deprecated code,0,63,7,1537,0.0,40,0,0,0.0,0,238,0.0,0.2229084769879853,0
src\flask\__init__.py,0ec7f713d679ceed2c605e62ac5d38d579f29fa0,2023-08-19,pgjones,"Split the App and Blueprint into Sansio and IO parts

This follows a similar structure in Werkzeug and allows for async
based IO projects, specificall",0,64,7,1540,0.0,40,0,0,0.0,0,238,0.0,0.2229084769879853,0
tests\flask_tests.py,faa1c71e455a99e9b098aa9bb4667c07a1bab6aa,2010-08-07,Armin Ronacher,Request local objects now fail properly with a RuntimeError.  This fixes #105,0,64,6,115,0.0312,1025,169,192,1.136,3,3938,0.609,0.22276938396901727,0
flask\wrappers.py,e97253e4c1a0380f0b70108e8f984b0d9b87ac11,2017-06-04,David Lord,clean up JSON code and docs,0,66,24,2529,0.0,82,11,31,2.818,8,914,1.545,0.22266471689226713,0
tests\flaskext_test.py,1d2a308c202f401446fa1f092fe0af904ac0230d,2010-10-19,Armin Ronacher,merged,0,9,2,87,0.0,169,14,31,2.214,4,1102,1.5,0.2225099744183969,0
tests\flask_tests.py,fda14678c07d036ef3a1984a4e346e793cc5a63c,2010-08-07,Armin Ronacher,Deprecated send_file etag support and mimetype guessing for file-like objects.  This fixes #104,0,65,6,115,0.0308,1053,171,195,1.14,3,4052,0.637,0.22248010827447418,0
src\flask\blueprints.py,43483683b2bc8da85f00ccccdfb8d9d5c77a6bb3,2019-06-01,David Lord,apply reorder-python-imports pre-commit config,0,1,1,0,0.0,242,44,65,1.477,6,2153,2.341,0.22220029265005992,0
flask\_compat.py,e666f7a69c737fef8236237671be4da5910e9113,2019-06-22,David Lord,standardize license and copyright,0,23,16,2226,0.0,56,6,8,1.333,2,366,2.167,0.22204265495821512,0
flask\wrappers.py,44da905cb7e0d81267d75ccfcb7ffa2669f02aeb,2015-03-05,Keyan Pishdadian,Change format index to support Python 2.6,0,49,17,1706,0.0,86,10,32,3.2,8,930,1.5,0.221866682287336,0
flask\wrappers.py,1cd9e91810fcfc3b3ca4e8c157593af28de427d6,2015-03-05,Keyan Pishdadian,Changed error message to include actual exception contents,0,48,17,1706,0.0,86,10,32,3.2,8,929,1.5,0.221866682287336,0
flask\wrappers.py,290c371eb1d0a140203cffce6f270b3cca6783dc,2015-03-05,Keyan Pishdadian,Change to hardcoding exception contents to support Python3 json loading exception format,0,47,17,1706,0.0,86,10,32,3.2,8,928,1.5,0.221866682287336,0
flask\wrappers.py,7b080355f561333e4eea01f656f0e4b32dcc688c,2015-03-05,Keyan Pishdadian,Remove unused import and clean control flow,0,50,17,1707,0.0,85,10,32,3.2,8,929,1.5,0.221866682287336,0
src\flask\__init__.py,5589915b383a6f53e92f3822c982cce3c4083456,2022-03-30,David Lord,start version 2.1.1,0,31,2,1033,0.0,43,0,0,0.0,0,254,0.0,0.22181650796070865,0
tests\test_basic.py,1ff98a2d21f6800b7b97195e0f9c90776ffb8f9b,2019-06-13,Elad Moshe,"wait until app ctx is ready before matching url

`RequestContext.match_request` is moved from `__init__` to `push`. This
causes matching to happen lat",0,77,34,1735,0.0,1423,257,276,1.074,3,6034,0.914,0.22163330748761426,0
tests\test_basic.py,dbd4520ccbe0954d8ff4f926ba5f16c4f5291533,2019-06-10,David Lord,"fix tests failing with server name warnings

After pallets/werkzeug#1577, mismatched configured and real server
names will show a warning in addition ",0,76,34,1733,0.0,1416,256,276,1.078,3,5897,0.926,0.22163330748761426,0
tests\flask_tests.py,a3a843999b8f98a96fb44f573515d44648d72bab,2010-08-09,Armin Ronacher,normpath is now used before loading templates,0,66,6,117,0.0303,1055,171,195,1.14,3,4064,0.637,0.22149933904370495,0
src\flask\helpers.py,9e831e915fa875423af0c0de8f53a3780055919e,2024-10-24,bre-17387639,fix pyright type errors,0,78,19,1972,0.0,198,17,42,2.471,9,2951,2.176,0.2214698074463203,0
tests\flask_tests.py,c9002569c9abfa715e491aa636555e51ddf85d50,2010-08-03,Armin Ronacher,Various pyflakes fixes,0,63,6,111,0.0317,1022,168,191,1.137,3,3924,0.607,0.2214157462274485,0
flask\_compat.py,bf3708609a3a0a2bd03f60e9075ce9e2720156fb,2014-06-15,Shipeng Feng,Fixed typo in _compat.py,0,10,4,392,0.0,55,6,8,1.333,2,376,2.167,0.2214132412003231,0
flask\ctx.py,ec0d208bc14c49c611ae05d391b1edb35af854c7,2015-03-23,Martijn Pieters,"Switch away from using None as default value for the exception when tearing down a context.

When an exception has been handled when using the request",0,55,12,1724,0.0,159,25,51,2.04,7,1744,1.64,0.22139070028701754,0
setup.py,7368a164c7506046a4a0b0ce2113c2aaa7800087,2015-12-20,lord63,Clarify the python versions that flask supports,0,66,14,2084,0.0,49,0,0,0.0,0,266,0.0,0.2213477632040873,0
tests\flask_tests.py,2a73bbc436041875f81aeffd5b8f13c6da8fcf19,2010-08-20,Armin Ronacher,Added testcase.  This fixes #108,0,68,6,128,0.0294,1069,173,197,1.139,3,4122,0.636,0.22133834833163063,0
flask\testsuite\config.py,76773e1d0a8cabbe048bb76f9306185e9d83a85c,2012-03-01,Dave Shawley,"Fixed silent keyword arg to config.from_envvar.

The ``silent`` keyword argument to Config.from_envvar was not being honored
if the environment variab",0,8,2,188,0.0,247,24,47,1.958,3,1100,1.125,0.221313305822351,0
flask\app.py,532347d6adf1da64259f1af91860d5fa27bac9f1,2010-07-04,Armin Ronacher,phased out shared data middleware in flask for send_file,0,6,2,1,0.0,279,38,83,2.184,6,4001,2.026,0.22123805013014233,0
tests\flask_tests.py,a06cd0a64418f2aafafb0a574c64c2ea5f3e9239,2011-03-19,Armin Ronacher,Started work on implementing blueprint based template loading,0,83,11,339,0.0241,1388,213,257,1.207,8,5324,0.634,0.22122868803802953,0
flask\views.py,76c1a1f7227ca13f3c5952b248af93b75e9a95c9,2012-01-23,FND,"fixed spelling of ""instantiate""

while the interwebs suggest ""instanciate"" might be a valid spelling, it
seems quite uncommon and potentially irritati",0,7,3,209,0.0,43,5,14,2.8,6,710,2.8,0.22116661083072947,0
flask\app.py,4f8ee8f12946b224e5003405be99aa4e454bdeee,2010-07-04,Armin Ronacher,"Added missing comments, fixed setup.py and made tests pass",0,4,2,1,0.0,275,37,81,2.189,6,3969,2.027,0.22088109989123456,0
tests\test_reqctx.py,a31e6b73469cb2bf7eb8f70b5ff21f710fd2e23c,2026-04-05,David Lord,remove werkzeug host tests,0,34,14,4223,0.0,205,30,34,1.133,2,718,0.7,0.22086590582223603,0
tests\test_templating.py,310fbfcf64f40f237068fddbbbe45315f9935eca,2018-02-08,David Lord,"revert copyright year to project start
add copyright header to files",0,19,9,1246,0.0,308,69,69,1.0,1,1313,1.043,0.22085319652437524,0
flask\wrappers.py,33534bb4a9937e6faba5ecec4586519f453369b6,2015-01-02,Parkayun,Happy New Year 2015,0,43,15,1644,0.0,82,10,30,3.0,8,904,1.5,0.22081027885130225,0
flask\ctx.py,5e1b1030e8edecb0c9652f2a406933c049ea2397,2010-07-12,Armin Ronacher,Added support for automagic OPTIONS,0,6,2,10,0.0,33,5,10,2.0,4,254,2.0,0.2207359868441142,0
flask\wrappers.py,19df249c8907d79d58b8c9dc5fa5cea6e40ad2e7,2015-03-04,Keyan Pishdadian,Change logic to support when current_app is not available,0,46,17,1706,0.0,86,10,32,3.2,8,923,1.5,0.22062530297699118,0
flask\globals.py,1b77a3fb11a0819114804e4f88233b2dc215b653,2014-05-07,Armin Ronacher,Made errors for working outside of contexts clearer.,0,9,3,1405,0.0,38,3,6,2.0,2,192,0.667,0.22051342832958928,0
flask\views.py,4aebc267bc67c5d8a1687c0e5a7ecc949d6e7d20,2012-01-31,FND,"Hyphenate ""class-based""

makes it more readable",0,10,5,217,0.0,43,5,14,2.8,6,708,2.8,0.22043019326130175,0
src\flask\app.py,eb5dd9f5ef255c578cbbe13c1cb4dd11389d5519,2022-05-12,dzcode,add aborter object to app,0,65,21,1076,0.0,789,70,210,3.0,15,9376,2.071,0.2203706458861558,0
src\flask\helpers.py,6c44dd4bb8e4f2ca5f135f172de4725b2cada155,2024-11-06,David,"update helpers.send_from_directory docstring (#5599)

Update helpers.send_from_directory docstring to match werkzeug.utils.send_from_directory docstri",0,80,20,1985,0.0,198,17,42,2.471,9,2963,2.176,0.2202548074463203,0
src\flask\helpers.py,1d610e44b396d11113bb6a5d168cc5e996a6dfb9,2024-10-31,David Lord,drop support for Python 3.8,0,79,20,1979,0.0,198,17,42,2.471,9,2949,2.176,0.2202548074463203,0
tests\test_templating.py,465922e5f1cb76cf669a38afe25facde2176b9f0,2017-06-28,David Lord,"clean up secret key docs
consistent key across docs and examples
consistent key across tests, set in conftest",0,17,9,1020,0.0,312,69,70,1.014,2,1325,1.029,0.22024681726060788,0
tests\test_testing.py,5b0b9717da958fd6325c675d92be4f6667796112,2017-05-23,Christian Stade-Schuldt,"DRYing up the test suite using pytest fixtures (#2306)

* add fixtures to conftest.py

* use fixtures in test_appctx.py

* use fixtures in test_bl",0,13,5,985,0.0,193,28,31,1.107,2,800,0.821,0.2202240860500657,0
src\flask\helpers.py,a29f88ce6f2f9843bd6fcbbfce1390a2071965d6,2026-03-04,David Lord,document that headers must be set before streaming,0,87,22,2468,0.0,199,17,42,2.471,9,3055,2.176,0.22021821042310047,0
flask\wrappers.py,310fbfcf64f40f237068fddbbbe45315f9935eca,2018-02-08,David Lord,"revert copyright year to project start
add copyright header to files",0,70,25,2778,0.0,69,10,29,2.9,8,864,1.6,0.22017057962968883,0
flask\templating.py,817b72d484d353800d907b3580c899314bf7f3c6,2014-08-27,Armin Ronacher,Removed deprecated module functionality,0,23,7,1514,0.0,70,9,22,2.444,5,460,2.0,0.22009988313379775,0
tests\test_basic.py,6d2c076a3bfafc39eed12a5bca41067c60184c77,2015-02-06,Chris Rebert,make test_request_preprocessing_early_return more thorough,0,14,6,148,0.0,1212,199,219,1.101,3,4746,0.317,0.2199190979798613,0
tests\flask_tests.py,da514b398429653dbd368c6da48c9863d3c2632f,2010-07-06,Armin Ronacher,Respect the domain for the session cookie.  This fixes #79,0,49,6,83,0.0408,819,132,149,1.129,3,3198,0.591,0.21987257157741932,0
flask\testsuite\basic.py,70f8b39c52527573e65e7066024a187867564c01,2013-12-31,Mikael Åhlén,"added a new behaviour for responses that enable the tuple to be in the form of (response, headers) and continiue to support the (response, status, hea",0,51,9,858,0.0,1103,180,201,1.117,3,4673,0.633,0.21977627124024862,0
flask\__init__.py,db28217574c119b65f4a5c9dcc7922656d60f22b,2011-05-29,Armin Ronacher,"Fixed a bug, view_args not values",0,15,3,330,0.0,17,0,0,0.0,0,136,0.0,0.21973597403528056,0
flask\testsuite\basic.py,44e39ab0713566bd91363f19ed09921df5db0196,2013-06-14,Serge S. Koval,Fixed class-based views support,0,46,7,657,0.0,1045,172,193,1.122,3,4436,0.645,0.21969517912777342,0
examples\blueprintexample\blueprintexample.py,eb0c8a6beea766812fb94712c27ed6e1e99d6249,2014-07-03,Suraj Patil,"The example does not execute

With the inclusion of the app.run we now are able to execute the program, it would be great if we'd have even more detai",0,2,2,854,0.0,7,0,0,0.0,0,31,0.0,0.21962749914862129,0
flask\testsuite\basic.py,3e4dbf93d9ef2b64d32b291aa6f7620bdbc6576a,2013-07-30,Armin Ronacher,Fixed a test that broke on 3.x,0,48,8,704,0.0,1079,176,197,1.119,3,4577,0.642,0.21959370954243293,0
flask\testsuite\basic.py,af5a0853bfe36d547af93b904729a43fcf8cc55d,2013-07-31,Markus Unterwaditzer,Fix #815,0,49,8,704,0.0,1085,178,199,1.118,3,4597,0.64,0.21959370954243293,0
flask\testsuite\basic.py,d1d835c02302884b2db1cab099b3ea6a84f41d32,2013-07-30,Armin Ronacher,"Added SESSION_REFRESH_EACH_REQUEST config option.

This also changes how sessions are being refreshed.  With the new
behavior set-cookie is only emitt",0,47,8,704,0.0,1079,176,197,1.119,3,4573,0.642,0.21959370954243293,0
tests\test_reqctx.py,82c2e0366ce6b74a3786a64631ce58b85b3a7d4e,2022-07-08,David Lord,remove uses of LocalStack,0,29,13,2856,0.0,233,35,39,1.114,2,835,0.6,0.21957239553995872,0
flask\debughelpers.py,e666f7a69c737fef8236237671be4da5910e9113,2019-06-22,David Lord,standardize license and copyright,0,20,8,2878,0.0,114,8,33,4.125,13,741,1.625,0.21953927692972536,0
examples\tutorial\flaskr\blog.py,54e05a282428e9a44dbd414ca70231a83ebd710d,2023-11-15,David Lord,use ruff linter and formatter,0,6,2,2046,0.0,84,5,14,2.8,4,422,0.8,0.21953025253132438,0
tests\test_appctx.py,5b0b9717da958fd6325c675d92be4f6667796112,2017-05-23,Christian Stade-Schuldt,"DRYing up the test suite using pytest fixtures (#2306)

* add fixtures to conftest.py

* use fixtures in test_appctx.py

* use fixtures in test_bl",0,11,6,985,0.0,114,22,25,1.136,2,407,0.955,0.21951779721424128,0
src\flask\app.py,92acd05d9bd33419ab885e4472b28a1d5cc15d2e,2022-05-14,Ivan Sushkov,add url_for method to app,0,67,22,1078,0.0,824,71,217,3.056,15,9554,2.113,0.21950048053124688,0
flask\json\tag.py,310fbfcf64f40f237068fddbbbe45315f9935eca,2018-02-08,David Lord,"revert copyright year to project start
add copyright header to files",0,4,1,251,0.0,132,33,47,1.424,5,1035,2.03,0.21946840819007551,0
flask\templating.py,ed49fe3db1babe0273e295067db9716a69bfbf88,2014-09-03,Armin Ronacher,Removed leftover from the module system.,0,24,7,1522,0.0,65,9,21,2.333,5,424,2.0,0.21934900880989677,0
flask\__init__.py,e71a5ff8de93801c30ed6daecac4b8502aa86813,2011-05-27,Armin Ronacher,Started work on new request dispatching.  Unittests not yet updated,0,14,3,328,0.0,16,0,0,0.0,0,132,0.0,0.21930389741632267,0
tests\test_reqctx.py,310fbfcf64f40f237068fddbbbe45315f9935eca,2018-02-08,David Lord,"revert copyright year to project start
add copyright header to files",0,13,7,1246,0.0,161,24,28,1.167,2,535,0.792,0.21915908232645162,0
src\flask\wrappers.py,b626a9387900a9f717eb42765275adc0bf0875e3,2023-04-12,Adam Dangoor,"Allow Response subclasses to set default_mimetype as None

This matches the type - see https://github.com/pallets/werkzeug/blob/92c6380248c7272ee668e1",0,17,3,1411,0.0,63,7,20,2.857,5,715,1.143,0.21914740730364715,0
flask\app.py,dd59d7241d0ebc713d51ab939f53ebd0df8b2dac,2010-07-04,Armin Ronacher,Ported a typo fix from master,0,3,2,1,0.0,275,37,81,2.189,6,3943,2.027,0.21903537853338448,0
src\flask\scaffold.py,bf982718cf30615f2dd17fa71fe17d565ebb1d3e,2021-05-21,Alex Hedges,"Make add_url_rule() signature consistent

This caused a mypy error when I was making another typing improvement,
so I am fixing it before committing m",0,14,5,292,0.0,306,39,71,1.821,10,3741,2.128,0.2189980787378421,0
flask\app.py,d0c6ad7d287e543fcc941aa2b42557e06b9dc142,2010-07-04,Armin Ronacher,Added support for conditional responses to send_file,0,5,2,1,0.0,275,37,81,2.189,6,3969,2.027,0.21894082378079038,0
examples\minitwit\minitwit_tests.py,d2d8e66130f8aabf8e0e4b80a42352f8ef93c347,2014-05-02,Armin Ronacher,Fixed flask tests,0,6,3,1481,0.0,100,11,14,1.273,3,690,1.818,0.2189088033747466,0
tests\test_signals.py,84c722044ad03f7f5384f5314c8350b3a13d8dfa,2022-07-01,David Lord,new debug/test preserve context implementation,0,23,9,2849,0.0,147,25,32,1.28,2,474,1.12,0.2188185784565773,0
flask\ext\__init__.py,715a9a3e7bd65421c36428ba9d4a1ee06b98bbc1,2017-06-26,David Lord,remove deprecated flask.ext,0,10,3,2108,0.0,6,1,1,1.0,1,116,0.0,0.2187604248863752,0
src\flask\helpers.py,f04c5e696400badaa52b3450ded53e9091c2078a,2025-06-08,David Lord,update dev dependencies,0,81,21,2199,0.0,198,17,42,2.471,9,2961,2.176,0.21854389899839338,0
src\flask\helpers.py,d44f1c65239c3e33509224aa1931631243dbfa7f,2025-08-18,Tero Vuotila,relax type hint for bytes io,0,82,21,2270,0.0,198,17,42,2.471,9,2962,2.176,0.21854389899839338,0
tests\flask_tests.py,fbd488678f93c13527a9fba252bd89b53abec5e9,2011-03-14,Armin Ronacher,Implemented flask.has_request_context(),0,79,11,334,0.0253,1350,208,251,1.207,8,5174,0.625,0.21847524888605352,0
tests\flask_tests.py,7a4b6088395387abe4127c9650f9cbaac11a0ec4,2010-05-31,Simon Sapin,"Add Module.app_errorhandler, like Flask.errorhandler.",0,36,4,47,0.0278,678,112,126,1.125,3,2673,0.58,0.21842777838865163,0
scripts\flaskext_migrate.py,9d64ff420fdde3c6eaa6d573d41da3b2f587422c,2015-02-06,Keyan Pishdadian,"Early commit for issue #1135

Add support migrating single imports from the flask.ext style to flask_",0,0,0,0,0.0,22,1,5,5.0,5,97,1.0,0.2183680475823016,0
examples\javascript\tests\test_js_example.py,6f6e3289da182593fb296da072049ade729adeea,2022-06-08,David Lord,remove javascript fetch polyfill,0,3,2,1517,0.0,22,3,3,1.0,1,85,3.667,0.21836141269545709,0
tests\test_basic.py,e666f7a69c737fef8236237671be4da5910e9113,2019-06-22,David Lord,standardize license and copyright,0,78,35,1744,0.0,1416,256,276,1.078,3,5891,0.926,0.21803330748761426,0
flask\json.py,522cd0009367d1f775b0e978681426773f51ce14,2013-05-18,Thomas Waldmann,python-modernize automated changes: fix_unicode (but without six.u()),0,6,3,222,0.0,51,10,18,1.8,4,694,2.0,0.21803045876270882,0
tests\flask_tests.py,9a21c34bb63c2343b7c8c6bcfc51fc72030909ed,2010-08-10,Armin Ronacher,Added another testcase,0,67,6,118,0.0299,1061,172,196,1.14,3,4084,0.634,0.21796992727899905,0
flask\testsuite\basic.py,6caaa8a527134dc9aff6d5c442969e96f9c00f21,2013-05-18,Thomas Waldmann,automated change using python-modernize: use 'as' in except,0,25,4,631,0.0,966,159,180,1.132,3,4065,0.623,0.21794013638554494,0
src\flask\scaffold.py,d5aadba4d34f6070377e88429b178ba08eea5349,2021-05-13,Grey Li,improve type hints for send_file and send_from_directory,0,13,4,285,0.0,306,39,71,1.821,10,3742,2.128,0.21787356103814806,0
tests\flask_tests.py,8798b4b7112fb984bd244c8581ab03ef4a7ba766,2010-07-04,Armin Ronacher,Merged in changes from master by hand,0,45,6,81,0.0222,775,128,143,1.117,3,3028,0.586,0.21786436849457685,0
tests\flask_tests.py,a9bb965b6dcd931cefdc7dd05fa4c672b5dff69c,2010-04-25,Sebastien Estienne,add a decorator to add custom template filter,0,17,3,11,0.0588,304,56,62,1.107,3,1258,0.643,0.2178442388915019,0
flask\_compat.py,1b526c837e83d5e35d14eadde162c7608ab9e83f,2019-05-31,gokcegrbl,"Comment on bare except usage in _compat.py

(Fixes pallets/flask#3227)",0,21,14,2204,0.0,63,7,10,1.429,2,433,2.0,0.21728892874716135,0
flask\wrappers.py,0a1090890f8425a69e5b004aceb04fd7527b8e35,2017-10-07,Henry Chladil,"Add additional information in the url_rule docs (#2467)

If a user is making use of the errorhandler(405) decorator, and
they wish to include an Allo",0,69,24,2653,0.0,69,10,29,2.9,8,864,1.6,0.21719374565285485,0
tests\conftest.py,43483683b2bc8da85f00ccccdfb8d9d5c77a6bb3,2019-06-01,David Lord,apply reorder-python-imports pre-commit config,0,16,8,1723,0.0,132,20,27,1.35,3,605,1.35,0.21717175130200655,0
src\flask\ctx.py,c2705ffd9ce1dc8476cb29eaf5ff5d4c719852d9,2025-09-19,David Lord,merge app and request context,0,37,8,2302,0.0,196,27,54,2.0,8,2139,1.704,0.2171630681851357,0
flask\views.py,740c42217cb349ab4f03ecba37973ec0c9bed421,2016-04-08,Daniel Quinn,"The comment didn't make any sense (#1777)

Fix doc comment for View.methods",0,18,12,1746,0.0,43,5,14,2.8,6,710,2.8,0.21714012734675273,0
src\flask\__init__.py,fe2d744b530283094dd0a2ffa4a9d86f1029b2cd,2021-05-21,David Lord,release version 2.0.1,0,24,2,720,0.0,44,0,0,0.0,0,259,0.0,0.21710777874998965,0
src\flask\__init__.py,e22021d531499af87f65d75f1e37e6329e7385ed,2021-05-21,David Lord,start version 2.0.2.dev0,0,25,2,720,0.0,44,0,0,0.0,0,260,0.0,0.21710777874998965,0
flask\config.py,33534bb4a9937e6faba5ecec4586519f453369b6,2015-01-02,Parkayun,Happy New Year 2015,0,31,10,1642,0.0,97,11,35,3.182,7,1132,2.818,0.21697707340359645,0
tests\conftest.py,524fd0bc8cec7bfe8167c9c98cb5511b01a0f4c6,2020-04-04,David Lord,apply pyupgrade,0,19,8,2031,0.0,126,19,25,1.316,3,568,1.368,0.21692346878695268,0
tests\test_reqctx.py,ec0d208bc14c49c611ae05d391b1edb35af854c7,2015-03-23,Martijn Pieters,"Switch away from using None as default value for the exception when tearing down a context.

When an exception has been handled when using the request",0,7,2,192,0.0,157,21,26,1.238,2,517,0.143,0.2169071070637851,0
src\flask\helpers.py,9822a0351574790cb66c652fcc396ad7aa2b09d8,2025-08-19,David Lord,refactor stream_with_context for async views,0,83,22,2271,0.0,199,17,42,2.471,9,2960,2.176,0.21685739457361464,0
tests\test_basic.py,78cd4161f0a264df89046b6324446b27011b0930,2015-03-29,Markus Unterwaditzer,"Don't use threads in this test

I think test failures would've been ignored if there were some.

Fixes #1401",0,15,7,198,0.0,1209,198,218,1.101,4,4739,0.318,0.21684453890150004,0
flask\testsuite\helpers.py,26da6a5365e1fd229932f167a299128f30fae154,2012-04-24,Ron DuPlain,"Use default send_file max-age consistently.

Prior to this commit, the send_file max-age hook and config were only
used for the static file handler. N",0,16,5,241,0.0,341,43,53,1.233,3,1652,0.651,0.21681640561147805,0
tests\test_basic.py,011b129b6bc615c7a24de626dd63b6a311fa6ce6,2015-07-07,Jimmy McCarthy,"Add kwarg to disable auto OPTIONS on add_url_rule

Adds support for a kwarg `provide_automatic_options` on `add_url_rule`, which
lets you turn off the",0,18,8,298,0.0,1243,202,224,1.109,3,4919,0.312,0.21680998045124208,0
flask\testsuite\basic.py,05f66ad73543db207791ea5d6a2de2e8eaaf1640,2013-05-22,Markus Unterwaditzer,Fix some literals,0,28,5,635,0.0,965,159,180,1.132,3,4119,0.623,0.21662430615382064,0
flask\testsuite\basic.py,e1d356fb713f3272db2a23f9f898c34c5dc79dc0,2013-05-22,Thomas Waldmann,"ported some more stuff to py 3.3

removed init_jinja_globals hack from app.py after consulting mitsuhiko
(didn't work on py 3.3 ""as is"")

removed with",0,27,5,634,0.0,966,159,180,1.132,3,4064,0.623,0.21662430615382064,0
tests\flask_tests.py,ade490514dd6d83adc7610f69f9c4cd68df47110,2010-04-19,Armin Ronacher,"Fixed a security problem caused by changed simplejson semantics.

Notice: this was never in a release version of Flask.",1,6,1,5,0.0,198,38,41,1.079,3,814,0.526,0.2165715617659293,0
flask\debughelpers.py,4bea6bbe6d2200dfdbcca3dfc2fe561488c82a8e,2013-05-22,Daniel Neuhäuser,Make DebugFilesKeyError.__str__ return str on 3.x,0,9,2,656,0.0,49,5,10,2.0,3,423,1.8,0.21646877035900894,0
src\flask\app.py,c9a1f7ad6545c9cc27c41c385f1d4cd9c7cf1a98,2022-03-23,David Lord,"don't intercept 307/308 routing redirects

These don't change the request body, so the debug error is no longer relevant.",0,62,19,1026,0.0,781,68,208,3.059,15,9194,2.074,0.2163964821502576,0
tests\flask_tests.py,99be2ec022e2ceb1c21527c8278a7179630430d5,2011-01-16,Armin Ronacher,Flask no longer internally depends on rules being added through the add_url_rule function,0,74,8,277,0.027,1230,186,226,1.215,8,4752,0.624,0.21629831986519538,0
flask\views.py,516ce59f95a3b5d2fffbcde8abfdf1951e748361,2016-06-28,Antoine Catton,Add the ability to combine MethodViews,0,19,13,1827,0.0,45,6,17,2.833,7,725,2.5,0.21629344014873111,0
src\flask\ctx.py,6a64969009bf1898bd302e6a9633f71942523f7f,2025-09-19,David Lord,pass context through dispatch methods,0,38,8,2302,0.0,196,27,54,2.0,8,2141,1.704,0.2162585455720704,0
src\flask\app.py,81be290ec8889c157c84bc7ce857f883396c5daf,2022-06-05,David Lord,view function is actually type checked,0,72,23,1100,0.0,777,68,208,3.059,15,9201,2.074,0.21624089210365768,0
flask\json.py,abc1505196ba3bc9517ec142ced7c1204c3ac21b,2013-05-30,Armin Ronacher,Fixed various issues on the Python 3 port,0,10,4,234,0.0,76,12,29,2.417,4,791,2.0,0.2161432187398892,0
tests\flask_tests.py,aa3d8398fd1a38b449b64fea4979f358f3c711e3,2010-07-13,Armin Ronacher,"Config is now available in templates, context processors no longer override keys",0,53,6,90,0.0377,882,144,162,1.125,3,3411,0.583,0.21591051223869143,0
src\flask\app.py,61f62e6005f72c44a90026e2589b6bc5234f2f24,2022-05-23,David Lord,access flask types through namespace alias,0,71,23,1087,0.0,777,68,208,3.059,15,9200,2.074,0.21587398649271233,0
src\flask\helpers.py,fbb6f0bc4c60a0bada0e03c3480d0ccf30a3c1df,2026-02-19,David Lord,all teardown callbacks are called despite errors,0,86,22,2455,0.0,219,21,49,2.333,9,3021,2.143,0.2157918716725846,0
flask\testsuite\appctx.py,a3a2f521f14ba90689efc661afe7a0375409c83e,2013-10-16,Daniel Neuhäuser,"Clear exceptions when pushing a context

Fixes #882",0,9,4,555,0.0,87,17,18,1.059,2,297,0.824,0.2156060698815474,0
tests\flask_tests.py,0da56d7f5cfb6a637129444bfe0d6bf2584363ac,2011-03-18,Armin Ronacher,deprecated init_jinja_globals,0,81,11,338,0.0247,1366,211,254,1.204,8,5246,0.626,0.21558665800020024,0
src\flask\wrappers.py,81c7ff7f8db09b5d609a09722785f70ec6f7af68,2022-03-25,David Lord,update tests for relative redirects,0,13,2,1028,0.0,63,7,20,2.857,5,705,1.143,0.21550812286736104,0
setup.py,f6d25bbc4f95112e9f5f85096d12a61ed43b38b8,2014-08-12,Armin Ronacher,Switch to newer click (2.0),0,60,12,1589,0.0,66,3,10,3.333,8,355,1.0,0.21525102494944856,0
scripts\flaskext_compat.py,444698d42b6cd2bb356d3ac6a7fa9f2be7e0df55,2012-05-14,Alex Vykalyuk,Changed docstring according to docs.,0,6,2,239,0.0,64,9,25,2.778,6,593,2.111,0.2152421127343492,0
flask\blueprints.py,abe1378caec759cc8c6fc0afeaad248677c4420f,2011-06-16,Armin Ronacher,Chnaged a bunch of behavior in blueprints for it to be more flexible. Improved backwards compat.,0,6,2,18,0.0,128,28,37,1.321,3,1083,2.5,0.21515572324381432,0
flask\signals.py,b2aae044ca9c9875c594d57a3bd92bd80d8d56ff,2013-02-28,Paulo Poiati,"Flash messages signals

If we send a signal when a template is rendered why not when a message
is flashed? One real world use case is in tests, this s",0,7,1,956,0.0,28,3,3,1.0,1,230,3.0,0.2151170098731971,0
setup.py,567fff9d0d20650743abd8fe17d3dc9d98fa19dc,2016-04-03,José Carlos García,"Change to Pallets project

* Update CHANGES

* Update CONTRIBUTING.rst

* Update setup.py

* Update tox.ini

* Update extensions.rst

* Upda",1,67,15,2189,0.0,49,0,0,0.0,0,266,0.0,0.21493558072221763,0
tests\test_config.py,ba82bac3d80400b5520cac7d0a8915414325bcf6,2014-09-11,Markus Unterwaditzer,Rework test_config,0,3,1,0,0.0,301,34,46,1.353,3,1271,2.206,0.2148557833219089,0
src\flask\blueprints.py,5fdce4c331ac530280cc941179d364a07f4a1088,2024-04-07,pgjones,"Don't set the cli attribute in the sansio scaffold

It is (currently) Flask specific and hence cannot be shared in the
sansio shared code.",0,57,15,1772,0.0,58,4,8,2.0,3,518,4.5,0.2147441770100911,0
src\flask\helpers.py,176fdfa0002360670f698d3828cfff11f97349f0,2024-08-23,David Lord,fix mypy findings,0,76,19,1910,0.0,198,17,42,2.471,9,2949,2.176,0.2144796819266541,0
flask\testsuite\basic.py,522cd0009367d1f775b0e978681426773f51ce14,2013-05-18,Thomas Waldmann,python-modernize automated changes: fix_unicode (but without six.u()),0,26,5,631,0.0,967,159,180,1.132,3,4058,0.623,0.21445507538458985,0
tests\test_appctx.py,261e4a6cf287180b69c4db407791e43ce90e50ad,2023-01-18,David Lord,fix flake8 bugbear errors,0,25,11,3050,0.0,146,29,32,1.103,2,484,0.966,0.21444387379514804,0
tests\test_basic.py,a5ecdfa7a57bf6bcba7391fc6d356e3f7de33e57,2019-07-01,Anthony Sottile,"Fixes for PEP451 import loaders and pytest 5.x

- pytest 5.x drops python2 compatibility and therefore only implements PEP 451
- pytest 5.x made the r",0,79,35,1753,0.0,1416,256,276,1.078,3,5897,0.926,0.21440091634050015,0
tests\flask_tests.py,5c52fe980eda6065edcc39e6dd346636b1c40768,2010-04-23,Armin Ronacher,Added request/response processing based on modules.,0,15,3,9,0.0667,322,60,65,1.083,3,1308,0.55,0.21424302955555552,0
src\flask\views.py,2ae740dd4903bbe5f3864384bcdf2ab2d4638bce,2020-04-04,David Lord,f-strings everywhere,0,4,1,308,0.0,47,5,15,3.0,7,707,2.8,0.2141709402265771,0
tests\test_logging.py,662c245795c7cbb5dbd657a2d707c62c16770c18,2020-04-04,David Lord,remove _compat module,0,11,3,977,0.0,69,9,10,1.111,2,274,0.889,0.2138698445601913,0
flask\testsuite\views.py,661ee54bc2bc1ea0763ac9c226f8e14bb0beb5b1,2012-10-07,Armin Ronacher,Raise exceptions if a function is overridden by a new endpoint.  This fixes #570,0,2,1,408,0.0,121,27,27,1.0,1,502,1.037,0.21386928946915562,0
tests\flask_tests.py,1446614915b9ab4f75cbdfd79a80b71492b00276,2011-03-18,Armin Ronacher,Added deprecation warnings for modules,0,82,11,338,0.0244,1387,213,257,1.207,8,5321,0.634,0.21385522942877164,0
flask\_compat.py,b46f5942a528053034fecf210572ee04bc4a3284,2019-06-01,Jon S. Stumpf,address flake8 issues,0,22,15,2204,0.0,63,7,10,1.429,2,435,2.0,0.21381673577613797,0
tests\test_reqctx.py,5b0b9717da958fd6325c675d92be4f6667796112,2017-05-23,Christian Stade-Schuldt,"DRYing up the test suite using pytest fixtures (#2306)

* add fixtures to conftest.py

* use fixtures in test_appctx.py

* use fixtures in test_bl",0,10,5,985,0.0,161,24,28,1.167,2,540,0.708,0.21373961853376724,0
tests\conftest.py,dbd4520ccbe0954d8ff4f926ba5f16c4f5291533,2019-06-10,David Lord,"fix tests failing with server name warnings

After pallets/werkzeug#1577, mismatched configured and real server
names will show a warning in addition ",0,17,8,1733,0.0,122,19,25,1.316,3,581,1.368,0.21373140158950624,0
tests\test_testing.py,c4139e0e5de5ffa8f103956bdcc1ca7cf9e500fd,2016-08-19,Adam Byrtek,JSON support for the Flask test client,0,9,3,707,0.0,192,26,29,1.115,2,762,0.115,0.21371021033397192,0
tests\test_basic.py,5fa76f6800fb81a621b63c42725c5502e2520302,2015-02-05,Markus Unterwaditzer,Add testcase for behavior described in #1338,0,12,6,147,0.0,1204,197,217,1.102,3,4725,0.32,0.21367948329620456,0
src\flask\scaffold.py,44ffe6c6d6c90a414de32db1b03d5978f8770271,2023-04-20,David Lord,add __future__ annotations,0,43,16,992,0.0,339,40,78,1.95,14,4049,2.15,0.21365320258466744,0
src\flask\app.py,88863288225d5ee13a79c463f2a39391b6a52c61,2022-03-15,David Lord,relax errorhandler function arg type,0,60,19,1018,0.0,776,68,207,3.044,15,9150,2.074,0.21339018529868337,0
src\flask\app.py,190dd4df86874495f56bb088fbd0cb1d9f0e77a0,2022-03-15,David Lord,don't use AnyStr for ResponseValue type,0,61,19,1018,0.0,780,68,207,3.044,15,9162,2.074,0.21339018529868337,0
src\flask\blueprints.py,9e831e915fa875423af0c0de8f53a3780055919e,2024-10-24,bre-17387639,fix pyright type errors,0,59,15,1972,0.0,63,4,9,2.25,3,524,4.75,0.21338438338417065,0
flask\ctx.py,a3a72e2d8d8df53164689fd84a5db2c6cd04f28a,2010-07-17,Armin Ronacher,Added middlewares to quickstart.  This fixes #88,0,7,2,14,0.0,32,5,10,2.0,4,250,2.0,0.21332810744966474,0
flask\helpers.py,5910ef8a439196075f16e8d19d72c8bcb704a62f,2011-03-18,Armin Ronacher,Lock loader creation,0,33,8,258,0.0303,188,19,66,3.474,26,2319,2.053,0.21322963399746803,0
flask\json.py,3f51a09db4673c45f19cf1dcdbe04212ac7de890,2013-05-22,Daniel Neuhäuser,itsdangerous uses json instead of simplejson now,0,7,3,226,0.0,51,10,18,1.8,4,683,2.0,0.2132128581996332,0
src\flask\json\tag.py,6000e80acf931b05b4911c3fa7f3ba33e2b80e64,2024-01-16,David Lord,address mypy strict findings,0,10,2,1690,0.0,154,34,52,1.529,5,1206,2.029,0.21302679336139732,0
tests\test_async.py,e609dddd604bd8c808145973d91dcb8bb56a9906,2021-11-11,David Lord,drop Python 3.6,0,9,4,219,0.0,110,20,20,1.0,1,341,0.55,0.21300267082835117,0
flask\testsuite\basic.py,12dcba8849d153c7e13e99b6bcf57922e1a97240,2012-04-24,ekoka,Update flask/testsuite/basic.py,0,16,3,241,0.0,981,160,184,1.15,4,4035,0.6,0.21290076845066364,0
src\flask\config.py,1263d3bd142e4964da123f4e59088aa2968ec7e5,2020-04-04,David Lord,remove deprecated code,0,6,4,308,0.0,98,11,35,3.182,7,1233,2.909,0.2126895142621736,0
src\flask\scaffold.py,ab93222bd6d4ea26e3aa832a0409489530f3f5e0,2023-02-10,David Lord,point to app-scoped blueprint methods,0,40,16,923,0.0,341,40,78,1.95,14,4185,2.15,0.21264815945177576,0
tests\flask_tests.py,85ff63c32e7237280bff3293481a371fb3da180c,2010-07-13,Armin Ronacher,Emit correct date.  In theory,0,54,6,90,0.037,882,144,162,1.125,3,3412,0.583,0.21263778496596417,0
tests\test_basic.py,1158e229589f39a140829bbd02e2f721ea9b5d26,2015-02-06,Markus Unterwaditzer,Fix test under Python 3,0,13,6,147,0.0,1204,197,217,1.102,3,4726,0.32,0.2124121113186097,0
src\flask\helpers.py,c2705ffd9ce1dc8476cb29eaf5ff5d4c719852d9,2025-09-19,David Lord,merge app and request context,0,84,22,2302,0.0,198,17,42,2.471,9,2912,2.176,0.21239407411029415,0
tests\flask_tests.py,88883aa6db3b27f132000a4cf2a99c1fbbe941c9,2010-10-22,Pedro Algarvio,"Fix for Flask's ticket 126. A proper environment is now built to use
with `test_request_context()`.

Signed-off-by: Armin Ronacher <armin.ronacher@act",0,69,6,191,0.029,1083,176,200,1.136,3,4168,0.631,0.2123910021364179,0
tests\test_cli.py,b8e826c16bbbada9128b70357c218ef79425499d,2016-06-25,Kiss György,"Added tests, fixed some minor alignment problems.",0,7,7,39,0.0,123,21,21,1.0,1,673,0.81,0.21231023971681076,0
src\flask\testing.py,7a444c5dab97d640282ec8fc4838bef2c128273f,2020-11-04,David Lord,"update tests for new werkzeug client (#3827)

Flask's client.open mirrors Werkzeug's for processing an existing
environ.

Always test with latest c",0,9,1,522,0.0,141,10,38,3.8,11,1035,3.6,0.21222964378070214,0
tests\flask_tests.py,778e44e39eb42ff6cbee376ce40d1a52a25cb0ce,2010-07-30,Armin Ronacher,Improved error message for configuration files,0,62,6,106,0.0323,1023,168,191,1.137,3,3931,0.607,0.21213003194173422,0
tests\test_instance_config.py,33534bb4a9937e6faba5ecec4586519f453369b6,2015-01-02,Parkayun,Happy New Year 2015,0,2,1,112,0.0,96,10,12,1.2,3,419,3.0,0.2121187067173654,0
tests\flask_tests.py,9983e847425621b5e474ae9da6822f1af0b0cc1f,2010-06-03,Armin Ronacher,Fixed after_request handlers being called twice in some cases and improved logging system,0,39,5,50,0.0256,741,122,137,1.123,3,2888,0.582,0.21197161507558698,0
tests\test_reqctx.py,a15da89dbb4be39be09ed7e5b57a22acfb117e6d,2023-02-07,pre-commit-ci[bot],"[pre-commit.ci] auto fixes from pre-commit.com hooks

for more information, see https://pre-commit.ci",0,30,13,3070,0.0,233,35,39,1.114,2,835,0.6,0.21172516906670608,0
tests\test_converters.py,a7b02b3a07ae292ce376df2459eae3ffb4c06d52,2021-05-14,David Lord,converters have access to session,0,3,2,700,0.0,29,7,8,1.143,2,129,1.714,0.21170536736272458,0
src\flask\wrappers.py,cd4ab005a92ff996e9104c92017fe1e6daeccd46,2022-03-28,David Lord,fix typing,0,14,2,1031,0.0,63,7,20,2.857,5,707,1.143,0.2116082283225446,0
tests\test_config.py,08a283af5efc999d4f1e29275317a5c0c05c6f7b,2022-03-25,pgjones,"Allow loading of environment variables into the config

This new method will pick out any environment variables with a certain
prefix and place them i",0,27,9,2751,0.0,163,17,17,1.0,1,726,0.412,0.21157672164253707,0
flask\views.py,ef0f626f0a916fdced42e05aa2f58dede6c660fd,2011-08-25,Armin Ronacher,Added flask.views.View.decorators to automatically decorate class based views.,0,2,1,58,0.0,41,5,12,2.4,6,677,2.8,0.21157000745398383,0
tests\flask_tests.py,d12d73263f5d1664a65a42f71f19158b7e07ef2c,2010-07-12,Armin Ronacher,Reverse order of execution of post-request handlers.  This fixes #82,0,51,6,89,0.0392,852,138,156,1.13,3,3299,0.587,0.21152390244834432,0
tests\test_reqctx.py,426a1e25b77e760b4f54bf94aee3e3617850569f,2022-02-08,David Lord,fix pytest 7 warnings,0,28,13,2707,0.0,232,35,39,1.114,2,834,0.6,0.21143054299902608,0
tests\flask_tests.py,0a93c552cc3318396e44c6ab1282190898ce0012,2010-07-06,Armin Ronacher,Fixed a template lookup error,0,50,6,83,0.04,829,132,150,1.136,3,3237,0.591,0.21138455119718583,0
tests\test_user_error_handler.py,310fbfcf64f40f237068fddbbbe45315f9935eca,2018-02-08,David Lord,"revert copyright year to project start
add copyright header to files",0,7,6,1034,0.0,134,30,30,1.0,1,460,0.567,0.21135549452136163,0
tests\test_testing.py,e666f7a69c737fef8236237671be4da5910e9113,2019-06-22,David Lord,standardize license and copyright,0,32,13,1744,0.0,290,46,49,1.065,2,1203,1.043,0.21133533167675056,0
flask\testsuite\appctx.py,52098e1e4fc4d9c962e9ecb09dfbbcc6ac80a4d7,2014-01-02,Daniel Neuhäuser,Happy New Year 2014,0,10,4,633,0.0,87,17,18,1.059,2,297,0.824,0.2112350258735212,0
scripts\testproj\test.py,817b72d484d353800d907b3580c899314bf7f3c6,2014-08-27,Armin Ronacher,Removed deprecated module functionality,0,5,1,1178,0.0,30,6,6,1.0,1,101,0.333,0.2111191794123344,0
flask\ext\__init__.py,9a70e62b8d545c8de7e3728e544cebe289a39254,2011-09-21,Armin Ronacher,"No longer swallow important import errors.

This implements a simple but elegant method to find out if an import
error can be swallowed to try the nex",0,4,1,3,0.0,41,5,15,3.0,6,396,2.0,0.21098599071557347,0
src\flask\helpers.py,dffe3034825edc4f84aded013fc9c6590e545ed5,2024-10-18,David Lord,fix mypy findings,0,77,19,1966,0.0,198,17,42,2.471,9,2949,2.176,0.21092460171275032,0
tests\flask_tests.py,f5b8c082847baa8a902cef22c43a5d50d7a55bdc,2010-07-15,Armin Ronacher,endpoint is optional for modules.  This fixes #86,0,55,6,92,0.0364,893,146,164,1.123,3,3451,0.582,0.21084526748410037,0
flask\templating.py,96ec24f6e0ff77a24d0151afe20ec7c97118019f,2016-05-22,Armin Ronacher,Fast path for disabled template load explain.,0,35,12,2148,0.0,84,11,28,2.545,5,504,2.182,0.21062242860263225,0
tests\test_appctx.py,99b34f7148b77d4b1311593590629c2bc8e8e772,2023-01-20,David Lord,move and update flake8 config,0,26,11,3053,0.0,146,29,32,1.103,2,484,0.966,0.21061457168528153,0
src\flask\wrappers.py,44ffe6c6d6c90a414de32db1b03d5978f8770271,2023-04-20,David Lord,add __future__ annotations,0,18,4,1419,0.0,64,7,20,2.857,5,709,1.143,0.21041758796066937,0
tests\test_user_error_handler.py,b92b2e6c743c8b09744c9c9788046c719cc38eab,2019-01-07,Jimmy Jia,Do not handle RoutingExceptions with app error handlers,0,8,7,1367,0.0,138,31,31,1.0,1,473,0.548,0.2102470462957308,0
examples\tutorial\tests\test_auth.py,3127c304ecbc54387792c9ddff3c266645b67b8a,2021-07-07,Elahi-cs,Small SQL formatting fix,0,3,2,1185,0.0,46,5,5,1.0,1,243,2.8,0.2102382714992725,0
tests\flask_tests.py,7599046d042d1bb3f2db6cdcd6458338802901c4,2010-07-04,Armin Ronacher,Started working on refactoring Jinja integration,0,44,6,81,0.0227,775,128,143,1.117,3,3028,0.586,0.21021436066441634,0
flask.py,3088a9371e065808fd0091741f62bc242bcab1f9,2010-04-20,unknown,"Make it easier to associate a rule, endpoint and view_function
This resolves http://github.com/mitsuhiko/flask/issues/issue/11",0,23,2,13,0.0435,248,41,71,1.732,6,3474,2.0,0.21009830750534042,0
flask\ext\__init__.py,ee9b4016323ba0f7a773a5e014bc23bcf1a322cd,2011-09-21,Armin Ronacher,Added a comment on who the is_important_traceback seems to work.  It's only speculation,0,5,1,3,0.0,41,5,15,3.0,6,535,2.0,0.2099457967200415,0
tests\test_basic.py,098ea0c8ca3b2f3c6715b1048bec6a42db6298e1,2016-08-27,Markus Unterwaditzer,"Only passthrough_errors if PROPAGATE_EXCEPTIONS

See pallets/werkzeug#954",0,26,14,715,0.0,1246,207,221,1.068,3,4980,0.357,0.20987381647898237,0
docs\conf.py,317d60307d7310f0987951164c2c70098b8b5749,2016-04-11,David Lord,fix some warnings while building docs,0,30,8,2197,0.0,91,3,3,1.0,1,1240,1.667,0.2098009429709168,0
tests\test_appctx.py,a417e41d27cc14a0fe74dc49840b8921aeed70b6,2017-07-07,Bijan Vakili,Update documentation and regression tests to clarify that Flask.teardown_appcontext() only receives unhandled exceptions,0,12,7,1030,0.0,150,29,32,1.103,2,509,0.897,0.20970308914297564,0
flask\views.py,17a46a4d239a640049081b5cdcc1ff20ef63e38a,2011-09-14,Joel Perras,Fixed typo in docstring of `dispatch_request` method of `flask.views.View`.,0,3,1,78,0.0,41,5,12,2.4,6,677,2.8,0.2096699203260957,0
tests\conftest.py,33534bb4a9937e6faba5ecec4586519f453369b6,2015-01-02,Parkayun,Happy New Year 2015,0,5,2,112,0.0,87,15,19,1.267,2,422,1.467,0.2096488663721337,0
tests\test_basic.py,8a8a60815294eb9d5db0c2d451c6c9d959c7c499,2017-02-23,Josh Rowe,Move object_hook outside loads method so class can be extend and reused,0,31,17,895,0.0,1282,213,227,1.066,3,5134,0.399,0.20963756856402574,0
flask\testsuite\helpers.py,dcd052366b43df7bfe730c2e991ff37c617ba52b,2013-05-18,Thomas Waldmann,python-modernize automated changes: fix_next,0,23,6,631,0.0,440,64,76,1.188,3,1976,0.766,0.20963409651209805,0
src\flask\testing.py,1936ca8a2e1789efd6169a901a8b60ec62ceb578,2021-01-29,David Lord,remove BaseRequest and BaseResponse,0,10,1,608,0.0,141,10,38,3.8,11,1037,3.6,0.2096209173420937,0
tests\test_basic.py,6f7847e3c488fccbfd8c8880683cfe8ae8bdcdc3,2017-03-31,Diggory Blake,Make test more idiomatic,0,35,20,931,0.0,1274,213,227,1.066,3,5068,0.357,0.20957531372373525,0
examples\tutorial\flaskr\blog.py,54ff9b297276a3add08c8faf1557b5e359b3ab99,2023-11-09,David Lord,use ruff linter and formatter,0,5,2,2040,0.0,84,5,14,2.8,4,422,0.8,0.20946992053164754,0
tests\test_basic.py,c4ec6954e57b1ab3cb5a0d178e6030f8bab6c149,2016-09-06,Markus Unterwaditzer,"Don't passthrough_errors unless instructed. (#2006)

Fix #2005

Revert #1679 and #1996",0,27,14,726,0.0,1245,207,221,1.068,3,4968,0.357,0.20927381647898236,0
flask\globals.py,52098e1e4fc4d9c962e9ecb09dfbbcc6ac80a4d7,2014-01-02,Daniel Neuhäuser,Happy New Year 2014,0,8,2,1279,0.0,23,3,6,2.0,2,126,0.667,0.20927179503564405,0
flask\__init__.py,874079bffed0f02235f55e4a512822194ac2449a,2011-06-27,Armin Ronacher,It's still dev :),0,17,3,359,0.0,18,0,0,0.0,0,140,0.0,0.20923150860696857,0
flask\config.py,ee8417dac8364f02524edffddff92329f15b95af,2011-09-01,Armin Ronacher,Late but 2010 -> 2011 in some files,0,12,4,424,0.0,51,8,18,2.25,4,747,2.5,0.20918677820528114,0
tests\test_user_error_handler.py,5b0b9717da958fd6325c675d92be4f6667796112,2017-05-23,Christian Stade-Schuldt,"DRYing up the test suite using pytest fixtures (#2306)

* add fixtures to conftest.py

* use fixtures in test_appctx.py

* use fixtures in test_bl",0,6,5,773,0.0,134,30,30,1.0,1,445,0.567,0.2091646588599692,0
src\flask\json\tag.py,87d5f5b9a9697434e6d972b021201105eabb54e6,2024-04-07,David Lord,"update project files (#5457)

* update pre-commit hook
* upgrade pip with venv
* update description and version
* show url in publish environment
",1,11,2,1772,0.0,154,34,52,1.529,5,1206,2.029,0.20911955726264425,0
tests\conftest.py,e666f7a69c737fef8236237671be4da5910e9113,2019-06-22,David Lord,standardize license and copyright,0,18,8,1744,0.0,122,19,25,1.316,3,575,1.368,0.20906812144412,0
tests\test_config.py,310fbfcf64f40f237068fddbbbe45315f9935eca,2018-02-08,David Lord,"revert copyright year to project start
add copyright header to files",0,16,6,1246,0.0,153,15,18,1.2,2,656,0.2,0.2090191325577393,0
tests\test_cli.py,6e5250ab5dcdbf1e6d47e8481ba80de4f44f20f9,2017-03-21,Ed Brannin,Fix CLI test for ImportError -> NoAppException,0,14,12,309,0.0,137,22,22,1.0,1,680,0.636,0.20901628878109524,0
src\flask\helpers.py,860a25c390eba8e6c089a818b02800dd9d789864,2024-05-06,David Lord,fix mypy finding,0,75,19,1801,0.0,190,17,42,2.471,9,2907,2.176,0.20890876638747471,0
examples\minitwit\minitwit_tests.py,8fa5e32d9a1fdf042632bd8fcd0b44dd8031b639,2014-09-11,Markus Unterwaditzer,Tests pass now.,0,7,3,1614,0.0,100,11,14,1.273,3,690,1.818,0.2088503743998818,0
tests\flask_tests.py,5c9ef2c44dce5afc99a0b3b539ebaafe9b8ce3c5,2010-04-25,Sebastien Estienne,the template_filter now expects the parentheses,0,18,4,11,0.0556,296,54,60,1.111,3,1223,0.63,0.20884467931531375,0
tests\conftest.py,f2f027d1fbc12f3ff24f3e471e11ac56e1a5d869,2020-04-04,David Lord,remove unused module docstrings,0,21,8,2031,0.0,114,19,24,1.263,3,549,1.368,0.2088049296356285,0
src\flask\sessions.py,524fd0bc8cec7bfe8167c9c98cb5511b01a0f4c6,2020-04-04,David Lord,apply pyupgrade,0,4,2,308,0.0,162,23,42,1.826,8,1707,2.391,0.2087522475127495,0
flask\cli.py,18c9db47940c1195809a0c82fcb85601c3f4df46,2018-04-10,David Lord,"be smarter about adding "".cli"" to reloader command
python -m flask.cli raises an import warning on > 2.6
it's only needed on 2.6, ""flask"" works otherw",0,86,28,1443,0.0,319,26,82,3.154,9,2150,2.0,0.20865399992375286,0
tests\flask_tests.py,7680d52f42a562eda2e3f75b34118abb08d93414,2010-07-23,Armin Ronacher,Added support for subdomain bound modules,0,60,6,100,0.0333,1002,164,186,1.134,3,3847,0.61,0.20858511453192616,0
src\flask\__init__.py,89475e5d1e3e25ce56c9d9411496528f4a1ba82b,2021-05-13,David Lord,mark top-level names as exported,0,19,1,712,0.0,44,0,0,0.0,0,260,0.0,0.20857040236469016,0
tests\test_basic.py,2bf477cfeafd87c69b88e1ec58b5eb67abf756e2,2016-04-08,Steven Loria,"Add JSONIFY_MIMETYPE configuration variable (#1728)

Allow jsonify responses' mimetype to be configured",0,21,11,575,0.0,1223,204,218,1.069,3,4872,0.358,0.2084189051914036,0
tests\test_basic.py,9cd32cac32433d7ea03cbd64de6ab5c8ea64a981,2016-09-08,Armin Ronacher,"Corrected after response for error handlers

Before this change after request functions were not correctly
invoked for error handlers.",0,28,14,727,0.0,1262,211,225,1.066,3,5028,0.36,0.20840284873704687,0
flask\blueprints.py,f5ec9952decda8731a1f40ba788ba06d12c0229b,2011-06-05,Armin Ronacher,Added blueprint specific error handling,0,3,1,6,0.0,120,28,35,1.25,3,977,2.464,0.20836247912384911,0
tests\flask_tests.py,dffb3d091c0e42b7254fe88218811c24c0054f7e,2010-05-03,Armin Ronacher,Removed useless import and adapted tests,0,22,4,19,0.0455,343,62,68,1.097,3,1412,0.629,0.2083455605401906,0
src\flask\blueprints.py,28d5a4d71824ff5823ae310e3fd014b48b33d583,2024-07-10,David Lord,"add encoding parameter to open_resource

co-authored-by: mark <lopkophacked@protonmail.com>",0,58,15,1866,0.0,63,4,9,2.25,3,522,4.75,0.20833597006357343,0
tests\conftest.py,2ae740dd4903bbe5f3864384bcdf2ab2d4638bce,2020-04-04,David Lord,f-strings everywhere,0,20,8,2031,0.0,114,19,24,1.263,3,558,1.368,0.20819988761882177,0
tests\test_basic.py,1577e1386e737eca69dbb6cfe6b8bf979f7b2944,2015-03-29,Markus Unterwaditzer,"Revert ""Don't use threads in this test""

This reverts commit 78cd4161f0a264df89046b6324446b27011b0930.",0,16,7,199,0.0,1212,199,219,1.101,3,4746,0.317,0.20819441676999856,0
src\flask\config.py,829aa65e642baf2f90bc29f940c8cbf180848dbc,2019-10-18,pgjones,"Support loading configuration from text files

TOML is a very popular format now, and is taking hold in the Python
ecosystem via pyproject.toml (among",0,2,1,139,0.0,108,12,36,3.0,7,1333,2.917,0.20818875515787413,0
flask\testsuite\views.py,52098e1e4fc4d9c962e9ecb09dfbbcc6ac80a4d7,2014-01-02,Daniel Neuhäuser,Happy New Year 2014,0,7,4,860,0.0,121,27,27,1.0,1,509,1.037,0.20805799225076643,0
src\flask\blueprints.py,0ec7f713d679ceed2c605e62ac5d38d579f29fa0,2023-08-19,pgjones,"Split the App and Blueprint into Sansio and IO parts

This follows a similar structure in Werkzeug and allows for async
based IO projects, specificall",0,55,15,1540,0.0,29,3,7,2.333,3,382,2.333,0.20790962757849443,0
tests\test_blueprints.py,136dbf7de014dda29f3af89d1ba4fd4f4620e25c,2017-05-22,Randy Liou,"Add coverage for Blueprints.(app_)context_processor

Test both context_processor and app_context_processor functions.
Two context parameters are added",0,11,4,983,0.0,504,97,103,1.062,3,2103,0.361,0.20783423583078178,0
flask\ext\__init__.py,9691b7f0bf70553e61a88c8c7b6ffcac776b8d26,2011-09-21,Armin Ronacher,Deal with partially setup packages in the redirect hook.,0,6,1,3,0.0,42,5,15,3.0,6,638,2.0,0.20782639416483362,0
flask\helpers.py,7ed3196e8d1861acd027c409c47e51cce812ba63,2011-04-18,Simon Sapin,"Add safe_join: returns the filename used by send_from_directory.

Signed-off-by: Armin Ronacher <armin.ronacher@active-4.com>",0,35,8,289,0.0286,172,18,61,3.389,26,2266,1.889,0.20773497329314689,0
tests\test_testing.py,ca547f0ec375a8a3e8c623cfa6b747d68e75a239,2016-08-19,Adam Byrtek,JSON response tests and first draft of code that passes,0,11,4,707,0.0,196,26,29,1.115,2,792,0.115,0.20765758601944995,0
tests\test_logging.py,524fd0bc8cec7bfe8167c9c98cb5511b01a0f4c6,2020-04-04,David Lord,apply pyupgrade,0,12,3,977,0.0,69,9,10,1.111,2,271,0.889,0.2076303554608452,0
src\flask\config.py,6000e80acf931b05b4911c3fa7f3ba33e2b80e64,2024-01-16,David Lord,address mypy strict findings,0,22,7,1690,0.0,144,14,42,3.0,7,1644,3.143,0.20758434454369043,0
scripts\flaskext_compat.py,a2eb5efcd8be834ca7e30e6392fa3a2067ad3a55,2012-04-12,Florent Xicluna,few typos,0,5,1,207,0.0,64,9,25,2.778,6,591,2.111,0.20747110817675388,0
flask\testsuite\basic.py,097353695e3178a38403b204ae4889c8a32bf997,2013-05-14,Armin Ronacher,Added flask.copy_current_request_context which simplies working with greenlets,0,23,4,626,0.0,962,159,180,1.132,3,4041,0.623,0.20741384565499893,0
flask\testsuite\basic.py,18673ba370e6744049aa2622b5973506d80659e0,2013-05-14,Armin Ronacher,Added uuid support for new session serialization and documented it,0,24,4,627,0.0,966,159,180,1.132,3,4055,0.623,0.20741384565499893,0
tests\test_reqctx.py,91c6b3fecf36b1f04554e57cc4060ccb737a445d,2026-03-24,David Lord,remove unicode host test,0,33,14,4211,0.0,221,33,37,1.121,2,793,0.636,0.2073986867184245,0
src\flask\blueprints.py,d178653b5f7a5ee2ba15e215ce60caeeb9ed82e1,2022-11-25,David Lord,update requirements,0,46,12,1273,0.0,398,37,80,2.162,23,2813,2.432,0.20733106521623382,0
tests\__init__.py,af4cb0ff2bb77c0c2f03227b17cc6ef67f28e63b,2014-09-11,Markus Unterwaditzer,Remove flask superclass,0,4,1,0,0.0,50,7,15,2.143,4,266,1.857,0.20732694550937822,0
flask\ctx.py,bbaf20de7c34d533f9b83f20b536342a8c735fb1,2015-06-20,ThiefMaster,Add pop and setdefault to AppCtxGlobals,0,56,13,1813,0.0,166,27,54,2.0,7,1777,1.741,0.20727911050291703,0
tests\test_json_tag.py,e666f7a69c737fef8236237671be4da5910e9113,2019-06-22,David Lord,standardize license and copyright,0,6,4,750,0.0,59,9,9,1.0,1,230,1.0,0.20724899058419002,0
flask\testsuite\deprecations.py,e1d356fb713f3272db2a23f9f898c34c5dc79dc0,2013-05-22,Thomas Waldmann,"ported some more stuff to py 3.3

removed init_jinja_globals hack from app.py after consulting mitsuhiko
(didn't work on py 3.3 ""as is"")

removed with",0,4,2,634,0.0,8,1,1,1.0,1,50,0.0,0.20720562441567003,0
tests\flask_tests.py,bc00fd1e83f23f57dd6a765b6a4bab2394584ae6,2010-06-03,Armin Ronacher,Added support for deferred context cleanup. test_client users can now access the context locals after the actual request if the client is used with a ,0,38,5,50,0.0263,734,121,136,1.124,3,2865,0.579,0.20719042440627006,0
tests\test_basic.py,c935eaceafebaf167f6422fdbd0de3b6bbb96bdf,2017-03-31,Markus Unterwaditzer,"Revert ""Handle BaseExceptions (#2222)""

This reverts commit 1d4448abe335741c61b3c8c5f99e1607a13f7e3d.",0,36,20,931,0.0,1276,213,227,1.066,3,5090,0.399,0.2071753137237353,0
tests\test_testing.py,4dc2ef19eaa4ced5cb2f4a2a1673e65459c355d2,2016-03-04,Reuven,"Use pytest.raises() instead of try/catch with asser 0

This is somehow more readable, and enable using the features of pytest's ExeptionInfo (such as ",0,8,2,539,0.0,181,24,27,1.125,2,717,0.125,0.20708401043017205,0
tests\flask_tests.py,2d87e9bc37ef1ce8f9068fac92783a4fe3d3d382,2010-05-10,Armin Ronacher,Added support for send_file,0,26,4,26,0.0385,416,66,72,1.091,3,1758,0.652,0.20707539878853123,0
tests\conftest.py,5963cb5a5172bce3a1ff7b0f8c64230f043c9cfd,2017-05-23,bovarysme,Use the yield syntax in pytest's fixtures,0,8,3,984,0.0,87,14,18,1.286,2,416,1.571,0.2070167545193988,0
tests\flask_tests.py,dbf55de7e8bfcf7cde967aa72ea006b764d484ac,2010-07-28,Armin Ronacher,"Fixed an issue where the default `OPTIONS` response was
not exposing all valid methods in the `Allow` header.

This fixes #97

Signed-off-by: Armin Ro",0,61,6,104,0.0328,1012,167,189,1.132,3,3887,0.605,0.20698511453192614,0
tests\flask_tests.py,6fc1492357a94ab553fe7ef16a7a2235d05f5a1d,2010-07-17,Armin Ronacher,Added make_response,0,56,6,94,0.0357,908,147,165,1.122,3,3511,0.585,0.20692961540975208,0
tests\test_async.py,6650764e9719402de2aaa6f321bdec587699c6b2,2023-02-23,David Lord,remove previously deprecated code,0,11,4,688,0.0,104,19,19,1.0,1,328,0.579,0.20685468578663185,0
flask\config.py,2866ccda1fe19a42adc735d75abaf304f8aed27b,2011-07-15,Armin Ronacher,Switch to explicit Werkzeug imports,0,11,4,376,0.0,51,8,18,2.25,4,747,2.5,0.20683175016286973,0
tests\test_signals.py,e41bf1e18104bfc2e482aa9f066c3ee7793666b4,2014-10-27,Petr Zemek,"Remove two redundant empty lines.

PEP8 suggests to use two empty lines to separate functions, not three.",0,7,2,45,0.0,131,22,28,1.273,2,446,0.818,0.2067881779041981,0
flask\app.py,b551f15b22c1d7d7749901e8d186246fb12038e8,2010-07-04,Armin Ronacher,Restored 2.5 compatibility{,0,12,2,1,0.0,273,36,80,2.222,6,3952,2.111,0.20678548440146036,0
tests\flask_tests.py,e0712b47c6e5bc98f2afd8b0a82cc5005dc58722,2010-07-17,Armin Ronacher,Added support for signals,0,57,6,94,0.0351,968,159,179,1.126,3,3719,0.616,0.20674431649626734,0
flask\logging.py,84ad89ffa4390d3327b4d35983dbb4d84293b8e2,2014-08-27,Armin Ronacher,"Always log now, even if debug is off.",0,6,3,1513,0.0,42,5,13,2.6,3,246,1.6,0.20672174937805798,0
src\flask\json\tag.py,700fc7d928b7a625b04e6865b3eb282043e90f7d,2024-01-15,David Lord,untag without object_hook,0,9,2,1689,0.0,154,34,52,1.529,5,1211,2.029,0.20665698029470156,0
tests\test_logging.py,f2f027d1fbc12f3ff24f3e471e11ac56e1a5d869,2020-04-04,David Lord,remove unused module docstrings,0,13,3,977,0.0,69,9,10,1.111,2,262,0.889,0.20658412968984546,0
tests\test_basic.py,01b992b1a1482246d705ffe3b3d0dd7816f0456b,2017-01-10,Andrew Arendt,Added python3.6 support for tests,0,29,15,851,0.0,1262,211,225,1.066,3,5028,0.36,0.20649778777254577,0
src\flask\scaffold.py,1d7281fe0770a97229a2a75189a712cff866b448,2023-05-02,David Lord,"remove egg test

eggs aren't supported, and Python 3.12 removes setuptools",0,44,16,1004,0.0,339,40,78,1.95,14,4047,2.15,0.20643881697028182,0
flask\__init__.py,3d146548c7e687b1938c66df12082a1ab037c75d,2011-06-27,Armin Ronacher,Added release script,0,16,3,359,0.0,18,0,0,0.0,0,139,0.0,0.2064041268663229,0
tests\test_appctx.py,33534bb4a9937e6faba5ecec4586519f453369b6,2015-01-02,Parkayun,Happy New Year 2015,0,7,2,112,0.0,82,16,17,1.062,2,270,0.312,0.20633718247211066,0
setup.py,3f7ab1797730b8d07497744878d109baa9b235a5,2010-07-06,Armin Ronacher,HEAD is 0.6-dev,0,14,2,91,0.0,35,1,1,1.0,1,199,0.0,0.20631172207494464,0
flask\__init__.py,515e946b020584db7f236eb8ad139f9f32de305f,2011-07-06,Armin Ronacher,master is 0.8-dev,0,21,3,368,0.0,18,0,0,0.0,0,140,0.0,0.20630314044584466,0
tests\test_views.py,54e05a282428e9a44dbd414ca70231a83ebd710d,2023-11-15,David Lord,use ruff linter and formatter,0,20,8,3352,0.0,178,42,42,1.0,1,715,1.19,0.20624798154049703,0
tests\test_basic.py,42fbbb4cbbd312464214dd66d0985828c16dce67,2017-01-17,David Lord,"add test and changelog for SERVER_NAME app.run default
ref #2152",0,30,16,859,0.0,1276,213,227,1.066,3,5092,0.399,0.20603845631582512,0
flask\helpers.py,0da56d7f5cfb6a637129444bfe0d6bf2584363ac,2011-03-18,Armin Ronacher,deprecated init_jinja_globals,0,32,8,258,0.0312,188,19,66,3.474,26,2320,2.053,0.2060339929396672,0
flask.py,a862ead5f22f9d4592c1c85bda285a4ded59b631,2010-04-23,Armin Ronacher,Warn on None responses.,0,41,5,17,0.0244,257,41,74,1.805,6,3586,1.927,0.20600121394452336,0
src\flask\debughelpers.py,524fd0bc8cec7bfe8167c9c98cb5511b01a0f4c6,2020-04-04,David Lord,apply pyupgrade,0,4,2,308,0.0,125,8,33,4.125,13,727,1.625,0.20589097999683992,0
flask\signals.py,e666f7a69c737fef8236237671be4da5910e9113,2019-06-22,David Lord,standardize license and copyright,0,20,10,3262,0.0,31,3,3,1.0,1,241,3.0,0.2058652564150711,0
tests\test_user_error_handler.py,668061a5fc928a5055815acf818b02baf1aef37b,2017-05-23,Florian Sachs,"Register errorhandlers for Exceptions

Allow a default errorhandler by registering
an errorhandler for HTTPException

tests included",0,3,3,773,0.0,114,26,26,1.0,1,384,0.385,0.2058458206096715,0
flask\testsuite\blueprints.py,26da6a5365e1fd229932f167a299128f30fae154,2012-04-24,Ron DuPlain,"Use default send_file max-age consistently.

Prior to this commit, the send_file max-age hook and config were only
used for the static file handler. N",0,6,2,241,0.0,539,92,104,1.13,5,2208,0.587,0.20582435525531023,0
tests\test_testing.py,6c5ef2bc5c7c304c8d4a2ddbb8666167ae73d4c4,2016-08-19,Adam Byrtek,Use `content_type` kwarg instead of manipulating headers,0,10,4,707,0.0,193,26,29,1.115,2,766,0.115,0.20578971101224675,0
flask\templating.py,bafc13981002dee4610234c7c97ac176766181c1,2014-09-03,Armin Ronacher,Added EXPLAIN_TEMPLATE_LOADING to help people debug templates not being loaded.,0,25,7,1522,0.0,77,9,25,2.778,7,465,2.0,0.2057646368874017,0
flask\debughelpers.py,17a836d49c8d496d50b726132e58749cf2741dd6,2011-08-05,Armin Ronacher,Better wording,0,1,1,0,0.0,29,4,8,2.0,3,225,1.75,0.20572497630039993,0
docs\conf.py,402f12bb6d578b767dfd637400f9194736458795,2011-01-14,Armin Ronacher,"We do not support 2.4, not even with CGI :)",0,20,2,282,0.0,69,0,0,0.0,0,1185,0.0,0.20570792849998235,0
src\flask\scaffold.py,84e11a1e827c0f55f9b9ee15952eddcf8a6492e0,2023-06-07,David Lord,use importlib instead of pkgutil,0,45,16,1040,0.0,339,40,79,1.975,15,4056,2.15,0.2057063904683237,0
flask.py,dbe0df756bf587b242f2406bef9e7e8ef26f0813,2010-04-21,florentx,Use setdefault() because it sets session.modified correctly.,0,39,5,14,0.0256,252,41,73,1.78,6,3565,1.927,0.20570102844243865,0
examples\flaskr\flaskr_tests.py,dfecc86dd315586bec8f5f0838195d03ba7165d3,2010-05-27,Armin Ronacher,Ported examples over to new config. documented upgrading,0,4,1,43,0.0,46,7,7,1.0,1,273,1.286,0.20554180632210572,0
flask.py,3eacc1d06816b2544e0242665fe909b24b027b21,2010-04-21,florentx,"Use a tuple to store _flashes, and simplify the flask.Request class.",0,38,5,14,0.0263,252,41,73,1.78,6,3566,1.927,0.20552959987101008,0
examples\flaskr\flaskr.py,82b29c09ac898042d589d852f1ef6f107fec9f71,2012-11-05,Gennady Kovshenin,"Use sqlite3.Row factory in Flaskr

As pointed out in issue #588 sqlite3.Row should be used instead of
using casting to dict(). Also altered the ""Easy ",0,9,1,935,0.0,67,7,13,1.857,4,320,0.143,0.20550375772601856,0
flask\wrappers.py,5d3e7b737c834595735cbeb81077739dd950f396,2015-02-28,Keyan Pishdadian,Add exception details to response,0,44,16,1701,0.0,82,10,30,3.0,8,905,1.5,0.20549389547148264,0
tests\test_blueprints.py,9fddecd4d92763f38a42a3842abab70b0a6f4678,2017-05-22,Randy Liou,"Add coverage for Blueprint.app_errorhandler

This test case registers an application-wise error handler from
a Blueprint. Verifies the error handler b",0,10,4,983,0.0,495,96,102,1.062,3,2068,0.375,0.20543767705838545,0
tests\test_basic.py,952a6c8989137bb0c44adaf37df0227b8e426a75,2016-01-02,Miguel Grinberg,Werkzeug should not block propagated exceptions from Flask,0,19,9,478,0.0,1233,203,223,1.099,3,4860,0.36,0.20530490817491492,0
tests\test_helpers.py,6aee9f6d77e0696bd570d6095445d73c48539f8a,2016-05-22,Armin Ronacher,"Resolve state issue for url_for with forced scheme

This fixes #1596",0,17,7,618,0.0,626,80,95,1.188,3,2640,0.85,0.2051599964600422,0
src\flask\views.py,f2f027d1fbc12f3ff24f3e471e11ac56e1a5d869,2020-04-04,David Lord,remove unused module docstrings,0,5,1,308,0.0,47,5,15,3.0,7,686,2.8,0.2051040060063472,0
tests\test_views.py,54ff9b297276a3add08c8faf1557b5e359b3ab99,2023-11-09,David Lord,use ruff linter and formatter,0,19,8,3345,0.0,178,42,42,1.0,1,715,1.19,0.20495650171986923,0
tests\test_basic.py,20f62e828b2ed100f7aa907b60880c8938593740,2015-04-02,Brandon Sandrowicz,"Fix Possible Typo

Looks like that was meant to be `config_key`. It works by accident because the function is defined in the same scope as the look th",0,17,7,202,0.0,1212,199,219,1.101,3,4746,0.317,0.20494156909975733,0
tests\flask_tests.py,5e1b1030e8edecb0c9652f2a406933c049ea2397,2010-07-12,Armin Ronacher,Added support for automagic OPTIONS,0,52,6,89,0.0385,860,140,158,1.129,3,3337,0.586,0.20481742643858555,0
src\flask\blueprints.py,88863288225d5ee13a79c463f2a39391b6a52c61,2022-03-15,David Lord,relax errorhandler function arg type,0,35,10,1018,0.0,314,33,78,2.364,23,2455,2.515,0.20480285467240208,0
src\flask\__init__.py,64a5d7a018aadcb5d7d868a782a04d1b599ef89b,2021-05-13,David Lord,release version 1.1.4,0,23,2,712,0.0,45,0,0,0.0,0,225,0.0,0.20479024254773026,0
scripts\make-release.py,33534bb4a9937e6faba5ecec4586519f453369b6,2015-01-02,Parkayun,Happy New Year 2015,0,8,3,1285,0.0,98,15,27,1.8,7,459,1.0,0.20478561238633464,0
flask\ctx.py,8482ce6b8ca9f1110b86bff4c3f998655fdecf8a,2016-05-26,Armin Ronacher,"Improve application context popping

Exceptions during teardown handling will no longer leave application
contexts lingering around.  This fixes #1767",0,59,15,2155,0.0,169,27,56,2.074,8,1778,1.741,0.20473736989221678,0
tests\test_basic.py,d0e2e7b66c2f0a2192ce4b1b54e118345acf7f6e,2017-03-31,Diggory Blake,Add test and changes,0,34,20,931,0.0,1277,213,228,1.07,3,5075,0.357,0.2046256406090429,0
flask\helpers.py,d8fcd4260e9194a03267ddb913a8b5d7cf0948d2,2011-04-18,Armin Ronacher,Whitespace normalization,0,36,9,290,0.0278,172,18,61,3.389,26,2266,1.889,0.20449586300584385,0
flask\config.py,6caaa8a527134dc9aff6d5c442969e96f9c00f21,2013-05-18,Thomas Waldmann,automated change using python-modernize: use 'as' in except,0,15,5,1049,0.0,54,8,19,2.375,4,766,2.625,0.20442883545269636,0
src\flask\config.py,662c245795c7cbb5dbd657a2d707c62c16770c18,2020-04-04,David Lord,remove _compat module,0,7,4,308,0.0,96,11,35,3.182,7,1225,2.909,0.2043689622995737,0
src\flask\blueprints.py,a74e266474f0981e9fc0d54d5dc430386823e4d7,2022-05-03,Stanislav Bushuev,skip coverage for TYPE_CHECKING,0,36,10,1067,0.0,314,33,78,2.364,23,2458,2.515,0.20436887783842528,0
flask\json.py,3d9055b3b73b1d09f933bfd070f704e9e8bdff2a,2013-06-01,Armin Ronacher,Added the JSONIFY_PRETTYPRINT_REGULAR config variable.  This fixes #725,0,11,4,236,0.0,80,12,30,2.5,4,828,2.0,0.20434689654741237,0
flask\helpers.py,e774e3a69eeb9a811a22e73ff87267e8bf4f9027,2011-04-18,Armin Ronacher,Switch params and example,0,37,9,290,0.027,172,18,61,3.389,26,2266,1.889,0.20429029297979695,0
docs\flaskext.py,08d6de73a893615ef316a9ad88710bd7e6589bf2,2016-11-03,David Lord,switch to packaged sphinx theme,0,2,1,2399,0.0,68,0,0,0.0,0,422,0.0,0.20428019180404872,0
tests\test_regression.py,4ec1fbc9f52b4b3997a1978ab3390a5a1157ad6a,2017-05-24,Christian Stade-Schuldt,More DRYing up the test suite (#2325),0,11,4,986,0.0,59,10,14,1.4,4,265,0.7,0.2042526122267177,0
src\flask\wrappers.py,a74e266474f0981e9fc0d54d5dc430386823e4d7,2022-05-03,Stanislav Bushuev,skip coverage for TYPE_CHECKING,0,15,2,1067,0.0,63,7,20,2.857,5,710,1.143,0.20414884056315957,0
flask\ctx.py,e71a5ff8de93801c30ed6daecac4b8502aa86813,2011-05-27,Armin Ronacher,Started work on new request dispatching.  Unittests not yet updated,0,10,3,328,0.0,36,6,11,1.833,4,619,1.667,0.20410851447380735,0
flask.py,f014ce29a7cd5a3ccfabd61e7d66e017ed958e25,2010-04-21,florentx,"Fix a doc oversight, and revert 5876a8fd.",0,37,5,14,0.027,256,42,74,1.762,6,3577,1.929,0.2040265346867938,0
examples\flaskr\flaskr\factory.py,465922e5f1cb76cf669a38afe25facde2176b9f0,2017-06-28,David Lord,"clean up secret key docs
consistent key across docs and examples
consistent key across tests, set in conftest",0,4,2,87,0.0,35,6,10,1.667,3,179,0.833,0.2038581810769518,0
flask\exthook.py,52098e1e4fc4d9c962e9ecb09dfbbcc6ac80a4d7,2014-01-02,Daniel Neuhäuser,Happy New Year 2014,0,4,3,828,0.0,57,8,24,3.0,6,620,2.375,0.2037725584126768,0
examples\flaskr\flaskr\__init__.py,cd13a5cf6215914ba4c3e0963d2189fe19fed508,2016-10-08,Hassam,Fix #2051: Fix flaskr import in flaskr/__init__.py (#2052),0,2,1,94,0.0,1,0,0,0.0,0,5,0.0,0.20365942235296314,0
tests\test_basic.py,a7f1a21c1204828388eaed1e3903a74c904c8147,2017-03-07,Hsiaoming Yang,"Don't rely on X-Requested-With for pretty print json response (#2193)

* Don't rely on X-Requested-With for pretty print json response

* Fix test c",0,32,18,907,0.0,1276,213,227,1.066,3,5090,0.399,0.20354382738031895,0
src\flask\blueprints.py,09112cfc477a270f4b2990e1daf39db1dbe30e98,2022-12-24,Maxim G. Ivanov,template_folder type allows pathlib,0,47,12,1302,0.0,398,37,80,2.162,23,2817,2.432,0.20347392235909095,0
flask\testsuite\helpers.py,4c27f7a8c4bbe6621681178be716e6270067a3ad,2013-05-23,Armin Ronacher,Removed incorrect JSON exception subclasses,0,31,9,636,0.0,428,62,74,1.194,3,1914,0.774,0.20341388952976455,0
flask\testsuite\test_apps\moduleapp\apps\frontend\__init__.py,817b72d484d353800d907b3580c899314bf7f3c6,2014-08-27,Armin Ronacher,Removed deprecated module functionality,0,1,1,1096,0.0,5,1,1,1.0,1,17,0.0,0.2033046034237463,0
flask\helpers.py,6fc1492357a94ab553fe7ef16a7a2235d05f5a1d,2010-07-17,Armin Ronacher,Added make_response,0,21,3,14,0.0476,153,17,53,3.118,22,2007,1.882,0.20324368465906917,0
tests\flask_tests.py,33e7f2b990e3889d6aa9cffef4a4c9d7d0923698,2010-06-02,Armin Ronacher,Invoke after_request on exceptions as well. This fixes #59,0,37,5,49,0.027,708,118,132,1.119,3,2771,0.585,0.2031964846587774,0
flask\wrappers.py,ca547f0ec375a8a3e8c623cfa6b747d68e75a239,2016-08-19,Adam Byrtek,JSON response tests and first draft of code that passes,0,54,20,2240,0.0,116,14,43,3.071,8,1225,1.571,0.20310974368999174,0
src\flask\blueprints.py,714ccefeca33db9e87e8ef4abd0008af05c32a4d,2022-08-03,David Lord,show deprecation warning on json_encoder/decoder access,0,45,12,1159,0.0,398,37,80,2.162,23,2825,2.432,0.20310345801183072,0
flask\testsuite\basic.py,bfeee756967ba1f6a74a6f2f4c3c617b4c0c4245,2013-01-29,Armin Ronacher,Changed session cookie defaults to work better with google chrome,0,22,4,522,0.0,1053,170,196,1.153,4,4362,0.618,0.20305866599322542,0
flask\__init__.py,510823c1592abe4c57e051e9d21bd134ab7f07a7,2011-06-29,Armin Ronacher,Bumped version number for this branch to 0.7.1,0,20,3,361,0.0,18,0,0,0.0,0,141,0.0,0.20303041317311737,0
tests\test_user_error_handler.py,662ce2151d0f17d592133eeecdc8d7e6676db811,2019-01-07,David Lord,add changelog for GH-2986,0,9,8,1367,0.0,138,31,31,1.0,1,484,0.548,0.2027726361203206,0
flask\testsuite\basic.py,086348e2f2874fb701048d5e1390cfe674de1f70,2012-05-08,Armin Ronacher,Added after_this_request decorator.,0,18,4,256,0.0,996,162,188,1.16,4,4113,0.605,0.20270253777518865,0
src\flask\sessions.py,662c245795c7cbb5dbd657a2d707c62c16770c18,2020-04-04,David Lord,remove _compat module,0,3,2,308,0.0,162,23,42,1.826,8,1719,2.391,0.20255509336255187,0
flask\json\__init__.py,310fbfcf64f40f237068fddbbbe45315f9935eca,2018-02-08,David Lord,"revert copyright year to project start
add copyright header to files",0,3,2,251,0.0,110,13,42,3.231,7,1163,2.0,0.20254281593891457,0
flask\wrappers.py,8284217593d5ea3d4bdeaed1e146fa94578b7999,2014-11-05,defuz,"docs: ``True``, ``False`` and ``None``",0,40,14,1586,0.0,82,10,30,3.0,8,900,1.5,0.20247829372607015,0
tests\test_basic.py,4dc2ef19eaa4ced5cb2f4a2a1673e65459c355d2,2016-03-04,Reuven,"Use pytest.raises() instead of try/catch with asser 0

This is somehow more readable, and enable using the features of pytest's ExeptionInfo (such as ",0,20,10,539,0.0,1213,203,217,1.069,3,4837,0.36,0.2024349587031093,0
scripts\flaskext_compat.py,7997bae5bb048e4623647c57faae447b28da907f,2011-09-19,Armin Ronacher,Explicitly activate compat module,0,1,1,1,0.0,33,3,9,3.0,5,182,1.667,0.20236765720338834,0
flask\__init__.py,0fccfe711fda524f216f82263bb83787a75035fd,2011-07-07,Armin Ronacher,Refactored session interface,0,22,3,369,0.0,17,0,0,0.0,0,136,0.0,0.20236365725666203,0
tests\test_signals.py,33534bb4a9937e6faba5ecec4586519f453369b6,2015-01-02,Parkayun,Happy New Year 2015,0,8,3,112,0.0,131,22,28,1.273,2,446,0.818,0.2023435497090777,0
flask\__init__.py,b64fa73467424b8e6c4efa565d4d5bc2ae414ab7,2011-06-28,Armin Ronacher,HEAD is 0.8-dev,0,19,3,360,0.0,18,0,0,0.0,0,140,0.0,0.20221903089078658,0
src\flask\debughelpers.py,2ae740dd4903bbe5f3864384bcdf2ab2d4638bce,2020-04-04,David Lord,f-strings everywhere,0,5,2,308,0.0,125,8,32,4.0,12,738,1.625,0.2021986884962917,0
tests\test_signals.py,9cb1a7a52d7927071e2b737d52f902f006969e82,2023-04-13,David Lord,"blinker is required, signals are always available",0,24,9,3135,0.0,139,25,32,1.28,2,452,1.12,0.20217690588906487,0
flask\module.py,7a08331ac062ee1e2ae3c7547f77c2d342ddb3df,2011-05-29,Armin Ronacher,Latest iteration of the blueprint code.  Far from being done,0,18,7,330,0.0,16,2,4,2.0,3,165,3.5,0.20217137211700487,0
flask\app.py,2b00ec4017ee6b930bb805c294a459f112e4bc80,2010-07-04,Armin Ronacher,Small cleanups,0,13,2,1,0.0,273,36,80,2.222,6,3952,2.111,0.202103848942468,0
tests\flask_tests.py,6e2be6a0b3aba4ab49cf3ed1a10ac13c6b771aba,2010-04-19,Armin Ronacher,Added JSON Support and started working on jQuery docs,0,5,1,5,0.0,198,38,41,1.079,3,814,0.526,0.20203098304358474,0
flask\ctx.py,a4df0fbb397e13bd7c6475dbde5f44727474c3c7,2016-02-02,Adrian,Add missing return to g.setdefault,0,58,15,2040,0.0,165,27,54,2.0,7,1774,1.741,0.2019289887026836,0
tests\test_regression.py,5b0b9717da958fd6325c675d92be4f6667796112,2017-05-23,Christian Stade-Schuldt,"DRYing up the test suite using pytest fixtures (#2306)

* add fixtures to conftest.py

* use fixtures in test_appctx.py

* use fixtures in test_bl",0,10,3,985,0.0,61,10,14,1.4,4,271,0.6,0.20183792575862522,0
flask\templating.py,80eb6cfffc3f3fe6e448aa0e26ba1566d4c42917,2010-07-04,Armin Ronacher,Switched to relative imports in the package,0,2,1,0,0.0,41,6,12,2.0,4,287,1.667,0.2018259879398906,0
tests\test_basic.py,00d6e339ec789e7b92007297e840a671a5e38a7b,2017-04-07,jab,"Change Flask.__init__ to accept two new keyword arguments, host_matching and static_host. (#1560)

This enables host_matching to be set properly by th",0,37,20,938,0.0,1302,216,230,1.065,3,5234,0.394,0.20179408442671654,0
src\flask\config.py,2ae740dd4903bbe5f3864384bcdf2ab2d4638bce,2020-04-04,David Lord,f-strings everywhere,0,9,4,308,0.0,96,11,35,3.182,7,1221,2.909,0.20169847537220398,0
src\flask\config.py,524fd0bc8cec7bfe8167c9c98cb5511b01a0f4c6,2020-04-04,David Lord,apply pyupgrade,0,8,4,308,0.0,96,11,35,3.182,7,1220,2.909,0.20169847537220398,0
tests\flask_tests.py,67fc46526234653b0a519e9f1e8a05a2c40c80f8,2010-05-04,florentx,"Fix typo, remove useless import, limit lines to 79 columns.",0,23,4,19,0.0435,344,62,68,1.097,3,1413,0.629,0.2016706717621027,0
tests\test_basic.py,1d4448abe335741c61b3c8c5f99e1607a13f7e3d,2017-03-31,Diggory Blake,"Handle BaseExceptions (#2222)

* Handle BaseExceptions

* Add test and changes

* Make test more idiomatic",0,33,19,931,0.0,1288,215,229,1.065,3,5130,0.395,0.20166693615560163,0
tests\test_appctx.py,8fa3ed13bf362a71f942ed3d37efbdbdd5731375,2018-05-29,Dilan Coss,details fixed,0,17,10,1355,0.0,145,29,32,1.103,2,506,0.966,0.20162187890859903,0
flask\templating.py,a3a843999b8f98a96fb44f573515d44648d72bab,2010-08-09,Armin Ronacher,normpath is now used before loading templates,0,9,3,36,0.0,52,7,14,2.0,5,341,1.857,0.2015716387431544,0
examples\tutorial\tests\test_auth.py,81c7ff7f8db09b5d609a09722785f70ec6f7af68,2022-03-25,David Lord,update tests for relative redirects,0,4,3,1446,0.0,46,5,5,1.0,1,239,2.8,0.20155488711523578,0
flask\config.py,c5900a1adf8e868eca745225f3cf32218cdbbb23,2016-05-23,ThiefMaster,"s/1.0/0.11/ in versionadded/versionchanged markers

closes #1817",0,34,13,2150,0.0,97,11,35,3.182,7,1132,2.818,0.20127664359232766,0
tests\flask_tests.py,75461c1467bbb2d83ee787bb13f4a338a4b8ad3e,2010-05-02,Armin Ronacher,Added _external support to url_for,0,21,4,18,0.0476,343,62,68,1.097,3,1409,0.629,0.20126148312630263,0
flask\testsuite\test_apps\moduleapp\__init__.py,817b72d484d353800d907b3580c899314bf7f3c6,2014-08-27,Armin Ronacher,Removed deprecated module functionality,0,1,1,1096,0.0,6,0,0,0.0,0,25,0.0,0.20123846494700115,0
flask\ctx.py,b55bc0baa291fb3ac2f62f5852c2469f1dda9bdc,2015-12-13,lord63,Remove with_statement in flask/ctx.py,0,57,14,1989,0.0,165,27,54,2.0,7,1773,1.741,0.20122412800075246,0
src\flask\wrappers.py,c7a53888a1a514619b0611fd8b7928592f4ed612,2024-11-01,David Lord,add config and docs for limits,0,22,5,1980,0.0,92,12,30,2.5,5,1172,1.333,0.20101617824272555,0
flask\module.py,abe1378caec759cc8c6fc0afeaad248677c4420f,2011-06-16,Armin Ronacher,Chnaged a bunch of behavior in blueprints for it to be more flexible. Improved backwards compat.,0,19,7,349,0.0,15,2,4,2.0,3,162,3.5,0.2009270409056507,0
flask\testsuite\views.py,a15c6c569ab40f0da2d18b1bd338bd03ddb024eb,2012-10-16,Mitchell Peabody,"The builder on github is using python 2.5, the views.py testsuite uses the with
statement, and thus flask/testsuite/views.py requires

from __future__",0,3,1,417,0.0,122,27,27,1.0,1,506,1.037,0.20089849184687036,0
flask\wrappers.py,d4b9b9854c7afb32c4c2ee27c4d98def1c8e22ca,2014-11-05,defuz,docs: :mimetype:`application/json`,0,42,15,1586,0.0,82,10,30,3.0,8,904,1.5,0.20075738940803448,0
flask\wrappers.py,ad011bc32d7b9160354efafcd43e20f7042a6a13,2014-11-05,defuz,"docs: ``DEBUG``, ``SERVER_NAME``, ``PATH_INFO``",0,41,15,1586,0.0,82,10,30,3.0,8,900,1.5,0.20075738940803448,0
flask\wrappers.py,82b7983b2a0262645dd4dcb72c441b7affa816be,2015-03-02,Keyan Pishdadian,Make exception contents conditional on DEBUG,0,45,17,1703,0.0,85,10,31,3.1,8,913,1.5,0.20069592468979855,0
flask\testsuite\config.py,8d7ca29a3554d20324ed9c75d9c095dfa8a8c439,2012-03-01,Dave Shawley,Cleaned up test case for issue #414.,0,9,3,188,0.0,247,24,47,1.958,3,1098,1.125,0.20067351558955868,0
flask.py,9f6bc93e4de36fc209eb1203845e9505df1ca379,2010-04-20,Armin Ronacher,"Fixed XSS problem by escaping all slashes in JSON.

This also probes simplejson first to figure out if it escapes slashes
which it did in earlier vers",0,29,4,14,0.0345,259,42,75,1.786,6,3588,1.952,0.20063147145508226,0
tests\test_async.py,2889da67cb15ac6d5d882781d54014286d9ae010,2021-05-03,pgjones,"Remove the async helper method

It is better to encourage users to utilise the app ensure_sync method
(or the newely added async_to_sync method) so th",0,6,2,26,0.0,103,18,18,1.0,1,339,0.444,0.20057834224269086,0
tests\test_appctx.py,fbb6f0bc4c60a0bada0e03c3480d0ccf30a3c1df,2026-02-19,David Lord,all teardown callbacks are called despite errors,0,30,11,4179,0.0,186,35,38,1.086,2,668,1.029,0.2004892031789774,0
flask\config.py,2de525c720bea58c088decedd89bab5914e39a7e,2015-05-02,Matthias Bussonnier,"importlib deprecated in 3.5.

Replace the use of importlib by types.ModuleType that seem to be
available since at least 2.6

closes gh-1449",0,32,11,1763,0.0,97,11,35,3.182,7,1132,2.818,0.20043583534526327,0
flask\wrappers.py,f0d3b71a94994d52d64d315bc8ef7371db14d76f,2016-08-19,Adam Byrtek,Updates after code review,0,58,21,2240,0.0,93,12,35,2.917,8,1013,1.583,0.20037078105004572,0
flask\testsuite\helpers.py,af5576a6c50ec849a824c1ace15f187d378db771,2013-05-25,Thomas Waldmann,fix iterator in testsuite helpers,0,32,9,638,0.0,428,62,74,1.194,3,1910,0.774,0.20032817524405028,0
flask\testsuite\helpers.py,ac04bc78361d5562f8289e8efe16a2e9a97b0d01,2013-05-26,Thomas Waldmann,replace 1/0 by 1 // 0 to get rid of DeprecationWarning (and PEP8 issue),0,33,9,639,0.0,428,62,74,1.194,3,1910,0.774,0.20032817524405028,0
flask.py,3a1e51865786474c44a04c0d422515047dd27223,2010-04-20,Armin Ronacher,Fixed typo and added AUTHORS file and license text to docs.,0,28,4,14,0.0357,253,42,74,1.762,6,3556,1.952,0.20023374418235498,0
docs\conf.py,70de011d5102bea6b97010643cf36698f94f97fb,2016-05-29,Adam Chainz,"Convert readthedocs link for their .org -> .io migration for hosted projects (#1827)

As per their email ‘Changes to project subdomains’:

> Startin",1,31,9,2244,0.0,91,3,3,1.0,1,1240,1.667,0.20021624466446175,0
src\flask\config.py,f2f027d1fbc12f3ff24f3e471e11ac56e1a5d869,2020-04-04,David Lord,remove unused module docstrings,0,10,4,308,0.0,96,11,35,3.182,7,1207,2.909,0.20021621947837967,0
flask\helpers.py,57920a5808c03d7d035f592a13a71ba627fe85da,2011-05-17,Sharoon Thomas,Prevent pop if flashes not in session to avoid modification to session fixes #227,0,39,9,318,0.0256,173,18,62,3.444,26,2285,1.889,0.20019433667257755,0
flask.py,75461c1467bbb2d83ee787bb13f4a338a4b8ad3e,2010-05-02,Armin Ronacher,Added _external support to url_for,0,53,6,26,0.0189,278,45,80,1.778,6,3797,1.889,0.20009580420891004,0
flask\templating.py,0a93c552cc3318396e44c6ab1282190898ce0012,2010-07-06,Armin Ronacher,Fixed a template lookup error,0,3,1,2,0.0,43,6,13,2.167,5,295,1.667,0.20009116414619024,0
src\flask\sansio\scaffold.py,1d610e44b396d11113bb6a5d168cc5e996a6dfb9,2024-10-31,David Lord,drop support for Python 3.8,0,5,3,439,0.0,288,35,61,1.743,10,3477,2.143,0.1999457796200083,0
flask\app.py,80eb6cfffc3f3fe6e448aa0e26ba1566d4c42917,2010-07-04,Armin Ronacher,Switched to relative imports in the package,0,14,2,1,0.0,273,36,80,2.222,6,3944,2.111,0.1999002499079136,0
src\flask\app.py,6f79cb8a23467aa01f94f6ad53790f468ba77c76,2022-02-16,Colin Adams,Fix typing on `app.session_interface`,0,59,18,991,0.0,778,68,207,3.044,15,9151,2.074,0.1998821443189536,0
flask\helpers.py,90b8df3e4ce762ac4de4a6fabd8fb34532bedd5e,2010-07-17,Armin Ronacher,Fixed paren in docstring,0,22,3,14,0.0455,153,17,53,3.118,22,2007,1.882,0.1997900556268111,0
flask\testsuite\helpers.py,5b89355b1c9771431fb8a011094591ad43461b0a,2013-05-22,Daniel Neuhäuser,Response data is bytes,0,27,8,635,0.0,439,64,76,1.188,3,1985,0.766,0.1997481544880204,0
scripts\flaskext_compat.py,52098e1e4fc4d9c962e9ecb09dfbbcc6ac80a4d7,2014-01-02,Daniel Neuhäuser,Happy New Year 2014,0,9,5,837,0.0,64,9,25,2.778,6,591,2.0,0.19973169105595442,0
flask\testsuite\helpers.py,9f8a2075c79fec1b5481f5a5a95bb23b40bf68f2,2013-05-22,Daniel Neuhäuser,Use assert_in where appropriate,0,29,9,635,0.0,439,64,76,1.188,3,1969,0.766,0.1995989279186845,0
flask\testsuite\helpers.py,a0801719f8f24a0e3192eca203bbd341c4e557ec,2013-05-22,Daniel Neuhäuser,Remove six dependency,0,30,9,635,0.0,438,64,76,1.188,3,1964,0.766,0.1995989279186845,0
flask\views.py,52098e1e4fc4d9c962e9ecb09dfbbcc6ac80a4d7,2014-01-02,Daniel Neuhäuser,Happy New Year 2014,0,14,8,919,0.0,43,5,14,2.8,6,710,2.8,0.1994822006050003,0
flask\blueprints.py,bfd67764fb48311e6a7ddcc85244726d70af677b,2011-06-07,Armin Ronacher,Started documentation for blueprints,0,4,1,8,0.0,128,28,37,1.321,3,1080,2.464,0.19948076571287615,0
tests\flask_tests.py,1a69c7d4bf4d87d00b5fb2551ea39ee7c932768b,2010-07-02,Justin Quick,"look for json module in the right place. all tests 
now pass with the new module layout",0,43,5,79,0.0233,769,127,142,1.118,3,3005,0.583,0.19938975674663464,0
src\flask\sessions.py,2ae740dd4903bbe5f3864384bcdf2ab2d4638bce,2020-04-04,David Lord,f-strings everywhere,0,5,2,308,0.0,162,23,42,1.826,8,1708,2.391,0.1993891124749501,0
setup.py,40fad2ece80e8bf6784e137028645fa66a3cd9c2,2013-05-18,Thomas Waldmann,"document python 2.6 minimum requirement, remove all stuff that refers to 2.5",0,43,10,1138,0.0,60,3,10,3.333,8,339,1.0,0.19938246805962337,0
tests\test_helpers.py,daceb3e3a028b4b408c4bbdbdef0047f1de3a7c9,2016-01-13,Jeff Widman,"Add support for serializing top-level arrays to JSON

Fix #170, #248, #510, #673, #1177",0,14,4,489,0.0,608,77,92,1.195,3,2558,0.844,0.1992821971719365,0
src\flask\blueprints.py,48f2afbf900560af061d50c73e4d3f9422ce4dbe,2021-11-12,David Lord,same blueprint cannot be registered with same name,0,34,10,895,0.0,316,33,78,2.364,23,2457,2.515,0.1992755466980086,0
flask.py,dffb3d091c0e42b7254fe88218811c24c0054f7e,2010-05-03,Armin Ronacher,Removed useless import and adapted tests,0,55,6,27,0.0182,274,45,80,1.778,6,3787,1.889,0.1992646353777412,0
flask.py,67fc46526234653b0a519e9f1e8a05a2c40c80f8,2010-05-04,florentx,"Fix typo, remove useless import, limit lines to 79 columns.",0,56,6,27,0.0179,274,45,80,1.778,6,3787,1.889,0.1992646353777412,0
docs\flaskext.py,679bf0014f298a1ab8f989989fa430f69d9e28c0,2018-04-18,David Lord,use theme provided by pallets-sphinx-themes,0,3,2,2930,0.0,68,0,0,0.0,0,422,0.0,0.1992271016766854,0
tests\test_async.py,7f87f3dd93baf45d5f69f02a2dcf4493dfc4a1be,2021-05-03,pgjones,"Simplify the async handling code

Firstly `run_sync` was a misleading name as it didn't run anything,
instead I think `async_to_sync` is much clearer ",0,5,2,26,0.0,103,18,18,1.0,1,340,0.444,0.19917378833520494,0
tests\test_basic.py,e50767cfca081681f527c54d3f6652d11e95e758,2017-04-20,David Lord,add test for build error special values,0,38,21,951,0.0,1315,218,232,1.064,3,5265,0.404,0.1991455299832592,0
tests\test_basic.py,97e2cd0a5a5f2b663d7a82edbaede2fe2cfb0679,2017-04-21,David Lord,"update changelog
move test next to existing test, rename
reword / reflow param doc",0,39,21,952,0.0,1349,221,237,1.072,3,5411,0.398,0.19911292128760705,0
flask\__init__.py,fb1482d3bb1b95803d25247479eb8ca8317a3219,2011-06-28,Armin Ronacher,Bump version number to 0.7,0,18,3,360,0.0,18,0,0,0.0,0,139,0.0,0.19909541643780904,0
flask\exthook.py,e1d356fb713f3272db2a23f9f898c34c5dc79dc0,2013-05-22,Thomas Waldmann,"ported some more stuff to py 3.3

removed init_jinja_globals hack from app.py after consulting mitsuhiko
(didn't work on py 3.3 ""as is"")

removed with",0,2,2,602,0.0,57,8,24,3.0,6,621,2.375,0.1990738643437368,0
flask\helpers.py,7a08331ac062ee1e2ae3c7547f77c2d342ddb3df,2011-05-29,Armin Ronacher,Latest iteration of the blueprint code.  Far from being done,0,40,10,330,0.025,219,24,79,3.292,26,2469,1.958,0.19906644754437391,0
flask\helpers.py,4d6cd1a3901495f66513934bb7e1a6ac58116400,2011-05-29,Armin Ronacher,URL building should work in theory,0,41,10,330,0.0244,220,24,79,3.292,26,2474,1.958,0.19906644754437391,0
flask\wrappers.py,f0f458e0c5c4610cc210ef80a89b2b0870baa1b6,2016-08-19,Adam Byrtek,Alternative solution for lack of response caching,0,57,21,2240,0.0,93,12,35,2.917,8,1013,1.583,0.19902224173888958,0
flask\config.py,e1d356fb713f3272db2a23f9f898c34c5dc79dc0,2013-05-22,Thomas Waldmann,"ported some more stuff to py 3.3

removed init_jinja_globals hack from app.py after consulting mitsuhiko
(didn't work on py 3.3 ""as is"")

removed with",0,17,6,1052,0.0,54,8,19,2.375,4,772,2.625,0.1990059724555407,0
flask\templating.py,16e4d5a6553ff9c89a61c44ddec7da21126b631a,2010-07-07,florentx,Various typos.,0,4,1,2,0.0,43,6,13,2.167,5,295,1.667,0.19894433393795935,0
flask\module.py,f5b8c082847baa8a902cef22c43a5d50d7a55bdc,2010-07-15,Armin Ronacher,endpoint is optional for modules.  This fixes #86,0,12,3,12,0.0,78,17,23,1.353,4,925,2.235,0.19893314484602798,0
tests\test_config.py,465922e5f1cb76cf669a38afe25facde2176b9f0,2017-06-28,David Lord,"clean up secret key docs
consistent key across docs and examples
consistent key across tests, set in conftest",0,15,5,1020,0.0,153,15,18,1.2,2,662,0.2,0.19888103999460852,0
flask\helpers.py,0ecc686372f577ccbcbcb818e1386ceb7bd9391d,2011-04-17,Armin Ronacher,Fixed a typo,0,34,8,288,0.0294,170,17,60,3.529,26,2194,1.882,0.19887827043053993,0
tests\test_basic.py,5da342e4dd7dfcc16aa25928ea91d69c2d362f73,2020-02-10,Marc Hernandez Cabot,fix docstring and remove redundant parentheses,0,81,37,1978,0.0,1425,257,276,1.074,3,6031,0.914,0.198816948241451,0
tests\test_basic.py,900fa2f795615683234cc7e7b050a1e131983689,2020-02-10,raymond-devries,Feature request #3445.,0,80,36,1978,0.0,1425,257,276,1.074,3,6031,0.914,0.198816948241451,0
flask\sessions.py,5d9dd0b379a63d5a90265f2469f86fbd81b05853,2017-05-20,David Lord,set session accessed for setdefault,0,44,19,2144,0.0,203,25,59,2.36,13,1869,2.28,0.19880559359206484,0
flask\testsuite\helpers.py,522cd0009367d1f775b0e978681426773f51ce14,2013-05-18,Thomas Waldmann,python-modernize automated changes: fix_unicode (but without six.u()),0,24,7,631,0.0,440,64,76,1.188,3,1979,0.766,0.19877307956294551,0
tests\test_ext.py,33534bb4a9937e6faba5ecec4586519f453369b6,2015-01-02,Parkayun,Happy New Year 2015,0,7,1,112,0.0,121,21,34,1.619,10,590,1.0,0.19861312137806061,0
examples\persona\persona.py,1e5746bb2b0ca82d2bd77edf1f153fdcca70503f,2016-07-06,David Lord,"persona is discontinued, remove example
closes #1947",0,4,2,1123,0.0,35,4,7,1.75,3,175,0.0,0.19858521065528434,0
flask\config.py,b52b7b1f9322e7ab3e69a387dbfe9fe14de4c401,2013-05-18,Thomas Waldmann,automated change using python-modernize: replace execfile,0,16,6,1049,0.0,54,8,19,2.375,4,770,2.625,0.19858153895800373,0
examples\tutorial\tests\conftest.py,025589ee766249652e2e097da05808fe64911ddc,2019-05-06,David Baumgold,"Reformat with black

https://github.com/python/black",0,1,1,392,0.0,35,7,7,1.0,1,188,1.286,0.19852249331253374,0
flask\testsuite\helpers.py,b7337080e48990393cf960890504710bc7cbc136,2013-09-07,Michael Bikovitsky,"Fix test_send_file_object

static/index.html now opens in binary mode, and therefore newline conversion does not take place.",0,44,10,743,0.0,528,64,78,1.219,3,2162,0.766,0.19849456930458814,0
flask\config.py,6d0bbd627c8ff7b6339c894342d00eae11deb7ec,2016-02-03,lord63,"Fix typo

* Use the compatible way to handle the exception. You can find the
source code wsgi_app in app.py, and it use the compatible way, so update ",0,33,12,2040,0.0,97,11,35,3.182,7,1132,2.818,0.19848704616554705,0
flask\testsuite\basic.py,8c8c524ddb791c2f7eed47b6d2e4317faf06a659,2012-04-22,Ron DuPlain,Re-raise BuildError with traceback.,0,15,3,240,0.0,982,159,185,1.164,4,4064,0.604,0.19817774825829493,0
tests\test_basic.py,d4076cf07c70d7fccf82aba5c5acae3f3fb99447,2020-02-10,frostming,strip the ending slash for static_url_path,0,82,38,1978,0.0,1431,259,278,1.073,3,6054,0.911,0.1980884517379545,0
src\flask\__init__.py,7df5db7b0c78b0588f82f2148b51461f94320b90,2021-04-16,David Lord,release version 2.0.0rc1,0,14,1,685,0.0,44,0,0,0.0,0,177,0.0,0.19805102774830025,0
tests\test_blueprints.py,e666f7a69c737fef8236237671be4da5910e9113,2019-06-22,David Lord,standardize license and copyright,0,29,11,1744,0.0,587,121,127,1.05,3,2458,0.901,0.19797501199329412,0
src\flask\blueprints.py,3351a8677e5bd1e1b8cfe2860b73b3422cde4f31,2022-06-05,David Lord,add errorhandler type check tests,0,41,12,1100,0.0,308,33,78,2.364,23,2451,2.515,0.19792332125271492,0
flask\testsuite\helpers.py,239780be289efd365c07be2f60bab9223388399e,2013-05-22,Daniel Neuhäuser,"Use assert_true instead of assert_

assert_ is deprecated which causes annoying warnings",0,28,9,635,0.0,439,64,76,1.188,3,1985,0.766,0.1978806133308047,0
flask\testsuite\helpers.py,8cb79fd026038fc63c8525a0aa0602a0f2a7e409,2014-02-09,Armin Ronacher,Added a test for sending from directories,0,49,11,898,0.0,518,65,78,1.2,3,2194,0.769,0.1977258556892613,0
flask\config.py,d88c08e56f7398206596129036b8f101be11cba0,2016-06-02,Jason Brazeal,improved documentation for config.from_object (#1870),0,35,14,2160,0.0,97,11,35,3.182,7,1171,2.818,0.19768695835732056,0
tests\flask_tests.py,36717b02731ad7d86ba8effbe27e70405e48cd9b,2010-04-27,Armin Ronacher,Added support for long running sessions.  This closes #16.,0,20,4,13,0.05,341,62,68,1.097,3,1395,0.629,0.19767533943128798,0
flask\testsuite\helpers.py,d5218997d927be869dd55ef04542e1bbc1e69653,2012-06-27,Armin Ronacher,Added flask.stream_with_context,0,18,5,306,0.0,378,53,62,1.17,2,1743,0.679,0.19762571300333606,0
flask\json.py,0e1e9a04aaf29ab78f721cfc79ac2a691f6e3929,2018-04-10,David Lord,detect UTF encodings when loading json,0,40,22,2010,0.0,124,14,47,3.357,12,1308,1.929,0.19760237135180814,0
tests\test_helpers.py,390cd5e4eec8340d74e8b72b2d51a5a3eeef3842,2016-06-02,James Farrington,Fixed #1846,0,18,8,629,0.0,632,81,96,1.185,3,2664,0.852,0.1975482243615735,0
flask\config.py,789715adb9949f58b7b0272bed1a58d7cd0fad30,2016-12-26,Markus Unterwaditzer,"Fix config.from_pyfile on Python 3 (#2123)

* Fix config.from_pyfile on Python 3

Fix #2118

* Support Python 2.6

* Fix tests on Python 2",0,36,15,2366,0.0,97,11,35,3.182,7,1173,2.818,0.19753478309713454,0
flask.py,9248a7baca5bc616a60f9b63b525e872fbfddef2,2010-05-03,Armin Ronacher,None responses fail properly now.  This fixes #24,0,54,6,26,0.0185,275,45,80,1.778,6,3789,1.889,0.19752437563748146,0
src\flask\__init__.py,e2b7d1056c6c8f6f26a4b9dfcc5dc4b2ef87f573,2021-05-03,David Lord,release version 2.0.0rc2,0,15,1,701,0.0,44,0,0,0.0,0,177,0.0,0.19739877807010556,0
flask\testsuite\ext.py,239780be289efd365c07be2f60bab9223388399e,2013-05-22,Daniel Neuhäuser,"Use assert_true instead of assert_

assert_ is deprecated which causes annoying warnings",0,10,3,612,0.0,85,17,29,1.706,10,445,0.941,0.19739800748135986,0
tests\test_regression.py,0ee1b0b5d9712b6cf2f22429db98549e1a0c8cb8,2021-02-08,David Lord,remove test relying on Werkzeug Local internals,0,21,7,2342,0.0,18,4,4,1.0,1,63,0.5,0.1973582090563942,0
tests\test_cli.py,ed17bc171046a15f03c890687db8eb9652513bd9,2017-03-16,Sven-Hendrik Haase,Add test to showcase that printing a traceback works,0,13,11,304,0.0,137,22,22,1.0,1,680,0.636,0.1973528319371872,0
flask\testing.py,bd5e297aa9697f42a61682fe56f10eeb650e8540,2016-10-12,Michael Recachinas,"Default environ (#2047)

* Add init to FlaskClient

This addresses #1467. The init in the subclass
can now take in `environ_base`, which will then ",0,29,12,2290,0.0,75,6,19,3.167,7,615,3.167,0.19722928734417533,0
flask\debughelpers.py,6caaa8a527134dc9aff6d5c442969e96f9c00f21,2013-05-18,Thomas Waldmann,automated change using python-modernize: use 'as' in except,0,8,1,651,0.0,47,5,10,2.0,3,420,1.8,0.19722872077529946,0
examples\minitwit\minitwit_tests.py,52098e1e4fc4d9c962e9ecb09dfbbcc6ac80a4d7,2014-01-02,Daniel Neuhäuser,Happy New Year 2014,0,5,2,1362,0.0,99,11,14,1.273,3,686,1.818,0.19710941124937417,0
tests\test_blueprints.py,b46f5942a528053034fecf210572ee04bc4a3284,2019-06-01,Jon S. Stumpf,address flake8 issues,0,27,10,1723,0.0,588,121,127,1.05,3,2466,0.901,0.197105456879876,0
tests\flask_tests.py,c5b1755317c7bdfc20f4395a9a29a83b5b9cfd43,2010-07-20,Armin Ronacher,Added testcase for modified URL encodings,0,58,6,97,0.0345,980,161,181,1.124,3,3772,0.615,0.1969578879248388,0
tests\conftest.py,465922e5f1cb76cf669a38afe25facde2176b9f0,2017-06-28,David Lord,"clean up secret key docs
consistent key across docs and examples
consistent key across tests, set in conftest",0,10,5,1020,0.0,106,18,23,1.278,2,481,1.389,0.19695491386554456,0
flask.py,9d340ad7477774a19a7bdffc83d6cb8cb3e05edc,2010-04-20,florentx,"Fix a doc oversight, and revert 5876a8fd.",0,34,5,14,0.0294,256,42,74,1.762,6,3577,1.929,0.19689281858602825,0
flask\wrappers.py,bafc13981002dee4610234c7c97ac176766181c1,2014-09-03,Armin Ronacher,Added EXPLAIN_TEMPLATE_LOADING to help people debug templates not being loaded.,0,37,12,1523,0.0,79,10,30,3.0,8,889,1.5,0.19677878566043647,0
flask\testsuite\helpers.py,05f66ad73543db207791ea5d6a2de2e8eaaf1640,2013-05-22,Markus Unterwaditzer,Fix some literals,0,26,7,635,0.0,439,64,76,1.188,3,1984,0.766,0.19676958305944903,0
flask\testsuite\helpers.py,e1d356fb713f3272db2a23f9f898c34c5dc79dc0,2013-05-22,Thomas Waldmann,"ported some more stuff to py 3.3

removed init_jinja_globals hack from app.py after consulting mitsuhiko
(didn't work on py 3.3 ""as is"")

removed with",0,25,7,634,0.0,439,64,76,1.188,3,1976,0.766,0.19676958305944903,0
setup.py,98ea6579c80fc7754eef433e3d6a0f232b8be75a,2010-07-06,Armin Ronacher,Preparing for a 0.5.1 bugfix release,0,15,2,91,0.0,35,1,1,1.0,1,200,0.0,0.1966908564272949,0
flask\testsuite\views.py,ac04bc78361d5562f8289e8efe16a2e9a97b0d01,2013-05-26,Thomas Waldmann,replace 1/0 by 1 // 0 to get rid of DeprecationWarning (and PEP8 issue),0,6,4,639,0.0,121,27,27,1.0,1,509,1.037,0.19664520500986632,0
flask\testsuite\blueprints.py,522cd0009367d1f775b0e978681426773f51ce14,2013-05-18,Thomas Waldmann,python-modernize automated changes: fix_unicode (but without six.u()),0,9,3,631,0.0,640,115,127,1.104,5,2646,0.626,0.19657113815195304,0
examples\flaskr\tests\test_flaskr.py,8cf32bca519723c5d97f123127cdec81dba868f6,2017-04-01,Kyle Lawlor,Adds in blueprints and an application factory,0,2,1,270,0.0,50,7,7,1.0,1,258,1.143,0.1965643378977212,0
src\flask\blueprints.py,ab93222bd6d4ea26e3aa832a0409489530f3f5e0,2023-02-10,David Lord,point to app-scoped blueprint methods,0,50,14,1350,0.0,398,37,80,2.162,23,2856,2.432,0.1965351839538665,0
flask\helpers.py,017117778ec477205eaba6acab951951808a60a5,2011-04-25,Armin Ronacher,Document that None skips in query strings.  This fixes #224,0,38,9,296,0.0263,172,18,61,3.389,26,2280,1.889,0.19648719381543472,0
tests\test_basic.py,697f7b9365304c45216e6c8dd307d931ea1506d0,2017-04-25,David Lord,"refactor make_response to be easier to follow

* be explicit about how tuples are unpacked
* allow bytes for status value
* allow Headers for headers ",0,40,21,956,0.0,1379,227,242,1.066,3,5542,0.388,0.19644625462094037,0
flask\testsuite\blueprints.py,6caaa8a527134dc9aff6d5c442969e96f9c00f21,2013-05-18,Thomas Waldmann,automated change using python-modernize: use 'as' in except,0,8,2,631,0.0,639,115,127,1.104,5,2645,0.626,0.19635507594455304,0
flask.py,3c821a0fa45082bcec73dfb08662fb1de5263c48,2010-04-20,florentx,Fix typos and remove unused import.,0,30,4,14,0.0333,258,42,75,1.786,6,3586,1.952,0.19633017275378356,0
flask\testsuite\helpers.py,775c76ac5c4365deb31061d0a8ef942d0585f81d,2013-05-30,Armin Ronacher,Enabled test mode for an app,0,34,9,643,0.0,429,62,74,1.194,3,1913,0.774,0.19632817524405027,0
src\flask\sessions.py,54ff9b297276a3add08c8faf1557b5e359b3ab99,2023-11-09,David Lord,use ruff linter and formatter,0,21,7,1622,0.0,154,23,36,1.565,5,1686,2.391,0.19629356525819092,0
flask\testing.py,e1d356fb713f3272db2a23f9f898c34c5dc79dc0,2013-05-22,Thomas Waldmann,"ported some more stuff to py 3.3

removed init_jinja_globals hack from app.py after consulting mitsuhiko
(didn't work on py 3.3 ""as is"")

removed with",0,15,4,1051,0.0,62,5,17,3.4,6,548,3.2,0.19628070935615716,0
src\flask\blueprints.py,61f62e6005f72c44a90026e2589b6bc5234f2f24,2022-05-23,David Lord,access flask types through namespace alias,0,39,12,1087,0.0,306,33,78,2.364,23,2447,2.515,0.19627670471136152,0
flask.py,7cf5a9bf6e34fc57f82e560f01c408fbe603e9d4,2010-04-21,florentx,"Use a tuple to store _flashes, and simplify the flask.Request class.",0,35,5,14,0.0286,252,41,73,1.78,6,3566,1.927,0.19618959956579238,0
src\flask\wrappers.py,67b0b7e30d2304f628e966896748032022ac0257,2021-05-21,David Lord,cache blueprint path calculation,0,10,2,719,0.0,60,7,19,2.714,5,705,1.143,0.19618585669502034,0
flask\testing.py,9f4c569c83f3f00f43a8ea975821c405ab0057f0,2016-05-09,Benjamin Dopplinger,"Fix ""with"" formatting in doc",0,23,9,2134,0.0,67,5,18,3.6,7,563,3.2,0.19614952789439757,0
flask\testsuite\ext.py,e1d356fb713f3272db2a23f9f898c34c5dc79dc0,2013-05-22,Thomas Waldmann,"ported some more stuff to py 3.3

removed init_jinja_globals hack from app.py after consulting mitsuhiko
(didn't work on py 3.3 ""as is"")

removed with",0,9,3,611,0.0,85,17,29,1.706,10,445,0.941,0.1960453085204113,0
tests\flaskext_test.py,c9002569c9abfa715e491aa636555e51ddf85d50,2010-08-03,Armin Ronacher,Various pyflakes fixes,0,8,2,10,0.0,168,14,31,2.214,4,1101,1.5,0.19602725390195264,0
src\flask\scaffold.py,b146a13f633b0e2e26e3b8383b3db0feb563bc83,2020-08-01,yk396,"extract common Flask/Blueprint API to Scaffold base class

Co-authored-by: Chris Nguyen <chrisngyn99@gmail.com>",0,0,0,0,0.0,139,21,26,1.238,3,1869,2.286,0.1959662245337731,0
src\flask\views.py,524fd0bc8cec7bfe8167c9c98cb5511b01a0f4c6,2020-04-04,David Lord,apply pyupgrade,0,3,1,308,0.0,47,5,15,3.0,7,706,2.8,0.1959489361098361,0
flask.py,b6e73305392c9de052e51cca6fae8fee12ae231e,2010-04-21,florentx,Use setdefault() because it sets session.modified correctly.,0,36,5,14,0.0278,252,41,73,1.78,6,3565,1.927,0.1959168722930651,0
flask\wrappers.py,e5bba9deb5c9ab9c66bea5c17e96741777fe46ab,2014-02-08,Armin Ronacher,Added support for custom JSON mimetypes,0,34,10,1316,0.0,79,10,30,3.0,8,889,1.5,0.19586587691766735,0
src\flask\testing.py,c2705ffd9ce1dc8476cb29eaf5ff5d4c719852d9,2025-09-19,David Lord,merge app and request context,0,37,5,2302,0.0,170,12,36,3.0,10,1087,3.25,0.19581598818758664,0
tests\test_appctx.py,bbaf20de7c34d533f9b83f20b536342a8c735fb1,2015-06-20,ThiefMaster,Add pop and setdefault to AppCtxGlobals,0,9,4,281,0.0,110,19,21,1.105,2,397,0.316,0.19580592257996626,0
flask.py,75057bb4112d16acc7ed5dafce6a8168b343fd78,2010-04-20,florentx,Slightly faster _tojson_filter.,0,31,5,14,0.0323,257,42,74,1.762,6,3586,1.952,0.19572496809127338,0
flask\testing.py,52098e1e4fc4d9c962e9ecb09dfbbcc6ac80a4d7,2014-01-02,Daniel Neuhäuser,Happy New Year 2014,0,18,5,1277,0.0,65,5,17,3.4,6,557,3.2,0.19556703534903846,0
flask\blueprints.py,86175054d63df56c4f3c79108d363ef5e127e440,2011-06-17,Armin Ronacher,More docstrings for blueprints.,0,8,2,19,0.0,135,28,39,1.393,4,1340,2.536,0.19555722934932868,0
src\flask\wrappers.py,1936ca8a2e1789efd6169a901a8b60ec62ceb578,2021-01-29,David Lord,remove BaseRequest and BaseResponse,0,6,1,608,0.0,44,6,17,2.833,5,544,1.167,0.19553299736571533,0
src\flask\__init__.py,6d8b4ce9d037937ef8694067ab5754666240d097,2021-05-13,David Lord,set maximum versions of pallets dependencies,0,20,1,712,0.0,45,0,0,0.0,0,226,0.0,0.19548429584587304,0
tests\flask_tests.py,b49afa21ade898061d279ea20ba964d7e583c419,2010-07-20,Armin Ronacher,Removed temp subscription contextmanager in blinker tests to support upcoming api improvements better,0,59,6,97,0.0339,986,161,183,1.137,3,3785,0.615,0.19543851962176673,0
flask\testsuite\helpers.py,b5069d07a24a3c3a54fb056aa6f4076a0e7088c7,2013-01-21,Max Countryman,"adding `_scheme` parameter to `url_for`

In order to better facilitate generation of URLs that make use of an HTTPS URL
scheme this patch adds a param",0,22,5,514,0.0,439,64,76,1.188,3,1973,0.766,0.19543695161405955,0
flask\config.py,ea77d5e12d5148e8f42e449deac64f363c5db484,2011-05-19,Ron DuPlain,Touch up docs according to user feedback.,0,10,3,319,0.0,51,8,18,2.25,4,746,2.5,0.19530165984803904,0
setup.py,2639a23b8875abb6c1dd2889728920cce5d09632,2014-05-07,Armin Ronacher,Updated setup.py a bit.  This fixes #1018,0,59,12,1492,0.0,66,3,10,3.333,8,355,1.0,0.19525384889443329,0
src\flask\__init__.py,3ace642ef32eae3fa096bef85a87545eba3f53fc,2021-05-13,brettlangdon,"Use compat fspath instead of os.fspath
When 7ba35c4 was cherry-picked it introduced the
usage of os.fspath which is not supported on
Python <3.6",0,22,1,712,0.0,45,0,0,0.0,0,226,0.0,0.1952200987464497,0
flask.py,5acc491c94262912baa30a4cffc780a46b7faf56,2010-04-20,cgrinds,"Refactored the @route decorator to use the new add_url_rule method.
Tagged add_url_rule with versionadded of 0.2",0,24,3,13,0.0417,247,41,71,1.732,6,3473,2.0,0.1951417301380343,0
examples\minitwit\minitwit.py,d2d8e66130f8aabf8e0e4b80a42352f8ef93c347,2014-05-02,Armin Ronacher,Fixed flask tests,0,22,5,1486,0.0,179,18,45,2.5,9,968,0.556,0.19513199728686,0
flask\templating.py,52098e1e4fc4d9c962e9ecb09dfbbcc6ac80a4d7,2014-01-02,Daniel Neuhäuser,Happy New Year 2014,0,22,7,1278,0.0,80,9,26,2.889,8,489,2.0,0.19507333608799238,0
setup.py,4f8ee8f12946b224e5003405be99aa4e454bdeee,2010-07-04,Armin Ronacher,"Added missing comments, fixed setup.py and made tests pass",0,13,2,88,0.0,35,1,1,1.0,1,199,0.0,0.19505130940800242,0
tests\flask_tests.py,bcd746e8cf0fc5f405c5f32b80517a4390de6fd9,2010-06-29,Armin Ronacher,Added another testcase for subdomain support,0,42,5,75,0.0238,768,127,142,1.118,3,3002,0.583,0.19495254744430907,0
flask\templating.py,3159c861664eed1a3f82b4b4313ba15b7436a18c,2014-10-27,Petr Zemek,"Unify the uses of ""sourcecode"" vs ""source code"".

Use ""source code"", which is more grammatically correct.",0,28,7,1575,0.0,76,9,25,2.778,7,458,2.0,0.1949305387564115,0
tests\test_config.py,789715adb9949f58b7b0272bed1a58d7cd0fad30,2016-12-26,Markus Unterwaditzer,"Fix config.from_pyfile on Python 3 (#2123)

* Fix config.from_pyfile on Python 3

Fix #2118

* Support Python 2.6

* Fix tests on Python 2",0,14,5,836,0.0,153,15,18,1.2,2,662,0.2,0.1948512073171266,0
tests\conftest.py,253570784cdcc85d82142128ce33e3b9d8f8db14,2020-07-30,David Lord,"cleaner message when CLI can't load app

When loading the app fails for the --help command, only the error
message is shown, then the help text. The f",0,22,8,2149,0.0,116,19,25,1.316,3,588,1.368,0.19483611921911312,0
tests\test_helpers.py,9f1be8e795ace494018689c87d8a5e5601313e4d,2016-04-02,David Hou,"Raise BadRequest if static file name is invalid

* Raise BadRequest if static file name is invalid

* Clean up syntax a bit

* Remove unnecessary ",0,16,6,568,0.0,617,78,93,1.192,3,2598,0.859,0.19479734328914064,0
flask.py,05f36c7f7e2df36ee28f90d99632162579b1287c,2010-04-11,Armin Ronacher,Heavily improved documentation,0,6,2,4,0.0,188,31,51,1.645,6,2673,2.0,0.1947954024183141,0
tests\test_signals.py,54ff9b297276a3add08c8faf1557b5e359b3ab99,2023-11-09,David Lord,use ruff linter and formatter,0,25,9,3345,0.0,139,25,32,1.28,2,452,1.12,0.1947029719657323,0
flask\testsuite\basic.py,1949c4a9abc174bf29620f6dd8ceab9ed3ace2eb,2012-12-21,Armin Ronacher,flask.g is now on the app context and not the request context,0,21,4,483,0.0,1038,168,194,1.155,4,4294,0.619,0.19469652285453518,0
scripts\make-release.py,54688b26a9562c9a9c31541dbf32e0d8ee7a5926,2014-04-05,Markus Unterwaditzer,"Fix when release date is not today

Also, some fixes for PyFlakes

Original commit by @dongweiming at
a05c4038706f3a95776adea376bc664c0714b426",0,7,2,1013,0.0,98,15,27,1.8,7,459,1.0,0.19467984670387056,0
flask\testsuite\config.py,fde6e364a497cd44d049df17c93d1fd05ec09f90,2012-01-07,Ron DuPlain,Update tests for new module helpers.,0,6,1,134,0.0,158,16,29,1.812,3,713,1.0,0.1945637919963473,0
tests\test_blueprints.py,43483683b2bc8da85f00ccccdfb8d9d5c77a6bb3,2019-06-01,David Lord,apply reorder-python-imports pre-commit config,0,28,11,1723,0.0,588,121,127,1.05,3,2466,0.901,0.19456316438975738,0
tests\test_cli.py,0832e77b145b226bac4ee82144221800a0f7d34a,2016-12-30,Paul Brown,prevent NoAppException when ImportError occurs within imported module,0,12,10,228,0.0,125,19,19,1.0,1,629,0.632,0.19452881845843034,0
src\flask\blueprints.py,81be290ec8889c157c84bc7ce857f883396c5daf,2022-06-05,David Lord,view function is actually type checked,0,40,12,1100,0.0,306,33,78,2.364,23,2447,2.515,0.19413384756850438,0
flask.py,00f87f679cdd63b642675d86d073882fb8b19430,2010-04-20,Armin Ronacher,flask uses 127.0.0.1 as host by default now. stupid chrome.,0,33,5,14,0.0303,256,42,74,1.762,6,3577,1.929,0.19412358781679748,0
src\flask\sansio\app.py,9e831e915fa875423af0c0de8f53a3780055919e,2024-10-24,bre-17387639,fix pyright type errors,0,8,3,432,0.0,320,34,79,2.324,13,4392,2.265,0.1940556861308052,0
tests\test_appctx.py,c2705ffd9ce1dc8476cb29eaf5ff5d4c719852d9,2025-09-19,David Lord,merge app and request context,0,29,11,4026,0.0,142,29,31,1.069,2,497,0.966,0.19394427918809448,0
setup.py,3569fc24415f8bac7b269ec041bd1f6bc23038ce,2014-05-07,Armin Ronacher,Greatly refactored click integration and documented it a bit more.,0,58,12,1492,0.0,66,3,10,3.333,8,347,1.0,0.19393390425794568,0
flask\blueprints.py,3d6e3e48ad2445c80761c930ddfbe0ce24be3eb3,2011-06-08,Ron DuPlain,Replace 'module' with 'blueprint' in docstrings.,0,5,1,10,0.0,128,28,37,1.321,3,1080,2.464,0.19392020588468273,0
src\flask\testing.py,77237093da25438c88b0a74c374a397d4bf823eb,2021-04-26,pgjones,"Add initial type hints

This should make it easier for users to correctly use Flask. The hints
are from Quart.",0,11,1,695,0.0,159,10,38,3.8,11,1130,3.6,0.19391392450026185,0
tests\test_user_error_handler.py,4f815015b803a146ddc24a2dfadd9ed9b22d7de7,2017-05-23,cerickson,"Added support for generic HTTPException handlers on app and blueprints

Error handlers are now returned in order of blueprint:code, app:code,
blueprin",0,5,5,773,0.0,138,30,30,1.0,1,456,0.4,0.19389477434324884,0
examples\flaskr\flaskr.py,c2e5799879ed22a4657b75df6da66d6074ae7cc7,2012-10-09,Armin Ronacher,Updated examples to new sqlite patterns and added new section to appcontext docs,0,8,1,909,0.0,65,7,14,2.0,4,324,0.143,0.193863220650999,0
src\flask\testing.py,165af0a090e229e94ccd93896efc15b9fe0488da,2025-03-29,David Lord,update dev dependencies,0,34,5,2128,0.0,170,12,36,3.0,10,1090,3.25,0.19370834924540387,0
src\flask\testing.py,53b8f08218796d95764c5252bccd8a50a173a6fb,2025-08-18,David Lord,push preserved contexts in correct order,0,36,5,2270,0.0,170,12,36,3.0,10,1089,3.25,0.19363546056425765,0
flask\_compat.py,e1d356fb713f3272db2a23f9f898c34c5dc79dc0,2013-05-22,Thomas Waldmann,"ported some more stuff to py 3.3

removed init_jinja_globals hack from app.py after consulting mitsuhiko
(didn't work on py 3.3 ""as is"")

removed with",0,2,1,3,0.0,71,6,9,1.5,2,393,2.0,0.19361950568208214,0
flask\testsuite\basic.py,2053d04db0f303430f5f6c5bc6e97b8bec46c399,2012-05-08,Armin Ronacher,Improved interface for the URL build error handler,0,17,4,256,0.0,982,159,185,1.164,4,4065,0.604,0.19355730343627006,0
flask\json\tag.py,bbd15d53ad129a2ef984fdf4dca1d93f2d913803,2017-06-02,David Lord,"docs style cleanup
[ci skip]",0,2,1,0,0.0,132,33,47,1.424,5,855,2.03,0.19353584764064402,0
flask\testsuite\blueprints.py,f034d8d3451f590fca1badeac5da0230bed9b148,2012-10-07,Armin Ronacher,"Add @template_test() decorator for creating custom jinja2 tests, like existing @template_filter() for filters.  Fixes #332",0,7,2,408,0.0,639,115,127,1.104,5,2643,0.626,0.19345007295757577,0
flask\helpers.py,0bf777ed81d5296fb722931d35e5db4333e3de39,2011-02-05,Armin Ronacher,"Do not use Date, use Last-Modified. This fixes #164",0,31,8,217,0.0323,170,17,60,3.529,26,2194,1.882,0.19342774550063038,0
flask\wrappers.py,a06cd0a64418f2aafafb0a574c64c2ea5f3e9239,2011-03-19,Armin Ronacher,Started work on implementing blueprint based template loading,0,9,3,259,0.0,35,5,14,2.8,4,420,1.0,0.193427423139772,0
flask\testsuite\ext.py,c618db92d6059ab1262ea2450b0f81a94cdad901,2013-05-18,Daniel Neuhäuser,reload_module is in six.moves,0,8,2,608,0.0,86,17,29,1.706,10,448,0.941,0.19327866027135107,0
tests\test_blueprints.py,7ce01ab9b4aac9e559cd6cb2e309381cfc3cc71b,2017-05-22,Randy Liou,"Add coverage for Blueprint.add_app_template_global

This tests the Blueprint.add_app_template_global mothod, which internally
calls the Blueprint.app_",0,12,4,984,0.0,536,103,109,1.058,3,2245,0.35,0.1932026580481894,0
examples\minitwit\minitwit.py,9ab59871007c12fad03f43ac08f889e4c080e64d,2014-04-29,Armin Ronacher,Updated the examples to be cli based,0,21,5,1483,0.0,176,17,44,2.588,9,957,0.588,0.19316242630118402,0
flask\testsuite\blueprints.py,e1d356fb713f3272db2a23f9f898c34c5dc79dc0,2013-05-22,Thomas Waldmann,"ported some more stuff to py 3.3

removed init_jinja_globals hack from app.py after consulting mitsuhiko
(didn't work on py 3.3 ""as is"")

removed with",0,10,3,634,0.0,639,115,127,1.104,5,2644,0.626,0.19313767754285371,0
setup.py,1358fd9f3e0d1cdfa2a948a1176b276188ea959e,2013-04-24,Cenk Altı,Syntax highlighting for PyPI long description,0,42,9,1113,0.0,61,3,10,3.333,8,344,1.0,0.19310193196588493,0
src\flask\__init__.py,661bbcdb90ee82baded66ae0733cb87ea5f464ef,2021-05-13,David Lord,release version 1.1.3,0,21,1,712,0.0,45,0,0,0.0,0,225,0.0,0.19308429584587308,0
src\flask\sansio\app.py,d718ecf6d3dfc4656d262154c59672437c1ea075,2024-06-07,pgjones,"Provide a configuration option to control automatic option responses

By default Flask will provide responses to OPTIONS requests that are
automatical",0,7,3,293,0.0,320,34,79,2.324,13,4389,2.265,0.1929350755401323,0
tests\test_appctx.py,54ff9b297276a3add08c8faf1557b5e359b3ab99,2023-11-09,David Lord,use ruff linter and formatter,0,27,11,3345,0.0,143,29,31,1.069,2,480,0.966,0.192881276730756,0
tests\test_appctx.py,54e05a282428e9a44dbd414ca70231a83ebd710d,2023-11-15,David Lord,use ruff linter and formatter,0,28,11,3352,0.0,143,29,31,1.069,2,480,0.966,0.192881276730756,0
tests\flask_tests.py,4395e9493cc33d49b53889f9f726458f05f1a475,2010-04-25,Sebastien Estienne,add tests for template_filter using a real template,0,19,4,11,0.0526,316,60,66,1.1,3,1292,0.633,0.19285286830940812,0
tests\test_basic.py,f75ad9fca2e17c4777a3d7efc65f3ccab261e22c,2017-05-13,David Lord,"refactor session cookie domain logic
cache result of session cookie domain
add warnings for session cookie domain issues
add changelog",0,41,21,975,0.0,1407,231,246,1.065,3,5663,0.39,0.19284625462094038,0
flask\signals.py,fcf2eb4753d02caf258c5b1473fbb74721a3f489,2019-05-23,David Baumgold,FakeSignal should stub connect_via method,0,19,10,3232,0.0,34,4,4,1.0,1,251,3.0,0.19280604232243106,0
examples\minitwit\minitwit\__init__.py,7e1a13ffbd212e928e866c2e4cf5d92d85660f86,2016-11-15,Markus Unterwaditzer,Fix import error,0,1,1,84,0.0,1,0,0,0.0,0,4,0.0,0.19278246186133863,0
tests\test_basic.py,5d9dd0b379a63d5a90265f2469f86fbd81b05853,2017-05-20,David Lord,set session accessed for setdefault,0,42,21,981,0.0,1438,238,254,1.067,3,5759,0.387,0.19273821266289842,0
src\flask\app.py,2a33c1785412075c09f9f55b3e25f2bc995ca461,2023-02-23,David Lord,deprecate got_first_request property,0,97,27,1363,0.0,834,65,216,3.323,16,9965,2.231,0.1927034344864577,0
flask\wrappers.py,61097c47a35ad8883c77fc49b93c1314f7819464,2014-10-15,INADA Naoki,Deprecate request.json property,0,38,12,1564,0.0,82,10,30,3.0,8,900,1.5,0.19263223203752758,0
examples\minitwit\minitwit_tests.py,8bb972e5ae647650457bc4e94ff51cb5e34951dd,2013-05-25,Thomas Waldmann,"fix minitwit/flaskr test errors, improve docs about file open mode

app.open_resource needs to get called with the correct mode param (python3
will re",0,4,1,1140,0.0,99,11,14,1.273,3,686,1.818,0.1926003361871165,0
tests\typing\typing_route.py,54ff9b297276a3add08c8faf1557b5e359b3ab99,2023-11-09,David Lord,use ruff linter and formatter,0,7,4,525,0.0,71,18,21,1.167,2,314,0.278,0.19258115748806054,0
tests\test_views.py,516ce59f95a3b5d2fffbcde8abfdf1951e748361,2016-06-28,Antoine Catton,Add the ability to combine MethodViews,0,7,2,655,0.0,145,32,32,1.0,1,576,0.719,0.19256156568444785,0
src\flask\config.py,e047dd6a32dc57cd6e4fb5f064aceddeed979756,2020-03-18,Shanavas M,Update deprecated for config.from_json,0,5,3,290,0.0,108,12,36,3.0,7,1339,2.917,0.19255068907627237,0
setup.py,7503bde2235c28853d4c4e53087090d8c42041aa,2014-04-21,Armin Ronacher,Added the new flask run module to start the server.,0,56,12,1476,0.0,64,3,10,3.333,8,344,1.0,0.19244206276610418,0
setup.py,0ac492a0acda40208e6c613644fe9e779dc3d937,2014-04-28,Armin Ronacher,Depend on click now,0,57,12,1483,0.0,66,3,10,3.333,8,345,1.0,0.19244206276610418,0
tests\test_user_error_handler.py,637eae548935ad1434459c1afac286c8686abeed,2017-05-23,cerickson,"Added support for generic HTTPException handlers on app and blueprints

Error handlers are now returned in order of blueprint:code, app:code,
blueprin",0,4,4,773,0.0,138,30,30,1.0,1,456,0.4,0.19236114691388745,0
flask\blueprints.py,501b8590dd8b262c93d52c92ab4b743af1f5d317,2016-06-08,RamiC,"Allow per blueprint json encoder decoder
re #1710",0,32,14,1836,0.0,182,44,59,1.341,4,1916,2.318,0.19234566260302824,0
flask\app.py,a38dcd5e2bed1bcf2c1fc319fa9c3bc35e360fe0,2010-07-04,Armin Ronacher,Added support for loading templates from modules,0,9,2,1,0.0,294,39,89,2.282,6,4065,2.103,0.19229447233239697,0
tests\conftest.py,d393597c507ea62df534ba2ffb8a4e77cf3f1548,2016-06-03,Markus Unterwaditzer,"Use recwarn everywhere

...instead of custom fixture. Also assert that no warnings are left over
after the test.",0,6,3,630,0.0,86,15,19,1.267,2,417,1.533,0.19228267679855116,0
tests\test_basic.py,8cec2010c0564bbd6e1f9cd8881404f70178247f,2018-02-23,Armin Ronacher,"Do not enable subdomain matching by default
Updated tests for new subdomain matching
Added a test to validate matching behavior",0,59,25,1260,0.0,1399,253,274,1.083,3,5774,0.921,0.19227041575861284,0
flask\exthook.py,96b8ffbb29eaba834a30352554e42cf2406c7e06,2013-05-25,Thomas Waldmann,always import from ._compat,0,3,3,606,0.0,57,8,24,3.0,6,620,2.375,0.19226367349715354,0
src\flask\sessions.py,22987b68173e9bf56cc450cb7aeb93f5480a2660,2020-11-04,Mathurshan Vimalesvaran,include samesite and secure when removing session cookie (#3726),0,7,2,522,0.0,164,23,42,1.826,8,1696,2.391,0.19223385143922825,0
flask\__main__.py,310fbfcf64f40f237068fddbbbe45315f9935eca,2018-02-08,David Lord,"revert copyright year to project start
add copyright header to files",0,4,3,1389,0.0,3,0,0,0.0,0,36,0.0,0.1922120549640187,0
flask\testing.py,abc1505196ba3bc9517ec142ced7c1204c3ac21b,2013-05-30,Armin Ronacher,Fixed various issues on the Python 3 port,0,17,5,1060,0.0,65,5,17,3.4,6,557,3.2,0.19219108886876834,0
flask\module.py,ee8417dac8364f02524edffddff92329f15b95af,2011-09-01,Armin Ronacher,Late but 2010 -> 2011 in some files,0,20,7,425,0.0,15,2,4,2.0,3,162,3.5,0.19216348349268675,0
flask.py,a9bb965b6dcd931cefdc7dd05fa4c672b5dff69c,2010-04-25,Sebastien Estienne,add a decorator to add custom template filter,0,49,5,19,0.0204,266,43,78,1.814,6,3671,1.907,0.19210315754159732,0
src\flask\sessions.py,f2f027d1fbc12f3ff24f3e471e11ac56e1a5d869,2020-04-04,David Lord,remove unused module docstrings,0,6,2,308,0.0,162,23,42,1.826,8,1692,2.391,0.19199658800687516,0
flask\testing.py,96b8ffbb29eaba834a30352554e42cf2406c7e06,2013-05-25,Thomas Waldmann,always import from ._compat,0,16,5,1055,0.0,62,5,17,3.4,6,547,3.2,0.19195715082118084,0
flask\__init__.py,025589ee766249652e2e097da05808fe64911ddc,2019-05-06,David Baumgold,"Reformat with black

https://github.com/python/black",0,80,12,3230,0.0,48,0,0,0.0,0,172,0.0,0.19183180398534355,0
flask\blueprints.py,235c830759beca55a9d141c689f2a8c88a19f3d2,2017-06-06,David Lord,"document inherited attributes for Flask and Blueprint
closes #480
[ci skip]",0,34,16,2200,0.0,185,44,59,1.341,4,2004,2.318,0.1918218064264231,0
tests\test_reqctx.py,13754b6d117eb6847cca45475412fdd05025f1b8,2017-04-22,David Lord,"ensure error while opening session pops context
errors will be handled by the app error handlers
closes #1538, closes #1528",0,9,4,954,0.0,170,24,28,1.167,2,567,0.25,0.1917599369652119,0
tests\test_cli.py,ae41df9a77ceab4469029b043e38333b8654e1da,2017-05-23,Hendrik Makait,Check if app factory takes script_info argument and call it with(out) script_info as an argument depending on that,0,17,15,372,0.0,230,38,39,1.026,2,1021,0.974,0.19168521213036424,0
flask\templating.py,a0801719f8f24a0e3192eca203bbd341c4e557ec,2013-05-22,Daniel Neuhäuser,Remove six dependency,0,21,6,1053,0.0,80,9,26,2.889,8,489,2.0,0.1915820016392736,0
flask\testsuite\ext.py,287905e67c2f22df3c3055a0cca025931726cd02,2013-05-18,Thomas Waldmann,py3 compat: use six.reload_module,0,7,1,608,0.0,86,17,29,1.706,10,447,0.941,0.19145819323655638,0
src\flask\testing.py,f04c5e696400badaa52b3450ded53e9091c2078a,2025-06-08,David Lord,update dev dependencies,0,35,5,2199,0.0,170,12,36,3.0,10,1088,3.25,0.1914001164079514,0
flask\testsuite\basic.py,661ee54bc2bc1ea0763ac9c226f8e14bb0beb5b1,2012-10-07,Armin Ronacher,Raise exceptions if a function is overridden by a new endpoint.  This fixes #570,0,20,4,408,0.0,1036,168,194,1.155,4,4274,0.619,0.19138483454284685,0
tests\test_basic.py,82f0d120deb9ea52237d95a14a4a619b01d06f80,2018-02-23,David Lord,"use subdomain arg in url_map.bind_to_environ
rename new subdomain test, parametrize
test allowing subdomains as well as ips
add subdomain_matching par",0,60,25,1260,0.0,1398,253,274,1.083,3,5797,0.925,0.1913742408952249,0
flask.py,af3b73f70d5fce72181530d384519ae31d77c772,2010-04-20,Armin Ronacher,Tiny refactoring,0,32,5,14,0.0312,256,42,74,1.762,6,3574,1.929,0.1913474684138124,0
flask.py,95750b3287bfa21fbb706f10a3a9fbcef01c089e,2010-04-19,Armin Ronacher,Documented some routing converter possibilities.,0,25,4,13,0.04,247,41,71,1.732,6,3536,2.0,0.19130876143165046,0
flask\module.py,c4f64c1c475badaeef009ad46846e32a8e5c9b66,2010-07-02,Justin Quick,working import layout for module,0,1,1,0,0.0,59,15,17,1.133,2,628,2.267,0.19130527409833537,0
flask\sessions.py,bdf31cd423a295de2f6956b2e8da1d8f26c91858,2017-05-25,David Lord,extract patch_vary_header to helpers,0,46,20,2149,0.0,204,25,59,2.36,13,1872,2.28,0.1912769236413259,0
src\flask\debughelpers.py,f2f027d1fbc12f3ff24f3e471e11ac56e1a5d869,2020-04-04,David Lord,remove unused module docstrings,0,6,2,308,0.0,125,8,32,4.0,12,721,1.625,0.19118018300538758,0
tests\test_json_tag.py,43483683b2bc8da85f00ccccdfb8d9d5c77a6bb3,2019-06-01,David Lord,apply reorder-python-imports pre-commit config,0,5,4,728,0.0,63,9,9,1.0,1,246,1.0,0.19116338140121347,0
flask\app.py,ac13deff401069c3854acca10c926119c6e1cbe0,2010-07-05,Armin Ronacher,"Re-added support for folder with static files, refactored static file sending",0,16,2,2,0.0,273,36,80,2.222,6,3992,2.111,0.1911441810761964,0
flask\testsuite\helpers.py,8339cb35082fc93d3a9c98616aed7fe0c1c642dc,2012-10-18,Armin Ronacher,Added support for unicode json dumping.  This fixes #535,0,21,5,418,0.0,419,60,72,1.2,3,1922,0.783,0.19113942232602368,0
tests\test_blueprints.py,662c245795c7cbb5dbd657a2d707c62c16770c18,2020-04-04,David Lord,remove _compat module,0,30,11,2031,0.0,587,121,127,1.05,3,2455,0.901,0.19112507181034993,0
tests\test_basic.py,5b0b9717da958fd6325c675d92be4f6667796112,2017-05-23,Christian Stade-Schuldt,"DRYing up the test suite using pytest fixtures (#2306)

* add fixtures to conftest.py

* use fixtures in test_appctx.py

* use fixtures in test_bl",0,43,21,985,0.0,1355,238,254,1.067,3,5533,0.769,0.19111646068154542,0
src\flask\signals.py,6a4bf9eec13e035cf10ecc16e462049b4c967e41,2021-10-01,David Lord,"use exception chaining

fixes flake8-bugbear B904",0,5,2,853,0.0,35,4,4,1.0,1,247,3.0,0.19098410753201406,0
flask\templating.py,9ecbd20286aebcd2040cf7463d5288726787c1f3,2012-09-13,Ralph Bean,"Update flask/templating.py

Fixed a typo in the docstring.",0,17,4,802,0.0,77,9,24,2.667,8,470,2.0,0.19092374846239799,0
flask\testsuite\helpers.py,5e8dd8b2872584483e7fb7506337a7d940ea8cc0,2013-08-04,Chason Chaffin,"Changed sort_json test to test str sorting

Tests when simplejson was installed were failing because of a change in
how it sorted in v3.0.0. This chan",0,43,9,708,0.0,528,64,78,1.219,3,2160,0.766,0.1908808928077163,0
src\flask\json\tag.py,662c245795c7cbb5dbd657a2d707c62c16770c18,2020-04-04,David Lord,remove _compat module,0,2,1,308,0.0,140,33,47,1.424,5,1034,2.03,0.19084973258490884,0
flask\testsuite\basic.py,4df3bf2058954624f9376fd16774a769299dc40a,2012-08-11,Armin Ronacher,Implemented experimental JSON based sessions,0,19,4,350,0.0,1036,168,194,1.155,4,4274,0.619,0.1908123044223649,0
tests\conftest.py,5888d76342ef6005af20c0b9a42426d17118570e,2017-08-14,Chuan Ma,"pytest.yield_fixture deprecated in pytest 3.0+.

It's suggested to use pytest.fixture directly,
and flask already requires 'pytest>=3'.",0,11,6,1067,0.0,106,18,23,1.278,2,481,1.389,0.19076713299040907,0
tests\test_templating.py,46433e9807a1c960d6b2bb0e125cf16a90167d97,2022-06-18,pgjones,add generate_template and generate_template_string functions,0,30,12,2836,0.0,322,71,71,1.0,1,1312,1.042,0.19075776189944338,0
src\flask\config.py,87d5f5b9a9697434e6d972b021201105eabb54e6,2024-04-07,David Lord,"update project files (#5457)

* update pre-commit hook
* upgrade pip with venv
* update description and version
* show url in publish environment
",1,23,7,1772,0.0,144,14,42,3.0,7,1644,3.143,0.19072740739360575,0
flask\views.py,bb882454a0c7b161a2ac29126a74b25dc8e12940,2013-09-09,Oliver Beattie,"Make the decorators attribute on View a tuple by default

To discourage accidental runtime modification applying to all views.",0,13,7,804,0.0,43,5,14,2.8,6,710,2.8,0.19065844881420982,0
flask\module.py,7680d52f42a562eda2e3f75b34118abb08d93414,2010-07-23,Armin Ronacher,Added support for subdomain bound modules,0,13,3,20,0.0,81,17,23,1.353,4,967,2.353,0.19056276995735755,0
flask\globals.py,1949c4a9abc174bf29620f6dd8ceab9ed3ace2eb,2012-12-21,Armin Ronacher,flask.g is now on the app context and not the request context,0,7,2,902,0.0,23,3,6,2.0,2,126,0.667,0.19052779698566788,0
flask.py,715f64d2afef0e5b9800f0e0fb0eb9c892e1573a,2010-04-20,Armin Ronacher,Some more documentation updates.,0,27,4,13,0.037,253,42,74,1.762,6,3556,1.952,0.1903973690528103,0
src\flask\debughelpers.py,77237093da25438c88b0a74c374a397d4bf823eb,2021-04-26,pgjones,"Add initial type hints

This should make it easier for users to correctly use Flask. The hints
are from Quart.",0,7,2,695,0.0,126,8,32,4.0,12,730,1.625,0.1903837146469825,0
src\flask\helpers.py,08d3185e87cfeccc4bf4d26ee5c4c0dfd4ec8564,2024-01-16,David Lord,update pre-commit hooks,0,74,19,1690,0.0,190,17,42,2.471,9,2905,2.176,0.19036217616726803,0
src\flask\helpers.py,6000e80acf931b05b4911c3fa7f3ba33e2b80e64,2024-01-16,David Lord,address mypy strict findings,0,73,19,1690,0.0,190,17,42,2.471,9,2905,2.176,0.19036217616726803,0
tests\flaskext_test.py,d455135338d84dfac2a2b98f52cde1d43dd87681,2010-07-25,Armin Ronacher,Added a workaround for py.test,0,2,1,2,0.0,159,14,30,2.143,4,998,1.5,0.19016048035702898,0
src\flask\testing.py,aab064fee164aa9f0ee35ba3065b031655888ce5,2022-01-14,David Lord,remove deprecated as_tuple parameter from test_client,0,13,2,958,0.0,157,10,38,3.8,11,1125,3.5,0.1901549207424883,0
flask\blueprints.py,c5900a1adf8e868eca745225f3cf32218cdbbb23,2016-05-23,ThiefMaster,"s/1.0/0.11/ in versionadded/versionchanged markers

closes #1817",0,31,13,1820,0.0,180,44,59,1.341,4,1876,2.318,0.19015170801636214,0
tests\test_basic.py,7c5261407dae61679c268b44c63d73909c3fe652,2021-05-13,David Lord,blueprint name may not contain a dot,0,96,43,2436,0.0,1478,265,283,1.068,3,6211,0.909,0.19009236944253796,0
flask\blueprints.py,0f7b3a4f26dfbbe453a504abd4a8bcbf49194d46,2017-06-14,David Lord,"document `Flask.register_blueprint` arguments
closes #1809",0,35,16,2208,0.0,186,44,59,1.341,4,2031,2.318,0.18997037785499454,0
src\flask\sessions.py,0c0b31a789f8bfeadcbcf49d1fb38a00624b3065,2019-10-12,Doron Horwitz,get_cookie_name in SessionInterface for easier overriding in SecureCookieSessionInterface,0,2,1,133,0.0,162,23,42,1.826,8,1719,2.391,0.18995687368405134,0
flask\ctx.py,ad011bc32d7b9160354efafcd43e20f7042a6a13,2014-11-05,defuz,"docs: ``DEBUG``, ``SERVER_NAME``, ``PATH_INFO``",0,53,11,1586,0.0,158,25,51,2.04,7,1735,1.64,0.18994357310230275,0
src\flask\debughelpers.py,662c245795c7cbb5dbd657a2d707c62c16770c18,2020-04-04,David Lord,remove _compat module,0,3,2,308,0.0,125,8,33,4.125,13,732,1.625,0.1898775040703205,0
tests\test_basic.py,1ed756a5238f38163cd04b152975a7d4ea945c7e,2018-04-10,David Lord,add Response.max_cookie_size config,0,61,25,1306,0.0,1417,255,276,1.082,3,5890,0.929,0.1898013829099421,0
flask\testsuite\helpers.py,eb622fb34f0b2433b21b6b5454273a597b77a6d4,2013-05-30,Armin Ronacher,Fixed a whole bunch of resource warnings in the flask testsuite,0,35,9,643,0.0,445,62,74,1.194,3,1945,0.774,0.18978285649464738,0
src\flask\app.py,4256fc63044fa0d9c2135443461689b1adaf386d,2023-02-23,David Lord,deprecate locked_cached_property,0,98,27,1363,0.0,834,65,216,3.323,16,9966,2.231,0.18970343448645768,0
flask\sessions.py,4df3bf2058954624f9376fd16774a769299dc40a,2012-08-11,Armin Ronacher,Implemented experimental JSON based sessions,0,9,1,400,0.0,116,20,43,2.15,9,1235,2.25,0.18968655024242406,0
flask\testsuite\subclassing.py,52098e1e4fc4d9c962e9ecb09dfbbcc6ac80a4d7,2014-01-02,Daniel Neuhäuser,Happy New Year 2014,0,7,4,850,0.0,26,4,4,1.0,1,118,0.75,0.1895787559033501,0
flask\testing.py,c6316132b173f96a6f5a90ff3b62f706f8a62560,2011-09-24,Armin Ronacher,Context preserving is now part of Flask and not the test client.  This fixes #326,0,13,4,446,0.0,59,5,15,3.0,5,535,3.2,0.1895032052637714,0
tests\conftest.py,e41bf1e18104bfc2e482aa9f066c3ee7793666b4,2014-10-27,Petr Zemek,"Remove two redundant empty lines.

PEP8 suggests to use two empty lines to separate functions, not three.",0,4,1,45,0.0,87,15,19,1.267,2,422,1.467,0.1894948842596356,0
flask.py,06ec917ddedc618944670b39ccd5f4cb862882b2,2010-04-19,Armin Ronacher,"Only escape backslashes if they follow ""<"" in JSON dumping for
templates.",0,26,4,13,0.0385,247,41,71,1.732,6,3536,2.0,0.18947569306917034,0
tests\test_json_tag.py,025589ee766249652e2e097da05808fe64911ddc,2019-05-06,David Baumgold,"Reformat with black

https://github.com/python/black",0,3,2,703,0.0,62,9,9,1.0,1,236,1.0,0.18943892841571283,0
docs\conf.py,97d2a198e216b29be5533dfba81525481bc9c1e5,2010-07-17,Armin Ronacher,Added fallback for docs,0,15,2,102,0.0,68,0,0,0.0,0,1184,0.0,0.18942967526510152,0
flask\testsuite\helpers.py,8aaf3025864acbb803b652495d282bc5aa7a8128,2013-05-30,Armin Ronacher,Disable direct passthrough for accessing the data attribute on newer Werkzeugs,0,36,9,643,0.0,447,62,74,1.194,3,1951,0.774,0.18938285649464737,0
flask\testsuite\helpers.py,90e3906d02780c47e813649b1e282bfd279d7cb1,2013-05-30,Armin Ronacher,Fixed some test failures,0,37,9,643,0.0,449,62,74,1.194,3,1957,0.774,0.18938285649464737,0
flask\_compat.py,52fa195d459a70f8ef73e954b20a9512b2f5001b,2014-04-23,Carlos E. Garcia,few mispelling errors,0,9,3,339,0.0,55,6,8,1.333,2,376,2.167,0.18935734261985274,0
flask\views.py,83f76585725fd380b61f35576bb1c307fe2a1a5e,2013-05-25,Thomas Waldmann,fix metaclass usage for py3,0,12,6,697,0.0,43,5,14,2.8,6,710,2.8,0.18934445062184535,0
tests\test_appctx.py,8482ce6b8ca9f1110b86bff4c3f998655fdecf8a,2016-05-26,Armin Ronacher,"Improve application context popping

Exceptions during teardown handling will no longer leave application
contexts lingering around.  This fixes #1767",0,10,5,622,0.0,126,22,25,1.136,2,441,0.364,0.1893253080204259,0
tests\flaskext_test.py,6aeb6a09aff3115466eb39253ec236ec98348d9e,2010-07-26,Armin Ronacher,Added standard dep on py because some extensions might use py.test and the default available version is on the wrong python path,0,6,1,2,0.0,171,14,32,2.286,4,1111,1.5,0.18931470132298545,0
flask\sessions.py,b8eba0a3fa940f85d43aa2a26bd31a75a446eb28,2017-05-29,David Lord,"use existing response.vary property to set vary header
closes #2345",0,48,20,2153,0.0,203,25,58,2.32,13,1867,2.28,0.18922482841512525,0
flask\sessions.py,4a53840df00c3338e42afbf78811382a0d232484,2017-05-28,David Lord,APPLICATION_ROOT defaults to '/',0,47,20,2152,0.0,204,25,58,2.32,13,1871,2.28,0.18922482841512525,0
flask\templating.py,1202996c634b23f82421753cb7c46a5ccdf7aca2,2010-07-15,Armin Ronacher,Fixed a template loading bug,0,6,2,11,0.0,41,6,12,2.0,4,297,1.667,0.1890069460715697,0
flask\blueprints.py,46f83665ef74880bbc4a1c1f17ccededa7aaa939,2017-04-24,David Lord,"clean up blueprint json support
add changelog for #1898",0,33,15,2157,0.0,182,44,59,1.341,4,1920,2.318,0.18887594390535684,0
src\flask\app.py,6650764e9719402de2aaa6f321bdec587699c6b2,2023-02-23,David Lord,remove previously deprecated code,0,96,27,1363,0.0,830,65,216,3.323,16,9944,2.231,0.18887364725241515,0
flask\logging.py,7242abcfb22c5b7321dc658766e8b6f5486ff1c3,2011-05-24,Armin Ronacher,Extend the logging from the dynamically set logger class.  This fixes #234,0,2,2,323,0.0,18,3,5,1.667,2,164,1.333,0.18885536985842255,0
tests\flaskext_test.py,63a37b75aca15085e685d99f8b7a2e79c83e1f57,2010-07-26,Armin Ronacher,Improved extension test runner,0,3,1,2,0.0,169,14,32,2.286,4,1078,1.5,0.18869222351257323,0
tests\test_ext.py,715a9a3e7bd65421c36428ba9d4a1ee06b98bbc1,2017-06-26,David Lord,remove deprecated flask.ext,0,11,4,1018,0.0,127,21,35,1.667,11,619,1.0,0.18867640266404687,0
src\flask\sansio\app.py,f04c5e696400badaa52b3450ded53e9091c2078a,2025-06-08,David Lord,update dev dependencies,0,10,4,658,0.0,320,34,79,2.324,13,4390,2.265,0.18865159353871266,0
flask\blueprints.py,401423df063e82bdac25c5b94ed4edc33e05de5e,2018-02-23,David Lord,"only strip one slash when registering blueprint
add test and changelog",0,39,18,2462,0.0,190,44,62,1.409,5,2054,2.318,0.18857244747558521,0
flask.py,5c9ef2c44dce5afc99a0b3b539ebaafe9b8ce3c5,2010-04-25,Sebastien Estienne,the template_filter now expects the parentheses,0,50,6,19,0.02,263,43,77,1.791,6,3657,1.907,0.18854027238753568,0
flask\sessions.py,e7cd68ba58b78309a342fbce68f6ef1edef3e5e5,2017-05-24,Nina Zakharenko,Don't overwrite Vary header when setting for cookie access #2317,0,45,19,2148,0.0,210,26,64,2.462,13,1920,2.269,0.18829853442594108,0
examples\minitwit\minitwit.py,9d19b77acf413de77b39ed1c6d972fb1e5fef1c3,2010-05-26,Armin Ronacher,"Added lazyloading pattern and explicit chapter links in tutorial.

This fixes #49.",0,11,3,50,0.0,173,17,44,2.588,9,982,0.588,0.18826050613428097,0
src\flask\wrappers.py,25884c433f1eddf4537694d4c5f9f78cd9a14955,2021-05-13,David Lord,fix typing that wasn't available in Python 3.6.0,0,8,2,712,0.0,54,6,17,2.833,5,600,1.167,0.18822522026179958,0
flask.py,88f671aaaef334caf3231095b119cac094ff5ffb,2010-04-23,Armin Ronacher,Another try for #12,0,40,5,17,0.025,281,49,83,1.694,6,3708,2.184,0.18811557542757457,0
flask\ctx.py,4f8ee8f12946b224e5003405be99aa4e454bdeee,2010-07-04,Armin Ronacher,"Added missing comments, fixed setup.py and made tests pass",0,2,1,1,0.0,39,6,11,1.833,4,270,1.667,0.18811012512512648,0
tests\test_signals.py,54e05a282428e9a44dbd414ca70231a83ebd710d,2023-11-15,David Lord,use ruff linter and formatter,0,26,9,3352,0.0,139,25,32,1.28,2,452,1.12,0.18810443908663504,0
flask\views.py,75f537fb87ea3d60465a82c5c221104bcceef1f2,2017-05-23,kaveh,Adds provide_automatic_options to Class-based Views,0,22,16,2156,0.0,44,5,13,2.6,5,709,2.8,0.1880209307729606,0
tests\test_apps\helloworld\hello.py,025589ee766249652e2e097da05808fe64911ddc,2019-05-06,David Baumgold,"Reformat with black

https://github.com/python/black",0,1,1,690,0.0,5,1,1,1.0,1,14,0.0,0.18795801279998706,0
src\flask\helpers.py,54ff9b297276a3add08c8faf1557b5e359b3ab99,2023-11-09,David Lord,use ruff linter and formatter,0,68,16,1622,0.0,190,17,42,2.471,9,2886,2.176,0.1879470780044526,0
tests\conftest.py,6c359e0f532d18a71895f035dd1326ca5d2d67f8,2016-06-03,Markus Unterwaditzer,Eliminate some resource warnings,0,7,3,630,0.0,88,15,19,1.267,2,421,1.533,0.1879388930800362,0
src\flask\sansio\scaffold.py,f04c5e696400badaa52b3450ded53e9091c2078a,2025-06-08,David Lord,update dev dependencies,0,6,3,658,0.0,288,35,61,1.743,10,3475,2.143,0.18791589984640378,0
tests\flaskext_test.py,140fc45ebd052ea07492c068e45d755d4b42c65c,2010-07-26,Armin Ronacher,Added another workaround.  the extension tester is now a pile of hacks,0,4,1,2,0.0,170,14,32,2.286,4,1084,1.5,0.18789561816497966,0
flask\wrappers.py,db12a8f5e4285cda4e7440b6a4c015632cb2b345,2014-03-15,max demian,Update wrappers.py,0,35,10,1351,0.0,79,10,30,3.0,8,889,1.5,0.1878783535892696,0
tests\test_basic.py,426a1e25b77e760b4f54bf94aee3e3617850569f,2022-02-08,David Lord,fix pytest 7 warnings,0,99,44,2707,0.0,1484,265,283,1.068,3,6217,0.909,0.18785558079970874,0
tests\test_basic.py,e609dddd604bd8c808145973d91dcb8bb56a9906,2021-11-11,David Lord,drop Python 3.6,0,98,44,2618,0.0,1475,265,283,1.068,3,6185,0.909,0.18785558079970874,0
tests\test_basic.py,c9a1f7ad6545c9cc27c41c385f1d4cd9c7cf1a98,2022-03-23,David Lord,"don't intercept 307/308 routing redirects

These don't change the request body, so the debug error is no longer relevant.",0,100,44,2749,0.0,1482,265,283,1.068,3,6211,0.913,0.18785558079970874,0
flask.py,f1603d33f266ab24eda604f76632fa604b91e3f9,2010-05-02,Armin Ronacher,Docs mention query args now.  This fixes #20,0,52,6,25,0.0192,276,45,80,1.778,6,3779,1.889,0.1878386613517672,0
flask\views.py,648344d4e8878e4aafcc5413f984b21b86173246,2017-04-21,David Lord,"use mro to collect methods
ignore methods attr unless explicitly set
add changelog",0,21,15,2124,0.0,42,5,13,2.6,5,693,2.8,0.18781209241876048,0
tests\test_basic.py,662c245795c7cbb5dbd657a2d707c62c16770c18,2020-04-04,David Lord,remove _compat module,0,83,39,2031,0.0,1431,259,278,1.073,3,6055,0.911,0.18777268518743187,0
src\flask\logging.py,77237093da25438c88b0a74c374a397d4bf823eb,2021-04-26,pgjones,"Add initial type hints

This should make it easier for users to correctly use Flask. The hints
are from Quart.",0,8,2,695,0.0,31,3,11,3.667,5,301,0.667,0.18765152772987523,0
flask\blueprints.py,e17e74d3a74b5d32a622587b2b9da9840bf3a7e0,2011-06-17,Armin Ronacher,Started work on testcases for blueprints,0,7,2,18,0.0,135,28,39,1.393,4,1144,2.536,0.18763642488237314,0
flask.py,03148dba6b26a2694da1d466584f50189c52e7b3,2010-04-11,Armin Ronacher,Added testing documentation,0,8,2,5,0.0,187,31,51,1.645,6,2777,2.0,0.18758536563616024,0
src\flask\globals.py,a74e266474f0981e9fc0d54d5dc430386823e4d7,2022-05-03,Stanislav Bushuev,skip coverage for TYPE_CHECKING,0,6,2,1067,0.0,47,3,6,2.0,2,203,0.667,0.18752649484094885,0
flask\helpers.py,8017febac4d8cfec57378a6d5514ab19957f8cdc,2011-05-30,Simon Sapin,Don't fail for unicode filenames with send_file(add_etags=True),0,42,10,331,0.0238,176,18,63,3.5,27,2293,1.889,0.18751862614707324,0
tests\typing\typing_route.py,54e05a282428e9a44dbd414ca70231a83ebd710d,2023-11-15,David Lord,use ruff linter and formatter,0,8,4,532,0.0,71,18,21,1.167,2,314,0.278,0.18751632375284122,0
flask\testsuite\ext.py,9f8a2075c79fec1b5481f5a5a95bb23b40bf68f2,2013-05-22,Daniel Neuhäuser,Use assert_in where appropriate,0,11,3,612,0.0,85,17,29,1.706,10,442,0.941,0.1874121416522604,0
tests\test_blueprints.py,f2f027d1fbc12f3ff24f3e471e11ac56e1a5d869,2020-04-04,David Lord,remove unused module docstrings,0,33,11,2031,0.0,587,121,127,1.05,3,2439,0.901,0.18739812801967543,0
flask\helpers.py,fee5bdafe84bfcec492c2643544373c71f1e82a8,2010-07-25,Armin Ronacher,Code cleanup,0,23,3,22,0.0435,152,17,53,3.118,22,2003,1.882,0.18738933106646966,0
flask\helpers.py,1e7577578f08f1685d98bdac5ce1c43973647aee,2011-06-27,Armin Ronacher,Expanded url_for docstring for blueprints,0,45,10,359,0.0222,225,24,81,3.375,27,2533,2.0,0.18723347689471947,0
flask\templating.py,84f57b6bda5469a7ed1f18ad1c7b167225326796,2014-09-03,Armin Ronacher,Fixed a relative import,0,26,7,1522,0.0,77,9,25,2.778,7,465,2.0,0.18720449181937196,0
src\flask\sansio\app.py,52df9eed45d0b19c588662ed8492d8fbaa0e7098,2025-05-13,David Lord,drop end of life python versions,0,9,4,632,0.0,320,34,79,2.324,13,4390,2.265,0.18709175271262832,0
tests\test_instance_config.py,192da325f8b171e7512bea13edd4ddd3330a6ca8,2014-09-11,Markus Unterwaditzer,Testsuite is not a package,0,1,1,0,0.0,96,10,12,1.2,3,419,3.0,0.18698406634748108,0
tests\test_testing.py,e97253e4c1a0380f0b70108e8f984b0d9b87ac11,2017-06-04,David Lord,clean up JSON code and docs,0,15,6,996,0.0,220,34,37,1.088,2,927,1.206,0.18688661677864785,0
tests\test_blueprints.py,d8d712a0def83d146d155acb941c31781e7c3b3a,2017-05-22,Randy Liou,"Add coverage for Blueprint teardown request method

Test the following methods in the Blueprint object: teardown_request,
and teardown_app_request.
Th",0,14,4,984,0.0,588,114,120,1.053,3,2421,0.351,0.18682019544680897,0
tests\test_blueprints.py,a690ae27a392cfa1474e062f7655250c416cd536,2017-05-22,Randy Liou,"Add coverage for Blueprint request process methods

Add test to cover following methodss to the Blueprint object:
before_request, after_request, befor",0,13,4,984,0.0,582,112,118,1.054,3,2403,0.339,0.18680178304550984,0
tests\test_deprecations.py,33534bb4a9937e6faba5ecec4586519f453369b6,2015-01-02,Parkayun,Happy New Year 2015,0,6,2,112,0.0,26,4,4,1.0,1,123,1.0,0.18679749764044548,0
flask\helpers.py,abe1378caec759cc8c6fc0afeaad248677c4420f,2011-06-16,Armin Ronacher,Chnaged a bunch of behavior in blueprints for it to be more flexible. Improved backwards compat.,0,44,10,349,0.0227,222,24,80,3.333,26,2491,2.0,0.18673342434433757,0
tests\flask_tests.py,d44b12774879cba83bf33c8ed7733157ab84d778,2010-06-18,Armin Ronacher,Use a custom logger subclass that uses DEBUG level if in debug mode,0,40,5,65,0.025,743,122,137,1.123,3,2904,0.582,0.1866356869003919,0
src\flask\json\tag.py,524fd0bc8cec7bfe8167c9c98cb5511b01a0f4c6,2020-04-04,David Lord,apply pyupgrade,0,3,1,308,0.0,140,33,47,1.424,5,1027,2.03,0.18640068741617746,0
flask\ctx.py,b9c8c9bad124790ff0a8a9615d3d40a3b6fe2d83,2017-05-29,David Lord,"deprecate app session methods in favor of session_interface
ref #1182",0,60,15,2523,0.0,170,27,56,2.074,8,1784,1.741,0.1863801006357188,0
flask\views.py,33534bb4a9937e6faba5ecec4586519f453369b6,2015-01-02,Parkayun,Happy New Year 2015,0,17,11,1283,0.0,43,5,14,2.8,6,711,2.8,0.18635733729108783,0
tests\test_async.py,96c97dec095f204b8a557c5ea804afdd329e3c43,2022-06-06,David Lord,deprecate before_first_request,0,10,4,426,0.0,111,20,20,1.0,1,344,0.55,0.18635053750252548,0
flask\ctx.py,8284217593d5ea3d4bdeaed1e146fa94578b7999,2014-11-05,defuz,"docs: ``True``, ``False`` and ``None``",0,52,10,1586,0.0,158,25,51,2.04,7,1735,1.64,0.1863166500253797,0
flask\app.py,f1cde5bbfcb7f0466ad35511ffe2e31ea57756d6,2010-07-04,Armin Ronacher,Added more versionadded directives,0,15,2,1,0.0,273,36,80,2.222,6,3991,2.111,0.18629063138045604,0
flask\testsuite\blueprints.py,5b89355b1c9771431fb8a011094591ad43461b0a,2013-05-22,Daniel Neuhäuser,Response data is bytes,0,12,4,635,0.0,639,115,127,1.104,5,2694,0.626,0.18625002982983588,0
src\flask\__init__.py,6fb1101f7075b4ff8197f3ef3b9fecfa41dc34ee,2021-05-11,David Lord,start version 2.0.1.dev0,0,17,1,710,0.0,44,0,0,0.0,0,178,0.0,0.1862112933572635,0
tests\test_basic.py,8646edca6f47e2cd57464081b3911218d4734f8d,2023-05-02,David Lord,set `Vary: Cookie` header consistently for session,0,119,46,3154,0.0,1448,258,281,1.089,3,6016,0.93,0.18619647929433106,0
flask\blueprints.py,b21b4d1608f5d83d7d6f503672f7eff46ed28f95,2018-05-01,David Lord,add more merge cases,0,44,19,2529,0.0,193,44,62,1.409,5,2067,2.318,0.1861784036516276,0
tests\conftest.py,5b0b9717da958fd6325c675d92be4f6667796112,2017-05-23,Christian Stade-Schuldt,"DRYing up the test suite using pytest fixtures (#2306)

* add fixtures to conftest.py

* use fixtures in test_appctx.py

* use fixtures in test_bl",0,9,4,985,0.0,110,19,25,1.316,2,495,1.421,0.18609906223054423,0
src\flask\sessions.py,43483683b2bc8da85f00ccccdfb8d9d5c77a6bb3,2019-06-01,David Lord,apply reorder-python-imports pre-commit config,0,1,1,0,0.0,161,22,41,1.864,8,1700,2.409,0.18593751936255512,0
src\flask\helpers.py,8fdab74cc80c39f45aa65da5dd029c8d262756c3,2024-01-01,pre-commit-ci[bot],"[pre-commit.ci] auto fixes from pre-commit.com hooks

for more information, see https://pre-commit.ci",0,72,18,1675,0.0,190,17,42,2.471,9,2886,2.176,0.18582013120945967,0
flask\sessions.py,ae133aa1734775f03560bde3d98c7f7d1c1569f7,2017-05-20,David Lord,"reorder session cookie checks to deleted, accessed, modified",0,43,19,2144,0.0,200,24,58,2.417,13,1853,2.25,0.18576387544534667,0
flask\app.py,8798b4b7112fb984bd244c8581ab03ef4a7ba766,2010-07-04,Armin Ronacher,Merged in changes from master by hand,0,2,1,1,0.0,275,37,81,2.189,6,3943,2.027,0.1857402694660818,0
tests\flaskext_test.py,8bd8b014a8393d4b94e6fd192b64e3a2d2f65fce,2010-07-26,Armin Ronacher,Small fixes in the extension tester,0,5,1,2,0.0,169,14,32,2.286,4,1110,1.5,0.1857163739050164,0
src\flask\views.py,662c245795c7cbb5dbd657a2d707c62c16770c18,2020-04-04,David Lord,remove _compat module,0,2,1,308,0.0,47,5,15,3.0,7,712,2.8,0.18571443344362076,0
src\flask\sansio\app.py,d8259eb11900285af9b80b0fa47f841174c054e3,2025-08-19,David Lord,use Jinja name consistently,0,11,4,731,0.0,320,34,79,2.324,13,4390,2.265,0.18569774738486652,0
examples\tutorial\setup.py,524fd0bc8cec7bfe8167c9c98cb5511b01a0f4c6,2020-04-04,David Lord,apply pyupgrade,0,5,3,726,0.0,19,0,0,0.0,0,65,0.0,0.1856820799647157,0
flask\testsuite\blueprints.py,9f8a2075c79fec1b5481f5a5a95bb23b40bf68f2,2013-05-22,Daniel Neuhäuser,Use assert_in where appropriate,0,14,5,635,0.0,639,115,127,1.104,5,2681,0.626,0.18558697835666196,0
src\flask\scaffold.py,bda295d37fa3809c95a93d01dd605d0222109889,2023-06-09,David Lord,fix use of importlib.util.find_spec,0,46,16,1042,0.0,314,39,69,1.769,9,3813,2.154,0.18549400201280544,0
flask\wrappers.py,80eb6cfffc3f3fe6e448aa0e26ba1566d4c42917,2010-07-04,Armin Ronacher,Switched to relative imports in the package,0,3,2,1,0.0,20,2,6,3.0,3,315,1.0,0.18548960842863543,0
tests\test_ext.py,5963cb5a5172bce3a1ff7b0f8c64230f043c9cfd,2017-05-23,bovarysme,Use the yield syntax in pytest's fixtures,0,10,3,984,0.0,127,21,35,1.667,11,619,1.0,0.18541471371515636,0
tests\test_deprecations.py,723e6650048bc8097da20b23ebddcd4c0ad6bc61,2017-06-26,David Lord,remove deprecated Request.module,0,10,4,1018,0.0,10,2,2,1.0,1,68,2.0,0.18525353166557096,0
flask.py,36717b02731ad7d86ba8effbe27e70405e48cd9b,2010-04-27,Armin Ronacher,Added support for long running sessions.  This closes #16.,0,51,6,21,0.0196,276,45,80,1.778,6,3750,1.889,0.1852299656995933,0
flask\views.py,310fbfcf64f40f237068fddbbbe45315f9935eca,2018-02-08,David Lord,"revert copyright year to project start
add copyright header to files",0,23,17,2417,0.0,44,5,13,2.6,5,709,2.8,0.18517355041345215,0
flask\testsuite\helpers.py,1759d8e4d80df3c3dc709c9bace2eb07d5685596,2011-10-06,Armin Ronacher,Added support for anchor link generation.,0,5,2,41,0.0,248,31,38,1.226,2,1112,0.581,0.18516231461288443,0
scripts\fix_ext_import.py,8488a3afa97e12297bdb22586e17b4c0ddf54175,2015-02-11,Keyan Pishdadian,"Change parsing format to use AST via RedBaron

Moved away from using manual parsing. Source is parsed using RedBaron to make the FST. Some import form",0,1,1,1,0.0,10,1,3,3.0,3,73,3.0,0.18512720824625967,0
examples\patterns\largerapp\yourapplication\__init__.py,c3dd7b8e4c9e322c413f4a49e5d15aceafd17c2d,2018-04-09,David Lord,rewrite tutorial docs and example,0,3,2,463,0.0,3,0,0,0.0,0,27,0.0,0.18509543085277252,0
flask\templating.py,a993a314fe7be148747cf804167d45f2ea8bf18e,2010-07-25,Ali Afshar,Removed unused import,0,8,2,21,0.0,48,7,13,1.857,4,329,1.857,0.18496040135904235,0
tests\test_converters.py,524fd0bc8cec7bfe8167c9c98cb5511b01a0f4c6,2020-04-04,David Lord,apply pyupgrade,0,2,2,296,0.0,27,7,8,1.143,2,117,1.714,0.18483603002855672,0
flask\testing.py,311ac0f533bf5a308200a51b861a9728b9223276,2011-08-25,Armin Ronacher,Ensure that nobody can nest test client invocations,0,6,2,416,0.0,66,4,17,4.25,7,504,2.75,0.184830369426875,0
flask\templating.py,c09a4317e4cfa64bf59e712405aded84157756a1,2014-09-03,Armin Ronacher,Record blueprint registration order.,0,27,7,1522,0.0,76,9,25,2.778,7,457,2.0,0.18477840486285022,0
tests\test_logging.py,025589ee766249652e2e097da05808fe64911ddc,2019-05-06,David Baumgold,"Reformat with black

https://github.com/python/black",0,5,2,644,0.0,67,9,10,1.111,2,275,0.889,0.18476813652491353,0
flask\testsuite\blueprints.py,05f66ad73543db207791ea5d6a2de2e8eaaf1640,2013-05-22,Markus Unterwaditzer,Fix some literals,0,11,3,635,0.0,639,115,127,1.104,5,2681,0.626,0.1847531099524478,0
flask.py,f2dc38cda61f76c64b97ab9f730accc986a4b188,2010-04-11,Armin Ronacher,Added tests for minitwit.  Testing with Flask is awesome,0,7,2,5,0.0,187,31,51,1.645,6,2673,2.0,0.18474851806693118,0
src\flask\__init__.py,9c02f07f9bb4c88207c2a6860742c452c35d2948,2023-02-23,David Lord,deprecate markupsafe exports,0,50,6,1363,0.0,81,1,5,5.0,5,368,1.0,0.18465369509321689,0
flask\sessions.py,0e79aba40d2497218736448ced708fcf4f8943b3,2016-12-21,Raphael Deem,use dict instead of if/else logic (#2093),0,39,15,1994,0.0,163,22,53,2.409,13,1691,2.227,0.18448589648844874,0
tests\test_basic.py,ef6c2b9e4aee74098a1208b42ce432d7c82fc0d3,2022-04-28,David Lord,clean up pytest.raises tests,0,101,44,2785,0.0,1481,263,281,1.068,3,6211,0.92,0.18448058079970878,0
tests\test_basic.py,1e5dd430223369d13ea94ffffe22bca53a98e730,2022-05-03,Qingpeng Li,"refactor error checks in register_error_handler

Co-authored-by: David Lord <davidism@gmail.com>",0,102,44,2790,0.0,1477,262,280,1.069,3,6186,0.92,0.18448058079970878,0
flask\logging.py,ee8417dac8364f02524edffddff92329f15b95af,2011-09-01,Armin Ronacher,Late but 2010 -> 2011 in some files,0,3,2,423,0.0,18,3,5,1.667,2,164,1.333,0.18446650441094228,0
tests\test_reqctx.py,4dc2ef19eaa4ced5cb2f4a2a1673e65459c355d2,2016-03-04,Reuven,"Use pytest.raises() instead of try/catch with asser 0

This is somehow more readable, and enable using the features of pytest's ExeptionInfo (such as ",0,8,3,539,0.0,153,21,25,1.19,2,511,0.143,0.18444090619214082,0
flask\testing.py,c8ec453d860ae4754331170108ef03322f29889b,2011-08-26,Armin Ronacher,Require that cookies are enabled in the test client for session transactions,0,8,2,417,0.0,64,5,16,3.2,5,513,3.2,0.18443433528460296,0
src\flask\sansio\app.py,dbd4c2882593f6118103120aa96fa9acdf7deedb,2025-09-06,subhajitsaha01,Changed the static annotated type of select_jinja_autoescape method in src/flask/sansio/app.py,0,14,5,748,0.0,320,34,79,2.324,13,4391,2.265,0.18433518733736828,0
tests\test_basic.py,705e52684a9063889c16a289695a2e4429df6887,2021-03-08,pgjones,"Add syntatic sugar for route registration

This takes a popular API whereby instead of passing the HTTP method as
an argument to route it is instead u",0,95,43,2369,0.0,1478,265,283,1.068,3,6217,0.909,0.18421101688517297,0
flask\sessions.py,c5900a1adf8e868eca745225f3cf32218cdbbb23,2016-05-23,ThiefMaster,"s/1.0/0.11/ in versionadded/versionchanged markers

closes #1817",0,37,13,1782,0.0,163,22,57,2.591,13,1679,2.227,0.1842006549681708,0
tests\test_logging.py,43483683b2bc8da85f00ccccdfb8d9d5c77a6bb3,2019-06-01,David Lord,apply reorder-python-imports pre-commit config,0,6,3,669,0.0,69,9,10,1.111,2,283,0.889,0.18411845634527102,0
src\flask\scaffold.py,8796b2a784bc45fcc6865cd80b2cba0601448727,2021-05-21,Alex Hedges,"Use TypeVar for setupmethod()

TypeVar is needed to preserve function signatures. The type cast for
update_wrapper is needed because wapper_func can n",0,15,6,292,0.0,307,39,71,1.821,10,3751,2.128,0.18392023115523157,0
src\flask\__init__.py,6a12b191f7058a179237b4b3dfc146e559777d9b,2023-08-16,David Lord,start version 3.0.0,0,62,7,1537,0.0,89,1,6,6.0,6,389,1.0,0.18388593416695592,0
src\flask\scaffold.py,09112cfc477a270f4b2990e1daf39db1dbe30e98,2022-12-24,Maxim G. Ivanov,template_folder type allows pathlib,0,39,15,875,0.0,341,40,78,1.95,14,3830,2.15,0.1838391210257481,0
tests\test_apps\cliapp\app.py,43483683b2bc8da85f00ccccdfb8d9d5c77a6bb3,2019-06-01,David Lord,apply reorder-python-imports pre-commit config,0,2,2,1110,0.0,4,0,0,0.0,0,15,0.0,0.18383027542733532,0
src\flask\__init__.py,f8e63d39913f9a7bb887066025724569aa3423a6,2021-05-11,David Lord,release version 2.0.0,0,16,1,710,0.0,44,0,0,0.0,0,177,0.0,0.18374619396727027,0
tests\test_blueprints.py,2ae740dd4903bbe5f3864384bcdf2ab2d4638bce,2020-04-04,David Lord,f-strings everywhere,0,32,11,2031,0.0,587,121,127,1.05,3,2452,0.901,0.18374595410663194,0
tests\test_blueprints.py,524fd0bc8cec7bfe8167c9c98cb5511b01a0f4c6,2020-04-04,David Lord,apply pyupgrade,0,31,11,2031,0.0,587,121,127,1.05,3,2452,0.901,0.18374595410663194,0
flask\config.py,43b6d0a6d062ace75cc2b0f7200b770eac23edcd,2013-05-22,Daniel Neuhäuser,Ensure that config file is closed immediately,0,18,6,1053,0.0,55,8,19,2.375,4,776,2.625,0.18371928648722005,0
src\flask\helpers.py,54e05a282428e9a44dbd414ca70231a83ebd710d,2023-11-15,David Lord,use ruff linter and formatter,0,69,16,1628,0.0,190,17,42,2.471,9,2886,2.176,0.18359406000795633,0
src\flask\helpers.py,4104f29956b16f3e351462651ec3c6cc5a0dd069,2023-11-15,Daniel Isaac,type hint fix for flask.send_file,0,70,16,1628,0.0,190,17,42,2.471,9,2888,2.176,0.18359406000795633,0
flask\testing.py,e853a0f73959ad12cdabc2d74324cdc9329ae794,2011-08-25,Armin Ronacher,The test client and test_request_context are now both using the same logic internally for creating the environ.  Also they use APPLICATION_ROOT now.,0,7,2,416,0.0,63,5,17,3.4,6,510,3.2,0.18353591147030107,0
flask\module.py,549af6229039e7fed7bcb2079737e45c27af998e,2010-08-03,jgraeme,Fix some typos in the docstrings,0,14,3,31,0.0,81,17,23,1.353,4,969,2.353,0.183524354923742,0
flask\config.py,778e44e39eb42ff6cbee376ce40d1a52a25cb0ce,2010-07-30,Armin Ronacher,Improved error message for configuration files,0,2,1,25,0.0,47,8,16,2.0,4,712,2.375,0.18352023243622512,0
flask\sessions.py,8a8a60815294eb9d5db0c2d451c6c9d959c7c499,2017-02-23,Josh Rowe,Move object_hook outside loads method so class can be extend and reused,0,40,16,2058,0.0,219,30,64,2.133,6,1888,2.167,0.18342606803400502,0
flask\helpers.py,6dae36f94db40d242fee73d10467a25cfa90b580,2011-06-05,Armin Ronacher,Started work on an upgrade script for blueprints,0,43,10,337,0.0233,223,24,80,3.333,26,2481,1.958,0.1834118865009077,0
flask.py,a01e8b49ca66608f0bd46134ff02deeb5724c799,2010-04-12,Armin Ronacher,Fixed a documentation error and implemented template context processors.,0,9,2,6,0.0,197,33,54,1.636,6,2852,1.939,0.18338096887134422,0
flask\sessions.py,77af942b982a3b07669362cc6bc223026bf039cd,2016-11-01,Clenimar Filemon,Capitalize occurrences of 'flask' (#2067),0,38,14,1944,0.0,163,22,57,2.591,13,1679,2.227,0.18334958859363834,0
src\flask\debughelpers.py,0ec7f713d679ceed2c605e62ac5d38d579f29fa0,2023-08-19,pgjones,"Split the App and Blueprint into Sansio and IO parts

This follows a similar structure in Werkzeug and allows for async
based IO projects, specificall",0,14,3,1540,0.0,113,7,30,4.286,12,649,1.857,0.18332221364664442,0
tests\test_templating.py,861aa0db1fdbc52602b8d502153a0a0b8490f124,2014-09-11,Markus Unterwaditzer,Init global test_apps explicitly,0,4,1,0,0.0,292,64,65,1.016,2,1153,0.312,0.18323677138757177,0
flask\blueprints.py,2f57a0b917478a028859b9d036b59cf1bba6cad2,2017-10-09,Caratpine,Blueprint view function name should not contain dots,0,36,16,2325,0.0,188,44,60,1.364,4,2046,2.318,0.18323654070099682,0
flask\testsuite\reqctx.py,a3a2f521f14ba90689efc661afe7a0375409c83e,2013-10-16,Daniel Neuhäuser,"Clear exceptions when pushing a context

Fixes #882",0,6,4,155,0.0,158,20,26,1.3,4,576,0.5,0.1831762361189617,0
tests\test_testing.py,4ec1fbc9f52b4b3997a1978ab3390a5a1157ad6a,2017-05-24,Christian Stade-Schuldt,More DRYing up the test suite (#2325),0,14,6,986,0.0,186,28,31,1.107,2,758,1.25,0.1829246596719271,0
flask\templating.py,aa3d8398fd1a38b449b64fea4979f358f3c711e3,2010-07-13,Armin Ronacher,"Config is now available in templates, context processors no longer override keys",0,5,2,9,0.0,44,6,13,2.167,5,299,1.667,0.18289397903533033,0
scripts\make-release.py,52098e1e4fc4d9c962e9ecb09dfbbcc6ac80a4d7,2014-01-02,Daniel Neuhäuser,Happy New Year 2014,0,6,1,920,0.0,98,15,27,1.8,7,460,1.0,0.18288098463392877,0
flask\views.py,dbeed240674ed7a7160ae82a603eaa930dd1fd00,2016-09-18,Benjamin Dopplinger,Fix typo in MethodView doc (#2028),0,20,14,1909,0.0,43,5,14,2.8,6,710,2.8,0.18280158978846003,0
flask\templating.py,0b3369355dadb39ac1ce9580d95004233031a287,2012-02-24,Dmitry Shevchenko,Allow loading template from iterable,0,16,3,599,0.0,77,9,24,2.667,8,470,2.0,0.18244116299042645,0
flask\json\tag.py,ca176cb903f9566be07e359791e364ce2fe0b1bc,2017-06-02,David Lord,"pass serializer at tag init instead of to each method
split tagged dict and passthrough into separate cases
add docstrings",0,1,1,0,0.0,132,33,47,1.424,5,834,2.03,0.18242025539470672,0
tests\test_basic.py,2ae740dd4903bbe5f3864384bcdf2ab2d4638bce,2020-04-04,David Lord,f-strings everywhere,0,86,39,2031,0.0,1425,259,276,1.066,3,5993,0.911,0.18239711957657215,0
tests\test_basic.py,524fd0bc8cec7bfe8167c9c98cb5511b01a0f4c6,2020-04-04,David Lord,apply pyupgrade,0,85,39,2031,0.0,1425,259,276,1.066,3,5993,0.911,0.18239711957657215,0
tests\test_basic.py,57d628ca74513480908a63a6b66c1c8b1af896e8,2020-04-04,David Lord,remove more compat code,0,84,39,2031,0.0,1425,259,276,1.066,3,6026,0.911,0.18239711957657215,0
tests\test_basic.py,f2f027d1fbc12f3ff24f3e471e11ac56e1a5d869,2020-04-04,David Lord,remove unused module docstrings,0,87,39,2031,0.0,1425,259,276,1.066,3,5981,0.911,0.18239711957657215,0
docs\conf.py,2b103134cf165ba453d5492e1a73b57b1e5bef1e,2010-07-17,Armin Ronacher,Fixed command,0,17,2,102,0.0,69,0,0,0.0,0,1186,0.0,0.1821816099906204,0
flask\helpers.py,57d9a2a1187b306c6997a3dcbac25837a54862f2,2011-06-28,Ron DuPlain,"Import with statement in helpers.py, #264.",0,46,10,360,0.0217,226,24,81,3.375,27,2537,2.0,0.18215796557046127,0
tests\test_templating.py,c6795eb626096ce8a14c594b27b61f3917b5e810,2014-09-21,Markus Unterwaditzer,Remove useless unittest imports,0,5,1,9,0.0,291,64,65,1.016,2,1151,0.312,0.18214319115300523,0
src\flask\helpers.py,b55ccae72aba110ae08e8ef0a9cfb8649750594a,2023-12-13,dependabot[bot],"Bump the python-requirements group in /requirements with 3 updates

Bumps the python-requirements group in /requirements with 3 updates: [cryptography",0,71,17,1656,0.0,190,17,42,2.471,9,2886,2.176,0.18213060720502322,0
flask\ctx.py,6637e201743225f8fc840d3b7cfcdae67f2895ef,2017-06-02,David Lord,"only open session if request hasn't been pushed yet
closes #1348",0,61,16,2526,0.0,173,27,57,2.111,8,1795,1.741,0.18206293623600567,0
docs\conf.py,5d011c356dfc659a4c2ef66e8c847d489aef4e9c,2010-07-17,Armin Ronacher,Fixed fallback,0,16,2,102,0.0,69,0,0,0.0,0,1185,0.0,0.18205928995771214,0
tests\__init__.py,4ea4ea7f93c97043887a280f2cceaad06d615621,2014-09-11,Markus Unterwaditzer,Remove old helper function,0,5,1,0,0.0,38,5,8,1.6,2,174,2.0,0.18201579908879087,0
setup.py,1b753cb1b1764de5bf3afe1f96032362208febc6,2013-05-18,Thomas Waldmann,"require 'six' in setup.py, add flask._compat for stuff not yet in 'six'",0,44,11,1138,0.0,62,3,10,3.333,8,348,1.0,0.181973723922098,0
setup.py,506db0eab2bf9e514177d8b46e2708f10601cf36,2013-05-18,Daniel Neuhäuser,Use print_function,0,45,11,1138,0.0,62,3,10,3.333,8,347,1.0,0.181973723922098,0
src\flask\blueprints.py,9a2adfba4d4310b005c222fcdfb85e96e3e6661d,2021-08-05,Yourun-Proger,static_folder can be a pathlib.Path,0,33,9,796,0.0,325,33,78,2.364,23,2488,2.515,0.18194494585002988,0
tests\test_helpers.py,cc536c8a7b6f61fedb2d0cb1abdd643d8e987afe,2016-04-01,Shipeng Feng,Fixed stream_with_context if decorated function has parameters,0,15,5,568,0.0,608,77,92,1.195,3,2560,0.857,0.1818433063861824,0
flask\testsuite\helpers.py,2506c0b9a96d48f14624acfa552fc88e38a542ae,2014-02-08,Armin Ronacher,Fixed sending etags for file streams with a name.  This fixes #930.,0,47,11,897,0.0,508,64,77,1.203,3,2155,0.766,0.1818151146882065,0
flask\json.py,d76d68cd381df4a8c3e2e636c98b5bfa02ab37e4,2017-04-06,asilversempirical,"Update out of date jsonify documentation

https://github.com/pallets/flask/pull/2193 changed the conditions for when jsonify pretty prints, but this c",0,37,20,1641,0.0,98,13,35,2.692,7,1124,2.0,0.1818089203607913,0
src\flask\sessions.py,54e05a282428e9a44dbd414ca70231a83ebd710d,2023-11-15,David Lord,use ruff linter and formatter,0,22,7,1628,0.0,154,23,36,1.565,5,1686,2.391,0.18177688399301803,0
flask\testsuite\helpers.py,c502dfbbfbee49c15ce4a57f7d417b71a73a10b6,2013-06-14,Armin Ronacher,Changed |tojson filter to quote single attributes,0,42,9,657,0.0,498,64,77,1.203,3,2109,0.766,0.18177336394801846,0
flask\testsuite\helpers.py,964174931d29370c286d13ccc44689ae0fb4dff5,2013-06-12,Armin Ronacher,Added request.get_json().,0,41,9,656,0.0,492,64,77,1.203,3,2077,0.766,0.18177336394801846,0
flask\testsuite\helpers.py,ef72b78042d7feffc864e7f2da3f62835fc63ee8,2013-06-03,Armin Ronacher,Imply the |safe on tojson in templates and change escaping logic,0,40,9,647,0.0,491,64,77,1.203,3,2077,0.766,0.18177336394801846,0
flask\testsuite\helpers.py,0190b770a1e3339c2cd96e6a44f44083aeeebb54,2013-06-02,Armin Ronacher,Removed a bunch of code from _compat,0,39,9,646,0.0,486,64,77,1.203,3,2051,0.766,0.18177336394801846,0
flask\testsuite\helpers.py,77d293cf49e586f03fbea96d0bae237bc7ed230f,2013-06-01,Armin Ronacher,Order JSON keys by default to avoid trashing HTTP caches,0,38,9,645,0.0,486,64,77,1.203,3,2051,0.766,0.18177336394801846,0
flask\testsuite\blueprints.py,239780be289efd365c07be2f60bab9223388399e,2013-05-22,Daniel Neuhäuser,"Use assert_true instead of assert_

assert_ is deprecated which causes annoying warnings",0,13,5,635,0.0,639,115,127,1.104,5,2694,0.626,0.18174697835666198,0
tests\test_basic.py,762382e436062183b1e1fa6f3bda594090a452e7,2022-06-18,pgjones,view functions can return generators as responses directly,0,106,46,2836,0.0,1475,261,282,1.08,3,6204,0.939,0.181711350030478,0
tests\test_basic.py,96c97dec095f204b8a557c5ea804afdd329e3c43,2022-06-06,David Lord,deprecate before_first_request,0,104,45,2824,0.0,1470,261,281,1.077,3,6174,0.939,0.181711350030478,0
tests\test_basic.py,ed42e9292811a95f2a68e06a9ae50cb5872216a3,2022-06-17,Kevin Kirsche,session expiration datetime is UTC timezone-aware,0,105,45,2835,0.0,1471,261,281,1.077,3,6182,0.939,0.181711350030478,0
tests\test_basic.py,e044b00047da9bf94e7eb88049a17fe1dcf78f4e,2022-05-23,David Lord,avoid triggering setupmethod late in tests,0,103,45,2810,0.0,1468,261,281,1.077,3,6168,0.939,0.181711350030478,0
flask\config.py,76773e1d0a8cabbe048bb76f9306185e9d83a85c,2012-03-01,Dave Shawley,"Fixed silent keyword arg to config.from_envvar.

The ``silent`` keyword argument to Config.from_envvar was not being honored
if the environment variab",0,14,4,606,0.0,54,8,19,2.375,4,765,2.625,0.18170592811291864,0
flask\run.py,1b06c8a41119f8c93078e85f6474cb85d7e30b43,2014-04-21,Armin Ronacher,Added __main__ module,0,2,1,0,0.0,159,8,40,5.0,11,1096,2.75,0.18157768401570715,0
flask\testsuite\reqctx.py,52098e1e4fc4d9c962e9ecb09dfbbcc6ac80a4d7,2014-01-02,Daniel Neuhäuser,Happy New Year 2014,0,7,4,233,0.0,158,20,26,1.3,4,576,0.5,0.18155913098010495,0
tests\flask_tests.py,a921aef6c47cecbacef5173f03c07c52e6bc8fea,2010-05-04,Armin Ronacher,Fixed late binding of url_prefix.  This fixes #29.,0,24,4,20,0.0417,407,76,82,1.079,3,1635,0.579,0.1815420427402236,0
examples\flaskr\flaskr\_cliapp.py,e26cc8f9043946e7c9259699af9486dfe2148a53,2017-05-25,Kenneth Reitz,i think this is how this works now,0,2,1,53,0.0,2,0,0,0.0,0,36,0.0,0.18154000944778143,0
flask\helpers.py,858806da69f9f46eb4abaf67bf78d864ea104760,2010-11-08,Georg Brandl,"Hint for positioning file pointer correctly before calling send_file().

Signed-off-by: Armin Ronacher <armin.ronacher@active-4.com>",0,27,5,128,0.037,165,17,57,3.353,26,2171,1.882,0.1814783304253674,0
flask\blueprints.py,7e6c70a133c833ef08f83a7e5cc926bf6e5581f1,2011-06-27,Ron DuPlain,Add teardown request decorators to blueprints.,0,9,2,28,0.0,143,30,41,1.367,4,1441,2.5,0.18141488257249638,0
src\flask\testing.py,54c3f87af9f6c0d6622cec2c3d9695b0229fb8fa,2024-11-23,kurtatter,fix type hint for `cli_runner.invoke`,0,33,4,2002,0.0,170,12,36,3.0,10,1090,3.25,0.1813969795749298,0
flask\testsuite\signals.py,52098e1e4fc4d9c962e9ecb09dfbbcc6ac80a4d7,2014-01-02,Daniel Neuhäuser,Happy New Year 2014,0,10,5,860,0.0,114,20,26,1.3,2,418,1.05,0.18128035816195687,0
flask\testing.py,4a53840df00c3338e42afbf78811382a0d232484,2017-05-28,David Lord,APPLICATION_ROOT defaults to '/',0,30,13,2519,0.0,86,6,24,4.0,12,663,3.5,0.1812731545910269,0
src\flask\debughelpers.py,ef434ea9985b756f13bed283dfa55828829e5e1f,2019-11-19,Grey Li,"Replace old pocoo links everywhere

pocco.org -> palletsprojects.com",0,2,1,171,0.0,128,8,33,4.125,13,743,1.625,0.18119083528074642,0
flask\wrappers.py,51a89bf35ec6231d55f5caa8e12484e801f593fe,2010-07-04,Armin Ronacher,Restored 2.5 compatibility and actual fix for the json problem,0,4,2,1,0.0,19,2,6,3.0,3,311,1.0,0.18088552595271823,0
tests\flask_tests.py,f195d9244756b9809bd2b00601b437f3e278b0b9,2010-06-29,Armin Ronacher,Added proper subdomain support,0,41,5,75,0.0244,759,125,140,1.12,3,2964,0.576,0.18087074504275555,0
tests\test_instance_config.py,310fbfcf64f40f237068fddbbbe45315f9935eca,2018-02-08,David Lord,"revert copyright year to project start
add copyright header to files",0,3,2,1246,0.0,96,10,12,1.2,3,413,3.0,0.1808633028183044,0
tests\test_basic.py,22987b68173e9bf56cc450cb7aeb93f5480a2660,2020-11-04,Mathurshan Vimalesvaran,include samesite and secure when removing session cookie (#3726),0,93,41,2246,0.0,1465,262,280,1.069,3,6161,0.905,0.18083601688517298,0
tests\test_basic.py,eb41e7e417cbf53d19517e356381423cfd256c2f,2021-01-03,Grey Li,Silence pytest warnings for exception propagation test,0,94,42,2305,0.0,1467,262,280,1.069,3,6173,0.905,0.18083601688517298,0
flask\testsuite\helpers.py,05c6502cbde016f0475233faa0c6364634cccac9,2012-10-07,Armin Ronacher,Let json.* work even without app on the stack and added tests,0,20,5,408,0.0,409,59,71,1.203,3,1878,0.78,0.18070914858562093,0
tests\test_json.py,87d5f5b9a9697434e6d972b021201105eabb54e6,2024-04-07,David Lord,"update project files (#5457)

* update pre-commit hook
* upgrade pip with venv
* update description and version
* show url in publish environment
",1,8,3,1253,0.0,263,38,46,1.211,3,996,1.395,0.18060561388563048,0
flask\templating.py,e0712b47c6e5bc98f2afd8b0a82cc5005dc58722,2010-07-17,Armin Ronacher,Added support for signals,0,7,2,13,0.0,48,7,13,1.857,4,330,1.857,0.18044827643558858,0
flask\testsuite\helpers.py,d094d5b6fc86a26680a8c496f719c4d711fcd766,2014-02-08,Armin Ronacher,Fixed warning and broken tests on 3.3,0,48,11,897,0.0,509,64,77,1.203,3,2153,0.766,0.18033566263341197,0
src\flask\json\tag.py,43483683b2bc8da85f00ccccdfb8d9d5c77a6bb3,2019-06-01,David Lord,apply reorder-python-imports pre-commit config,0,1,1,0,0.0,142,33,47,1.424,5,1048,2.03,0.18032079601780626,0
tests\test_logging.py,df470aecb96efbcb17ca76e73196c25c38ce6d17,2019-07-01,David Lord,use app.name as app.logger name,0,8,3,700,0.0,69,9,10,1.111,2,275,0.889,0.1802253184117288,0
tests\test_basic.py,3ace642ef32eae3fa096bef85a87545eba3f53fc,2021-05-13,brettlangdon,"Use compat fspath instead of os.fspath
When 7ba35c4 was cherry-picked it introduced the
usage of os.fspath which is not supported on
Python <3.6",0,97,43,2436,0.0,1437,260,279,1.073,3,6083,0.912,0.18011323151150352,0
flask.py,33e7f2b990e3889d6aa9cffef4a4c9d7d0923698,2010-06-02,Armin Ronacher,Invoke after_request on exceptions as well. This fixes #59,0,83,8,57,0.0241,501,77,155,2.013,15,6495,2.052,0.1800897578451826,0
src\flask\blueprints.py,a44c7228600044f530856a33c7da147c528644ff,2021-06-14,pgjones,"Fix registering a blueprint twice with differing names

Previously the blueprint recorded aspects (before request, after
request etc) would only be ad",0,32,9,744,0.0,324,33,78,2.364,23,2482,2.515,0.18006816859884506,0
flask\testsuite\helpers.py,964c4a37c071aa312770c4ef51c025516d28a646,2014-02-09,Armin Ronacher,Closed an unclosed file in the tests,0,51,11,898,0.0,522,67,80,1.194,3,2214,0.821,0.180058459562545,0
flask\testsuite\helpers.py,001100bc0b3a700540024c410a985c7f9e09f565,2014-02-09,Armin Ronacher,Fixed PyStringIO in tests for 2.x,0,50,11,898,0.0,521,67,80,1.194,3,2212,0.821,0.180058459562545,0
flask\testsuite\helpers.py,fb622380d07372cc8c24b117bae53f45acfd1878,2014-02-09,Armin Ronacher,Use older descriptor to support older werkzeug versions,0,52,11,898,0.0,522,67,80,1.194,3,2214,0.821,0.180058459562545,0
flask\__init__.py,fbd488678f93c13527a9fba252bd89b53abec5e9,2011-03-14,Armin Ronacher,Implemented flask.has_request_context(),0,12,2,255,0.0,16,0,0,0.0,0,130,0.0,0.1800148758126634,0
flask.py,ca520fb7e4c29afccc637e61c11429a0f3e8d5ad,2010-04-14,Armin Ronacher,"Static files are active in the WSGI app now, not just the server.",0,10,2,8,0.0,197,33,53,1.606,6,2850,1.939,0.1799897948279963,0
flask\signals.py,025589ee766249652e2e097da05808fe64911ddc,2019-05-06,David Baumgold,"Reformat with black

https://github.com/python/black",0,18,9,3215,0.0,36,3,3,1.0,1,247,3.0,0.17996905320392048,0
tests\test_reqctx.py,c2705ffd9ce1dc8476cb29eaf5ff5d4c719852d9,2025-09-19,David Lord,merge app and request context,0,31,14,4026,0.0,233,35,39,1.114,2,835,0.6,0.1799211263343671,0
tests\test_appctx.py,4840fc0edc6609d51342d4c5e21b7843109e3c16,2014-10-27,Petr Zemek,"Change `== None` to `is None`.

PEP8 (E711) suggests that comparison to None should be `cond is None`.",0,6,1,45,0.0,82,16,17,1.062,2,270,0.312,0.17988406083263658,0
examples\javascript\setup.py,8f13f5b6d672f1ba434f9c8ebe2c1b1dd385962e,2023-01-18,David Lord,"update docs and examples for pyproject

setup.py -> pyproject.toml
venv -> .venv",0,6,3,1742,0.0,2,0,0,0.0,0,5,0.0,0.17985856587078353,0
flask\testing.py,a327452540bbcffe73207f8164504115b6c9e856,2010-10-22,Pedro Algarvio,"Better handling for `test_request_context` don't just append the port.
Also implemented a proper initial environment to use with
`Flask.test_app()` ba",0,3,1,109,0.0,40,3,10,3.333,7,216,2.667,0.17984907768225714,0
tests\test_basic.py,7ba35c4d4fe99418cee9c87900bd0d3b38cf5bd0,2020-07-06,Joshua Bronson,"Restore support for using pathlib.Path for static_folder.

* No longer causes AttributeError: 'PosixPath' object has no
  attribute 'rstrip'.

* This ",0,88,39,2124,0.0,1432,260,277,1.065,3,6022,0.912,0.17982569100514356,0
tests\test_basic.py,b724832872ae4b4cd4b5f61c153eae39f1c3b213,2020-07-06,Joshua Bronson,Cherry-pick 7ba35c4 from master (support pathlib.Path for static_folder),0,89,39,2124,0.0,1438,260,279,1.073,3,6095,0.912,0.17982569100514356,0
docs\conf.py,80268a408b981254bbf2bd318aaade9a21a281ef,2010-07-20,Armin Ronacher,Documented proxy fix,0,18,2,105,0.0,69,0,0,0.0,0,1191,0.0,0.17982084541615756,0
flask\wrappers.py,41952d2b259efdd89634aef7f47afc4cef6e7190,2011-05-24,Steve Romanow,"respect request charset

Signed-off-by: Armin Ronacher <armin.ronacher@active-4.com>",0,10,3,325,0.0,34,4,11,2.75,4,409,1.0,0.17978825137292714,0
src\flask\app.py,44ffe6c6d6c90a414de32db1b03d5978f8770271,2023-04-20,David Lord,add __future__ annotations,0,101,27,1419,0.0,834,65,216,3.323,16,9927,2.231,0.1797640208006078,0
src\flask\app.py,8239765a4410d13d489e299a99e4a4c6951e190b,2023-04-13,pgjones,allow async signal receivers,0,100,27,1411,0.0,837,65,216,3.323,16,9986,2.231,0.1797640208006078,0
src\flask\config.py,77237093da25438c88b0a74c374a397d4bf823eb,2021-04-26,pgjones,"Add initial type hints

This should make it easier for users to correctly use Flask. The hints
are from Quart.",0,11,4,695,0.0,98,11,32,2.909,5,1249,2.909,0.17971858071126035,0
src\flask\__init__.py,3205b53c7cf69d17fee49cac6b84978175b7dd73,2023-08-21,David Lord,release version 2.3.3,0,65,7,1542,0.0,89,1,6,6.0,6,388,1.0,0.17960021988124164,0
flask\wrappers.py,52098e1e4fc4d9c962e9ecb09dfbbcc6ac80a4d7,2014-01-02,Daniel Neuhäuser,Happy New Year 2014,0,33,9,1280,0.0,71,9,26,2.889,8,836,1.556,0.17959865371267567,0
flask\blueprints.py,310fbfcf64f40f237068fddbbbe45315f9935eca,2018-02-08,David Lord,"revert copyright year to project start
add copyright header to files",0,37,17,2447,0.0,188,44,60,1.364,4,2046,2.318,0.179549241425728,0
flask\testsuite\helpers.py,b04827283ea36cc456367f1ac4e0700b90b71283,2012-06-17,Armin Ronacher,"Removed padded JSON (JSONP) again.

The implementation was not clean and generally the needs for padded json
are disappearing now that all browsers su",0,17,5,296,0.0,324,40,49,1.225,2,1569,0.7,0.17945242645582943,0
src\flask\ctx.py,a411a2434b09d9cbaa4074232b2c247d591bb655,2026-02-19,David Lord,add back opening session on context push,0,40,8,2455,0.0,202,28,55,1.964,8,2215,1.679,0.1793610540253794,0
tests\test_testing.py,465922e5f1cb76cf669a38afe25facde2176b9f0,2017-06-28,David Lord,"clean up secret key docs
consistent key across docs and examples
consistent key across tests, set in conftest",0,16,7,1020,0.0,217,34,37,1.088,2,918,1.206,0.17935911315477124,0
flask\config.py,8284217593d5ea3d4bdeaed1e146fa94578b7999,2014-11-05,defuz,"docs: ``True``, ``False`` and ``None``",0,30,9,1584,0.0,97,11,35,3.182,7,1132,2.818,0.17933294252890997,0
src\flask\wrappers.py,fdba0d2526347786c05c15027e183a5ba4d81114,2021-01-29,David Lord,remove JSONMixin,0,5,1,608,0.0,44,6,17,2.833,5,544,1.167,0.17922552248703333,0
flask.py,444e6425312a16589130ff36f2830b6f97fbbd4f,2010-04-23,Armin Ronacher,extended URL generation,0,42,5,17,0.0238,293,48,88,1.833,7,3742,2.208,0.1792179883153978,0
src\flask\templating.py,77237093da25438c88b0a74c374a397d4bf823eb,2021-04-26,pgjones,"Add initial type hints

This should make it easier for users to correctly use Flask. The hints
are from Quart.",0,4,1,695,0.0,104,11,28,2.545,5,582,2.182,0.1792104747647279,0
flask\views.py,6974d52815da9a1a00b49191b161e3bd12051bac,2014-03-15,max demian,Update views.py,0,15,9,991,0.0,43,5,14,2.8,6,710,2.8,0.1791485181383852,0
setup.py,d94b1bec24f47e5997787f5ee762d8b2566d81b4,2013-06-14,Armin Ronacher,In case we need a 0.10.2,0,54,12,1164,0.0,60,3,10,3.333,8,338,1.0,0.17883274465693494,0
setup.py,977e7660accc6b31bdd002b74f0a29b2846c84ba,2013-06-14,Armin Ronacher,Master is 0.11-dev,0,55,12,1164,0.0,60,3,10,3.333,8,337,1.0,0.17883274465693494,0
flask\helpers.py,801918603cb075f96ff6c08a6fc6fb165f1eecda,2010-07-30,Stephane Wirtel,Remove an unused function,0,24,3,27,0.0417,152,17,53,3.118,22,2002,1.882,0.1788170595142611,0
flask\testsuite\appctx.py,1949c4a9abc174bf29620f6dd8ceab9ed3ace2eb,2012-12-21,Armin Ronacher,flask.g is now on the app context and not the request context,0,5,2,255,0.0,74,15,15,1.0,1,267,0.8,0.17878081346561148,0
tests\test_blueprints.py,f92e820b4bf357e9792d08ce398802715a63eafe,2021-04-14,pgjones,"Nested blueprints

This allows blueprints to be nested within blueprints via a new
Blueprint.register_blueprint method. This should provide a use case",0,35,11,2406,0.0,624,130,136,1.046,3,2595,0.869,0.17867013578105084,0
flask\testsuite\helpers.py,c4f2075f4c4c27856fe0af77250fb75c61c0d86b,2012-10-07,Armin Ronacher,tojson no longer escapes script blocks in HTML5 parsers.  Fixed #605,0,19,5,408,0.0,380,53,62,1.17,2,1753,0.679,0.17862427292370694,0
flask\templating.py,0f8c47c988fbecc30785959065a53e00861c8558,2013-05-18,Thomas Waldmann,python-modernize automated changes: fix_dict,0,20,5,1049,0.0,80,9,26,2.889,8,488,2.0,0.1785930648030467,0
src\flask\testing.py,84c722044ad03f7f5384f5314c8350b3a13d8dfa,2022-07-01,David Lord,new debug/test preserve context implementation,0,17,3,1126,0.0,164,11,36,3.273,11,1159,3.545,0.17854070157345064,0
scripts\flaskext_tester.py,33534bb4a9937e6faba5ecec4586519f453369b6,2015-01-02,Parkayun,Happy New Year 2015,0,1,1,112,0.0,168,14,31,2.214,4,1098,1.5,0.17847664745326783,0
flask\testsuite\views.py,e1d356fb713f3272db2a23f9f898c34c5dc79dc0,2013-05-22,Thomas Waldmann,"ported some more stuff to py 3.3

removed init_jinja_globals hack from app.py after consulting mitsuhiko
(didn't work on py 3.3 ""as is"")

removed with",0,4,2,634,0.0,121,27,27,1.0,1,502,1.037,0.1784610086525909,0
examples\tutorial\tests\test_blog.py,43483683b2bc8da85f00ccccdfb8d9d5c77a6bb3,2019-06-01,David Lord,apply reorder-python-imports pre-commit config,0,2,2,418,0.0,58,8,8,1.0,1,327,2.75,0.17845913505080763,0
tests\test_cli.py,4ec1fbc9f52b4b3997a1978ab3390a5a1157ad6a,2017-05-24,Christian Stade-Schuldt,More DRYing up the test suite (#2325),0,18,15,373,0.0,230,38,39,1.026,2,1021,0.974,0.17834424996376286,0
src\flask\testing.py,d597db67ded68d4aedf42b9d1d4570573fb79cd6,2022-07-08,David Lord,contexts no longer use LocalStack,0,18,3,1133,0.0,164,11,36,3.273,11,1162,3.545,0.17827565524570563,0
tests\test_appctx.py,8cdd01ea5da2f92c0108803618b168e128084858,2018-05-28,Dilan Coss,Test added for _AppCtxGlobals __repr__ method,0,16,9,1355,0.0,145,29,32,1.103,2,506,0.966,0.17822480380242733,0
flask\wrappers.py,4c27f7a8c4bbe6621681178be716e6270067a3ad,2013-05-23,Armin Ronacher,Removed incorrect JSON exception subclasses,0,30,8,1055,0.0,52,7,19,2.714,5,649,1.143,0.17819329024711217,0
flask\wrappers.py,40fad2ece80e8bf6784e137028645fa66a3cd9c2,2013-05-18,Thomas Waldmann,"document python 2.6 minimum requirement, remove all stuff that refers to 2.5",0,29,8,1050,0.0,52,7,19,2.714,5,663,1.143,0.17819329024711217,0
src\flask\__main__.py,524fd0bc8cec7bfe8167c9c98cb5511b01a0f4c6,2020-04-04,David Lord,apply pyupgrade,0,1,1,308,0.0,3,0,0,0.0,0,27,0.0,0.17819099923092055,0
flask\sessions.py,f75ad9fca2e17c4777a3d7efc65f3ccab261e22c,2017-05-13,David Lord,"refactor session cookie domain logic
cache result of session cookie domain
add warnings for session cookie domain issues
add changelog",0,42,18,2137,0.0,181,22,55,2.5,13,1816,2.227,0.17815852408099023,0
tests\test_basic.py,ca2bfbb0ac66fbbeeedbf6bbe317bee45cb23d29,2022-07-02,Grey Li,Support returning list as JSON,0,108,46,2851,0.0,1443,256,276,1.078,3,6060,0.938,0.17798721209944351,0
flask\testing.py,4dc1796b1c09961098edc0aaac90a28be2b7fc9d,2011-08-29,Michał Bartoszkiewicz,Fixed session loading in flask.testing.TestClient.session_transaction(),0,10,2,420,0.0,65,6,16,2.667,5,535,2.833,0.17797081591448194,0
flask\__init__.py,7ed3196e8d1861acd027c409c47e51cce812ba63,2011-04-18,Simon Sapin,"Add safe_join: returns the filename used by send_from_directory.

Signed-off-by: Armin Ronacher <armin.ronacher@active-4.com>",0,13,2,289,0.0,16,0,0,0.0,0,131,0.0,0.1779418632437775,0
docs\conf.py,dcf5dff414f2f4b9b24047510d3fa7ac643e971f,2010-07-23,Armin Ronacher,Updatd an intersphinx link,0,19,2,107,0.0,69,0,0,0.0,0,1186,0.0,0.1779243391361204,0
flask\views.py,6b9fd4a968dc314ec03c6e5c08c5939667f1634c,2014-10-27,Petr Zemek,Fix a typo in a comment in MethodViewType.__new__.,0,16,10,1217,0.0,43,5,14,2.8,6,711,2.8,0.17788840567396305,0
tests\test_signals.py,e57199e0c4e18da2a87b15ed6d6e35668ae1b763,2015-06-17,Alexander Pantyukhin,fix test_signals,0,12,6,278,0.0,165,28,36,1.286,2,569,0.857,0.17786720881249102,0
flask\templating.py,c9a2ad2b8d079c0ecca701f4c0b15390437c4843,2011-07-16,Armin Ronacher,Fixed a bug in list_templates,0,14,3,376,0.0,77,9,24,2.667,8,457,2.0,0.17765115139584284,0
flask\_compat.py,13cc69911c6b5c742489ffe6e8c6458dec32e230,2013-05-25,Thomas Waldmann,fix typos,0,3,1,7,0.0,71,6,9,1.5,2,393,2.0,0.177588659153911,0
flask\helpers.py,4a45345fc44f60275b91c47031dd44abce02f596,2011-01-20,Dag Odenhall,"Fix typo in send_file docs

Signed-off-by: Armin Ronacher <armin.ronacher@active-4.com>",0,30,7,201,0.0333,170,17,60,3.529,26,2235,1.882,0.17758362276541156,0
src\flask\testing.py,564bb27efa8638c40e1dcfdccda5832ba42e9929,2021-11-15,David Lord,deprecate as_tuple,0,12,2,898,0.0,174,10,39,3.9,11,1173,3.5,0.17757951864920402,0
flask\testsuite\helpers.py,52098e1e4fc4d9c962e9ecb09dfbbcc6ac80a4d7,2014-01-02,Daniel Neuhäuser,Happy New Year 2014,0,45,11,860,0.0,498,64,77,1.203,3,2109,0.766,0.17746647367573742,0
flask\testsuite\helpers.py,e5bba9deb5c9ab9c66bea5c17e96741777fe46ab,2014-02-08,Armin Ronacher,Added support for custom JSON mimetypes,0,46,11,897,0.0,536,66,80,1.212,3,2197,0.758,0.17743620654726638,0
src\flask\json\tag.py,2ae740dd4903bbe5f3864384bcdf2ab2d4638bce,2020-04-04,David Lord,f-strings everywhere,0,4,1,308,0.0,140,33,47,1.424,5,1028,2.03,0.17735501267013143,0
src\flask\ctx.py,6000e80acf931b05b4911c3fa7f3ba33e2b80e64,2024-01-16,David Lord,address mypy strict findings,0,34,8,1690,0.0,199,27,52,1.926,8,1808,1.852,0.17735053284128913,0
src\flask\ctx.py,08d3185e87cfeccc4bf4d26ee5c4c0dfd4ec8564,2024-01-16,David Lord,update pre-commit hooks,0,35,8,1690,0.0,199,27,52,1.926,8,1808,1.852,0.17735053284128913,0
tests\test_signals.py,310fbfcf64f40f237068fddbbbe45315f9935eca,2018-02-08,David Lord,"revert copyright year to project start
add copyright header to files",0,17,8,1246,0.0,147,25,32,1.28,2,506,0.96,0.17728214071394557,0
flask\blueprints.py,0887245bfde8e5d65cc3d807dc574a0a07511eb4,2018-02-23,zcchen,"Add re.sub for blueprint add_url_rule handler, prevent '/a//b/'(blueprint.url_prefix='/a/' and the route is '/b/') happened.",0,38,17,2462,0.0,190,44,60,1.364,4,2052,2.318,0.17727782765628672,0
src\flask\scaffold.py,1e5dd430223369d13ea94ffffe22bca53a98e730,2022-05-03,Qingpeng Li,"refactor error checks in register_error_handler

Co-authored-by: David Lord <davidism@gmail.com>",0,23,10,640,0.0,315,39,72,1.846,10,3786,2.128,0.1772466676849514,0
src\flask\testing.py,1be65b1b699b0512e3b38e3e05d42d083cfd12f1,2022-02-09,David Lord,overriding FlaskClient.open works with redirects,0,14,2,984,0.0,159,11,37,3.364,11,1135,3.545,0.17724320319666756,0
flask\blueprints.py,4d0cdf95e616d09b9cab0cc35c11b1d3ba1a109e,2018-04-27,David Lord,merge slashes between blueprint prefix and rule,0,41,18,2525,0.0,190,44,62,1.409,4,2057,2.318,0.177231052126748,0
tests\__init__.py,5da2c00419d09ce2d3488263036ffd14563fb05a,2014-09-11,Markus Unterwaditzer,Rewrite assertion methods,0,3,1,0,0.0,75,14,23,1.643,4,389,1.714,0.17720377208907662,0
flask\testsuite\helpers.py,84ad89ffa4390d3327b4d35983dbb4d84293b8e2,2014-08-27,Armin Ronacher,"Always log now, even if debug is off.",0,53,11,1096,0.0,562,69,83,1.203,3,2312,0.812,0.17712673186682848,0
setup.py,b31f2d9a640c154e41de6d9631e95cf105e96e1f,2012-04-23,Ron DuPlain,"Require Werkzeug>=0.7, #449.",0,37,8,748,0.0,60,3,10,3.333,8,337,1.0,0.17709736296987558,0
flask\templating.py,1949c4a9abc174bf29620f6dd8ceab9ed3ace2eb,2012-12-21,Armin Ronacher,flask.g is now on the app context and not the request context,0,19,5,900,0.0,79,9,26,2.889,8,484,2.0,0.1770614143207929,0
docs\conf.py,cbcd15c3b55cfb05f1b27aa2343f909876f8d3d4,2010-05-24,Armin Ronacher,Beefed up latex output.  Unfortunately parts look ugly.,0,10,2,47,0.0,43,0,0,0.0,0,1077,0.0,0.1770135889894695,0
flask\run.py,e21afed0bba82668c6e4f5f433d0ccfcf54b3577,2014-04-21,Zak Johnson,Fix typos in docstrings and comments in run.py,0,3,1,0,0.0,159,8,40,5.0,11,1097,2.75,0.17692679782494472,0
tests\test_apps\cliapp\multiapp.py,524fd0bc8cec7bfe8167c9c98cb5511b01a0f4c6,2020-04-04,David Lord,apply pyupgrade,0,3,3,1419,0.0,3,0,0,0.0,0,10,0.0,0.1768581183242099,0
tests\test_apps\cliapp\app.py,524fd0bc8cec7bfe8167c9c98cb5511b01a0f4c6,2020-04-04,David Lord,apply pyupgrade,0,3,3,1419,0.0,2,0,0,0.0,0,7,0.0,0.1768581183242099,0
setup.py,298334fffc8288b5a9a45ef4150e3c4292e45318,2013-06-14,Armin Ronacher,Bump version number to 0.10.1,0,53,12,1164,0.0,60,3,10,3.333,8,337,1.0,0.17682314706211533,0
setup.py,2713ea98cb0fc22952ba6ddf88209da1a2efa270,2013-06-13,Armin Ronacher,Use same version specifications as in Werkzeug,0,52,12,1164,0.0,60,3,10,3.333,8,338,1.0,0.17682314706211533,0
tests\test_cli.py,7ad79583b9558cc7806d56c534f9527e500734e9,2017-04-26,David Lord,"add sort by match order
sort by endpoint by default
combine sort flags
sort methods
ignore HEAD and OPTIONS methods by default
rearrange columns
use f",0,15,13,344,0.0,183,31,32,1.032,2,870,1.032,0.17680965789892703,0
flask\testsuite\testing.py,522cd0009367d1f775b0e978681426773f51ce14,2013-05-18,Thomas Waldmann,python-modernize automated changes: fix_unicode (but without six.u()),0,12,5,631,0.0,185,25,31,1.24,2,741,0.68,0.1768058730488384,0
flask\blueprints.py,f13870731c100d3ed7daa5d96a75b697973def77,2018-04-29,David Lord,allow empty prefix and no lead slash in bp route,0,42,18,2527,0.0,190,44,62,1.409,4,2060,2.318,0.17680248069817658,0
flask\testsuite\regression.py,52098e1e4fc4d9c962e9ecb09dfbbcc6ac80a4d7,2014-01-02,Daniel Neuhäuser,Happy New Year 2014,0,7,4,789,0.0,76,13,19,1.462,4,335,0.923,0.17678053629977436,0
flask\wrappers.py,fbda3f94baa6d7dba8f773309121284c6e6c5a6d,2014-04-11,raimu,fix typo,0,36,11,1379,0.0,79,10,30,3.0,8,889,1.5,0.1767702403618677,0
flask\module.py,9ae4eba9861bfa959bac6adfaf5842ef7d937eb6,2011-01-08,Daniel Gerber,"fix subdomain for static rule on registering module

Signed-off-by: Armin Ronacher <armin.ronacher@active-4.com>",0,16,5,189,0.0,82,17,23,1.353,4,972,2.353,0.17671117867208125,0
flask\signals.py,9bed20c07c40a163077b936f740a4e96a6213688,2012-04-09,Armin Ronacher,Added documentation for appcontext and teardown handlers,0,6,1,632,0.0,27,3,3,1.0,1,225,3.0,0.17670119170600537,0
flask\json\tag.py,9bee2500dde2976befd7e88de5d403a26d7ad675,2017-06-02,David Lord,"finish documentation
[ci skip]",0,3,1,0,0.0,132,33,47,1.424,5,1019,2.03,0.1766975805128914,0
flask\sessions.py,c3d49e29ea42d2f468bc780c15683ca197b50d02,2017-05-13,José Oliveira,"show warning if session cookie domain is ip
closes #2007",0,41,17,2137,0.0,167,22,55,2.5,13,1711,2.227,0.1766808024343603,0
flask\testsuite\testing.py,6caaa8a527134dc9aff6d5c442969e96f9c00f21,2013-05-18,Thomas Waldmann,automated change using python-modernize: use 'as' in except,0,11,4,631,0.0,184,25,31,1.24,2,740,0.68,0.17666389361251134,0
tests\test_json.py,04c21387dbc454fb59cae9c9bb21a13358cb5a34,2023-04-12,David Lord,update test cookie handling for Werkzeug 2.3,0,7,3,892,0.0,263,38,46,1.211,3,996,1.395,0.17666307396058215,0
flask\templating.py,7a08331ac062ee1e2ae3c7547f77c2d342ddb3df,2011-05-29,Armin Ronacher,Latest iteration of the blueprint code.  Far from being done,0,11,3,329,0.0,78,9,26,2.889,8,534,2.111,0.17664566940646956,0
flask\testsuite\testing.py,8e9f0bdedca3edd5ba2e8902f05406acff8b8b44,2013-05-22,Daniel Neuhäuser,"Use assert_equal instead of assertEquals

assertEquals is deprecated and its use inconsistent",0,17,7,635,0.0,184,25,31,1.24,2,750,0.68,0.17642691707573735,0
tests\flask_tests.py,35ed617fe41b184288892f733ce07d94391b76b1,2010-05-17,Armin Ronacher,"Added support for flashing categories.

This fixes #35.",0,27,4,32,0.037,526,89,95,1.067,3,2162,0.562,0.1764082830325547,0
flask\testsuite\ext.py,3f80b0fd6c054d924c41a3c91152ec1984d8c28c,2013-05-22,Daniel Neuhäuser,module name is quoted in ImportErrors on 3.x,0,12,3,612,0.0,90,17,30,1.765,10,457,0.941,0.17640480727806168,0
flask.py,bc00fd1e83f23f57dd6a765b6a4bab2394584ae6,2010-06-03,Armin Ronacher,Added support for deferred context cleanup. test_client users can now access the context locals after the actual request if the client is used with a ,0,84,8,58,0.0238,522,80,162,2.025,15,6646,2.075,0.17618664965535707,0
tests\__init__.py,192da325f8b171e7512bea13edd4ddd3330a6ca8,2014-09-11,Markus Unterwaditzer,Testsuite is not a package,0,6,1,0,0.0,38,5,8,1.6,2,174,2.0,0.17614398526107353,0
tests\test_appctx.py,9560f22bb65d7c06d10ea3dfe3d7a81a73f68af2,2017-07-10,David Lord,clean up,0,13,8,1032,0.0,144,29,32,1.103,2,497,0.966,0.1761295581568043,0
flask\ctx.py,ab6bac111c9fa551ae0b6386a2cd6a13b45c26c7,2011-06-26,Armin Ronacher,Made it theoretically possible to hook into request matching,0,12,3,359,0.0,44,7,15,2.143,4,694,1.571,0.1761079647103051,0
src\flask\__init__.py,9cb1a7a52d7927071e2b737d52f902f006969e82,2023-04-13,David Lord,"blinker is required, signals are always available",0,51,6,1411,0.0,89,1,6,6.0,6,389,1.0,0.17600525841231696,0
src\flask\__init__.py,8728c3e4cd4e929a4327d917acd4b96c75f963d0,2023-04-25,David Lord,release version 2.3.0,0,53,6,1424,0.0,89,1,6,6.0,6,388,1.0,0.17600525841231696,0
examples\flaskr\flaskr\factory.py,6a8c8c34844334d62bf56258cb0390f5999074c7,2017-05-27,David Lord,set example app names directly,0,3,2,55,0.0,35,6,10,1.667,3,175,0.833,0.17599131778133462,0
tests\test_appctx.py,310fbfcf64f40f237068fddbbbe45315f9935eca,2018-02-08,David Lord,"revert copyright year to project start
add copyright header to files",0,14,9,1246,0.0,144,29,32,1.103,2,497,0.966,0.17595969381846635,0
tests\test_views.py,e82db2ca3a22c9614c1987392c9cfaa8c6ce99ad,2026-02-12,David Lord,fix provide_automatic_options override,0,21,8,4172,0.0,182,44,44,1.0,1,760,1.273,0.1758992811220696,0
flask\helpers.py,549af6229039e7fed7bcb2079737e45c27af998e,2010-08-03,jgraeme,Fix some typos in the docstrings,0,25,4,31,0.04,152,17,53,3.118,22,2003,1.882,0.17586314632725475,0
tests\blueprintapp\__init__.py,c9a2ad2b8d079c0ecca701f4c0b15390437c4843,2011-07-16,Armin Ronacher,Fixed a bug in list_templates,0,1,1,28,0.0,6,0,0,0.0,0,25,0.0,0.17584173972338626,0
flask\json.py,78ae0ec7f8d436df789d98c64e3579a196f52ada,2013-03-25,Tomasz Kalkosiński,Add import to jsonify example.,0,3,1,168,0.0,47,10,17,1.7,3,680,2.0,0.17568271786849377,0
src\flask\scaffold.py,10a36cb60e10594aa5dbf3c5aba6abbd5f6fcd70,2021-05-21,Alex Hedges,"Improve decorator factory type signatures

These changes are required to preserve the type signatures of the
created decorators.",0,16,6,292,0.0,307,39,71,1.821,10,3753,2.128,0.17567921928435995,0
flask\templating.py,ee8417dac8364f02524edffddff92329f15b95af,2011-09-01,Armin Ronacher,Late but 2010 -> 2011 in some files,0,15,3,424,0.0,77,9,24,2.667,8,457,2.0,0.17567141255782992,0
tests\test_blueprints.py,e93704fbfd5f40e48f8fe9034b6b0fe420d28fb3,2021-05-13,Grey Li,fix url_prefix argument when nesting blueprints,0,37,12,2436,0.0,602,129,133,1.031,3,2518,0.891,0.175540425930936,0
src\flask\blueprints.py,eb36135cfe6a17350617e47b70b9ad383206eded,2022-05-23,Chris Hallacy,always warn on blueprint setupmethod after registration,0,37,11,1087,0.0,313,33,76,2.303,23,2474,2.515,0.1754094398321752,0
flask\wrappers.py,709289037ae149444b18a59975cf9dc6e93cd05a,2014-10-18,Augustus D'Souza,"Corrected api docs

http://flask.pocoo.org/docs/0.10/api/#flask.Request.get_json",0,39,13,1568,0.0,71,9,26,2.889,8,836,1.556,0.1753997497693335,0
tests\test_reqctx.py,6a64969009bf1898bd302e6a9633f71942523f7f,2025-09-19,David Lord,pass context through dispatch methods,0,32,14,4026,0.0,233,35,39,1.114,2,841,0.6,0.17533676951471616,0
tests\test_cli.py,5d8e35653fca0d7ee01519d556c7851089de82ea,2022-08-01,David Lord,"refactor lazy loading

Remove the `--eager-loading/--lazy-loading` options and the
`DispatchingApp` middleware. The `run` command handles loading
exce",0,72,32,2267,0.0,467,69,74,1.072,2,2047,0.971,0.17533304576364178,0
src\flask\__init__.py,2846abaefed01f1da0d58ca3a83a2a09bea71e9c,2021-05-11,David Lord,start version 2.1.0.dev0,0,18,1,710,0.0,44,0,0,0.0,0,178,0.0,0.1753122371485679,0
tests\test_helpers.py,8458cc5cd10bac1dabea3dae86424bce46926a49,2016-06-03,Dan Sully,"Remove deprecation warnings for add_etags & mimetype guessing for send_file()

Fix #1849",0,23,10,630,0.0,613,80,95,1.188,3,2577,0.838,0.1752923031248586,0
examples\minitwit\minitwit\minitwit.py,6a8c8c34844334d62bf56258cb0390f5999074c7,2017-05-27,David Lord,set example app names directly,0,2,2,278,0.0,179,18,45,2.5,9,968,0.556,0.17523707408315015,0
src\flask\ctx.py,fbb6f0bc4c60a0bada0e03c3480d0ccf30a3c1df,2026-02-19,David Lord,all teardown callbacks are called despite errors,0,41,8,2455,0.0,207,28,54,1.929,7,2233,1.679,0.17521136772772322,0
flask\wrappers.py,8590d65a57ad57c99a82fdf4e1c57921d7e1bdcd,2019-05-18,EtiennePelletier,"Use Werkzeug's JSONMixin class and update tests

Flask's JSONMixin class was moved to Werkzeug>=0.15

Co-authored-by: Jeffrey Eliasen <jeff@jke.net>",0,76,27,3242,0.0,46,7,18,2.571,5,588,1.286,0.17518512837384634,0
tests\test_blueprints.py,5b0b9717da958fd6325c675d92be4f6667796112,2017-05-23,Christian Stade-Schuldt,"DRYing up the test suite using pytest fixtures (#2306)

* add fixtures to conftest.py

* use fixtures in test_appctx.py

* use fixtures in test_bl",0,15,4,985,0.0,547,114,120,1.053,3,2307,0.789,0.17515232322369687,0
flask\testing.py,b81f72070ec0dc2bede09eedea3d0b0360887720,2014-08-28,Paulo Bu,"Fix warnings and code styling in the doc

There was a blank line missing that was generating a warning when
building the doc. Also, a removed function",0,20,6,1515,0.0,67,5,18,3.6,7,563,3.2,0.17507456291895418,0
src\flask\sessions.py,3709c4a9a87e6ce8c26dc4a951e1df52ac9ecad0,2026-01-24,David Lord,"update ruff hook and noqa

co-authored-by: Christian Clauss <cclauss@me.com>",0,33,8,2429,0.0,169,25,38,1.52,5,1846,2.32,0.17504003668179346,0
src\flask\debughelpers.py,0a300d007d3a5ef902e0b3c91f6189267fbed182,2022-03-23,David Lord,better replacement of original form KeyError,0,10,3,1026,0.0,126,8,32,4.0,12,698,1.625,0.1750314274901418,0
tests\flask_tests.py,6cb0855e2dd181df5353fc1be9b437c7bc92eb2f,2010-05-28,Armin Ronacher,Fixed an error reporting bug with flask.Config.from_envvar,0,35,4,44,0.0286,655,107,121,1.131,3,2595,0.579,0.1750093661790932,0
src\flask\scaffold.py,714ccefeca33db9e87e8ef4abd0008af05c32a4d,2022-08-03,David Lord,show deprecation warning on json_encoder/decoder access,0,38,15,732,0.0,341,40,78,1.95,14,3826,2.15,0.17490216520313467,0
src\flask\__init__.py,0ec9192cf25f5187d6521f2539489fa8d55336bb,2023-04-25,Lucas Werkmeister,fix importing Markup from flask,0,55,6,1424,0.0,89,1,6,6.0,6,389,1.0,0.17483134536883868,0
src\flask\__init__.py,345f18442ceb29f9e365af99fc85bdc5986323d2,2023-04-25,David Lord,start version 2.3.1,0,54,6,1424,0.0,89,1,6,6.0,6,389,1.0,0.17483134536883868,0
tests\test_ext.py,01b992b1a1482246d705ffe3b3d0dd7816f0456b,2017-01-10,Andrew Arendt,Added python3.6 support for tests,0,9,2,851,0.0,129,23,37,1.609,10,629,1.0,0.17482753188673525,0
tests\test_blueprints.py,3fce4898f84531142c6fa8ab34cf9dc4d0cc4e85,2017-05-23,Randy Liou,"Add test for Blueprint app-wide url processing

The test add coverage for methods: Blueprint.app_url_defaults, and
Blueprint.app_url_preprocessing. Th",0,16,5,985,0.0,564,119,125,1.05,3,2394,0.807,0.17465119253638206,0
tests\test_signals.py,967907ee81cbc671cd8982bdc02a9d3335fdde11,2015-06-17,Alexander Pantyukhin,before_render_template signal can override render template.,0,11,5,278,0.0,159,28,34,1.214,2,555,0.857,0.174615715147492,0
flask\testsuite\blueprints.py,a0801719f8f24a0e3192eca203bbd341c4e557ec,2013-05-22,Daniel Neuhäuser,Remove six dependency,0,15,5,635,0.0,639,115,127,1.104,5,2683,0.626,0.17459504305618287,0
tests\test_apps\cliapp\importerrorapp.py,524fd0bc8cec7bfe8167c9c98cb5511b01a0f4c6,2020-04-04,David Lord,apply pyupgrade,0,3,3,1190,0.0,3,0,0,0.0,0,9,0.0,0.17454568161970607,0
docs\conf.py,e0712b47c6e5bc98f2afd8b0a82cc5005dc58722,2010-07-17,Armin Ronacher,Added support for signals,0,14,2,101,0.0,57,0,0,0.0,0,1136,0.0,0.17452061639800942,0
tests\test_deprecations.py,5bc0d15359b73afcb324eb696f9caeb362efa7cc,2017-06-26,David Lord,un-deprecate request.json,0,11,5,1018,0.0,10,2,2,1.0,1,68,2.0,0.1744906185740275,0
flask\testsuite\appctx.py,51042f4c9f2c68a63ad5b8ee3000a52518a4b87b,2013-05-30,Thomas Waldmann,fix issues in test_context_refcounts that were unnoticed yet as they did not make the test fail,0,8,4,415,0.0,74,15,15,1.0,1,266,0.8,0.17445436409666568,0
flask\testing.py,daa3f272da477470d23481d409d54f989136ac32,2015-11-20,Ivan Velichko,Allow to specify subdomain and/or url_scheme in app.test_request_context(),0,22,8,1964,0.0,76,5,24,4.8,13,611,3.6,0.17436923444952143,0
scripts\flaskext_compat.py,1e39871d681bd41451cf8694cd67fffe017fa522,2012-10-20,Quentin Roy,Add back path=None argument into find_module. This fixes #618 and revert #524.,0,8,4,398,0.0,64,9,25,2.778,6,593,2.111,0.17417309846662193,0
flask\debughelpers.py,33534bb4a9937e6faba5ecec4586519f453369b6,2015-01-02,Parkayun,Happy New Year 2015,0,16,5,1245,0.0,105,7,31,4.429,13,700,1.857,0.17413403398303093,0
flask\ctx.py,718ef4d699d1de79117f92ff16feed98c3a1aa11,2011-08-27,Armin Ronacher,Added an XXX to a comment to not miss removing deprecated code later,0,15,4,420,0.0,43,7,15,2.143,4,693,1.571,0.17412171665283765,0
tests\conftest.py,8bdf820e9b9c166883ef9717e127ba46ebe43cae,2018-01-10,David Lord,reset standard os env after each test,0,12,7,1217,0.0,127,20,27,1.35,3,606,1.35,0.17410845839445177,0
flask\testsuite\testing.py,5b89355b1c9771431fb8a011094591ad43461b0a,2013-05-22,Daniel Neuhäuser,Response data is bytes,0,15,6,635,0.0,184,25,31,1.24,2,750,0.68,0.1740814811997261,0
examples\tutorial\setup.py,8f13f5b6d672f1ba434f9c8ebe2c1b1dd385962e,2023-01-18,David Lord,"update docs and examples for pyproject

setup.py -> pyproject.toml
venv -> .venv",0,7,3,1745,0.0,2,0,0,0.0,0,5,0.0,0.173998998967099,0
src\flask\sansio\scaffold.py,c2705ffd9ce1dc8476cb29eaf5ff5d4c719852d9,2025-09-19,David Lord,merge app and request context,0,7,3,762,0.0,288,35,61,1.743,10,3473,2.143,0.17396253465878395,0
setup.py,bb2e20f53fd66981190658a58e206a3f8aa4f3e3,2013-05-26,Daniel Neuhäuser,Depends on itsdangerous>=0.12 now,0,47,12,1146,0.0,61,3,10,3.333,8,343,1.0,0.17394419395415459,0
setup.py,3b9574fec988fca790ffe78b64ef30b22dd3386a,2013-06-13,Armin Ronacher,Bump version number to 0.10,0,48,12,1163,0.0,61,3,10,3.333,8,342,1.0,0.17394419395415459,0
setup.py,ac187bded7339dbf88baa2c6c7d8adddef657cac,2013-06-13,Armin Ronacher,This is 0.11-dev,0,49,12,1163,0.0,61,3,10,3.333,8,343,1.0,0.17394419395415459,0
setup.py,a0801719f8f24a0e3192eca203bbd341c4e557ec,2013-05-22,Daniel Neuhäuser,Remove six dependency,0,46,12,1142,0.0,61,3,10,3.333,8,343,1.0,0.17394419395415459,0
setup.py,5886925ff34db3d9e913a4bc44891876a7fe65d5,2013-06-13,Armin Ronacher,Started 0.10 maintenance branch for a bugfix release,0,51,12,1164,0.0,61,3,10,3.333,8,344,1.0,0.17394419395415459,0
src\flask\json\provider.py,714ccefeca33db9e87e8ef4abd0008af05c32a4d,2022-08-03,David Lord,show deprecation warning on json_encoder/decoder access,0,1,1,21,0.0,146,11,38,3.455,8,1325,2.818,0.17386085888713315,0
flask\testing.py,d49221bf2eeabbfa4a5be4e537b35bae1eb6d272,2011-08-26,Armin Ronacher,The test client now properly pops response contexts on __exit__,0,9,2,417,0.0,65,6,16,2.667,5,535,2.833,0.1738484619061648,0
tests\test_regression.py,33534bb4a9937e6faba5ecec4586519f453369b6,2015-01-02,Parkayun,Happy New Year 2015,0,7,1,112,0.0,65,10,15,1.5,4,311,0.6,0.17384455894465972,0
flask\testing.py,c4139e0e5de5ffa8f103956bdcc1ca7cf9e500fd,2016-08-19,Adam Byrtek,JSON support for the Flask test client,0,24,10,2237,0.0,76,5,21,4.2,10,620,3.4,0.1737962137579028,0
flask\helpers.py,07688d7b9302fd47cfd0ea053171ad6561c3f9b9,2011-01-16,Ivo Danihelka,"Fixed 'schemal' doc typo.

Signed-off-by: Armin Ronacher <armin.ronacher@active-4.com>",0,29,6,197,0.0345,170,17,60,3.529,26,2235,1.882,0.1737654409472298,0
flask\helpers.py,ed70b42798a31bce951917ff22b996c810e2c3a9,2010-12-23,Armin Ronacher,Make sure that windows servers do not allow downloading arbitrary files,0,28,6,173,0.0357,170,17,60,3.529,26,2235,1.882,0.1737654409472298,0
tests\test_basic.py,66b1b752da1ccc67c1073d4a99c4141a1b2be445,2017-07-31,David Lord,"simplify logging configuration
single default handler and formatter
don't remove handlers
configure level once using setLevel
document logging
reorgan",0,54,24,1053,0.0,1347,249,268,1.076,3,5563,0.96,0.1737534144906972,0
examples\flaskr\setup.py,c3dd7b8e4c9e322c413f4a49e5d15aceafd17c2d,2018-04-09,David Lord,rewrite tutorial docs and example,0,4,3,642,0.0,15,0,0,0.0,0,41,0.0,0.17372684542075773,0
examples\patterns\largerapp\yourapplication\__init__.py,310fbfcf64f40f237068fddbbbe45315f9935eca,2018-02-08,David Lord,"revert copyright year to project start
add copyright header to files",0,2,2,404,0.0,3,0,0,0.0,0,27,0.0,0.1736173555614548,0
flask\json.py,77d293cf49e586f03fbea96d0bae237bc7ed230f,2013-06-01,Armin Ronacher,Order JSON keys by default to avoid trashing HTTP caches,0,12,4,236,0.0,82,12,30,2.5,4,838,2.0,0.17360984682928238,0
flask\templating.py,f34c0281252bf1838e2ec24fe8b064b232a098ef,2012-10-08,Armin Ronacher,Added template tests and made config a true global,0,18,5,826,0.0,78,9,25,2.778,8,472,2.0,0.1735871756460318,0
src\flask\templating.py,0ec7f713d679ceed2c605e62ac5d38d579f29fa0,2023-08-19,pgjones,"Split the App and Blueprint into Sansio and IO parts

This follows a similar structure in Werkzeug and allows for async
based IO projects, specificall",0,15,5,1540,0.0,139,15,33,2.2,5,857,2.067,0.173454096249637,0
src\flask\scaffold.py,af34b8c9e7adbf0b060738fee12f04c1e46a98fd,2022-03-08,Tushar Sadhwani,Add better types for app decorators,0,21,9,583,0.0,323,39,71,1.821,10,3789,2.128,0.17345068160484392,0
flask.py,2d9bb692728fd76b19e467499caa4f5fcb07aede,2010-04-14,Armin Ronacher,Flask now runs without the presence of pkg_resources as well.,0,11,2,8,0.0,211,33,56,1.697,6,2943,1.939,0.1734384009587077,0
tests\test_logging.py,e666f7a69c737fef8236237671be4da5910e9113,2019-06-22,David Lord,standardize license and copyright,0,7,3,691,0.0,69,9,10,1.111,2,269,0.889,0.1733791807142148,0
flask\blueprints.py,6663bf1f7d5a43633e6434a5dd8ea8f8eccdd616,2018-04-27,ThiefMaster,Fix registering partials as view functions,0,40,18,2524,0.0,190,44,63,1.432,5,2058,2.318,0.17329039278608863,0
flask\testsuite\testing.py,4f1cb4212376acbbe7ab14fb8caa8a5025b4659e,2012-10-07,Armin Ronacher,"make_test_environ_builder when used with subdomains was not working correctly, now it uses urlparse module for detecting full URL and changing path an",0,10,4,408,0.0,184,25,31,1.24,2,738,0.68,0.1732459238598338,0
tests\test_testing.py,59f7966e3192bcf478a213ba0aa9cd3bda7da4e4,2017-07-13,David Lord,"support passing environ to test client (#2412)

closes #2411",0,17,7,1035,0.0,230,36,39,1.083,2,982,1.222,0.17320288518912352,0
tests\test_basic.py,373f0dd82e68ab7cac7a77344e715dbe68faebd3,2020-11-01,David Lord,update requirements (#3823),0,92,41,2242,0.0,1454,261,279,1.069,3,6110,0.908,0.17316667347468642,0
src\flask\json\tag.py,f2f027d1fbc12f3ff24f3e471e11ac56e1a5d869,2020-04-04,David Lord,remove unused module docstrings,0,5,1,308,0.0,140,33,47,1.424,5,1022,2.03,0.17315812902542016,0
src\flask\_compat.py,43483683b2bc8da85f00ccccdfb8d9d5c77a6bb3,2019-06-01,David Lord,apply reorder-python-imports pre-commit config,0,1,1,0,0.0,63,7,10,1.429,2,435,2.0,0.17315619072843816,0
src\flask\wrappers.py,141fde1d8ec8663b4be98777750d2f58c6fe44ad,2021-05-21,pgjones,"Bugfix blueprint naming

Following discussions for Flask we've decided to name blueprints based
on how they are registered. This allows for two differ",0,9,2,719,0.0,63,7,20,2.857,5,646,1.143,0.17307389571757287,0
flask\wrappers.py,b46f5942a528053034fecf210572ee04bc4a3284,2019-06-01,Jon S. Stumpf,address flake8 issues,0,77,28,3255,0.0,46,7,18,2.571,5,588,1.286,0.1729749220176364,0
tests\test_logging.py,604cc758fb6601782745572452715fc295dda011,2017-12-14,David Lord,"use config fixture, get plugin via unregister",0,3,2,136,0.0,69,9,10,1.111,2,257,0.889,0.1729529174966292,0
flask\blueprints.py,f7a3bdc6db7aefeeb974c0b9800bbe64d152f842,2018-05-01,Hsiaoming Yang,"Fix blueprint route for """"",0,43,18,2528,0.0,193,44,63,1.432,5,2066,2.318,0.1728618213575172,0
tests\test_basic.py,7b09a0904c32dc8784cdd68e842442057340a361,2020-07-23,Christopher Nguyen,change make_response to use headers.update,0,90,39,2142,0.0,1435,260,277,1.065,3,6034,0.912,0.17285069100514358,0
tests\test_basic.py,8efea0ccbbf0985e0c3c001e5bd90b4912a18f54,2020-10-03,Bogdan Opanchuk,"Break reference cycle created by default in Flask instances.

Flask instances with static folders were creating a reference cycle
via their ""static"" ",0,91,40,2213,0.0,1453,261,279,1.069,3,6110,0.908,0.17285069100514358,0
flask\cli.py,a3ad5405a68f312f077e8d6271e694f6925c0864,2014-04-29,Armin Ronacher,Updated documentation once more for new cli.,0,4,2,0,0.0,231,21,60,2.857,8,1455,2.048,0.17280380105058885,0
tests\test_basic.py,bd232e5c82cca0c4445b3fed1a460c0bb0a66082,2014-10-21,Markus Unterwaditzer,PEP8,0,8,3,39,0.0,1184,193,213,1.104,3,4638,0.326,0.17277275165975614,0
tests\test_basic.py,859d9a9d5c3da114132ec9f0e515e1fa8030f68f,2017-05-31,David Lord,"show nice message when registering error handler for unknown code
clean up error handler docs
closes #1837",0,48,23,993,0.0,1329,241,257,1.066,3,5508,0.963,0.17276712229940208,0
tests\test_basic.py,5c12acefbb90d4328f896633b636c8e05d87a0dd,2017-06-05,David Lord,failing test,0,50,23,997,0.0,1356,245,261,1.065,3,5603,0.959,0.17276712229940208,0
tests\test_basic.py,d63c2bc4178b0a371ee53c9d94b73c7be3174c9d,2017-06-26,David Lord,remove deprecated Flask.static_path,0,51,23,1018,0.0,1347,244,260,1.066,3,5562,0.959,0.17276712229940208,0
tests\test_basic.py,465922e5f1cb76cf669a38afe25facde2176b9f0,2017-06-28,David Lord,"clean up secret key docs
consistent key across docs and examples
consistent key across tests, set in conftest",0,52,23,1020,0.0,1332,244,260,1.066,3,5521,0.963,0.17276712229940208,0
tests\test_blueprints.py,025589ee766249652e2e097da05808fe64911ddc,2019-05-06,David Baumgold,"Reformat with black

https://github.com/python/black",0,26,9,1698,0.0,588,121,127,1.05,3,2464,0.901,0.17276347542731824,0
src\flask\app.py,1b552d0b0163e1c1ae3d4895438a9ce2b2bc098e,2021-11-11,David Lord,remove ContextVar compat,0,58,18,894,0.0,777,68,207,3.044,15,9146,2.074,0.17276017523970846,0
src\flask\testing.py,e1aedecdc689cc9a79131851dbdabf6c3bc49c9e,2023-05-01,David Lord,update werkzeug,0,27,3,1430,0.0,160,11,35,3.182,11,1060,3.545,0.17275964779735034,0
src\flask\sessions.py,db461112c70d5f2bf93c7a6ac27eeb665c232dd0,2024-04-07,David Lord,access sha1 lazily,0,24,7,1772,0.0,156,24,36,1.5,5,1780,2.333,0.17272697886655516,0
src\flask\sessions.py,ccf125bf30102beedafb3ecef72376bfb6c90a4d,2024-04-23,David Lord,fix mypy findings,0,25,7,1788,0.0,156,24,36,1.5,5,1778,2.333,0.17272697886655516,0
tests\test_cli.py,9f0da9b770abfe3376ca0bbb09c535b42071feeb,2021-08-05,na2shell,cli loader handles kwargs in app factory,0,60,30,1907,0.0,475,68,72,1.059,2,2058,0.882,0.1726127670036731,0
src\flask\ctx.py,f04c5e696400badaa52b3450ded53e9091c2078a,2025-06-08,David Lord,update dev dependencies,0,36,8,2199,0.0,199,27,52,1.926,8,1800,1.852,0.17260803695936397,0
flask\_compat.py,abc1505196ba3bc9517ec142ced7c1204c3ac21b,2013-05-30,Armin Ronacher,Fixed various issues on the Python 3 port,0,4,1,11,0.0,69,6,9,1.5,2,384,2.0,0.17255545687383816,0
src\flask\scaffold.py,bfdd37110c67ebeb42061fb43cf684b05291241f,2022-08-01,David Lord,deprecate config attributes,0,37,15,730,0.0,340,40,78,1.95,14,3812,2.15,0.17248957779054727,0
flask\testsuite\testing.py,239780be289efd365c07be2f60bab9223388399e,2013-05-22,Daniel Neuhäuser,"Use assert_true instead of assert_

assert_ is deprecated which causes annoying warnings",0,16,7,635,0.0,184,25,31,1.24,2,750,0.68,0.1720988501115319,0
src\flask\signals.py,9cb1a7a52d7927071e2b737d52f902f006969e82,2023-04-13,David Lord,"blinker is required, signals are always available",0,6,2,1411,0.0,25,1,2,2.0,2,116,1.0,0.17207504866891665,0
flask\testing.py,a5da2c98f3ed2f9fe254e3b61799b06fa230a175,2011-08-25,Armin Ronacher,Implemented flask.testing.TestClient.session_transaction for quick session modifications in test environments.,0,5,2,416,0.0,64,4,16,4.0,7,495,2.75,0.17206643463121243,0
src\flask\templating.py,1403d35e2a107e0fc693a09898cf605bb18989ad,2021-05-11,David Lord,update type annotations,0,5,2,710,0.0,107,11,28,2.545,5,617,2.182,0.17205342139619476,0
run-tests.py,29b7efa36bd12234a4086cafbe9b8a4099991d08,2011-08-26,Armin Ronacher,Improved the logic in which tests are found,0,1,1,0,0.0,44,3,17,5.667,12,148,1.0,0.1719556624465661,0
tests\test_appctx.py,5f42989ce31e90b8de9d733109c7e285de8237c7,2018-02-28,David Lord,don't use Flask(__name__) in conftest,0,15,9,1265,0.0,144,29,32,1.103,2,497,0.966,0.17194659364768397,0
src\flask\scaffold.py,9a2adfba4d4310b005c222fcdfb85e96e3e6661d,2021-08-05,Yourun-Proger,static_folder can be a pathlib.Path,0,18,7,369,0.0,318,39,71,1.821,10,3777,2.128,0.1719144997257765,0
tests\flaskext_test.py,3a80ecc66057d97e3a0ceb40e99ea7bde035381b,2010-07-25,Armin Ronacher,Improved script for automatic extension testing,0,1,1,2,0.0,156,14,29,2.071,4,938,1.5,0.17189214395466762,0
tests\test_helpers.py,024fbe5a6076d0f3f793cd4a66d0b50decdb2a1a,2016-06-02,David Lord,"Revert ""Adds simplejson as a testing target."" (#1865)",0,19,9,630,0.0,626,80,95,1.188,3,2640,0.85,0.17173475834617133,0
tests\test_basic.py,4ec1fbc9f52b4b3997a1978ab3390a5a1157ad6a,2017-05-24,Christian Stade-Schuldt,More DRYing up the test suite (#2325),0,44,22,986,0.0,1307,238,254,1.067,3,5393,0.971,0.1717090964992345,0
src\flask\testing.py,82c2e0366ce6b74a3786a64631ce58b85b3a7d4e,2022-07-08,David Lord,remove uses of LocalStack,0,19,3,1133,0.0,164,11,36,3.273,11,1166,3.545,0.17170370596369816,0
docs\conf.py,8d356d7cda963e2fa6437c5a5fef035e13cc80c5,2010-05-27,Armin Ronacher,Fixed a build error and added a touch icon,0,12,2,50,0.0,48,0,0,0.0,0,1081,0.0,0.17160238621048557,0
docs\conf.py,9d19b77acf413de77b39ed1c6d972fb1e5fef1c3,2010-05-26,Armin Ronacher,"Added lazyloading pattern and explicit chapter links in tutorial.

This fixes #49.",0,11,2,49,0.0,45,0,0,0.0,0,1077,0.0,0.17160238621048557,0
tests\test_signals.py,d53d5c732bf794b965d15458f8e578fe51864a26,2015-06-17,Alexander Pantyukhin,before_render_template signal,0,9,4,278,0.0,150,25,32,1.28,2,516,0.84,0.1715523479977534,0
src\flask\templating.py,f2f027d1fbc12f3ff24f3e471e11ac56e1a5d869,2020-04-04,David Lord,remove unused module docstrings,0,3,1,308,0.0,89,11,28,2.545,5,493,2.182,0.17145614867808393,0
flask\cli.py,5b7fd9ad889e54d4d694d310b559c921d7df75cf,2017-03-16,Sven-Hendrik Haase,Print a stacktrace on CLI error (closes #2208),0,50,19,1053,0.0,323,26,82,3.154,9,2240,2.0,0.17135171394547066,0
src\flask\templating.py,91044c4d769efa7f20455e1b70457a7da95c26d8,2022-07-09,pgjones,"Change _cv_req -> _cv_request

This is a clearer name for the variable.",0,10,4,1133,0.0,131,15,33,2.2,5,868,2.067,0.17132100242875892,0
src\flask\templating.py,82c2e0366ce6b74a3786a64631ce58b85b3a7d4e,2022-07-08,David Lord,remove uses of LocalStack,0,9,4,1133,0.0,131,15,33,2.2,5,868,2.067,0.17112542059358388,0
flask\app.py,c4f64c1c475badaeef009ad46846e32a8e5c9b66,2010-07-02,Justin Quick,working import layout for module,0,1,1,0,0.0,267,34,77,2.265,6,3869,2.118,0.17106563499806915,0
flask\testsuite\testing.py,e7c587789ae22a626196cea26340253dd9b70bf1,2014-02-08,Armin Ronacher,Fixe a bug in the test client causing url parameters to be removed.  This fixes #968,0,23,7,897,0.0,195,27,33,1.222,2,803,0.667,0.1710614827294342,0
scripts\flaskext_tester.py,c810fae9e835ad446e7e9d61c12bbf2f6b597109,2016-05-20,Frédéric Chapoton,turn 2 prints to py2/py3 compatible syntax (#1812),0,2,2,616,0.0,168,14,31,2.214,4,1099,1.5,0.17089970128576715,0
flask\wrappers.py,6caaa8a527134dc9aff6d5c442969e96f9c00f21,2013-05-18,Thomas Waldmann,automated change using python-modernize: use 'as' in except,0,28,7,1050,0.0,52,7,19,2.714,5,675,1.143,0.17085037064132824,0
src\flask\sansio\app.py,0ec7f713d679ceed2c605e62ac5d38d579f29fa0,2023-08-19,pgjones,"Split the App and Blueprint into Sansio and IO parts

This follows a similar structure in Werkzeug and allows for async
based IO projects, specificall",0,1,1,0,0.0,318,34,78,2.294,12,4377,2.265,0.17084578684373866,0
tests\test_json_tag.py,b46f5942a528053034fecf210572ee04bc4a3284,2019-06-01,Jon S. Stumpf,address flake8 issues,0,4,3,728,0.0,62,9,9,1.0,1,241,1.0,0.1708169438876922,0
src\flask\scaffold.py,aa1d34dc51fc63dabc46f388822ba73b15d3ef97,2021-09-22,Pedro Torcatt,"Fix grammatical error (#4268)

* Fix grammatical error

* Update scaffold.py

* Update scaffold.py",0,19,8,417,0.0,318,39,71,1.821,10,3775,2.128,0.17073320053219868,0
flask.py,33a035bb0ec07a4ca92f1397e7caeb7714c57bd6,2010-06-10,Armin Ronacher,Added security document,1,93,9,65,0.0215,533,80,166,2.075,15,6782,2.075,0.170677295618871,0
flask\debughelpers.py,2b885ce4dc3f6b2ea2707a39a8198a84d7ad3991,2012-10-30,Armin Ronacher,Added better error reporting for unicode errors in sessions,0,7,1,452,0.0,47,5,10,2.0,3,419,1.8,0.17067232841385718,0
src\flask\templating.py,46433e9807a1c960d6b2bb0e125cf16a90167d97,2022-06-18,pgjones,add generate_template and generate_template_string functions,0,8,4,1113,0.0,134,15,33,2.2,5,872,2.067,0.17050999711098422,0
flask\config.py,8da8a21b69cc06e58b1b28fa0ecec63b5cf3d9b4,2011-09-25,Armin Ronacher,Moved the conversion thing into the ConfigAttribute.,0,13,4,448,0.0,55,8,19,2.375,4,764,2.625,0.1704843109130293,0
src\flask\wrappers.py,1c6dc15420b21fc325833ab2955375e9736f2e74,2020-10-31,David Lord,fix response bases order,0,4,1,518,0.0,47,7,18,2.571,5,562,1.286,0.17047003240878586,0
flask\testing.py,6c5ef2bc5c7c304c8d4a2ddbb8666167ae73d4c4,2016-08-19,Adam Byrtek,Use `content_type` kwarg instead of manipulating headers,0,25,11,2237,0.0,74,5,21,4.2,10,611,3.4,0.1704419363841025,0
flask\testsuite\views.py,05f66ad73543db207791ea5d6a2de2e8eaaf1640,2013-05-22,Markus Unterwaditzer,Fix some literals,0,5,3,635,0.0,121,27,27,1.0,1,509,1.037,0.17043675240545914,0
src\flask\typing.py,46b39e2698697408c6f8f8693e526cd1bb085684,2021-11-15,Bojan Delić,fix errorhandler type check,0,6,5,203,0.0,37,0,0,0.0,0,214,0.0,0.1704294429415292,0
flask\testsuite\ext.py,a0801719f8f24a0e3192eca203bbd341c4e557ec,2013-05-22,Daniel Neuhäuser,Remove six dependency,0,13,3,612,0.0,93,17,30,1.765,10,463,0.941,0.17042827843630584,0
tests\test_templating.py,daf1510a4bda652ac2cfca03ec5567b03ddf8bf1,2025-08-19,kadai0308,use template_filter without parens,0,33,13,3994,0.0,381,80,80,1.0,1,1580,1.0,0.1703314607219428,0
src\flask\testing.py,9e831e915fa875423af0c0de8f53a3780055919e,2024-10-24,bre-17387639,fix pyright type errors,0,32,3,1972,0.0,169,12,36,3.0,10,1086,3.25,0.17020563288881646,0
src\flask\debughelpers.py,6a4bf9eec13e035cf10ecc16e462049b4c967e41,2021-10-01,David Lord,"use exception chaining

fixes flake8-bugbear B904",0,8,3,853,0.0,126,8,32,4.0,12,734,1.625,0.17016464915448273,0
flask\ctx.py,7a08331ac062ee1e2ae3c7547f77c2d342ddb3df,2011-05-29,Armin Ronacher,Latest iteration of the blueprint code.  Far from being done,0,11,3,330,0.0,42,6,14,2.333,5,675,1.667,0.17010448799889494,0
setup.py,3f82d1b68ea6f5bf2970c2df8ff5cf991439a9bf,2012-08-11,Armin Ronacher,Switch to itsdangerous,0,40,9,857,0.0,61,3,10,3.333,8,340,1.0,0.17005576920702925,0
setup.py,fe85970665ea3a38f9c6a8ef4756ff3a913850b6,2012-08-11,Armin Ronacher,"Various improvements in regards to the itsdangerous usage, bumped to 0.17",0,41,9,857,0.0,61,3,10,3.333,8,340,1.0,0.17005576920702925,0
src\flask\wrappers.py,77237093da25438c88b0a74c374a397d4bf823eb,2021-04-26,pgjones,"Add initial type hints

This should make it easier for users to correctly use Flask. The hints
are from Quart.",0,7,1,695,0.0,53,6,17,2.833,5,596,1.167,0.17004696707577638,0
flask.py,4aa76212d1be9b17a57249549c2a73fb10b6cda8,2010-04-09,Armin Ronacher,Updated documentation.  Starting to look pretty good,0,3,2,2,0.0,187,30,51,1.7,6,2209,1.933,0.16999291944611053,0
src\flask\__init__.py,367e1df785a71e9004d9a87a221652bfc5a964ac,2023-06-07,David Lord,start version 2.3.3,0,61,7,1467,0.0,89,1,6,6.0,6,389,1.0,0.16996386542177389,0
src\flask\scaffold.py,6a4bf9eec13e035cf10ecc16e462049b4c967e41,2021-10-01,David Lord,"use exception chaining

fixes flake8-bugbear B904",0,20,9,426,0.0,318,39,71,1.821,10,3779,2.128,0.16993192249120523,0
tests\test_cli.py,41e08f4ccd0f41896200cbf5c5f5d6f3df3df713,2016-06-03,Josiah Philipsen,"fixed unmatched elif

Also update relevant test",0,4,4,17,0.0,88,17,17,1.0,1,417,0.471,0.16989269739384605,0
flask\wrappers.py,964174931d29370c286d13ccc44689ae0fb4dff5,2013-06-12,Armin Ronacher,Added request.get_json().,0,31,8,1075,0.0,71,9,26,2.889,8,836,1.556,0.16979450414862576,0
flask\testsuite\testing.py,05f66ad73543db207791ea5d6a2de2e8eaaf1640,2013-05-22,Markus Unterwaditzer,Fix some literals,0,14,5,635,0.0,184,25,31,1.24,2,743,0.68,0.16971131438954046,0
flask\__main__.py,33534bb4a9937e6faba5ecec4586519f453369b6,2015-01-02,Parkayun,Happy New Year 2015,0,3,2,255,0.0,3,0,0,0.0,0,36,0.0,0.1696511201739036,0
tests\test_templating.py,bfdd37110c67ebeb42061fb43cf684b05291241f,2022-08-01,David Lord,deprecate config attributes,0,31,13,2881,0.0,320,71,71,1.0,1,1305,1.042,0.16964425396062177,0
setup.py,b87919348104774e9c959fc00976966e38161129,2012-08-11,Armin Ronacher,Set current dev version number to 0.10,0,39,9,857,0.0,60,3,10,3.333,8,337,1.0,0.16950615088641854,0
tests\test_basic.py,42905b8a55adf66a77b2b11797092a64b51d526e,2017-05-29,David Lord,"set description for trap as well as debug
test for key error description",0,47,23,991,0.0,1325,240,256,1.067,3,5483,0.963,0.16945434632330209,0
tests\test_basic.py,b8eba0a3fa940f85d43aa2a26bd31a75a446eb28,2017-05-29,David Lord,"use existing response.vary property to set vary header
closes #2345",0,46,23,990,0.0,1322,240,256,1.067,3,5468,0.963,0.16945434632330209,0
tests\test_apps\cliapp\importerrorapp.py,43483683b2bc8da85f00ccccdfb8d9d5c77a6bb3,2019-06-01,David Lord,apply reorder-python-imports pre-commit config,0,2,2,882,0.0,5,0,0,0.0,0,17,0.0,0.16945114839888115,0
tests\test_meta.py,662c245795c7cbb5dbd657a2d707c62c16770c18,2020-04-04,David Lord,remove _compat module,0,1,1,278,0.0,4,1,1,1.0,1,16,0.0,0.16936881064651488,0
src\flask\testing.py,a74e266474f0981e9fc0d54d5dc430386823e4d7,2022-05-03,Stanislav Bushuev,skip coverage for TYPE_CHECKING,0,16,2,1067,0.0,162,11,37,3.364,11,1144,3.545,0.16935860220680965,0
flask\cli.py,c9b33d0e860e347f1ed46eebadbfef4f5422b6da,2017-01-29,Armin Ronacher,Convert Flask.run into a noop when run from the CLI,0,49,19,1007,0.0,321,26,82,3.154,9,2224,2.0,0.16935171394547066,0
flask\wrappers.py,549af6229039e7fed7bcb2079737e45c27af998e,2010-08-03,jgraeme,Fix some typos in the docstrings,0,8,2,31,0.0,29,4,10,2.5,3,389,1.0,0.16935065157984497,0
examples\minitwit\tests\test_minitwit.py,310fbfcf64f40f237068fddbbbe45315f9935eca,2018-02-08,David Lord,"revert copyright year to project start
add copyright header to files",0,2,2,535,0.0,98,10,13,1.3,3,646,1.8,0.16934398505613724,0
flask\cli.py,7a7a163ff18c4491b8c2a6cd0630a6f4e4ce2984,2017-03-21,Ed Brannin,"shorten output when ImportError due to app bug.

Before:
```
C:\dev\tmp>py -2 -m flask run
Traceback (most recent call last):
  File ""C:\Python27\",0,52,20,1058,0.0,324,26,82,3.154,9,2257,2.0,0.16932314251689923,0
flask\templating.py,abe1378caec759cc8c6fc0afeaad248677c4420f,2011-06-16,Armin Ronacher,Chnaged a bunch of behavior in blueprints for it to be more flexible. Improved backwards compat.,0,12,3,347,0.0,77,9,24,2.667,7,462,2.0,0.1692654871961103,0
examples\tutorial\tests\test_auth.py,43483683b2bc8da85f00ccccdfb8d9d5c77a6bb3,2019-06-01,David Lord,apply reorder-python-imports pre-commit config,0,2,2,418,0.0,46,5,5,1.0,1,243,2.8,0.16922327356658373,0
src\flask\sessions.py,eb1182a10e757b5e76009c69fdf3a88a5afc6840,2024-05-06,David Lord,fix mypy finding,0,26,7,1801,0.0,156,24,36,1.5,5,1780,2.333,0.1691714233109996,0
tests\test_logging.py,310fbfcf64f40f237068fddbbbe45315f9935eca,2018-02-08,David Lord,"revert copyright year to project start
add copyright header to files",0,4,2,192,0.0,69,9,10,1.111,2,275,0.889,0.1691316611679182,0
setup.py,41171d11ae37c4dfae79f17e1477b7bf8bdc034a,2013-06-13,Daniel Neuhäuser,Add Python 3.3 classifier,0,50,12,1164,0.0,62,3,10,3.333,8,348,1.0,0.16910542216423077,0
tests\test_basic.py,5909e26fba86351063bd622cedf6a4c25eba2e79,2017-06-30,William Horton,Remove unused import from test_basic (#2403),0,53,23,1022,0.0,1331,244,260,1.066,3,5519,0.963,0.16909365291164696,0
flask\json\tag.py,eaedb9320c7aad581daa05f1510b64393c082dbb,2018-04-19,Nick Pope,"Fix index example for TaggedJSONSerializer.register()

Made the example use a keyword, rather than a positional argument, as
the intent here is to sho",0,6,2,321,0.0,132,33,47,1.424,5,1037,2.03,0.16909347831248392,0
src\flask\scaffold.py,6a4e7e948d7e5bd5b2b76c1b7f1a0392644bee1e,2021-06-01,Pascal Corpet,improve typing for `app.errorhandler` decorator,0,17,6,304,0.0,318,39,71,1.821,10,3767,2.128,0.16906949910762947,0
scripts\flaskext_test.py,013d8ad3d9fa1697c4dc5648376c98dbd537eb28,2014-09-09,cgar,minor spelling fixes,0,3,3,1110,0.0,168,14,31,2.214,4,1098,1.5,0.1689916051285882,0
flask\wrappers.py,3e90de2e10cfde5803fab87768430cffff7c78a0,2013-08-23,Will Bowlin,corrected documentation for Request get_json(),0,32,8,1147,0.0,71,9,26,2.889,8,836,1.556,0.16890725165312587,0
tests\test_basic.py,0a339545551b5303fb2750e6e5b0e72acbea60d4,2018-01-04,David Lord,"improve documentation for session attributes
add test for session attributes",0,55,24,1211,0.0,1356,249,268,1.076,3,5604,0.96,0.16889581966616687,0
tests\test_basic.py,310fbfcf64f40f237068fddbbbe45315f9935eca,2018-02-08,David Lord,"revert copyright year to project start
add copyright header to files",0,58,25,1246,0.0,1378,251,270,1.076,3,5693,0.96,0.16889581966616687,0
tests\test_basic.py,382b13581ed44e0bc740968353bb5a25945bafdf,2018-01-23,David Lord,clean up samesite docs,0,57,25,1230,0.0,1378,251,270,1.076,3,5693,0.96,0.16889581966616687,0
src\flask\sessions.py,c17f379390731543eea33a570a47bd4ef76a54fa,2026-02-18,David Lord,request context tracks session access,0,34,8,2454,0.0,158,22,35,1.591,5,1779,2.273,0.16887189056279264,0
src\flask\testing.py,d178653b5f7a5ee2ba15e215ce60caeeb9ed82e1,2022-11-25,David Lord,update requirements,0,23,3,1273,0.0,163,11,36,3.273,11,1158,3.545,0.16885546038146054,0
tests\test_appctx.py,ec0d208bc14c49c611ae05d391b1edb35af854c7,2015-03-23,Martijn Pieters,"Switch away from using None as default value for the exception when tearing down a context.

When an exception has been handled when using the request",0,8,3,192,0.0,94,18,20,1.111,2,298,0.333,0.16884846763456288,0
src\flask\app.py,9532cba45d2339e90ebf04f178b1e4f2064e7328,2023-05-01,David Lord,fix mypy finding,0,104,27,1430,0.0,823,64,213,3.328,16,9889,2.25,0.16882889281382338,0
flask\views.py,1f3923a999e3b4430ea76727e07fb062b24d6a61,2019-05-17,LeeW,"Inherit ""methods"" in MethodView

* Current behavior: If a base class inherits MethodView and child class
  inherits without overwriting ""methods"". The",0,25,18,2880,0.0,48,5,15,3.0,7,722,2.8,0.16877787196513908,0
flask\testsuite\ext.py,52098e1e4fc4d9c962e9ecb09dfbbcc6ac80a4d7,2014-01-02,Daniel Neuhäuser,Happy New Year 2014,0,17,4,837,0.0,95,17,31,1.824,10,490,0.941,0.16873266789709357,0
tests\test_basic.py,a1d9ebe4abebdb824aa9a397b001de5f9130e7a3,2018-01-23,Fadhel_Chaabane,New Feature: Added Support for cookie's SameSite attribute.,0,56,24,1229,0.0,1386,251,270,1.076,3,5759,0.96,0.16866505043539767,0
tests\test_templating.py,af4cb0ff2bb77c0c2f03227b17cc6ef67f28e63b,2014-09-11,Markus Unterwaditzer,Remove flask superclass,0,3,1,0,0.0,292,64,65,1.016,2,1152,0.297,0.16865482619033506,0
tests\test_cli.py,e21e003f62b57c35e1832c0bf14e9cd27f4e5bea,2021-11-12,David Lord,remove deprecated script_info factory arg,0,63,31,2006,0.0,458,66,70,1.061,2,2002,0.864,0.1685760707905126,0
flask.py,9983e847425621b5e474ae9da6822f1af0b0cc1f,2010-06-03,Armin Ronacher,Fixed after_request handlers being called twice in some cases and improved logging system,0,85,8,58,0.0235,531,80,166,2.075,15,6717,2.075,0.16854003311400373,0
flask.py,12c2cb5e12895a0d16b37b7a9e9a96d69a34c36e,2010-06-05,Dag Odenhall,Typo in docs for Flask.handle_exception,0,86,8,60,0.0233,531,80,166,2.075,15,6717,2.075,0.16841311003708065,0
examples\minitwit\minitwit\minitwit.py,310fbfcf64f40f237068fddbbbe45315f9935eca,2018-02-08,David Lord,"revert copyright year to project start
add copyright header to files",0,4,3,535,0.0,179,18,45,2.5,9,972,0.556,0.16831180375838434,0
flask\blueprints.py,ac78da0bb02fc5c07c896a77d3fc2b32e7924407,2019-05-16,Michael E. Karpeles,removed unused reference to url_join,0,46,20,2909,0.0,192,44,62,1.409,5,2062,2.318,0.16820396524018058,0
tests\test_testing.py,a89bdb3395b22c963456d1fcdebbd77c5c6f618c,2017-07-29,David Lord,"prefer the url's scheme over the kwarg
tabs -> spaces
add test
add changelog",0,18,7,1051,0.0,236,37,40,1.081,2,1006,1.216,0.16820353237761476,0
src\flask\debughelpers.py,c9a1f7ad6545c9cc27c41c385f1d4cd9c7cf1a98,2022-03-23,David Lord,"don't intercept 307/308 routing redirects

These don't change the request body, so the debug error is no longer relevant.",0,9,3,1026,0.0,124,8,32,4.0,12,703,1.625,0.16820284440348426,0
tests\typing\typing_route.py,2e8fe7b2f2b541a60c90c625446647b22c5cacc2,2023-04-20,David Lord,drop support for python 3.7,0,6,4,322,0.0,71,18,21,1.167,2,316,0.278,0.1682001767790624,0
src\flask\testing.py,faaa5594b2406260c3e4197fa6e80c3d19b6ab23,2022-03-15,David Lord,accurate type for __exit__,0,15,2,1018,0.0,162,11,37,3.364,11,1141,3.545,0.16819490514349628,0
flask\testsuite\testing.py,9f8a2075c79fec1b5481f5a5a95bb23b40bf68f2,2013-05-22,Daniel Neuhäuser,Use assert_in where appropriate,0,18,7,635,0.0,184,25,31,1.24,2,747,0.68,0.16817570138992033,0
src\flask\testing.py,69f9845ef2da3051d74d4dade3e88ccf5b2ee3de,2022-07-13,David Lord,add json provider interface,0,22,3,1137,0.0,163,11,36,3.273,11,1158,3.545,0.16803996122892742,0
src\flask\testing.py,91044c4d769efa7f20455e1b70457a7da95c26d8,2022-07-09,pgjones,"Change _cv_req -> _cv_request

This is a clearer name for the variable.",0,21,3,1133,0.0,164,11,36,3.273,11,1158,3.545,0.16803996122892742,0
src\flask\scaffold.py,88863288225d5ee13a79c463f2a39391b6a52c61,2022-03-15,David Lord,relax errorhandler function arg type,0,22,10,591,0.0,312,39,71,1.821,10,3775,2.128,0.16803375325487135,0
tests\test_basic.py,e7cd68ba58b78309a342fbce68f6ef1edef3e5e5,2017-05-24,Nina Zakharenko,Don't overwrite Vary header when setting for cookie access #2317,0,45,22,986,0.0,1322,240,256,1.067,3,5468,0.963,0.16798495856820003,0
flask\testsuite\testing.py,84ad89ffa4390d3327b4d35983dbb4d84293b8e2,2014-08-27,Armin Ronacher,"Always log now, even if debug is off.",0,26,7,1096,0.0,196,27,33,1.222,2,807,0.667,0.16798489352510484,0
tests\test_basic.py,fd8b95952c3891c402b18d1d35c6a2d263b8c6fb,2017-06-02,David Lord,add tests for flask.json.tag,0,49,23,994,0.0,1333,240,256,1.067,3,5538,0.963,0.16797489426850756,0
tests\test_cli.py,e666f7a69c737fef8236237671be4da5910e9113,2019-06-22,David Lord,standardize license and copyright,0,44,27,1132,0.0,385,52,57,1.096,3,1732,1.058,0.16782548580814882,0
tests\test_cli.py,1b5f21e015e2c4f36fcdb34a09ce93787d59e181,2021-05-17,Danny Sepler,Add pathlib in cli tests,0,57,28,1826,0.0,459,65,69,1.062,2,1999,0.892,0.16779385789242002,0
tests\flask_tests.py,fb2d2e446bdd806ea3de7b869c7371e2dae57a23,2010-04-16,Armin Ronacher,"request_init -> before_request and request_shutdown -> after_request

This fixes #9.",0,2,1,2,0.0,156,30,30,1.0,1,628,0.433,0.16740133577273156,0
src\flask\sessions.py,f49dbfd3e451006a485e81ebce030495131c4454,2024-11-13,David Lord,use generic bases for session,0,29,7,1992,0.0,168,25,38,1.52,5,1837,2.32,0.16739654388170083,0
tests\test_blueprints.py,c03a82713a8fe4d256a2d2cf1b1f3ab36d5a5916,2017-05-23,Randy Liou,"Cleanup test_blueprint.py to use test fixtures

Modify several tests to use the app and client test fixtures.",0,17,5,985,0.0,541,114,120,1.053,3,2289,0.86,0.1673445238494343,0
tests\test_cli.py,26a6cc0f94dd25390e2b2d7462bb4a414a862b16,2021-04-27,Adrian Moennich,"Allow using Click 7 with a DeprecationWarning

As long as popular libraries (e.g. Celery) require click 7, depending
on Click 8 in Flask makes it hard",0,56,28,1806,0.0,471,65,69,1.062,2,2051,0.892,0.16734244723411282,0
flask\ctx.py,0fccfe711fda524f216f82263bb83787a75035fd,2011-07-07,Armin Ronacher,Refactored session interface,0,13,3,369,0.0,44,7,15,2.143,4,696,1.571,0.1672352079771651,0
tests\test_apps\cliapp\factory.py,025589ee766249652e2e097da05808fe64911ddc,2019-05-06,David Baumgold,"Reformat with black

https://github.com/python/black",0,3,2,711,0.0,10,4,4,1.0,1,41,1.0,0.16716812076391624,0
scripts\flaskext_tester.py,9bf5c3b3a3bdc3f2f2dcca2b5747378470d0d354,2018-02-08,David Lord,"update project metadata
new readme
readme as setup.py long_description
links in changes
git in authors
add travis osx env
break out docs build in trav",0,3,3,1246,0.0,168,14,31,2.214,4,1099,1.5,0.1671674123848616,0
tests\test_logging.py,33fa58094701d5b1edbf13ddfe7c93b4c5821b63,2017-12-14,Camilo,restore the logging plugin only if it was active to begin with,0,2,2,135,0.0,69,9,10,1.111,2,265,0.889,0.16710730600226056,0
tests\test_helpers.py,d393597c507ea62df534ba2ffb8a4e77cf3f1548,2016-06-03,Markus Unterwaditzer,"Use recwarn everywhere

...instead of custom fixture. Also assert that no warnings are left over
after the test.",0,20,10,630,0.0,624,80,95,1.188,3,2615,0.863,0.16710195803653163,0
tests\test_helpers.py,293eb583f62e930c84dc1612fadf60185c0a9174,2016-06-03,Markus Unterwaditzer,More explicit warning categories,0,21,10,630,0.0,624,80,95,1.188,3,2628,0.863,0.16710195803653163,0
flask\templating.py,15372661af2974577d5c1d15fdaf88452661c2a9,2011-07-01,Armin Ronacher,Removed leftover from no longer supported blueprint template loading code.,0,13,3,361,0.0,75,9,23,2.556,7,454,2.0,0.16694430273632255,0
tests\test_logging.py,b08e35e4ab525c207144e42af1b678a78abe09cb,2019-07-02,David Lord,show warning for old logger config,0,9,3,700,0.0,75,10,11,1.1,2,305,1.0,0.1668864789451054,0
tests\test_basic.py,d425279650b392faf679db3245b8ac7f8c84cf54,2014-10-21,Gilman Callsen,"Improve compression by removing whitespace from separators when using jsonify() and JSONIFY_PRETTYPRINT_REGULAR is False.

Commit includes Changelog e",0,7,2,39,0.0,1184,193,213,1.104,3,4638,0.326,0.16680830690095508,0
tests\test_cli.py,5544d09477af3221d988ec18b086930c2d9e67cd,2022-06-29,David Lord,re-add flag to skip unguarded app.run from CLI,0,70,32,2235,0.0,480,71,75,1.056,2,2096,0.915,0.16671681241450215,0
flask\json\tag.py,fc6a1d9354124690e632323d46ee35c3b8c9c8d2,2018-04-19,Nick Pope,"Fix default index for TaggedJSONSerializer.register()

Change the default value of ``index`` to ``None`` in ``register()`` so
that it is possible to i",0,5,1,321,0.0,132,33,47,1.424,5,1036,2.03,0.16669805794689144,0
tests\test_cli.py,2305b056c3a3161c92ea61e6fceb67262766bc40,2021-08-05,David Lord,add test for lazy loading error,0,59,30,1907,0.0,468,67,71,1.06,2,2037,0.881,0.166693885884792,0
src\flask\testing.py,e0dad454810dd081947d3ca2ff376c5096185698,2022-07-08,David Lord,update docs about contexts,0,20,3,1133,0.0,164,11,36,3.273,11,1158,3.545,0.16666618432090394,0
tests\test_cli.py,b2b60450f7b9fae08bbd22f771f7b973aee6a135,2021-10-05,David Lord,allow lazy loading test to fail on pypy,0,62,31,1967,0.0,478,68,72,1.059,2,2082,0.882,0.16649672188926196,0
flask.py,e67903d134039b2452b2a3806e10451491ce768d,2010-06-05,Dag Odenhall,"Fixing another article error, in handle_http_exception.",0,88,9,60,0.0227,531,80,166,2.075,15,6717,2.075,0.16645564397373225,0
flask\testsuite\blueprints.py,13cc69911c6b5c742489ffe6e8c6458dec32e230,2013-05-25,Thomas Waldmann,fix typos,0,16,5,638,0.0,639,115,127,1.104,5,2683,0.626,0.16644236927781278,0
flask\json\__init__.py,ab4142215d836b0298fc47fa1e4b75408b9c37a0,2018-04-10,David Lord,detect UTF encodings when loading json,0,4,2,312,0.0,136,14,54,3.857,12,1342,1.929,0.16636122482490137,0
src\flask\scaffold.py,a74e266474f0981e9fc0d54d5dc430386823e4d7,2022-05-03,Stanislav Bushuev,skip coverage for TYPE_CHECKING,0,24,11,640,0.0,315,39,72,1.846,10,3789,2.128,0.16633442736593212,0
flask\cli.py,ad42d88fb2cda12a21c4fb6f002f425f233d1fe3,2017-03-16,Sven-Hendrik Haase,Remove useless pass,0,51,20,1053,0.0,322,26,82,3.154,9,2239,2.0,0.16632314251689923,0
src\flask\templating.py,524fd0bc8cec7bfe8167c9c98cb5511b01a0f4c6,2020-04-04,David Lord,apply pyupgrade,0,2,1,308,0.0,89,11,28,2.545,5,507,2.182,0.166135950210959,0
flask\testsuite\testing.py,52098e1e4fc4d9c962e9ecb09dfbbcc6ac80a4d7,2014-01-02,Daniel Neuhäuser,Happy New Year 2014,0,22,7,860,0.0,184,25,31,1.24,2,748,0.68,0.16612817284696815,0
src\flask\app.py,2e8fe7b2f2b541a60c90c625446647b22c5cacc2,2023-04-20,David Lord,drop support for python 3.7,0,102,27,1419,0.0,823,64,213,3.328,16,9889,2.25,0.16605966204459263,0
src\flask\app.py,79ebf6c39cba01b240a926b899b7d0828e63fc4b,2023-04-25,David Lord,update minimum requirements,0,103,27,1424,0.0,823,64,213,3.328,16,9885,2.25,0.16605966204459263,0
flask\testing.py,b9c8c9bad124790ff0a8a9615d3d40a3b6fe2d83,2017-05-29,David Lord,"deprecate app session methods in favor of session_interface
ref #1182",0,31,14,2520,0.0,87,6,24,4.0,12,667,3.5,0.1660366888446173,0
src\flask\__init__.py,a0a61acdecd925cf2a1ffe5fb7acd27c1695f1d8,2020-04-04,David Lord,drop support for Python 2.7 and 3.5,0,9,1,308,0.0,45,0,0,0.0,0,226,0.0,0.16598836794900115,0
flask.py,88a031ab24b0e7e2a5190f9e48f80f2b21aba1a0,2010-06-05,Armin Ronacher,"Revert that change, an HTTP is correct from what I know.",0,89,9,60,0.0225,531,80,166,2.075,15,6717,2.075,0.16584525722175994,0
flask\config.py,52098e1e4fc4d9c962e9ecb09dfbbcc6ac80a4d7,2014-01-02,Daniel Neuhäuser,Happy New Year 2014,0,21,8,1278,0.0,55,8,19,2.375,4,775,2.625,0.1658113960429991,0
flask\run.py,e46bca4051e51f3812d4a0b25f60f7b7959668c2,2014-04-21,Armin Ronacher,Added thread flag to flask run,0,1,1,0,0.0,156,8,39,4.875,11,1056,2.75,0.16580380929331195,0
tests\test_templating.py,9c02f07f9bb4c88207c2a6860742c452c35d2948,2023-02-23,David Lord,deprecate markupsafe exports,0,32,13,3086,0.0,321,71,71,1.0,1,1307,1.042,0.16567735966916675,0
flask.py,9959ddd3da09f619d467891b194389851cf50367,2010-05-28,Armin Ronacher,Removed some unused code,0,80,7,52,0.025,490,75,152,2.027,15,6393,2.067,0.16565206619909817,0
examples\minitwit\minitwit.py,c2e5799879ed22a4657b75df6da66d6074ae7cc7,2012-10-09,Armin Ronacher,Updated examples to new sqlite patterns and added new section to appcontext docs,0,17,3,917,0.0,180,17,44,2.588,9,965,0.588,0.16557556599332385,0
flask\blueprints.py,b89bf9e6d7555743903ed3820156c3da7a571411,2019-06-12,vdanain,document Blueprint params,0,51,24,2936,0.0,192,44,62,1.409,5,2238,2.318,0.1655443080723153,0
flask\blueprints.py,e666f7a69c737fef8236237671be4da5910e9113,2019-06-22,David Lord,standardize license and copyright,0,53,25,2946,0.0,192,44,62,1.409,5,2341,2.318,0.1655443080723153,0
flask\blueprints.py,571b9f54e745849087f43b63a9788ded9edd0eb7,2019-06-12,David Lord,reword Blueprint class docstring,0,52,25,2936,0.0,192,44,62,1.409,5,2347,2.318,0.1655443080723153,0
flask\cli.py,08e61ea200d04326f8f40a3130ef613f84cd854d,2018-03-23,Hsiaoming Yang,Add tip for dotenv,0,85,27,1424,0.0,547,35,146,4.171,12,3381,2.314,0.16550377144238196,0
src\flask\templating.py,9a134da31bafc12d31f75474a4b354c80545b9b5,2022-01-27,Stefane Fermigier,Match typing declaration with implementation.,0,6,2,970,0.0,108,11,28,2.545,5,621,2.182,0.16548749818955444,0
flask.py,f5fb4576577cbedcedba9eb16d9fdace18c9292c,2010-06-07,Armin Ronacher,Added TESTING flag.  This fixes #58.,0,92,9,61,0.0217,533,80,166,2.075,15,6782,2.075,0.1654492604331804,0
flask\wrappers.py,6e52355eb303e1b47f7b83ddbb94ff432e2df139,2010-07-12,Armin Ronacher,tiny performance improvement,0,6,2,10,0.0,23,3,8,2.667,3,360,1.0,0.16542741786772205,0
flask\testsuite\testing.py,e1d356fb713f3272db2a23f9f898c34c5dc79dc0,2013-05-22,Thomas Waldmann,"ported some more stuff to py 3.3

removed init_jinja_globals hack from app.py after consulting mitsuhiko
(didn't work on py 3.3 ""as is"")

removed with",0,13,5,634,0.0,184,25,31,1.24,2,739,0.68,0.16541577799316376,0
flask.py,cc7876f97fbc787ac7702453bdc62541f8ea47f6,2010-06-05,Dag Odenhall,"Fix in docs for handle_exception: ""A"" before nouns pronounced with an initial consonant sound",0,87,9,60,0.023,531,80,166,2.075,15,6717,2.075,0.16541311003708065,0
tests\test_cli.py,fe5f714026b68b1416c3d3985bce5063901c320f,2016-06-03,jphilipsen05,fixed unmatched elif (#1872),0,3,3,17,0.0,88,17,17,1.0,1,417,0.471,0.165400745435137,0
src\flask\sessions.py,fb54159861708558b5f5658ebdc14709d984361c,2025-05-12,James Addison,"secret key rotation: fix key list ordering

The `itsdangerous` serializer interface[1] expects keys to be
provided with the oldest key at index zero a",0,30,7,2172,0.0,169,25,38,1.52,5,1845,2.32,0.16538592570821714,0
tests\test_cli.py,e82db2ca3a22c9614c1987392c9cfaa8c6ce99ad,2026-02-12,David Lord,fix provide_automatic_options override,0,79,33,3559,0.0,492,68,77,1.132,3,2158,0.985,0.16531261158002153,0
src\flask\sessions.py,da6d075dfde71b2e2a64f39b29ba957d5ffb00b0,2025-11-17,David Lord,update dev dependencies,0,32,8,2361,0.0,169,25,38,1.52,5,1848,2.32,0.16530839799689484,0
src\flask\__init__.py,1263d3bd142e4964da123f4e59088aa2968ec7e5,2020-04-04,David Lord,remove deprecated code,0,10,1,308,0.0,44,0,0,0.0,0,222,0.0,0.16528573592028686,0
src\flask\json\tag.py,756902cca1bab981fbec0ea759d93239d9a711f0,2020-04-07,David Lord,update json docs,0,6,1,311,0.0,140,33,47,1.424,5,1022,2.03,0.1652833297355884,0
flask\testsuite\blueprints.py,817b72d484d353800d907b3580c899314bf7f3c6,2014-08-27,Armin Ronacher,Removed deprecated module functionality,0,25,7,1096,0.0,476,91,98,1.077,4,2051,0.692,0.16524046254175287,0
flask\testsuite\blueprints.py,eb622fb34f0b2433b21b6b5454273a597b77a6d4,2013-05-30,Armin Ronacher,Fixed a whole bunch of resource warnings in the flask testsuite,0,17,5,643,0.0,644,115,127,1.104,5,2693,0.626,0.16510196877223682,0
tests\test_cli.py,aa6dd09c2cab5eb15a45d73b5ade24b7b4131c5a,2021-08-05,Rohan salwan,correctly handle raising deferred errors in cli lazy loading,0,58,29,1907,0.0,462,66,70,1.061,2,2011,0.879,0.16510171479808877,0
tests\test_signals.py,eae37b575d2106ae80edea823d50c0e4ebfebec3,2015-06-17,Alexander Pantyukhin,fix test_signals,0,13,6,278,0.0,165,28,36,1.286,2,570,0.857,0.16506128663357345,0
examples\minitwit\minitwit.py,52098e1e4fc4d9c962e9ecb09dfbbcc6ac80a4d7,2014-01-02,Daniel Neuhäuser,Happy New Year 2014,0,20,4,1367,0.0,179,17,44,2.588,9,963,0.588,0.16505562094139817,0
tests\test_cli.py,ab6a8b0330845c80d661a748314691302ea7d8f7,2022-07-02,David Lord,relax routes cli match order,0,71,32,2238,0.0,458,66,71,1.076,2,2006,0.909,0.16504600332651162,0
src\flask\debughelpers.py,44ffe6c6d6c90a414de32db1b03d5978f8770271,2023-04-20,David Lord,add __future__ annotations,0,13,3,1419,0.0,113,7,30,4.286,12,648,1.857,0.16503565105913962,0
flask\testsuite\signals.py,f88cc2d2f9d14d97e33ddd2bbaa4b1885db06e1c,2013-06-27,Daniel Neuhäuser,"Fix broken test_appcontext_signals test case

This fixes #781 and ensures that Flask is tested with blinker installed.",0,9,5,671,0.0,114,20,26,1.3,2,418,1.05,0.1650044505703234,0
src\flask\sessions.py,e13373f838ab34027c5a80e16a6cb8262d41eab7,2024-11-08,David Lord,enable secret key rotation,0,28,7,1987,0.0,164,25,38,1.52,5,1836,2.32,0.1649817364568263,0
src\flask\app.py,2889da67cb15ac6d5d882781d54014286d9ae010,2021-05-03,pgjones,"Remove the async helper method

It is better to encourage users to utilise the app ensure_sync method
(or the newely added async_to_sync method) so th",0,42,11,701,0.0,790,69,207,3.0,15,9161,2.058,0.1649781780987958,0
src\flask\testing.py,6000e80acf931b05b4911c3fa7f3ba33e2b80e64,2024-01-16,David Lord,address mypy strict findings,0,31,3,1690,0.0,170,12,37,3.083,11,1093,3.25,0.16494848565930864,0
tests\flask_tests.py,ea5e654e9e19aab5089f9a71e679bcca11581e86,2010-05-17,Armin Ronacher,Added a documentation chapter about logging,0,29,4,33,0.0345,597,100,111,1.11,3,2399,0.55,0.16494648947448062,0
flask\testsuite\appctx.py,239780be289efd365c07be2f60bab9223388399e,2013-05-22,Daniel Neuhäuser,"Use assert_true instead of assert_

assert_ is deprecated which causes annoying warnings",0,7,3,408,0.0,73,15,15,1.0,1,263,0.8,0.16489886041287313,0
flask\testsuite\blueprints.py,d4fec1454488687b574c545761c2869d3bb97ca6,2014-03-21,Kenneth Reitz,"Revert ""Revert ""Merge pull request #859 from wvh/register_error_handler""""

This reverts commit 2aa26fff04a98f2435e8e3015e92ef6108d3b485.",0,23,7,938,0.0,684,123,135,1.098,5,2828,0.618,0.1648717016183953,0
examples\minitwit\tests\test_minitwit.py,c3dd7b8e4c9e322c413f4a49e5d15aceafd17c2d,2018-04-09,David Lord,rewrite tutorial docs and example,0,3,3,594,0.0,98,10,13,1.3,3,646,1.8,0.16481931892586643,0
flask\json.py,160999e88241137c73aaa49e352dcbf2829fad5a,2017-05-10,wangbing,Removed unused import,0,39,21,1674,0.0,108,13,41,3.154,7,1160,2.0,0.1648119436855867,0
flask\testing.py,4f1cb4212376acbbe7ab14fb8caa8a5025b4659e,2012-10-07,Armin Ronacher,"make_test_environ_builder when used with subdomains was not working correctly, now it uses urlparse module for detecting full URL and changing path an",0,14,4,825,0.0,63,5,17,3.4,6,551,3.2,0.16475376748323617,0
examples\tutorial\flaskr\auth.py,51196575479e34c3ea43612e1eb770db3aa5d114,2021-08-05,Angeline,"safer check for existing user in tutorial

Co-authored-by: David Lord <davidism@gmail.com>",0,5,2,1214,0.0,77,6,17,2.833,6,369,0.333,0.16475227071821016,0
flask\testsuite\testing.py,6de9484c97a9965ba2373015d28ab79280b85abe,2014-02-08,Armin Ronacher,Fixed a typo,0,24,7,897,0.0,195,27,33,1.222,2,803,0.667,0.16469026954570348,0
run-tests.py,f30b1174b85ae44b4d215045ef3361f2c3b3a367,2011-08-26,Armin Ronacher,Also support full qualified test names,0,2,1,0,0.0,45,3,18,6.0,13,152,1.0,0.1646647689917092,0
src\flask\ctx.py,5da342e4dd7dfcc16aa25928ea91d69c2d362f73,2020-02-10,Marc Hernandez Cabot,fix docstring and remove redundant parentheses,0,6,3,254,0.0,184,27,59,2.185,9,2026,1.778,0.16463647674498053,0
flask\json\__init__.py,f7983ae96a5da9c7763ebd65947fb6032e2df36c,2018-01-03,David Lord,"concat newline in jsonify
ref pallets/werkzeug#1130",0,2,2,215,0.0,110,13,42,3.231,7,1148,2.0,0.16463437549506035,0
tests\test_deprecations.py,1617202d91e46a4c2584656969f90aa5d5db7fed,2019-07-08,David Lord,restore and deprecate json_available,0,12,5,1760,0.0,8,1,1,1.0,1,30,0.0,0.16457737687856855,0
flask\ctx.py,7dcf6cbc3141d100e229b4a781f67ab1286af055,2011-07-12,Michał Bartoszkiewicz,Don't use deprecated flask.session in flask.ctx.,0,14,3,375,0.0,43,7,15,2.143,4,692,1.571,0.16453531343234873,0
tests\test_signals.py,1fbeb337c467a2be0f999606373fd1ba0e200908,2015-06-17,Alexander Pantyukhin,fix endline in the signal.py,0,10,5,278,0.0,147,25,31,1.24,2,509,0.84,0.16450052311477567,0
flask\wrappers.py,ea7a1720779ab4680304d2bc9dffcb6f5c7f2798,2011-06-27,Armin Ronacher,Test that dotted names work.  This fixes #258,0,12,4,359,0.0,43,5,13,2.6,4,476,1.0,0.16440925055032388,0
flask\config.py,96b8ffbb29eaba834a30352554e42cf2406c7e06,2013-05-25,Thomas Waldmann,always import from ._compat,0,19,7,1056,0.0,55,8,19,2.375,4,775,2.625,0.16432976173355676,0
tests\test_cli.py,5eaed3711685f263d4a34af25b5976f04e6885f2,2016-06-07,Anton Sarukhanov,Add test for find_default_import_path,0,6,6,21,0.0,107,18,18,1.0,1,546,0.611,0.16431244850328933,0
scripts\flaskext_compat.py,8d330a368a7f0aa6ba8508cb2b4b64f6415a0c7b,2012-08-29,d1ffuz0r,fixed issue #524,0,7,3,346,0.0,64,9,25,2.778,6,591,2.0,0.16424031629182964,0
tests\test_ext.py,d393597c507ea62df534ba2ffb8a4e77cf3f1548,2016-06-03,Markus Unterwaditzer,"Use recwarn everywhere

...instead of custom fixture. Also assert that no warnings are left over
after the test.",0,8,2,630,0.0,129,23,37,1.609,10,621,1.0,0.16420376359576333,0
flask\testsuite\testing.py,d094d5b6fc86a26680a8c496f719c4d711fcd766,2014-02-08,Armin Ronacher,Fixed warning and broken tests on 3.3,0,25,7,897,0.0,195,27,33,1.222,2,803,0.667,0.164186773042207,0
src\flask\__init__.py,721abdc3810057269503a72d2db80fb826f3c85c,2023-04-25,David Lord,release version 2.3.1,0,56,7,1424,0.0,89,1,6,6.0,6,388,1.0,0.16418021198210161,0
src\flask\__init__.py,0bc7356ce1ae11e633426902aba76d525f4523da,2023-05-01,David Lord,start version 2.3.2,0,57,7,1429,0.0,89,1,6,6.0,6,389,1.0,0.16418021198210161,0
src\flask\scaffold.py,eb36135cfe6a17350617e47b70b9ad383206eded,2022-05-23,Chris Hallacy,always warn on blueprint setupmethod after registration,0,25,12,660,0.0,317,39,72,1.846,10,3791,2.128,0.16408219997333962,0
run-tests.py,56afafae67ff0db8b9994a4c59d978b56327e886,2011-09-23,Armin Ronacher,Do not break extension tests if tested with installed extensions.,0,7,1,27,0.0,4,0,0,0.0,0,24,0.0,0.16407326758954754,0
src\flask\sessions.py,9efc1ebeeb431769897798cdf8de2c67dcbbc9c0,2024-11-01,David Lord,"add SESSION_COOKIE_PARTITIONED config

co-authored-by: Jose Cespedes <josecespedes@ibm.com>",0,27,7,1980,0.0,161,25,37,1.48,5,1822,2.32,0.1640616908996565,0
examples\flaskr\flaskr.py,d3ca55177a9f39de526143c59edc049d28f4424c,2011-08-25,Armin Ronacher,Updated the docs and examples to non-failing teardown handlers,0,7,1,498,0.0,61,8,14,1.75,4,319,0.125,0.16391405953265575,0
src\flask\__init__.py,8d5234e4c729893c3ebd732839a8e7a01a51b7bc,2020-02-09,David Lord,next version 1.2.0,0,7,1,253,0.0,45,0,0,0.0,0,226,0.0,0.16389197335151762,0
flask\testing.py,e7c587789ae22a626196cea26340253dd9b70bf1,2014-02-08,Armin Ronacher,Fixe a bug in the test client causing url parameters to be removed.  This fixes #968,0,19,6,1314,0.0,67,5,18,3.6,7,563,3.2,0.16383518711537753,0
flask\logging.py,61a95196ac28771466ada43a1c01effda42040a5,2011-10-11,Armin Ronacher,Changed logic for debug level log settings,0,4,2,463,0.0,20,3,6,2.0,3,168,1.333,0.16377122536228508,0
flask\json.py,46f83665ef74880bbc4a1c1f17ccededa7aaa939,2017-04-24,David Lord,"clean up blueprint json support
add changelog for #1898",0,38,21,1659,0.0,109,13,41,3.154,7,1164,2.0,0.16375575579037444,0
scripts\flaskext_test.py,e1d356fb713f3272db2a23f9f898c34c5dc79dc0,2013-05-22,Thomas Waldmann,"ported some more stuff to py 3.3

removed init_jinja_globals hack from app.py after consulting mitsuhiko
(didn't work on py 3.3 ""as is"")

removed with",0,1,1,634,0.0,168,14,31,2.214,4,1098,1.5,0.1637434073232094,0
flask\testing.py,e97253e4c1a0380f0b70108e8f984b0d9b87ac11,2017-06-04,David Lord,clean up JSON code and docs,0,32,14,2526,0.0,96,6,26,4.333,14,720,3.5,0.16371772512870314,0
flask\ctx.py,ebab6718f7dbafaa2e893f2347e6fdc6acad8504,2014-10-27,Petr Zemek,"Unify the uses of ""testsuite"" vs ""test suite"".

Use ""test suite"", which is more prevailing in the source code.",0,51,9,1577,0.0,158,25,51,2.04,7,1735,1.64,0.1635975742330175,0
src\flask\__init__.py,93dd1709d05a1cf0e886df6223377bdab3b077fb,2020-04-03,David Lord,release version 1.1.2,0,8,1,307,0.0,45,0,0,0.0,0,225,0.0,0.16345460793821057,0
flask\config.py,56a7e8361d978c9ae2981167f3b4d959f2cf21e2,2014-10-24,Bryan Stitt,"Update config.py

I want to load all of my `CELERY_` options from the config and leave `CELERY_` on there.",0,28,8,1572,0.0,95,11,35,3.182,7,1129,2.818,0.16341109985897073,0
tests\flask_tests.py,190059c8f01c6f75243824e765d08a7cce386eda,2010-04-18,Armin Ronacher,Added support for macro pulling and documented certain design decisions.,0,4,1,4,0.0,174,33,35,1.061,3,705,0.545,0.16332157660997146,0
examples\minitwit\test_minitwit.py,33534bb4a9937e6faba5ecec4586519f453369b6,2015-01-02,Parkayun,Happy New Year 2015,0,1,1,112,0.0,100,11,14,1.273,3,659,1.727,0.16324296570733357,0
flask.py,51a5add86d0fa9889b69d51d45d06a2ac4c5df9f,2010-06-06,Dag Odenhall,Fix inconsistent capitalisation and punctuation in attribute docstrings,0,90,9,60,0.0222,531,80,166,2.075,15,6717,2.075,0.16324147798308206,0
tests\test_cli.py,c9e000b9cea2e117218d460874d86301fbb43c43,2022-06-17,David Lord,with_appcontext lasts for the lifetime of the click context,0,69,32,2223,0.0,482,71,75,1.056,2,2114,0.915,0.16323294144676018,0
flask\blueprints.py,025589ee766249652e2e097da05808fe64911ddc,2019-05-06,David Baumgold,"Reformat with black

https://github.com/python/black",0,45,19,2899,0.0,228,44,62,1.409,5,2067,2.318,0.163221026470701,0
src\flask\blueprints.py,a406c297aafa28074d11ec6fd27c246c70418cb4,2022-05-23,David Lord,apply setupmethod consistently,0,38,12,1087,0.0,335,33,76,2.303,23,2515,2.545,0.1631215641390732,0
tests\test_templating.py,5da2c00419d09ce2d3488263036ffd14563fb05a,2014-09-11,Markus Unterwaditzer,Rewrite assertion methods,0,2,1,0,0.0,300,65,67,1.031,3,1203,0.723,0.16305257835428277,0
tests\test_blueprints.py,7c5261407dae61679c268b44c63d73909c3fe652,2021-05-13,David Lord,blueprint name may not contain a dot,0,36,12,2436,0.0,577,124,128,1.032,3,2413,0.911,0.16301788071539489,0
src\flask\__init__.py,f3b8f570545200c87465d18386f3fc9f2258307a,2023-05-01,David Lord,release version 2.3.2,0,58,7,1430,0.0,89,1,6,6.0,6,388,1.0,0.16300538680727641,0
src\flask\__init__.py,524fd0bc8cec7bfe8167c9c98cb5511b01a0f4c6,2020-04-04,David Lord,apply pyupgrade,0,11,1,308,0.0,44,0,0,0.0,0,219,0.0,0.16296865218894138,0
flask\__main__.py,025589ee766249652e2e097da05808fe64911ddc,2019-05-06,David Baumgold,"Reformat with black

https://github.com/python/black",0,5,4,1841,0.0,3,0,0,0.0,0,36,0.0,0.16294226468748413,0
src\flask\templating.py,aa040c085c8c560616069f06c34cf796c10b05f1,2023-02-10,David Lord,run latest black format,0,12,5,1350,0.0,131,15,33,2.2,5,868,2.067,0.1629366191890028,0
tests\test_testing.py,cf5525f98a2a9a15f6bb93b050dfd43f2bd90d97,2018-02-19,David Lord,add test_cli_runner for testing app.cli commands,0,21,7,1257,0.0,267,43,46,1.07,2,1117,1.116,0.16293120395863236,0
examples\tutorial\flaskr\db.py,43483683b2bc8da85f00ccccdfb8d9d5c77a6bb3,2019-06-01,David Lord,apply reorder-python-imports pre-commit config,0,2,2,418,0.0,28,5,7,1.4,2,159,0.4,0.16290323249697647,0
tests\test_signals.py,465922e5f1cb76cf669a38afe25facde2176b9f0,2017-06-28,David Lord,"clean up secret key docs
consistent key across docs and examples
consistent key across tests, set in conftest",0,16,7,1020,0.0,147,25,32,1.28,2,506,0.96,0.16281518497533853,0
src\flask\logging.py,524fd0bc8cec7bfe8167c9c98cb5511b01a0f4c6,2020-04-04,David Lord,apply pyupgrade,0,6,2,308,0.0,28,3,11,3.667,5,287,0.667,0.1627560982891941,0
tests\test_cli.py,6d65595a3c0a02d098c36f7d337e053e07975316,2021-10-05,David Lord,try to address flakiness of lazy loading test,0,61,31,1967,0.0,476,68,72,1.059,2,2070,0.882,0.16275297976963055,0
flask\testsuite\signals.py,0676bb8ab54a575616cd65d3c2ef1cc31fb82a84,2013-06-05,Armin Ronacher,Added appcontext_pushed and appcontext_popped signals,0,8,5,648,0.0,114,20,26,1.3,2,418,1.05,0.1627205115933611,0
tests\conftest.py,5f42989ce31e90b8de9d733109c7e285de8237c7,2018-02-28,David Lord,don't use Flask(__name__) in conftest,0,14,7,1265,0.0,127,20,27,1.35,3,605,1.35,0.16267062686113884,0
flask\blueprints.py,ed9ab2d3b6fc005b3807ddf484e85160233ffc82,2019-05-25,David Lord,strip static url trailing slash at assignment,0,49,23,2918,0.0,239,44,64,1.455,5,2144,2.341,0.1626576160977202,0
flask\debughelpers.py,bafc13981002dee4610234c7c97ac176766181c1,2014-09-03,Armin Ronacher,Added EXPLAIN_TEMPLATE_LOADING to help people debug templates not being loaded.,0,14,4,1125,0.0,105,7,31,4.429,13,699,1.857,0.1625494458301766,0
flask\testsuite\basic.py,c6316132b173f96a6f5a90ff3b62f706f8a62560,2011-09-24,Armin Ronacher,Context preserving is now part of Flask and not the test client.  This fixes #326,0,7,2,29,0.0,890,149,173,1.161,4,3630,0.597,0.1625241418079388,0
flask\config.py,06f96df67e291caeaeb09ad296aa368c80cc1a58,2018-01-05,David Lord,silence ENOTDIR when loading config file,0,37,16,2742,0.0,99,11,35,3.182,7,1175,2.818,0.16250302005399886,0
tests\test_cli.py,2c3160304278d323da8485057770926d1b582579,2024-11-07,David Lord,update env file precedence,0,77,33,3097,0.0,487,68,76,1.118,2,2150,0.985,0.1624686818387901,0
flask\ctx.py,ee8417dac8364f02524edffddff92329f15b95af,2011-09-01,Armin Ronacher,Late but 2010 -> 2011 in some files,0,16,4,425,0.0,43,7,15,2.143,4,693,1.571,0.16223373016215858,0
tests\test_apps\cliapp\factory.py,43483683b2bc8da85f00ccccdfb8d9d5c77a6bb3,2019-06-01,David Lord,apply reorder-python-imports pre-commit config,0,4,3,736,0.0,11,4,4,1.0,1,44,1.0,0.16222415444926463,0
flask\ctx.py,2411707492d59eff68a3cf6d306eed91fceb6344,2018-04-09,David Lord,rework context docs,0,63,16,2837,0.0,173,27,57,2.111,8,1964,1.741,0.16215281074351173,0
src\flask\app.py,3f6cdbd8b35f2b887dddbdac5ef6461833b6dd3b,2021-10-03,David Lord,"use similar code for all callback-applying methods

avoid building nested chain iterables
avoid triggering defaultdict when looking up registries
appl",0,57,18,855,0.0,783,68,208,3.059,15,9180,2.074,0.1621130658273817,0
src\flask\app.py,04994df59f2f642e52ba46ca656088bcdb931262,2023-08-16,David Lord,remove deprecated code,0,105,27,1537,0.0,814,63,212,3.365,16,9836,2.27,0.16210992771854354,0
flask\blueprints.py,68ec5a30687a89a56406d8abd603b51a6645856e,2011-08-25,Pedro Algarvio,Allow passing the endpoint to the route decorators on Flask's `application` and `blueprints`.,0,12,2,87,0.0,147,31,42,1.355,4,1477,2.484,0.16207659843957414,0
flask\testsuite\blueprints.py,90e3906d02780c47e813649b1e282bfd279d7cb1,2013-05-30,Armin Ronacher,Fixed some test failures,0,18,5,643,0.0,645,115,127,1.104,5,2695,0.626,0.16206770097581577,0
src\flask\blueprints.py,9b44bf2818d8e3cde422ad7f43fb33dfc6737289,2022-07-06,Phil Jones,"Improve decorator typing (#4676)

* Add a missing setupmethod decorator

* Improve the decorator typing

This will allow type checkers to understa",0,43,12,1131,0.0,353,33,76,2.303,23,2605,2.545,0.16203839199906486,0
flask.py,7d6b8e9ab3e738d69e39ad53a7c0f6a552d5284a,2010-04-09,Armin Ronacher,Documented non-decorator uses of registation.,0,4,2,3,0.0,188,31,51,1.645,6,2295,1.968,0.1618797365477276,0
flask\config.py,310fbfcf64f40f237068fddbbbe45315f9935eca,2018-02-08,David Lord,"revert copyright year to project start
add copyright header to files",0,38,17,2776,0.0,99,11,35,3.182,7,1175,2.818,0.16187947305068962,0
flask.py,7599046d042d1bb3f2db6cdcd6458338802901c4,2010-07-04,Armin Ronacher,Started working on refactoring Jinja integration,0,103,11,88,0.0291,550,84,172,2.048,15,7276,2.024,0.16186306862218244,0
flask.py,b2c7efd0fabcc0514e27d03ed30f5f8af1de1065,2010-07-03,Marcus Fredriksson,Typo,0,102,10,87,0.0294,542,81,168,2.074,15,7202,2.062,0.16186306862218244,0
src\flask\ctx.py,c17f379390731543eea33a570a47bd4ef76a54fa,2026-02-18,David Lord,request context tracks session access,0,39,8,2454,0.0,204,28,53,1.893,8,1855,1.821,0.16179082367020634,0
tests\test_deprecations.py,d393597c507ea62df534ba2ffb8a4e77cf3f1548,2016-06-03,Markus Unterwaditzer,"Use recwarn everywhere

...instead of custom fixture. Also assert that no warnings are left over
after the test.",0,7,3,630,0.0,24,4,4,1.0,1,113,1.0,0.16175761268166378,0
src\flask\app.py,1403d35e2a107e0fc693a09898cf605bb18989ad,2021-05-11,David Lord,update type annotations,0,43,11,710,0.0,790,69,207,3.0,15,9159,2.058,0.1617352631190387,0
flask.py,50bca8c2d34b4b31ffcc98f6ced44b18de3c78b0,2010-05-31,Armin Ronacher,Updated AUTHORS file and added missing versionadded,0,82,8,55,0.0244,495,77,154,2.0,15,6437,2.052,0.16169693846238473,0
tests\test_cli.py,aa801c431ad1f979bce3ea1afbd88e7796ebfd7e,2022-06-15,David Lord,FlaskGroup can be nested,0,68,32,2221,0.0,468,68,72,1.059,2,2030,0.868,0.16169115596082329,0
tests\test_helpers.py,6c359e0f532d18a71895f035dd1326ca5d2d67f8,2016-06-03,Markus Unterwaditzer,Eliminate some resource warnings,0,22,10,630,0.0,625,80,95,1.188,3,2634,0.863,0.16169014922678468,0
tests\test_signals.py,4ec1fbc9f52b4b3997a1978ab3390a5a1157ad6a,2017-05-24,Christian Stade-Schuldt,More DRYing up the test suite (#2325),0,15,6,986,0.0,149,25,32,1.28,2,513,0.92,0.16162364703701726,0
flask\testing.py,136a833a8d65f2b89c277d9b909fef5f8a4628de,2016-08-19,Markus Unterwaditzer,Bugfix: EnvironBuilder doesn't take `json`,0,28,12,2237,0.0,74,5,21,4.2,10,610,3.2,0.16158824674710145,0
flask\testsuite\ext.py,85ba8c96e9371368cff772e4e270cf685d015e03,2013-05-23,Armin Ronacher,Fixed a broken test,0,14,3,613,0.0,93,17,30,1.765,10,477,0.941,0.16150053479120535,0
flask\cli.py,310fbfcf64f40f237068fddbbbe45315f9935eca,2018-02-08,David Lord,"revert copyright year to project start
add copyright header to files",0,84,27,1382,0.0,542,35,143,4.086,12,3351,2.314,0.1614813066279491,0
tests\flask_tests.py,b26aeba972686b9cb9a9b111e1bc8997e1f259c8,2010-05-18,Armin Ronacher,Fixed a testcase,0,30,4,33,0.0333,598,100,111,1.11,3,2402,0.55,0.16145662685873288,0
tests\__init__.py,961db8ad7290f1bd91058b11a5de31e27bf28563,2014-09-11,Markus Unterwaditzer,Made tests recognizable,0,1,1,0,0.0,162,32,59,1.844,10,850,1.969,0.16145573768915958,0
flask\blueprints.py,bd473c158788bd2c1153fc8fe45831aaa648824a,2011-07-06,Armin Ronacher,Fixed an issue that broke url processors for blueprints.  Added testcases,0,10,2,37,0.0,143,30,41,1.367,4,1441,2.5,0.16142240982784975,0
flask\testsuite\blueprints.py,37f9cb9ca69176dec36faff4b2138226b479f65f,2011-09-01,Ron DuPlain,"Import with statement in testsuite, Python 2.5.",0,3,1,6,0.0,408,67,75,1.119,5,1644,0.493,0.16134129839329728,0
flask\run.py,3bdb90f06b9d3167320180d4a5055dcd949bf72f,2014-04-28,Armin Ronacher,Added click support to Flask,0,4,2,6,0.0,159,8,40,5.0,11,1096,2.75,0.16132208556861807,0
flask\json.py,8339cb35082fc93d3a9c98616aed7fe0c1c642dc,2012-10-18,Armin Ronacher,Added support for unicode json dumping.  This fixes #535,0,2,1,10,0.0,47,10,17,1.7,3,676,2.0,0.1613053740629933,0
tests\flask_tests.py,4d16486132c349cdc7d473ef3c238dfa3f9d5385,2010-05-27,Armin Ronacher,Improved configuration support.,0,33,4,43,0.0303,629,105,117,1.114,3,2511,0.571,0.16119299880597068,0
tests\test_subclassing.py,f2f027d1fbc12f3ff24f3e471e11ac56e1a5d869,2020-04-04,David Lord,remove unused module docstrings,0,13,4,2031,0.0,15,3,3,1.0,1,51,0.667,0.1611672377150646,0
flask\blueprints.py,2039e2e3b62897e14790c652c92625ee9b200245,2019-05-18,Frankie Liu,Remove ending slash from static_url_path,0,47,21,2911,0.0,227,44,62,1.409,5,2063,2.318,0.1611566995303172,0
flask\testsuite\reqctx.py,e1d356fb713f3272db2a23f9f898c34c5dc79dc0,2013-05-22,Thomas Waldmann,"ported some more stuff to py 3.3

removed init_jinja_globals hack from app.py after consulting mitsuhiko
(didn't work on py 3.3 ""as is"")

removed with",0,2,2,7,0.0,145,18,23,1.278,4,546,0.444,0.16113287335486098,0
flask\testsuite\subclassing.py,ac04bc78361d5562f8289e8efe16a2e9a97b0d01,2013-05-26,Thomas Waldmann,replace 1/0 by 1 // 0 to get rid of DeprecationWarning (and PEP8 issue),0,6,4,629,0.0,26,4,4,1.0,1,118,0.75,0.16110039575396556,0
flask\testsuite\config.py,6caaa8a527134dc9aff6d5c442969e96f9c00f21,2013-05-18,Thomas Waldmann,automated change using python-modernize: use 'as' in except,0,10,3,631,0.0,247,24,47,1.958,3,1102,1.125,0.16109041642458,0
src\flask\app.py,77237093da25438c88b0a74c374a397d4bf823eb,2021-04-26,pgjones,"Add initial type hints

This should make it easier for users to correctly use Flask. The hints
are from Quart.",0,40,11,695,0.0,777,68,205,3.015,15,9052,2.059,0.16107936834622696,0
flask\blueprints.py,ec1ccd753084c6ff3215b9a64ba46d6af56715bd,2019-05-24,Anthony Plunkett,"Add Blueprint level cli command registration

Implements #1357.
Adds ability to register click cli commands onto blueprint.",0,48,22,2917,0.0,239,44,64,1.455,5,2145,2.341,0.1610497619602728,0
src\flask\signals.py,04994df59f2f642e52ba46ca656088bcdb931262,2023-08-16,David Lord,remove deprecated code,0,7,2,1537,0.0,13,0,0,0.0,0,74,0.0,0.16104766345522442,0
tests\test_cli.py,1232d698600e11dcb83bb5dc349ca785eae02d2f,2022-05-23,David Lord,inline conditional imports for cli behaviors,0,67,32,2197,0.0,459,66,70,1.061,2,1993,0.864,0.16098040938601646,0
flask\testing.py,b099999c6cb5c3563dc4fbe45f3101116aab0d3f,2016-08-19,Adam Byrtek,Use proper exception type and update changelog,0,26,11,2237,0.0,74,5,21,4.2,10,611,3.4,0.16095402393323446,0
tests\flask_tests.py,c4cac0abc1a04710a25dcfc8d7f1b2de173546a8,2010-05-18,Armin Ronacher,Improved configuration support.,0,31,4,33,0.0323,614,103,114,1.107,3,2469,0.573,0.16088739608950212,0
tests\flask_tests.py,ef0dc1800f7558abbefe070f361b97b9161b2452,2010-05-24,Armin Ronacher,"Added interactive Python docs, fixed part style.",0,32,4,40,0.0312,613,102,114,1.118,3,2444,0.549,0.16088739608950212,0
src\flask\sessions.py,6000e80acf931b05b4911c3fa7f3ba33e2b80e64,2024-01-16,David Lord,address mypy strict findings,0,23,7,1690,0.0,154,23,35,1.522,5,1737,2.391,0.16083358999019218,0
tests\conftest.py,310fbfcf64f40f237068fddbbbe45315f9935eca,2018-02-08,David Lord,"revert copyright year to project start
add copyright header to files",0,13,7,1246,0.0,127,20,27,1.35,3,600,1.35,0.16082930268281942,0
src\flask\ctx.py,a29f88ce6f2f9843bd6fcbbfce1390a2071965d6,2026-03-04,David Lord,document that headers must be set before streaming,0,42,8,2468,0.0,204,28,53,1.893,8,1964,1.821,0.160726552617067,0
tests\flask_tests.py,e7f67e13339073007a84271cce91200bfdb81006,2010-05-17,Armin Ronacher,Added logging support.,0,28,4,33,0.0357,576,95,103,1.084,3,2335,0.547,0.16064795849788174,0
examples\flaskr\tests\context.py,5f009374fd28aba381f375391b70ac131926bd9d,2016-08-22,Kyle Lawlor,"Update minitwit & improve testing for examples (#1954)

* Update minitwit & improve testing for examples

* Related to #1945
* Re-works minitwit to",0,1,1,47,0.0,4,0,0,0.0,0,20,0.0,0.16064371745887718,0
src\flask\app.py,7f87f3dd93baf45d5f69f02a2dcf4493dfc4a1be,2021-05-03,pgjones,"Simplify the async handling code

Firstly `run_sync` was a misleading name as it didn't run anything,
instead I think `async_to_sync` is much clearer ",0,41,11,701,0.0,775,68,204,3.0,15,9054,2.059,0.16060980312883566,0
tests\flask_tests.py,35fd6eb22c4dec893770dd5720a51608a06fb8cd,2010-05-27,Armin Ronacher,Use uppercase for config and support any object.,0,34,4,43,0.0294,637,106,118,1.113,3,2535,0.575,0.16058722957520147,0
tests\typing\typing_route.py,9b44bf2818d8e3cde422ad7f43fb33dfc6737289,2022-07-06,Phil Jones,"Improve decorator typing (#4676)

* Add a missing setupmethod decorator

* Improve the decorator typing

This will allow type checkers to understa",0,4,3,35,0.0,66,17,20,1.176,2,300,0.294,0.1605704805503532,0
flask.py,06ed3e1e8888b73794876d39a53382eb45a54fe2,2010-06-06,Dag Odenhall,Misleading templates path example in docs for open_resource,0,91,9,60,0.022,531,80,166,2.075,15,6717,2.075,0.16035543892288293,0
src\flask\sessions.py,f04c5e696400badaa52b3450ded53e9091c2078a,2025-06-08,David Lord,update dev dependencies,0,31,8,2199,0.0,169,25,38,1.52,5,1843,2.32,0.16035411228260918,0
tests\test_blueprints.py,dc11cdb4a4627b9f8c79e47e39aa7e1357151896,2020-11-05,David Lord,"move send_file and send_from_directory to Werkzeug

The implementations were moved to Werkzeug, Flask's functions become
wrappers around Werkzeug to p",0,34,11,2246,0.0,587,121,127,1.05,3,2439,0.901,0.16029657956557442,0
flask\config.py,bbd9c2f10011be9f9e2b1857bc863d923459154f,2014-10-24,Bryan Stitt,Update config.py,0,29,9,1572,0.0,97,11,35,3.182,7,1132,2.818,0.1601614331421413,0
src\flask\app.py,25884c433f1eddf4537694d4c5f9f78cd9a14955,2021-05-13,David Lord,fix typing that wasn't available in Python 3.6.0,0,44,11,712,0.0,791,69,207,3.0,15,9163,2.058,0.16009889948267508,0
flask\testsuite\test_apps\blueprintapp\__init__.py,bafc13981002dee4610234c7c97ac176766181c1,2014-09-03,Armin Ronacher,Added EXPLAIN_TEMPLATE_LOADING to help people debug templates not being loaded.,0,1,1,1104,0.0,7,0,0,0.0,0,29,0.0,0.1600874713033727,0
flask\helpers.py,2866ccda1fe19a42adc735d75abaf304f8aed27b,2011-07-15,Armin Ronacher,Switch to explicit Werkzeug imports,0,47,11,377,0.0213,230,24,81,3.375,27,2556,2.0,0.16006041318483347,0
src\flask\blueprints.py,69f9845ef2da3051d74d4dade3e88ccf5b2ee3de,2022-07-13,David Lord,add json provider interface,0,44,12,1137,0.0,353,33,76,2.303,23,2627,2.545,0.16006037002104287,0
flask\debughelpers.py,28e30322fa14418219910a364395aaa7dfbd364c,2014-11-04,Mieszko,"explain_template_loading_attempts: docstring 

A verb apparently missing.",0,15,4,1186,0.0,105,7,31,4.429,13,700,1.857,0.1600122668591759,0
flask\session.py,4f8ee8f12946b224e5003405be99aa4e454bdeee,2010-07-04,Armin Ronacher,"Added missing comments, fixed setup.py and made tests pass",0,2,1,1,0.0,16,3,3,1.0,1,141,2.0,0.15998260997783778,0
src\flask\_compat.py,1617202d91e46a4c2584656969f90aa5d5db7fed,2019-07-08,David Lord,restore and deprecate json_available,0,2,1,37,0.0,83,12,15,1.25,2,504,2.0,0.15996451491988348,0
flask\debughelpers.py,68473291344629dff3955fdc07776f2fca7b9b69,2011-08-09,Armin Ronacher,Flask will now give you an error in debug mode if a post request caused a redirect by the routing system.,0,5,1,3,0.0,45,5,10,2.0,3,394,1.8,0.15995814240893336,0
tests\test_basic.py,3f67fe94f1e46908e53283a54f4bf74c524efd94,2014-09-14,Paulo Bu,Adds 2 tests for Flask.run method,0,6,1,2,0.0,1160,191,211,1.105,3,4557,0.33,0.15983646775478,0
scripts\flaskext_test.py,52098e1e4fc4d9c962e9ecb09dfbbcc6ac80a4d7,2014-01-02,Daniel Neuhäuser,Happy New Year 2014,0,2,2,860,0.0,168,14,31,2.214,4,1098,1.5,0.15973469502313814,0
flask\templating.py,665fa2a32b5ff2b1c1887a48ed69329110a555f7,2010-07-04,Armin Ronacher,More refactoring and moving stuff around,0,1,1,0,0.0,41,6,12,2.0,4,288,1.667,0.15966714772559276,0
setup.py,35383ee83c568ce642ffef6733d8b91ebd206185,2012-03-28,Pascal Hartig,Removed triple-quotes from print statement in setup.py,0,36,7,721,0.0,60,3,10,3.333,8,338,1.0,0.1596169433145258,0
examples\minitwit\minitwit.py,164067920ba7832e587a24725384789ab92bd55f,2010-12-01,Armin Ronacher,Updated examples to work with pypy which has a incomplete sqlite3 in 1.4.  Also disable a euc-kr test that does not work on pypy,0,14,3,239,0.0,172,17,44,2.588,9,980,0.588,0.15961518379652775,0
flask.py,ce6e4cbd73d57cb8c1bba85c46490f71061f865f,2010-05-28,Armin Ronacher,"0.5 is 0.3 now, why skip numbers?",0,78,7,51,0.0256,491,75,152,2.027,15,6407,2.067,0.15960156653268684,0
tests\conftest.py,c2705ffd9ce1dc8476cb29eaf5ff5d4c719852d9,2025-09-19,David Lord,merge app and request context,0,29,8,4026,0.0,82,13,17,1.308,3,388,1.077,0.15953901395581488,0
flask\blueprints.py,f25b5000fd7b85418d8ff85b070821748ef14f19,2019-05-31,Daniel Pope,"Do not register empty CLI groups from Blueprint

(Fixes #3224)",0,50,23,2924,0.0,241,44,65,1.477,6,2150,2.341,0.15953861507191733,0
tests\flaskext_test.py,4cd5201cdd03e14edbceb24620717bbe82300524,2010-07-28,Ronny Pfannschmidt,"use custom tox file named tox-flask-test.ini, dont delete the real tox.ini",0,7,1,4,0.0,169,14,31,2.214,4,1105,1.5,0.15944183662495098,0
flask\wrappers.py,7a08331ac062ee1e2ae3c7547f77c2d342ddb3df,2011-05-29,Armin Ronacher,Latest iteration of the blueprint code.  Far from being done,0,11,4,330,0.0,43,5,13,2.6,4,476,1.0,0.15932049315387423,0
src\flask\logging.py,43483683b2bc8da85f00ccccdfb8d9d5c77a6bb3,2019-06-01,David Lord,apply reorder-python-imports pre-commit config,0,1,1,0,0.0,29,3,11,3.667,5,286,0.667,0.15931995922265216,0
src\flask\app.py,10a36cb60e10594aa5dbf3c5aba6abbd5f6fcd70,2021-05-21,Alex Hedges,"Improve decorator factory type signatures

These changes are required to preserve the type signatures of the
created decorators.",0,45,11,719,0.0,797,69,207,3.0,15,9169,2.058,0.1593162907870229,0
tests\test_config.py,33534bb4a9937e6faba5ecec4586519f453369b6,2015-01-02,Parkayun,Happy New Year 2015,0,11,2,112,0.0,147,13,19,1.462,3,581,0.077,0.1592715014320565,0
flask\testsuite\appctx.py,e1d356fb713f3272db2a23f9f898c34c5dc79dc0,2013-05-22,Thomas Waldmann,"ported some more stuff to py 3.3

removed init_jinja_globals hack from app.py after consulting mitsuhiko
(didn't work on py 3.3 ""as is"")

removed with",0,6,2,407,0.0,73,15,15,1.0,1,263,0.8,0.15919285296803568,0
scripts\test_import_migration.py,1a877fbaa027456cb7eba04f35d7f0a11c075f71,2016-04-04,Keyan Pishdadian,"Remove extmigrate from Flask repo

* Remove extmigrate from Flask repo

* Update docs to reflect new repo location",0,5,2,416,0.0,52,11,11,1.0,1,269,0.0,0.1591846608620859,0
flask\app.py,df3f8940c30447f28f2ddf2a5f764cf543755f0d,2010-07-05,Armin Ronacher,Added separate module for testing,0,17,2,2,0.0,254,33,74,2.242,6,3930,2.061,0.15914572648635608,0
flask.py,7a4b6088395387abe4127c9650f9cbaac11a0ec4,2010-05-31,Simon Sapin,"Add Module.app_errorhandler, like Flask.errorhandler.",0,81,7,55,0.0247,495,77,154,2.0,15,6434,2.052,0.15912550989095617,0
tests\test_signals.py,5e12748d0efb5fc3d1f6a68d7bf05fd8980a2fd4,2015-06-17,Alexander Pantyukhin,Ignore before_render_template return values,0,14,6,278,0.0,150,25,32,1.28,2,516,0.84,0.15912405143130584,0
tests\test_cli.py,64a37bb9b758630c0f2c649d82e10e849c095d48,2016-06-05,Hyunchel Kim,"Test side effect (#1889)

Function `prepare_exec_for_file` has a side effect where a path is added to
`sys.path` list.
This commit enhances an exisi",0,5,5,19,0.0,96,17,17,1.0,1,497,0.471,0.15898913178042542,0
examples\minitwit\minitwit.py,e432d833b5f7b4c27e2dca5d5125bbf78a46327d,2010-05-27,Armin Ronacher,Fixed stuff I broke,0,12,3,51,0.0,172,17,44,2.588,9,981,0.588,0.1589876501587992,0
flask\ctx.py,55ad09c9024d2f0d23123c934e505042516cc796,2019-05-31,Scott Crosby,Move python properties to decorator syntax,0,68,20,3254,0.0,180,27,59,2.185,8,2023,1.778,0.15881576244261839,0
tests\typing\typing_app_decorators.py,54e05a282428e9a44dbd414ca70231a83ebd710d,2023-11-15,David Lord,use ruff linter and formatter,0,3,2,495,0.0,22,6,6,1.0,1,62,0.667,0.158767030125559,0
src\flask\sessions.py,85b430a3669191ee0d092393f98c0dae47218cab,2021-04-15,David Lord,deprecate total_seconds,0,8,3,684,0.0,163,23,42,1.826,8,1693,2.391,0.1587476456340964,0
flask\sessions.py,5e1ced3c055f7eb567bf7266c98de3d44ceea1b4,2017-06-01,David Lord,"make session serializer extensible
support serializing 1-item dicts with tag as key
refactor serializer into flask.json.tag module
continues #1452, cl",0,49,20,2156,0.0,154,21,40,1.905,8,1619,2.429,0.15871562328940655,0
examples\flaskr\flaskr_tests.py,bf52a17902cdbc300ee91ec1b2e8d2b7890ba35c,2010-04-18,Armin Ronacher,Removed useless code,0,2,1,3,0.0,39,6,6,1.0,1,234,1.333,0.15860926470469394,0
flask\config.py,025589ee766249652e2e097da05808fe64911ddc,2019-05-06,David Baumgold,"Reformat with black

https://github.com/python/black",0,40,18,3228,0.0,98,11,35,3.182,7,1204,2.818,0.15857993159495387,0
examples\minitwit\minitwit\minitwit.py,c3dd7b8e4c9e322c413f4a49e5d15aceafd17c2d,2018-04-09,David Lord,rewrite tutorial docs and example,0,5,3,594,0.0,179,18,45,2.5,9,972,0.556,0.15855668515979035,0
tests\test_cli.py,43483683b2bc8da85f00ccccdfb8d9d5c77a6bb3,2019-06-01,David Lord,apply reorder-python-imports pre-commit config,0,43,27,1110,0.0,451,63,68,1.079,3,2038,1.032,0.15850115315869223,0
flask\sessions.py,0a339545551b5303fb2750e6e5b0e72acbea60d4,2018-01-04,David Lord,"improve documentation for session attributes
add test for session attributes",0,50,20,2373,0.0,155,21,40,1.905,8,1658,2.429,0.15842990900369228,0
examples\minitwit\minitwit\minitwit.py,465922e5f1cb76cf669a38afe25facde2176b9f0,2017-06-28,David Lord,"clean up secret key docs
consistent key across docs and examples
consistent key across tests, set in conftest",0,3,3,309,0.0,179,18,45,2.5,9,972,0.556,0.1583214867318957,0
tests\test_blueprints.py,166a2a6207027bff07fdfc5590ce04f9b37e9e8f,2021-10-03,Matthias Paulsen,"Fix callback order for nested blueprints

Handlers registered via url_value_preprocessor, before_request,
context_processor, and url_defaults are call",0,45,13,2579,0.0,701,151,155,1.026,3,2899,0.887,0.15831524932673394,0
tests\typing\typing_app_decorators.py,87d5f5b9a9697434e6d972b021201105eabb54e6,2024-04-07,David Lord,"update project files (#5457)

* update pre-commit hook
* upgrade pip with venv
* update description and version
* show url in publish environment
",1,4,2,639,0.0,22,6,6,1.0,1,62,0.667,0.15816818264992938,0
src\flask\json\tag.py,44ffe6c6d6c90a414de32db1b03d5978f8770271,2023-04-20,David Lord,add __future__ annotations,0,8,2,1419,0.0,147,33,47,1.424,5,1159,2.03,0.1581673131511847,0
flask\cli.py,2beedabaafb16f2ba255c54c0875beb0d43664fd,2018-01-23,David Lord,add HTTPS support for flask run command,0,81,26,1366,0.0,528,34,137,4.029,11,3263,2.353,0.15812270385796126,0
flask\testsuite\blueprints.py,84ad89ffa4390d3327b4d35983dbb4d84293b8e2,2014-08-27,Armin Ronacher,"Always log now, even if debug is off.",0,24,7,1096,0.0,685,123,135,1.098,5,2832,0.618,0.15805517890099113,0
flask\testsuite\signals.py,e1d356fb713f3272db2a23f9f898c34c5dc79dc0,2013-05-22,Thomas Waldmann,"ported some more stuff to py 3.3

removed init_jinja_globals hack from app.py after consulting mitsuhiko
(didn't work on py 3.3 ""as is"")

removed with",0,4,2,634,0.0,93,16,21,1.312,2,343,1.0,0.15804773558998209,0
src\flask\sansio\scaffold.py,0ec7f713d679ceed2c605e62ac5d38d579f29fa0,2023-08-19,pgjones,"Split the App and Blueprint into Sansio and IO parts

This follows a similar structure in Werkzeug and allows for async
based IO projects, specificall",0,1,1,0,0.0,291,36,62,1.722,9,3498,2.139,0.15799316249911521,0
flask\app.py,3b393f89f66733f7824a50b33b93eae9999812ad,2013-01-27,Armin Ronacher,"Added template_global, fixes #657",0,151,20,939,0.0,639,79,192,2.43,10,8566,2.025,0.1579733331597358,0
flask\app.py,6ab569b0e3791cf04db7c333bbf5b78d33255dad,2013-01-27,Armin Ronacher,Added note on teardown in debug mode.  Fixes #661,0,152,20,939,0.0,639,79,192,2.43,10,8608,2.025,0.1579733331597358,0
examples\flaskr\flaskr_tests.py,3053fcdb0d6189ad1deca6fcfa16443dad4baf8c,2010-04-20,Armin Ronacher,"Make the example tests pass on Windows.

Also updated the documentation regarding that.",0,3,1,6,0.0,42,7,7,1.0,1,253,1.286,0.15792302949922388,0
examples\minitwit\minitwit.py,e1d356fb713f3272db2a23f9f898c34c5dc79dc0,2013-05-22,Thomas Waldmann,"ported some more stuff to py 3.3

removed init_jinja_globals hack from app.py after consulting mitsuhiko
(didn't work on py 3.3 ""as is"")

removed with",0,18,3,1141,0.0,179,17,44,2.588,9,961,0.588,0.15780149493009038,0
flask\__main__.py,e666f7a69c737fef8236237671be4da5910e9113,2019-06-22,David Lord,standardize license and copyright,0,6,5,1888,0.0,3,0,0,0.0,0,30,0.0,0.15775566687858908,0
flask\testing.py,ee8417dac8364f02524edffddff92329f15b95af,2011-09-01,Armin Ronacher,Late but 2010 -> 2011 in some files,0,11,3,423,0.0,65,6,16,2.667,5,535,2.833,0.1576406867933558,0
tests\test_blueprints.py,4ec1fbc9f52b4b3997a1978ab3390a5a1157ad6a,2017-05-24,Christian Stade-Schuldt,More DRYing up the test suite (#2325),0,18,5,986,0.0,558,119,125,1.05,3,2376,0.874,0.15753483903806312,0
tests\test_cli.py,b46f5942a528053034fecf210572ee04bc4a3284,2019-06-01,Jon S. Stumpf,address flake8 issues,0,42,26,1110,0.0,451,63,68,1.079,3,1988,1.032,0.1574214315868247,0
flask\helpers.py,51a89bf35ec6231d55f5caa8e12484e801f593fe,2010-07-04,Armin Ronacher,Restored 2.5 compatibility and actual fix for the json problem,0,11,2,1,0.0,134,14,48,3.429,21,1529,1.929,0.15741975345035794,0
tests\test_cli.py,84c007d34f7f0b8737310fe4d67be12c463e0130,2023-04-14,David Lord,show subdomain or host in routes output,0,73,32,2523,0.0,476,67,72,1.075,2,2111,1.0,0.15741041659886054,0
flask\testsuite\testing.py,ac04bc78361d5562f8289e8efe16a2e9a97b0d01,2013-05-26,Thomas Waldmann,replace 1/0 by 1 // 0 to get rid of DeprecationWarning (and PEP8 issue),0,21,7,639,0.0,184,25,31,1.24,2,748,0.68,0.15740063476906774,0
docs\conf.py,1ffa295d933c7e0cd1ee14c1592c40f72b9f22bb,2010-06-03,Armin Ronacher,Added message that setup.py develop is required to build the docs,0,13,2,58,0.0,56,0,0,0.0,0,1127,0.0,0.15738368742932513,0
src\flask\debughelpers.py,4f03a769d44f6740490dd4ddf70e094c12a6090c,2022-06-15,David Lord,"edit some cli messages

dev server message doesn't show one of the lines in grey
app.run message uses click.secho instead of warning",0,11,3,1110,0.0,113,7,30,4.286,12,650,1.857,0.15728331376520943,0
setup.py,b29834dac37a13f82019aa1c7e9d06622cf5790e,2012-03-24,Kamil Kisiel,Fixed weird string quoting in setup.py,0,35,6,718,0.0,60,3,10,3.333,8,338,1.0,0.15726994000782038,0
flask\testsuite\testing.py,62e7275bdf2bce19eb9fcfd31780e9314f96f092,2013-05-22,Daniel Neuhäuser,Use assert_false where appropriate,0,19,7,635,0.0,184,25,31,1.24,2,746,0.68,0.15718914314585244,0
tests\test_basic.py,04c21387dbc454fb59cae9c9bb21a13358cb5a34,2023-04-12,David Lord,update test cookie handling for Werkzeug 2.3,0,116,46,3134,0.0,1430,254,277,1.091,3,5963,0.937,0.15702512992698497,0
tests\test_cli.py,ef6c2b9e4aee74098a1208b42ce432d7c82fc0d3,2022-04-28,David Lord,clean up pytest.raises tests,0,66,32,2172,0.0,452,65,68,1.046,2,1987,0.877,0.15702289206462813,0
flask\wrappers.py,2866ccda1fe19a42adc735d75abaf304f8aed27b,2011-07-15,Armin Ronacher,Switch to explicit Werkzeug imports,0,13,4,377,0.0,43,5,13,2.6,4,481,1.0,0.15686490823138446,0
tests\test_cli.py,d98eb69a354158252854ed4a5c9778e03d089191,2026-02-12,David Lord,revert cli test change,0,80,33,3559,0.0,487,68,76,1.118,2,2152,0.985,0.15685390354327372,0
tests\conftest.py,41ec5760a2c55a099c3a1733fdd36fbb1258a02b,2025-03-29,David Lord,remove tests about deprecated pkgutil.get_loader,0,28,8,3852,0.0,82,13,17,1.308,3,386,1.077,0.15675307251032178,0
src\flask\blueprints.py,96c97dec095f204b8a557c5ea804afdd329e3c43,2022-06-06,David Lord,deprecate before_first_request,0,42,12,1101,0.0,337,33,76,2.303,23,2558,2.545,0.15673182968913035,0
src\flask\__init__.py,f2f027d1fbc12f3ff24f3e471e11ac56e1a5d869,2020-04-04,David Lord,remove unused module docstrings,0,12,1,308,0.0,44,0,0,0.0,0,178,0.0,0.1566191505238538,0
flask\cli.py,0832e77b145b226bac4ee82144221800a0f7d34a,2016-12-30,Paul Brown,prevent NoAppException when ImportError occurs within imported module,0,48,18,977,0.0,320,26,82,3.154,9,2168,2.0,0.15658013420757405,0
flask\module.py,b0ca7e5af15ef2218b9726aba1d8948a409dedb9,2011-01-24,mvantellingen,"Implement the endpoint decorator. This allows you to easily map views to endpoints when using the werkzeug routing.

Signed-off-by: Armin Ronacher <ar",0,17,6,205,0.0,88,19,25,1.316,4,997,2.263,0.15655332501172534,0
flask\testing.py,62b0b6652aab03fcf7c411de4d2cbd242ed05ec9,2016-08-19,Markus Unterwaditzer,testing: Make json a keyword arg,0,27,11,2237,0.0,74,5,21,4.2,10,609,3.2,0.15638097104457013,0
flask\helpers.py,80eb6cfffc3f3fe6e448aa0e26ba1566d4c42917,2010-07-04,Armin Ronacher,Switched to relative imports in the package,0,10,2,1,0.0,133,14,48,3.429,21,1521,1.929,0.15634646152489212,0
tests\test_async.py,5c6a0f0c121297362b4c78e4240dd8445b9d9f12,2021-04-16,pgjones,"Fix wrapped view function comparison

Wrapped functions are not comparable, see
https://bugs.python.org/issue3564, therefore a marker is used to note
",0,4,2,9,0.0,103,18,18,1.0,1,340,0.444,0.1562858877942215,0
tests\test_subclassing.py,524fd0bc8cec7bfe8167c9c98cb5511b01a0f4c6,2020-04-04,David Lord,apply pyupgrade,0,12,4,2031,0.0,15,3,3,1.0,1,71,0.667,0.1562557900605135,0
flask\sessions.py,a1d9ebe4abebdb824aa9a397b001de5f9130e7a3,2018-01-23,Fadhel_Chaabane,New Feature: Added Support for cookie's SameSite attribute.,0,51,20,2392,0.0,159,22,41,1.864,8,1694,2.409,0.15624526081605905,0
flask.py,6cb0855e2dd181df5353fc1be9b437c7bc92eb2f,2010-05-28,Armin Ronacher,Fixed an error reporting bug with flask.Config.from_envvar,0,79,7,52,0.0253,492,75,152,2.027,15,6408,2.067,0.1561729951041154,0
tests\test_cli.py,5050a18a0057df4cda6f6b00483d12d29cb59239,2022-04-24,James Warne,evaluate --cert before --key,0,65,31,2168,0.0,452,65,68,1.046,2,1987,0.877,0.15610524500580458,0
tests\test_cli.py,411dbb37e2e37943b6282365049c2a8cee4ac9e6,2022-04-11,David Lord,remove old test,0,64,31,2155,0.0,450,65,68,1.046,2,1967,0.877,0.15610524500580458,0
src\flask\blueprints.py,77237093da25438c88b0a74c374a397d4bf823eb,2021-04-26,pgjones,"Add initial type hints

This should make it easier for users to correctly use Flask. The hints
are from Quart.",0,16,5,695,0.0,300,34,69,2.029,15,2312,2.5,0.1559455416110083,0
tests\test_cli.py,52df9eed45d0b19c588662ed8492d8fbaa0e7098,2025-05-13,David Lord,drop end of life python versions,0,78,33,3283,0.0,487,68,76,1.118,2,2152,0.985,0.15590749302760135,0
src\flask\json\__init__.py,218534a9f20c98600e7c41321edb4063a8e158ca,2021-11-12,David Lord,remove deprecated json encoding parameter,0,19,5,895,0.0,88,10,31,3.1,7,1340,2.6,0.15582194252899673,0
tests\test_templating.py,8fa5e32d9a1fdf042632bd8fcd0b44dd8031b639,2014-09-11,Markus Unterwaditzer,Tests pass now.,0,1,1,0,0.0,302,65,67,1.031,3,1246,0.723,0.1558098150018404,0
flask.py,f195d9244756b9809bd2b00601b437f3e278b0b9,2010-06-29,Armin Ronacher,Added proper subdomain support,0,97,9,83,0.0309,540,81,168,2.074,15,6842,2.062,0.15580827099736644,0
flask\testsuite\testing.py,a0801719f8f24a0e3192eca203bbd341c4e557ec,2013-05-22,Daniel Neuhäuser,Remove six dependency,0,20,7,635,0.0,184,25,31,1.24,2,748,0.68,0.1557483486462344,0
src\flask\testing.py,c4b39ba2f3fede0555f18fc03b0f2499bb0d424b,2023-03-11,David Lord,replace werkzeug.urls with urllib.parse,0,24,3,1379,0.0,163,11,36,3.273,11,1158,3.545,0.1556940519410493,0
flask\testsuite\signals.py,b2aae044ca9c9875c594d57a3bd92bd80d8d56ff,2013-02-28,Paulo Poiati,"Flash messages signals

If we send a signal when a template is rendered why not when a message
is flashed? One real world use case is in tests, this s",0,3,1,551,0.0,94,16,21,1.312,2,347,1.0,0.1555838877656461,0
src\flask\app.py,63b306743fccdd52079034e82cbbeee182a4361d,2021-05-21,David Lord,changelog for blueprint registered name,0,48,12,719,0.0,794,68,206,3.029,15,9212,2.074,0.15547474415135204,0
src\flask\app.py,67b0b7e30d2304f628e966896748032022ac0257,2021-05-21,David Lord,cache blueprint path calculation,0,47,12,719,0.0,794,68,206,3.029,15,9176,2.074,0.15547474415135204,0
src\flask\app.py,a960236117442bec67f89c30dfa014e05483da5a,2021-05-25,Marat Sharafutdinov,Fix type annotation for `before_request` and `before_app_request` decorators,0,49,12,724,0.0,797,68,206,3.029,15,9216,2.074,0.15547474415135204,0
src\flask\app.py,141fde1d8ec8663b4be98777750d2f58c6fe44ad,2021-05-21,pgjones,"Bugfix blueprint naming

Following discussions for Flask we've decided to name blueprints based
on how they are registered. This allows for two differ",0,46,12,719,0.0,795,68,207,3.044,15,9164,2.074,0.15547474415135204,0
scripts\test_import_migration.py,96f7b07caf15a23a67e9e9dfd086d38e400b2db5,2015-11-26,Redian Ibra,Skip test if redbaron is not installed,0,4,1,287,0.0,52,11,11,1.0,1,269,0.0,0.1554634200372846,0
flask\helpers.py,15012af70017962c2a22bc3fe670b9cc50782366,2010-07-04,Armin Ronacher,Refactored static folder registration,0,6,2,1,0.0,133,15,48,3.2,21,1588,2.0,0.15533656464807355,0
src\flask\_compat.py,662c245795c7cbb5dbd657a2d707c62c16770c18,2020-04-04,David Lord,remove _compat module,0,4,1,308,0.0,63,7,10,1.429,2,429,2.0,0.15528320481751692,0
src\flask\app.py,166a2a6207027bff07fdfc5590ce04f9b37e9e8f,2021-10-03,Matthias Paulsen,"Fix callback order for nested blueprints

Handlers registered via url_value_preprocessor, before_request,
context_processor, and url_defaults are call",0,56,17,855,0.0,795,68,207,3.044,15,9237,2.074,0.1552403385546544,0
flask\config.py,90a50f8b51bdd71d9f2b1fd82352628cfd681898,2014-01-23,Matt Wright,Add `get_namespace` method on `Config` object for convenient access of namespaced config options.,0,22,8,1299,0.0,65,9,23,2.556,4,902,2.667,0.1548744722461487,0
src\flask\app.py,5c6a0f0c121297362b4c78e4240dd8445b9d9f12,2021-04-16,pgjones,"Fix wrapped view function comparison

Wrapped functions are not comparable, see
https://bugs.python.org/issue3564, therefore a marker is used to note
",0,39,11,684,0.0,709,68,205,3.015,15,8618,2.059,0.1548156674586394,0
setup.py,f52f4fd31b9858f8b42be3fbb2818440e58978b4,2010-08-03,Priit Laes,Added initial version of 'setup.py audit',0,17,2,118,0.0,62,4,11,2.75,8,346,0.75,0.15468651869665842,0
flask\app.py,d4c44a7d8c1554dfafc240f6a1714bc58fdc05f5,2010-10-25,Dag Odenhall,"BaseConverter is in werkzeug.routing

Signed-off-by: Armin Ronacher <armin.ronacher@active-4.com>",0,41,6,114,0.0,282,33,79,2.394,6,4458,2.061,0.1546747656277907,0
tests\test_cli.py,1af8f95785b85d0937153ee63d504c0b51934d80,2024-02-03,Tony Huang,fix super call in list comprehension,0,76,32,2819,0.0,478,68,73,1.074,2,2121,0.985,0.15462872422154825,0
src\flask\typing.py,6a4e7e948d7e5bd5b2b76c1b7f1a0392644bee1e,2021-06-01,Pascal Corpet,improve typing for `app.errorhandler` decorator,0,5,5,36,0.0,41,1,1,1.0,1,227,2.0,0.1546230897976505,0
src\flask\app.py,f92e820b4bf357e9792d08ce398802715a63eafe,2021-04-14,pgjones,"Nested blueprints

This allows blueprints to be nested within blueprints via a new
Blueprint.register_blueprint method. This should provide a use case",0,38,11,683,0.0,707,68,204,3.0,15,8610,2.059,0.1545711022412481,0
src\flask\json\__init__.py,2ae740dd4903bbe5f3864384bcdf2ab2d4638bce,2020-04-04,David Lord,f-strings everywhere,0,4,1,308,0.0,152,14,57,4.071,12,1521,2.357,0.15456085225481792,0
flask\helpers.py,4f8ee8f12946b224e5003405be99aa4e454bdeee,2010-07-04,Armin Ronacher,"Added missing comments, fixed setup.py and made tests pass",0,2,1,1,0.0,112,14,41,2.929,15,1407,1.714,0.15453826062782616,0
examples\minitwit\tests\test_minitwit.py,5963cb5a5172bce3a1ff7b0f8c64230f043c9cfd,2017-05-23,bovarysme,Use the yield syntax in pytest's fixtures,0,1,1,273,0.0,98,10,13,1.3,3,646,1.8,0.15449393961567387,0
flask.py,3d719f35f5c1ee4ce3dc01fb2167ef49c0180cf6,2010-04-10,Armin Ronacher,"Added docs, fixed some bugs I introduced last commit",0,5,2,4,0.0,188,31,51,1.645,6,2296,2.0,0.15439955894305724,0
flask\ctx.py,817b72d484d353800d907b3580c899314bf7f3c6,2014-08-27,Armin Ronacher,Removed deprecated module functionality,0,50,9,1516,0.0,158,25,51,2.04,7,1734,1.64,0.15437721384512224,0
tests\test_cli.py,1718f1934c4fa709b42230b3ee5d6f803ec65df4,2019-05-31,cslecrone,don't require ssl module for flask cli,0,41,25,1110,0.0,451,63,68,1.079,3,1986,1.032,0.15434063016600888,0
setup.py,8216e036e96594a4932d1f6a3569fcf39fe3c2bd,2012-03-12,Thibaud Morel,Specifying supported Python versions in setup.py metadata,0,34,5,706,0.0,60,3,10,3.333,8,338,1.0,0.1542699400078204,0
examples\minitwit\minitwit_tests.py,ef524f2cfd65377b3b9ce896e7a710472b13c0f6,2010-04-11,Armin Ronacher,No need for the closing import,0,1,1,0,0.0,96,10,13,1.3,3,635,1.9,0.15423061668277296,0
tests\test_blueprints.py,6fbdeb80c76b8a698ab366d21ccd786731b17361,2021-05-17,pgjones,"Fix nested blueprint url_prefix

This fixes the case where the blueprint is registered with a
url_prefix but any child blueprints have no prefixes.",0,38,13,2439,0.0,611,131,135,1.031,3,2557,0.893,0.15415472107770237,0
flask\wrappers.py,eba2f70c6b95d9d61b5854feea64f0ba1fb620d2,2011-07-30,Armin Ronacher,Clarified a sentence that no longer made sense with the new docs on request objects.,0,14,4,392,0.0,43,5,13,2.6,4,505,1.0,0.1541293827215628,0
flask\wrappers.py,c3d38a21c664440fb8284aaaf8fbcce4a1c0849f,2012-08-11,Armin Ronacher,Removed json_available hack,0,25,6,770,0.0,52,7,19,2.714,5,675,1.143,0.1540794591956686,0
scripts\test.py,61d5e6a4d4058accec957901be4d1efe2f3f71fa,2015-02-11,Keyan Pishdadian,Cleanup,0,2,1,1,0.0,25,1,4,4.0,4,82,1.0,0.15407817745461513,0
flask\json.py,c629f69e698fd815969e91e5c8c59323c61a256c,2013-06-02,Armin Ronacher,Make the JSON module work better in the absence of an application context,0,13,4,237,0.0,86,12,30,2.5,4,848,2.0,0.154062795541636,0
src\flask\blueprints.py,b146a13f633b0e2e26e3b8383b3db0feb563bc83,2020-08-01,yk396,"extract common Flask/Blueprint API to Scaffold base class

Co-authored-by: Chris Nguyen <chrisngyn99@gmail.com>",0,6,1,426,0.0,208,33,59,1.788,6,1992,2.485,0.15406183329260295,0
src\flask\scaffold.py,81be290ec8889c157c84bc7ce857f883396c5daf,2022-06-05,David Lord,view function is actually type checked,0,29,14,673,0.0,317,39,71,1.821,10,3795,2.128,0.1540173019365517,0
src\flask\blueprints.py,f92e820b4bf357e9792d08ce398802715a63eafe,2021-04-14,pgjones,"Nested blueprints

This allows blueprints to be nested within blueprints via a new
Blueprint.register_blueprint method. This should provide a use case",0,15,5,683,0.0,254,34,69,2.029,15,2098,2.5,0.1539945535613981,0
flask\helpers.py,fda14678c07d036ef3a1984a4e346e793cc5a63c,2010-08-07,Armin Ronacher,Deprecated send_file etag support and mimetype guessing for file-like objects.  This fixes #104,0,26,5,35,0.0385,165,17,57,3.353,26,2152,1.882,0.153888080571484,0
tests\test_testing.py,5da2c00419d09ce2d3488263036ffd14563fb05a,2014-09-11,Markus Unterwaditzer,Rewrite assertion methods,0,2,1,0,0.0,197,27,33,1.222,2,763,0.889,0.15388402773689086,0
flask.py,2f181e19496a1fe693d9b20260fe961bb406c53b,2010-04-23,Armin Ronacher,Removed unused package_name attribute,0,45,5,17,0.0222,317,51,98,1.922,7,3850,2.157,0.15370303167687777,0
src\flask\debughelpers.py,82c2e0366ce6b74a3786a64631ce58b85b3a7d4e,2022-07-08,David Lord,remove uses of LocalStack,0,12,3,1133,0.0,112,7,30,4.286,12,644,1.857,0.15367692145880182,0
tests\test_views.py,5da2c00419d09ce2d3488263036ffd14563fb05a,2014-09-11,Markus Unterwaditzer,Rewrite assertion methods,0,2,1,0,0.0,122,27,27,1.0,1,495,1.037,0.15358819449020364,0
flask\debughelpers.py,87f50fdc6f01160d75fcc87569f0754b800fc59f,2011-08-27,Armin Ronacher,Don't lie to the user about POST redirects,0,6,1,21,0.0,46,5,10,2.0,3,399,1.8,0.1534589261607102,0
flask.py,e0148a00c0f468784052926f80e8112be7686470,2010-04-23,Armin Ronacher,"Basic module support is working, but does not look very nice.",0,43,5,17,0.0233,316,51,97,1.902,7,3848,2.176,0.15344855287805048,0
tests\test_regression.py,883cb7cedcc23efbb7e73f8884df8f406e452541,2016-05-22,Armin Ronacher,Always run gc before leak test,0,9,2,618,0.0,62,10,14,1.4,4,273,0.6,0.15342174109895088,0
src\flask\logging.py,353d891561659a754ee92bb5e6576e82be58934a,2019-08-09,Chris Zimmerman,"fixed typo in logging docstring (#3328)

* fixed typo in logging docstring

* second typo fix",0,4,1,69,0.0,47,4,18,4.5,7,410,0.75,0.153417373099628,0
tests\test_testing.py,8fa5e32d9a1fdf042632bd8fcd0b44dd8031b639,2014-09-11,Markus Unterwaditzer,Tests pass now.,0,1,1,0,0.0,197,27,33,1.222,2,794,0.889,0.15322103572840132,0
flask\blueprints.py,02a131746074203dc8d747308f4d2c7ece8aa743,2011-08-07,Armin Ronacher,Added the ability to trigger functions before the first request to the application,0,11,2,69,0.0,146,31,42,1.355,4,1472,2.484,0.1531777401149813,0
src\flask\json\__init__.py,662c245795c7cbb5dbd657a2d707c62c16770c18,2020-04-04,David Lord,remove _compat module,0,2,1,308,0.0,152,14,57,4.071,12,1531,2.357,0.15312861908980244,0
tests\test_blueprints.py,3257b7574e7f010686a617197e0fb4596986f7f7,2021-05-21,pgjones,"Fix blueprint renaming

This ensures that if a blueprint is renamed at the time of
registration that name is used when constructing endpoints, as
expe",0,43,13,2443,0.0,633,131,135,1.031,3,2651,0.954,0.1531219383431955,0
src\flask\json\__init__.py,2fab8a31ae2639b3eacdd3935d58203b09650f29,2021-01-04,Grey Li,Fix broken func directives in docstrings,0,11,2,582,0.0,130,11,42,3.818,7,1394,2.545,0.15311963601873027,0
tests\test_deprecations.py,1263d3bd142e4964da123f4e59088aa2968ec7e5,2020-04-04,David Lord,remove deprecated code,0,13,5,2031,0.0,8,1,1,1.0,1,30,0.0,0.1530695639064116,0
tests\test_logging.py,e30c39fe78cb8d3fe8379f032b66f7719b2e99c5,2017-12-14,Camilo,fix non-passing tests for logging on pytest > 3.3.0,0,1,1,135,0.0,68,9,9,1.0,1,263,0.889,0.15300943430569147,0
flask\helpers.py,2b00ec4017ee6b930bb805c294a459f112e4bc80,2010-07-04,Armin Ronacher,Small cleanups,0,9,2,1,0.0,133,14,48,3.429,21,1523,1.929,0.15299647672708125,0
scripts\flask-07-upgrade.py,f5adb61b28f240effbba5a4686647c2af6e85b94,2017-03-06,Static,Fix typos/grammar in docs (#2201),0,18,5,2101,0.0,227,19,81,4.263,11,1088,1.526,0.15299017784732621,0
src\flask\__init__.py,024f0d384cf5bb65c76ac59f8ddce464b2dc2ca1,2020-04-04,David Lord,move package metadata to setup.cfg,0,13,1,308,0.0,44,0,0,0.0,0,178,0.0,0.15288760690390518,0
scripts\test.py,8488a3afa97e12297bdb22586e17b4c0ddf54175,2015-02-11,Keyan Pishdadian,"Change parsing format to use AST via RedBaron

Moved away from using manual parsing. Source is parsed using RedBaron to make the FST. Some import form",0,1,1,1,0.0,24,1,4,4.0,4,78,1.0,0.1528240830002279,0
tests\test_cli.py,33145c36991c503aeb1e5870c27b720ec80d5079,2021-03-10,Grey Li,Set default encoding to UTF-8 for load_dotenv,0,55,28,1758,0.0,463,64,67,1.047,2,2016,0.906,0.1527763568549731,0
setup.py,19def9606ac50bd308ea283e283cbcf62498d6c7,2012-07-01,Armin Ronacher,This is 0.8.1,0,38,9,816,0.0,57,3,10,3.333,8,322,1.0,0.15267962971560387,0
src\flask\templating.py,8239765a4410d13d489e299a99e4a4c6951e190b,2023-04-13,pgjones,allow async signal receivers,0,13,5,1411,0.0,139,15,33,2.2,5,880,2.067,0.15265697118070343,0
setup.py,4ca1d0a2ed7639d3f1d2e466a777f7e6b0e8aa0a,2010-05-28,Armin Ronacher,update setup.py,0,10,2,51,0.0,29,0,0,0.0,0,174,0.0,0.15254904416699255,0
flask\blueprints.py,2446ca63a8d840a35ea4eac02672b24a6fcf406f,2015-06-06,Markus Unterwaditzer,0.11 => 1.0,0,29,12,1468,0.0,181,44,59,1.341,4,1878,2.318,0.15250776310490358,0
flask.py,7b5015010bc8c2a2d56c7c50b37e5b9facdad102,2010-04-16,Armin Ronacher,"Preserve the request context in debug mode.

This makes it possible to access request information in the interactive
debugger.  Closes #8.",0,14,2,9,0.0,215,36,61,1.694,6,3016,1.944,0.15249498966894182,0
flask\testsuite\ext.py,e07dcb5562c336975e31ce014aa33d2ab1f5ac98,2013-05-30,Armin Ronacher,Adjusted a testcase for Python 3,0,15,3,620,0.0,95,17,31,1.824,10,490,0.941,0.152412192709379,0
src\flask\blueprints.py,6a4e7e948d7e5bd5b2b76c1b7f1a0392644bee1e,2021-06-01,Pascal Corpet,improve typing for `app.errorhandler` decorator,0,31,8,731,0.0,323,33,77,2.333,22,2474,2.515,0.15233864071191303,0
flask\testing.py,37f9cb9ca69176dec36faff4b2138226b479f65f,2011-09-01,Ron DuPlain,"Import with statement in testsuite, Python 2.5.",0,12,3,423,0.0,66,6,16,2.667,5,539,2.833,0.15225026589350096,0
flask.py,20c2e53893c202a4555bd7390672ee948fa6b1e0,2010-06-11,Armin Ronacher,Alcoholified placeholders,0,94,9,65,0.0319,533,80,166,2.075,15,6802,2.075,0.15222827820406837,0
flask\_compat.py,a503520ac51d16558ce91f7d7fc9d30a910d928c,2013-05-21,Thomas Waldmann,copy _compat.py from flask in here (and adapt docstring),0,1,1,3,0.0,67,6,9,1.5,2,379,2.0,0.15209715068330415,0
tests\flask_tests.py,745638e774063de206aae930df71789de13e7c73,2010-05-04,Armin Ronacher,"Added missing decorators for module wide context processors.

This fixes #25.",0,25,4,20,0.04,429,82,88,1.073,3,1707,0.549,0.15209546523242662,0
tests\test_config.py,4dc2ef19eaa4ced5cb2f4a2a1673e65459c355d2,2016-03-04,Reuven,"Use pytest.raises() instead of try/catch with asser 0

This is somehow more readable, and enable using the features of pytest's ExeptionInfo (such as ",0,13,4,539,0.0,142,14,16,1.143,2,599,0.071,0.1520786874200532,0
src\flask\sansio\app.py,edebd3704437f19b5b137eaffe97130fe817d144,2025-08-19,David Lord,"rewrite docs, clean up typing for template decorators",0,13,5,731,0.0,347,34,82,2.412,13,4589,2.265,0.15204123104391573,0
flask.py,40e0024d7b87150ed694829a5335bd2435962225,2010-04-16,Armin Ronacher,"Added screenshot of the debugger to Flask docs.  Flask now runs from the
shell again.",0,13,2,9,0.0,216,34,58,1.706,6,2973,1.912,0.15199968403523217,0
flask.py,74d458b40c0bdb140e7feab9af407642eb3dcea1,2010-05-26,Armin Ronacher,Added versionadded for logger,0,73,7,50,0.0274,444,67,137,2.045,15,5609,2.03,0.15197828124089413,0
flask\ctx.py,e08bcf9f9700180a09f77f52604ea6de36fb83a8,2018-11-03,Dave Chevell,"Fix #2935: Copy current session object in copy_current_request_context (#2936)

Add session to RequestContext.copy()",0,64,16,3046,0.0,174,27,57,2.111,8,2009,1.778,0.15191156662362054,0
flask\wrappers.py,5e1b1030e8edecb0c9652f2a406933c049ea2397,2010-07-12,Armin Ronacher,Added support for automagic OPTIONS,0,5,2,10,0.0,23,3,8,2.667,3,358,1.0,0.15191134946205334,0
flask\exthook.py,48f7cdd01699fdc4048b18d827fccfbf9f266c9f,2012-09-06,Finbarr O'Callaghan,various typo fixes,0,1,1,345,0.0,56,8,24,3.0,6,616,2.375,0.15182660892287375,0
flask\testsuite\subclassing.py,5b89355b1c9771431fb8a011094591ad43461b0a,2013-05-22,Daniel Neuhäuser,Response data is bytes,0,3,3,624,0.0,26,4,4,1.0,1,119,0.75,0.15172320509107012,0
tests\test_testing.py,66b1b752da1ccc67c1073d4a99c4141a1b2be445,2017-07-31,David Lord,"simplify logging configuration
single default handler and formatter
don't remove handlers
configure level once using setLevel
document logging
reorgan",0,19,7,1053,0.0,235,37,40,1.081,2,1002,1.216,0.15162150335260657,0
src\flask\wrappers.py,f2f027d1fbc12f3ff24f3e471e11ac56e1a5d869,2020-04-04,David Lord,remove unused module docstrings,0,3,1,308,0.0,47,7,18,2.571,5,562,1.286,0.15158049170196292,0
src\flask\templating.py,44ffe6c6d6c90a414de32db1b03d5978f8770271,2023-04-20,David Lord,add __future__ annotations,0,14,5,1419,0.0,138,15,33,2.2,5,851,2.067,0.15157826781623315,0
flask.py,5310fc38227b1907cb541f4a30ea8dfef46c2e19,2010-04-17,Armin Ronacher,"Session falls back to a dummy object now if secret_key is missing.

This makes it possible to still read-only access the empty session but
requires th",0,16,2,11,0.0,224,37,62,1.676,6,3097,1.973,0.15155228263520712,0
flask\ctx.py,310fbfcf64f40f237068fddbbbe45315f9935eca,2018-02-08,David Lord,"revert copyright year to project start
add copyright header to files",0,62,16,2778,0.0,173,27,57,2.111,8,1795,1.741,0.15148683185462447,0
flask\templating.py,310fbfcf64f40f237068fddbbbe45315f9935eca,2018-02-08,David Lord,"revert copyright year to project start
add copyright header to files",0,36,12,2776,0.0,84,11,28,2.545,5,504,2.182,0.15145089211211657,0
src\flask\app.py,22933a8cb424ffd65f2bec5bbfdbfa7e42105470,2021-10-01,Pedro Torcatt,fix docs for Flask.test_client_class,0,55,16,853,0.0,799,68,207,3.044,15,9239,2.074,0.1514508648704439,0
src\flask\app.py,6a4bf9eec13e035cf10ecc16e462049b4c967e41,2021-10-01,David Lord,"use exception chaining

fixes flake8-bugbear B904",0,54,16,853,0.0,799,68,207,3.044,15,9232,2.074,0.1514508648704439,0
src\flask\scaffold.py,61f62e6005f72c44a90026e2589b6bc5234f2f24,2022-05-23,David Lord,access flask types through namespace alias,0,27,13,660,0.0,305,39,71,1.821,10,3779,2.128,0.1514502023170429,0
src\flask\scaffold.py,72cae9ce2b6a5a296b7328df8dd73240e14718e6,2022-06-05,Numerlor,Remove extra backtick,0,28,13,672,0.0,305,39,71,1.821,10,3779,2.128,0.1514502023170429,0
tests\test_apps\cliapp\importerrorapp.py,025589ee766249652e2e097da05808fe64911ddc,2019-05-06,David Baumgold,"Reformat with black

https://github.com/python/black",0,1,1,856,0.0,4,0,0,0.0,0,14,0.0,0.1514443317774528,0
src\flask\_compat.py,1263d3bd142e4964da123f4e59088aa2968ec7e5,2020-04-04,David Lord,remove deprecated code,0,3,1,308,0.0,63,7,10,1.429,2,429,2.0,0.15142749013220222,0
src\flask\signals.py,77237093da25438c88b0a74c374a397d4bf823eb,2021-04-26,pgjones,"Add initial type hints

This should make it easier for users to correctly use Flask. The hints
are from Quart.",0,4,1,695,0.0,35,4,4,1.0,1,245,3.0,0.15130405725956453,0
tests\conftest.py,82c2e0366ce6b74a3786a64631ce58b85b3a7d4e,2022-07-08,David Lord,remove uses of LocalStack,0,24,8,2856,0.0,119,19,25,1.316,3,590,1.368,0.15127548088634446,0
flask\helpers.py,290925e13348385cd3508d9ae52ea328ee9990d9,2011-07-19,Dan Callahan,Minor documentation typo / grammar fixes,0,48,11,382,0.0208,230,24,81,3.375,27,2556,2.0,0.1512594020624876,0
flask\ctx.py,025589ee766249652e2e097da05808fe64911ddc,2019-05-06,David Baumgold,"Reformat with black

https://github.com/python/black",0,66,18,3230,0.0,180,27,59,2.185,8,2027,1.778,0.1512125750571834,0
tests\test_subclassing.py,025589ee766249652e2e097da05808fe64911ddc,2019-05-06,David Baumgold,"Reformat with black

https://github.com/python/black",0,8,3,1698,0.0,15,3,3,1.0,1,81,0.667,0.1512076522451369,0
flask\testsuite\reqctx.py,62e7275bdf2bce19eb9fcfd31780e9314f96f092,2013-05-22,Daniel Neuhäuser,Use assert_false where appropriate,0,5,4,8,0.0,145,18,23,1.278,4,543,0.444,0.15114645274773625,0
flask\ctx.py,205c943deda542b0c0df2f1b9ce3bbe72d80eef8,2019-05-13,Sebastian Jakubiak,Fix misplaced paren in docs,0,67,19,3237,0.0,173,27,57,2.111,8,1964,1.741,0.1511233447196291,0
src\flask\sansio\blueprints.py,6000e80acf931b05b4911c3fa7f3ba33e2b80e64,2024-01-16,David Lord,address mypy strict findings,0,3,1,150,0.0,345,34,83,2.441,23,2573,2.529,0.15110498931141328,0
flask.py,ee16a68bbd7caf4c8e79c5d6859f72ad38539bbf,2010-07-02,Justin Quick,out with the old,0,101,9,87,0.0297,542,81,168,2.074,15,7202,2.062,0.15088981051277697,0
flask.py,a154c87cfca3e21316552b2ec558029f9c96122a,2010-07-02,Armin Ronacher,Documented exception catching behaviour.  This fixes #75,0,100,9,87,0.03,542,81,168,2.074,15,7202,2.062,0.15088981051277697,0
flask.py,6e2be6a0b3aba4ab49cf3ed1a10ac13c6b771aba,2010-04-19,Armin Ronacher,Added JSON Support and started working on jQuery docs,0,21,2,13,0.0,244,40,69,1.725,6,3407,1.95,0.15079306551355692,0
flask.py,ade490514dd6d83adc7610f69f9c4cd68df47110,2010-04-19,Armin Ronacher,"Fixed a security problem caused by changed simplejson semantics.

Notice: this was never in a release version of Flask.",1,22,2,13,0.0,244,40,69,1.725,6,3407,1.95,0.15079306551355692,0
src\flask\app.py,fd62210f583e90764be6e8d9f295f37f33a65e48,2021-03-08,pgjones,"Utilise defaultdicts

This code originates from the Python 2.4 supporting version of Flask,
with defaultdicts being added in 2.5. Using defaultdict ma",0,29,10,646,0.0,708,66,198,3.0,15,8939,2.076,0.15077624361850112,0
tests\test_regression.py,1aa8a54b175ef10a72d3c3d3f4ed112ddc6e2ea6,2015-03-22,Markus Unterwaditzer,Always run memory tests,0,8,2,191,0.0,63,10,15,1.5,4,278,0.6,0.1507724501752364,0
tests\test_testing.py,8cec2010c0564bbd6e1f9cd8881404f70178247f,2018-02-23,Armin Ronacher,"Do not enable subdomain matching by default
Updated tests for new subdomain matching
Added a test to validate matching behavior",0,22,7,1260,0.0,271,43,46,1.07,2,1131,1.023,0.1507082196761016,0
examples\minitwit\minitwit.py,8bb972e5ae647650457bc4e94ff51cb5e34951dd,2013-05-25,Thomas Waldmann,"fix minitwit/flaskr test errors, improve docs about file open mode

app.open_resource needs to get called with the correct mode param (python3
will re",0,19,4,1145,0.0,179,17,44,2.588,9,963,0.588,0.15067604755597086,0
src\flask\json\__init__.py,756902cca1bab981fbec0ea759d93239d9a711f0,2020-04-07,David Lord,update json docs,0,9,1,311,0.0,130,11,42,3.818,7,1394,2.545,0.15059705713378188,0
flask\helpers.py,a3c9494f67a0e89d44f459dac9eb9d0bc9b9025b,2010-07-04,Armin Ronacher,Moved templating stuff into a separate module,0,8,2,1,0.0,133,14,48,3.429,21,1523,1.929,0.15059647672708124,0
scripts\flask-07-upgrade.py,e0cd80c6bff0d5ca3720f2f8dcac21274827caa5,2017-06-26,David Lord,remove old upgrade script,0,19,6,2213,0.0,227,19,81,4.263,11,1088,1.526,0.15058692894643638,0
flask.py,3ab318a7ddca819e13d6d161b008b62b6583453e,2010-07-01,Armin Ronacher,Explained Flask constructor better.  This fixes #70,0,99,9,85,0.0303,542,81,168,2.074,15,7135,2.062,0.15057332699629344,0
tests\test_helpers.py,06a170ea9b73ffe4f2e64453c70ed6b44619ecc8,2016-06-04,Giampaolo Eusebi,Add tests for safe_join,0,24,11,631,0.0,642,82,99,1.207,3,2734,0.841,0.1505319986710822,0
flask\wrappers.py,4f8ee8f12946b224e5003405be99aa4e454bdeee,2010-07-04,Armin Ronacher,"Added missing comments, fixed setup.py and made tests pass",0,2,1,1,0.0,20,2,6,3.0,3,315,1.0,0.15046508484156026,0
scripts\flaskext_migrate.py,61d5e6a4d4058accec957901be4d1efe2f3f71fa,2015-02-11,Keyan Pishdadian,Cleanup,0,3,1,4,0.0,30,3,7,2.333,5,153,1.333,0.15039503583569538,0
flask.py,68278fd78e15e3ef6a591f3f2b6cc700d1e4d6dd,2010-05-27,Armin Ronacher,Started working on config support,0,74,7,51,0.027,463,70,142,2.029,15,5692,2.071,0.1502715500060273,0
flask\testsuite\config.py,cfbfff2d2692a94bdb29133c2e7bb6b792cb337d,2013-05-18,Thomas Waldmann,python-modernize automated changes: misc. minor stuff,0,11,4,631,0.0,247,24,47,1.958,3,1098,1.125,0.1502534350905249,0
flask.py,0b9c2b5eb1b604cd76d9252e8e9628df731ea572,2010-04-17,Armin Ronacher,removed refactoring leftover,0,17,2,11,0.0,223,37,62,1.676,6,3094,1.973,0.15022814470417264,0
src\flask\logging.py,f2f027d1fbc12f3ff24f3e471e11ac56e1a5d869,2020-04-04,David Lord,remove unused module docstrings,0,7,2,308,0.0,28,3,11,3.667,5,278,0.667,0.1502033590205862,0
src\flask\ctx.py,553b26f8579a21a2d3644cb3bc5cb2ed8cedabc5,2019-08-15,Arnav Borborah,Fix typo in pop documentation,0,5,2,75,0.0,184,27,59,2.185,9,2026,1.778,0.15019813445978106,0
src\flask\sessions.py,77237093da25438c88b0a74c374a397d4bf823eb,2021-04-26,pgjones,"Add initial type hints

This should make it easier for users to correctly use Flask. The hints
are from Quart.",0,9,3,695,0.0,180,23,42,1.826,8,1793,2.391,0.150169124962086,0
flask\testsuite\reqctx.py,239780be289efd365c07be2f60bab9223388399e,2013-05-22,Daniel Neuhäuser,"Use assert_true instead of assert_

assert_ is deprecated which causes annoying warnings",0,4,3,8,0.0,145,18,23,1.278,4,548,0.444,0.1501585211421511,0
tests\test_cli.py,a0ccc477800737d9907ab772bb1bba25f164fefb,2019-01-06,David Lord,clean up flask --version code,0,35,21,965,0.0,385,52,57,1.096,3,1738,1.058,0.1501452712203553,0
src\flask\sansio\app.py,daf1510a4bda652ac2cfca03ec5567b03ddf8bf1,2025-08-19,kadai0308,use template_filter without parens,0,12,4,731,0.0,332,34,82,2.412,13,4570,2.265,0.15014228233810475,0
flask\testsuite\blueprints.py,2aa26fff04a98f2435e8e3015e92ef6108d3b485,2014-03-21,Kenneth Reitz,"Revert ""Merge pull request #859 from wvh/register_error_handler""

This reverts commit 6347e75deea2eda444c60080fda3885c1fb7705d, reversing
changes made",0,22,6,938,0.0,659,118,130,1.102,5,2745,0.619,0.15006207403667465,0
tests\test_blueprints.py,a44c7228600044f530856a33c7da147c528644ff,2021-06-14,pgjones,"Fix registering a blueprint twice with differing names

Previously the blueprint recorded aspects (before request, after
request etc) would only be ad",0,44,13,2467,0.0,641,133,137,1.03,3,2685,0.947,0.1500258694318461,0
tests\test_subclassing.py,e666f7a69c737fef8236237671be4da5910e9113,2019-06-22,David Lord,standardize license and copyright,0,10,4,1744,0.0,15,3,3,1.0,1,75,0.667,0.15002049214963306,0
tests\test_apps\cliapp\multiapp.py,025589ee766249652e2e097da05808fe64911ddc,2019-05-06,David Baumgold,"Reformat with black

https://github.com/python/black",0,1,1,1085,0.0,4,0,0,0.0,0,15,0.0,0.15001598511599193,0
tests\test_config.py,d526932a09557be4aff6d27261cabb7c5c5ebb8d,2015-10-24,Timo Furrer,support timedelta for SEND_FILE_MAX_AGE_DEFAULT config variable,0,12,3,407,0.0,154,14,20,1.429,3,611,0.071,0.14999788465012248,0
tests\test_cli.py,8bdf820e9b9c166883ef9717e127ba46ebe43cae,2018-01-10,David Lord,reset standard os env after each test,0,27,17,604,0.0,310,43,46,1.07,2,1385,1.093,0.14999231811716368,0
src\flask\logging.py,df470aecb96efbcb17ca76e73196c25c38ce6d17,2019-07-01,David Lord,use app.name as app.logger name,0,2,1,30,0.0,29,3,11,3.667,5,296,0.667,0.1499701018848409,0
flask\sessions.py,3f82d1b68ea6f5bf2970c2df8ff5cf991439a9bf,2012-08-11,Armin Ronacher,Switch to itsdangerous,0,10,1,400,0.0,121,21,44,2.095,9,1178,2.19,0.1498836648963352,0
tests\test_subclassing.py,662c245795c7cbb5dbd657a2d707c62c16770c18,2020-04-04,David Lord,remove _compat module,0,11,4,2031,0.0,15,3,3,1.0,1,74,0.667,0.14986498546281232,0
tests\test_apps\cliapp\multiapp.py,43483683b2bc8da85f00ccccdfb8d9d5c77a6bb3,2019-06-01,David Lord,apply reorder-python-imports pre-commit config,0,2,2,1110,0.0,5,0,0,0.0,0,18,0.0,0.14978574992717944,0
src\flask\json\tag.py,77237093da25438c88b0a74c374a397d4bf823eb,2021-04-26,pgjones,"Add initial type hints

This should make it easier for users to correctly use Flask. The hints
are from Quart.",0,7,1,695,0.0,146,33,47,1.424,5,1162,2.03,0.1497835439298219,0
flask\helpers.py,a38dcd5e2bed1bcf2c1fc319fa9c3bc35e360fe0,2010-07-04,Armin Ronacher,Added support for loading templates from modules,0,7,2,1,0.0,139,16,50,3.125,21,1623,1.938,0.14965964230260217,0
flask\testsuite\ext.py,cff35237efea11c4bbc8c2fc75e24cbea30b26ce,2013-09-07,Michael Bikovitsky,"Fix test_no_error_swallowing

Path in assertion is now cross-platform.",0,16,3,720,0.0,96,17,31,1.824,10,496,0.941,0.1495843450272598,0
flask\json.py,a7f1a21c1204828388eaed1e3903a74c904c8147,2017-03-07,Hsiaoming Yang,"Don't rely on X-Requested-With for pretty print json response (#2193)

* Don't rely on X-Requested-With for pretty print json response

* Fix test c",0,36,19,1611,0.0,98,13,35,2.692,7,1128,2.0,0.14941064433841134,0
examples\javascript\setup.py,524fd0bc8cec7bfe8167c9c98cb5511b01a0f4c6,2020-04-04,David Lord,apply pyupgrade,0,4,3,723,0.0,19,0,0,0.0,0,64,0.0,0.14938864238232502,0
flask.py,d44b12774879cba83bf33c8ed7733157ab84d778,2010-06-18,Armin Ronacher,Use a custom logger subclass that uses DEBUG level if in debug mode,0,95,9,73,0.0316,537,81,168,2.074,15,6823,2.062,0.14934827820406837,0
flask\cli.py,bacdd076bd544ca82d05111e3a427e98e4d4c996,2014-04-28,Armin Ronacher,"Add ""."" to sys.path by default",0,2,1,0,0.0,226,21,60,2.857,8,1423,2.048,0.14932650381706283,0
tests\test_cli.py,a5ff3cd01b8a78b5ed2961a8095290fed4e2a0d5,2019-05-31,Daniel Pope,Fix style issues on master using Black,0,39,24,1109,0.0,442,61,66,1.082,3,1926,1.033,0.149231252800001,0
flask\cli.py,0570393bc471d72eca128ded5edc868f13a87b0a,2018-01-23,Grey Li,Update cli help for FLASK_ENV,0,82,26,1366,0.0,467,31,119,3.839,11,2975,2.29,0.14921657602794808,0
flask\cli.py,49a38ed9995c5fa8fd07fde732845cbc08e890b0,2018-04-18,David Lord,use theme provided by pallets-sphinx-themes,0,88,29,1451,0.0,547,35,146,4.171,12,3381,2.314,0.1490152704974818,0
flask\cli.py,81576c236a4dde33aeed13c84abed0ad2e796c2f,2014-05-07,Armin Ronacher,Further refactored script system to allow more customization for special apps.,0,9,2,9,0.0,260,27,73,2.704,9,1851,2.0,0.1489409413945766,0
setup.py,874079bffed0f02235f55e4a512822194ac2449a,2011-06-27,Armin Ronacher,It's still dev :),0,18,3,446,0.0,62,4,11,2.75,8,347,0.75,0.14892534395854617,0
tests\conftest.py,ab1fbef29a073fe5950ea2357f6a3a0d280eb506,2022-06-17,David Lord,prefer --app over FLASK_APP in docs,0,23,8,2835,0.0,117,19,25,1.316,3,593,1.368,0.14892460567459972,0
flask\helpers.py,8945a97a42d6475b1ee9fcb2689dc65dfce9828f,2010-07-04,Armin Ronacher,fixed possible security problem in module branch,1,12,2,2,0.0,134,14,48,3.429,21,1529,1.929,0.1488429593215491,0
src\flask\debughelpers.py,43483683b2bc8da85f00ccccdfb8d9d5c77a6bb3,2019-06-01,David Lord,apply reorder-python-imports pre-commit config,0,1,1,0,0.0,128,8,33,4.125,13,750,1.625,0.14848727570621617,0
flask\wrappers.py,3400b78db23fbd305cb11368946be1bf280e2696,2011-08-05,Armin Ronacher,Only provide that monkeypatch if all files are missing,0,17,4,398,0.0,48,6,18,3.0,5,558,1.0,0.14843193031570492,0
src\flask\scaffold.py,3ba37d2afe6511c3f3153248f7342174bea5b131,2022-06-06,David Lord,fix uninstalled package tests under tox,0,32,15,674,0.0,336,40,77,1.925,14,3875,2.125,0.14840970017648486,0
src\flask\json\__init__.py,8b5f760b7285c863d5c7a4ee10adb5eb7ac60a05,2020-04-07,David Lord,"deprecate JSON encoding options

make consistent with built-in json module",0,8,1,311,0.0,130,11,42,3.818,7,1358,2.545,0.14835682322975483,0
flask\testsuite\test_apps\moduleapp\apps\admin\__init__.py,817b72d484d353800d907b3580c899314bf7f3c6,2014-08-27,Armin Ronacher,Removed deprecated module functionality,0,1,1,1096,0.0,8,2,2,1.0,1,29,0.0,0.14829895315650224,0
flask\ctx.py,ed9775fb77bc2291473c176937326aadd435f73c,2018-11-12,Jarek Piórkowski,"Handle errors during create_url_adapter

If create_url_adapter raises (which it can if werkzeug cannot bind
environment, for example on non-ASCII Host",0,65,17,3055,0.0,179,27,59,2.185,8,2027,1.778,0.14826724377820333,0
flask.py,6c095deda51efb34cd18bd23411ebd6f2a0cdfe0,2010-05-25,Armin Ronacher,Fixed docstring.  This fixes #45,0,72,7,48,0.0278,444,67,137,2.045,15,5606,2.03,0.1482282812408941,0
flask.py,ef0dc1800f7558abbefe070f361b97b9161b2452,2010-05-24,Armin Ronacher,"Added interactive Python docs, fixed part style.",0,71,7,48,0.0282,444,67,137,2.045,15,5604,2.03,0.1482282812408941,0
src\flask\app.py,83d358d2c43c79b7d7fe5365e079447296c65eaf,2021-03-08,pgjones,"remove _blueprint_order, dicts are ordered

This code originates from supporting Python 2.4. Dicts are ordered in
supported Pythons as of 3.6. An Orde",0,30,11,646,0.0,706,66,198,3.0,15,8939,2.076,0.14822406897999432,0
flask\wrappers.py,b1790cca55956c0cda132ac2fa6a2fb53fd2d009,2010-07-14,Armin Ronacher,Added MAX_CONTENT_LENGTH config key,0,7,2,11,0.0,29,4,10,2.5,3,389,1.0,0.1482075936355777,0
flask.py,c68cf834330f94e3018d660a6fc967c16e374762,2010-06-22,Armin Ronacher,Workaround for zip setups for appengine.,0,96,9,77,0.0312,538,81,168,2.074,15,6836,2.062,0.14813552681556694,0
flask\testsuite\basic.py,7331ae3df58bdf322122010e598b7e7bb793daea,2011-09-03,Armin Ronacher,Update the testsuite to not freak out about a change in Werkzeug 0.8 that changed the behavior of misconfigured hosts.,0,6,2,8,0.0,877,147,170,1.156,4,3580,0.599,0.14813121224669204,0
tests\test_json_tag.py,310fbfcf64f40f237068fddbbbe45315f9935eca,2018-02-08,David Lord,"revert copyright year to project start
add copyright header to files",0,1,1,251,0.0,49,8,8,1.0,1,200,1.125,0.14803127769601704,0
flask\testsuite\signals.py,05f66ad73543db207791ea5d6a2de2e8eaaf1640,2013-05-22,Markus Unterwaditzer,Fix some literals,0,5,3,635,0.0,93,16,21,1.312,2,345,1.0,0.14785631653969725,0
tests\test_json_tag.py,fc6a1d9354124690e632323d46ee35c3b8c9c8d2,2018-04-19,Nick Pope,"Fix default index for TaggedJSONSerializer.register()

Change the default value of ``index`` to ``None`` in ``register()`` so
that it is possible to i",0,2,1,320,0.0,59,9,9,1.0,1,236,1.0,0.14784410035285536,0
flask\app.py,b9355a7d5f79cfa06324a72cbaef4b9ec7a299d3,2013-04-04,Steve Leonard,"Mention register_error_handler in errorhandler doc

The documentation for @errorhandler gives ""app.error_handler_spec[None][404] = page_not_found"" as ",0,153,20,1006,0.0,639,79,192,2.43,10,8625,2.025,0.14778756240874766,0
flask\config.py,e666f7a69c737fef8236237671be4da5910e9113,2019-06-22,David Lord,standardize license and copyright,0,41,19,3275,0.0,99,11,35,3.182,7,1198,2.818,0.1477626707768883,0
src\flask\blueprints.py,1f1b65a62576bc6a2f9cd27e9a725f0554fc70c7,2020-08-23,WolframAlph,fixed #3738 typo in src/flask/blueprints.py,0,7,2,448,0.0,208,33,59,1.788,6,1993,2.485,0.14769493964819586,0
src\flask\json\__init__.py,c43edfc7c08b8dbe883761bec14fa75ee7db1bf3,2020-04-07,David Lord,"remove simplejson

- remove encoding detection backport, json.loads supports it directly
- use str.translate instead of multiple str.replace",0,7,1,311,0.0,121,13,44,3.385,7,1289,2.462,0.14760276085199636,0
flask.py,1d8432ebfd1637eacab79a15e9b7963bf061371c,2010-04-14,Armin Ronacher,Can't believe I forgot that future import.,0,12,2,8,0.0,212,33,56,1.697,6,2947,1.939,0.14760109834786916,0
flask\json\__init__.py,025589ee766249652e2e097da05808fe64911ddc,2019-05-06,David Baumgold,"Reformat with black

https://github.com/python/black",0,5,2,703,0.0,144,14,54,3.857,12,1342,1.929,0.14757799525243262,0
flask.py,63593d281b7358a86a808cc0bf5e47107316403d,2010-04-18,Armin Ronacher,removed unused import,0,18,2,12,0.0,222,37,62,1.676,6,3090,1.973,0.14756811514828871,0
flask\app.py,88883aa6db3b27f132000a4cf2a99c1fbbe941c9,2010-10-22,Pedro Algarvio,"Fix for Flask's ticket 126. A proper environment is now built to use
with `test_request_context()`.

Signed-off-by: Armin Ronacher <armin.ronacher@act",0,39,4,111,0.0,281,33,79,2.394,6,4453,2.061,0.1474333182593697,0
flask\ctx.py,c6316132b173f96a6f5a90ff3b62f706f8a62560,2011-09-24,Armin Ronacher,Context preserving is now part of Flask and not the test client.  This fixes #326,0,17,4,449,0.0,59,8,18,2.25,4,852,1.5,0.14739940748620323,0
flask.py,7ea1b801cc1f7d09ee18e8d70957c9d34b870700,2010-06-29,Armin Ronacher,Documented missing attributes.  This fixes #71,0,98,9,83,0.0306,542,81,168,2.074,15,6929,2.062,0.1472890402281357,0
flask\views.py,025589ee766249652e2e097da05808fe64911ddc,2019-05-06,David Baumgold,"Reformat with black

https://github.com/python/black",0,24,17,2869,0.0,45,5,13,2.6,5,709,2.8,0.1472832892993005,0
src\flask\templating.py,a74e266474f0981e9fc0d54d5dc430386823e4d7,2022-05-03,Stanislav Bushuev,skip coverage for TYPE_CHECKING,0,7,3,1067,0.0,108,11,28,2.545,5,624,2.182,0.1472379585922592,0
tests\test_testing.py,310fbfcf64f40f237068fddbbbe45315f9935eca,2018-02-08,David Lord,"revert copyright year to project start
add copyright header to files",0,20,7,1246,0.0,235,37,40,1.081,2,1002,1.216,0.14722501651063685,0
scripts\test.py,0cf5881312a2256607cebe36938405a6fe5a820e,2015-02-11,Keyan Pishdadian,"Add tests, remove manual testing file #1135",0,3,1,1,0.0,25,1,4,4.0,4,82,1.0,0.14719217492404352,0
flask\blueprints.py,3b393f89f66733f7824a50b33b93eae9999812ad,2013-01-27,Armin Ronacher,"Added template_global, fixes #657",0,19,6,608,0.0,176,43,58,1.349,4,1823,2.279,0.14708791351136774,0
flask.py,5c52fe980eda6065edcc39e6dd346636b1c40768,2010-04-23,Armin Ronacher,Added request/response processing based on modules.,0,44,5,17,0.0227,318,51,98,1.922,7,3855,2.176,0.14707416726366493,0
flask\testing.py,2866ccda1fe19a42adc735d75abaf304f8aed27b,2011-07-15,Armin Ronacher,Switch to explicit Werkzeug imports,0,4,2,375,0.0,40,3,10,3.333,7,217,2.667,0.147070656343111,0
flask\app.py,44e39ab0713566bd91363f19ed09921df5db0196,2013-06-14,Serge S. Koval,Fixed class-based views support,0,175,25,1077,0.0,650,81,197,2.432,10,8666,2.012,0.14702419221526628,0
src\flask\logging.py,b08e35e4ab525c207144e42af1b678a78abe09cb,2019-07-02,David Lord,show warning for old logger config,0,3,1,31,0.0,47,4,18,4.5,7,411,0.75,0.1469889839745058,0
src\flask\app.py,9a2adfba4d4310b005c222fcdfb85e96e3e6661d,2021-08-05,Yourun-Proger,static_folder can be a pathlib.Path,0,53,15,796,0.0,799,68,207,3.044,15,9228,2.074,0.14697455739413642,0
src\flask\app.py,6e1b72096d5ae1e2cc4d8592ff8271b62548d9cf,2021-07-06,Adrian Moennich,Fix typo in docs,0,52,15,766,0.0,799,68,207,3.044,15,9224,2.074,0.14697455739413642,0
flask.py,182ee31503ea8a9eefd0d7063bd7fbdde991e13b,2010-05-27,Armin Ronacher,Added chapter about config,0,77,7,51,0.026,491,75,152,2.027,15,6407,2.067,0.14685682017818436,0
src\flask\helpers.py,04994df59f2f642e52ba46ca656088bcdb931262,2023-08-16,David Lord,remove deprecated code,0,67,16,1537,0.0,192,17,42,2.471,9,2886,2.176,0.1468148548950719,0
examples\tutorial\flaskr\blog.py,524fd0bc8cec7bfe8167c9c98cb5511b01a0f4c6,2020-04-04,David Lord,apply pyupgrade,0,4,2,726,0.0,84,5,14,2.8,4,424,0.8,0.14663277671726974,0
scripts\flaskext_migrate.py,0b2556f3ec7b3d4be0b7dab9cea8458e07ab18d4,2015-02-10,Keyan Pishdadian,"Add lib2to3 fixer base code

Switching to using RedBaron instead of lib2to3, committing to save lib2to3 code in case using Baron is not successful.",0,1,1,3,0.0,5,0,0,0.0,0,54,0.0,0.14659239803410565,0
flask\testsuite\signals.py,ac04bc78361d5562f8289e8efe16a2e9a97b0d01,2013-05-26,Thomas Waldmann,replace 1/0 by 1 // 0 to get rid of DeprecationWarning (and PEP8 issue),0,7,5,639,0.0,93,16,21,1.312,2,345,1.0,0.14658683366952965,0
flask\testsuite\config.py,e1d356fb713f3272db2a23f9f898c34c5dc79dc0,2013-05-22,Thomas Waldmann,"ported some more stuff to py 3.3

removed init_jinja_globals hack from app.py after consulting mitsuhiko
(didn't work on py 3.3 ""as is"")

removed with",0,12,4,634,0.0,246,24,47,1.958,3,1098,1.125,0.14654329016298867,0
flask\blueprints.py,03a71e022919a0e1bff6606400e9d5ae234b8244,2011-08-25,Pedro Algarvio,Deny dot's in blueprint endpoints. Add tests for that too.,0,13,3,88,0.0,149,31,43,1.387,4,1491,2.484,0.14653746687370187,0
flask\cli.py,3738f7ff99661fa0319ebe2d8228ad8c479fb46a,2018-01-10,David Lord,"match run command behavior in app.run
output extra server information
handle env var changed by load_dotenv
enable threading by default",0,80,26,1353,0.0,467,31,119,3.839,11,2974,2.29,0.14650564550313283,0
flask\cli.py,8f5168cb31a34c54c9a751cb386b8615e03fb148,2018-04-18,Bruno Rocha,Add explicit `(lazy loading)` message to `flask run` related to #2706,0,87,28,1451,0.0,550,35,147,4.2,12,3392,2.343,0.14648483571487317,0
examples\minitwit\minitwit.py,4aa76212d1be9b17a57249549c2a73fb10b6cda8,2010-04-09,Armin Ronacher,Updated documentation.  Starting to look pretty good,0,3,2,2,0.0,172,17,44,2.588,9,890,0.588,0.14634485008568854,0
flask\cli.py,77af942b982a3b07669362cc6bc223026bf039cd,2016-11-01,Clenimar Filemon,Capitalize occurrences of 'flask' (#2067),0,47,17,918,0.0,317,26,81,3.115,9,2140,2.0,0.14634188557750047,0
flask\wrappers.py,9711fd402010b2e14a98879f0457174c3ca15a24,2012-03-08,Jeffrey Finkelstein,"On JSON requests, the JSON response should have Content-Type: application/json and the body of the response should be a JSON object.",0,22,4,615,0.0,64,9,22,2.444,5,816,1.333,0.1463349479098336,0
tests\test_json.py,7a444c5dab97d640282ec8fc4838bef2c128273f,2020-11-04,David Lord,"update tests for new werkzeug client (#3827)

Flask's client.open mirrors Werkzeug's for processing an existing
environ.

Always test with latest c",0,2,1,3,0.0,315,44,56,1.273,3,1229,1.5,0.14629272591657738,0
flask\signals.py,2912ff6f6e85983c372e1bc481337f3fdf6c7b9d,2010-07-18,Armin Ronacher,Added some whitespace,0,2,1,1,0.0,25,3,3,1.0,1,212,3.0,0.14627100061135456,0
src\flask\sessions.py,25884c433f1eddf4537694d4c5f9f78cd9a14955,2021-05-13,David Lord,fix typing that wasn't available in Python 3.6.0,0,10,4,712,0.0,181,23,42,1.826,8,1797,2.391,0.1462063726045646,0
tests\test_basic.py,69f9845ef2da3051d74d4dade3e88ccf5b2ee3de,2022-07-13,David Lord,add json provider interface,0,110,46,2861,0.0,1430,254,273,1.075,3,5927,0.937,0.14619572436304035,0
tests\test_basic.py,84c722044ad03f7f5384f5314c8350b3a13d8dfa,2022-07-01,David Lord,new debug/test preserve context implementation,0,107,46,2849,0.0,1437,255,275,1.078,3,6038,0.941,0.14619572436304035,0
tests\test_basic.py,82c2e0366ce6b74a3786a64631ce58b85b3a7d4e,2022-07-08,David Lord,remove uses of LocalStack,0,109,46,2856,0.0,1437,255,274,1.075,3,5962,0.941,0.14619572436304035,0
src\flask\app.py,dc3e9c0cc36b7945431454ea1543da4e33023bb2,2021-04-06,David Lord,update async docs,0,36,11,675,0.0,707,66,199,3.015,15,8640,2.091,0.14617455334019971,0
flask\json\tag.py,025589ee766249652e2e097da05808fe64911ddc,2019-05-06,David Baumgold,"Reformat with black

https://github.com/python/black",0,7,2,703,0.0,138,33,47,1.424,5,1037,2.03,0.1461566193400738,0
flask\blueprints.py,33534bb4a9937e6faba5ecec4586519f453369b6,2015-01-02,Parkayun,Happy New Year 2015,0,28,11,1313,0.0,181,44,59,1.341,4,1878,2.318,0.14605049733069433,0
tests\conftest.py,0a00e1b6085f62fb776a95ef676ea661bff565f6,2023-05-02,David Lord,use tmp_path instead of tmpdir,0,27,8,3154,0.0,98,17,23,1.353,3,506,1.294,0.14597465461082162,0
flask\testsuite\signals.py,239780be289efd365c07be2f60bab9223388399e,2013-05-22,Daniel Neuhäuser,"Use assert_true instead of assert_

assert_ is deprecated which causes annoying warnings",0,6,4,635,0.0,93,16,21,1.312,2,345,1.0,0.1459306757981552,0
flask\config.py,830c77cb44d513a7c8044734a460d2b381df2f5a,2019-01-06,Douglas Thor,document that Config.from_object uses object as-is,0,39,17,3108,0.0,99,11,35,3.182,7,1204,2.818,0.1457822939789046,0
tests\test_testing.py,af4cb0ff2bb77c0c2f03227b17cc6ef67f28e63b,2014-09-11,Markus Unterwaditzer,Remove flask superclass,0,4,1,0,0.0,196,27,33,1.222,2,759,0.889,0.14576290337309644,0
flask\json.py,eaba4a73aa1013db908ea07af6028056c4fde706,2017-02-15,Nick Ficano,Fix typo in file header (jsonimpl => json),0,35,18,1591,0.0,98,13,35,2.692,7,1129,2.0,0.14570223576441574,0
flask\sessions.py,310fbfcf64f40f237068fddbbbe45315f9935eca,2018-02-08,David Lord,"revert copyright year to project start
add copyright header to files",0,53,21,2408,0.0,159,22,41,1.864,8,1695,2.409,0.14562247861455704,0
flask\app.py,f1537a9d7a1e5ab53e38166a2a8fd7bad9278c18,2013-01-21,Armin Ronacher,Always trap proxy exceptions,0,149,20,933,0.0,630,76,188,2.474,10,8441,2.026,0.14557865696898073,0
flask\app.py,61d3bbf1d237cd8f03e37af88ad4a6b59f27d4e1,2013-01-21,Armin Ronacher,Fixed last commit and added test,0,150,20,933,0.0,630,76,188,2.474,10,8445,2.026,0.14557865696898073,0
src\flask\blueprints.py,3257b7574e7f010686a617197e0fb4596986f7f7,2021-05-21,pgjones,"Fix blueprint renaming

This ensures that if a blueprint is renamed at the time of
registration that name is used when constructing endpoints, as
expe",0,29,7,719,0.0,320,33,77,2.333,22,2468,2.515,0.14556743733053767,0
tests\test_blueprints.py,48f2afbf900560af061d50c73e4d3f9422ce4dbe,2021-11-12,David Lord,same blueprint cannot be registered with same name,0,46,14,2618,0.0,701,151,155,1.026,3,2899,0.887,0.14550297684081506,0
flask\helpers.py,fedc06c2950a4c9930082a014d0f8da6ee0193be,2010-07-04,Armin Ronacher,dropped pkg_resources,0,5,2,1,0.0,121,13,44,3.385,21,1503,2.077,0.14547544057237763,0
tests\test_cli.py,bcde664f9a3f6ef3b3d33c6c4e7c3cb3acc2af30,2020-02-10,David Lord,cli checks for cryptography library,0,45,27,1365,0.0,451,63,68,1.079,3,2032,1.032,0.1453577266607863,0
flask\testsuite\helpers.py,fc2caa4b9c75a6ee8569495008efd1f37c27a8cb,2011-08-26,Armin Ronacher,Changed assert to self.assert_ where it was still in place,0,2,1,0,0.0,239,29,36,1.241,2,1081,0.586,0.14534931644359875,0
src\flask\app.py,6a4e7e948d7e5bd5b2b76c1b7f1a0392644bee1e,2021-06-01,Pascal Corpet,improve typing for `app.errorhandler` decorator,0,51,14,731,0.0,799,68,207,3.044,15,9224,2.074,0.14534078130305483,0
src\flask\app.py,491ea32803cb05fb8fc4dfb81ec6c96f94529eb0,2021-06-01,laggardkernel,Optimize loop in Flask._find_error_handler(),0,50,13,731,0.0,797,68,207,3.044,15,9223,2.074,0.14534078130305483,0
src\flask\sessions.py,282d8621dd4bdc3ee74e0d67b180e03f5f23899f,2021-11-16,David Lord,"document session lifetime and possible concurrency issues

Co-authored-by: Evgeny Prigorodov <eprigorodov@gmail.com>",0,11,4,898,0.0,181,23,42,1.826,8,1872,2.391,0.14531021735715394,0
tests\test_blueprints.py,714b0a467acab54091d8aeb73403d808abfbcf5b,2021-05-21,pgjones,"Fix blueprint self registration

By raising a ValueError if attempted. I don't see a use case that
makes this worth supporting.",0,42,13,2443,0.0,617,128,132,1.031,3,2565,0.961,0.1452761646816843,0
src\flask\config.py,10425fb9b13d977128f18c1051fb93edc9aee2de,2021-05-20,David Lord,re-add deprecated Config.from_json method,0,12,4,719,0.0,108,12,33,2.75,5,1377,2.917,0.14524081268987055,0
tests\test_cli.py,f25b5000fd7b85418d8ff85b070821748ef14f19,2019-05-31,Daniel Pope,"Do not register empty CLI groups from Blueprint

(Fixes #3224)",0,40,25,1109,0.0,447,62,67,1.081,3,1967,1.032,0.14521019538340016,0
tests\test_blueprints.py,96c97dec095f204b8a557c5ea804afdd329e3c43,2022-06-06,David Lord,deprecate before_first_request,0,47,14,2824,0.0,702,151,155,1.026,3,2902,0.887,0.14514297684081506,0
flask\config.py,06857c9ba58fb3b93daa3604538ccd3fd2f1d07e,2014-03-13,Daniel Neuhäuser,Add Config.get_namespace to CHANGES,0,25,8,1348,0.0,80,10,29,2.9,6,1041,2.7,0.1450079096288191,0
flask\config.py,ba80e1e33bd93fd895d1b88853f47fb30cd0b670,2014-03-13,Daniel Neuhäuser,Fix Python 3 compat issue in Config.get_namespace,0,24,8,1348,0.0,80,10,29,2.9,6,1038,2.7,0.1450079096288191,0
src\flask\blueprints.py,a960236117442bec67f89c30dfa014e05483da5a,2021-05-25,Marat Sharafutdinov,Fix type annotation for `before_request` and `before_app_request` decorators,0,30,7,724,0.0,321,33,77,2.333,22,2472,2.515,0.14500493733053768,0
scripts\flaskext_migrate.py,8488a3afa97e12297bdb22586e17b4c0ddf54175,2015-02-11,Keyan Pishdadian,"Change parsing format to use AST via RedBaron

Moved away from using manual parsing. Source is parsed using RedBaron to make the FST. Some import form",0,2,1,4,0.0,31,3,7,2.333,5,155,1.333,0.1449120297508745,0
tests\test_apps\cliapp\factory.py,fb845b90328278f4a557f898024a53800752fd53,2017-07-14,David Lord,"allow local packages in FLASK_APP
don't require .py extension in FLASK_APP
add tests for nested package loading
parametrize cli loading tests",0,1,1,50,0.0,8,3,3,1.0,1,38,1.333,0.14490537598758454,0
tests\test_testing.py,69f9845ef2da3051d74d4dade3e88ccf5b2ee3de,2022-07-13,David Lord,add json provider interface,0,42,14,2861,0.0,284,47,49,1.043,2,1220,1.043,0.14488475052478725,0
tests\test_basic.py,261e4a6cf287180b69c4db407791e43ce90e50ad,2023-01-18,David Lord,fix flake8 bugbear errors,0,111,46,3050,0.0,1430,254,273,1.075,3,5927,0.937,0.14487526104257703,0
tests\test_basic.py,99b34f7148b77d4b1311593590629c2bc8e8e772,2023-01-20,David Lord,move and update flake8 config,0,112,46,3053,0.0,1430,254,273,1.075,3,5927,0.937,0.14487526104257703,0
setup.py,528ae04be024ea27881f4c45e23590c011a8ea66,2010-06-18,Armin Ronacher,HEAD is 0.5-dev,0,12,2,73,0.0,35,1,1,1.0,1,199,0.0,0.14473244187416892,0
flask\testsuite\blueprints.py,079ae20f24e23ba4ab32faeca88705b247fd3eb2,2013-09-06,Wouter Van Hemel,Add tests for user-defined exceptions in blueprints,0,20,5,741,0.0,684,123,135,1.098,5,2828,0.618,0.1446695998790952,0
tests\test_blueprints.py,99afbb277d25d3b052e00b9a8da216054d51d62a,2021-05-21,pgjones,"Fix blueprint nested url_prefix

This ensures that the url_prefix is correctly applied, no matter if
set during the registration override or when cons",0,39,13,2443,0.0,603,126,130,1.032,3,2484,0.944,0.14466006802413067,0
examples\minitwit\minitwit.py,dfecc86dd315586bec8f5f0838195d03ba7165d3,2010-05-27,Armin Ronacher,Ported examples over to new config. documented upgrading,0,13,3,51,0.0,172,17,44,2.588,9,976,0.588,0.14464013868817618,0
flask\helpers.py,c4f64c1c475badaeef009ad46846e32a8e5c9b66,2010-07-02,Justin Quick,working import layout for module,0,1,1,0,0.0,112,14,41,2.929,15,1386,1.714,0.14458478167597977,0
flask\__init__.py,9e1111c2fbc2c7670eb489df0262a90417b96019,2010-07-04,Armin Ronacher,Fixed JSON availability test.  This fixes #77,0,6,2,1,0.0,11,0,0,0.0,0,117,0.0,0.14457104042174562,0
src\flask\json\__init__.py,524fd0bc8cec7bfe8167c9c98cb5511b01a0f4c6,2020-04-04,David Lord,apply pyupgrade,0,3,1,308,0.0,152,14,57,4.071,12,1520,2.357,0.14452852902249463,0
src\flask\scaffold.py,3351a8677e5bd1e1b8cfe2860b73b3422cde4f31,2022-06-05,David Lord,add errorhandler type check tests,0,30,14,673,0.0,317,39,71,1.821,10,3795,2.128,0.14449147292685177,0
flask\cli.py,d2d8e66130f8aabf8e0e4b80a42352f8ef93c347,2014-05-02,Armin Ronacher,Fixed flask tests,0,6,2,3,0.0,231,21,60,2.857,8,1461,2.143,0.14443498965840637,0
src\flask\json\__init__.py,43483683b2bc8da85f00ccccdfb8d9d5c77a6bb3,2019-06-01,David Lord,apply reorder-python-imports pre-commit config,0,1,1,0,0.0,155,14,58,4.143,12,1545,2.357,0.1443592011605074,0
flask\app.py,77e2fbf249031a7adb7e745f15ad5645027b5994,2010-07-05,Armin Ronacher,Added a separate logging module,0,18,2,2,0.0,241,31,70,2.258,6,3878,2.097,0.1442783871760501,0
src\flask\app.py,6d5ccdefe29292974d0bb8e1d80dcd1a06f28368,2021-04-12,pgjones,"Bugfix iscoroutinefunction with Python3.7

See this Python bug https://bugs.python.org/issue33261. The
iscoroutinefunction doesn't recognise partially",0,37,11,681,0.0,717,67,202,3.015,15,8671,2.075,0.14420312476877112,0
src\flask\scaffold.py,e0dad454810dd081947d3ca2ff376c5096185698,2022-07-08,David Lord,update docs about contexts,0,35,15,706,0.0,339,40,77,1.925,14,3797,2.15,0.1441698010378979,0
src\flask\scaffold.py,69f9845ef2da3051d74d4dade3e88ccf5b2ee3de,2022-07-13,David Lord,add json provider interface,0,36,15,710,0.0,337,40,77,1.925,14,3801,2.15,0.1441698010378979,0
src\flask\scaffold.py,9b44bf2818d8e3cde422ad7f43fb33dfc6737289,2022-07-06,Phil Jones,"Improve decorator typing (#4676)

* Add a missing setupmethod decorator

* Improve the decorator typing

This will allow type checkers to understa",0,34,15,704,0.0,339,40,77,1.925,14,3806,2.15,0.14415924385314716,0
src\flask\scaffold.py,84c722044ad03f7f5384f5314c8350b3a13d8dfa,2022-07-01,David Lord,new debug/test preserve context implementation,0,33,15,699,0.0,337,40,77,1.925,14,3778,2.15,0.14415924385314716,0
flask.py,35fd6eb22c4dec893770dd5720a51608a06fb8cd,2010-05-27,Armin Ronacher,Use uppercase for config and support any object.,0,76,7,51,0.0263,480,74,149,2.014,15,6159,2.054,0.14408707227902467,0
examples\persona\persona.py,9ab59871007c12fad03f43ac08f889e4c080e64d,2014-04-29,Armin Ronacher,Updated the examples to be cli based,0,3,2,323,0.0,35,4,7,1.75,3,175,0.0,0.14403101778935704,0
flask\config.py,b290bf4079bc325d6b13f9043afb17c4aee48df0,2013-08-07,Matt Wright,Add ability to config from a JSON file,0,20,7,1130,0.0,70,9,25,2.778,6,907,2.667,0.14402804170449843,0
tests\test_testing.py,9f9550247a2798b9dcc28081c15e266442f4e28a,2023-08-21,David Lord,"bump werkzeug 2.3.7

use importlib.metadata.version",0,46,14,3265,0.0,279,47,49,1.043,2,1178,1.0,0.14401979163909964,0
tests\test_testing.py,5bb30270d2e68d8d9278ac6f5abf67049acba662,2023-08-21,David Lord,"bump werkzeug 2.3.7

use importlib.metadata.version",0,45,14,3265,0.0,279,47,49,1.043,2,1178,1.0,0.14401979163909964,0
src\flask\sessions.py,b707bf443afe856b77e09b7a41592f10d46e02df,2022-03-15,uedvt359,"Preserve HttpOnly flag when deleting session cookie

fixes #4485",0,12,4,1017,0.0,186,23,42,1.826,8,1874,2.391,0.14399247243185478,0
flask\app.py,77d293cf49e586f03fbea96d0bae237bc7ed230f,2013-06-01,Armin Ronacher,Order JSON keys by default to avoid trashing HTTP caches,0,167,24,1065,0.0,646,81,195,2.407,10,8640,2.012,0.14397260850485907,0
flask\app.py,ef72b78042d7feffc864e7f2da3f62835fc63ee8,2013-06-03,Armin Ronacher,Imply the |safe on tojson in templates and change escaping logic,0,169,24,1066,0.0,646,81,195,2.407,10,8640,2.012,0.14397260850485907,0
flask.py,3b36bef2e6165bb4dad73d17f23ee1879e99f497,2010-04-08,Armin Ronacher,"Improved documentation, added a contextmanager for request binding",0,2,1,2,0.0,186,30,51,1.7,6,2087,1.933,0.14390757884232488,0
src\flask\logging.py,1263d3bd142e4964da123f4e59088aa2968ec7e5,2020-04-04,David Lord,remove deprecated code,0,5,2,308,0.0,29,3,11,3.667,5,294,0.667,0.14387661207396021,0
tests\typing\typing_app_decorators.py,54ff9b297276a3add08c8faf1557b5e359b3ab99,2023-11-09,David Lord,use ruff linter and formatter,0,2,2,489,0.0,22,6,6,1.0,1,62,0.667,0.1438553129156885,0
flask\sessions.py,e666f7a69c737fef8236237671be4da5910e9113,2019-06-22,David Lord,standardize license and copyright,0,56,23,2907,0.0,159,22,41,1.864,8,1691,2.409,0.14383359517929376,0
tests\test_session_interface.py,82c2e0366ce6b74a3786a64631ce58b85b3a7d4e,2022-07-08,David Lord,remove uses of LocalStack,0,2,2,521,0.0,17,4,4,1.0,1,79,1.75,0.1437817868924997,0
flask\sessions.py,e4ebbd3f5befca0f6891def3ebf292f756ec5f3b,2019-01-06,xtreak,Fix DeprecationWarning on collections import,0,54,21,2740,0.0,159,22,41,1.864,8,1697,2.409,0.14371185620034693,0
scripts\flask-07-upgrade.py,e4c712ffd2682f963906e1d0d27e67b7f83d95ce,2016-05-31,Frédéric Chapoton,a few more python3-compatible print (#1840),0,17,4,1822,0.0,227,19,81,4.263,11,1088,1.526,0.14367564461864812,0
flask\cli.py,ed9e458850a548ceb6027bf25a657f26595656ff,2014-04-28,Erik Rose,Fix a docstring type in cli.py.,0,3,1,0,0.0,226,21,60,2.857,8,1423,2.048,0.14365859830836022,0
src\flask\config.py,2bd7aed1a4e257b00df4282b96e7e96edc4567f6,2021-11-12,David Lord,remove deprecated config.from_json,0,14,5,895,0.0,98,11,32,2.909,5,1277,2.909,0.14361103681666273,0
tests\test_cli.py,025589ee766249652e2e097da05808fe64911ddc,2019-05-06,David Baumgold,"Reformat with black

https://github.com/python/black",0,36,21,1085,0.0,411,56,61,1.089,3,1785,1.107,0.14360840636892783,0
flask\sessions.py,382b13581ed44e0bc740968353bb5a25945bafdf,2018-01-23,David Lord,clean up samesite docs,0,52,21,2392,0.0,159,22,41,1.864,8,1695,2.409,0.14358247861455709,0
flask\app.py,a327452540bbcffe73207f8164504115b6c9e856,2010-10-22,Pedro Algarvio,"Better handling for `test_request_context` don't just append the port.
Also implemented a proper initial environment to use with
`Flask.test_app()` ba",0,40,5,111,0.0,282,33,79,2.394,6,4457,2.061,0.14349581825936972,0
flask\cli.py,80a9e0edf6208b3c1c9bc28bfb1a5f04b1f59e1d,2018-04-18,David Lord,"app.run is not lazy
use click.echo for banner messages",0,89,29,1451,0.0,550,35,147,4.2,12,3394,2.343,0.14348483571487317,0
tests\test_testing.py,82c2e0366ce6b74a3786a64631ce58b85b3a7d4e,2022-07-08,David Lord,remove uses of LocalStack,0,40,13,2856,0.0,284,47,49,1.043,2,1220,1.043,0.14342551894225547,0
tests\test_testing.py,91044c4d769efa7f20455e1b70457a7da95c26d8,2022-07-09,pgjones,"Change _cv_req -> _cv_request

This is a clearer name for the variable.",0,41,13,2857,0.0,284,47,49,1.043,2,1220,1.043,0.14342551894225547,0
examples\minitwit\minitwit.py,727c701686c18c4a27ca523eb0c5862d497be24e,2010-04-09,Armin Ronacher,And finished documentation for most parts.,0,4,2,3,0.0,172,17,44,2.588,9,888,0.588,0.14340497607031175,0
examples\minitwit\minitwit_tests.py,3053fcdb0d6189ad1deca6fcfa16443dad4baf8c,2010-04-20,Armin Ronacher,"Make the example tests pass on Windows.

Also updated the documentation regarding that.",0,2,1,9,0.0,99,11,14,1.273,3,654,1.818,0.1433933477841252,0
tests\test_subclassing.py,310fbfcf64f40f237068fddbbbe45315f9935eca,2018-02-08,David Lord,"revert copyright year to project start
add copyright header to files",0,7,3,1246,0.0,15,3,3,1.0,1,81,0.667,0.14333221095829965,0
flask\blueprints.py,f034d8d3451f590fca1badeac5da0230bed9b148,2012-10-07,Armin Ronacher,"Add @template_test() decorator for creating custom jinja2 tests, like existing @template_filter() for filters.  Fixes #332",0,18,6,496,0.0,167,39,53,1.359,4,1710,2.333,0.14323291445548128,0
tests\test_cli.py,2beedabaafb16f2ba255c54c0875beb0d43664fd,2018-01-23,David Lord,add HTTPS support for flask run command,0,28,17,617,0.0,346,46,51,1.109,3,1575,1.065,0.14308353942257898,0
src\flask\json\__init__.py,f2f027d1fbc12f3ff24f3e471e11ac56e1a5d869,2020-04-04,David Lord,remove unused module docstrings,0,5,1,308,0.0,152,14,57,4.071,12,1512,2.357,0.14299284893386782,0
flask\app.py,f74f446961f9fd8ecb2edffca53b82016cc41343,2013-04-04,Trey Long,"fixing process_response

Flask.process_response will throw away functions is receives from ctx._after_request_functions if there is a Blueprint that h",0,154,21,1006,0.0,639,79,192,2.43,10,8610,2.025,0.14289534634143905,0
flask\testsuite\subclassing.py,9f8a2075c79fec1b5481f5a5a95bb23b40bf68f2,2013-05-22,Daniel Neuhäuser,Use assert_in where appropriate,0,5,4,625,0.0,26,4,4,1.0,1,118,0.75,0.14287986861555635,0
flask\sessions.py,fe85970665ea3a38f9c6a8ef4756ff3a913850b6,2012-08-11,Armin Ronacher,"Various improvements in regards to the itsdangerous usage, bumped to 0.17",0,11,1,400,0.0,129,21,44,2.095,9,1318,2.19,0.14277960079100085,0
tests\test_cli.py,523e27118359425048541d92892f20ee048c0b76,2016-05-26,Armin Ronacher,Implemented simplified CLI interface,0,2,2,10,0.0,83,16,16,1.0,1,394,0.438,0.14273447767261827,0
tests\test_helpers.py,192da325f8b171e7512bea13edd4ddd3330a6ca8,2014-09-11,Markus Unterwaditzer,Testsuite is not a package,0,7,1,0,0.0,539,68,80,1.176,3,2190,0.882,0.14273340215167674,0
src\flask\blueprints.py,714b0a467acab54091d8aeb73403d808abfbcf5b,2021-05-21,pgjones,"Fix blueprint self registration

By raising a ValueError if attempted. I don't see a use case that
makes this worth supporting.",0,28,7,719,0.0,319,33,77,2.333,22,2461,2.515,0.14268743733053765,0
tests\test_testing.py,9cb1a7a52d7927071e2b737d52f902f006969e82,2023-04-13,David Lord,"blinker is required, signals are always available",0,44,14,3135,0.0,278,47,49,1.043,2,1198,1.043,0.14265932660182365,0
flask\exceptions.py,4c27f7a8c4bbe6621681178be716e6270067a3ad,2013-05-23,Armin Ronacher,Removed incorrect JSON exception subclasses,0,2,2,436,0.0,12,2,2,1.0,1,170,2.0,0.14265044477589256,0
tests\test_cli.py,ec1ccd753084c6ff3215b9a64ba46d6af56715bd,2019-05-24,Anthony Plunkett,"Add Blueprint level cli command registration

Implements #1357.
Adds ability to register click cli commands onto blueprint.",0,38,23,1103,0.0,442,61,66,1.082,3,1926,1.033,0.14262481272844463,0
tests\test_testing.py,84c722044ad03f7f5384f5314c8350b3a13d8dfa,2022-07-01,David Lord,new debug/test preserve context implementation,0,39,13,2849,0.0,283,47,49,1.043,2,1215,1.043,0.1425716289991815,0
flask\app.py,68473291344629dff3955fdc07776f2fca7b9b69,2011-08-09,Armin Ronacher,Flask will now give you an error in debug mode if a post request caused a redirect by the routing system.,0,88,14,402,0.0,502,60,146,2.433,8,6954,1.983,0.1425648184426792,0
flask\wrappers.py,a69b437af705dc8fa4e1b38b86ddad77d6dedb54,2011-08-05,Armin Ronacher,Cleanup for the json property,0,15,4,398,0.0,41,5,13,2.6,4,502,1.0,0.14246596761654795,0
flask\blueprints.py,8284217593d5ea3d4bdeaed1e146fa94578b7999,2014-11-05,defuz,"docs: ``True``, ``False`` and ``None``",0,27,10,1255,0.0,181,44,59,1.341,4,1878,2.318,0.1424426257634898,0
flask\testsuite\subclassing.py,239780be289efd365c07be2f60bab9223388399e,2013-05-22,Daniel Neuhäuser,"Use assert_true instead of assert_

assert_ is deprecated which causes annoying warnings",0,4,4,624,0.0,26,4,4,1.0,1,119,0.75,0.14240608649378605,0
src\flask\app.py,00f5a3e55ca3b6dd4e98044ab76f055dc74997ac,2021-04-06,pgjones,"Alter ensure_sync implementation to support extensions

This allows extensions to override the Flask.ensure_sync method and
have the change apply to b",0,35,11,675,0.0,707,66,199,3.015,15,8624,2.091,0.14238507965598918,0
tests\flask_tests.py,5310fc38227b1907cb541f4a30ea8dfef46c2e19,2010-04-17,Armin Ronacher,"Session falls back to a dummy object now if secret_key is missing.

This makes it possible to still read-only access the empty session but
requires th",0,3,1,3,0.0,169,32,34,1.062,3,684,0.531,0.1422689673386417,0
flask\sessions.py,025589ee766249652e2e097da05808fe64911ddc,2019-05-06,David Baumgold,"Reformat with black

https://github.com/python/black",0,55,22,2860,0.0,159,22,41,1.864,8,1697,2.409,0.14202535177556816,0
examples\flaskr\flaskr\__init__.py,fa087c89298e0c91abff45b3ee7033889d2dd5d7,2016-10-30,Kyle Lawlor,"Fixes import statement in flaskr (#2068)

- `from flaskr.flaskr import app` in flaskr/__init__.py
  causes an import error with Python 2
- The relat",0,3,2,116,0.0,1,0,0,0.0,0,4,0.0,0.1418652013882705,0
flask\app.py,05479eb95424ca6bd2b88b9895858b19ea58af7d,2013-06-05,Armin Ronacher,Some reindentation cleanup,0,170,24,1068,0.0,646,81,195,2.407,10,8640,2.012,0.14185496144603554,0
src\flask\scaffold.py,a406c297aafa28074d11ec6fd27c246c70418cb4,2022-05-23,David Lord,apply setupmethod consistently,0,26,13,660,0.0,313,39,71,1.821,10,3720,2.154,0.1417823776057252,0
flask\app.py,19d32cb17285e2614d8aecbf4b0f63cfdac629cf,2012-01-16,Ron DuPlain,"Update Flask.run signature, note defaults.",0,118,15,563,0.0,549,67,162,2.418,8,7327,2.015,0.14178234876733853,0
flask\app.py,49b77fbc7aa826efbf0b58d6973ef02c50e8fc66,2012-01-17,Ron DuPlain,Add missing colons to versionadded.,0,119,15,563,0.0,549,67,162,2.418,8,7327,2.015,0.14178234876733853,0
flask\cli.py,a913b4dafd1d85cfa1d8bafeea5417748de8d487,2018-05-17,Briehan Lombaard,SSLContext was added in Python 2.7.9,0,93,29,1480,0.0,553,35,148,4.229,12,3408,2.343,0.14177114515251626,0
src\flask\app.py,9f7c602a84faa8371be4ece23e4405282d1283d2,2021-03-10,David Lord,move _PackageBoundObject into Scaffold,0,31,11,648,0.0,704,65,197,3.031,15,8928,2.092,0.1417447969880833,0
tests\test_subclassing.py,43483683b2bc8da85f00ccccdfb8d9d5c77a6bb3,2019-06-01,David Lord,apply reorder-python-imports pre-commit config,0,9,4,1723,0.0,15,3,3,1.0,1,81,0.667,0.14171534778801412,0
tests\test_testing.py,04c21387dbc454fb59cae9c9bb21a13358cb5a34,2023-04-12,David Lord,update test cookie handling for Werkzeug 2.3,0,43,14,3134,0.0,283,47,49,1.043,2,1216,1.043,0.14166925784704906,0
tests\test_cli.py,5bb30270d2e68d8d9278ac6f5abf67049acba662,2023-08-21,David Lord,"bump werkzeug 2.3.7

use importlib.metadata.version",0,74,32,2652,0.0,475,67,72,1.075,2,2107,1.0,0.14165761457446063,0
tests\test_cli.py,9f9550247a2798b9dcc28081c15e266442f4e28a,2023-08-21,David Lord,"bump werkzeug 2.3.7

use importlib.metadata.version",0,75,32,2652,0.0,475,67,72,1.075,2,2107,1.0,0.14165761457446063,0
examples\minitwit\minitwit.py,d3ca55177a9f39de526143c59edc049d28f4424c,2011-08-25,Armin Ronacher,Updated the docs and examples to non-failing teardown handlers,0,16,3,506,0.0,172,17,45,2.647,9,982,0.588,0.1416451693254234,0
tests\test_blueprints.py,c2920e2bd98cdb3dcccc2868c25b695d4780c620,2021-05-21,pgjones,"Bugfix allow blueprints to be registered with a different name

This allows the same blueprint to be registered multiple times at the
same level, but ",0,40,13,2443,0.0,611,127,131,1.031,3,2529,0.953,0.14152963324152198,0
src\flask\app.py,64206c13c2bff0220328845db0995f451cefd3b1,2021-01-29,David Lord,simplify InternalServerError.original_exception,0,26,10,608,0.0,708,66,198,3.0,15,8952,2.076,0.14150179530506457,0
flask\wrappers.py,48f7cdd01699fdc4048b18d827fccfbf9f266c9f,2012-09-06,Finbarr O'Callaghan,various typo fixes,0,26,6,796,0.0,54,7,20,2.857,5,679,1.143,0.14143696058504668,0
tests\test_testing.py,c6795eb626096ce8a14c594b27b61f3917b5e810,2014-09-21,Markus Unterwaditzer,Remove useless unittest imports,0,6,1,9,0.0,187,24,29,1.208,2,725,0.125,0.1414363398315089,0
tests\typing\typing_route.py,4bf7415a9692b0c1a69cd50a17c1cbda4a75931b,2022-07-14,Matthijs van der Vleuten,allow TypedDict as a response value,0,5,3,43,0.0,72,18,21,1.167,2,320,0.278,0.14142925426135133,0
flask\testsuite\blueprints.py,fc2caa4b9c75a6ee8569495008efd1f37c27a8cb,2011-08-26,Armin Ronacher,Changed assert to self.assert_ where it was still in place,0,2,1,0,0.0,340,56,62,1.107,5,1385,0.554,0.1414095479264155,0
flask\app.py,3d9055b3b73b1d09f933bfd070f704e9e8bdff2a,2013-06-01,Armin Ronacher,Added the JSONIFY_PRETTYPRINT_REGULAR config variable.  This fixes #725,0,166,24,1064,0.0,645,81,195,2.407,10,8638,2.012,0.1414011799334305,0
src\flask\json\__init__.py,a74e266474f0981e9fc0d54d5dc430386823e4d7,2022-05-03,Stanislav Bushuev,skip coverage for TYPE_CHECKING,0,22,7,1067,0.0,93,10,33,3.3,7,1388,2.6,0.1412483132943289,0
flask\wrappers.py,ac99cd33a827f0694d718dae5f2699430263ed7e,2011-08-05,Armin Ronacher,Better internal method name,0,18,4,399,0.0,48,6,18,3.0,5,558,1.0,0.14120403781363106,0
tests\test_testing.py,54ff9b297276a3add08c8faf1557b5e359b3ab99,2023-11-09,David Lord,use ruff linter and formatter,0,47,14,3345,0.0,276,47,48,1.021,2,1173,1.0,0.14117534091161257,0
flask\app.py,47288231fe8f9c6b2c413d50160c32c3884d5785,2012-04-09,Armin Ronacher,Implemented a separate application context.,0,123,16,646,0.0,551,68,163,2.397,8,7460,2.0,0.14110172930106685,0
flask\app.py,46e7bc70833e803657726aaff7c63ca4f4865c79,2012-01-16,Joe Esposito,"In Flask.run, now when the host/port argument is None, it will use its default value.",0,117,14,563,0.0,549,67,162,2.418,8,7321,2.015,0.1410043718147137,0
tests\flask_tests.py,ca520fb7e4c29afccc637e61c11429a0f3e8d5ad,2010-04-14,Armin Ronacher,"Static files are active in the WSGI app now, not just the server.",0,1,1,0,0.0,156,30,30,1.0,1,628,0.433,0.1409483726613017,0
examples\blueprintexample\blueprintexample.py,310fbfcf64f40f237068fddbbbe45315f9935eca,2018-02-08,David Lord,"revert copyright year to project start
add copyright header to files",0,3,3,2170,0.0,7,0,0,0.0,0,49,0.0,0.14092996666595195,0
flask\app.py,56177bcbd16f9e73252d7af7c78d25dc60ed946d,2012-01-17,Ron DuPlain,"Document app.testing=True for test client, #381.",0,120,15,564,0.0,549,67,162,2.418,8,7407,2.015,0.1408795274507241,0
flask\cli.py,ff034e42cfb665dc9123c95e51ad3d1455322bd5,2014-04-28,Armin Ronacher,Added a missing docstring,0,1,1,0,0.0,224,21,59,2.81,8,1414,2.048,0.14083570799381498,0
flask\app.py,efd6e468aefbf977704aa9aff52e84686c00958b,2013-06-09,Armin Ronacher,"Removed view_func from route documentaiton.

This fixes #763.",0,173,24,1072,0.0,650,81,197,2.432,10,8668,2.012,0.14082639001746408,0
flask\app.py,62dbe0e1ca8b0fc4a0d5384948db6112cfaf91d2,2013-06-07,Armin Ronacher,The default run method is now accepting the port from the SERVER_NAME.,0,171,24,1070,0.0,650,81,197,2.432,10,8680,2.012,0.14082639001746408,0
flask\app.py,94c6ae51d70156bc23a400635d60ae3b99df3e73,2013-06-07,Armin Ronacher,Some small cleanup,0,172,24,1070,0.0,650,81,197,2.432,10,8682,2.012,0.14082639001746408,0
flask\app.py,6565bd848e68097fd827040af6c9e712f759d07b,2013-06-12,Mark Steve Samson,Fix typo,0,174,24,1075,0.0,650,81,197,2.432,10,8668,2.012,0.14082639001746408,0
src\flask\wrappers.py,524fd0bc8cec7bfe8167c9c98cb5511b01a0f4c6,2020-04-04,David Lord,apply pyupgrade,0,2,1,308,0.0,47,7,18,2.571,5,578,1.286,0.1406668350989789,0
flask\app.py,f1918093ac70d589a4d67af0d77140734c06c13d,2013-05-30,Armin Ronacher,Changed teardown error handling to be more reliable.,0,165,24,1062,0.0,644,81,195,2.407,10,8636,2.012,0.1406511799334305,0
flask\views.py,e666f7a69c737fef8236237671be4da5910e9113,2019-06-22,David Lord,standardize license and copyright,0,26,19,2916,0.0,44,5,13,2.6,5,703,2.8,0.14061353703159427,0
src\flask\cli.py,c2705ffd9ce1dc8476cb29eaf5ff5d4c719852d9,2025-09-19,David Lord,merge app and request context,0,63,18,2302,0.0159,691,34,161,4.735,18,4382,2.618,0.14060035431738568,0
tests\test_helpers.py,af515cc7ea561292b07195c6a93662b7ca189e21,2016-06-05,Prachi Shirish Khadke,"Add last_modified arg for send_file

Enhancement: Add last_modified arg of type DateTime to send_file.

Fixes pallets/flask#1321",0,25,12,632,0.0,652,83,101,1.217,3,2774,0.843,0.1405683998961038,0
tests\test_cli.py,7106fb63578deef49741096d3d5aa04db89e15ae,2017-05-25,Hendrik Makait,Handle app factory with arguments in FLASK_APP,0,19,16,373,0.0,246,38,39,1.026,2,1080,0.974,0.1405213999909963,0
tests\test_signals.py,93c190a8fd81355dd4ac4f567821ff28ad021d5b,2014-10-07,Davide Ceretti,Add unittest for appcontext_tearing_down signal,0,6,1,25,0.0,131,22,28,1.273,2,446,0.818,0.1404846159295006,0
tests\test_blueprints.py,9409be6e34e153bfdb0aac2c9eb7f60110109172,2021-05-21,David Lord,warn when registering same blueprint with same name,0,41,13,2443,0.0,613,127,131,1.031,3,2548,0.953,0.14041239186221166,0
flask\wrappers.py,b146d8277ab90cf6d43ea54113383076e4fd0318,2012-10-07,Armin Ronacher,Added wrapper module around simplejson/json for much simplified customization.,0,27,7,828,0.0,52,7,19,2.714,5,674,1.143,0.14040351159530065,0
flask\app.py,1b40b3b573f5d98cf9fbc453305cd535c0b2578d,2013-06-02,Armin Ronacher,Fixed request context preservation and teardown handler interaction.,0,168,24,1066,0.0,648,81,196,2.42,10,8681,2.012,0.14037260850485908,0
flask\config.py,486c1089b0ce968b74e81649cdceb0e158157036,2014-07-27,Daniel Neuhäuser,Base from_json on from_mapping,0,27,8,1484,0.0,94,11,34,3.091,7,1108,2.727,0.14027734173168932,0
src\flask\app.py,7029674775023c076a1dc03367214d178423809a,2021-03-10,David Lord,rewrite Scaffold docs,0,32,11,648,0.0,701,65,197,3.031,15,8598,2.092,0.14018935249453374,0
src\flask\app.py,6979265fa643ed982d062f38d386c37bbbef0d9b,2021-04-06,pgjones,"Add `async` support

This allows for async functions to be passed to the Flask class
instance, for example as a view function,

    @app.route(""/"")
  ",0,34,11,675,0.0,701,65,197,3.031,15,8578,2.092,0.14018935249453374,0
src\flask\app.py,25ab05e6a2ae248ab76002807d47c23952492f17,2021-03-10,David Lord,remove old note about InternalServerError,0,33,11,648,0.0,701,65,197,3.031,15,8572,2.092,0.14018935249453374,0
flask\helpers.py,532347d6adf1da64259f1af91860d5fa27bac9f1,2010-07-04,Armin Ronacher,phased out shared data middleware in flask for send_file,0,4,2,1,0.0,131,14,47,3.357,21,1553,1.929,0.14017147116583636,0
flask\testsuite\test_apps\blueprintapp\apps\frontend\__init__.py,bafc13981002dee4610234c7c97ac176766181c1,2014-09-03,Armin Ronacher,Added EXPLAIN_TEMPLATE_LOADING to help people debug templates not being loaded.,0,1,1,1104,0.0,8,2,2,1.0,1,29,0.0,0.14006843434119504,0
setup.py,ce6e4cbd73d57cb8c1bba85c46490f71061f865f,2010-05-28,Armin Ronacher,"0.5 is 0.3 now, why skip numbers?",0,9,2,51,0.0,29,0,0,0.0,0,174,0.0,0.14001023432547516,0
tests\test_reqctx.py,5da2c00419d09ce2d3488263036ffd14563fb05a,2014-09-11,Markus Unterwaditzer,Rewrite assertion methods,0,2,1,0,0.0,152,20,24,1.2,2,513,0.5,0.13997809684070114,0
flask\wrappers.py,2e022cb2727cfa99355261f2c18d1e0fc56e82ee,2011-08-05,Armin Ronacher,Added debughelpers.  Flask will now tell you if you forget enctype,0,16,4,398,0.0,48,6,17,2.833,4,554,1.0,0.13992340286630045,0
tests\test_blueprints.py,401423df063e82bdac25c5b94ed4edc33e05de5e,2018-02-23,David Lord,"only strip one slash when registering blueprint
add test and changelog",0,21,7,1261,0.0,574,121,127,1.05,3,2430,0.876,0.1398564741460467,0
flask\sessions.py,261c4a6aee88361e0de5d86061d873bbad2cb3a9,2012-10-07,Armin Ronacher,Updated documentation for the new sessions,0,12,1,458,0.0,129,21,44,2.095,9,1314,2.19,0.13979421287824004,0
scripts\flaskext_compat.py,95c4dcb4d50e69b927855cd6a446579d2fe45b4e,2011-09-27,Armin Ronacher,Refactored flask.ext process to not swallow exceptions on weird Pythons.,0,4,1,8,0.0,64,9,25,2.778,6,592,2.111,0.13976924573050808,0
flask\cli.py,076dddb2e1d36edc35df5beecb9eacdcb0541e58,2018-06-13,Suraj Chafle,Fixed 2823,0,94,30,1507,0.0,553,35,148,4.229,12,3406,2.343,0.13968017967769691,0
tests\test_cli.py,4025e27b5714736657f0ac9548170e0ad285c53a,2018-05-31,Grey Li,Add test for routes command when no routes registered,0,32,18,744,0.0,369,51,56,1.098,3,1653,1.098,0.1396778042329034,0
flask\config.py,97411295e3b46080f8976f14e73a6493ca17a2db,2014-02-12,Daniel Neuhäuser,Add Config.from_json to changelog,0,23,8,1319,0.0,70,9,25,2.778,6,910,2.667,0.13963020186058886,0
src\flask\blueprints.py,7f87f3dd93baf45d5f69f02a2dcf4493dfc4a1be,2021-05-03,pgjones,"Simplify the async handling code

Firstly `run_sync` was a misleading name as it didn't run anything,
instead I think `async_to_sync` is much clearer ",0,17,5,701,0.0,286,33,66,2.0,15,2240,2.485,0.1394826701001964,0
flask\cli.py,50227f0954e06853bbadf93d1c62dd03429b6711,2018-06-14,ThiefMaster,"Add option to not overwrite debug flag in cli

This is mainly intended for custom CLIs that may load a config file
which already sets the debug flag a",0,95,31,1507,0.0,557,35,148,4.229,12,3430,2.4,0.1394551796776969,0
tests\test_helpers.py,a0e2aca770c756d9f7de53339e2cf9067a52df11,2020-10-31,David Lord,move json tests to separate file,0,96,38,2242,0.0,485,60,65,1.083,2,2095,1.95,0.1394409362208582,0
tests\conftest.py,1d7281fe0770a97229a2a75189a712cff866b448,2023-05-02,David Lord,"remove egg test

eggs aren't supported, and Python 3.12 removes setuptools",0,26,8,3154,0.0,99,17,23,1.353,3,498,1.294,0.13940471235435103,0
flask\app.py,d628df6ab6c57b34acfb412e135d0d095636c539,2011-11-20,Armin Ronacher,Store session after callbacks.  This fixes #351,0,115,14,505,0.0,542,66,159,2.409,8,7267,2.0,0.13934517515044256,0
tests\test_cli.py,5436dddf64f0103088c4ca212f16efa40c88766a,2017-10-10,David Lord,"rewrite cli errors
consistent order for arguments to load functions
refactor find_app_by_string to flow better
more cli loader tests",0,25,17,511,0.0,317,44,47,1.068,2,1439,1.091,0.13929350972875906,0
flask\testsuite\blueprints.py,e17024e85a30eefa2f491f980c954224f7544867,2013-06-08,Armin Ronacher,Added a testcase for some more routing things between blueprints.,0,19,5,652,0.0,659,118,130,1.102,5,2745,0.619,0.13926063183254717,0
src\flask\app.py,81ba6c24efea58dd00c093448fa2e529c0cda507,2021-02-01,David Lord,remove Jinja 'autoescape' and 'with' extensions,0,27,10,611,0.0,708,66,198,3.0,15,8945,2.076,0.1392517953050646,0
src\flask\app.py,b473e7c97c7c557e64fb84236c7d346b6ad16736,2021-02-01,David Lord,use Jinja's tojson filter,0,28,10,611,0.0,708,66,198,3.0,15,8946,2.076,0.1392517953050646,0
tests\test_blueprints.py,6663bf1f7d5a43633e6434a5dd8ea8f8eccdd616,2018-04-27,ThiefMaster,Fix registering partials as view functions,0,22,7,1323,0.0,576,121,127,1.05,3,2442,0.876,0.13922363329746612,0
src\flask\blueprints.py,63b306743fccdd52079034e82cbbeee182a4361d,2021-05-21,David Lord,changelog for blueprint registered name,0,26,7,719,0.0,309,33,76,2.303,22,2383,2.515,0.13920524839930493,0
examples\jqueryexample\jqueryexample.py,33534bb4a9937e6faba5ecec4586519f453369b6,2015-01-02,Parkayun,Happy New Year 2015,0,3,2,1718,0.0,10,2,2,1.0,1,81,0.0,0.13917033152497585,0
flask.py,cbcd15c3b55cfb05f1b27aa2343f909876f8d3d4,2010-05-24,Armin Ronacher,Beefed up latex output.  Unfortunately parts look ugly.,0,70,7,47,0.0286,439,65,135,2.077,15,5490,2.062,0.1389399302563122,0
src\flask\blueprints.py,9409be6e34e153bfdb0aac2c9eb7f60110109172,2021-05-21,David Lord,warn when registering same blueprint with same name,0,27,7,719,0.0,317,33,76,2.303,22,2449,2.515,0.1388214530901365,0
flask\wrappers.py,91efb90fb3d580bad438c353bdfe4d604051a3a4,2012-04-01,jfinkels,Removed extra blank line to fix ReST formatted documentation string in wrappers.py. Should have gone with pull request #439.,0,24,6,638,0.0,54,7,20,2.857,5,679,1.143,0.13881799078974735,0
tests\test_subclassing.py,66b1b752da1ccc67c1073d4a99c4141a1b2be445,2017-07-31,David Lord,"simplify logging configuration
single default handler and formatter
don't remove handlers
configure level once using setLevel
document logging
reorgan",0,6,2,1053,0.0,15,3,3,1.0,1,81,0.667,0.13880931054045198,0
flask\session.py,16e4d5a6553ff9c89a61c44ddec7da21126b631a,2010-07-07,florentx,Various typos.,0,3,2,3,0.0,16,3,3,1.0,1,141,2.0,0.138775398196124,0
flask\blueprints.py,d4b3d16c142e2189c6faf8f784a195e7f827c596,2014-04-11,Armin Ronacher,Better support for namespace packages.,0,26,10,1048,0.0,181,44,59,1.341,4,1878,2.318,0.138748007730435,0
src\flask\app.py,eb42655c46f8a598f2e0ead624ba5a65a8a66e90,2021-01-29,David Lord,simplify BadRequestKeyError.show_exception,0,25,10,608,0.0,709,66,198,3.0,15,8974,2.076,0.13873256453583382,0
examples\minitwit\minitwit.py,f2dc38cda61f76c64b97ab9f730accc986a4b188,2010-04-11,Armin Ronacher,Added tests for minitwit.  Testing with Flask is awesome,0,6,2,5,0.0,173,17,44,2.588,9,991,0.588,0.13866764601094103,0
tests\test_cli.py,75a9b7465003205981b97fd4a133b07d7c330167,2020-07-26,Martin Thoma,DOC: Remove unnecessary docstrings,0,53,27,1531,0.0,450,63,66,1.048,2,1962,0.937,0.13863285989633944,0
flask\app.py,b3aaf6d5ca4fa53cc78456b2df01ab4d11cec84a,2011-08-10,Armin Ronacher,Refactored package finding,0,95,14,404,0.0,531,64,156,2.438,8,7391,2.0,0.1386073700250435,0
flask\app.py,1e4e578d73b78e2e11696b2e2d0763fd00367521,2010-09-12,Armin Ronacher,Added the extensions dictionary on the application,0,38,4,72,0.0,272,33,77,2.333,6,4417,2.061,0.13854691000992084,0
tests\test_basic.py,a4931ff3a74d9fcd8766bee69a01b62a75a5e131,2014-09-11,Markus Unterwaditzer,Kill class in test_basic,0,5,1,0,0.0,1142,187,207,1.107,3,4469,0.289,0.1385358749836197,0
src\flask\blueprints.py,373f0dd82e68ab7cac7a77344e715dbe68faebd3,2020-11-01,David Lord,update requirements (#3823),0,9,4,518,0.0,208,33,59,1.788,6,1993,2.485,0.13849428763968574,0
src\flask\app.py,dc11cdb4a4627b9f8c79e47e39aa7e1357151896,2020-11-05,David Lord,"move send_file and send_from_directory to Werkzeug

The implementations were moved to Werkzeug, Flask's functions become
wrappers around Werkzeug to p",0,23,10,523,0.0,712,66,200,3.03,15,9021,2.076,0.1384361723064166,0
tests\test_cli.py,db8cb31f2b2c39c1b0800926969c16d44b28ea38,2019-05-19,Adarsh Sharma,Fix #2937: Ensure the consistency in load_dotenv's return type,0,37,22,1098,0.0,412,56,61,1.089,3,1798,1.107,0.13843023652900827,0
flask\app.py,6caaa8a527134dc9aff6d5c442969e96f9c00f21,2013-05-18,Thomas Waldmann,automated change using python-modernize: use 'as' in except,0,157,22,1050,0.0,644,80,193,2.413,10,8626,2.013,0.13841241334523172,0
flask\app.py,097353695e3178a38403b204ae4889c8a32bf997,2013-05-14,Armin Ronacher,Added flask.copy_current_request_context which simplies working with greenlets,0,155,22,1046,0.0,644,80,193,2.413,10,8619,2.013,0.13841241334523172,0
flask\app.py,2ba37d2b85ac2c6cacb62055162e2e7b5e9cc55e,2013-05-14,Armin Ronacher,Fixed some rst markup problems,0,156,22,1046,0.0,644,80,193,2.413,10,8619,2.013,0.13841241334523172,0
flask\logging.py,16e4d5a6553ff9c89a61c44ddec7da21126b631a,2010-07-07,florentx,Various typos.,0,1,1,1,0.0,17,3,5,1.667,2,162,1.333,0.13830075306407322,0
flask\app.py,eb67242e1cb08566a1cd2489933479368a48b4a5,2010-09-10,Armin Ronacher,Fixed a typo in a docstring in app.py,0,37,4,69,0.0,271,33,77,2.333,6,4342,2.061,0.13815504341381807,0
flask\helpers.py,187cb80dcc1b087f1a7b7d4d67afbd531ad01cd2,2011-08-10,Armin Ronacher,Documented instance root,0,49,12,403,0.0204,232,24,82,3.417,27,2573,2.042,0.1381180139329361,0
flask\helpers.py,175d43b2f9c7825b0df4c1049ab571cb1877a807,2011-08-10,Armin Ronacher,Instance paths are now moved into virtualenv/share/appname-instance if installed,0,50,12,403,0.02,232,24,82,3.417,27,2573,2.042,0.1381180139329361,0
tests\test_blueprints.py,2f57a0b917478a028859b9d036b59cf1bba6cad2,2017-10-09,Caratpine,Blueprint view function name should not contain dots,0,19,5,1123,0.0,565,119,125,1.05,3,2390,0.874,0.13808024833053492,0
tests\test_blueprints.py,d7b6c1f6703df405c69da45e7e0ba3d1aed512ce,2023-01-04,Josh Michael Karamuth,"Fix subdomain inheritance for nested blueprints.

Fixes #4834",0,48,14,3036,0.0,733,155,159,1.026,3,3025,0.89,0.1379704219486838,0
examples\minitwit\minitwit.py,b51ecd7f212588b3d7363db90a4ab8318ec2fa80,2011-05-27,Armin Ronacher,Updated examples,0,15,3,416,0.0,171,17,44,2.588,9,978,0.588,0.13791924600603872,0
flask\cli.py,5965cb7e1cfcaa329d811d133af373deb8090ec3,2018-04-29,David Lord,"rename to FLASK_SKIP_DOTENV, add docs, test",0,91,29,1462,0.0,550,35,147,4.2,12,3396,2.343,0.13784963744324163,0
src\flask\sessions.py,a74e266474f0981e9fc0d54d5dc430386823e4d7,2022-05-03,Stanislav Bushuev,skip coverage for TYPE_CHECKING,0,13,5,1067,0.0,186,23,42,1.826,8,1877,2.391,0.13777109922755562,0
flask\app.py,ce4d589d5b7bbda46b9c34211dcd3e1c90ee83c9,2012-01-16,Ron DuPlain,"Add non-decorator template filter methods.

Suggested by @Poincare on GitHub, on @Reisen's pull request:
https://github.com/mitsuhiko/flask/pull/272",0,116,14,563,0.0,545,67,160,2.388,8,7306,2.015,0.13772388799647242,0
examples\minitwit\minitwit.py,fb2d2e446bdd806ea3de7b869c7371e2dae57a23,2010-04-16,Armin Ronacher,"request_init -> before_request and request_shutdown -> after_request

This fixes #9.",0,8,2,9,0.0,173,17,44,2.588,9,990,0.588,0.13764503074283163,0
tests\test_cli.py,84cbfc0698f429c93450cd6f1600e56b41a30247,2020-07-05,Grey Li,Stop change CWD to .env/.flaskenv location,0,52,27,1510,0.0,450,63,66,1.048,2,1986,0.937,0.13762933463194463,0
flask\blueprints.py,f8caa54d31605f8997698d5c6c295ff4cff9ecdb,2011-09-17,Michał Bartoszkiewicz,Fixed Blueprint.app_url_value_preprocessor.,0,14,3,110,0.0,149,31,43,1.387,4,1490,2.484,0.13758085771503814,0
setup.py,510823c1592abe4c57e051e9d21bd134ab7f07a7,2011-06-29,Armin Ronacher,Bumped version number for this branch to 0.7.1,0,21,3,449,0.0,62,4,11,2.75,8,348,0.75,0.1375624368026158,0
setup.py,515e946b020584db7f236eb8ad139f9f32de305f,2011-07-06,Armin Ronacher,master is 0.8-dev,0,22,3,455,0.0,62,4,11,2.75,8,347,0.75,0.1375624368026158,0
flask\blueprints.py,554c5b965a8b9d702897e5da926312cac22fa86e,2015-06-13,Markus Unterwaditzer,Fix #1477,0,30,13,1476,0.0,180,44,59,1.341,4,1876,2.318,0.13754062535672745,0
examples\jqueryexample\jqueryexample.py,9ab59871007c12fad03f43ac08f889e4c080e64d,2014-04-29,Armin Ronacher,Updated the examples to be cli based,0,2,2,1470,0.0,10,2,2,1.0,1,81,0.0,0.13752381937849983,0
flask\cli.py,b4e092600dc2cfd5326a373b4b9fd757a5d8a61a,2018-05-02,Grey Li,Check whether exist registered routes,0,92,29,1465,0.0,553,35,148,4.229,12,3406,2.343,0.13750214709575126,0
src\flask\templating.py,58f3536a8f5dfc18e559c518ae38cba52bec90a9,2022-07-13,Yourun-Proger,error for render_template outside app context,0,11,4,1138,0.0,116,11,30,2.727,5,657,2.182,0.13749325578411542,0
setup.py,fb1482d3bb1b95803d25247479eb8ca8317a3219,2011-06-28,Armin Ronacher,Bump version number to 0.7,0,19,3,448,0.0,62,4,11,2.75,8,346,0.75,0.1374288672573226,0
flask\app.py,307d1bc4e51fc35282f2d504b9df3359604b8f8a,2012-04-09,Armin Ronacher,Added support for basic URL generation without request contexts.,0,124,16,646,0.0,558,68,166,2.441,8,7529,2.0,0.13740942160875919,0
examples\minitwit\minitwit.py,3b36bef2e6165bb4dad73d17f23ee1879e99f497,2010-04-08,Armin Ronacher,"Improved documentation, added a contextmanager for request binding",0,2,1,2,0.0,172,17,44,2.588,9,882,0.588,0.13733351151045964,0
flask\testsuite\blueprints.py,52098e1e4fc4d9c962e9ecb09dfbbcc6ac80a4d7,2014-01-02,Daniel Neuhäuser,Happy New Year 2014,0,21,6,860,0.0,659,118,130,1.102,5,2745,0.619,0.13732536910986443,0
tests\test_testing.py,53b8f08218796d95764c5252bccd8a50a173a6fb,2025-08-18,David Lord,push preserved contexts in correct order,0,49,14,3993,0.0,268,47,47,1.0,1,1131,1.0,0.1373134339313355,0
tests\test_testing.py,c2705ffd9ce1dc8476cb29eaf5ff5d4c719852d9,2025-09-19,David Lord,merge app and request context,0,50,14,4026,0.0,268,47,47,1.0,1,1131,1.0,0.1373134339313355,0
tests\test_testing.py,54e05a282428e9a44dbd414ca70231a83ebd710d,2023-11-15,David Lord,use ruff linter and formatter,0,48,14,3352,0.0,276,47,48,1.021,2,1173,1.0,0.13729588885681807,0
flask\sessions.py,d526932a09557be4aff6d27261cabb7c5c5ebb8d,2015-10-24,Timo Furrer,support timedelta for SEND_FILE_MAX_AGE_DEFAULT config variable,0,36,12,1569,0.0,163,22,57,2.591,13,1679,2.227,0.13722102880051992,0
flask\ctx.py,e666f7a69c737fef8236237671be4da5910e9113,2019-06-22,David Lord,standardize license and copyright,0,69,21,3277,0.0,173,27,57,2.111,8,1958,1.741,0.1372042176121181,0
flask\cli.py,bac5d6b9f458c7876163add793bdc53c2f8f413e,2018-04-28,Hsiaoming Yang,Use FLASK_DONT_LOAD_ENV flag to disable load .env,0,90,29,1461,0.0,552,35,149,4.257,12,3410,2.343,0.13704465338065108,0
flask\app.py,45d963d6daa4315388530d58c777b838d5465c65,2011-08-10,Armin Ronacher,The session interface is new in 0.8 not 0.7,0,96,14,404,0.0,531,64,156,2.438,8,7391,2.0,0.1370041631050887,0
flask\testsuite\views.py,32c7e43dda6600828ae9b11111d722ab92fb0594,2011-09-17,Armin Ronacher,Simplified HEAD handling for method views,0,1,1,22,0.0,110,25,25,1.0,1,447,1.04,0.13693788671991322,0
flask\app.py,bbfef4c406506d89c662038c11c6c67bc97b67e3,2013-05-30,Thomas Waldmann,flask view function may return bytes/str/unicode,0,164,24,1062,0.0,634,80,192,2.4,10,8573,2.013,0.13692704200239603,0
flask\app.py,13cc69911c6b5c742489ffe6e8c6458dec32e230,2013-05-25,Thomas Waldmann,fix typos,0,163,24,1058,0.0,634,80,192,2.4,10,8572,2.013,0.13692704200239603,0
flask\app.py,96b8ffbb29eaba834a30352554e42cf2406c7e06,2013-05-25,Thomas Waldmann,always import from ._compat,0,162,24,1058,0.0,634,80,192,2.4,10,8572,2.013,0.13692704200239603,0
flask\app.py,8bb972e5ae647650457bc4e94ff51cb5e34951dd,2013-05-25,Thomas Waldmann,"fix minitwit/flaskr test errors, improve docs about file open mode

app.open_resource needs to get called with the correct mode param (python3
will re",0,161,24,1057,0.0,634,80,192,2.4,10,8573,2.013,0.13692704200239603,0
tests\test_cli.py,c23a63a185104b4dc39fe53d82254059c5ff4727,2017-11-25,Armin Ronacher,Improved bad factory error handling,0,26,17,557,0.0,322,45,48,1.067,2,1455,1.067,0.1369047897198924,0
flask\cli.py,e059bf311c6a75150275b434c53544f7528749bc,2014-05-01,Armin Ronacher,Improved support for composable cli,0,5,2,3,0.0,231,21,60,2.857,8,1459,2.143,0.13687603529414058,0
flask\signals.py,ee8417dac8364f02524edffddff92329f15b95af,2011-09-01,Armin Ronacher,Late but 2010 -> 2011 in some files,0,5,1,411,0.0,26,3,3,1.0,1,219,3.0,0.13681895937424504,0
src\flask\helpers.py,bda295d37fa3809c95a93d01dd605d0222109889,2023-06-09,David Lord,fix use of importlib.util.find_spec,0,66,16,1469,0.0,236,22,50,2.273,9,3144,2.273,0.13675649338540594,0
flask.py,f80e1d3b5ab8e718cc67c814cbfd9aee9c95f45f,2010-05-12,Armin Ronacher,Added note on send_file security.,1,60,6,35,0.0167,310,46,95,2.065,15,4151,1.935,0.13674429163964508,0
tests\test_json.py,6def8a4a489ce1321a44bc1947c5c86620afdb3f,2020-10-31,David Lord,test json.dumps for object with __html__ method,0,1,1,0,0.0,315,44,56,1.273,3,1227,1.5,0.13664236131924884,0
tests\test_blueprints.py,310fbfcf64f40f237068fddbbbe45315f9935eca,2018-02-08,David Lord,"revert copyright year to project start
add copyright header to files",0,20,6,1246,0.0,565,119,125,1.05,3,2390,0.874,0.136634596632835,0
src\flask\json\__init__.py,171aabc87dd8bff0367d0555c8be6105b00c22ce,2020-04-04,David Lord,"remove unused ref directives

replace page refs with doc directives",0,6,1,308,0.0,152,14,57,4.071,12,1512,2.357,0.1365934195426299,0
src\flask\globals.py,2baaa8fd8ebdd0f7bf7a24bff4855ef53476c92d,2021-05-13,David Lord,fix annotation for g object,0,5,2,712,0.0,47,3,6,2.0,2,200,0.667,0.1364867419168838,0
flask\testsuite\helpers.py,37f9cb9ca69176dec36faff4b2138226b479f65f,2011-09-01,Ron DuPlain,"Import with statement in testsuite, Python 2.5.",0,4,1,6,0.0,240,29,36,1.241,2,1086,0.586,0.1364349507948351,0
flask\app.py,fb1a6730cfbf63b6d6ccda93381f0823d8b6c85a,2011-08-10,Armin Ronacher,Leave eggs when finding the instance path,0,94,14,403,0.0,547,64,161,2.516,8,7504,2.0,0.13643154584921932,0
flask\app.py,74f4af59f631ef154ffe6f34d8e525a05f97d4a6,2011-08-10,Armin Ronacher,Added comments for two branches in the instance detection,0,93,14,403,0.0,545,64,160,2.5,8,7480,2.0,0.13643154584921932,0
tests\test_cli.py,310fbfcf64f40f237068fddbbbe45315f9935eca,2018-02-08,David Lord,"revert copyright year to project start
add copyright header to files",0,29,17,633,0.0,351,47,52,1.106,3,1583,1.043,0.1364286864588316,0
flask\app.py,d94efc6db63516b7f72e58c34ae33700f3d9c4fb,2012-03-13,Ron DuPlain,"Expose send_file max-age as config value, #433.

Need to add the same hook in a Blueprint, but this is the first such
case where we need app.config in",0,122,16,620,0.0,562,68,166,2.441,8,7506,2.015,0.13640710142314433,0
tests\test_basic.py,fbb6f0bc4c60a0bada0e03c3480d0ccf30a3c1df,2026-02-19,David Lord,all teardown callbacks are called despite errors,0,132,47,4179,0.0,1434,249,276,1.108,5,5959,0.948,0.13637941561290812,0
tests\test_basic.py,e82db2ca3a22c9614c1987392c9cfaa8c6ce99ad,2026-02-12,David Lord,fix provide_automatic_options override,0,130,47,4172,0.0,1423,248,275,1.109,5,5908,0.952,0.13637941561290812,0
flask\blueprints.py,52098e1e4fc4d9c962e9ecb09dfbbcc6ac80a4d7,2014-01-02,Daniel Neuhäuser,Happy New Year 2014,0,23,8,949,0.0,176,43,58,1.349,4,1823,2.279,0.13630890438691926,0
examples\minitwit\minitwit.py,2f5a4f8dbc832b0daebcd66ea8b3969589191fa7,2010-04-12,Armin Ronacher,Doc updates and typo fixes,0,7,2,5,0.0,173,17,44,2.588,9,990,0.588,0.13622215624890452,0
src\flask\app.py,a0a49e1c9ea9b0e850e9039c1b7000adbaf7370b,2019-07-24,linchiwei123,clean up outdated code,0,6,1,52,0.0,829,85,222,2.612,15,11055,2.071,0.1362002189151848,0
flask\app.py,e1d356fb713f3272db2a23f9f898c34c5dc79dc0,2013-05-22,Thomas Waldmann,"ported some more stuff to py 3.3

removed init_jinja_globals hack from app.py after consulting mitsuhiko
(didn't work on py 3.3 ""as is"")

removed with",0,159,23,1054,0.0,634,80,192,2.4,10,8564,2.013,0.13608983270007044,0
flask\app.py,b8b769ad41edeb2320774d88502dd998df272397,2013-05-18,Thomas Waldmann,automated change using python-modernize: fix methodattrs,0,158,23,1050,0.0,644,80,193,2.413,10,8621,2.013,0.13608983270007044,0
flask\app.py,12c08c03fb9e58d83094021a559329a7985e93c6,2013-05-25,Tobias Bieniek,Fixed typo in app.blueprints docstring,0,160,23,1057,0.0,644,80,193,2.413,10,8621,2.013,0.13608983270007044,0
src\flask\scaffold.py,88bcf78439b66b5fcba9f4d3a1c56307f98dbf1d,2022-06-06,Evgeny Prigorodov,instance_path for namespace packages uses path closest to submodule,0,31,14,674,0.0,329,39,75,1.923,14,3842,2.128,0.1360826752254144,0
src\flask\blueprints.py,00f5a3e55ca3b6dd4e98044ab76f055dc74997ac,2021-04-06,pgjones,"Alter ensure_sync implementation to support extensions

This allows extensions to override the Flask.ensure_sync method and
have the change apply to b",0,13,5,675,0.0,230,33,65,1.97,12,1961,2.515,0.1360376342855178,0
flask\json\tag.py,e666f7a69c737fef8236237671be4da5910e9113,2019-06-22,David Lord,standardize license and copyright,0,8,3,750,0.0,132,33,47,1.424,5,1031,2.03,0.13601152354017582,0
flask\cli.py,6bee3e4995066466a35ac080844d4962a728d084,2016-06-02,RamiC,"Add a --version switch to flask cli
re #1828",0,35,10,765,0.0,311,26,80,3.077,9,2111,2.0,0.13601065577811408,0
flask\app.py,153ecbc9202f249c4037602115ed2c2b5785550d,2011-08-10,Armin Ronacher,Implemented instance paths,0,89,14,403,0.0,525,62,152,2.452,8,7268,2.0,0.13599449162925933,0
src\flask\blueprints.py,141fde1d8ec8663b4be98777750d2f58c6fe44ad,2021-05-21,pgjones,"Bugfix blueprint naming

Following discussions for Flask we've decided to name blueprints based
on how they are registered. This allows for two differ",0,24,7,719,0.0,308,33,76,2.303,22,2280,2.515,0.1359325211265777,0
src\flask\blueprints.py,c2920e2bd98cdb3dcccc2868c25b695d4780c620,2021-05-21,pgjones,"Bugfix allow blueprints to be registered with a different name

This allows the same blueprint to be registered multiple times at the
same level, but ",0,25,7,719,0.0,309,33,76,2.303,22,2285,2.515,0.1359325211265777,0
setup.py,b64fa73467424b8e6c4efa565d4d5bc2ae414ab7,2011-06-28,Armin Ronacher,HEAD is 0.8-dev,0,20,3,448,0.0,62,4,11,2.75,8,347,0.75,0.1359101506797825,0
examples\tutorial\tests\test_blog.py,025589ee766249652e2e097da05808fe64911ddc,2019-05-06,David Baumgold,"Reformat with black

https://github.com/python/black",0,1,1,392,0.0,58,8,8,1.0,1,327,2.75,0.13580518121681012,0
flask\testsuite\regression.py,3afcbf160eff2a5ab6ac35a82e0719f972df8972,2012-10-07,Armin Ronacher,Extra safety for safe_join.  Does not look exploitable but better safe than sorry.  Fixes #501,0,2,2,337,0.0,55,9,14,1.556,4,258,1.111,0.13578155142826548,0
examples\minitwit\minitwit.py,03168a5d53457fdb8676a4ac9fca0f76a23c6852,2010-04-11,Armin Ronacher,Removed the useless apishowcase example,0,5,2,5,0.0,173,17,44,2.588,9,991,0.588,0.13565455693517284,0
src\flask\app.py,1936ca8a2e1789efd6169a901a8b60ec62ceb578,2021-01-29,David Lord,remove BaseRequest and BaseResponse,0,24,10,608,0.0,712,66,200,3.03,15,9023,2.076,0.1356021297532251,0
flask\cli.py,2cba0d77eef983b605bf2f5c85a9d02fe212eda0,2018-01-28,David Lord,use traceback to detect call more reliably,0,83,27,1371,0.0,475,31,126,4.065,12,3091,2.226,0.13557635057985043,0
flask\testsuite\reqctx.py,05f66ad73543db207791ea5d6a2de2e8eaaf1640,2013-05-22,Markus Unterwaditzer,Fix some literals,0,3,2,8,0.0,145,18,23,1.278,4,548,0.444,0.1355600060727071,0
tests\test_cli.py,a913b4dafd1d85cfa1d8bafeea5417748de8d487,2018-05-17,Briehan Lombaard,SSLContext was added in Python 2.7.9,0,31,17,730,0.0,357,48,53,1.104,3,1608,1.062,0.135527190717686,0
tests\test_cli.py,5965cb7e1cfcaa329d811d133af373deb8090ec3,2018-04-29,David Lord,"rename to FLASK_SKIP_DOTENV, add docs, test",0,30,17,713,0.0,357,48,53,1.104,3,1606,1.062,0.135527190717686,0
src\flask\json\__init__.py,eede1a3685e21deaeb6686e9de9b76a73b6a510c,2022-04-24,Rafael Zimmer,fix annotation for json.loads,0,21,6,1058,0.0,93,10,33,3.3,7,1385,2.6,0.13550847096564483,0
flask.py,190059c8f01c6f75243824e765d08a7cce386eda,2010-04-18,Armin Ronacher,Added support for macro pulling and documented certain design decisions.,0,19,2,12,0.0,225,38,63,1.658,6,3221,1.974,0.13548139368931447,0
flask\blueprints.py,d4fec1454488687b574c545761c2869d3bb97ca6,2014-03-21,Kenneth Reitz,"Revert ""Revert ""Merge pull request #859 from wvh/register_error_handler""""

This reverts commit 2aa26fff04a98f2435e8e3015e92ef6108d3b485.",0,25,10,1027,0.0,179,44,59,1.341,4,1874,2.295,0.13543075373322314,0
flask.py,4d16486132c349cdc7d473ef3c238dfa3f9d5385,2010-05-27,Armin Ronacher,Improved configuration support.,0,75,7,51,0.0267,482,74,149,2.014,15,6157,2.054,0.1353178415097939,0
flask\app.py,ec5b182f15d711aa92fe16480011fbe0fb9d3a63,2013-06-22,Karol Kuczmarski,Add Flask.config_class feature,0,176,26,1086,0.0,651,81,197,2.432,10,8711,2.012,0.135140576239295,0
tests\test_signals.py,dd6b2574c9d40c4777da71d576f6e5eea1712404,2014-09-11,Markus Unterwaditzer,Rework test_signals,0,2,1,0,0.0,117,19,24,1.263,2,421,1.105,0.13513523493245103,0
flask\globals.py,4f8ee8f12946b224e5003405be99aa4e454bdeee,2010-07-04,Armin Ronacher,"Added missing comments, fixed setup.py and made tests pass",0,1,1,1,0.0,6,0,0,0.0,0,64,0.0,0.13511079843146415,0
examples\tutorial\flaskr\auth.py,524fd0bc8cec7bfe8167c9c98cb5511b01a0f4c6,2020-04-04,David Lord,apply pyupgrade,0,4,2,726,0.0,78,6,17,2.833,6,372,0.333,0.13500043586883773,0
flask.py,2d87e9bc37ef1ce8f9068fac92783a4fe3d3d382,2010-05-10,Armin Ronacher,Added support for send_file,0,59,6,33,0.0169,310,46,95,2.065,15,4151,1.935,0.1349737998363664,0
flask\app.py,cf1641e5beec1ec11f418fa6e775fc44b9410180,2012-04-09,Armin Ronacher,Changed the implementation of returning tuples from functions,0,125,16,646,0.0,573,69,170,2.464,8,7671,2.0,0.1349504733041174,0
src\flask\blueprints.py,dc3e9c0cc36b7945431454ea1543da4e33023bb2,2021-04-06,David Lord,update async docs,0,14,5,675,0.0,230,33,65,1.97,12,1964,2.515,0.13490701534007513,0
flask\cli.py,fa7e8d6073052adc5ba69702db4dec6571ef0bfd,2017-06-04,David Lord,"be smarter about adding "".cli"" to reloader command
python -m flask.cli raises an import warning on > 2.6
it's only needed on 2.6, ""flask"" works otherw",0,65,24,1133,0.0,437,29,109,3.759,11,2802,2.138,0.13489688669692784,0
src\flask\helpers.py,a74e266474f0981e9fc0d54d5dc430386823e4d7,2022-05-03,Stanislav Bushuev,skip coverage for TYPE_CHECKING,0,45,11,1067,0.0,300,21,62,2.952,12,3623,2.476,0.13486727423086467,0
flask\app.py,ae00f6d149c353e1ecb683ccbf01be221324a646,2011-08-07,Armin Ronacher,Tweaked autodoc to skip :internal: methods.,0,86,14,400,0.0,495,59,143,2.424,8,6887,1.983,0.13477847955470698,0
flask\app.py,acac64e36a046cebae07bee7f3e8106b4a80288a,2011-08-08,Armin Ronacher,Don't only catch BadRequest key errors but all bad request errors.,0,87,14,402,0.0,495,59,142,2.407,8,6883,1.983,0.13477847955470698,0
flask\testsuite\regression.py,e1d356fb713f3272db2a23f9f898c34c5dc79dc0,2013-05-22,Thomas Waldmann,"ported some more stuff to py 3.3

removed init_jinja_globals hack from app.py after consulting mitsuhiko
(didn't work on py 3.3 ""as is"")

removed with",0,5,2,563,0.0,76,13,19,1.462,4,333,0.923,0.13476325935382372,0
setup.py,3de8de1985f46297243eab340abd6c45c82bb9c4,2012-02-06,Kenneth Reitz,pip > easy_install,0,33,4,671,0.0,57,3,10,3.333,8,323,1.0,0.13475380559657085,0
flask\blueprints.py,7a08331ac062ee1e2ae3c7547f77c2d342ddb3df,2011-05-29,Armin Ronacher,Latest iteration of the blueprint code.  Far from being done,0,0,0,0,0.0,91,21,27,1.286,3,687,2.524,0.13473149451498784,0
src\flask\json\__init__.py,9dfcb90c92e13f2d92cb723cb834b5e0d666a2f5,2022-07-06,Ties Jan Hefting,"Document serialization of Decimal in JSONEncoder

The Flask JSONEncoder serializes Decimal types to strings, but this
behavior is missing from the doc",0,23,8,1130,0.0,93,10,33,3.3,7,1393,2.6,0.13462142138279262,0
examples\javascript\js_example\views.py,54ff9b297276a3add08c8faf1557b5e359b3ab99,2023-11-09,David Lord,use ruff linter and formatter,0,5,2,2037,0.0,13,2,2,1.0,1,65,0.5,0.13447962599259633,0
flask\testsuite\subclassing.py,e1d356fb713f3272db2a23f9f898c34c5dc79dc0,2013-05-22,Thomas Waldmann,"ported some more stuff to py 3.3

removed init_jinja_globals hack from app.py after consulting mitsuhiko
(didn't work on py 3.3 ""as is"")

removed with",0,2,2,624,0.0,26,4,4,1.0,1,118,0.75,0.13446005607129133,0
tests\test_blueprints.py,b8b410014d85f9861acc87c5f21c9a55a42d09c9,2023-03-11,Evgeny Mozhaev,require a non-empty name for blueprints,0,51,15,3102,0.0,734,155,159,1.026,3,3025,0.903,0.1341726197508816,0
tests\test_blueprints.py,6650764e9719402de2aaa6f321bdec587699c6b2,2023-02-23,David Lord,remove previously deprecated code,0,50,15,3086,0.0,731,154,158,1.026,3,3014,0.896,0.1341726197508816,0
tests\test_blueprints.py,cabda5935322d75e7aedb3ee6d59fb7ab62bd674,2023-01-04,pgjones,"Ensure that blueprint subdomains suffix-chain

This ensures that a child's subdomain prefixs any parent subdomain
such that the full domain is child.p",0,49,15,3036,0.0,735,155,159,1.026,3,3026,0.89,0.1341726197508816,0
tests\test_blueprints.py,4d0cdf95e616d09b9cab0cc35c11b1d3ba1a109e,2018-04-27,David Lord,merge slashes between blueprint prefix and rule,0,23,8,1323,0.0,581,121,127,1.05,3,2458,0.901,0.13414971613946594,0
flask\ctx.py,52098e1e4fc4d9c962e9ecb09dfbbcc6ac80a4d7,2014-01-02,Daniel Neuhäuser,Happy New Year 2014,0,46,9,1280,0.0,159,25,50,2.0,7,1764,1.64,0.1341156589764703,0
tests\test_testing.py,af41dbe0c479769402c46c0b99b841e781a8fa87,2014-09-11,Markus Unterwaditzer,Remove useless classes,0,3,1,0,0.0,197,27,33,1.222,2,763,0.889,0.13409668397510313,0
flask\testsuite\regression.py,574a97cd701df65ef1b4aff3f3e0549d69ce5419,2013-05-14,Armin Ronacher,Disabled memory tests by default,0,4,2,555,0.0,77,13,19,1.462,4,337,0.923,0.13402134827923806,0
src\flask\helpers.py,190dd4df86874495f56bb088fbd0cb1d9f0e77a0,2022-03-15,David Lord,don't use AnyStr for ResponseValue type,0,44,11,1018,0.0,300,21,62,2.952,12,3620,2.476,0.13401998359047057,0
src\flask\testing.py,04c21387dbc454fb59cae9c9bb21a13358cb5a34,2023-04-12,David Lord,update test cookie handling for Werkzeug 2.3,0,25,3,1411,0.0,166,11,38,3.455,11,1108,3.545,0.13398349640792917,0
flask\cli.py,9eb59b0bef176aa227edc8970d4b2ac420af9293,2014-09-02,Armin Ronacher,Added support for background loading of the application to speed up initial requests in dev mode.,0,23,3,127,0.0,286,27,79,2.926,9,2133,2.259,0.1336900293481868,0
flask\cli.py,f17ad953dd2e563f91cc9ed2bca19ea23464b5dc,2014-09-03,Markus Unterwaditzer,Fix syntax error on py3,0,24,3,128,0.0,286,27,79,2.926,9,2129,2.259,0.1336900293481868,0
examples\javascript\js_example\__init__.py,99b34f7148b77d4b1311593590629c2bc8e8e772,2023-01-20,David Lord,move and update flake8 config,0,3,1,1744,0.0,3,0,0,0.0,0,14,0.0,0.13367029763974797,0
flask\config.py,aa40b1731e09e839502994b3b0c22d3f2361d045,2014-07-27,Daniel Neuhäuser,Add Config.from_mapping,0,26,8,1484,0.0,96,11,36,3.273,7,1116,2.727,0.13355627894278146,0
tests\test_cli.py,48c2925664e154711e97385cc197be8bbb59572d,2017-05-25,Hendrik Makait,Factor in code review comments and refactor functions to be more naturally split.,0,20,16,374,0.0,252,38,39,1.026,2,1098,0.974,0.13351211748136538,0
flask\testsuite\regression.py,05f66ad73543db207791ea5d6a2de2e8eaaf1640,2013-05-22,Markus Unterwaditzer,Fix some literals,0,6,3,563,0.0,76,13,19,1.462,4,335,0.923,0.13349306607729086,0
src\flask\sessions.py,bfdd37110c67ebeb42061fb43cf684b05291241f,2022-08-01,David Lord,deprecate config attributes,0,15,7,1157,0.0,187,23,42,1.826,8,1879,2.391,0.13347579832208778,0
flask\json.py,c502dfbbfbee49c15ce4a57f7d417b71a73a10b6,2013-06-14,Armin Ronacher,Changed |tojson filter to quote single attributes,0,15,4,249,0.0,93,13,31,2.385,4,986,2.0,0.1334355704571233,0
flask\app.py,e328eba97cc87a34e846693b62d17bdedaf27134,2011-08-10,Armin Ronacher,Corrected prefix detection,0,92,14,403,0.0,545,64,160,2.5,8,7474,2.0,0.13343154584921935,0
flask\app.py,175d43b2f9c7825b0df4c1049ab571cb1877a807,2011-08-10,Armin Ronacher,Instance paths are now moved into virtualenv/share/appname-instance if installed,0,91,14,403,0.0,543,64,159,2.484,8,7462,2.0,0.13343154584921935,0
tests\conftest.py,6650764e9719402de2aaa6f321bdec587699c6b2,2023-02-23,David Lord,remove previously deprecated code,0,25,8,3086,0.0,118,19,25,1.316,3,585,1.368,0.13327557845530213,0
flask\cli.py,a7d829c61854bc609a343eec114d2a129761fe9f,2016-05-26,Armin Ronacher,Update docs to the new CLI patterns,0,32,9,759,0.0,278,24,71,2.958,9,1995,1.958,0.13324903163843985,0
tests\test_helpers.py,77d887526d9776b15acbb43f31d00148debf0db9,2014-09-11,Markus Unterwaditzer,Rename fixture apps_tmpdir,0,6,1,0,0.0,547,68,81,1.191,3,2209,0.838,0.13324565916621595,0
src\flask\config.py,e18ed45c8863ac645f3ce17a155034b8384e726f,2021-08-05,Karuna Tata,document return value for config loading methods,0,13,4,796,0.0,108,12,33,2.75,5,1403,2.917,0.13323412082919603,0
flask\app.py,68ec5a30687a89a56406d8abd603b51a6645856e,2011-08-25,Pedro Algarvio,Allow passing the endpoint to the route decorators on Flask's `application` and `blueprints`.,0,97,14,418,0.0,532,64,156,2.438,8,7396,2.0,0.1332146894208782,0
src\flask\ctx.py,662c245795c7cbb5dbd657a2d707c62c16770c18,2020-04-04,David Lord,remove _compat module,0,7,4,308,0.0,178,27,55,2.037,9,1996,1.778,0.13317305592837006,0
src\flask\blueprints.py,bdf7083cfdeef0e0bdd0bf6d4c23b26c92b52d95,2020-10-07,Matěj Volf,refer to encoder instead of decoder,0,8,3,494,0.0,208,33,59,1.788,6,1993,2.485,0.13311342649179422,0
tests\test_ext.py,5da2c00419d09ce2d3488263036ffd14563fb05a,2014-09-11,Markus Unterwaditzer,Rewrite assertion methods,0,2,1,0,0.0,98,17,31,1.824,10,475,0.941,0.13296856142042385,0
flask.py,0770f5c6375e3e45fa3ac918217df5d885176173,2010-04-18,Armin Ronacher,Removed two unused imports.,0,20,2,12,0.0,224,38,63,1.658,6,3219,1.974,0.13294873037273158,0
flask\testing.py,59f7966e3192bcf478a213ba0aa9cd3bda7da4e4,2017-07-13,David Lord,"support passing environ to test client (#2412)

closes #2411",0,33,14,2565,0.0,115,6,31,5.167,14,765,3.5,0.1328795420014227,0
examples\flaskr\flaskr.py,b51ecd7f212588b3d7363db90a4ab8318ec2fa80,2011-05-27,Armin Ronacher,Updated examples,0,6,1,408,0.0,60,8,13,1.625,4,315,0.125,0.13286953975074323,0
flask\cli.py,7ecdbcfa2b2d1c83c8c6561b49303ed5b1042350,2017-05-22,David Lord,"show error if multiple Flask instances are detected
add changelog",0,56,22,1120,0.0,387,27,97,3.593,11,2529,2.0,0.13284096806012263,0
flask\cli.py,01ddf54b87850c50ee9020c6027647e0c5fca283,2017-05-22,David Lord,adjust for loop style,0,57,22,1120,0.0,387,27,97,3.593,11,2529,2.0,0.13284096806012263,0
flask.py,fb2d2e446bdd806ea3de7b869c7371e2dae57a23,2010-04-16,Armin Ronacher,"request_init -> before_request and request_shutdown -> after_request

This fixes #9.",0,15,2,9,0.0,215,36,61,1.694,6,3027,1.944,0.13275039361604865,0
tests\test_helpers.py,0049922f2e690a6d58f335ca9196c95f1de84370,2017-03-23,Antonio Larrosa,"Fix send_file to work with non-ascii filenames

This commit implements https://tools.ietf.org/html/rfc2231#section-4 in
order to support sending unico",0,38,20,923,0.0,750,91,107,1.176,3,3233,0.846,0.13269374451743668,0
flask\app.py,187cb80dcc1b087f1a7b7d4d67afbd531ad01cd2,2011-08-10,Armin Ronacher,Documented instance root,0,90,14,403,0.0,527,63,153,2.429,8,7324,2.016,0.13255492171641356,0
src\flask\helpers.py,9934528c8f7e3aa6f4a1c800cba439e5425a5093,2022-06-09,Dan Mirsky,Update send_from_directory docstring,0,51,15,1104,0.0,300,21,62,2.952,12,3628,2.476,0.1324529482831812,0
flask\wrappers.py,71b351173b1440d6ca2dc36284d080fda2a22006,2012-03-12,Anton I. Sipos,Move JSONHTTPException and JSONBadRequest to new module flask.exceptions.,0,23,5,619,0.0,54,7,20,2.857,5,679,1.143,0.132438496691089,0
tests\test_cli.py,c38499bbf26cfa9683e30c52139a94dc5a50dcc4,2018-10-24,garenchan,"ignore colon with slash when split app_import_path
Flask currently supports importing app through a combination of module
path and app variable name, ",0,34,20,890,0.0,383,52,57,1.096,3,1730,1.058,0.1323902403138494,0
flask\ctx.py,e78961c812f0a81792bb9e1eae26fd96a10069c0,2014-01-26,Armin Ronacher,Fixed a missing import,0,49,9,1303,0.0,164,25,54,2.16,7,1791,1.64,0.1323219056517542,0
flask\ctx.py,52e1c383faf44b88407f3b9a36293c8ab98b78a3,2014-01-26,Armin Ronacher,Make Python 3 happy,0,48,9,1303,0.0,164,25,54,2.16,7,1790,1.64,0.1323219056517542,0
flask\ctx.py,6ec83e18dca497a8fbfca6caca5999984bd32f2e,2014-01-26,Armin Ronacher,Added a workaround for a pypy bug in context managers,0,47,9,1303,0.0,164,25,54,2.16,7,1790,1.64,0.1323219056517542,0
flask\cli.py,4fc48200a58907ffdf136961b84ef7d19192e6ef,2017-06-14,David Lord,"reconfigure the app from run command and method
extract templates_auto_reload to property
continues #1910
closes #1907",0,67,24,1143,0.0,437,29,109,3.759,11,2801,2.138,0.13220818454940217,0
flask\cli.py,12c45f06a5e0c2303977ce91abc3614b4b00556f,2017-06-04,David Lord,remove unused import,0,66,24,1133,0.0,437,29,109,3.759,11,2801,2.138,0.13220818454940217,0
tests\test_reqctx.py,c6795eb626096ce8a14c594b27b61f3917b5e810,2014-09-21,Markus Unterwaditzer,Remove useless unittest imports,0,5,1,9,0.0,144,19,23,1.211,2,487,0.105,0.13193065037774296,0
tests\test_blueprints.py,b21b4d1608f5d83d7d6f503672f7eff46ed28f95,2018-05-01,David Lord,add more merge cases,0,25,9,1328,0.0,587,121,127,1.05,3,2464,0.901,0.13189212577503315,0
flask\testsuite\__init__.py,b8ef7360eb80b2018c21384f1f32693ab22595d0,2011-09-23,Simon Sapin,"Add to sys.path, not sys.path_info",0,8,2,27,0.0,139,24,49,2.042,10,727,1.625,0.13185677294580742,0
flask\app.py,075b6b11c8b1690d946b8839e6dc4eb8a8cb7e3c,2012-03-11,James Saryerwinnie,"Fix issue 140

This allows for a view function to return something like:

    jsonify(error=""error msg""), 400",0,121,15,618,0.0,557,67,165,2.463,8,7478,2.015,0.1317885775191967,0
flask\cli.py,932f7d7cbb5a4e04fd0922c3272a6e32d408abe8,2014-08-25,Armin Ronacher,Refactored the scripting interface greatly.,0,17,3,119,0.0,260,24,72,3.0,9,2005,2.417,0.13176561441015672,0
flask.py,e84140aba2786655bbddcedb363d16de1e285441,2010-05-18,Armin Ronacher,Started working on config support,0,68,7,41,0.0294,456,68,140,2.059,15,5551,2.103,0.13174926405401646,0
flask\testsuite\config.py,9f8a2075c79fec1b5481f5a5a95bb23b40bf68f2,2013-05-22,Daniel Neuhäuser,Use assert_in where appropriate,0,14,5,635,0.0,246,24,47,1.958,3,1095,1.125,0.1316926951092112,0
src\flask\signals.py,524fd0bc8cec7bfe8167c9c98cb5511b01a0f4c6,2020-04-04,David Lord,apply pyupgrade,0,2,1,308,0.0,34,4,4,1.0,1,240,3.0,0.13161728303821915,0
examples\tutorial\tests\test_factory.py,025589ee766249652e2e097da05808fe64911ddc,2019-05-06,David Baumgold,"Reformat with black

https://github.com/python/black",0,1,1,392,0.0,7,2,2,1.0,1,34,0.5,0.13157275097584478,0
src\flask\sansio\app.py,eca5fd1dfdc614c2df876cc32018a7d71f84ea82,2026-01-24,David Lord,redirect defaults to 303,0,16,6,889,0.0,347,34,82,2.412,13,4538,2.265,0.13153264424846792,0
flask\helpers.py,d0c6ad7d287e543fcc941aa2b42557e06b9dc142,2010-07-04,Armin Ronacher,Added support for conditional responses to send_file,0,3,2,1,0.0,130,14,46,3.286,20,1547,1.929,0.13150263958248581,0
flask\app.py,086348e2f2874fb701048d5e1390cfe674de1f70,2012-05-08,Armin Ronacher,Added after_this_request decorator.,0,137,17,675,0.0,596,71,178,2.507,8,8109,2.042,0.13143246162412034,0
flask\app.py,dbfd406a21191c26c2987ffd11f7c49b8733cd82,2012-05-08,Armin Ronacher,Added required_methods,0,136,17,675,0.0,596,71,178,2.507,8,8107,2.042,0.13143246162412034,0
src\flask\__main__.py,055cdc2625c0cdf8cea87524f5c6bcf07f7e5005,2021-01-29,David Lord,click detects program name when run as module,0,3,1,608,0.0,2,0,0,0.0,0,5,0.0,0.13133894977383173,0
flask\app.py,2af0ffaef63dbd6031d889d28e4d60794becb7b6,2012-12-21,Armin Ronacher,Added proxies to template context,0,148,20,902,0.0,628,76,187,2.461,10,8422,2.026,0.1313140507677078,0
flask\app.py,1949c4a9abc174bf29620f6dd8ceab9ed3ace2eb,2012-12-21,Armin Ronacher,flask.g is now on the app context and not the request context,0,147,20,902,0.0,625,76,187,2.461,10,8389,2.026,0.1313140507677078,0
flask\cli.py,6b28ceba83c3b76eea2e5a89327318af67404298,2016-06-02,RamiC,Use the whole sys.version string,0,36,11,765,0.0,311,26,80,3.077,9,2110,2.0,0.13126257885503714,0
flask\cli.py,fe5f714026b68b1416c3d3985bce5063901c320f,2016-06-03,jphilipsen05,fixed unmatched elif (#1872),0,37,11,767,0.0,311,26,80,3.077,9,2110,2.0,0.13126257885503714,0
tests\test_helpers.py,6ef45f30ab0e95d80ee2a29168f098e9037b9e0b,2017-03-24,Antonio Larrosa,"Fix previous commits to work with python 2 and python 3

Also, parse_options_header seems to interpret filename* so we better
test the actual value us",0,39,21,924,0.0,751,91,107,1.176,3,3236,0.846,0.13115427083322614,0
flask\cli.py,f036308442a2123a89dc4e2dfb61c319d9d80cf5,2018-06-15,Grey Li,Add cli tips for .flaskenv,0,96,32,1508,0.0,557,35,148,4.229,12,3432,2.4,0.1311213312902071,0
setup.py,707b30749daf407c07b5b265bd892564576ad80a,2010-05-31,Armin Ronacher,use setup.py test. This fixes #56,0,11,2,55,0.0,35,1,1,1.0,1,199,0.0,0.13104468268331018,0
flask\testing.py,e45370b9940823daae4c3959158ded4a9e3f7f60,2019-05-31,Daniel Pope,Fix name of kwargs parameter,0,45,19,3252,0.0,147,10,37,3.7,13,1107,3.4,0.1310341172818452,0
flask\testing.py,b46f5942a528053034fecf210572ee04bc4a3284,2019-06-01,Jon S. Stumpf,address flake8 issues,0,46,19,3253,0.0,147,10,37,3.7,13,1106,3.4,0.1310341172818452,0
flask\testing.py,c7f56c5a5539143662a04ec8e54aa78777d20730,2019-05-31,Daniel Pope,Create json_dumps() method on new EnvironBuilder,0,44,19,3252,0.0,147,10,37,3.7,13,1107,3.4,0.1310341172818452,0
flask\app.py,02a131746074203dc8d747308f4d2c7ece8aa743,2011-08-07,Armin Ronacher,Added the ability to trigger functions before the first request to the application,0,85,14,400,0.0,495,59,143,2.424,8,6889,1.983,0.13102847955470695,0
flask\testsuite\templating.py,fc2caa4b9c75a6ee8569495008efd1f37c27a8cb,2011-08-26,Armin Ronacher,Changed assert to self.assert_ where it was still in place,0,2,1,0,0.0,116,25,25,1.0,1,458,0.64,0.13099971235040295,0
tests\test_basic.py,af4cb0ff2bb77c0c2f03227b17cc6ef67f28e63b,2014-09-11,Markus Unterwaditzer,Remove flask superclass,0,4,1,0,0.0,1145,187,208,1.112,3,4549,0.626,0.13098983262018601,0
flask\blueprints.py,dfdcac22927f8027f393e66d78345106cdbbfae5,2013-06-14,Armin Ronacher,Fixed some embarrassing grammar,0,20,6,746,0.0,176,43,58,1.349,4,1821,2.279,0.13093282940708736,0
tests\test_helpers.py,c1973016eacfb22fdec837394d8b89c0ca35ad15,2017-04-07,David Lord,"style cleanup
break out header parts in test
test for no filename* parameter for ascii header",0,40,21,939,0.0,756,91,107,1.176,3,3240,0.846,0.13087239026259062,0
tests\blueprintapp\apps\frontend\__init__.py,c9a2ad2b8d079c0ecca701f4c0b15390437c4843,2011-07-16,Armin Ronacher,Fixed a bug in list_templates,0,1,1,28,0.0,5,1,1,1.0,1,20,0.0,0.13087198122896687,0
flask\cli.py,7ad79583b9558cc7806d56c534f9527e500734e9,2017-04-26,David Lord,"add sort by match order
sort by endpoint by default
combine sort flags
sort methods
ignore HEAD and OPTIONS methods by default
rearrange columns
use f",0,53,21,1094,0.0,365,27,93,3.444,11,2461,2.0,0.1308532732256876,0
flask\testsuite\config.py,239780be289efd365c07be2f60bab9223388399e,2013-05-22,Daniel Neuhäuser,"Use assert_true instead of assert_

assert_ is deprecated which causes annoying warnings",0,13,4,635,0.0,246,24,47,1.958,3,1098,1.125,0.13085326790522306,0
tests\test_ext.py,861aa0db1fdbc52602b8d502153a0a0b8490f124,2014-09-11,Markus Unterwaditzer,Init global test_apps explicitly,0,4,1,0,0.0,96,16,30,1.875,10,467,1.0,0.1308446657011517,0
src\flask\helpers.py,9d36623db1e9535eae7243a807079a54897efcc9,2021-12-22,David Lord,update requirements,0,43,11,935,0.0,321,23,65,2.826,12,3784,2.391,0.13083952088583967,0
flask\blueprints.py,b03181363bd78ab0934af3badd9b4845e454fbb3,2013-09-04,Wouter Van Hemel,"Add a non-decorator version of the error handler register function

The main application object has a register_error_handler function
which mirrors th",0,21,6,828,0.0,179,44,59,1.341,4,1874,2.295,0.13082121795075546,0
flask\cli.py,2433522d2967b8a5e46f16de587a8fac5088a47c,2018-01-06,Armin Ronacher,"Add Support for FLASK_ENV (#2570)

This introduces environments to Flask",0,79,26,1349,0.0,465,30,119,3.967,11,3053,2.267,0.13079381455440528,0
examples\minitwit\minitwit\minitwit.py,bb0e755c808a8541192982ba7b86308b68ff7657,2017-02-11,Jeff Widman,"Migrate various docs links to https (#2180)

Also fixed a few outdated links",0,1,1,172,0.0,179,18,45,2.5,9,968,0.556,0.1307325485813594,0
setup.py,16b101edb6c10a984b0f2960feeeca5a458845a1,2010-07-27,Armin Ronacher,HEAD is 0.7-dev,0,16,2,112,0.0,35,1,1,1.0,1,199,0.0,0.1306847016915136,0
tests\test_basic.py,5e621a2801daf95be6d208da9dcc287bb251f63c,2026-02-03,David Lord,update domain matching tests for Werkzeug 3.2,0,129,47,4162,0.0,1430,246,273,1.11,5,5913,0.935,0.13065695202997937,0
src\flask\signals.py,43483683b2bc8da85f00ccccdfb8d9d5c77a6bb3,2019-06-01,David Lord,apply reorder-python-imports pre-commit config,0,1,1,0,0.0,34,4,4,1.0,1,251,3.0,0.13057660939445084,0
scripts\flaskext_migrate.py,37217e85b80c389208cd3396c2cdc4b89bd46bcf,2015-02-11,Keyan Pishdadian,Fix issue with wrapper logic,0,7,1,5,0.0,48,6,14,2.333,5,354,1.167,0.13042317897984404,0
flask\cli.py,3569fc24415f8bac7b269ec041bd1f6bc23038ce,2014-05-07,Armin Ronacher,Greatly refactored click integration and documented it a bit more.,0,11,3,9,0.0,255,25,74,2.96,9,1926,2.2,0.13037301151553085,0
flask\cli.py,ed7b4ccac1b646aa725007db7fd3ec2d359beaf4,2014-05-07,Armin Ronacher,Refactored loading logic to super properly.,0,8,2,8,0.0,247,25,68,2.72,9,1571,1.88,0.13032975155673288,0
flask\cli.py,49ecc88d9949bed6297944cb4a3d115fa9727aab,2016-10-01,Michael Recachinas,"Remove `-a/--app` from Quickstart documentation (#2046)

* Remove `-a/--app` from Quickstart documentation

As mentioned in #2009, simplifying the C",0,46,16,887,0.0,317,26,81,3.115,9,2141,2.0,0.1302631557175869,0
scripts\flaskext_migrate.py,96d81c297adddf034c8eef6b2c76cbd9181d6d22,2015-02-11,Keyan Pishdadian,Change wrapper logic for testing,0,6,1,5,0.0,46,6,14,2.333,5,347,1.167,0.1300994379726498,0
flask\json\__init__.py,a4f0f197962b27a002c45f5e27b13a8d4a27ee63,2019-05-17,David Lord,don't push app context for test client json,0,6,3,714,0.0,138,14,56,4.0,12,1532,2.357,0.13008445019441997,0
flask\ctx.py,c4f64c1c475badaeef009ad46846e32a8e5c9b66,2010-07-02,Justin Quick,working import layout for module,0,1,1,0,0.0,38,6,11,1.833,4,245,1.667,0.1299939327710913,0
flask\cli.py,b4eb6534d52e86af3979b06734e5779f6bb9a4f6,2017-05-22,Hendrik Makait,Remove unnecessary checks and reformat NoAppException messages,0,55,22,1120,0.0,379,27,96,3.556,11,2509,2.0,0.12996096806012264,0
flask\cli.py,38df3df7357a152ae8e6fa8c596a7c9c595b2fc3,2017-05-23,David Lord,"shorten cli factory name
[ci skip]",0,59,22,1121,0.0,395,28,100,3.571,11,2601,2.071,0.12994056672182208,0
flask\json.py,ef72b78042d7feffc864e7f2da3f62835fc63ee8,2013-06-03,Armin Ronacher,Imply the |safe on tojson in templates and change escaping logic,0,14,4,238,0.0,92,13,31,2.385,4,910,2.0,0.12992641870971283,0
flask\app.py,26da6a5365e1fd229932f167a299128f30fae154,2012-04-24,Ron DuPlain,"Use default send_file max-age consistently.

Prior to this commit, the send_file max-age hook and config were only
used for the static file handler. N",0,132,17,661,0.0,588,71,176,2.479,8,8001,2.042,0.12987716208494984,0
flask\app.py,33bae1a8dcadbf56fb19ad814fa516b6468bb2cb,2012-04-24,Ron DuPlain,"Add Flask.request_globals_class to customize g.

Requested by toothr on #pocoo.",0,133,17,661,0.0,589,71,176,2.479,8,8018,2.042,0.12987716208494984,0
flask\app.py,a3cb2a33829ee517530d30cd920e5d652b358086,2012-04-19,Ron DuPlain,"Use American English for ""behavior"" in docs.

Prompted by plaes on #pocoo, mitsuhiko confirmed to use American English.",0,127,16,656,0.0,583,71,174,2.451,8,7917,2.014,0.12987716208494984,0
flask\app.py,bb31188ec3882e9a6c6035b7a65ca257d424e31a,2012-04-22,Ron DuPlain,"Add a BuildError hook to url_for, #456.",0,129,17,659,0.0,588,72,176,2.444,8,8000,2.042,0.12987716208494984,0
flask\app.py,9bed20c07c40a163077b936f740a4e96a6213688,2012-04-09,Armin Ronacher,Added documentation for appcontext and teardown handlers,0,126,16,646,0.0,583,71,174,2.451,8,7917,2.014,0.12987716208494984,0
flask\app.py,36194697ae8371f42d3041c1f89b6f2e77c34826,2012-04-21,ekoka,Update flask/app.py,0,128,16,659,0.0,583,71,174,2.451,8,7917,2.014,0.12987716208494984,0
flask\app.py,148c50abf983eb8bbd8ecb565c9f98912048af46,2012-04-23,Ron DuPlain,Document url_for BuildError hook.,0,131,17,661,0.0,592,72,177,2.458,8,8023,2.042,0.12987716208494984,0
flask\app.py,8c8c524ddb791c2f7eed47b6d2e4317faf06a659,2012-04-22,Ron DuPlain,Re-raise BuildError with traceback.,0,130,17,659,0.0,592,72,177,2.458,8,8014,2.042,0.12987716208494984,0
flask\app.py,e78e2a1641e5b7ad538d93154ee59445f4d4eaf7,2012-04-24,Ron DuPlain,Document example request_globals_class use cases.,0,134,17,661,0.0,589,71,176,2.479,8,8064,2.042,0.12987716208494984,0
flask\testsuite\blueprints.py,3069e2d7f73f80ebc342029616a5cbc5381cfdf1,2011-08-26,Armin Ronacher,Fight the generic asserts!,0,1,1,0,0.0,340,56,62,1.107,5,1378,0.554,0.12974189072199235,0
src\flask\sessions.py,ed42e9292811a95f2a68e06a9ae50cb5872216a3,2022-06-17,Kevin Kirsche,session expiration datetime is UTC timezone-aware,0,14,6,1112,0.0,187,23,42,1.826,8,1883,2.391,0.12962481825601394,0
src\flask\signals.py,f2f027d1fbc12f3ff24f3e471e11ac56e1a5d869,2020-04-04,David Lord,remove unused module docstrings,0,3,1,308,0.0,34,4,4,1.0,1,217,3.0,0.12955613901522375,0
tests\test_cli.py,524fd0bc8cec7bfe8167c9c98cb5511b01a0f4c6,2020-04-04,David Lord,apply pyupgrade,0,47,27,1419,0.0,446,63,66,1.048,2,2006,1.032,0.12954761074729576,0
tests\test_cli.py,57d628ca74513480908a63a6b66c1c8b1af896e8,2020-04-04,David Lord,remove more compat code,0,46,27,1419,0.0,447,63,66,1.048,2,2014,1.032,0.12954761074729576,0
flask\app.py,549af6229039e7fed7bcb2079737e45c27af998e,2010-08-03,jgraeme,Fix some typos in the docstrings,0,36,3,31,0.0,271,33,77,2.333,6,4342,2.061,0.12938915552168087,0
tests\test_ext.py,b88a837674421f492f879c0a0122b0bb921d038e,2014-09-11,Markus Unterwaditzer,Remove fake extensions from test_apps,0,5,1,0,0.0,121,21,34,1.619,10,590,1.0,0.12924306774882557,0
examples\persona\persona.py,b81b040110d18d6aa3633c1132420bf29be00c6b,2014-01-11,Tommaso Allevi,Remove unused import,0,2,2,215,0.0,37,4,7,1.75,3,180,0.0,0.1292320799976678,0
src\flask\testing.py,5bb30270d2e68d8d9278ac6f5abf67049acba662,2023-08-21,David Lord,"bump werkzeug 2.3.7

use importlib.metadata.version",0,29,3,1542,0.0,167,12,37,3.083,11,1078,3.25,0.1291177850932118,0
flask\cli.py,2f601248941c7a90ed62f2bd5adbb04c402e2d4e,2014-08-26,Armin Ronacher,Removed ridiculous constructor from AppGroup,0,18,3,119,0.0,258,23,71,3.087,9,1997,2.435,0.12906407277915002,0
flask\testsuite\helpers.py,3069e2d7f73f80ebc342029616a5cbc5381cfdf1,2011-08-26,Armin Ronacher,Fight the generic asserts!,0,1,1,0,0.0,239,29,36,1.241,2,1064,0.586,0.12902411577667836,0
tests\test_cli.py,fb845b90328278f4a557f898024a53800752fd53,2017-07-14,David Lord,"allow local packages in FLASK_APP
don't require .py extension in FLASK_APP
add tests for nested package loading
parametrize cli loading tests",0,23,17,424,0.0,276,40,41,1.025,2,1217,1.1,0.1289365135695289,0
flask\blueprints.py,2aa26fff04a98f2435e8e3015e92ef6108d3b485,2014-03-21,Kenneth Reitz,"Revert ""Merge pull request #859 from wvh/register_error_handler""

This reverts commit 6347e75deea2eda444c60080fda3885c1fb7705d, reversing
changes made",0,24,9,1027,0.0,176,43,58,1.349,4,1821,2.279,0.1288730475305328,0
flask\ext\__init__.py,8f85a3b0d161876de378b35ccac42237a18a5342,2011-09-17,Armin Ronacher,Experimental redirect importing for flask.ext to flask_ and flaskext.,0,0,0,0,0.0,24,2,6,3.0,4,216,2.5,0.12886344687240797,0
tests\test_apps\cliapp\app.py,025589ee766249652e2e097da05808fe64911ddc,2019-05-06,David Baumgold,"Reformat with black

https://github.com/python/black",0,1,1,1085,0.0,3,0,0,0.0,0,12,0.0,0.12875091025649588,0
setup.py,d5cd4f8d59a4a8e5860c8813b3f5d3f3631e9183,2011-08-26,Armin Ronacher,Updated manifests,0,24,3,506,0.0,60,3,10,3.333,8,334,1.0,0.12864478989027567,0
flask\testsuite\templating.py,37f9cb9ca69176dec36faff4b2138226b479f65f,2011-09-01,Ron DuPlain,"Import with statement in testsuite, Python 2.5.",0,3,1,6,0.0,117,25,25,1.0,1,462,0.64,0.12857906867395846,0
tests\test_cli.py,50227f0954e06853bbadf93d1c62dd03429b6711,2018-06-14,ThiefMaster,"Add option to not overwrite debug flag in cli

This is mainly intended for custom CLIs that may load a config file
which already sets the debug flag a",0,33,19,758,0.0,372,52,57,1.096,3,1672,1.058,0.12849127700232818,0
flask\signals.py,e71a5ff8de93801c30ed6daecac4b8502aa86813,2011-05-27,Armin Ronacher,Started work on new request dispatching.  Unittests not yet updated,0,3,1,314,0.0,26,3,3,1.0,1,218,3.0,0.12848884124870702,0
tests\test_cli.py,fcac7f11cf5fbdaa43c3a8c305b31cf0a43a70d3,2020-04-07,David Lord,deprecate passing script_info to factory,0,50,27,1422,0.0,450,63,66,1.048,2,1993,0.937,0.12843351784545232,0
flask\ctx.py,7f4c12b33565c4d0802c4385bb2bbaa6c5735196,2011-11-05,Armin Ronacher,Break up a circular dependency on shutdown,0,18,4,490,0.0,60,8,18,2.25,4,880,1.5,0.12835602668940715,0
src\flask\cli.py,99fa3c36abc03cd5b3407df34dce74e879ea377a,2022-06-17,David Lord,"add --app, --env, --debug, and --env-file CLI options",0,39,13,1112,0.0,712,40,159,3.975,13,4218,2.5,0.12825177875405966,0
tests\test_helpers.py,dc11cdb4a4627b9f8c79e47e39aa7e1357151896,2020-11-05,David Lord,"move send_file and send_from_directory to Werkzeug

The implementations were moved to Werkzeug, Flask's functions become
wrappers around Werkzeug to p",0,97,38,2246,0.0,220,41,44,1.073,2,953,1.756,0.12824709158642042,0
src\flask\json\__init__.py,a841cfabb58d3c1ac1d11b09353f458e759a63c2,2021-12-22,olliemath,"Only use a custom JSONDecoder if needed

The default JSONDecoder adds no extra functionality to `json.loads`, but using a custom class in the function",0,20,5,935,0.0,139,10,42,4.2,7,1583,2.6,0.12817830407966893,0
src\flask\app.py,38eb5d3b49d628785a470e2e773fc5ac82e3c8e4,2019-11-25,Adrian,"Remove comment about extension backwards compat

0.7 was a long time ago; there's no reason for extension to supports such old versions.",0,7,2,176,0.0,829,85,222,2.612,15,11035,2.071,0.12811311729503735,0
tests\test_cli.py,2ae740dd4903bbe5f3864384bcdf2ab2d4638bce,2020-04-04,David Lord,f-strings everywhere,0,48,27,1419,0.0,446,63,66,1.048,2,2010,1.032,0.1280681586925012,0
src\flask\testing.py,44ffe6c6d6c90a414de32db1b03d5978f8770271,2023-04-20,David Lord,add __future__ annotations,0,26,3,1419,0.0,167,11,38,3.455,11,1105,3.545,0.12803157036786753,0
flask\app.py,2053d04db0f303430f5f6c5bc6e97b8bec46c399,2012-05-08,Armin Ronacher,Improved interface for the URL build error handler,0,135,17,675,0.0,593,71,178,2.507,8,8087,2.042,0.1279485906563784,0
tests\test_helpers.py,7186a5aaf571e1d08a617138867998cbea518522,2016-09-26,Joël Charles,"make use of range requests if available in werkzeug (#2031)

* make use of range requests if available in werkzeug

* different logic for testing we",0,34,16,745,0.0,733,89,106,1.191,3,3166,0.831,0.12791108844461352,0
src\flask\json\__init__.py,b473e7c97c7c557e64fb84236c7d346b6ad16736,2021-02-01,David Lord,use Jinja's tojson filter,0,12,3,611,0.0,125,10,41,4.1,7,1399,2.6,0.127860568101809,0
setup.py,5f7f3b17dfe2fbeecf82d5745c497b3ea94bf50a,2011-08-30,Christopher Currie,Fix for d5cd4f8d which broke install on Windows,0,25,3,511,0.0,58,3,10,3.333,8,330,1.0,0.1277311713602018,0
src\flask\app.py,900fa2f795615683234cc7e7b050a1e131983689,2020-02-10,raymond-devries,Feature request #3445.,0,8,3,254,0.0,829,85,222,2.612,15,11039,2.071,0.12764543013118543,0
src\flask\cli.py,c9e000b9cea2e117218d460874d86301fbb43c43,2022-06-17,David Lord,with_appcontext lasts for the lifetime of the click context,0,40,13,1112,0.0,718,40,162,4.05,13,4323,2.5,0.1276346358969168,0
examples\flaskr\flaskr\factory.py,11f463f1bdd218437694a0ea947c1647c14ad906,2017-05-27,David Lord,flaskr correct app name,0,2,1,55,0.0,35,6,10,1.667,3,177,0.833,0.12762620437589503,0
src\flask\helpers.py,fac630379d31baaa1667894c2b5613304285a4bb,2022-05-12,David Lord,update app.redirect docs,0,48,14,1076,0.0,316,23,66,2.87,12,3860,2.522,0.1275979761079588,0
src\flask\blueprints.py,3dfc12e8d82a66c4041783fcaec58a7a24dbe348,2021-03-10,David Lord,only extend on first registration,0,12,5,648,0.0,204,33,60,1.818,7,1875,2.485,0.12759775172386012,0
tests\test_testing.py,fbb6f0bc4c60a0bada0e03c3480d0ccf30a3c1df,2026-02-19,David Lord,all teardown callbacks are called despite errors,0,51,14,4179,0.0,267,47,47,1.0,1,1127,1.0,0.12757672180754967,0
setup.py,04b90f5ad47d04bace76c18f634d54b0da4b91ce,2011-09-27,Armin Ronacher,Parentheses are for Python3,0,29,4,539,0.0,57,3,10,3.333,8,322,1.0,0.12743921420028995,0
setup.py,d5e10e4685f54dde5ffc27c4f55a19fb23f7a536,2011-09-29,Armin Ronacher,Bump version number to 0.8,0,30,4,541,0.0,57,3,10,3.333,8,321,1.0,0.12743921420028995,0
flask\cli.py,9123fa3b8ff7f5fe159344b7dc11e9a4d727e2be,2014-08-26,Armin Ronacher,Added a missing self,0,19,3,119,0.0,258,23,71,3.087,9,1998,2.435,0.12728517821846566,0
tests\test_helpers.py,f790ab7177c9959b560d238f4be9c124d635e70a,2017-04-08,David Lord,"need to test against raw header
parsing prefers the last value parsed for the option",0,41,21,939,0.0,752,91,107,1.176,3,3234,0.846,0.12727239026259063,0
tests\test_deprecations.py,af41dbe0c479769402c46c0b99b841e781a8fa87,2014-09-11,Markus Unterwaditzer,Remove useless classes,0,2,1,0,0.0,3,0,0,0.0,0,33,0.0,0.12722590094551572,0
setup.py,3765cc2e9e6ea2d227f898d5b176aa50680e491c,2011-09-29,Armin Ronacher,This is 0.9-dev,0,31,4,541,0.0,57,3,10,3.333,8,322,1.0,0.12721136609902411,0
setup.py,d4d6cc8401b94ab7c92b70ca5e5b21d22636dd5d,2011-09-18,Priit Laes,Clean up auditing command,0,26,4,530,0.0,57,3,10,3.333,8,320,1.0,0.12715462922005277,0
setup.py,0c75be1172000ad4d0b60920ef5a6fb78880a7d2,2011-09-22,Armin Ronacher,Whitespace normalize,0,27,4,534,0.0,57,3,10,3.333,8,320,1.0,0.12715462922005277,0
setup.py,d4d75701bc1ea02a0e9b7e3e0d1aee777bd59116,2011-09-22,Armin Ronacher,Added ext to the packages,0,28,4,534,0.0,57,3,10,3.333,8,322,1.0,0.12715462922005277,0
flask\cli.py,47d7f20d9b291778992920e0a4e3d9ac85b139c4,2014-10-27,Petr Zemek,Fix two typos in the description of FlaskGroup.,0,25,4,181,0.0,286,27,79,2.926,9,2129,2.259,0.12708083305564138,0
tests\test_helpers.py,a30951ec28e23a5d1c9380c4bd5844f2290c1dc8,2016-09-10,Armin Ronacher,Do not error for unknown files if send_file sends an actual file,0,33,16,729,0.0,682,87,104,1.195,3,2919,0.839,0.1269731199063025,0
flask\cli.py,66ef55ce0a9a1caa66a4d955d831f7eb8a207993,2014-08-25,Armin Ronacher,Converted a leftover old-style click callback.,0,16,3,119,0.0,260,22,71,3.227,9,1948,2.545,0.12692461603604688,0
flask\app.py,20a542fc8ac6dadbcbac92e84fb554e00ccc897a,2012-07-26,Paul McMillan,docstring typo,0,138,17,754,0.0,583,71,174,2.451,8,7917,2.014,0.12692331593110368,0
tests\test_blueprints.py,f7a3bdc6db7aefeeb974c0b9800bbe64d152f842,2018-05-01,Hsiaoming Yang,"Fix blueprint route for """"",0,24,8,1327,0.0,582,121,127,1.05,3,2460,0.901,0.1268886991903134,0
examples\flaskr\flaskr\__init__.py,b42e43e3b622af1b8c04a8298e26817343f5e4a1,2016-08-31,Kyle Lawlor,"Better workflow for flaskr and other basic apps (#2000)

- adds `from flaskr import app` to top-level in flaskr module
- effect is that `export FLASK",0,1,1,56,0.0,1,0,0,0.0,0,4,0.0,0.12687819605354067,0
tests\test_blueprints.py,c6795eb626096ce8a14c594b27b61f3917b5e810,2014-09-21,Markus Unterwaditzer,Remove useless unittest imports,0,6,1,9,0.0,468,90,97,1.078,4,1944,0.389,0.12686091193503546,0
src\flask\cli.py,52df9eed45d0b19c588662ed8492d8fbaa0e7098,2025-05-13,David Lord,drop end of life python versions,0,62,18,2173,0.0161,691,34,161,4.735,18,4386,2.618,0.12682930301018383,0
flask\testsuite\regression.py,61d3bbf1d237cd8f03e37af88ad4a6b59f27d4e1,2013-01-21,Armin Ronacher,Fixed last commit and added test,0,3,2,443,0.0,76,13,18,1.385,4,335,0.923,0.12682709748036616,0
flask\cli.py,662b1053a437cd4ce5ce6ad71f6a8f8a8039d5d6,2014-08-26,Armin Ronacher,Added support for PYTHONSTARTUP to shell command.,0,20,3,119,0.0,264,23,73,3.174,9,2039,2.435,0.12682470493407277,0
flask\testing.py,241673fd153bad011c3fbbb41580450f39874cad,2017-07-27,Igor Kasianov,"make_test_environ_builder: use url_scheme from path if provided

When providing https url in path (""https://example.com/"")
we hope that we will get ht",0,34,14,2579,0.0,115,6,32,5.333,15,768,3.5,0.12661539567954652,0
flask\app.py,8da8a21b69cc06e58b1b28fa0ecec63b5cf3d9b4,2011-09-25,Armin Ronacher,Moved the conversion thing into the ConfigAttribute.,0,114,14,449,0.0,542,66,159,2.409,8,7267,2.0,0.12645783387113793,0
flask\app.py,0e98a080976f39e20aa6f18e8a335aa23d9334f7,2011-06-25,Armin Ronacher,Provide ways to override the url rule,0,69,12,357,0.0,319,39,93,2.385,6,4857,1.974,0.12639839159070174,0
flask\blueprints.py,5ecca4c0dae52c7645f9dbda6cbfc32ec76a3498,2013-10-02,Hyunjun Kim,Fix a typo on blueprints module name.,0,22,7,856,0.0,176,43,58,1.349,4,1821,2.279,0.12628397370246638,0
src\flask\sansio\app.py,c2705ffd9ce1dc8476cb29eaf5ff5d4c719852d9,2025-09-19,David Lord,merge app and request context,0,15,6,762,0.0,347,34,82,2.412,13,4528,2.265,0.1262223559548956,0
flask\app.py,ee8417dac8364f02524edffddff92329f15b95af,2011-09-01,Armin Ronacher,Late but 2010 -> 2011 in some files,0,106,14,425,0.0,536,65,157,2.415,8,7409,2.0,0.1262080021629048,0
flask\app.py,2e4c39199d3c8cdcf459675cba6e04bd30f98120,2011-08-26,Armin Ronacher,Refactored logging of internal server errors.  Can now be customized,0,103,14,420,0.0,532,65,157,2.415,8,7397,2.0,0.1262080021629048,0
flask\app.py,23bf2633f67d00418bd31c0c6918c3a99f06dead,2011-08-29,Armin Ronacher,Use the _request_ctx_stack instead of the proxy for consistency with the others.,0,104,14,422,0.0,532,65,157,2.415,8,7401,2.0,0.1262080021629048,0
flask\app.py,ccf464189b116ea4ee458c2ccb24d64f9272e25b,2011-08-30,Armin Ronacher,Added finer control over the session cookie parameters,0,105,14,423,0.0,536,65,157,2.415,8,7409,2.0,0.1262080021629048,0
flask\app.py,5500986971b28f270a27db633acf19984eee609e,2011-08-07,Armin Ronacher,Flask in debug mode will now complain if views are attached after the first view was handled.,0,84,14,400,0.0,475,56,136,2.429,8,6720,2.018,0.12615196644649682,0
flask\app.py,df1dd57045b38ea7dcca44622744ab24e53e399e,2011-09-25,Armin Ronacher,Cleaned up url routing common docs.  This fixes #279,0,112,14,449,0.0,537,65,157,2.415,8,7251,2.015,0.12610899666183562,0
src\flask\sessions.py,44ffe6c6d6c90a414de32db1b03d5978f8770271,2023-04-20,David Lord,add __future__ annotations,0,17,7,1419,0.0,152,23,36,1.565,5,1679,2.391,0.12609754548819202,0
flask\__main__.py,224367fe98a056ffda7452eddd8f7c33fa2214c1,2014-05-09,Miguel Grinberg,fixed import for python 3,0,2,1,17,0.0,3,0,0,0.0,0,36,0.0,0.12609533608530318,0
examples\minitwit\minitwit.py,3c821a0fa45082bcec73dfb08662fb1de5263c48,2010-04-20,florentx,Fix typos and remove unused import.,0,10,2,14,0.0,172,17,44,2.588,9,981,0.588,0.1260253906317304,0
tests\test_blueprints.py,4995a775df21a206b529403bc30d71795a994fd4,2024-11-12,David Lord,fix subdomain_matching=False behavior,0,54,16,3714,0.0,730,156,160,1.026,3,3021,0.897,0.12584485519113053,0
tests\test_blueprints.py,54e05a282428e9a44dbd414ca70231a83ebd710d,2023-11-15,David Lord,use ruff linter and formatter,0,53,16,3352,0.0,735,156,160,1.026,3,3024,0.897,0.12582487783711985,0
tests\test_blueprints.py,54ff9b297276a3add08c8faf1557b5e359b3ab99,2023-11-09,David Lord,use ruff linter and formatter,0,52,16,3345,0.0,735,156,160,1.026,3,3024,0.897,0.12582487783711985,0
examples\minitwit\minitwit.py,73a47a0db1a181bb305684115d3dacded0c5a58b,2010-04-18,Armin Ronacher,Removed unused stuff from minitwit and fixed a bug.,0,9,2,12,0.0,171,17,44,2.588,9,981,0.588,0.1257795432891089,0
tests\test_cli.py,253570784cdcc85d82142128ce33e3b9d8f8db14,2020-07-30,David Lord,"cleaner message when CLI can't load app

When loading the app fails for the --help command, only the error
message is shown, then the help text. The f",0,54,28,1536,0.0,462,64,67,1.047,2,2006,0.906,0.12573856373633338,0
src\flask\testing.py,9f9550247a2798b9dcc28081c15e266442f4e28a,2023-08-21,David Lord,"bump werkzeug 2.3.7

use importlib.metadata.version",0,30,3,1542,0.0,167,12,37,3.083,11,1078,3.25,0.12570877346530482,0
flask\app.py,04e87a93def1593dd886931e0f9e1d4f37f8d243,2011-08-25,Pedro Algarvio,Add endpoint parameter documentation to the route decorator.,0,98,14,418,0.0,532,64,156,2.438,8,7421,2.0,0.1256529247149958,0
flask\testsuite\helpers.py,fbd6776e68a12aa7bf7d646ca03d568cedc616f3,2011-08-26,Armin Ronacher,Fixed a bug in the testsuite that caused problems when dots where in directory names,0,3,1,0,0.0,239,29,36,1.241,2,1082,0.586,0.12552766008897392,0
src\flask\testing.py,3fbfbad79fe294918459b70eb409d555b20de2c8,2023-05-02,David Lord,werkzeug 2.3.3 compatibility,0,28,3,1430,0.0,174,11,39,3.545,11,1149,3.545,0.1255276035196272,0
tests\test_helpers.py,7c271401b284e6fcc2040fffe317342e2a17a902,2016-06-05,David Lord,pass value directly to last_modified,0,26,13,632,0.0,651,84,101,1.202,3,2772,0.833,0.12545151927172027,0
examples\tutorial\flaskr\blog.py,53c893b646252d610e877eb9385e9e250a1ae5e1,2019-06-01,David Lord,fix string concats left over by black,0,3,2,418,0.0,84,5,14,2.8,4,425,0.8,0.12544096127456195,0
setup.py,766522cb587850f643f3bb6cb011735ae6a98510,2011-10-02,Armin Ronacher,Prepare for an 0.8.1 release,0,32,4,543,0.0,57,3,10,3.333,8,323,1.0,0.12543522471463528,0
tests\test_cli.py,f2f027d1fbc12f3ff24f3e471e11ac56e1a5d869,2020-04-04,David Lord,remove unused module docstrings,0,49,27,1419,0.0,446,63,66,1.048,2,2001,1.032,0.12529892792327046,0
examples\flaskr\flaskr\__init__.py,8cf32bca519723c5d97f123127cdec81dba868f6,2017-04-01,Kyle Lawlor,Adds in blueprints and an application factory,0,4,2,270,0.0,1,0,0,0.0,0,4,0.0,0.12525057246140242,0
examples\javascript\js_example\views.py,54e05a282428e9a44dbd414ca70231a83ebd710d,2023-11-15,David Lord,use ruff linter and formatter,0,6,2,2043,0.0,13,2,2,1.0,1,65,0.5,0.12520955709777318,0
tests\test_ext.py,77d887526d9776b15acbb43f31d00148debf0db9,2014-09-11,Markus Unterwaditzer,Rename fixture apps_tmpdir,0,6,1,0,0.0,121,21,34,1.619,10,590,1.0,0.12519771566376545,0
src\flask\helpers.py,eb5dd9f5ef255c578cbbe13c1cb4dd11389d5519,2022-05-12,dzcode,add aborter object to app,0,47,13,1076,0.0,316,23,66,2.87,12,3846,2.522,0.12508836072334342,0
flask\cli.py,ae41df9a77ceab4469029b043e38333b8654e1da,2017-05-23,Hendrik Makait,Check if app factory takes script_info argument and call it with(out) script_info as an argument depending on that,0,58,22,1121,0.0,398,28,100,3.571,11,2605,2.071,0.12508504475018756,0
tests\test_helpers.py,a7f1a21c1204828388eaed1e3903a74c904c8147,2017-03-07,Hsiaoming Yang,"Don't rely on X-Requested-With for pretty print json response (#2193)

* Don't rely on X-Requested-With for pretty print json response

* Fix test c",0,37,19,907,0.0,740,90,106,1.178,3,3173,0.844,0.12507257443069286,0
flask\signals.py,67101c8b9331d289b3ae5428127814d0c19d643c,2011-08-26,Armin Ronacher,Fake signals no better follow the blinker api,0,4,1,405,0.0,26,3,3,1.0,1,219,3.0,0.1250010314091542,0
flask\app.py,d2eefe25e7fec31a5f4254f6a65934bd00ab0392,2011-09-24,Armin Ronacher,app.name shall be __main__ for console apps,0,111,14,449,0.0,537,65,157,2.415,8,7453,2.015,0.12490365433681783,0
flask\app.py,7d7d810aea5472101ce04956889dfdb77173a912,2011-09-10,Armin Ronacher,Single quotes for consistency,0,107,14,435,0.0,537,65,157,2.415,8,7439,2.0,0.12490365433681783,0
flask\app.py,f6798885e6cc97bccd1e0fd861b54b01fcdb9605,2011-09-13,Ron DuPlain,"Update create_global_jinja_loader docstring, #321.",0,108,14,438,0.0,537,65,157,2.415,8,7439,2.0,0.12490365433681783,0
flask\app.py,907c24e6ffc436971d437b0b9122b840db9466d7,2011-09-18,Simon Sapin,"Document the debug param for Flask.run, it is not part of **options given to run_simple.

I am not sure bool() is appropriate.",0,109,14,443,0.0,537,65,157,2.415,8,7450,2.015,0.12490365433681783,0
flask\app.py,90884a78fbba4068fa93f87626baccd148cd4a57,2011-09-18,Ron DuPlain,Cross-reference debug docs in run docstring.,0,110,14,443,0.0,537,65,157,2.415,8,7453,2.015,0.12490365433681783,0
tests\test_cli.py,491d331e6e0a7915c9e6d9b3287688ac7a3f56ca,2017-07-16,David Lord,load env vars using python-dotenv,0,24,17,426,0.0,315,44,47,1.068,2,1429,1.091,0.12489526902566687,0
flask\app.py,b146d8277ab90cf6d43ea54113383076e4fd0318,2012-10-07,Armin Ronacher,Added wrapper module around simplejson/json for much simplified customization.,0,144,20,828,0.0,611,74,184,2.486,10,8313,2.041,0.12486191705958255,0
flask\app.py,661ee54bc2bc1ea0763ac9c226f8e14bb0beb5b1,2012-10-07,Armin Ronacher,Raise exceptions if a function is overridden by a new endpoint.  This fixes #570,0,143,20,827,0.0,609,74,184,2.486,10,8274,2.041,0.12486191705958255,0
src\flask\sansio\blueprints.py,daf1510a4bda652ac2cfca03ec5567b03ddf8bf1,2025-08-19,kadai0308,use template_filter without parens,0,4,2,731,0.0,357,34,86,2.529,23,2687,2.529,0.12477793129016924,0
src\flask\helpers.py,fdab801fbbd9de5adbdb3320ca4a1cb116c892f5,2022-05-10,Tim Hoagland,add redirect method to app,0,46,12,1074,0.0,308,22,64,2.909,12,3729,2.5,0.12474462237244542,0
tests\test_cli.py,ff2f71379b719903e462ed6a83801b1736009000,2020-04-07,David Lord,"use ast to parse FLASK_APP

enables keyword arguments to factory functions",0,51,27,1422,0.0,450,63,66,1.048,2,1991,0.937,0.12470937991441786,0
tests\test_helpers.py,c52e1b7388c17466a551391cdf81964bf0b7aef0,2017-11-25,ThiefMaster,"Fix ValueError for some invalid Range requests

fixes #2526",0,62,24,1170,0.0,753,92,108,1.174,3,3229,0.837,0.12470141102028587,0
flask\cli.py,1928f28a6863a8bac27705950ce1327d661f4d2d,2016-06-26,David Lord,"clean up code formatting in some docs
fix warnings while building docs",0,42,15,790,0.0,312,26,80,3.077,9,2111,2.0,0.12464433355259892,0
flask\cli.py,d5c465ddf4125db71a072cf3033533b02290d08f,2018-06-29,Gabriel Saldanha,:art: Use itervalues instead of iteritems,0,97,32,1522,0.0,557,35,148,4.229,12,3431,2.4,0.12463685924051762,0
examples\flaskr\flaskr\factory.py,c3dd7b8e4c9e322c413f4a49e5d15aceafd17c2d,2018-04-09,David Lord,rewrite tutorial docs and example,0,6,2,372,0.0,35,6,10,1.667,3,179,0.833,0.12461827329903459,0
flask\ctx.py,a1305973bfef18a341224ad4f748c35d77a64cdb,2012-04-09,Armin Ronacher,Fixed a typo in a comment,0,21,5,646,0.0,60,8,18,2.25,4,880,1.5,0.1245811747563784,0
tests\test_cli.py,7c40aa9e50d97b7c412745a53c8cdc2597c46680,2017-06-15,Miguel Grinberg,"Import app from wsgi.py or app.py if FLASK_APP is not defined

Fixes #2376",0,21,16,395,0.0,267,38,39,1.026,2,1177,1.0,0.12457527821530553,0
flask.py,67f4b0f31538832f06b9351d15e30c85f449ac7e,2010-04-24,Armin Ronacher,"Modules are now instanciated with the package name.

This makes it possible to load resources from the folder the module is
located in.",0,46,5,18,0.0217,332,52,102,1.962,7,4002,2.058,0.12448412704310145,0
flask\sessions.py,de5038f2fb25189e6d2ba8bc479d3d940a8ea43b,2012-10-07,Armin Ronacher,Added total_seconds() helper for pythons before 2.7,0,13,1,458,0.0,131,22,45,2.045,9,1325,2.136,0.12446578773531466,0
tests\test_signals.py,5da2c00419d09ce2d3488263036ffd14563fb05a,2014-09-11,Markus Unterwaditzer,Rewrite assertion methods,0,3,1,0,0.0,116,19,24,1.263,2,406,1.105,0.1244428186402247,0
tests\test_basic.py,4995a775df21a206b529403bc30d71795a994fd4,2024-11-12,David Lord,fix subdomain_matching=False behavior,0,127,46,3714,0.0,1420,246,269,1.093,3,5888,0.939,0.12437319185854809,0
examples\tutorial\tests\test_auth.py,025589ee766249652e2e097da05808fe64911ddc,2019-05-06,David Baumgold,"Reformat with black

https://github.com/python/black",0,1,1,392,0.0,45,5,5,1.0,1,240,2.8,0.12436585215994543,0
flask\json.py,4305ebdf6692956a7e21a7195b90505d92f559d8,2016-06-08,RamiC,"Check for a request ctx before using the request.
Use the app json coder when blueprint json coder is set to none.
Revert the failling test to using a",0,33,17,1339,0.0,110,13,41,3.154,7,1180,2.0,0.12426342649034998,0
flask\cli.py,c4ec6954e57b1ab3cb5a0d178e6030f8bab6c149,2016-09-06,Markus Unterwaditzer,"Don't passthrough_errors unless instructed. (#2006)

Fix #2005

Revert #1679 and #1996",0,45,16,862,0.0,317,26,81,3.115,9,2142,2.0,0.12426315571758693,0
flask\cli.py,952a6c8989137bb0c44adaf37df0227b8e426a75,2016-01-02,Miguel Grinberg,Werkzeug should not block propagated exceptions from Flask,0,30,8,614,0.0,293,27,79,2.926,9,2145,2.259,0.12423955865289284,0
src\flask\ctx.py,57d628ca74513480908a63a6b66c1c8b1af896e8,2020-04-04,David Lord,remove more compat code,0,8,4,308,0.0,172,27,52,1.926,8,1943,1.778,0.12421897325459358,0
tests\test_reqctx.py,8fa5e32d9a1fdf042632bd8fcd0b44dd8031b639,2014-09-11,Markus Unterwaditzer,Tests pass now.,0,1,1,0,0.0,158,20,26,1.3,4,574,0.5,0.12416911844456636,0
tests\test_helpers.py,0e1e9a04aaf29ab78f721cfc79ac2a691f6e3929,2018-04-10,David Lord,detect UTF encodings when loading json,0,68,26,1306,0.0,758,91,107,1.176,3,3245,0.868,0.12414901465757787,0
examples\tutorial\flaskr\db.py,025589ee766249652e2e097da05808fe64911ddc,2019-05-06,David Baumgold,"Reformat with black

https://github.com/python/black",0,1,1,392,0.0,27,5,7,1.4,2,156,0.4,0.12413473472067875,0
flask\app.py,48f7cdd01699fdc4048b18d827fccfbf9f266c9f,2012-09-06,Finbarr O'Callaghan,various typo fixes,0,139,18,796,0.0,596,71,178,2.507,8,8109,2.042,0.12411786744140794,0
examples\blueprintexample\simple_page\simple_page.py,c3dd7b8e4c9e322c413f4a49e5d15aceafd17c2d,2018-04-09,David Lord,rewrite tutorial docs and example,0,1,1,2229,0.0,11,1,2,2.0,2,38,1.0,0.12410998539193453,0
scripts\flaskext_migrate.py,c90c4e5e8c796e5dbfa32b30adf68c8582f6162a,2015-02-11,Keyan Pishdadian,"Support ""import flask.ext.foo"" format

New commit supports the above import format, however it does not fix function calls elsewhere in the source. Pe",0,4,1,4,0.0,46,5,13,2.6,5,337,1.2,0.12409355221748265,0
src\flask\cli.py,5544d09477af3221d988ec18b086930c2d9e67cd,2022-06-29,David Lord,re-add flag to skip unguarded app.run from CLI,0,41,13,1124,0.0,719,40,162,4.05,13,4362,2.5,0.1240346358969168,0
src\flask\cli.py,82c2e0366ce6b74a3786a64631ce58b85b3a7d4e,2022-07-08,David Lord,remove uses of LocalStack,0,42,13,1133,0.0,717,40,162,4.05,13,4354,2.5,0.1240346358969168,0
flask\json\__init__.py,e666f7a69c737fef8236237671be4da5910e9113,2019-06-22,David Lord,standardize license and copyright,0,8,4,750,0.0,138,14,56,4.0,12,1526,2.357,0.12394829481680873,0
flask\app.py,e93447f25e5f0cf0c10c32daa10b02e23ba2bc1a,2012-09-06,Finbarr O'Callaghan,"actually to actual, again, fixed spelling, not grammar",0,140,19,796,0.0,596,71,178,2.507,8,8109,2.042,0.12386865640608268,0
flask\app.py,7233a3e0a223e8d426ff937f5c03d88636b0ade4,2012-10-01,Ryan Macy,"Fixed typo occours to occurs

Fixed a typo in the docstring of handle_exception. Was occours, now occurs.",0,141,19,822,0.0,596,71,178,2.507,8,8109,2.042,0.12386865640608268,0
tests\test_views.py,8fa5e32d9a1fdf042632bd8fcd0b44dd8031b639,2014-09-11,Markus Unterwaditzer,Tests pass now.,0,1,1,0,0.0,121,27,27,1.0,1,507,1.037,0.12375001577272392,0
flask\testsuite\__init__.py,56afafae67ff0db8b9994a4c59d978b56327e886,2011-09-23,Armin Ronacher,Do not break extension tests if tested with installed extensions.,0,7,2,27,0.0,139,24,49,2.042,10,727,1.625,0.12360254275919577,0
flask\cli.py,02694d609f7ae43e023872a2f20b835590e10c0a,2014-11-05,defuz,"docs: :command:`pip`, :option:`--debug`",0,26,5,190,0.0,286,27,79,2.926,9,2131,2.259,0.12359696208789944,0
flask\cli.py,0e4607000d1e4a33a06c98578ec06226a43cdc56,2016-06-23,David Lord,"re-add passthrough_errors to cli runner (#1928)

This got dropped during the cli simplification.  Re: #1679",0,39,13,787,0.0,312,26,80,3.077,9,2112,2.0,0.12353322495032176,0
tests\test_helpers.py,2647fc7112ed79c1751a3d99491d7dcfe0aa4520,2016-11-03,Alex Kahan,Parameterizing test (#2073),0,35,17,783,0.0,732,89,105,1.18,3,3132,0.843,0.12352076025429035,0
tests\test_reqctx.py,af4cb0ff2bb77c0c2f03227b17cc6ef67f28e63b,2014-09-11,Markus Unterwaditzer,Remove flask superclass,0,4,1,0,0.0,145,19,23,1.211,2,489,0.105,0.12337229098264507,0
tests\test_helpers.py,f16e477b2a7329d249b5793a0dc4986503a48371,2016-08-21,Nathan Land,Add tests for flask.json.dump() and test that jsonify correctly converts uuids.,0,29,14,709,0.0,673,86,103,1.198,3,2872,0.837,0.12322790756350673,0
tests\test_helpers.py,f193f590bc33bde70fad200782350beac3506585,2016-08-21,David Lord,clean up new json tests,0,30,15,709,0.0,672,86,103,1.198,3,2863,0.837,0.12322790756350673,0
flask\wrappers.py,c4f64c1c475badaeef009ad46846e32a8e5c9b66,2010-07-02,Justin Quick,working import layout for module,0,1,1,0,0.0,22,2,6,3.0,3,294,1.0,0.12318646709324586,0
flask\sessions.py,33534bb4a9937e6faba5ecec4586519f453369b6,2015-01-02,Parkayun,Happy New Year 2015,0,35,11,1274,0.0,164,23,58,2.522,13,1686,2.174,0.12311196570423197,0
flask\cli.py,4f689c41d9d5aa1161b185de9bd7fb6d85b6cc25,2017-05-27,Junior Báez,#2341: Accept default argument value when args lenght equal 1,0,64,23,1125,0.0,438,29,109,3.759,11,2819,2.138,0.12307342865850524,0
flask\cli.py,2ef2000a39541d8424f3163ef5feeabacc81e681,2017-11-25,Armin Ronacher,"Enable threads by default for the dev server (#2529)

Enable threads by default for dev server",0,77,26,1306,0.0,461,30,120,4.0,11,3004,2.267,0.12304178280237354,0
flask.py,ea5e654e9e19aab5089f9a71e679bcca11581e86,2010-05-17,Armin Ronacher,Added a documentation chapter about logging,0,67,7,41,0.0299,437,65,135,2.077,15,5468,2.062,0.12300708752087217,0
src\flask\ctx.py,524fd0bc8cec7bfe8167c9c98cb5511b01a0f4c6,2020-04-04,David Lord,apply pyupgrade,0,9,4,308,0.0,171,27,52,1.926,8,1936,1.778,0.12290696306026416,0
src\flask\config.py,2abb7513dc52e9d9f2c73dde91f3b89d8f9492e4,2023-05-14,pgjones,"Allow for PathLike types for config file variables

This follows the Flask practice elsewhere and makes it clear PathLike
filenames are valid.",0,21,7,1443,0.0,128,12,40,3.333,7,1581,3.083,0.12285266943272177,0
flask\app.py,c844d02f1c7558e959891de75494cffd22dc323f,2011-08-25,Armin Ronacher,Added the APPLICATION_ROOT configuration variable which is used by session backends.,0,99,14,418,0.0,532,64,156,2.438,8,7393,2.0,0.12265292471499582,0
flask\cli.py,7c0b36f1467d2d8ea5fdc572d5edfce476a6eb89,2017-05-26,Kenneth Reitz,cleanup #2326,0,63,22,1124,0.0,436,29,108,3.724,11,2810,2.138,0.12251763092528814,0
flask\testsuite\config.py,62e7275bdf2bce19eb9fcfd31780e9314f96f092,2013-05-22,Daniel Neuhäuser,Use assert_false where appropriate,0,15,5,635,0.0,246,24,47,1.958,3,1093,1.125,0.12249678035864245,0
src\flask\ctx.py,633449a36c959d25577799eb3da76005a803d5cd,2021-12-22,Yourun-Proger,fix error message,0,18,6,935,0.0,205,30,58,1.933,8,2153,1.833,0.12246810814167002,0
src\flask\ctx.py,2ae740dd4903bbe5f3864384bcdf2ab2d4638bce,2020-04-04,David Lord,f-strings everywhere,0,10,4,308,0.0,169,27,52,1.926,8,1939,1.778,0.12226331351886077,0
flask\helpers.py,bb1567dae48fed50f9742b9136c8bd1b82b7bd55,2011-08-27,Armin Ronacher,Explained why os.getcwd is used for path finding,0,55,12,420,0.0182,261,25,90,3.6,27,2867,2.0,0.12222615021269066,0
scripts\flaskext_migrate.py,4a9e34a57476c92a4147f9ecafc357a681f1a19a,2015-02-11,Keyan Pishdadian,Add wrapper for testing fixing functionality,0,5,1,5,0.0,48,6,14,2.333,5,342,1.167,0.12217727408531019,0
flask\cli.py,4532e89efe9ef1161d4cdbd12687dac0c19c49b7,2014-05-07,Armin Ronacher,Refactored script info to allow more advanced patterns.,0,7,2,8,0.0,246,25,68,2.72,9,1567,1.88,0.12207552137012118,0
flask\app.py,6dccf775468ea0a849d3c1c3965e3a1db6a36a3f,2011-09-25,Armin Ronacher,PERMANENT_SESSION_LIFETIME can now be an integer.  This fixes #310,0,113,14,449,0.0,546,67,160,2.388,8,7317,2.0,0.12199083243145353,0
flask\testsuite\config.py,fc2caa4b9c75a6ee8569495008efd1f37c27a8cb,2011-08-26,Armin Ronacher,Changed assert to self.assert_ where it was still in place,0,2,1,0,0.0,143,14,22,1.571,3,613,1.0,0.12193836457043623,0
tests\test_blueprints.py,fbb6f0bc4c60a0bada0e03c3480d0ccf30a3c1df,2026-02-19,David Lord,all teardown callbacks are called despite errors,0,57,17,4179,0.0,779,165,167,1.012,3,3263,0.885,0.12190670959110794,0
tests\test_blueprints.py,e82db2ca3a22c9614c1987392c9cfaa8c6ce99ad,2026-02-12,David Lord,fix provide_automatic_options override,0,56,17,4172,0.0,782,165,167,1.012,3,3263,0.885,0.12190670959110794,0
tests\test_helpers.py,4ff84d537aa386fde36182ed797a79e3b582be75,2017-04-14,David Lord,get mtime in utc,0,43,21,945,0.0,739,90,106,1.178,3,3170,0.844,0.12183687229218894,0
tests\test_helpers.py,71e10be28665eee6a919045f9e5d8773508dc756,2016-08-26,Markus Unterwaditzer,"Properly remove f.name usage in send_file (#1988)

* Properly remove f.name usage in send_file

* Update changelogs

* Fix tests",0,31,15,714,0.0,680,87,104,1.195,3,2910,0.839,0.1217854468663092,0
tests\test_helpers.py,92ce20eeacf5de24803abaf70a3658806fa4d74f,2016-09-04,Roman,"Fix error in send_file helper (#2003)

* Fix error in send_file (mimetype_filename is not defined)

* fix formatting error message in send_file",0,32,15,724,0.0,684,87,104,1.195,3,2937,0.839,0.1217854468663092,0
src\flask\helpers.py,8239765a4410d13d489e299a99e4a4c6951e190b,2023-04-13,pgjones,allow async signal receivers,0,62,16,1411,0.0,233,22,49,2.227,8,3167,2.318,0.1216464000218124,0
tests\test_basic.py,6650764e9719402de2aaa6f321bdec587699c6b2,2023-02-23,David Lord,remove previously deprecated code,0,113,46,3086,0.0,1402,249,268,1.076,3,5855,0.94,0.12163780230171228,0
src\flask\globals.py,77237093da25438c88b0a74c374a397d4bf823eb,2021-04-26,pgjones,"Add initial type hints

This should make it easier for users to correctly use Flask. The hints
are from Quart.",0,4,1,695,0.0,45,3,6,2.0,2,202,0.667,0.12162239859372553,0
tests\typing\typing_route.py,60b845ebabeb77e401186f4b83de21d3f9c6a9d7,2022-07-02,David Lord,update typing tests for json,0,3,3,31,0.0,63,16,19,1.188,2,291,0.312,0.12159140432397626,0
flask\app.py,f034d8d3451f590fca1badeac5da0230bed9b148,2012-10-07,Armin Ronacher,"Add @template_test() decorator for creating custom jinja2 tests, like existing @template_filter() for filters.  Fixes #332",0,142,20,827,0.0,605,74,182,2.459,8,8246,2.041,0.12157910885545781,0
src\flask\config.py,41aaaf7fa07f28ef15fd1d343142e96440889a8b,2022-03-25,David Lord,clean up unused function from prefixed_env pr,0,17,5,1028,0.0,124,12,39,3.25,7,1550,3.0,0.1215288421806868,0
tests\test_views.py,c6795eb626096ce8a14c594b27b61f3917b5e810,2014-09-21,Markus Unterwaditzer,Remove useless unittest imports,0,5,1,9,0.0,115,26,26,1.0,1,461,0.731,0.12150679291029894,0
tests\test_import_migration.py,1479cf80f635164b06767454fdd9e5d37853b307,2015-02-12,Keyan Pishdadian,"Move test file, add RedBaron to tox.ini",0,2,1,0,0.0,32,6,6,1.0,1,158,0.0,0.121454862193078,0
flask\cli.py,ced719ea18a56f6c4075e08dbe05f0e77eac1866,2017-05-22,Hendrik Makait,Auto-detect create_app and make_app factory functions,0,54,21,1120,0.0,377,27,99,3.667,13,2519,2.0,0.12139937397051254,0
flask.py,e7f67e13339073007a84271cce91200bfdb81006,2010-05-17,Armin Ronacher,Added logging support.,0,66,7,41,0.0303,436,65,135,2.077,15,5431,2.062,0.12125004626909408,0
tests\test_basic.py,9c02f07f9bb4c88207c2a6860742c452c35d2948,2023-02-23,David Lord,deprecate markupsafe exports,0,114,46,3086,0.0,1403,249,268,1.076,3,5851,0.94,0.12117403418577025,0
tests\test_basic.py,2a33c1785412075c09f9f55b3e25f2bc995ca461,2023-02-23,David Lord,deprecate got_first_request property,0,115,46,3086,0.0,1402,249,268,1.076,3,5847,0.94,0.12117403418577025,0
setup.py,4cb6eea8f1e1edc707874f72cbca43a0f698ec7d,2011-08-26,Armin Ronacher,Split up testsuite and moved it to flask.testsuite.  This fixes #246,0,23,3,506,0.0,57,3,10,3.333,8,326,1.0,0.12113217168256149,0
scripts\flaskext_compat.py,e94416704d70d64b21afb44569039f2b50db966f,2011-09-18,Armin Ronacher,Added the flaskext_compat module to support flask.ext in 0.7 and earlier.,0,0,0,0,0.0,40,4,11,2.75,5,284,1.75,0.12102833544209678,0
tests\test_helpers.py,bf6910a639fffc6896c5aefe362edaf6f6b704fe,2017-04-13,David Lord,get mtime in utc,0,42,21,945,0.0,752,91,107,1.176,3,3234,0.846,0.12099966298986337,0
tests\test_cli.py,448368e226c8edd1077cf8e5a12ddaa9222b8ec9,2017-06-16,David Lord,"style cleanup
[ci skip]",0,22,17,395,0.0,269,38,39,1.026,2,1177,1.0,0.12092038571598696,0
src\flask\config.py,44ffe6c6d6c90a414de32db1b03d5978f8770271,2023-04-20,David Lord,add __future__ annotations,0,20,7,1419,0.0,126,12,40,3.333,7,1575,3.083,0.1209187851352011,0
tests\test_basic.py,c7a53888a1a514619b0611fd8b7928592f4ed612,2024-11-01,David Lord,add config and docs for limits,0,124,46,3704,0.0,1367,241,262,1.087,3,5665,0.925,0.12090795583294399,0
tests\test_basic.py,af41dbe0c479769402c46c0b99b841e781a8fa87,2014-09-11,Markus Unterwaditzer,Remove useless classes,0,3,1,0,0.0,1145,187,208,1.112,3,4550,0.626,0.12088353518428856,0
src\flask\config.py,4eb5e9455b2a8f15f3dc5065a47f8e43ac47e539,2022-03-25,David Lord,"more from_prefixed_env features

* support nested dict access with ""__"" separator
* don't specify separator in prefix
* catch exceptions for any loads",0,16,5,1028,0.0,129,13,41,3.154,7,1569,2.846,0.12084353805341003,0
flask.py,4ec7d2a0d8eac4f915dc0d38a886cd57045bb0c4,2010-04-06,Armin Ronacher,"Started working on documentation.

So far just the stable parts :)",0,1,1,0,0.0,185,28,49,1.75,6,2009,1.857,0.12075695131712401,0
examples\blueprintexample\blueprintexample_test.py,8fa5e32d9a1fdf042632bd8fcd0b44dd8031b639,2014-09-11,Markus Unterwaditzer,Tests pass now.,0,1,1,924,0.0,18,2,2,1.0,1,89,1.0,0.12074837224852754,0
tests\test_testing.py,f8a778deaeb9fd63d3aaa004fce27d07751a9d59,2014-09-11,Markus Unterwaditzer,Kill classes in test_testing,0,5,1,0,0.0,188,24,29,1.208,2,727,0.125,0.12071085733409319,0
examples\flaskr\flaskr.py,164067920ba7832e587a24725384789ab92bd55f,2010-12-01,Armin Ronacher,Updated examples to work with pypy which has a incomplete sqlite3 in 1.4.  Also disable a euc-kr test that does not work on pypy,0,5,1,231,0.0,61,8,13,1.625,4,317,0.125,0.12057378955067137,0
flask\app.py,1643e5c39157e4f43d20b965c9967eeec8e90700,2011-02-17,Sean Reifschneider,"Fixing a word usage issue in docs.

Signed-off-by: Armin Ronacher <armin.ronacher@active-4.com>",0,47,8,230,0.0,299,36,85,2.361,6,4603,2.028,0.1205517403477586,0
tests\test_basic.py,826514b8eb18f6c314cf566630253d35c89e42c3,2023-08-16,David Lord,fix flake8 bugbear findings,0,121,46,3261,0.0,1380,245,266,1.086,3,5703,0.922,0.1204296039043355,0
flask\cli.py,098ea0c8ca3b2f3c6715b1048bec6a42db6298e1,2016-08-27,Markus Unterwaditzer,"Only passthrough_errors if PROPAGATE_EXCEPTIONS

See pallets/werkzeug#954",0,44,16,852,0.0,318,26,81,3.115,9,2146,2.0,0.12042315571758694,0
tests\test_helpers.py,36425d5f91b57210f7707de9564377fea93825b2,2016-12-21,Jiri Kuncar,"Ignore cache on request.get_json(cache=False) call (#2089)

* Test cache argument of Request.get_json

* Ignore cache on request.get_json(cache=Fals",0,36,18,831,0.0,739,90,106,1.178,3,3170,0.844,0.1203535415026374,0
flask\__init__.py,80eb6cfffc3f3fe6e448aa0e26ba1566d4c42917,2010-07-04,Armin Ronacher,Switched to relative imports in the package,0,7,2,1,0.0,11,0,0,0.0,0,110,0.0,0.12033600523910434,0
flask\ext\__init__.py,95c4dcb4d50e69b927855cd6a446579d2fe45b4e,2011-09-27,Armin Ronacher,Refactored flask.ext process to not swallow exceptions on weird Pythons.,0,7,1,9,0.0,6,1,1,1.0,1,116,0.0,0.12029651334004997,0
src\flask\blueprints.py,7029674775023c076a1dc03367214d178423809a,2021-03-10,David Lord,rewrite Scaffold docs,0,11,5,648,0.0,205,33,59,1.788,6,1906,2.485,0.12029166966029903,0
flask\testsuite\config.py,f01b654ac4c0a4789369440557267b75df55fd59,2011-09-27,Armin Ronacher,total_seconds -> seconds for 2.6 and earlier,0,5,1,32,0.0,147,15,23,1.533,3,632,1.0,0.12023503239197345,0
flask\testsuite\config.py,8da8a21b69cc06e58b1b28fa0ecec63b5cf3d9b4,2011-09-25,Armin Ronacher,Moved the conversion thing into the ConfigAttribute.,0,4,1,30,0.0,147,15,23,1.533,3,632,1.0,0.12010020093129929,0
flask\testsuite\__init__.py,9691b7f0bf70553e61a88c8c7b6ffcac776b8d26,2011-09-21,Armin Ronacher,Deal with partially setup packages in the redirect hook.,0,6,2,26,0.0,144,24,50,2.083,10,710,1.625,0.12002654949974928,0
tests\conftest.py,77d887526d9776b15acbb43f31d00148debf0db9,2014-09-11,Markus Unterwaditzer,Rename fixture apps_tmpdir,0,2,1,0,0.0,82,14,18,1.286,2,405,1.571,0.12002631855378515,0
src\flask\sessions.py,c24f8c8199f8ceda7a7cfb5e91773eba595f5b67,2023-04-12,David Lord,no cookie domain by default,0,16,7,1411,0.0,159,23,36,1.565,5,1680,2.391,0.12002605316712568,0
examples\flaskr\flaskr\factory.py,310fbfcf64f40f237068fddbbbe45315f9935eca,2018-02-08,David Lord,"revert copyright year to project start
add copyright header to files",0,5,2,312,0.0,35,6,10,1.667,3,179,0.833,0.12002299354230384,0
flask\testsuite\__init__.py,a082a5e0ba81af15653fe56501c8d2530d3621dc,2011-08-26,Armin Ronacher,Cleanup in the test finder,0,2,1,0,0.0,117,19,40,2.105,10,536,1.368,0.11997282963689516,0
flask\testsuite\config.py,aa40b1731e09e839502994b3b0c22d3f2361d045,2014-07-27,Daniel Neuhäuser,Add Config.from_mapping,0,21,7,1066,0.0,322,31,56,1.806,3,1379,1.129,0.1199700745262079,0
tests\test_signals.py,af41dbe0c479769402c46c0b99b841e781a8fa87,2014-09-11,Markus Unterwaditzer,Remove useless classes,0,4,1,0,0.0,115,19,24,1.263,2,398,0.842,0.11996964564731202,0
flask\ctx.py,46651659c29a3ff8fa470e32d3e35f9cc2c7fbc0,2012-01-16,Kyle Wild,"Fix a typo (""is""->""if"") in the comments; clarify a bit",0,19,4,563,0.0,60,8,18,2.25,4,880,1.5,0.11988793422627636,0
tests\test_async.py,00f5a3e55ca3b6dd4e98044ab76f055dc74997ac,2021-04-06,pgjones,"Alter ensure_sync implementation to support extensions

This allows extensions to override the Flask.ensure_sync method and
have the change apply to b",0,2,1,0,0.0,101,18,18,1.0,1,330,0.444,0.11988159096191056,0
tests\test_helpers.py,b570bf699c162e3223043582179db1c67b0a4c74,2019-01-07,Ignasi Bosch,Allow partial content on bytesio,0,71,27,1578,0.0,771,105,123,1.171,3,3560,1.914,0.11984402944342283,0
src\flask\ctx.py,6fe7f45725dd0fc94fb3ce7ab3b3ff477b10401a,2021-05-13,David Lord,inform mypy that g has arbitrary attributes,0,14,6,712,0.0,198,30,57,1.9,8,2105,1.833,0.1198108786244699,0
flask.py,c4cac0abc1a04710a25dcfc8d7f1b2de173546a8,2010-05-18,Armin Ronacher,Improved configuration support.,0,69,7,41,0.029,475,72,147,2.042,15,6016,2.083,0.1197939368269683,0
src\flask\sessions.py,2e8fe7b2f2b541a60c90c625446647b22c5cacc2,2023-04-20,David Lord,drop support for python 3.7,0,18,7,1419,0.0,151,23,36,1.565,5,1675,2.391,0.11977539809271516,0
tests\test_session_interface.py,a7b02b3a07ae292ce376df2459eae3ffb4c06d52,2021-05-14,David Lord,converters have access to session,0,1,1,101,0.0,16,4,4,1.0,1,76,1.75,0.11973924757575329,0
flask\cli.py,c65b32ba1d71c95d165f173f8681bfc0f6e1eca2,2015-06-12,GunWoo Choi,Update title of docstring in flask.cli,0,29,7,409,0.0,292,27,79,2.926,9,2143,2.259,0.11973061918498208,0
flask\cli.py,1a2dc6f205003cd2307b33927b8628a3d97b7ce6,2017-11-25,Armin Ronacher,Fixed tests for python 3,0,78,26,1306,0.0,471,31,124,4.0,12,3042,2.258,0.1196382201488109,0
tests\test_basic.py,54e05a282428e9a44dbd414ca70231a83ebd710d,2023-11-15,David Lord,use ruff linter and formatter,0,123,46,3352,0.0,1382,245,266,1.086,3,5715,0.922,0.11960735086575161,0
tests\test_basic.py,54ff9b297276a3add08c8faf1557b5e359b3ab99,2023-11-09,David Lord,use ruff linter and formatter,0,122,46,3345,0.0,1382,245,266,1.086,3,5715,0.922,0.11960735086575161,0
tests\test_helpers.py,a00ccdce9429188d349cad5a2f5d6f21b2a84c39,2014-09-11,Markus Unterwaditzer,Remove more test_apps,0,5,1,0,0.0,547,68,81,1.191,3,2209,0.838,0.11959128979626046,0
flask\app.py,0da56d7f5cfb6a637129444bfe0d6bf2584363ac,2011-03-18,Armin Ronacher,deprecated init_jinja_globals,0,51,10,258,0.0,330,40,95,2.375,6,4927,1.95,0.11958168727363296,0
flask\app.py,e853a0f73959ad12cdabc2d74324cdc9329ae794,2011-08-25,Armin Ronacher,The test client and test_request_context are now both using the same logic internally for creating the environ.  Also they use APPLICATION_ROOT now.,0,101,14,419,0.0,526,64,155,2.422,8,7369,2.0,0.11956650568695297,0
flask\sessions.py,b146d8277ab90cf6d43ea54113383076e4fd0318,2012-10-07,Armin Ronacher,Added wrapper module around simplejson/json for much simplified customization.,0,14,1,458,0.0,130,22,45,2.045,9,1322,2.136,0.11944754635265761,0
scripts\flaskext_migrate.py,b759aa2b955cccf7050ece74b84c32089443e47e,2015-02-12,Keyan Pishdadian,Add test for naming module and fix logic to cover,0,8,1,5,0.0,55,6,15,2.5,6,384,1.167,0.11939469765546265,0
examples\javascript\js_example\__init__.py,3a35977d5fbcc424688d32154d250bc0bae918d6,2023-01-19,David Lord,stop ignoring flake8 e402,0,2,1,1742,0.0,3,0,0,0.0,0,14,0.0,0.11938839360489051,0
tests\test_blueprints.py,daf1510a4bda652ac2cfca03ec5567b03ddf8bf1,2025-08-19,kadai0308,use template_filter without parens,0,55,16,3994,0.0,790,165,169,1.024,3,3294,0.885,0.11932479064619718,0
examples\tutorial\flaskr\auth.py,43483683b2bc8da85f00ccccdfb8d9d5c77a6bb3,2019-06-01,David Lord,apply reorder-python-imports pre-commit config,0,3,2,418,0.0,78,6,17,2.833,6,373,0.333,0.11931898700998111,0
flask\cli.py,c23a63a185104b4dc39fe53d82254059c5ff4727,2017-11-25,Armin Ronacher,Improved bad factory error handling,0,76,26,1306,0.0,469,31,124,4.0,12,3038,2.258,0.11929178280237354,0
src\flask\sessions.py,8646edca6f47e2cd57464081b3911218d4734f8d,2023-05-02,David Lord,set `Vary: Cookie` header consistently for session,0,20,7,1430,0.0,189,23,42,1.826,8,1887,2.391,0.11928183077536139,0
flask\cli.py,48c2925664e154711e97385cc197be8bbb59572d,2017-05-25,Hendrik Makait,Factor in code review comments and refactor functions to be more naturally split.,0,62,22,1123,0.0,436,29,108,3.724,11,2814,2.138,0.11927827165755359,0
flask\testing.py,22e072379b9fcffd229cdd239dd3ff5ed4eed571,2018-01-06,Hsiaoming Yang,cleanup werkzeug import (#2582),0,36,15,2742,0.0,114,6,32,5.333,15,762,3.5,0.1191555099936115,0
flask\cli.py,f6d25bbc4f95112e9f5f85096d12a61ed43b38b8,2014-08-12,Armin Ronacher,Switch to newer click (2.0),0,15,3,106,0.0,260,22,71,3.227,9,1947,2.5,0.119107428901448,0
flask\blueprints.py,2a4d3ef1168e0ea1733898527229961c9ddafced,2012-01-16,Reisen,Added a template filter decorator to blueprints.,0,15,4,232,0.0,156,34,47,1.382,4,1533,2.382,0.11910141783393911,0
tests\test_helpers.py,af4cb0ff2bb77c0c2f03227b17cc6ef67f28e63b,2014-09-11,Markus Unterwaditzer,Remove flask superclass,0,4,1,0,0.0,546,68,81,1.191,3,2201,0.824,0.11905262127033801,0
tests\test_apps\blueprintapp\__init__.py,025589ee766249652e2e097da05808fe64911ddc,2019-05-06,David Baumgold,"Reformat with black

https://github.com/python/black",0,1,1,1698,0.0,7,0,0,0.0,0,29,0.0,0.1189843105778748,0
src\flask\json\__init__.py,49b7341a491e01cd6a08238ca63bd46ae53a009f,2021-02-25,Grey Li,update json.dumps for http_date changes,0,13,3,635,0.0,122,10,40,4.0,7,1386,2.6,0.11891199924531774,0
flask\helpers.py,ee8417dac8364f02524edffddff92329f15b95af,2011-09-01,Armin Ronacher,Late but 2010 -> 2011 in some files,0,56,12,425,0.0179,261,25,90,3.6,27,2867,2.0,0.11885115021269067,0
tests\test_ext.py,af4cb0ff2bb77c0c2f03227b17cc6ef67f28e63b,2014-09-11,Markus Unterwaditzer,Remove flask superclass,0,3,1,0,0.0,96,16,30,1.875,10,453,0.125,0.11874863587126092,0
flask\testing.py,a89bdb3395b22c963456d1fcdebbd77c5c6f618c,2017-07-29,David Lord,"prefer the url's scheme over the kwarg
tabs -> spaces
add test
add changelog",0,35,15,2581,0.0,117,6,32,5.333,15,771,3.5,0.11870803140203297,0
examples\blueprintexample\test_blueprintexample.py,c3dd7b8e4c9e322c413f4a49e5d15aceafd17c2d,2018-04-09,David Lord,rewrite tutorial docs and example,0,2,2,1305,0.0,16,2,2,1.0,1,78,0.5,0.1187035762471332,0
src\flask\config.py,746455d1038fd5479f396cbf2d19b48edfeb8290,2022-08-21,Thomas Rhines,"Fix misrendered docstring

The API reference for `flask.Config.from_mapping` needs a newline to separate
the summary from the return description.  I a",0,18,5,1176,0.0,124,12,39,3.25,7,1550,3.0,0.11863830908732294,0
tests\test_basic.py,9efc1ebeeb431769897798cdf8de2c67dcbbc9c0,2024-11-01,David Lord,"add SESSION_COOKIE_PARTITIONED config

co-authored-by: Jose Cespedes <josecespedes@ibm.com>",0,125,46,3704,0.0,1370,241,262,1.087,3,5675,0.925,0.11861799444298259,0
flask\cli.py,44b0aeb048c1019e3cdd42fd2bdf9c2c8ffb7429,2014-05-07,Marc Schlaich,Fixed typo.,0,10,2,9,0.0,247,25,68,2.72,9,1571,1.88,0.1185863981858631,0
tests\test_basic.py,fb54159861708558b5f5658ebdc14709d984361c,2025-05-12,James Addison,"secret key rotation: fix key list ordering

The `itsdangerous` serializer interface[1] expects keys to be
provided with the oldest key at index zero a",0,128,46,3896,0.0,1427,246,269,1.093,3,5906,0.939,0.11848932089080613,0
flask\helpers.py,8340d3c9f5cb38f23dd16d7d28aa643a121c4236,2011-08-25,Armin Ronacher,Updated docstring on make_response,0,54,12,419,0.0185,261,25,90,3.6,27,2839,2.0,0.11848589047243092,0
tests\test_views.py,af4cb0ff2bb77c0c2f03227b17cc6ef67f28e63b,2014-09-11,Markus Unterwaditzer,Remove flask superclass,0,4,1,0,0.0,116,26,26,1.0,1,463,0.731,0.11847552813127825,0
flask\cli.py,5436dddf64f0103088c4ca212f16efa40c88766a,2017-10-10,David Lord,"rewrite cli errors
consistent order for arguments to load functions
refactor find_app_by_string to flow better
more cli loader tests",0,73,25,1261,0.0,461,30,120,4.0,11,3012,2.267,0.11841768115030785,0
src\flask\ctx.py,f2f027d1fbc12f3ff24f3e471e11ac56e1a5d869,2020-04-04,David Lord,remove unused module docstrings,0,11,4,308,0.0,169,27,52,1.926,8,1922,1.778,0.11833795189144197,0
src\flask\blueprints.py,fd62210f583e90764be6e8d9f295f37f33a65e48,2021-03-08,pgjones,"Utilise defaultdicts

This code originates from the Python 2.4 supporting version of Flask,
with defaultdicts being added in 2.5. Using defaultdict ma",0,10,4,646,0.0,208,33,59,1.788,6,1992,2.485,0.11828821202675681,0
src\flask\json\__init__.py,aff21fd8bc4d168caf481de87bb5447adccd18ad,2021-01-04,huimingz,"Document parameter description error

The loads function has the wrong 'kwargs' parameter description",0,10,1,582,0.0,155,14,58,4.143,12,1539,2.357,0.11827855882392699,0
tests\test_signals.py,af4cb0ff2bb77c0c2f03227b17cc6ef67f28e63b,2014-09-11,Markus Unterwaditzer,Remove flask superclass,0,5,1,0,0.0,114,19,24,1.263,2,394,0.842,0.11816964564731203,0
src\flask\config.py,08a283af5efc999d4f1e29275317a5c0c05c6f7b,2022-03-25,pgjones,"Allow loading of environment variables into the config

This new method will pick out any environment variables with a certain
prefix and place them i",0,15,5,1028,0.0,116,13,37,2.846,5,1483,2.846,0.1181366632364842,0
flask\__main__.py,3bdb90f06b9d3167320180d4a5055dcd949bf72f,2014-04-28,Armin Ronacher,Added click support to Flask,0,1,1,6,0.0,3,0,0,0.0,0,36,0.0,0.1181114464320758,0
tests\test_basic.py,c17f379390731543eea33a570a47bd4ef76a54fa,2026-02-18,David Lord,request context tracks session access,0,131,47,4178,0.0,1444,247,270,1.093,3,5962,0.935,0.1180601483802872,0
src\flask\ctx.py,c65863912ba3c93d014378e21402c97babca272b,2019-06-13,David Lord,move url matching after opening session,0,4,2,12,0.0,184,27,59,2.185,9,2032,1.778,0.1180470175987291,0
flask\testsuite\config.py,fbd6776e68a12aa7bf7d646ca03d568cedc616f3,2011-08-26,Armin Ronacher,Fixed a bug in the testsuite that caused problems when dots where in directory names,0,3,1,0,0.0,143,14,22,1.571,3,615,1.0,0.11798549531653743,0
examples\tutorial\flaskr\blog.py,43483683b2bc8da85f00ccccdfb8d9d5c77a6bb3,2019-06-01,David Lord,apply reorder-python-imports pre-commit config,0,2,2,418,0.0,84,5,14,2.8,4,425,0.8,0.11796101123312155,0
src\flask\cli.py,da600394865c06a4772c433c1a560453dcf4f868,2025-03-29,George Waters,"Handle help arg by itself the same as no args

When the 'flask' command is used with only the '--help' parameter, this
change will make sure to try an",0,61,17,2128,0.0164,695,34,162,4.765,18,4429,2.618,0.1179304842271449,0
src\flask\cli.py,2c3160304278d323da8485057770926d1b582579,2024-11-07,David Lord,update env file precedence,0,60,17,1986,0.0167,693,34,160,4.706,18,4418,2.618,0.1179304842271449,0
src\flask\__main__.py,f2f027d1fbc12f3ff24f3e471e11ac56e1a5d869,2020-04-04,David Lord,remove unused module docstrings,0,2,1,308,0.0,2,0,0,0.0,0,7,0.0,0.1178911374043849,0
tests\test_helpers.py,af41dbe0c479769402c46c0b99b841e781a8fa87,2014-09-11,Markus Unterwaditzer,Remove useless classes,0,3,1,0,0.0,546,68,81,1.191,3,2202,0.824,0.11784375973187645,0
flask.py,c0a9f5d0c4f09dbe8b744609552cbbfa9f14fbc0,2010-04-24,Armin Ronacher,Documentation update for the flask module support.,0,47,5,18,0.0213,340,54,104,1.926,7,4311,2.056,0.11777240543137985,0
scripts\make-release.py,7e1ebae3a2879b989cae4d27bb8dd1dc8a1313ee,2011-06-29,Armin Ronacher,"Another fix for the script

Signed-off-by: Armin Ronacher <armin.ronacher@active-4.com>",0,4,1,2,0.0,98,15,27,1.8,7,455,1.0,0.11769778006389472,0
flask\__init__.py,a3c9494f67a0e89d44f459dac9eb9d0bc9b9025b,2010-07-04,Armin Ronacher,Moved templating stuff into a separate module,0,5,2,1,0.0,9,0,0,0.0,0,104,0.0,0.11759194740811602,0
flask\session.py,c4f64c1c475badaeef009ad46846e32a8e5c9b66,2010-07-02,Justin Quick,working import layout for module,0,1,1,0,0.0,16,3,3,1.0,1,112,2.0,0.11733035456246485,0
src\flask\config.py,b10b6d4af1127fdfb0a74221af0c020ced71fece,2023-02-23,AntoineMath,add text parameter to config.from_file,0,19,6,1363,0.0,125,12,40,3.333,7,1578,3.083,0.11727938159087545,0
flask\ctx.py,8532bd51a709263907a4604660b8dabf51e39ab2,2012-01-16,Kyle Wild,[docstring] Remove an extra `if` clause to clarify sentence,0,20,5,563,0.0,60,8,18,2.25,4,880,1.5,0.11724965789715991,0
flask\app.py,8339cb35082fc93d3a9c98616aed7fe0c1c642dc,2012-10-18,Armin Ronacher,Added support for unicode json dumping.  This fixes #535,0,146,20,838,0.0,615,74,185,2.5,10,8325,2.041,0.1172403829286888,0
flask\app.py,f34c0281252bf1838e2ec24fe8b064b232a098ef,2012-10-08,Armin Ronacher,Added template tests and made config a true global,0,145,20,828,0.0,614,74,185,2.5,10,8323,2.041,0.1172403829286888,0
src\flask\json\__init__.py,8ab4967703c2f5c500174f46b672d80e32f55d85,2021-04-15,David Lord,consistent versions and deprecation messages,0,14,3,684,0.0,123,10,40,4.0,7,1394,2.6,0.11721119972312577,0
src\flask\json\__init__.py,1403d35e2a107e0fc693a09898cf605bb18989ad,2021-05-11,David Lord,update type annotations,0,16,4,710,0.0,137,10,40,4.0,7,1509,2.6,0.11717686320562426,0
flask\app.py,b256e9f36c6d170e7209a577efcac2503c8e48e3,2011-08-26,Armin Ronacher,make_default_options_response now tries to use Werkzeug 0.7 functionality before falling back.,0,102,14,419,0.0,530,64,156,2.438,8,7351,2.0,0.11716650568695296,0
flask\app.py,a5da2c98f3ed2f9fe254e3b61799b06fa230a175,2011-08-25,Armin Ronacher,Implemented flask.testing.TestClient.session_transaction for quick session modifications in test environments.,0,100,14,418,0.0,532,64,156,2.438,8,7401,2.0,0.11716650568695296,0
tests\test_deprecations.py,af4cb0ff2bb77c0c2f03227b17cc6ef67f28e63b,2014-09-11,Markus Unterwaditzer,Remove flask superclass,0,3,1,0,0.0,3,0,0,0.0,0,32,0.0,0.11704865716740183,0
flask\sessions.py,2b885ce4dc3f6b2ea2707a39a8198a84d7ad3991,2012-10-30,Armin Ronacher,Added better error reporting for unicode errors in sessions,0,15,1,481,0.0,139,22,47,2.136,11,1371,2.136,0.11697961312598154,0
flask\__init__.py,8798b4b7112fb984bd244c8581ab03ef4a7ba766,2010-07-04,Armin Ronacher,Merged in changes from master by hand,0,2,1,1,0.0,8,0,0,0.0,0,94,0.0,0.11696480718337612,0
src\flask\helpers.py,44ffe6c6d6c90a414de32db1b03d5978f8770271,2023-04-20,David Lord,add __future__ annotations,0,63,16,1419,0.0,230,22,49,2.227,8,3133,2.273,0.11690674136324011,0
flask\cli.py,7a1a594b2649890fca5d0e2a24db111046d68f39,2017-05-25,Hendrik Makait,Factor out call_factory_from_regex function,0,61,22,1123,0.0,436,29,109,3.759,11,2791,2.103,0.1168532602054235,0
tests\test_basic.py,8705dd39c4fa563ea0fe0bf84c85da8fcc98b88d,2023-05-01,David Lord,set `Vary: Cookie` header consistently for session,0,118,46,3153,0.0,1380,245,266,1.086,3,5699,0.922,0.11682960390433551,0
tests\test_basic.py,c49ce2e1eb8b598e724388bead0943837bab8027,2023-08-16,David Lord,fix flake8 bugbear findings,0,120,46,3261,0.0,1380,245,266,1.086,3,5703,0.922,0.11682960390433551,0
flask\cli.py,491d331e6e0a7915c9e6d9b3287688ac7a3f56ca,2017-07-16,David Lord,load env vars using python-dotenv,0,72,25,1175,0.0,455,30,119,3.967,11,3045,2.267,0.11675803591749187,0
src\flask\ctx.py,c8ddb948f6af35998f99521627396c0ea7fa62c1,2021-11-16,David Lord,deprecate RequestContext.g,0,17,6,899,0.0,214,30,57,1.9,8,2188,1.833,0.11672683526006372,0
src\flask\ctx.py,47e4bd5059fbe1e7f39b56f52c821ba0b39ded1c,2021-11-16,pgjones,copy_current_request_context can decorate async functions,0,16,6,898,0.0,198,30,57,1.9,8,2126,1.833,0.11669617514049793,0
tests\test_helpers.py,6650764e9719402de2aaa6f321bdec587699c6b2,2023-02-23,David Lord,remove previously deprecated code,0,102,40,3086,0.0,230,45,47,1.044,2,1022,1.556,0.11665172549986513,0
tests\test_helpers.py,0a00e1b6085f62fb776a95ef676ea661bff565f6,2023-05-02,David Lord,use tmp_path instead of tmpdir,0,103,40,3154,0.0,230,45,47,1.044,2,1021,1.556,0.11665172549986513,0
flask\app.py,00c5b7a937b63378394fc6fc576aa6c27106d6d6,2011-02-21,Armin Ronacher,added create_jinja_loader,0,48,9,234,0.0,301,37,86,2.324,6,4632,2.0,0.11664751300281742,0
src\flask\globals.py,f2f027d1fbc12f3ff24f3e471e11ac56e1a5d869,2020-04-04,David Lord,remove unused module docstrings,0,3,1,308,0.0,39,3,6,2.0,2,165,0.667,0.11651172308137156,0
flask\json\__init__.py,6af14f058b6ef09214dc0e5d81902ed5b4ad12a0,2019-05-18,Eruvanos,support dataclass in JSONEncoder,0,7,3,715,0.0,152,14,58,4.143,12,1550,2.357,0.1165083871716528,0
src\flask\sansio\blueprints.py,edebd3704437f19b5b137eaffe97130fe817d144,2025-08-19,David Lord,"rewrite docs, clean up typing for template decorators",0,5,3,731,0.0,372,34,83,2.441,23,2862,2.529,0.11636579162703634,0
src\flask\blueprints.py,7c5261407dae61679c268b44c63d73909c3fe652,2021-05-13,David Lord,blueprint name may not contain a dot,0,18,5,712,0.0,286,33,69,2.091,15,2255,2.485,0.11607660180038819,0
examples\blueprintexample\blueprintexample.py,c3dd7b8e4c9e322c413f4a49e5d15aceafd17c2d,2018-04-09,David Lord,rewrite tutorial docs and example,0,4,4,2229,0.0,7,0,0,0.0,0,49,0.0,0.11600581809169477,0
flask\app.py,709ecefee1859cf16cc8bdfa642e39fbc6b4421e,2011-04-18,Rémy Roy,"Updating documentation for app.after_request decorator.

Signed-off-by: Armin Ronacher <armin.ronacher@active-4.com>",0,54,10,289,0.0,318,39,93,2.385,6,4863,1.974,0.11582756784805846,0
flask\sessions.py,5c7557917b86d3f2a88816fee00d3b84ee65cad6,2014-11-06,Mieszko,Minor typos fixed,0,34,10,1217,0.0,164,23,58,2.522,13,1686,2.174,0.11582603933660596,0
tests\test_reqctx.py,af41dbe0c479769402c46c0b99b841e781a8fa87,2014-09-11,Markus Unterwaditzer,Remove useless classes,0,3,1,0,0.0,146,19,23,1.211,2,493,0.105,0.1158147182011931,0
tests\test_ext.py,8fa5e32d9a1fdf042632bd8fcd0b44dd8031b639,2014-09-11,Markus Unterwaditzer,Tests pass now.,0,1,1,0,0.0,96,17,31,1.824,10,494,0.941,0.11580516479784714,0
examples\openidexample\simpleopenid.py,da8f88a22eab8195e48fa4ef63c6a3195c860eb0,2010-05-06,Armin Ronacher,"Removed OpenID example, that's now in flaskext.openid anyways.",0,1,1,2,0.0,60,11,17,1.545,4,419,1.545,0.11565338865448285,0
src\flask\json\__init__.py,892ae955093cc3b7925230ff7bc346a6afb14f5d,2021-08-05,default-303,jsonify encodes decimal to str,0,17,4,796,0.0,138,10,40,4.0,7,1541,2.6,0.11551831208374581,0
flask\app.py,952967fcab0ffccc6b67485e8eed994a69d38d03,2010-07-28,Armin Ronacher,"In 0.7, make_default_options_response is a public API",0,35,3,25,0.0,271,33,77,2.333,6,4342,2.061,0.11548863031159684,0
flask\app.py,dbf55de7e8bfcf7cde967aa72ea006b764d484ac,2010-07-28,Armin Ronacher,"Fixed an issue where the default `OPTIONS` response was
not exposing all valid methods in the `Allow` header.

This fixes #97

Signed-off-by: Armin Ro",0,34,3,25,0.0,271,33,77,2.333,6,4315,2.061,0.11548863031159684,0
flask\cli.py,e3c853e60401bccf1564bee19dda7a3b41602ff9,2017-10-24,Roy Crihfield,Fix typo in cli.py (#2502),0,75,25,1274,0.0,461,30,120,4.0,11,3004,2.267,0.11548020448431855,0
examples\jqueryexample\jqueryexample.py,8ba986e45e5b8f73f3f18da9d145b06722e5ceca,2015-07-12,Aayush Kasurde,"Added fix for issue 1529

Signed-off-by: Aayush Kasurde <aayush.kasurde@gmail.com>",0,4,3,1910,0.0,12,2,2,1.0,1,86,0.0,0.11544065404006476,0
flask\cli.py,9bc329c0c9dcdb5a3a6919f31542b6e7453d8aa8,2017-10-10,David Lord,"rewrite cli docs
reflects the current FLASK_APP detection",0,74,25,1261,0.0,461,30,120,4.0,11,3004,2.267,0.11541768115030784,0
scripts\temp.py,0b2556f3ec7b3d4be0b7dab9cea8458e07ab18d4,2015-02-10,Keyan Pishdadian,"Add lib2to3 fixer base code

Switching to using RedBaron instead of lib2to3, committing to save lib2to3 code in case using Baron is not successful.",0,1,1,3,0.0,16,1,4,4.0,4,59,1.0,0.11540117670203745,0
tests\test_helpers.py,25de45cbb6fc7304f67b685034151f9ac6ea0df5,2019-01-05,Matt Robenolt,"Add support for PathLike objects in static file helpers

See: https://www.python.org/dev/peps/pep-0519/

This is mostly encountered with pathlib in py",0,70,26,1577,0.0,755,103,121,1.175,3,3501,1.922,0.11538587634291723,0
flask\ctx.py,a3a2f521f14ba90689efc661afe7a0375409c83e,2013-10-16,Daniel Neuhäuser,"Clear exceptions when pushing a context

Fixes #882",0,45,8,1201,0.0,159,25,50,2.0,7,1764,1.64,0.11524953958152222,0
flask\testsuite\config.py,ec5b182f15d711aa92fe16480011fbe0fb9d3a63,2013-06-22,Karol Kuczmarski,Add Flask.config_class feature,0,16,5,666,0.0,255,25,48,1.92,3,1122,1.12,0.1152241508781767,0
src\flask\json\__init__.py,77237093da25438c88b0a74c374a397d4bf823eb,2021-04-26,pgjones,"Add initial type hints

This should make it easier for users to correctly use Flask. The hints
are from Quart.",0,15,3,695,0.0,137,10,40,4.0,7,1511,2.6,0.11508450974517366,0
run-tests.py,c0f42a0978d804237d7bd540f81dcdbc1643ea7f,2011-08-26,Armin Ronacher,Added shebang to the test run file,0,6,1,0,0.0,2,0,0,0.0,0,10,0.0,0.11504978112600679,0
tests\test_apps\blueprintapp\apps\admin\__init__.py,43483683b2bc8da85f00ccccdfb8d9d5c77a6bb3,2019-06-01,David Lord,apply reorder-python-imports pre-commit config,0,2,2,1723,0.0,15,2,2,1.0,1,37,0.0,0.11502180780120884,0
src\flask\helpers.py,84e11a1e827c0f55f9b9ee15952eddcf8a6492e0,2023-06-07,David Lord,use importlib instead of pkgutil,0,65,16,1467,0.0,230,22,50,2.273,9,3141,2.273,0.11497635892326688,0
flask\ctx.py,c889fbc231af08a0cd28a9694b60ffde9e1ff650,2013-06-09,Armin Ronacher,"Changed interface for `flask.g`

This now makes it behave like it did before, it's just an object.
It did however gain ``__contains__`` and ``__iter__",0,44,8,1072,0.0,155,25,48,1.92,7,1752,1.64,0.11495898772418975,0
tests\test_views.py,e77bc2d86c215ae0d86981630450988407728c5d,2014-09-11,Markus Unterwaditzer,Remove class from test_views,0,3,1,0,0.0,117,26,26,1.0,1,467,0.731,0.11492529307242694,0
src\flask\helpers.py,2e8fe7b2f2b541a60c90c625446647b22c5cacc2,2023-04-20,David Lord,drop support for python 3.7,0,64,16,1419,0.0,229,22,49,2.227,8,3129,2.273,0.11490674136324011,0
flask\wrappers.py,ee8417dac8364f02524edffddff92329f15b95af,2011-09-01,Armin Ronacher,Late but 2010 -> 2011 in some files,0,21,4,425,0.0,54,7,20,2.857,5,628,1.143,0.114772683602674,0
src\flask\ctx.py,b1a00ebc4c6f15055ddf15ecb17243a089f52a60,2021-12-22,David Lord,update error message for after_this_request and copy_current_request_context,0,19,7,935,0.0,203,30,58,1.933,8,2145,1.833,0.11464877799646082,0
flask\helpers.py,1d6f86bc87253c1dc1cf0c156f421214c38c3202,2011-08-10,Armin Ronacher,Updated docstring,0,53,12,404,0.0189,261,25,90,3.6,27,2803,2.0,0.11459399858053902,0
flask\helpers.py,c3844d11026f84400d5a088dd5c24c6a4a04dcd1,2011-08-10,Armin Ronacher,Rename _get_package_path to get_root_path to avoid confusion,0,52,12,404,0.0192,258,25,90,3.6,27,2756,2.0,0.11459399858053902,0
flask\helpers.py,b3aaf6d5ca4fa53cc78456b2df01ab4d11cec84a,2011-08-10,Armin Ronacher,Refactored package finding,0,51,12,404,0.0196,258,25,90,3.6,27,2730,2.0,0.11459399858053902,0
src\flask\json\__init__.py,69f9845ef2da3051d74d4dade3e88ccf5b2ee3de,2022-07-13,David Lord,add json provider interface,0,24,9,1137,0.0,114,10,18,1.8,3,1454,2.6,0.1145683774370569,0
examples\flaskr\flaskr.py,fb2d2e446bdd806ea3de7b869c7371e2dae57a23,2010-04-16,Armin Ronacher,"request_init -> before_request and request_shutdown -> after_request

This fixes #9.",0,3,1,1,0.0,61,8,13,1.625,4,303,0.125,0.11455549239299713,0
flask\app.py,b6116c1de3f3556f6ae18d87348355d2545ce314,2013-07-29,Robert Picard,"Remove Werkzeug bug workaround from flask/app.py

According to the note in the comment, you had to check to make sure that the
defaults were not an em",0,177,27,1122,0.0,649,81,196,2.42,9,8629,2.012,0.11454399875342357,0
tests\test_basic.py,5da2c00419d09ce2d3488263036ffd14563fb05a,2014-09-11,Markus Unterwaditzer,Rewrite assertion methods,0,2,1,0,0.0,1145,187,208,1.112,3,4550,0.626,0.11447311038520705,0
flask.py,931dcc4c80331d372d70d7a0a5c8e6d49223e2bf,2010-05-17,Armin Ronacher,Fixed a doc bug and added distribtue docs.,0,65,7,40,0.0308,407,61,130,2.131,15,5206,2.082,0.1143025076244521,0
examples\flaskr\flaskr\blueprints\flaskr.py,c3dd7b8e4c9e322c413f4a49e5d15aceafd17c2d,2018-04-09,David Lord,rewrite tutorial docs and example,0,2,2,372,0.0,51,7,12,1.714,4,268,0.0,0.11430119330326036,0
flask.py,0da39c76e3c67293aef2234b43aff8728d9002eb,2010-04-24,Armin Ronacher,More documentation updates :),0,48,5,18,0.0208,345,54,105,1.944,7,4400,2.056,0.11423669114566556,0
tests\test_blueprints.py,861aa0db1fdbc52602b8d502153a0a0b8490f124,2014-09-11,Markus Unterwaditzer,Init global test_apps explicitly,0,5,1,0,0.0,469,90,97,1.078,4,1946,0.389,0.11420784704817373,0
src\flask\helpers.py,6650764e9719402de2aaa6f321bdec587699c6b2,2023-02-23,David Lord,remove previously deprecated code,0,59,16,1363,0.0,218,22,49,2.227,8,3082,2.318,0.11411383728391933,0
src\flask\ctx.py,77237093da25438c88b0a74c374a397d4bf823eb,2021-04-26,pgjones,"Add initial type hints

This should make it easier for users to correctly use Flask. The hints
are from Quart.",0,13,5,695,0.0,186,27,52,1.926,8,2039,1.778,0.11409390425887361,0
flask\testsuite\ext.py,95c4dcb4d50e69b927855cd6a446579d2fe45b4e,2011-09-27,Armin Ronacher,Refactored flask.ext process to not swallow exceptions on weird Pythons.,0,6,1,9,0.0,85,17,29,1.706,10,443,0.941,0.11406283173051818,0
tests\test_apps\blueprintapp\apps\frontend\__init__.py,025589ee766249652e2e097da05808fe64911ddc,2019-05-06,David Baumgold,"Reformat with black

https://github.com/python/black",0,1,1,1698,0.0,8,2,2,1.0,1,29,0.0,0.11404984250372974,0
flask\cli.py,d931216adebf441dc7431f1a073baed8b4a1b20a,2014-12-27,Armin Ronacher,Hide a few traceback frames from the cli interface.,0,27,6,242,0.0,292,27,79,2.926,9,2143,2.259,0.11392755249570846,0
flask\cli.py,33534bb4a9937e6faba5ecec4586519f453369b6,2015-01-02,Parkayun,Happy New Year 2015,0,28,6,248,0.0,292,27,79,2.926,9,2143,2.259,0.11392755249570846,0
flask\exceptions.py,b146d8277ab90cf6d43ea54113383076e4fd0318,2012-10-07,Armin Ronacher,Added wrapper module around simplejson/json for much simplified customization.,0,1,1,208,0.0,12,2,2,1.0,1,170,2.0,0.11383323685133391,0
tests\test_helpers.py,43483683b2bc8da85f00ccccdfb8d9d5c77a6bb3,2019-06-01,David Lord,apply reorder-python-imports pre-commit config,0,80,34,1723,0.0,815,102,120,1.176,3,3520,1.931,0.11381317373553806,0
flask\app.py,7155f11a723695352323d484610b9a1c6798eb69,2011-08-05,Armin Ronacher,Added HTTP exception trapping.  This should fix #294,0,82,14,398,0.0,448,54,132,2.444,8,6579,2.019,0.11378108265701603,0
src\flask\ctx.py,a7b02b3a07ae292ce376df2459eae3ffb4c06d52,2021-05-14,David Lord,converters have access to session,0,15,6,713,0.0,198,30,57,1.9,8,2123,1.833,0.11345215881808737,0
scripts\testproj\test.py,85efa3f89571d66071b86110bf7b615e38234aa8,2011-06-27,Armin Ronacher,Updated upgrade script to no longer change url_for that don't need to be changed,0,4,1,21,0.0,30,6,6,1.0,1,101,0.333,0.11344993534312654,0
examples\flaskr\flaskr\_cliapp.py,54b6fc8de689a726aa01a0f2a39ce428e7a69712,2017-04-02,Kyle Lawlor,Add in a fixture utilizing app factory,0,1,1,0,0.0,2,0,0,0.0,0,36,0.0,0.11344578487719402,0
flask\app.py,d5cfcfeba7313d80d7ac29adb8c54960cb594079,2011-07-23,Simon Sapin,Intersphinx link fixes.,0,81,13,385,0.0,440,53,127,2.396,8,6435,2.019,0.11343904968998308,0
flask\testsuite\__init__.py,8f73c552a96cc54e6abefcfc0c4e9d4cdd7dc040,2013-05-22,Daniel Neuhäuser,"Add missing assertIn, assertNotIn methods on 2.6",0,17,5,635,0.0,154,30,56,1.867,10,815,1.9,0.11342676180100447,0
flask\sessions.py,6bd0080575a3413e349a20a658cc720809782238,2013-01-28,Armin Ronacher,Added workaround for Chrome cookies,0,16,1,571,0.0,142,22,48,2.182,11,1408,2.136,0.11338999495230537,0
src\flask\sansio\blueprints.py,72c85e80c8ef9e6d5b5644f7bb23cdc175ca3873,2023-08-19,pgjones,"Provide an extendable merge blueprint funcs method

This allows a Blueprint implementation that has additional funcs, such
as Quart with its before_we",0,2,1,0,0.0,340,33,82,2.485,23,2542,2.576,0.11338073162283688,0
src\flask\helpers.py,4256fc63044fa0d9c2135443461689b1adaf386d,2023-02-23,David Lord,deprecate locked_cached_property,0,60,16,1363,0.0,225,22,49,2.227,8,3132,2.318,0.11317406519419095,0
flask\app.py,b0ca7e5af15ef2218b9726aba1d8948a409dedb9,2011-01-24,mvantellingen,"Implement the endpoint decorator. This allows you to easily map views to endpoints when using the werkzeug routing.

Signed-off-by: Armin Ronacher <ar",0,46,7,205,0.0,299,36,85,2.361,6,4603,2.028,0.11310285213779306,0
src\flask\ctx.py,01621485fdad733b0886117d59bea1adac8d4fcc,2021-02-01,Matthew Preble,Ensure session_interface.open_session is called after URL matching (#3776),0,12,4,611,0.0,169,27,52,1.926,8,1922,1.778,0.11302932749176145,0
flask\testsuite\__init__.py,d43bfb261a0cb562fdfec6d94768c80d95844578,2014-02-20,Daniel Neuhäuser,"Add assertIsInstance to FlaskTestCase on 2.6

This fixes an error in ConfigTestCase.test_custom_config_class",0,21,7,909,0.0,161,32,59,1.844,10,849,1.969,0.11300046397949094,0
src\flask\json\__init__.py,e609dddd604bd8c808145973d91dcb8bb56a9906,2021-11-11,David Lord,drop Python 3.6,0,18,5,894,0.0,135,10,40,4.0,7,1531,2.6,0.11299659843106094,0
flask\cli.py,4f30cb7c57c4b5d74ba98953f59670a647623f7a,2017-06-27,Miguel Grinberg,fix variable substitution in error message,0,70,25,1156,0.0,457,29,114,3.931,11,2854,2.172,0.11294150374981515,0
flask\cli.py,448368e226c8edd1077cf8e5a12ddaa9222b8ec9,2017-06-16,David Lord,"style cleanup
[ci skip]",0,69,25,1145,0.0,456,29,114,3.931,11,2854,2.172,0.11294150374981515,0
tests\test_apps\flask_newext_package\submodule.py,b88a837674421f492f879c0a0122b0bb921d038e,2014-09-11,Markus Unterwaditzer,Remove fake extensions from test_apps,0,1,1,0,0.0,2,1,1,1.0,1,4,0.0,0.11274297447171099,0
tests\test_apps\flaskext\oldext_package\submodule.py,b88a837674421f492f879c0a0122b0bb921d038e,2014-09-11,Markus Unterwaditzer,Remove fake extensions from test_apps,0,1,1,0,0.0,2,1,1,1.0,1,4,0.0,0.11274297447171099,0
flask\blueprints.py,ce4d589d5b7bbda46b9c34211dcd3e1c90ee83c9,2012-01-16,Ron DuPlain,"Add non-decorator template filter methods.

Suggested by @Poincare on GitHub, on @Reisen's pull request:
https://github.com/mitsuhiko/flask/pull/272",0,16,5,232,0.0,158,35,48,1.371,4,1597,2.4,0.11267508841198558,0
src\flask\sansio\app.py,e82db2ca3a22c9614c1987392c9cfaa8c6ce99ad,2026-02-12,David Lord,fix provide_automatic_options override,0,18,6,908,0.0,347,33,81,2.455,13,4510,2.273,0.11257128732207186,0
tests\test_helpers.py,b46f5942a528053034fecf210572ee04bc4a3284,2019-06-01,Jon S. Stumpf,address flake8 issues,0,79,33,1723,0.0,810,102,120,1.176,3,3500,1.931,0.11253791241149627,0
src\flask\helpers.py,c24f8c8199f8ceda7a7cfb5e91773eba595f5b67,2023-04-12,David Lord,no cookie domain by default,0,61,16,1411,0.0,231,22,49,2.227,8,3162,2.318,0.11240738701622244,0
examples\minitwit\minitwit\__init__.py,c3dd7b8e4c9e322c413f4a49e5d15aceafd17c2d,2018-04-09,David Lord,rewrite tutorial docs and example,0,2,2,594,0.0,1,0,0,0.0,0,4,0.0,0.11237920038735587,0
tests\test_helpers.py,ef95998d79eed3b8350d8db825e3d98f25c179f2,2022-08-01,David Lord,deprecate FLASK_ENV,0,101,40,2881,0.0,236,45,48,1.067,2,1041,1.578,0.11231967833392173,0
flask\testsuite\testing.py,37f9cb9ca69176dec36faff4b2138226b479f65f,2011-09-01,Ron DuPlain,"Import with statement in testsuite, Python 2.5.",0,6,2,6,0.0,129,16,19,1.188,2,498,0.625,0.11226937389157284,0
flask.py,745638e774063de206aae930df71789de13e7c73,2010-05-04,Armin Ronacher,"Added missing decorators for module wide context processors.

This fixes #25.",0,58,6,27,0.0172,369,60,113,1.883,7,4688,2.017,0.11225828380770411,0
examples\javascript\tests\test_js_example.py,43483683b2bc8da85f00ccccdfb8d9d5c77a6bb3,2019-06-01,David Lord,apply reorder-python-imports pre-commit config,0,2,2,414,0.0,22,3,3,1.0,1,85,3.667,0.11219063486279283,0
flask\testing.py,310fbfcf64f40f237068fddbbbe45315f9935eca,2018-02-08,David Lord,"revert copyright year to project start
add copyright header to files",0,37,16,2775,0.0,114,6,32,5.333,15,762,3.5,0.11216793235385995,0
src\flask\sessions.py,8705dd39c4fa563ea0fe0bf84c85da8fcc98b88d,2023-05-01,David Lord,set `Vary: Cookie` header consistently for session,0,19,7,1430,0.0,153,23,36,1.565,5,1683,2.391,0.11211558687603031,0
flask\app.py,4c8c503326f8b26787945082007a294dff4c255b,2011-03-18,Armin Ronacher,break line,0,50,10,258,0.0,318,39,93,2.385,6,4841,1.974,0.11209817079011646,0
src\flask\ctx.py,d178653b5f7a5ee2ba15e215ce60caeeb9ed82e1,2022-11-25,David Lord,update requirements,0,31,8,1273,0.0,192,27,52,1.926,8,1778,1.852,0.11207517088171698,0
flask\app.py,da514b398429653dbd368c6da48c9863d3c2632f,2010-07-06,Armin Ronacher,Respect the domain for the session cookie.  This fixes #79,0,19,2,3,0.0,244,31,71,2.29,6,3892,2.097,0.11203765914244347,0
tests\test_basic.py,c24f8c8199f8ceda7a7cfb5e91773eba595f5b67,2023-04-12,David Lord,no cookie domain by default,0,117,46,3134,0.0,1362,241,262,1.087,3,5646,0.929,0.11199868232784281,0
tests\test_helpers.py,366f3f49af72702066da60476fa5e02d030c936b,2019-01-07,David Lord,add changelog for GH-2957,0,72,28,1578,0.0,767,105,123,1.171,3,3546,1.914,0.11193277777300155,0
flask.py,a921aef6c47cecbacef5173f03c07c52e6bc8fea,2010-05-04,Armin Ronacher,Fixed late binding of url_prefix.  This fixes #29.,0,57,6,27,0.0175,361,58,111,1.914,7,4601,2.017,0.11189148488134164,0
tests\test_basic.py,e13373f838ab34027c5a80e16a6cb8262d41eab7,2024-11-08,David Lord,enable secret key rotation,0,126,46,3710,0.0,1385,244,265,1.086,3,5761,0.922,0.11188953770792462,0
examples\javascript\js_example\views.py,6f6e3289da182593fb296da072049ade729adeea,2022-06-08,David Lord,remove javascript fetch polyfill,0,4,2,1517,0.0,13,2,2,1.0,1,66,0.5,0.1118373371549516,0
tests\test_helpers.py,f7c35bf0d51d1ae02709e39fe29110e12f64fb87,2017-05-16,David Lord,"safe_join on Windows uses posixpath

fixes #2033
closes #2059",0,46,21,977,0.0,739,90,106,1.178,3,3170,0.844,0.11181414501946167,0
flask\testsuite\__init__.py,6caaa8a527134dc9aff6d5c442969e96f9c00f21,2013-05-18,Thomas Waldmann,automated change using python-modernize: use 'as' in except,0,10,3,631,0.0,141,24,50,2.083,10,738,1.625,0.11181213197921862,0
tests\test_subclassing.py,6a64969009bf1898bd302e6a9633f71942523f7f,2025-09-19,David Lord,pass context through dispatch methods,0,14,4,4026,0.0,15,3,3,1.0,1,52,1.0,0.11176829132333815,0
flask\app.py,af5a0853bfe36d547af93b904729a43fcf8cc55d,2013-07-31,Markus Unterwaditzer,Fix #815,0,179,28,1124,0.0,653,81,197,2.432,10,8651,2.012,0.1116684596196494,0
flask\app.py,d1d835c02302884b2db1cab099b3ea6a84f41d32,2013-07-30,Armin Ronacher,"Added SESSION_REFRESH_EACH_REQUEST config option.

This also changes how sessions are being refreshed.  With the new
behavior set-cookie is only emitt",0,178,28,1123,0.0,651,81,197,2.432,10,8668,2.012,0.1116684596196494,0
flask.py,35ed617fe41b184288892f733ce07d94391b76b1,2010-05-17,Armin Ronacher,"Added support for flashing categories.

This fixes #35.",0,64,7,40,0.0312,407,61,130,2.131,15,5206,2.082,0.11153327685522132,0
flask\app.py,0fccfe711fda524f216f82263bb83787a75035fd,2011-07-07,Armin Ronacher,Refactored session interface,0,73,12,369,0.0,436,53,126,2.377,8,6379,2.019,0.11143288335129584,0
flask\app.py,fd679638ea991fbdd5d7318bc9451f0bd5532224,2011-07-11,Jesse Dubay,typo fix: flask -> flag,0,75,12,374,0.0,436,53,126,2.377,8,6378,2.019,0.11143288335129584,0
flask\app.py,ebb65b81e1279060bd75d211e5e32aecf0fa3932,2011-07-10,Armin Ronacher,Removed an unnecessary import.,0,74,12,372,0.0,436,53,126,2.377,8,6378,2.019,0.11143288335129584,0
flask\testsuite\__init__.py,e509d25d32965a8afd7ca98d67ee6f5a6af11cc8,2011-08-26,Armin Ronacher,Some more cleanups in how the test runner is invoked,0,4,1,0,0.0,123,20,43,2.15,10,629,1.3,0.11139934534762523,0
flask\app.py,1446614915b9ab4f75cbdfd79a80b71492b00276,2011-03-18,Armin Ronacher,Added deprecation warnings for modules,0,52,10,258,0.0,342,40,96,2.4,6,5031,1.95,0.1113913799968278,0
src\flask\ctx.py,53c893b646252d610e877eb9385e9e250a1ae5e1,2019-06-01,David Lord,fix string concats left over by black,0,2,1,0,0.0,184,27,59,2.185,8,2032,1.778,0.11137437574578067,0
src\flask\cli.py,8ddbad9ccdc176b9d57a4aff0076c1c58c455318,2022-05-02,DailyDreaming,"Fix linting error.

Suppress mypy.

Suppress mypy error.

Suppress mypy error.",0,35,12,1066,0.0,628,35,144,4.114,13,3708,2.371,0.11136782235288606,0
src\flask\helpers.py,b7501776a12c15e64b6cdac1e3b903a00df7d285,2021-11-12,David Lord,remove deprecated safe_join,0,40,11,895,0.0,309,22,62,2.818,12,3688,2.409,0.11134239065345836,0
run-tests.py,e509d25d32965a8afd7ca98d67ee6f5a6af11cc8,2011-08-26,Armin Ronacher,Some more cleanups in how the test runner is invoked,0,5,1,0,0.0,2,0,0,0.0,0,6,0.0,0.11124983607106173,0
flask\testsuite\__init__.py,4d73ef1a194a4280d437db5cbc9ceb8850e99e1f,2013-05-22,Daniel Neuhäuser,Add missing msg argument to assert_true(),0,14,5,635,0.0,143,25,51,2.04,10,750,1.68,0.11114550555379508,0
flask_tests.py,08f1f0dc32004fae01cf96d1eed84e6461e698e5,2010-04-14,Armin Ronacher,Added more Flask tests,0,2,1,1,0.0,60,11,11,1.0,1,268,0.364,0.11110746090964305,0
flask\testsuite\ext.py,56afafae67ff0db8b9994a4c59d978b56327e886,2011-09-23,Armin Ronacher,Do not break extension tests if tested with installed extensions.,0,5,1,4,0.0,75,16,27,1.688,10,395,0.938,0.11107508424864788,0
flask\json.py,0d19fa0a061d91f0a6fec5cc60af4a4c1b46aa9b,2015-05-31,Markus Unterwaditzer,"Clarify some docs

Fix #1476",0,26,11,965,0.0,97,13,31,2.385,4,1026,2.0,0.11107364600033912,0
flask\testsuite\reqctx.py,6caaa8a527134dc9aff6d5c442969e96f9c00f21,2013-05-18,Thomas Waldmann,automated change using python-modernize: use 'as' in except,0,1,1,4,0.0,146,18,23,1.278,4,550,0.444,0.11106333481995179,0
src\flask\globals.py,524fd0bc8cec7bfe8167c9c98cb5511b01a0f4c6,2020-04-04,David Lord,apply pyupgrade,0,2,1,308,0.0,39,3,6,2.0,2,187,0.667,0.11104855791160304,0
src\flask\cli.py,5d8e35653fca0d7ee01519d556c7851089de82ea,2022-08-01,David Lord,"refactor lazy loading

Remove the `--eager-loading/--lazy-loading` options and the
`DispatchingApp` middleware. The `run` command handles loading
exce",0,43,13,1157,0.0,667,35,151,4.314,13,4141,2.6,0.11103624132916534,0
docs\conf.py,ea5e654e9e19aab5089f9a71e679bcca11581e86,2010-05-17,Armin Ronacher,Added a documentation chapter about logging,0,8,2,41,0.0,42,0,0,0.0,0,1074,0.0,0.1109814179347254,0
flask\wrappers.py,ce701319756abef4d09c585828a630b8fdef89fc,2011-08-08,Armin Ronacher,If JSON parsing fails it now issues a BadRequest exception.,0,19,4,402,0.0,54,7,20,2.857,5,612,1.143,0.11095999317825987,0
flask\app.py,afe5d3cbd44056893aa8c11f4bf17496cee92022,2011-08-05,Armin Ronacher,Added a missing versionadded,0,83,14,398,0.0,448,54,132,2.444,8,6582,2.019,0.11078108265701603,0
scripts\make-release.py,5afeac0c19b6c9ca6456dff368724492822ea165,2011-06-28,Armin Ronacher,Fixed release script :(,0,2,1,1,0.0,98,15,27,1.8,7,455,1.0,0.11077312928880291,0
src\flask\app.py,7b09a0904c32dc8784cdd68e842442057340a361,2020-07-23,Christopher Nguyen,change make_response to use headers.update,0,20,7,418,0.0,806,82,220,2.683,15,10641,2.073,0.1107524774114146,0
tests\test_blueprints.py,af4cb0ff2bb77c0c2f03227b17cc6ef67f28e63b,2014-09-11,Markus Unterwaditzer,Remove flask superclass,0,4,1,0,0.0,469,90,97,1.078,4,1944,0.367,0.11066917852225128,0
scripts\make-release.py,21d4a054e399a42ac448814116580a5c62991fce,2011-06-29,Armin Ronacher,"Fixed a bug in the release script

Signed-off-by: Armin Ronacher <armin.ronacher@active-4.com>",0,3,1,2,0.0,98,15,27,1.8,7,455,1.0,0.11058300513294331,0
flask\cli.py,0f1cf50f97a617114078be3dbae3152339ff13ad,2016-08-12,Nate Prewitt,adding in try around __import__ to catch invalid files/paths (#1950),0,43,15,837,0.0,318,26,81,3.115,9,2144,2.0,0.11044359252681046,0
flask\app.py,343e678900a9970857f37b53b5d2f069327cd828,2011-07-18,Armin Ronacher,Fixed a typo in a docstring,0,80,13,381,0.0,440,53,127,2.396,8,6433,2.019,0.11043904968998308,0
flask\templating.py,025589ee766249652e2e097da05808fe64911ddc,2019-05-06,David Baumgold,"Reformat with black

https://github.com/python/black",0,37,13,3228,0.0,85,11,28,2.545,5,504,2.182,0.1101975611996522,0
flask\testsuite\__init__.py,e1d356fb713f3272db2a23f9f898c34c5dc79dc0,2013-05-22,Thomas Waldmann,"ported some more stuff to py 3.3

removed init_jinja_globals hack from app.py after consulting mitsuhiko
(didn't work on py 3.3 ""as is"")

removed with",0,12,4,634,0.0,141,24,50,2.083,10,740,1.625,0.11008334067744863,0
flask\testsuite\__init__.py,cfbfff2d2692a94bdb29133c2e7bb6b792cb337d,2013-05-18,Thomas Waldmann,python-modernize automated changes: misc. minor stuff,0,11,4,631,0.0,142,24,50,2.083,10,741,1.625,0.11008334067744863,0
scripts\testproj\test.py,bfd67764fb48311e6a7ddcc85244726d70af677b,2011-06-07,Armin Ronacher,Started documentation for blueprints,0,3,1,2,0.0,23,5,5,1.0,1,77,0.4,0.11000570305485434,0
docs\conf.py,3d719f35f5c1ee4ce3dc01fb2167ef49c0180cf6,2010-04-10,Armin Ronacher,"Added docs, fixed some bugs I introduced last commit",0,2,2,3,0.0,30,0,0,0.0,0,1103,0.0,0.10987273950895361,0
src\flask\helpers.py,d178653b5f7a5ee2ba15e215ce60caeeb9ed82e1,2022-11-25,David Lord,update requirements,0,58,16,1273,0.0,237,23,52,2.261,8,3178,2.217,0.10979468589411508,0
flask\app.py,16e4d5a6553ff9c89a61c44ddec7da21126b631a,2010-07-07,florentx,Various typos.,0,20,2,3,0.0,243,31,71,2.29,6,3892,2.097,0.10950499582586054,0
flask\wrappers.py,63876614b6734e6404f17c9d3d22b71b3f43d158,2011-08-09,Armin Ronacher,Removed second mention of json.  This fixes #290,0,20,4,402,0.0,54,7,20,2.857,5,628,1.143,0.10944127660071976,0
src\flask\helpers.py,99fa3c36abc03cd5b3407df34dce74e879ea377a,2022-06-17,David Lord,"add --app, --env, --debug, and --env-file CLI options",0,52,16,1112,0.0,276,23,55,2.391,8,3313,2.696,0.10940505915227636,0
src\flask\cli.py,9e831e915fa875423af0c0de8f53a3780055919e,2024-10-24,bre-17387639,fix pyright type errors,0,59,16,1972,0.0169,685,34,155,4.559,18,4291,2.559,0.1093918496533615,0
flask\testsuite\__init__.py,f8b6033a3b86691470a36db57eba17d996c7d5e8,2012-10-07,Armin Ronacher,Added a workaround for samefile.  This fixes #600,0,9,3,408,0.0,141,24,50,2.083,10,737,1.625,0.1093859202796995,0
tests\test_helpers.py,a5ff3cd01b8a78b5ed2961a8095290fed4e2a0d5,2019-05-31,Daniel Pope,Fix style issues on master using Black,0,78,32,1722,0.0,809,102,120,1.176,3,3485,1.931,0.10936144182326096,0
tests\test_helpers.py,fdab801fbbd9de5adbdb3320ca4a1cb116c892f5,2022-05-10,Tim Hoagland,add redirect method to app,0,98,38,2797,0.0,230,44,47,1.068,2,992,1.705,0.1091302299484485,0
flask\templating.py,a3c9494f67a0e89d44f459dac9eb9d0bc9b9025b,2010-07-04,Armin Ronacher,Moved templating stuff into a separate module,0,0,0,0,0.0,34,5,11,2.2,4,263,2.0,0.109114763771237,0
flask\cli.py,7c40aa9e50d97b7c412745a53c8cdc2597c46680,2017-06-15,Miguel Grinberg,"Import app from wsgi.py or app.py if FLASK_APP is not defined

Fixes #2376",0,68,24,1144,0.0,449,29,114,3.931,11,2849,2.172,0.10907053600787966,0
flask\app.py,12c49c75fbd04cfe81808ef300fcb0858d92c7b7,2017-03-31,Diggory Blake,Handle BaseExceptions,0,281,78,2463,0.0,687,86,209,2.43,11,9256,2.0,0.10905561393034437,0
flask\cli.py,9641f07d9159cd4289a3b89fbf5cf0bfc0102050,2014-08-28,Armin Ronacher,Made FlaskGroup an AppGroup,0,21,3,121,0.0,264,23,73,3.174,9,2028,2.435,0.10892764414981171,0
docs\conf.py,5bb2b55a2880b3c91dbcd6580f3d25ee23c6655c,2010-05-10,Armin Ronacher,Explicitly set the pygments style for the PDF,0,7,2,33,0.0,40,0,0,0.0,0,1065,0.0,0.10892647287978031,0
tests\typing\typing_app_decorators.py,d178653b5f7a5ee2ba15e215ce60caeeb9ed82e1,2022-11-25,David Lord,update requirements,0,1,1,140,0.0,23,6,6,1.0,1,68,0.667,0.10889729736551393,0
scripts\temp.py,9d64ff420fdde3c6eaa6d573d41da3b2f587422c,2015-02-06,Keyan Pishdadian,"Early commit for issue #1135

Add support migrating single imports from the flask.ext style to flask_",0,0,0,0,0.0,16,1,4,4.0,4,59,1.0,0.10885970797202932,0
tests\test_helpers.py,4305ebdf6692956a7e21a7195b90505d92f559d8,2016-06-08,RamiC,"Check for a request ctx before using the request.
Use the app json coder when blueprint json coder is set to none.
Revert the failling test to using a",0,28,14,635,0.0,682,90,110,1.222,3,2907,0.889,0.10885662853630974,0
flask\sessions.py,8284217593d5ea3d4bdeaed1e146fa94578b7999,2014-11-05,defuz,"docs: ``True``, ``False`` and ``None``",0,33,9,1216,0.0,164,23,58,2.522,13,1686,2.174,0.10883814226161592,0
flask\testsuite\config.py,b290bf4079bc325d6b13f9043afb17c4aee48df0,2013-08-07,Matt Wright,Add ability to config from a JSON file,0,17,6,712,0.0,263,26,50,1.923,3,1178,1.115,0.10881243084137397,0
src\flask\helpers.py,f8cdc78ce10f32a46390799e7ac16d231fb35803,2021-11-12,David Lord,remove deprecated total_seconds,0,41,11,895,0.0,300,21,61,2.905,12,3612,2.476,0.10868910720943882,0
src\flask\helpers.py,15a3e82823c894185771486510027a65295bcf94,2021-11-12,David Lord,extend deprecation for renamed send_file params,0,42,11,895,0.0,300,21,61,2.905,12,3612,2.476,0.10868910720943882,0
tests\test_blueprints.py,5da2c00419d09ce2d3488263036ffd14563fb05a,2014-09-11,Markus Unterwaditzer,Rewrite assertion methods,0,2,1,0,0.0,475,91,98,1.077,4,1993,0.692,0.10864039728217297,0
flask.py,693e4449f87950c764a928690f4437fd6b1b4d7d,2010-05-13,Zhao Xiaohong,Fix typo.,0,63,7,36,0.0317,405,61,128,2.098,15,5084,2.049,0.1086370362537176,0
flask\testsuite\__init__.py,750ab16364e12387a58061e5895b20fdcdcef003,2014-09-03,Armin Ronacher,assert_ is assert_true,0,22,7,1104,0.0,162,32,59,1.844,10,851,1.969,0.10862326705206429,0
docs\conf.py,54c3df60cd533ea80d347f6715ee84f6a560b5d5,2010-05-17,Armin Ronacher,Fixed a doc config error,0,9,2,41,0.0,42,0,0,0.0,0,1075,0.0,0.10861299688209382,0
src\flask\helpers.py,39f93632964ecabfcb9c1980e2add922098aad80,2022-05-14,David Lord,"finish moving url_for to app

move entire implementation to app
make special build args actual keyword-only args
handle no app context in method
menti",0,50,15,1078,0.0,276,23,55,2.391,8,3304,2.696,0.10860554579768977,0
flask\helpers.py,1759d8e4d80df3c3dc709c9bace2eb07d5685596,2011-10-06,Armin Ronacher,Added support for anchor link generation.,0,57,12,460,0.0175,266,25,91,3.64,27,2907,2.0,0.1085338153736167,0
src\flask\app.py,d5f88dafaf03a21aa4b6f0a273228fe9263a4a78,2020-03-11,kevinanew,refactor variable choices into if blocks,0,9,4,283,0.0,835,85,223,2.624,15,11029,2.071,0.10851412586298227,0
flask\app.py,db28217574c119b65f4a5c9dcc7922656d60f22b,2011-05-29,Armin Ronacher,"Fixed a bug, view_args not values",0,64,12,330,0.0,394,47,111,2.362,8,5749,1.979,0.10846046912583442,0
flask\app.py,4d6cd1a3901495f66513934bb7e1a6ac58116400,2011-05-29,Armin Ronacher,URL building should work in theory,0,63,12,330,0.0,394,47,111,2.362,8,5749,1.979,0.10846046912583442,0
flask\blueprints.py,9d09632dbfc0c08ab1a5290fbf282aad7d13e2f8,2012-04-09,Sean Vieira,Fix spelling.,0,17,5,316,0.0,158,35,48,1.371,4,1597,2.4,0.10837992655590932,0
flask\json.py,daceb3e3a028b4b408c4bbdbdef0047f1de3a7c9,2016-01-13,Jeff Widman,"Add support for serializing top-level arrays to JSON

Fix #170, #248, #510, #673, #1177",0,27,12,1192,0.0,106,13,35,2.692,7,1170,2.0,0.10837796061159145,0
tests\test_signals.py,8fa5e32d9a1fdf042632bd8fcd0b44dd8031b639,2014-09-11,Markus Unterwaditzer,Tests pass now.,0,1,1,0,0.0,114,20,26,1.3,2,416,1.05,0.10836530961974876,0
tests\typing\typing_route.py,762382e436062183b1e1fa6f3bda594090a452e7,2022-06-18,pgjones,view functions can return generators as responses directly,0,2,2,16,0.0,57,14,17,1.214,2,262,0.357,0.10826350783237236,0
flask\testsuite\subclassing.py,48f7cdd01699fdc4048b18d827fccfbf9f266c9f,2012-09-06,Finbarr O'Callaghan,various typo fixes,0,1,1,367,0.0,26,4,4,1.0,1,117,0.75,0.10813856595146294,0
src\flask\app.py,8efea0ccbbf0985e0c3c001e5bd90b4912a18f54,2020-10-03,Bogdan Opanchuk,"Break reference cycle created by default in Flask instances.

Flask instances with static folders were creating a reference cycle
via their ""static"" ",0,22,9,489,0.0,712,66,199,3.015,15,9021,2.076,0.108129295149316,0
examples\openidexample\openidexample.py,da8f88a22eab8195e48fa4ef63c6a3195c860eb0,2010-05-06,Armin Ronacher,"Removed OpenID example, that's now in flaskext.openid anyways.",0,1,1,2,0.0,108,9,24,2.667,6,606,0.556,0.10812878397563676,0
src\flask\ctx.py,61f62e6005f72c44a90026e2589b6bc5234f2f24,2022-05-23,David Lord,access flask types through namespace alias,0,22,8,1087,0.0,225,30,58,1.933,8,2226,1.833,0.1081047294167213,0
flask\cli.py,fb845b90328278f4a557f898024a53800752fd53,2017-07-14,David Lord,"allow local packages in FLASK_APP
don't require .py extension in FLASK_APP
add tests for nested package loading
parametrize cli loading tests",0,71,25,1173,0.0,428,28,109,3.893,11,2756,2.286,0.10806319221847256,0
flask\cli.py,b8e826c16bbbada9128b70357c218ef79425499d,2016-06-25,Kiss György,"Added tests, fixed some minor alignment problems.",0,41,15,788,0.0,336,27,85,3.148,9,2271,1.963,0.10803073131415664,0
flask\testing.py,cf5525f98a2a9a15f6bb93b050dfd43f2bd90d97,2018-02-19,David Lord,add test_cli_runner for testing app.cli commands,0,38,16,2786,0.0,126,8,36,4.5,15,933,3.5,0.10800721183073976,0
flask\cli.py,16471795117bb2d200888e49af5b621377bc1436,2016-06-25,Kiss György,"Added routes command, which shows all the endpoints registered for the app.

Orderable by rules, endpoints and methods. Shows up in the builtin comman",0,40,14,788,0.0,333,27,85,3.148,9,2256,1.963,0.10796148408599092,0
run-tests.py,12d74be7d7f62400663911d94783320bdfba86d4,2011-08-26,Armin Ronacher,Added better test runner,0,0,0,0,0.0,44,3,16,5.333,11,154,1.0,0.10795342994645879,0
flask\testsuite\__init__.py,5235c3e37e17b3271e3cac4646eaf97fd1cc071a,2011-08-26,Armin Ronacher,Make BetterLoader() have a better api :),0,3,1,0,0.0,116,19,40,2.105,10,531,1.368,0.10784945729450189,0
src\flask\blueprints.py,99afbb277d25d3b052e00b9a8da216054d51d62a,2021-05-21,pgjones,"Fix blueprint nested url_prefix

This ensures that the url_prefix is correctly applied, no matter if
set during the registration override or when cons",0,23,7,719,0.0,307,33,73,2.212,19,2302,2.515,0.10774766520544833,0
tests\test_helpers.py,28d5a4d71824ff5823ae310e3fd014b48b33d583,2024-07-10,David Lord,"add encoding parameter to open_resource

co-authored-by: mark <lopkophacked@protonmail.com>",0,105,41,3590,0.0,241,48,50,1.042,2,1080,1.542,0.1076981720934274,0
flask\app.py,99be2ec022e2ceb1c21527c8278a7179630430d5,2011-01-16,Armin Ronacher,Flask no longer internally depends on rules being added through the add_url_rule function,0,45,7,197,0.0,293,34,83,2.441,6,4558,2.059,0.10768848937260488,0
src\flask\app.py,b146a13f633b0e2e26e3b8383b3db0feb563bc83,2020-08-01,yk396,"extract common Flask/Blueprint API to Scaffold base class

Co-authored-by: Chris Nguyen <chrisngyn99@gmail.com>",0,21,8,426,0.0,710,66,199,3.015,15,8994,2.076,0.10767381498608579,0
flask\cli.py,fa6eded6f572dd4bc23b030f025156cdd1e63305,2014-05-08,Armin Ronacher,Fixed the cli system failing syntax errors.,0,12,3,10,0.0,257,25,75,3.0,9,2010,2.2,0.10765232310330684,0
tests\test_helpers.py,438edcdf01c392619449a6bdbb18f6cf72ef7bb9,2023-09-30,pgjones,"Allow self as an argument to url_for

This makes the Flask.url_for self argument positional only (Flask
supports Python 3.8+) thereby restoring the ab",0,104,40,3305,0.0,235,47,49,1.043,2,1041,1.574,0.10763497636637703,0
flask\signals.py,b6cae028f7a2c77108e5ef91e34c285a9ae7ad81,2010-07-17,Armin Ronacher,Removed useless instanciation,0,1,1,0,0.0,25,3,3,1.0,1,212,3.0,0.10754176873711499,0
flask\app.py,15c937b316b16b12df2375c706bcc93e3d37d33e,2011-05-01,Ron DuPlain,Remove ctx.bind() from doc. It doesn't exist.,0,56,11,303,0.0,318,39,93,2.385,6,4830,1.974,0.10746740731964954,0
flask\app.py,2866ccda1fe19a42adc735d75abaf304f8aed27b,2011-07-15,Armin Ronacher,Switch to explicit Werkzeug imports,0,79,13,377,0.0,440,53,127,2.396,8,6433,2.019,0.10743904968998308,0
flask\app.py,76796c326d9abc243034847c41aa61f80ba3d653,2011-07-14,Armin Ronacher,Documented view function options,0,78,13,376,0.0,440,53,127,2.396,8,6430,2.019,0.10743904968998308,0
src\flask\cli.py,7d53a129cf1b28f1a88491ae50877473b68bdb54,2022-08-01,David Lord,remove __traceback_hide__,0,44,13,1157,0.0,665,35,151,4.314,13,4133,2.6,0.10743624132916534,0
src\flask\app.py,846ee2c62e369ed06190b8791088748bd3a83557,2020-04-16,jackwardell,add assert message for errorhandler exception type,0,19,6,320,0.0,806,82,220,2.683,15,10641,2.073,0.1073774774114146,0
tests\test_converters.py,c65863912ba3c93d014378e21402c97babca272b,2019-06-13,David Lord,move url matching after opening session,0,1,1,0,0.0,27,7,8,1.143,2,119,1.714,0.10726752453642521,0
flask\ctx.py,1b40b3b573f5d98cf9fbc453305cd535c0b2578d,2013-06-02,Armin Ronacher,Fixed request context preservation and teardown handler interaction.,0,42,8,1066,0.0,155,25,49,1.96,7,1742,1.72,0.10724810038201703,0
tests\test_helpers.py,eb5dd9f5ef255c578cbbe13c1cb4dd11389d5519,2022-05-12,dzcode,add aborter object to app,0,99,39,2800,0.0,249,47,50,1.064,2,1059,1.617,0.10720688502420717,0
examples\flaskr\flaskr.py,1246f4088a4fdc00a79f8029ff5d77bfe4fc9b14,2010-04-15,Armin Ronacher,First part of the tutorial.  Many explanations missing but it's a start.,0,2,1,0,0.0,61,8,13,1.625,4,303,0.125,0.10720385010964593,0
flask\app.py,8569dfee6136bfda4a5fa2297aed3d82700bb1a5,2010-11-29,Armin Ronacher,Added a PROPAGATE_EXCEPTIONS flag,0,42,7,149,0.0,289,34,82,2.412,6,4503,2.029,0.10717403279528519,0
scripts\fix_ext_import.py,0b2556f3ec7b3d4be0b7dab9cea8458e07ab18d4,2015-02-10,Keyan Pishdadian,"Add lib2to3 fixer base code

Switching to using RedBaron instead of lib2to3, committing to save lib2to3 code in case using Baron is not successful.",0,0,0,0,0.0,10,1,3,3.0,3,73,3.0,0.10709170704868236,0
flask\app.py,a06cd0a64418f2aafafb0a574c64c2ea5f3e9239,2011-03-19,Armin Ronacher,Started work on implementing blueprint based template loading,0,53,10,259,0.0,350,41,98,2.39,6,5124,1.976,0.10708776985967074,0
src\flask\app.py,2ae740dd4903bbe5f3864384bcdf2ab2d4638bce,2020-04-04,David Lord,f-strings everywhere,0,16,6,308,0.0,804,82,220,2.683,15,10650,2.073,0.10693978233346714,0
flask\testsuite\appctx.py,9bed20c07c40a163077b936f740a4e96a6213688,2012-04-09,Armin Ronacher,Added documentation for appcontext and teardown handlers,0,2,1,0,0.0,46,9,9,1.0,1,178,0.778,0.10681164860888967,0
tests\test_async.py,61fbae866478c19ea5f5c3b9b571a4fad0ba7e5c,2021-04-06,David Lord,skip async tests if asgiref isn't installed,0,3,1,0,0.0,102,18,18,1.0,1,333,0.444,0.10680395529248285,0
flask\json.py,52098e1e4fc4d9c962e9ecb09dfbbcc6ac80a4d7,2014-01-02,Daniel Neuhäuser,Happy New Year 2014,0,17,4,451,0.0,93,13,31,2.385,4,986,2.0,0.1067690790356759,0
flask\testsuite\examples.py,52098e1e4fc4d9c962e9ecb09dfbbcc6ac80a4d7,2014-01-02,Daniel Neuhäuser,Happy New Year 2014,0,1,1,860,0.0,24,2,4,2.0,3,94,0.0,0.1067165509430764,0
tests\test_helpers.py,025589ee766249652e2e097da05808fe64911ddc,2019-05-06,David Baumgold,"Reformat with black

https://github.com/python/black",0,74,29,1698,0.0,831,105,123,1.171,3,3563,1.914,0.10670296335627968,0
src\flask\cli.py,5050a18a0057df4cda6f6b00483d12d29cb59239,2022-04-24,James Warne,evaluate --cert before --key,0,34,11,1058,0.0,623,35,144,4.114,13,3679,2.371,0.10666400578943462,0
flask\sessions.py,bafc13981002dee4610234c7c97ac176766181c1,2014-09-03,Armin Ronacher,Added EXPLAIN_TEMPLATE_LOADING to help people debug templates not being loaded.,0,31,8,1154,0.0,164,23,58,2.522,13,1685,2.174,0.10657074816019248,0
flask\testsuite\__init__.py,3d36d6efb9371be92f6f22c844ed6a17c87f4a88,2013-05-22,Markus Unterwaditzer,"Fix leak in leak detection code

If ensure_clean_request_context found a leak, it would raise an
AssertionError and not clean up the leak, and therefo",0,18,5,635,0.0,152,28,55,1.964,10,787,1.821,0.1065167200735614,0
tests\test_helpers.py,501b8590dd8b262c93d52c92ab4b743af1f5d317,2016-06-08,RamiC,"Allow per blueprint json encoder decoder
re #1710",0,27,13,635,0.0,682,90,110,1.222,3,2907,0.889,0.10640023245689281,0
docs\flaskdocext.py,ae00f6d149c353e1ecb683ccbf01be221324a646,2011-08-07,Armin Ronacher,Tweaked autodoc to skip :internal: methods.,0,0,0,0,0.0,10,2,4,2.0,3,45,3.5,0.10634077474896249,0
flask\app.py,a3a72e2d8d8df53164689fd84a5db2c6cd04f28a,2010-07-17,Armin Ronacher,Added middlewares to quickstart.  This fixes #88,0,29,3,14,0.0,261,32,74,2.312,6,4218,2.094,0.1062353992884165,0
scripts\flask-07-upgrade.py,33534bb4a9937e6faba5ecec4586519f453369b6,2015-01-02,Parkayun,Happy New Year 2015,0,16,3,1306,0.0,226,19,81,4.263,11,1084,1.526,0.10621284324850304,0
examples\jqueryexample\jqueryexample.py,52098e1e4fc4d9c962e9ecb09dfbbcc6ac80a4d7,2014-01-02,Daniel Neuhäuser,Happy New Year 2014,0,1,1,1354,0.0,12,2,2,1.0,1,86,0.0,0.1061983283803904,0
flask\sessions.py,0f3f476dcfd2974aa73a3c741e0f6d94d662885e,2014-10-27,Petr Zemek,"Fix a typo in the description of SecureCookieSession.

The term ""base class"" (with a space) is used in another file, so use it here as well to make th",0,32,8,1208,0.0,164,23,58,2.522,13,1686,2.174,0.10614771913442372,0
src\flask\app.py,65271c105f7c247ecffc9a7121815276e092bd10,2023-08-27,pgjones,"Remove print left in by accident

This was added as per 0ec7f713d679ceed2c605e62ac5d38d579f29fa0 by
mistake.",0,108,27,1547,0.0,578,35,146,4.171,16,6645,2.486,0.10614217799688734,0
src\flask\app.py,0ec7f713d679ceed2c605e62ac5d38d579f29fa0,2023-08-19,pgjones,"Split the App and Blueprint into Sansio and IO parts

This follows a similar structure in Werkzeug and allows for async
based IO projects, specificall",0,106,27,1540,0.0,579,35,146,4.171,16,6648,2.486,0.10614217799688734,0
src\flask\app.py,3f6b243cec6859185ea4064e84b33c07cc7febf6,2023-08-19,pgjones,"Support async template context processors

This is useful as there is contextual information that could be loaded
via IO e.g. information from a datab",0,107,27,1540,0.0,579,35,146,4.171,16,6650,2.486,0.10614217799688734,0
src\flask\app.py,4024a4a89c18a1048b7496cf223c0b8c1e63c485,2020-04-03,David Lord,update deprecation versions,0,11,6,307,0.0,840,85,225,2.647,15,11084,2.071,0.1060105900984819,0
src\flask\app.py,4548e00dba81a5e60024d76b35bcfe2a7be8e675,2020-04-03,Jeenu Viswambharan,clarify static_folder is relative to root_path,0,10,5,306,0.0,839,85,225,2.647,15,11084,2.071,0.1060105900984819,0
flask\helpers.py,ebd74688070617a4cb6dd39df616f4691a98666d,2011-10-07,Armin Ronacher,Added a newline,0,58,12,462,0.0172,266,25,91,3.64,27,2907,2.0,0.10596238680218815,0
flask\ctx.py,0676bb8ab54a575616cd65d3c2ef1cc31fb82a84,2013-06-05,Armin Ronacher,Added appcontext_pushed and appcontext_popped signals,0,43,8,1068,0.0,158,25,49,1.96,7,1755,1.72,0.10594874623734755,0
src\flask\ctx.py,a74e266474f0981e9fc0d54d5dc430386823e4d7,2022-05-03,Stanislav Bushuev,skip coverage for TYPE_CHECKING,0,21,7,1067,0.0,225,30,58,1.933,8,2225,1.833,0.10594443329186114,0
flask\json.py,8f1dada542d9e9cc9af0eada3e99eb7ceda2e873,2013-09-02,Armin Ronacher,Some cleanups,0,16,4,329,0.0,93,13,31,2.385,4,986,2.0,0.10589535302463239,0
flask\testsuite\ext.py,9c82840f5256e8aca82c26ab4025712e5c928977,2011-09-18,Armin Ronacher,Added more tests for the import hook,0,3,1,0,0.0,69,15,24,1.6,9,330,0.933,0.10584369135288248,0
flask\testing.py,2411707492d59eff68a3cf6d306eed91fceb6344,2018-04-09,David Lord,rework context docs,0,39,16,2834,0.0,126,8,36,4.5,15,1037,3.5,0.10583400755157521,0
examples\flaskr\flaskr_tests.py,6dd92ae4b32c336564231e10db12458a8b9261ca,2010-04-16,Armin Ronacher,Beefed up the tutorial,0,1,1,1,0.0,40,6,6,1.0,1,240,1.333,0.10579231711923635,0
tests\test_subclassing.py,33534bb4a9937e6faba5ecec4586519f453369b6,2015-01-02,Parkayun,Happy New Year 2015,0,5,1,112,0.0,19,3,3,1.0,1,92,0.667,0.1057675032990119,0
src\flask\cli.py,aa801c431ad1f979bce3ea1afbd88e7796ebfd7e,2022-06-15,David Lord,FlaskGroup can be nested,0,38,13,1110,0.0,632,35,147,4.2,13,3647,2.429,0.10574728488331234,0
tests\test_helpers.py,dbd4520ccbe0954d8ff4f926ba5f16c4f5291533,2019-06-10,David Lord,"fix tests failing with server name warnings

After pallets/werkzeug#1577, mismatched configured and real server
names will show a warning in addition ",0,81,34,1733,0.0,732,99,117,1.182,3,3379,1.899,0.10574089630303823,0
flask\cli.py,d0ceb16be956ea3339dd0b7ab67ba3aceac6a9a3,2019-01-06,Grey Li,Use imperative tense for CLI help text,0,100,34,1714,0.0,557,35,148,4.229,12,3432,2.4,0.10568261724041984,0
flask\cli.py,02df042416c312f6c04a5ded8c9404386585c122,2019-01-06,Rohan Talip,"Corrected a typo in a docstring: ""Help object"" --> ""Helper object""",0,101,34,1714,0.0,557,35,148,4.229,12,3432,2.4,0.10568261724041984,0
flask\app.py,46e8427d814589145ffcdc10cce45b791bde795b,2017-03-11,John Bodley,Document run() host defaulting to SERVER_NAME,0,279,76,2443,0.0,688,86,210,2.442,11,9301,2.0,0.10562704250177293,0
flask\app.py,c935eaceafebaf167f6422fdbd0de3b6bbb96bdf,2017-03-31,Markus Unterwaditzer,"Revert ""Handle BaseExceptions (#2222)""

This reverts commit 1d4448abe335741c61b3c8c5f99e1607a13f7e3d.",0,282,78,2463,0.0,688,86,210,2.442,11,9301,2.0,0.10562704250177293,0
flask\app.py,a4ea3159a27d775b53774cea2d47c733a460fb93,2011-04-25,Armin Ronacher,Better error messages,0,55,11,296,0.0,351,41,98,2.39,6,5132,1.976,0.10560754834022751,0
flask\testsuite\basic.py,37f9cb9ca69176dec36faff4b2138226b479f65f,2011-09-01,Ron DuPlain,"Import with statement in testsuite, Python 2.5.",0,5,1,6,0.0,901,147,175,1.19,8,3637,0.599,0.10559640852610558,0
flask\__init__.py,27d28dcef4cee8765dcd7a567689d35a41ddcd75,2010-07-18,Armin Ronacher,Added Session again to the public API because existing code might import it,0,11,2,16,0.0,15,0,0,0.0,0,126,0.0,0.10553435121088155,0
flask\app.py,e5008386b1a7e0ef3ebb5a4082bf2176d7169ab9,2010-07-17,Armin Ronacher,Added docs on use_evalex.  This fixes #90,0,30,3,14,0.0,261,32,74,2.312,6,4257,2.094,0.10553410058711778,0
flask\app.py,405d4492e41b50f204d7e7d55aa0ac8f11edda1a,2010-07-17,Armin Ronacher,Documented more changes,0,31,3,14,0.0,261,32,74,2.312,6,4257,2.094,0.10553410058711778,0
flask\app.py,fee5bdafe84bfcec492c2643544373c71f1e82a8,2010-07-25,Armin Ronacher,Code cleanup,0,33,3,22,0.0,261,32,74,2.312,6,4259,2.094,0.10553410058711778,0
flask\app.py,7680d52f42a562eda2e3f75b34118abb08d93414,2010-07-23,Armin Ronacher,Added support for subdomain bound modules,0,32,3,20,0.0,262,32,74,2.312,6,4262,2.094,0.10553410058711778,0
src\flask\helpers.py,92acd05d9bd33419ab885e4472b28a1d5cc15d2e,2022-05-14,Ivan Sushkov,add url_for method to app,0,49,14,1078,0.0,288,23,60,2.609,8,3711,2.522,0.10547949783627089,0
tests\test_blueprints.py,af41dbe0c479769402c46c0b99b841e781a8fa87,2014-09-11,Markus Unterwaditzer,Remove useless classes,0,3,1,0,0.0,470,90,97,1.078,4,1948,0.367,0.10539383346730623,0
examples\minitwit\minitwit.py,4ec7d2a0d8eac4f915dc0d38a886cd57045bb0c4,2010-04-06,Armin Ronacher,"Started working on documentation.

So far just the stable parts :)",0,1,1,0,0.0,172,17,44,2.588,9,879,0.588,0.10537533649395041,0
flask.py,a5a41d40aaa9f6ed70b487133ddaf48ceb3d054f,2010-05-13,Zhao Xiaohong,Fix typo.,0,62,6,36,0.0323,405,61,128,2.098,15,5084,2.049,0.10536430898099032,0
tests\test_helpers.py,6f703a564c97b034eb0e98419595b7fa32d3562a,2019-05-17,David Lord,clean up open_resource and tests,0,76,31,1709,0.0,841,107,125,1.168,3,3622,1.916,0.10536014654538126,0
flask\globals.py,47288231fe8f9c6b2c413d50160c32c3884d5785,2012-04-09,Armin Ronacher,Implemented a separate application context.,0,6,2,646,0.0,18,2,4,2.0,2,105,0.5,0.10535290275672744,0
tests\conftest.py,192da325f8b171e7512bea13edd4ddd3330a6ca8,2014-09-11,Markus Unterwaditzer,Testsuite is not a package,0,3,1,0,0.0,87,15,19,1.267,2,422,1.467,0.10532941730659068,0
src\flask\cli.py,bd26928fdb2476fca62f0e621e8f2870250ac2bc,2022-12-24,Grey Li,Prefer flask run --debug in docs,0,49,13,1302,0.0,641,34,148,4.353,13,3998,2.559,0.1052764808306941,0
src\flask\cli.py,4bc0e4943dfa637361aec2bb18dc9e1fabeaad12,2022-12-24,Grey Li,Add --debug option to flask run,0,48,13,1302,0.0,647,34,149,4.382,13,4012,2.588,0.1052764808306941,0
flask\testsuite\__init__.py,239780be289efd365c07be2f60bab9223388399e,2013-05-22,Daniel Neuhäuser,"Use assert_true instead of assert_

assert_ is deprecated which causes annoying warnings",0,13,4,635,0.0,143,25,51,2.04,10,747,1.64,0.10527186507014359,0
flask\testsuite\__init__.py,62e7275bdf2bce19eb9fcfd31780e9314f96f092,2013-05-22,Daniel Neuhäuser,Use assert_false where appropriate,0,16,5,635,0.0,149,28,54,1.929,10,777,1.821,0.1052469754772073,0
flask\app.py,fd8e6b26f9ff59bc8bccd6bd251bee5838551ba8,2015-04-11,Phil Schaf,removed ExceptionHandlerDict,0,234,50,1743,0.0,680,86,208,2.419,11,9049,1.977,0.10510110629000637,0
flask\json.py,b146d8277ab90cf6d43ea54113383076e4fd0318,2012-10-07,Armin Ronacher,Added wrapper module around simplejson/json for much simplified customization.,0,0,0,0,0.0,39,8,12,1.5,3,593,2.25,0.10494480704795822,0
flask\cli.py,9bc87d09c64780ccf1c115c216ff689a46d8f82e,2018-10-23,garenchan,Cache return values to avoid repeated function calls.,0,98,33,1639,0.0,558,35,148,4.229,12,3429,2.4,0.10494101696748945,0
flask\helpers.py,d16491145dc553bc30aa9c71fb3647fda8d23534,2012-01-07,Ron DuPlain,"Update module helpers to avoid Python imports.

This avoids errors in creating Flask instances where there are import
errors in the module or package ",0,60,12,554,0.0167,269,25,91,3.64,27,2931,2.0,0.10488541600068362,0
flask\json.py,992d9be96ef0f0d746bd4a77b9081bff3b44524b,2016-01-25,David Lord,clean up,0,29,13,1205,0.0,101,13,35,2.692,7,1137,2.0,0.10478265069090946,0
examples\jqueryexample\jqueryexample.py,310fbfcf64f40f237068fddbbbe45315f9935eca,2018-02-08,David Lord,"revert copyright year to project start
add copyright header to files",0,5,4,2852,0.0,12,2,2,1.0,1,86,0.0,0.1045438893223854,0
tests\test_helpers.py,39f93632964ecabfcb9c1980e2add922098aad80,2022-05-14,David Lord,"finish moving url_for to app

move entire implementation to app
make special build args actual keyword-only args
handle no app context in method
menti",0,100,40,2801,0.0,250,46,49,1.065,2,1080,1.652,0.10449794690350432,0
scripts\flask-07-upgrade.py,52098e1e4fc4d9c962e9ecb09dfbbcc6ac80a4d7,2014-01-02,Daniel Neuhäuser,Happy New Year 2014,0,15,2,942,0.0,226,19,81,4.263,11,1084,1.526,0.1043616286809001,0
scripts\flaskext_migrate.py,1a877fbaa027456cb7eba04f35d7f0a11c075f71,2016-04-04,Keyan Pishdadian,"Remove extmigrate from Flask repo

* Remove extmigrate from Flask repo

* Update docs to reflect new repo location",0,16,1,423,0.0,92,11,32,2.909,7,584,0.909,0.10435851060182712,0
flask\__init__.py,ac13deff401069c3854acca10c926119c6e1cbe0,2010-07-05,Armin Ronacher,"Re-added support for folder with static files, refactored static file sending",0,8,2,2,0.0,12,0,0,0.0,0,111,0.0,0.10433488288006368,0
flask\app.py,7126a22334c881101b5c5f8bdc00d008cb7229aa,2015-04-11,Phil Schaf,Switched to userdict for obsolete Python versions,0,230,50,1743,0.0,712,93,221,2.376,11,9206,1.989,0.1043074998964,0
src\flask\sansio\app.py,c77a5203438fe772d41f6a47303ad3f57a4efe6d,2026-01-24,David Lord,deprecate should_ignore_error,0,17,6,889,0.0,346,33,81,2.455,13,4530,2.273,0.1042343213263884,0
flask\app.py,fb88d9d0253bffdd67665d2e1b761bd3d9986804,2010-12-07,Armin Ronacher,Whitespace nazi was here,0,44,7,158,0.0,292,34,83,2.441,6,4556,2.059,0.10412756500285698,0
flask\cli.py,9594876c1f6377a3f8b911d31e8c941295baa281,2016-05-26,Armin Ronacher,Added plugin support to the cli,0,33,9,759,0.0,292,25,75,3.0,9,2034,1.92,0.10404913816461245,0
flask\cli.py,a72583652329da810fc2a04e8541a0e2efd47ee1,2016-05-30,Yoav Ram,"Update help to >   set FLASK_APP=hello.py (#1830)

When running `flask --help`, the printed string contains this:
>   Example usage:
>
>   set FLAS",0,34,9,763,0.0,292,25,75,3.0,9,2035,1.92,0.10404913816461245,0
flask\testsuite\__init__.py,9f8a2075c79fec1b5481f5a5a95bb23b40bf68f2,2013-05-22,Daniel Neuhäuser,Use assert_in where appropriate,0,15,5,635,0.0,147,27,53,1.963,10,767,1.778,0.10403737961683028,0
src\flask\ctx.py,faaa5594b2406260c3e4197fa6e80c3d19b6ab23,2022-03-15,David Lord,accurate type for __exit__,0,20,7,1018,0.0,225,30,58,1.933,8,2222,1.833,0.10394443329186114,0
flask\app.py,9e5ab21c8e503a3e5a29b4ca77fd63663ec6e44a,2013-08-04,Kevin Burke,app.py: Link to correct EnvironBuilder docs,0,180,29,1129,0.0,653,81,197,2.432,10,8651,2.012,0.10386352424949666,0
flask\helpers.py,f52e7a9dc944f425c2f2a77706bc2af98b23295c,2011-11-04,Armin Ronacher,Added support for _method to url_for(),0,59,12,489,0.0169,268,25,91,3.64,27,2926,2.0,0.10382659247127185,0
docs\conf.py,34e3d64892f2281aa1b6f6357c345b0a357ee51a,2010-05-07,Armin Ronacher,"Removed theme, this is now refactored to an external reusable theme.",0,6,2,31,0.0,39,0,0,0.0,0,1062,0.0,0.10382261644210036,0
src\flask\ctx.py,8239765a4410d13d489e299a99e4a4c6951e190b,2023-04-13,pgjones,allow async signal receivers,0,32,8,1411,0.0,192,27,52,1.926,8,1786,1.852,0.10382118238457369,0
src\flask\ctx.py,44ffe6c6d6c90a414de32db1b03d5978f8770271,2023-04-20,David Lord,add __future__ annotations,0,33,8,1419,0.0,193,27,52,1.926,8,1770,1.852,0.10382118238457369,0
flask\app.py,4b65c7ed5a31d56e194817231eb88e1083ba285d,2010-12-06,Armin Ronacher,Added the ability to override the test client's class.  This fixes #148,0,43,7,156,0.0,292,34,83,2.441,6,4556,2.059,0.10370558698087896,0
flask\templating.py,b46f5942a528053034fecf210572ee04bc4a3284,2019-06-01,Jon S. Stumpf,address flake8 issues,0,38,14,3254,0.0,85,11,28,2.545,5,504,2.182,0.10367757288500422,0
tests\test_blueprints.py,8fa5e32d9a1fdf042632bd8fcd0b44dd8031b639,2014-09-11,Markus Unterwaditzer,Tests pass now.,0,1,1,0,0.0,476,91,98,1.077,4,2049,0.692,0.1034768604720075,0
src\flask\app.py,171aabc87dd8bff0367d0555c8be6105b00c22ce,2020-04-04,David Lord,"remove unused ref directives

replace page refs with doc directives",0,18,6,308,0.0,804,82,220,2.683,15,10634,2.073,0.10331803685197406,0
run-tests.py,5235c3e37e17b3271e3cac4646eaf97fd1cc071a,2011-08-26,Armin Ronacher,Make BetterLoader() have a better api :),0,4,1,0,0.0,6,0,0,0.0,0,21,0.0,0.10330985372060353,0
tests\test_helpers.py,e666f7a69c737fef8236237671be4da5910e9113,2019-06-22,David Lord,standardize license and copyright,0,82,34,1744,0.0,732,99,117,1.182,3,3373,1.899,0.10330846387060583,0
flask\cli.py,7106fb63578deef49741096d3d5aa04db89e15ae,2017-05-25,Hendrik Makait,Handle app factory with arguments in FLASK_APP,0,60,22,1123,0.0,433,28,108,3.857,14,2754,2.071,0.10323377362030133,0
flask\json.py,b8aca21a392c367522eedb93f248f68005c84908,2016-06-15,Archie Roller,Fix #1911 (#1913),0,34,17,1346,0.0,98,13,35,2.692,7,1129,2.0,0.10320203778770104,0
src\flask\cli.py,beae1249f7e580779ae18d2d831f7ec51e5aff98,2022-02-09,Mickaël Guérin,add `exclude-patterns` option to `flask run`,0,32,10,984,0.0,617,35,143,4.086,13,3647,2.371,0.10317162691593623,0
src\flask\app.py,7673835b3da50575a14213814ea1ccefa860260f,2020-04-04,David Lord,remove Python 2 from docs,0,12,6,308,0.0,836,85,223,2.624,15,11009,2.071,0.10314102488109059,0
flask\app.py,986b92203a53c735527e53cbe4f6f6f64aa9e9f8,2014-10-20,Matt Wright,Add CHANGES entry and versionchanged entry to docstring,0,208,43,1571,0.0,658,83,202,2.434,10,8846,2.0,0.10302292266615387,0
flask\app.py,fed6fd32d80458219c7d167d529c0a2681858587,2014-10-20,Matt Wright,Pass keyword args from `test_client` method to client class constructor,0,206,42,1571,0.0,658,83,202,2.434,10,8778,2.0,0.10302292266615387,0
flask\app.py,f88765d504ce2fa9bc3926c76910b11510522892,2014-10-26,defuz,set TEMPLATE_AUTO_RELOAD default value to None,0,209,43,1576,0.0,660,83,202,2.434,10,8855,2.0,0.10302292266615387,0
flask\app.py,44c025f552075175fc8335f327c0e825e05527dc,2014-10-20,Matt Wright,Add a little documentation regarding kwargs in the `app.test_client()` method,0,207,43,1571,0.0,658,83,202,2.434,10,8829,2.0,0.10302292266615387,0
flask\app.py,d1423b3e16c17519d2d8841ea2547244cc6aa944,2014-10-27,Petr Zemek,"Unify the uses of ""file system"" vs ""fileystem"".

Use ""filesystem"", which is more prevailing in the source code.",0,211,44,1577,0.0,658,83,202,2.434,10,8845,2.0,0.10302292266615387,0
flask\app.py,ec3d5800f2c8d6803c426babb0b6df0fa36f866f,2014-10-27,Petr Zemek,"Put two spaces before inline comments when there is only one space.

PEP8 (E261) suggests to use at least two spaces before inline comments.",0,210,43,1577,0.0,658,83,202,2.434,10,8846,2.0,0.10302292266615387,0
flask\cli.py,c38499bbf26cfa9683e30c52139a94dc5a50dcc4,2018-10-24,garenchan,"ignore colon with slash when split app_import_path
Flask currently supports importing app through a combination of module
path and app variable name, ",0,99,34,1640,0.0,557,35,148,4.229,12,3432,2.4,0.10299030954811215,0
flask\app.py,00d6e339ec789e7b92007297e840a671a5e38a7b,2017-04-07,jab,"Change Flask.__init__ to accept two new keyword arguments, host_matching and static_host. (#1560)

This enables host_matching to be set properly by th",0,283,78,2470,0.0,694,86,211,2.453,11,9386,2.023,0.10296037583510627,0
flask\app.py,1d4448abe335741c61b3c8c5f99e1607a13f7e3d,2017-03-31,Diggory Blake,"Handle BaseExceptions (#2222)

* Handle BaseExceptions

* Add test and changes

* Make test more idiomatic",0,280,77,2463,0.0,691,86,211,2.453,11,9307,2.0,0.10296037583510627,0
flask\app.py,04e70bd5c7bd80696eabaea11afd9080d874f859,2011-03-14,Matt Chisholm,Add teardown_request decorator. Fixes issue #174,0,49,9,255,0.0,318,39,93,2.385,6,4841,1.974,0.10295814947110077,0
src\flask\blueprints.py,e93704fbfd5f40e48f8fe9034b6b0fe420d28fb3,2021-05-13,Grey Li,fix url_prefix argument when nesting blueprints,0,19,5,712,0.0,288,33,71,2.152,17,2271,2.485,0.1028577137282222,0
flask\json.py,cb25c42316690860fd928d9ec6fc997eea3f062b,2014-03-15,max demian,Update json.py,0,18,4,523,0.0,93,13,31,2.385,4,986,2.0,0.10282869123619759,0
tests\test_basic.py,8fa5e32d9a1fdf042632bd8fcd0b44dd8031b639,2014-09-11,Markus Unterwaditzer,Tests pass now.,0,1,1,0,0.0,1137,187,208,1.112,3,4771,0.626,0.10278954526571574,0
flask\__init__.py,e0712b47c6e5bc98f2afd8b0a82cc5005dc58722,2010-07-17,Armin Ronacher,Added support for signals,0,10,2,14,0.0,14,0,0,0.0,0,122,0.0,0.10276512044165077,0
tests\test_regression.py,71dae377330109455ed26d1eb912e243125e3007,2014-09-11,Markus Unterwaditzer,Kill classes in test_regression,0,6,1,0,0.0,65,10,15,1.5,4,311,0.6,0.10264763591338917,0
flask\templating.py,e666f7a69c737fef8236237671be4da5910e9113,2019-06-22,David Lord,standardize license and copyright,0,39,15,3275,0.0,84,11,28,2.545,5,498,2.182,0.10257509200886665,0
flask\app.py,aa3d8398fd1a38b449b64fea4979f358f3c711e3,2010-07-13,Armin Ronacher,"Config is now available in templates, context processors no longer override keys",0,24,3,11,0.0,255,31,73,2.355,6,4161,2.097,0.10251767499905336,0
flask\app.py,b1790cca55956c0cda132ac2fa6a2fb53fd2d009,2010-07-14,Armin Ronacher,Added MAX_CONTENT_LENGTH config key,0,25,3,11,0.0,256,31,73,2.355,6,4163,2.097,0.10251767499905336,0
flask\app.py,91e9632a379ebdd778c229a6da86d11140fa7f17,2010-07-17,Armin Ronacher,Moved wsgi_app down to a more logical location,0,28,3,14,0.0,258,31,73,2.355,6,4170,2.097,0.10251767499905336,0
flask\app.py,e0712b47c6e5bc98f2afd8b0a82cc5005dc58722,2010-07-17,Armin Ronacher,Added support for signals,0,27,3,14,0.0,258,31,73,2.355,6,4170,2.097,0.10251767499905336,0
src\flask\app.py,662c245795c7cbb5dbd657a2d707c62c16770c18,2020-04-04,David Lord,remove _compat module,0,14,6,308,0.0,802,82,220,2.683,15,10653,2.073,0.10246921819042464,0
tests\test_apps\cliapp\factory.py,5436dddf64f0103088c4ca212f16efa40c88766a,2017-10-10,David Lord,"rewrite cli errors
consistent order for arguments to load functions
refactor find_app_by_string to flow better
more cli loader tests",0,2,2,137,0.0,10,4,4,1.0,1,41,1.0,0.10241667799204965,0
src\flask\app.py,43483683b2bc8da85f00ccccdfb8d9d5c77a6bb3,2019-06-01,David Lord,apply reorder-python-imports pre-commit config,0,1,1,0,0.0,837,85,224,2.635,15,10894,2.071,0.10241576906961009,0
flask.py,e409bc792d4419ed588afbc60c53b61923c415a7,2010-05-12,Armin Ronacher,Fixed typo,0,61,6,35,0.0328,405,61,128,2.098,15,5084,2.049,0.10233930898099033,0
tests\test_apps\subdomaintestmodule\__init__.py,025589ee766249652e2e097da05808fe64911ddc,2019-05-06,David Baumgold,"Reformat with black

https://github.com/python/black",0,1,1,1698,0.0,2,0,0,0.0,0,10,0.0,0.10229996083147598,0
flask\cli.py,41e08f4ccd0f41896200cbf5c5f5d6f3df3df713,2016-06-03,Josiah Philipsen,"fixed unmatched elif

Also update relevant test",0,38,12,767,0.0,292,25,75,3.0,9,2034,1.92,0.10228029441558299,0
scripts\flask-07-upgrade.py,479e242afc0665306745ea1845ba47ceaaede770,2011-06-05,Armin Ronacher,"Direct rewrites are unnecessary, constructor calls are enough",0,2,1,0,0.0,175,17,62,3.647,11,774,1.588,0.10216694091375945,0
tests\test_helpers.py,ad709be46e660b76263a50bfecdb390f0863a90c,2019-05-17,icreatedanaccount,Allow mode='rt' on open_resource() helper,0,75,30,1709,0.0,852,107,125,1.168,3,3623,1.916,0.10208741927265398,0
flask\cli.py,3fd51c65fb4774b10848715b62ec284a0b86a6b1,2019-01-06,Dilan Coss,add werkzeug to flask --version,0,102,35,1714,0.0,559,35,148,4.229,12,3440,2.4,0.10208261724041985,0
setup.py,07581b2404924fe1833f596cfa09caf69868ad5b,2010-05-12,Armin Ronacher,HEAD is 0.5-dev,0,8,2,35,0.0,29,0,0,0.0,0,174,0.0,0.1020182971154932,0
tests\test_helpers.py,40118e785f0ec69bb519c7f34dcceb092006aa02,2019-01-07,garenchan,"Make sure the attachment filename is text type.
If attachment filename is bytes type and contains non-ascii coded bytes,
then the following ASCII enco",0,73,28,1578,0.0,732,99,117,1.182,3,3380,1.909,0.10197042655930831,0
tests\test_config.py,df711eac90223db990eae05a60ee1f6b403443e1,2014-09-11,Markus Unterwaditzer,Some fixes,0,2,1,0,0.0,320,31,56,1.806,3,1364,1.161,0.1019610666061636,0
src\flask\app.py,524fd0bc8cec7bfe8167c9c98cb5511b01a0f4c6,2020-04-04,David Lord,apply pyupgrade,0,15,6,308,0.0,802,82,220,2.683,15,10646,2.073,0.10194421819042465,0
flask\app.py,46b5754d97d11327efac22618ad5994851656937,2013-10-15,Adrian,Don't refer to flaskext in docs,0,185,33,1201,0.0,653,81,197,2.432,10,8649,2.012,0.10192211902717024,0
tests\test_config.py,5e8d503098747e0297f17978c23f5fd64106124b,2014-10-24,defuz,add tests for trim_namespace argument of app.config.get_namespace,0,10,1,42,0.0,147,13,19,1.462,3,581,0.077,0.10186754035192246,0
flask\sessions.py,05ad436201f8c835ac2a5a317e5cb5fe5e0f3e21,2014-08-28,Aaron Schumacher,"typo: ""weather"" -> ""whether""",0,30,7,1148,0.0,164,23,58,2.522,13,1685,2.174,0.10185092814328883,0
flask\app.py,3e485009a8ca606c742c88c92cfd178547b708cd,2013-09-30,defuz,add TEMPLATES_AUTO_RELOAD option to config,0,184,32,1185,0.0,657,81,199,2.457,10,8677,2.012,0.10176627487132607,0
flask\json.py,2bf477cfeafd87c69b88e1ec58b5eb67abf756e2,2016-04-08,Steven Loria,"Add JSONIFY_MIMETYPE configuration variable (#1728)

Allow jsonify responses' mimetype to be configured",0,30,14,1279,0.0,101,13,35,2.692,7,1138,2.0,0.1017555802266846,0
flask\app.py,2b4761599873e08a21d835427269a84def0d4ea6,2016-09-12,Pablo Marti,"Fix typo in docs

Also added one missing comma for readability",0,271,69,2263,0.0,692,86,209,2.43,11,9276,2.0,0.10172412560896707,0
flask\app.py,f3d661de6676125bc765e286c5dd89e3e10ad82d,2016-09-25,小明,Fix unbound error (#2039),0,272,70,2276,0.0,692,86,209,2.43,11,9278,2.0,0.10172412560896707,0
flask\json.py,61263e08f9c763a6c2b3fec6428c972dea2f7cad,2015-01-23,Ben Jones,Add datetime.date support to JSONEncoder,0,25,10,837,0.0,97,13,31,2.385,4,1026,2.0,0.10165174854387406,0
src\flask\wrappers.py,43483683b2bc8da85f00ccccdfb8d9d5c77a6bb3,2019-06-01,David Lord,apply reorder-python-imports pre-commit config,0,1,1,0,0.0,47,7,18,2.571,5,590,1.286,0.10163170944841281,0
flask\cli.py,a94e767acb499bc7c86844d502fd799e3360c534,2014-08-28,Armin Ronacher,AppGroups produce more AppGroups,0,22,3,121,0.0,267,24,74,3.083,9,2069,2.458,0.1016208779379792,0
flask\app.py,a101cfc35be437ad0e4f56da0d92f14c27abda67,2011-06-29,Armin Ronacher,Worked around a werkzeug bug with redirects,0,72,12,361,0.0,442,52,128,2.462,8,6355,2.038,0.10161808119720195,0
flask\sessions.py,bfeee756967ba1f6a74a6f2f4c3c617b4c0c4245,2013-01-29,Armin Ronacher,Changed session cookie defaults to work better with google chrome,0,17,1,572,0.0,146,22,50,2.273,11,1453,2.136,0.10160792699980035,0
src\flask\cli.py,1232d698600e11dcb83bb5dc349ca785eae02d2f,2022-05-23,David Lord,inline conditional imports for cli behaviors,0,36,13,1087,0.0,624,35,145,4.143,13,3671,2.371,0.10155933010510534,0
flask\app.py,9bf36151d956d9560f68f3789ee438233d530a86,2014-08-26,Armin Ronacher,Removed dead import,0,201,42,1515,0.0,675,83,203,2.446,10,8972,2.012,0.10153577980901102,0
flask\app.py,84ad89ffa4390d3327b4d35983dbb4d84293b8e2,2014-08-27,Armin Ronacher,"Always log now, even if debug is off.",0,202,42,1516,0.0,670,83,203,2.446,10,8928,2.012,0.10153577980901102,0
flask\app.py,932f7d7cbb5a4e04fd0922c3272a6e32d408abe8,2014-08-25,Armin Ronacher,Refactored the scripting interface greatly.,0,199,41,1514,0.0,676,83,203,2.446,10,8974,2.012,0.10153577980901102,0
flask\app.py,20645d9b86d6a0e4969d71d2d36300659861de35,2014-08-25,James Brewer,Add missing `of` to documentation.,0,200,41,1515,0.0,676,83,203,2.446,10,8975,2.012,0.10153577980901102,0
flask\app.py,8c054f04b87dc7d713495d91fdb4d52bdef0e643,2015-04-11,Phil Schaf,added caching,0,235,50,1743,0.0,679,86,207,2.407,11,9053,1.977,0.10150110629000639,0
flask\app.py,b31252db55cfac4605ad917d34eaa55fff248a38,2015-04-11,Phil Schaf,addressed a few review concerns,0,236,50,1743,0.0,679,86,207,2.407,11,9053,1.977,0.10150110629000639,0
flask\app.py,70f8b39c52527573e65e7066024a187867564c01,2013-12-31,Mikael Åhlén,"added a new behaviour for responses that enable the tuple to be in the form of (response, headers) and continiue to support the (response, status, hea",0,187,35,1278,0.0,655,81,198,2.444,10,8661,2.012,0.10149490724130657,0
src\flask\app.py,53c893b646252d610e877eb9385e9e250a1ae5e1,2019-06-01,David Lord,fix string concats left over by black,0,2,1,0,0.0,837,85,224,2.635,15,10894,2.071,0.10145986614900127,0
src\flask\helpers.py,82c2e0366ce6b74a3786a64631ce58b85b3a7d4e,2022-07-08,David Lord,remove uses of LocalStack,0,54,16,1133,0.0,222,23,51,2.217,8,3128,2.217,0.10140446981591653,0
src\flask\helpers.py,c2810ffdd2f2becbc37d35f63b69034b8b9ed5b8,2022-07-01,David Lord,remove deprecated send_file argument names,0,53,16,1126,0.0,222,23,51,2.217,8,3124,2.217,0.10140446981591653,0
src\flask\helpers.py,91044c4d769efa7f20455e1b70457a7da95c26d8,2022-07-09,pgjones,"Change _cv_req -> _cv_request

This is a clearer name for the variable.",0,55,16,1133,0.0,222,23,51,2.217,8,3128,2.217,0.10140446981591653,0
flask\ctx.py,1949c4a9abc174bf29620f6dd8ceab9ed3ace2eb,2012-12-21,Armin Ronacher,flask.g is now on the app context and not the request context,0,35,7,902,0.0,112,17,35,2.059,6,1380,1.588,0.10115290958352256,0
src\flask\app.py,f2f027d1fbc12f3ff24f3e471e11ac56e1a5d869,2020-04-04,David Lord,remove unused module docstrings,0,17,6,308,0.0,804,82,220,2.683,15,10633,2.073,0.10105677023127081,0
src\flask\cli.py,ef95998d79eed3b8350d8db825e3d98f25c179f2,2022-08-01,David Lord,deprecate FLASK_ENV,0,45,13,1157,0.0,646,34,148,4.353,13,4021,2.559,0.10104543673146421,0
src\flask\cli.py,de16718b39e3544688130339a0813997e3790c48,2022-08-08,David Lord,require werkzeug >= 2.2.2,0,47,13,1164,0.0,640,34,148,4.353,13,3993,2.559,0.10104543673146421,0
src\flask\cli.py,e3df23374cdb9342a823556170c53c9d987d0d33,2022-08-05,David Lord,remove env from shell banner,0,46,13,1161,0.0,646,34,148,4.353,13,4019,2.559,0.10104543673146421,0
flask\app.py,e4f635f8d7bade2dbd8b7e3e8be6df41e058c797,2015-07-04,Alan Hamlett,remove whitespace at end of lines,0,243,52,1828,0.0,680,85,206,2.424,11,9068,1.988,0.10098180115672516,0
tests\test_helpers.py,5da2c00419d09ce2d3488263036ffd14563fb05a,2014-09-11,Markus Unterwaditzer,Rewrite assertion methods,0,2,1,0,0.0,555,69,83,1.203,3,2237,0.812,0.10088362867241696,0
flask\testsuite\templating.py,3069e2d7f73f80ebc342029616a5cbc5381cfdf1,2011-08-26,Armin Ronacher,Fight the generic asserts!,0,1,1,0,0.0,116,25,25,1.0,1,454,0.64,0.10083885902186726,0
src\flask\helpers.py,bfdd37110c67ebeb42061fb43cf684b05291241f,2022-08-01,David Lord,deprecate config attributes,0,57,16,1157,0.0,237,23,52,2.261,8,3185,2.217,0.10077980782329424,0
src\flask\helpers.py,ef95998d79eed3b8350d8db825e3d98f25c179f2,2022-08-01,David Lord,deprecate FLASK_ENV,0,56,16,1157,0.0,237,23,52,2.261,8,3184,2.217,0.10077980782329424,0
flask\testsuite\__init__.py,52098e1e4fc4d9c962e9ecb09dfbbcc6ac80a4d7,2014-01-02,Daniel Neuhäuser,Happy New Year 2014,0,20,7,860,0.0,157,30,57,1.9,10,825,1.9,0.10073425130306383,0
flask\app.py,aa4700c276999a002bd6ddf8c7d35993429ec2d7,2015-04-11,Phil Schaf,More verbose message for old broken behavior,0,232,50,1743,0.0,709,92,218,2.37,11,9212,1.989,0.10070749989639999,0
src\flask\cli.py,751d85f3de3f726446bb12e4ddfae885a6645ba1,2022-01-17,K900,cli: use importlib.metadata instead of pkg_resources,0,31,9,961,0.0,597,35,143,4.086,13,3613,2.343,0.10050462359991923,0
flask\app.py,086ecdb91829d43a9b948c6d97524d8de18e2fa4,2011-05-28,Armin Ronacher,Better reraising of exceptions,0,59,12,329,0.0,329,41,95,2.317,6,5128,1.927,0.10041369305418604,0
tests\test_appctx.py,5da2c00419d09ce2d3488263036ffd14563fb05a,2014-09-11,Markus Unterwaditzer,Rewrite assertion methods,0,2,1,0,0.0,89,17,18,1.059,2,298,0.824,0.1004033117160444,0
flask\json.py,0edf0a0e3a8b0f3e8309822044631fe7864d3066,2016-01-25,Jeff Widman,"Cleanup jsonify() function

Cleanup some leftover stuff from #1671. PEP8 spacing, args/kwargs don't need to be converted to list/dict, and Sphinx form",0,28,13,1205,0.0,104,13,35,2.692,7,1156,2.0,0.10036685207501948,0
flask\sessions.py,4541910381e5c3836e4c00b480653f058b149f6f,2014-06-04,Jakub Stasiak,Get rid of _tag->closure->_tag reference cycle,0,29,6,1063,0.0,164,23,58,2.522,13,1685,2.174,0.10017657578645206,0
tests\test_helpers.py,54cbb4e64297d68ff6c9ef3fe03c283448e3533f,2019-06-27,David Lord,"send_file quotes "":/"" in UTF-8 filename",0,83,34,1749,0.0,733,99,117,1.182,3,3392,1.899,0.10015994369123364,0
tests\test_helpers.py,63ccdada1b9ddc69f97b00de1ac343894c1d8420,2017-06-14,Eugene M. Kim,"Actually hand-spin and use a tzinfo subclass

This is for Python 2.x compatibility.

Suggested-by: David Lord <davidism@gmail.com>",0,60,24,1007,0.0,741,107,127,1.187,3,3392,1.785,0.10015256219929136,0
flask\testsuite\basic.py,ccf464189b116ea4ee458c2ccb24d64f9272e25b,2011-08-30,Armin Ronacher,Added finer control over the session cookie parameters,0,4,1,4,0.0,880,143,171,1.196,8,3547,0.608,0.10009990502960206,0
src\flask\app.py,1263d3bd142e4964da123f4e59088aa2968ec7e5,2020-04-04,David Lord,remove deprecated code,0,13,6,308,0.0,810,82,220,2.683,15,10777,2.073,0.1000351425281494,0
flask\app.py,d12d73263f5d1664a65a42f71f19158b7e07ef2c,2010-07-12,Armin Ronacher,Reverse order of execution of post-request handlers.  This fixes #82,0,21,3,9,0.0,243,31,71,2.29,6,3914,2.097,0.09999373142942125,0
flask\app.py,3b31df81aeccb889810b4b49ce6e608e67ebeeea,2011-07-14,Armin Ronacher,View functions can opt out of the default OPTIONS implementation,0,77,13,376,0.0,440,53,127,2.396,8,6405,2.019,0.09973539309220884,0
flask\app.py,7d506f2408520ecb21025f93d9ece00431004501,2015-04-11,Markus Unterwaditzer,Recursively traverse MRO of exception,0,237,50,1744,0.0,685,86,207,2.407,11,9073,1.977,0.09960636944790113,0
src\flask\cli.py,aa13521d42bfdb66bb0d89005cbe54a84eaa4fda,2022-02-22,David Lord,lazy loading preserves click context,0,33,11,997,0.0,620,35,144,4.114,13,3677,2.371,0.09952031077477189,0
examples\blueprintexample\test_blueprintexample.py,310fbfcf64f40f237068fddbbbe45315f9935eca,2018-02-08,David Lord,"revert copyright year to project start
add copyright header to files",0,1,1,1246,0.0,16,2,2,1.0,1,78,0.5,0.09949531551162821,0
src\flask\ctx.py,69f9845ef2da3051d74d4dade3e88ccf5b2ee3de,2022-07-13,David Lord,add json provider interface,0,29,8,1137,0.0,192,27,52,1.926,8,1781,1.852,0.09947124701490384,0
src\flask\ctx.py,095651be9eec58ddb0c2eb6158318b1c703c67c5,2022-07-25,David Lord,fix has_app_context and has_request_context,0,30,8,1149,0.0,192,27,52,1.926,8,1781,1.852,0.09947124701490384,0
flask\app.py,62d91d67f3b96ce7412d747ab3dd60a3aecc8276,2011-06-17,Armin Ronacher,More documentation updates,0,68,12,349,0.0,437,52,125,2.404,8,6225,2.038,0.09944315756617088,0
flask\app.py,a8f570cc6225e22d0411cf20b0102a92f319e4e3,2014-11-05,defuz,"docs: :file:`app.py`, :file:`yourapp/templates`",0,214,44,1586,0.0,660,83,202,2.434,10,8857,2.0,0.09921984574307695,0
flask\app.py,ad011bc32d7b9160354efafcd43e20f7042a6a13,2014-11-05,defuz,"docs: ``DEBUG``, ``SERVER_NAME``, ``PATH_INFO``",0,216,44,1586,0.0,660,83,202,2.434,10,8859,2.0,0.09921984574307695,0
flask\app.py,663802e9768d7862ae30aabf7b68f6e381fd59a3,2014-11-05,defuz,"docs: ``with``, ``for``, ``self``",0,217,44,1586,0.0,660,83,202,2.434,10,8859,2.0,0.09921984574307695,0
flask\app.py,3fa4fd0908fcd2300b568171a285726d19a976e1,2014-11-05,defuz,docs: http method names like ``GET`` and ``POST``,0,213,44,1586,0.0,660,83,202,2.434,10,8854,2.0,0.09921984574307695,0
flask\app.py,02694d609f7ae43e023872a2f20b835590e10c0a,2014-11-05,defuz,"docs: :command:`pip`, :option:`--debug`",0,215,44,1586,0.0,660,83,202,2.434,10,8859,2.0,0.09921984574307695,0
flask\app.py,d338dc8a1369d56cc998c9688ae9e818ba9a5df5,2014-11-05,defuz,"docs: ``.html``, ``.py``",0,218,44,1586,0.0,660,83,202,2.434,10,8859,2.0,0.09921984574307695,0
flask\app.py,1501b79293b9441509d1911ad3da5b0e1871b1dd,2014-11-05,defuz,docs: :exc:`TypeError`,0,219,44,1586,0.0,660,83,202,2.434,10,8860,2.0,0.09921984574307695,0
flask\app.py,8284217593d5ea3d4bdeaed1e146fa94578b7999,2014-11-05,defuz,"docs: ``True``, ``False`` and ``None``",0,212,44,1586,0.0,660,83,202,2.434,10,8854,2.0,0.09921984574307695,0
flask\app.py,5505827a4bd759a24696258983ec14c768358af8,2015-09-14,Jimmy McCarthy,"provide_automatic_options as explicit arg

In add_url_rule, break provide_automatic_options out to an explicit kwarg, and
add notes to the docstring.",0,247,55,1900,0.0,682,85,207,2.435,12,9114,2.0,0.09919203971036955,0
flask\app.py,7481844c98e4536ae01764aa08eec681c493ef2e,2017-04-19,Sobolev Nikita,Fix typo in app.py (#2248),0,284,79,2482,0.0,694,86,211,2.453,11,9386,2.023,0.09917180440653484,0
src\flask\ctx.py,91044c4d769efa7f20455e1b70457a7da95c26d8,2022-07-09,pgjones,"Change _cv_req -> _cv_request

This is a clearer name for the variable.",0,28,8,1133,0.0,191,27,52,1.926,8,1774,1.852,0.09916615263452495,0
src\flask\ctx.py,82c2e0366ce6b74a3786a64631ce58b85b3a7d4e,2022-07-08,David Lord,remove uses of LocalStack,0,26,8,1133,0.0,191,27,52,1.926,8,1786,1.852,0.09916615263452495,0
src\flask\ctx.py,e0dad454810dd081947d3ca2ff376c5096185698,2022-07-08,David Lord,update docs about contexts,0,27,8,1133,0.0,191,27,52,1.926,8,1774,1.852,0.09916615263452495,0
src\flask\ctx.py,d597db67ded68d4aedf42b9d1d4570573fb79cd6,2022-07-08,David Lord,contexts no longer use LocalStack,0,25,8,1133,0.0,193,27,52,1.926,8,1781,1.852,0.09916615263452495,0
flask\app.py,5e1b1030e8edecb0c9652f2a406933c049ea2397,2010-07-12,Armin Ronacher,Added support for automagic OPTIONS,0,22,3,10,0.0,254,31,74,2.387,6,4057,2.097,0.09914267499905334,0
flask\app.py,ed16ae2183ad44a7ba89aedd331a180455ed0836,2010-07-13,Armin Ronacher,Always register URL rules.  This fixes #81,0,23,3,11,0.0,253,31,73,2.355,6,4091,2.097,0.09914267499905334,0
flask\app.py,f5b8c082847baa8a902cef22c43a5d50d7a55bdc,2010-07-15,Armin Ronacher,endpoint is optional for modules.  This fixes #86,0,26,3,12,0.0,254,31,73,2.355,6,4151,2.097,0.09914267499905334,0
flask\app.py,c09a4317e4cfa64bf59e712405aded84157756a1,2014-09-03,Armin Ronacher,Record blueprint registration order.,0,205,42,1523,0.0,658,83,202,2.434,10,8776,1.988,0.0991201953934266,0
flask\app.py,ccd5ced70e48515e222b84dccc8f21d32c864dcd,2011-06-27,Armin Ronacher,Chop of ports for session cookies.  This fixes #253,0,70,12,359,0.0,438,52,125,2.404,8,6266,2.038,0.09909193805397577,0
flask\app.py,9cd32cac32433d7ea03cbd64de6ab5c8ea64a981,2016-09-08,Armin Ronacher,"Corrected after response for error handlers

Before this change after request functions were not correctly
invoked for error handlers.",0,269,68,2259,0.0,692,86,209,2.43,11,9277,2.0,0.0990574589423004,0
tests\test_helpers.py,171eb28c950969260863cacefa2f08d1590ce839,2018-04-09,fphonor,get_json separate cache depending on silent arg,0,66,25,1305,0.0,714,100,117,1.17,3,3300,1.88,0.0990303917958045,0
flask\app.py,817b72d484d353800d907b3580c899314bf7f3c6,2014-08-27,Armin Ronacher,Removed deprecated module functionality,0,203,42,1516,0.0,653,82,201,2.451,10,8748,2.0,0.09896435123758245,0
flask\app.py,bafc13981002dee4610234c7c97ac176766181c1,2014-09-03,Armin Ronacher,Added EXPLAIN_TEMPLATE_LOADING to help people debug templates not being loaded.,0,204,42,1523,0.0,654,82,201,2.451,10,8750,2.0,0.09896435123758245,0
flask\app.py,9d899cd63e539b92262bbc6f101e7b5408bb31fc,2011-07-13,Armin Ronacher,Fixed a typo.  This closes #278,0,76,13,375,0.0,436,53,126,2.377,8,6378,2.019,0.09888734170640003,0
src\flask\cli.py,4f03a769d44f6740490dd4ddf70e094c12a6090c,2022-06-15,David Lord,"edit some cli messages

dev server message doesn't show one of the lines in grey
app.run message uses click.secho instead of warning",0,37,13,1110,0.0,624,35,145,4.143,13,3613,2.371,0.098783928023743,0
tests\test_helpers.py,8590d65a57ad57c99a82fdf4e1c57921d7e1bdcd,2019-05-18,EtiennePelletier,"Use Werkzeug's JSONMixin class and update tests

Flask's JSONMixin class was moved to Werkzeug>=0.15

Co-authored-by: Jeffrey Eliasen <jeff@jke.net>",0,77,31,1710,0.0,809,102,120,1.176,3,3485,1.931,0.09873683103735986,0
src\flask\ctx.py,9e686d93b69f0e73f801cc11a57839f4dfe2ca1a,2022-07-01,David Lord,remove deprecated RequestContext.g,0,24,8,1126,0.0,196,28,51,1.821,7,1863,1.857,0.09869666759579625,0
tests\test_helpers.py,8fa5e32d9a1fdf042632bd8fcd0b44dd8031b639,2014-09-11,Markus Unterwaditzer,Tests pass now.,0,1,1,0,0.0,562,69,83,1.203,3,2310,0.812,0.09868473206076267,0
src\flask\blueprints.py,10a36cb60e10594aa5dbf3c5aba6abbd5f6fcd70,2021-05-21,Alex Hedges,"Improve decorator factory type signatures

These changes are required to preserve the type signatures of the
created decorators.",0,22,7,719,0.0,305,33,71,2.152,17,2289,2.515,0.09867093237777441,0
examples\tutorial\flaskr\auth.py,025589ee766249652e2e097da05808fe64911ddc,2019-05-06,David Baumgold,"Reformat with black

https://github.com/python/black",0,2,1,392,0.0,79,6,17,2.833,6,348,0.333,0.0986579453117595,0
flask\ctx.py,086348e2f2874fb701048d5e1390cfe674de1f70,2012-05-08,Armin Ronacher,Added after_this_request decorator.,0,29,6,675,0.0,99,16,31,1.938,4,1287,1.562,0.0985905185012776,0
src\flask\helpers.py,5c6a0f0c121297362b4c78e4240dd8445b9d9f12,2021-04-16,pgjones,"Fix wrapped view function comparison

Wrapped functions are not comparable, see
https://bugs.python.org/issue3564, therefore a marker is used to note
",0,29,8,684,0.0,282,24,61,2.542,12,3415,2.292,0.09857333762690469,0
scripts\flask-07-upgrade.py,40fad2ece80e8bf6784e137028645fa66a3cd9c2,2013-05-18,Thomas Waldmann,"document python 2.6 minimum requirement, remove all stuff that refers to 2.5",0,14,1,713,0.0,226,19,81,4.263,11,1084,1.526,0.09851258289977939,0
flask\cli.py,523e27118359425048541d92892f20ee048c0b76,2016-05-26,Armin Ronacher,Implemented simplified CLI interface,0,31,9,759,0.0,273,24,68,2.833,7,1922,1.958,0.0984947882286065,0
flask\app.py,52098e1e4fc4d9c962e9ecb09dfbbcc6ac80a4d7,2014-01-02,Daniel Neuhäuser,Happy New Year 2014,0,188,36,1280,0.0,650,81,197,2.432,10,8666,2.012,0.09845712686370979,0
src\flask\helpers.py,85b430a3669191ee0d092393f98c0dae47218cab,2021-04-15,David Lord,deprecate total_seconds,0,27,8,684,0.0,284,24,61,2.542,12,3461,2.292,0.0982682432465258,0
src\flask\helpers.py,5a7a4ab4c5eed63a23762e09b7e6a739375ad0f0,2021-04-15,David Lord,locked_cached_property subclasses cached_property,0,26,8,684,0.0,278,24,61,2.542,12,3426,2.292,0.0982682432465258,0
src\flask\helpers.py,ec27677f956859fb91c87c4ec7e2766873e67bc0,2021-04-15,David Lord,remove _os_alt_seps,0,28,8,684,0.0,281,24,61,2.542,12,3412,2.292,0.0982682432465258,0
tests\test_regression.py,588cfa9c91c841f4bb3f5a9c91d1c1331f5b8ad3,2014-09-11,Markus Unterwaditzer,Add note to memleak tests,0,5,1,0,0.0,71,12,17,1.417,4,335,1.0,0.09824192420576863,0
flask\app.py,3d67736e090f55fcdc476452ac89a79fdd14cc23,2013-09-21,Daniel Richman,"Check error handlers for specific classes first

This allows adding error handlers like this:

    @app.errorhandler(werkzeug.exceptions.Forbidden)

A",0,183,31,1177,0.0,653,81,197,2.432,10,8651,2.012,0.09818940013316103,0
flask\app.py,8f1dada542d9e9cc9af0eada3e99eb7ceda2e873,2013-09-02,Armin Ronacher,Some cleanups,0,182,31,1157,0.0,653,81,197,2.432,10,8650,2.012,0.09818940013316103,0
tests\test_helpers.py,66b1b752da1ccc67c1073d4a99c4141a1b2be445,2017-07-31,David Lord,"simplify logging configuration
single default handler and formatter
don't remove handlers
configure level once using setLevel
document logging
reorgan",0,61,24,1053,0.0,670,95,112,1.179,3,3110,1.853,0.09816454752278907,0
tests\test_config.py,be42d5665e89c7fd57352c0e6b97355d6b3500f3,2014-09-11,Markus Unterwaditzer,Split instance tests off into own file,0,9,1,0,0.0,139,13,19,1.462,3,533,0.077,0.09810578138065196,0
flask\app.py,c021e58775eaf8e2dc7a91c903dc1c95dc18e829,2013-10-25,Day Barr,Fix typo in docs for error_handler_spec,0,186,34,1210,0.0,653,81,197,2.432,10,8649,2.012,0.09810435709539808,0
flask\app.py,f7e71b518f30923f494750e476f30d91c415723e,2011-05-29,Armin Ronacher,Register most stuff only once,0,61,12,330,0.0,374,44,103,2.341,6,5408,1.955,0.09801644726874217,0
flask\app.py,7a08331ac062ee1e2ae3c7547f77c2d342ddb3df,2011-05-29,Armin Ronacher,Latest iteration of the blueprint code.  Far from being done,0,60,12,330,0.0,372,44,103,2.341,6,5403,1.955,0.09801644726874217,0
src\flask\helpers.py,77237093da25438c88b0a74c374a397d4bf823eb,2021-04-26,pgjones,"Add initial type hints

This should make it easier for users to correctly use Flask. The hints
are from Quart.",0,30,8,695,0.0,297,24,61,2.542,12,3550,2.292,0.09801083762690468,0
flask\ctx.py,3e9f4e254b5757d80218c0d8077bd44465365489,2012-10-08,Armin Ronacher,Updated a comment that was misleading with recent flask sqlalchemy installations,0,34,7,828,0.0,106,15,33,2.2,6,1358,1.6,0.09799452712618298,0
src\flask\blueprints.py,bf982718cf30615f2dd17fa71fe17d565ebb1d3e,2021-05-21,Alex Hedges,"Make add_url_rule() signature consistent

This caused a mypy error when I was making another typing improvement,
so I am fixing it before committing m",0,21,6,719,0.0,299,33,71,2.152,17,2283,2.515,0.09798738807397694,0
src\flask\blueprints.py,6fbdeb80c76b8a698ab366d21ccd786731b17361,2021-05-17,pgjones,"Fix nested blueprint url_prefix

This fixes the case where the blueprint is registered with a
url_prefix but any child blueprints have no prefixes.",0,20,6,715,0.0,290,33,71,2.152,17,2276,2.485,0.09798738807397694,0
flask\sessions.py,52098e1e4fc4d9c962e9ecb09dfbbcc6ac80a4d7,2014-01-02,Daniel Neuhäuser,Happy New Year 2014,0,26,4,910,0.0,157,22,54,2.455,13,1497,2.136,0.09797404542823575,0
flask\app.py,17e5fb365d7bde8fc795311bb37fe6358e258dc5,2013-08-19,Maximilian Hils,Fix typo in docstring,0,181,30,1143,0.0,653,81,197,2.432,10,8651,2.012,0.09796440013316102,0
tests\test_regression.py,af4cb0ff2bb77c0c2f03227b17cc6ef67f28e63b,2014-09-11,Markus Unterwaditzer,Remove flask superclass,0,4,1,0,0.0,71,12,17,1.417,4,316,1.0,0.09794437282792123,0
flask\app.py,011b129b6bc615c7a24de626dd63b6a311fa6ce6,2015-07-07,Jimmy McCarthy,"Add kwarg to disable auto OPTIONS on add_url_rule

Adds support for a kwarg `provide_automatic_options` on `add_url_rule`, which
lets you turn off the",0,245,53,1830,0.0,681,85,206,2.424,11,9079,1.988,0.09784410764243749,0
flask\app.py,99c99c4c16b1327288fd76c44bc8635a1de452bc,2015-07-04,Alan Hamlett,Enable autoescape for `render_template_string`,0,244,53,1828,0.0,680,85,206,2.424,11,9076,1.988,0.09784410764243749,0
scripts\test_import_migration.py,cd6ec4094730156f27c69b327916e19f6c1c4b2f,2015-02-13,Keyan Pishdadian,Add test and logic for attribute access calls,0,2,1,1,0.0,48,10,10,1.0,1,240,0.0,0.09784318076900868,0
tests\test_helpers.py,6f49089a624a13353a07db87aff5fe6f01699728,2017-05-22,MikeTheReader,Added tests for make_response and get_debug_flag to improve coverage of helpers.py,0,47,21,984,0.0,824,102,122,1.196,3,3523,0.882,0.09781348972689861,0
flask\app.py,115d31ddbfac0773794f115eada88a75d651a0f2,2011-05-27,Armin Ronacher,More documentation updates,0,58,12,329,0.0,325,41,94,2.293,6,5074,1.927,0.09781140020636891,0
tests\test_apps\blueprintapp\apps\frontend\__init__.py,43483683b2bc8da85f00ccccdfb8d9d5c77a6bb3,2019-06-01,David Lord,apply reorder-python-imports pre-commit config,0,2,2,1723,0.0,9,2,2,1.0,1,32,0.0,0.09767361475750705,0
flask\testsuite\config.py,94f436013792249a9bb7206c2868d4c6c21fd887,2013-08-13,Daniel Neuhäuser,"Explain is_package AttributeError in find_package

When a PEP 302 import hook is used that doesn't implement .is_package()
an AttributeError is raised",0,18,7,718,0.0,258,26,50,1.923,3,1128,1.154,0.09763206902660328,0
flask\app.py,eae48d97b085626c1860a900a27ff63c439e0edb,2015-04-11,Phil Schaf,Fixed and intuitivized exception handling,0,229,49,1743,0.0,699,91,216,2.374,11,9165,2.011,0.0975310293081647,0
tests\test_helpers.py,980168d08498c00a14ab0f687ffac8cc50edb326,2019-11-19,David Lord,send_file doesn't allow StringIO,0,86,36,1894,0.0,817,103,122,1.184,3,3496,1.932,0.09751753044729337,0
src\flask\helpers.py,9f7c602a84faa8371be4ece23e4405282d1283d2,2021-03-10,David Lord,move _PackageBoundObject into Scaffold,0,20,7,648,0.0,252,19,55,2.895,12,3258,2.368,0.097413332210063,0
flask\app.py,5da1fc22153032923b1560a34a0f346d6517a12d,2011-05-29,Armin Ronacher,Started work on URL value preprocessors,0,62,12,330,0.0,387,46,108,2.348,8,5690,1.957,0.09712875199865995,0
examples\patterns\largerapp\tests\test_largerapp.py,c3dd7b8e4c9e322c413f4a49e5d15aceafd17c2d,2018-04-09,David Lord,rewrite tutorial docs and example,0,3,2,463,0.0,10,2,2,1.0,1,51,0.5,0.09707268874434415,0
scripts\flaskext_migrate.py,4cb311b9455375f6497e7ecb6c931e09b1917d60,2015-02-13,Keyan Pishdadian,"Add support for function call fixing, add tests

Addresses #1135, some code cleanup and refactoring. Changes wrapper function which handles testing, f",0,10,1,7,0.0,77,10,27,2.7,6,557,0.9,0.09699799906362885,0
tests\test_import_migration.py,b759aa2b955cccf7050ece74b84c32089443e47e,2015-02-12,Keyan Pishdadian,Add test for naming module and fix logic to cover,0,1,1,0,0.0,32,6,6,1.0,1,158,0.0,0.09697630916913579,0
flask\app.py,f5adb61b28f240effbba5a4686647c2af6e85b94,2017-03-06,Static,Fix typos/grammar in docs (#2201),0,277,74,2438,0.0,688,86,210,2.442,11,9291,2.0,0.09672737694993346,0
flask\app.py,a7f1a21c1204828388eaed1e3903a74c904c8147,2017-03-07,Hsiaoming Yang,"Don't rely on X-Requested-With for pretty print json response (#2193)

* Don't rely on X-Requested-With for pretty print json response

* Fix test c",0,278,75,2439,0.0,688,86,210,2.442,11,9291,2.0,0.09672737694993346,0
flask\sessions.py,18673ba370e6744049aa2622b5973506d80659e0,2013-05-14,Armin Ronacher,Added uuid support for new session serialization and documented it,0,18,1,677,0.0,151,22,52,2.364,12,1471,2.136,0.09664359370678438,0
examples\persona\persona.py,f0f654537490011c9aa5bd6db91450d126e53cdf,2014-01-11,Tommaso Allevi,"Use json method

Use json method of response.Response",0,1,1,215,0.0,37,4,7,1.75,3,181,0.0,0.09661302372243498,0
flask\json.py,d425279650b392faf679db3245b8ac7f8c84cf54,2014-10-21,Gilman Callsen,"Improve compression by removing whitespace from separators when using jsonify() and JSONIFY_PRETTYPRINT_REGULAR is False.

Commit includes Changelog e",0,20,6,743,0.0,95,13,31,2.385,4,1003,2.0,0.09649090791682395,0
flask\app.py,cb30a3b5628616c6d34c210eb429650f09c75334,2016-10-31,Clenimar Filemon,Update docstring for errorhandler() (#2070),0,273,71,2312,0.0,692,86,209,2.43,11,9282,2.0,0.09639410079507127,0
flask\app.py,de1652467b0584fe9ee4060bc42101e8255838a3,2016-11-01,Martijn Pieters,"Remove busy-work. (#2072)

It is entirely sufficient to walk the MRO of the exception class, no need to check for classes re-appearing later on, no ne",0,274,72,2313,0.0,684,86,208,2.419,11,9250,2.0,0.09639410079507127,0
flask\app.py,1636a4c410a1bf3713bc1da8d4de7ca66cdf1681,2017-01-17,Raphael Deem,use SERVER_NAME to set host and port in app.run() (#2152),0,275,73,2391,0.0,684,86,209,2.43,11,9255,2.0,0.09639410079507127,0
scripts\flaskext_migrate.py,77ed4661011483cfdb546eb49e89cc8d5cc67be9,2015-02-13,Keyan Pishdadian,Remove hardcoded 'foo',0,11,1,7,0.0,77,10,27,2.7,6,561,0.9,0.09639295704682213,0
tests\test_helpers.py,9822a0351574790cb66c652fcc396ad7aa2b09d8,2025-08-19,David Lord,refactor stream_with_context for async views,0,106,41,3994,0.0,255,51,53,1.039,2,1144,1.51,0.09632302302867152,0
examples\jqueryexample\jqueryexample.py,c3dd7b8e4c9e322c413f4a49e5d15aceafd17c2d,2018-04-09,David Lord,rewrite tutorial docs and example,0,6,5,2911,0.0,12,2,2,1.0,1,86,0.0,0.09629495838372501,0
src\flask\helpers.py,fc82dd50e39700b14799df17578e2497b8f0248c,2021-05-12,Grey Li,"Re-add filename param for send_from_directory

Add a deprecation warning for the old name",0,35,9,711,0.0,304,22,62,2.818,12,3638,2.364,0.09628303899127678,0
flask\testing.py,976dfedaa9efdb566333ea829b12751820268f67,2019-05-31,Daniel Pope,Convert make_test_environ_builder into class (fixes #3207),0,43,18,3252,0.0,150,9,38,4.222,15,1108,3.444,0.0962568021945612,0
flask\ctx.py,13cc69911c6b5c742489ffe6e8c6458dec32e230,2013-05-25,Thomas Waldmann,fix typos,0,39,8,1058,0.0,145,24,46,1.917,6,1655,1.708,0.09616527332365092,0
flask\ctx.py,ffd9296507db6bfad1339b75c0ccdc7fa030cb67,2013-05-30,Armin Ronacher,Close request objects if they support closing.,0,40,8,1062,0.0,148,24,47,1.958,6,1667,1.708,0.09616527332365092,0
flask\ctx.py,f1918093ac70d589a4d67af0d77140734c06c13d,2013-05-30,Armin Ronacher,Changed teardown error handling to be more reliable.,0,41,8,1062,0.0,150,25,48,1.92,6,1674,1.72,0.09616527332365092,0
src\flask\helpers.py,10b0d6b33f7a4414fd3f4474c0deceed2e40117e,2021-04-27,Adrian Moennich,"Move get_root_path back to flask.helpers

Many libraries use it so the move is somewhat disruptive.",0,31,8,695,0.0,322,25,68,2.72,12,3812,2.24,0.09610621097071924,0
flask\sessions.py,10c99e95e98844ba191e4767550b0dc19fa6d34c,2011-07-07,Armin Ronacher,Added missing sessions module,0,0,0,0,0.0,53,11,16,1.455,3,751,2.636,0.09610236507864792,0
src\flask\ctx.py,43483683b2bc8da85f00ccccdfb8d9d5c77a6bb3,2019-06-01,David Lord,apply reorder-python-imports pre-commit config,0,1,1,0,0.0,183,27,59,2.185,8,2032,1.778,0.09609734720651422,0
src\flask\helpers.py,c6c6408c3fb96245a2e2afc4b754cdf065fdad47,2021-04-06,pgjones,"Raise a runtime error if run_async is called without real ContextVars

Werkzeug offers a ContextVar replacement for Python < 3.7, however it
doesn't w",0,22,8,675,0.0,279,22,62,2.818,12,3440,2.273,0.09608134775497454,0
scripts\flaskext_migrate.py,9cbe83ef0d03a07a491bd26ecbe508a348ed48a1,2015-02-12,Keyan Pishdadian,Add a test and cover edge case with parens,0,9,1,6,0.0,62,8,21,2.625,6,491,1.0,0.09602010974187884,0
flask\app.py,3bdb90f06b9d3167320180d4a5055dcd949bf72f,2014-04-28,Armin Ronacher,Added click support to Flask,0,196,40,1395,0.0,676,83,203,2.446,10,8974,2.012,0.09590941917367066,0
flask\cli.py,a0ccc477800737d9907ab772bb1bba25f164fefb,2019-01-06,David Lord,clean up flask --version code,0,103,36,1714,0.0,564,35,148,4.229,12,3444,2.4,0.09583415979603321,0
flask\ctx.py,d5218997d927be869dd55ef04542e1bbc1e69653,2012-06-27,Armin Ronacher,Added flask.stream_with_context,0,33,7,725,0.0,106,15,33,2.2,6,1348,1.6,0.09576865323740362,0
tests\test_helpers.py,777cc17de34622a7f8324a3ce42fbc589d86476b,2017-11-25,Adrian Moennich,Fix broken test,0,63,25,1170,0.0,691,97,114,1.175,3,3204,1.845,0.09576578667495597,0
docs\conf.py,6d556acb3fcaa6eeff4bda8cf704ad5f0cf5b5ac,2010-04-16,Armin Ronacher,"added coming soon to parts of the docs, linked scoped_session",0,3,2,9,0.0,31,0,0,0.0,0,1109,0.0,0.09569995751011623,0
flask\testing.py,e666f7a69c737fef8236237671be4da5910e9113,2019-06-22,David Lord,standardize license and copyright,0,47,20,3274,0.0,123,8,36,4.5,15,1028,3.5,0.09566002067037835,0
flask\testsuite\appctx.py,33bae1a8dcadbf56fb19ad814fa516b6468bb2cb,2012-04-24,Ron DuPlain,"Add Flask.request_globals_class to customize g.

Requested by toothr on #pocoo.",0,3,1,14,0.0,55,11,11,1.0,1,207,0.818,0.09560975879558291,0
flask\app.py,1f31ec4bea20e67f1870a0857c869eafa109c4d4,2011-06-05,Armin Ronacher,Added documentation in update document for new error handling,0,66,12,337,0.0,436,52,125,2.404,8,6191,2.019,0.09558601470902804,0
flask\app.py,abe1378caec759cc8c6fc0afeaad248677c4420f,2011-06-16,Armin Ronacher,Chnaged a bunch of behavior in blueprints for it to be more flexible. Improved backwards compat.,0,67,12,349,0.0,437,52,125,2.404,8,6195,2.038,0.09558601470902804,0
flask\testsuite\config.py,3069e2d7f73f80ebc342029616a5cbc5381cfdf1,2011-08-26,Armin Ronacher,Fight the generic asserts!,0,1,1,0,0.0,143,14,22,1.571,3,604,1.0,0.0953668112626345,0
flask\app.py,ae45aed8d6802fbea8f3693d82b6e89c4e51429d,2014-02-08,Armin Ronacher,Removed an unnecessary newline,0,189,37,1316,0.0,650,81,197,2.432,10,8666,2.012,0.09528790761759726,0
flask\app.py,280d8659601a5e3b8dab77231d9f9fc16f5cd1ce,2014-02-09,Alexis Svinartchouk,"fix issue #879 and add a test for it

Signed-off-by: Armin Ronacher <armin.ronacher@active-4.com>",0,191,37,1317,0.0,651,81,197,2.432,10,8668,2.012,0.09528790761759726,0
flask\app.py,46c24da0162208ddc82ea755347967e4162b97c3,2014-02-08,Armin Ronacher,Make before_first_request a decorator,0,190,37,1316,0.0,651,81,197,2.432,10,8668,2.012,0.09528790761759726,0
flask\app.py,0514ba2de1751de1b0c9a223c96f6a7145714e6a,2016-06-14,Dave Barker,"Enable template auto-reloading in app.run()

When Flask app debugging is enabled (app.debug==True), and Jinja2
template auto-reloading is not explicit",0,262,64,2173,0.0,687,85,207,2.435,11,9292,1.988,0.09525965674449821,0
flask\app.py,c687ffb1921ce755eb32e105c4f689c0cb4afd81,2016-09-08,Akbar Ibrahim,Fixed error in errorhandler doc string. (#2014),0,270,68,2259,0.0,684,85,206,2.424,11,9167,1.988,0.09524412560896707,0
flask\json.py,1501b79293b9441509d1911ad3da5b0e1871b1dd,2014-11-05,defuz,docs: :exc:`TypeError`,0,22,8,758,0.0,95,13,31,2.385,4,1005,2.0,0.09521713796360437,0
flask\helpers.py,06b224676d2f6c38fbf1f486f636e81a85016d45,2012-03-12,Dave Shawley,"Added _PackageBoundObject.get_static_file_options.

This method receives the name of a static file that is going to be served
up and generates a dict ",0,67,14,618,0.0149,282,26,97,3.731,27,3122,2.038,0.09521151406601688,0
setup.py,b0ab127015186e1a2918221ffad8d79ca346faf5,2010-05-12,Armin Ronacher,Added logo with new slogan,0,7,2,35,0.0,29,0,0,0.0,0,174,0.0,0.09519412129131742,0
flask\app.py,f5ec9952decda8731a1f40ba788ba06d12c0229b,2011-06-05,Armin Ronacher,Added blueprint specific error handling,0,65,12,337,0.0,434,51,124,2.431,8,6159,2.0,0.09517005516594987,0
flask\app.py,dfae2679a6be1d3e61eaa9f83e85e0daf655187c,2014-03-05,Charles-Axel Dein,"Clarify the after_request argument

Make it a bit clearer that it's an instance of response_class that is
expected, not the actual response_class clas",0,193,38,1342,0.0,657,81,198,2.444,10,8712,2.012,0.09513206346175311,0
flask\app.py,3f8e29b12cd2b909d4dbbc3964339fd3f56c3203,2014-02-20,Daniel Neuhäuser,Add Flask.config_class to changelog,0,192,38,1328,0.0,657,81,198,2.444,10,8711,2.012,0.09513206346175311,0
flask\app.py,5da31f8af36012a4f76c3bd0d536ae107e0519b5,2015-07-16,Christian Becker,"fix UnboundLocalError in handle_url_build_error

- caused by changes in the execution model of python 3 where the alias of an except clause is cleared",0,246,54,1839,0.0,651,81,197,2.432,10,8676,2.012,0.09486218633793556,0
tests\test_helpers.py,b51ab3ff2c4af7e592e649e0e97657154b79c11f,2018-05-28,David Lord,"encode filenames as ascii instead of latin-1
latin-1 is allowed by pep3333, but that breaks gunicorn",0,69,26,1354,0.0,731,99,117,1.182,3,3363,1.909,0.09476717792224737,0
flask\debughelpers.py,2e022cb2727cfa99355261f2c18d1e0fc56e82ee,2011-08-05,Armin Ronacher,Added debughelpers.  Flask will now tell you if you forget enctype,0,0,0,0,0.0,29,4,8,2.0,3,232,1.75,0.09474178064842013,0
tests\test_apps\blueprintapp\__init__.py,99b34f7148b77d4b1311593590629c2bc8e8e772,2023-01-20,David Lord,move and update flake8 config,0,3,3,3053,0.0,7,0,0,0.0,0,33,0.0,0.09472114563748361,0
flask\app.py,be45a608e38a16766eb568a05b39becee2cd572b,2015-05-20,Wang Haowei,fix docstring for _find_errorhandler,0,238,50,1782,0.0,685,86,207,2.407,11,9076,1.977,0.09462512199580167,0
flask\ctx.py,1f3e667b5d9ffb60c218c250df27144793a5acdb,2012-06-18,Matt Wright,Fix documention for `after_this_request`,0,30,6,717,0.0,99,16,31,1.938,4,1288,1.562,0.09460114973051348,0
flask\app.py,e71a5ff8de93801c30ed6daecac4b8502aa86813,2011-05-27,Armin Ronacher,Started work on new request dispatching.  Unittests not yet updated,0,57,12,328,0.0,325,41,94,2.293,6,5071,1.927,0.0945864002063689,0
src\flask\app.py,438edcdf01c392619449a6bdbb18f6cf72ef7bb9,2023-09-30,pgjones,"Allow self as an argument to url_for

This makes the Flask.url_for self argument positional only (Flask
supports Python 3.8+) thereby restoring the ab",0,109,27,1581,0.0,579,35,146,4.171,16,6645,2.486,0.0942401371805608,0
flask\app.py,6e91498e64f3081c9d37f8f6e5fd3e3086de9741,2016-04-04,Steffen Prince,"docs: run() should not be used in production

Refs #1102",0,256,60,2102,0.0,680,85,206,2.424,11,9112,1.988,0.09423679960164107,0
flask\app.py,88500f5cc709e2e931e6547ed9b58033a50215a8,2016-05-16,Jannis Leidel,"Forward ported CLI tests from Flask-CLI and fixed a bug with the CLI's name. (#1806)

* Forward port the CLI tests from Flask-CLI.

* Make sure the ",0,258,62,2144,0.0,684,85,206,2.424,11,9167,1.988,0.09423679960164107,0
flask\app.py,2bf477cfeafd87c69b88e1ec58b5eb67abf756e2,2016-04-08,Steven Loria,"Add JSONIFY_MIMETYPE configuration variable (#1728)

Allow jsonify responses' mimetype to be configured",0,257,61,2107,0.0,684,85,206,2.424,11,9166,1.988,0.09423679960164107,0
flask\ctx.py,aecc41deb8d5cb8a1505be52648c78432e9238ae,2013-05-20,Armin Ronacher,Restore 2.5 support for the time being,0,38,8,1052,0.0,145,24,46,1.917,6,1654,1.708,0.09416527332365092,0
flask\app.py,6af9690ae9800f5a6074c70498cba4b26335ec72,2015-06-20,ThiefMaster,Remove the deprecated Flask.modules property,0,242,52,1813,0.0,680,85,206,2.424,11,9068,1.988,0.09410907388399789,0
docs\conf.py,ce18d4575dd8468878668d777d83448eeae4fd0d,2010-04-19,Armin Ronacher,Added WTForms documentation.,0,4,2,12,0.0,32,0,0,0.0,0,1117,0.0,0.09406541245517118,0
flask\testsuite\__init__.py,ec5b182f15d711aa92fe16480011fbe0fb9d3a63,2013-06-22,Karol Kuczmarski,Add Flask.config_class feature,0,19,6,666,0.0,159,31,58,1.871,10,834,1.935,0.09402950672180581,0
docs\conf.py,3b36bef2e6165bb4dad73d17f23ee1879e99f497,2010-04-08,Armin Ronacher,"Improved documentation, added a contextmanager for request binding",0,1,1,2,0.0,23,0,0,0.0,0,1079,0.0,0.09400874262054199,0
examples\javascript\tests\test_js_example.py,025589ee766249652e2e097da05808fe64911ddc,2019-05-06,David Baumgold,"Reformat with black

https://github.com/python/black",0,1,1,389,0.0,22,3,3,1.0,1,85,3.667,0.09400224618341356,0
flask\app.py,d13a1b363e1065de98f44fe0446b570ce078007e,2015-06-06,Markus Unterwaditzer,"Rename jinja_env_class

Inspired by #1056",0,241,52,1799,0.0,686,86,207,2.407,11,9091,1.977,0.0939890738839979,0
flask\testing.py,a4f0f197962b27a002c45f5e27b13a8d4a27ee63,2019-05-17,David Lord,don't push app context for test client json,0,41,17,3238,0.0,123,8,36,4.5,15,1034,3.5,0.09391330569138732,0
tests\test_helpers.py,ab4142215d836b0298fc47fa1e4b75408b9c37a0,2018-04-10,David Lord,detect UTF encodings when loading json,0,67,26,1306,0.0,724,99,116,1.172,3,3324,1.899,0.0939056237067507,0
tests\test_apps\helloworld\wsgi.py,b46f5942a528053034fecf210572ee04bc4a3284,2019-06-01,Jon S. Stumpf,address flake8 issues,0,1,1,715,0.0,1,0,0,0.0,0,6,0.0,0.09373930161668254,0
examples\javascript\js_example\__init__.py,524fd0bc8cec7bfe8167c9c98cb5511b01a0f4c6,2020-04-04,David Lord,apply pyupgrade,0,1,1,723,0.0,3,0,0,0.0,0,13,0.0,0.09373930161668254,0
tests\test_regression.py,5da2c00419d09ce2d3488263036ffd14563fb05a,2014-09-11,Markus Unterwaditzer,Rewrite assertion methods,0,2,1,0,0.0,72,12,17,1.417,4,320,1.0,0.09366698993385779,0
docs\conf.py,3ac4ec670c881668aaedb2c3937bae5e10984988,2010-04-25,Armin Ronacher,Beefed up PDF docs.  They actually look like something now.,0,5,2,19,0.0,40,0,0,0.0,0,1074,0.0,0.09359892849165437,0
tests\test_appctx.py,7e8f1053bb07f4f73914b5784a87de6dcaea6bcb,2014-09-11,Markus Unterwaditzer,Fix assertion error,0,3,1,0,0.0,89,17,18,1.059,2,298,0.824,0.09359840331934398,0
flask\__init__.py,88d9315d1955ea4ee99f53e21593a0d1d9047ed0,2010-07-04,Armin Ronacher,We should now have the same public API as before,0,4,2,1,0.0,9,0,0,0.0,0,101,0.0,0.09349958025457239,0
flask\testsuite\config.py,52098e1e4fc4d9c962e9ecb09dfbbcc6ac80a4d7,2014-01-02,Daniel Neuhäuser,Happy New Year 2014,0,19,7,860,0.0,258,26,50,1.923,3,1128,1.154,0.09348586720216227,0
flask\app.py,15d8af52dbb091f198664bedc5dfc3d5d9ffdea0,2014-04-13,mjfroehlich,Fix minor typo,0,195,39,1381,0.0,663,81,200,2.469,10,8808,2.025,0.09333799060224209,0
flask\app.py,d4b3d16c142e2189c6faf8f784a195e7f827c596,2014-04-11,Armin Ronacher,Better support for namespace packages.,0,194,39,1378,0.0,663,81,200,2.469,10,8808,2.025,0.09333799060224209,0
scripts\test_import_migration.py,f6c45afb6ffa9fc1bd3d3637f7d38e423798dce9,2015-02-25,Keyan Pishdadian,"Add skip to fix unnoticed bug with good imports

Fixes logic so that imports that should not be changed are skipped, which was not happening correctly",0,3,1,13,0.0,52,11,11,1.0,1,258,0.0,0.09332756392932394,0
flask\json.py,33534bb4a9937e6faba5ecec4586519f453369b6,2015-01-02,Parkayun,Happy New Year 2015,0,24,9,816,0.0,97,13,31,2.385,4,1025,2.0,0.09326258754689919,0
src\flask\helpers.py,7f87f3dd93baf45d5f69f02a2dcf4493dfc4a1be,2021-05-03,pgjones,"Simplify the async handling code

Firstly `run_sync` was a misleading name as it didn't run anything,
instead I think `async_to_sync` is much clearer ",0,33,9,701,0.0,307,23,64,2.783,12,3688,2.261,0.09324211029214469,0
examples\flaskr\flaskr.py,dfecc86dd315586bec8f5f0838195d03ba7165d3,2010-05-27,Armin Ronacher,Ported examples over to new config. documented upgrading,0,4,1,43,0.0,61,8,13,1.625,4,313,0.125,0.0932131513421191,0
flask\testsuite\__init__.py,5a496885544989ca702e2c9996372a8ebf2cf00d,2011-08-26,Armin Ronacher,Moved loader code into the testsuite and out of the runner,0,1,1,0,0.0,122,19,44,2.316,13,469,1.263,0.09300275379365253,0
flask\testsuite\testing.py,4dc1796b1c09961098edc0aaac90a28be2b7fc9d,2011-08-29,Michał Bartoszkiewicz,Fixed session loading in flask.testing.TestClient.session_transaction(),0,5,1,3,0.0,131,16,19,1.188,2,509,0.625,0.09297889536328123,0
flask\app.py,c9b33d0e860e347f1ed46eebadbfef4f5422b6da,2017-01-29,Armin Ronacher,Convert Flask.run into a noop when run from the CLI,0,276,74,2402,0.0,688,86,210,2.442,11,9291,2.0,0.09296552936649985,0
flask\sessions.py,f3f7b640b979a3d9f298c25ee42c72e7bb44b479,2014-03-15,max demian,"Update sessions.py

missing backticks in docstring",0,27,4,982,0.0,164,23,58,2.522,13,1685,2.174,0.09292431441146073,0
tests\test_helpers.py,2433522d2967b8a5e46f16de587a8fac5088a47c,2018-01-06,Armin Ronacher,"Add Support for FLASK_ENV (#2570)

This introduces environments to Flask",0,64,25,1212,0.0,701,98,115,1.173,3,3237,1.878,0.09289636152224905,0
flask\testing.py,025589ee766249652e2e097da05808fe64911ddc,2019-05-06,David Baumgold,"Reformat with black

https://github.com/python/black",0,40,16,3227,0.0,125,8,36,4.5,15,1037,3.5,0.09288977627962262,0
flask\app.py,dcf21989dc71f4ab93ceaf0627e40c516462bd8c,2011-06-28,Armin Ronacher,Added class based views,0,71,12,360,0.0,441,52,127,2.442,8,6318,2.038,0.092877802462791,0
src\flask\ctx.py,84c722044ad03f7f5384f5314c8350b3a13d8dfa,2022-07-01,David Lord,new debug/test preserve context implementation,0,23,8,1126,0.0,218,30,53,1.767,7,1946,1.833,0.09285080758191597,0
flask\app.py,1f5927eee2288b4aaf508af5dc1f148aa2140d91,2014-05-14,Shalabh Aggarwal,Fixed a small typo with flask.g docstring,0,198,40,1411,0.0,676,83,203,2.446,10,8973,2.012,0.0927747549268467,0
flask\app.py,7321a480ea60ee212b06cd6698e1e3ab62b5e7f5,2014-05-12,Armin Ronacher,Simplified click integration a bit,0,197,40,1409,0.0,676,83,203,2.446,10,8973,2.012,0.0927747549268467,0
src\flask\helpers.py,cb13128cf03b2f1b3c5b48eab518e57e7b5f6516,2021-05-03,pgjones,"Remove context copying from run_async function

This was required with the previous implementation of Werkzeug's
locals which didn't persist across th",0,32,9,701,0.0,312,24,65,2.708,12,3700,2.25,0.09271112166125382,0
examples\tutorial\flaskr\__init__.py,025589ee766249652e2e097da05808fe64911ddc,2019-05-06,David Baumgold,"Reformat with black

https://github.com/python/black",0,1,1,392,0.0,26,2,4,2.0,3,182,0.5,0.0926367875076414,0
flask\testsuite\config.py,90a50f8b51bdd71d9f2b1fd82352628cfd681898,2014-01-23,Matt Wright,Add `get_namespace` method on `Config` object for convenient access of namespaced config options.,0,20,7,881,0.0,272,27,51,1.889,3,1209,1.148,0.09256312659191004,0
flask\json.py,d9402fc0c03353b6d2659297682e578d695476ce,2014-12-07,Marc Abramowitz,"Make `jsonify` terminate responses with a newline

This came up in the context of
https://github.com/kennethreitz/httpbin/issues/168",0,23,8,791,0.0,97,13,31,2.385,4,1025,2.0,0.09246304883545228,0
examples\tutorial\tests\test_db.py,524fd0bc8cec7bfe8167c9c98cb5511b01a0f4c6,2020-04-04,David Lord,apply pyupgrade,0,4,3,726,0.0,19,3,3,1.0,1,71,1.0,0.09245736882723761,0
src\flask\__init__.py,ded3d642a762823702848c5e5c4e041a676a10a1,2019-07-10,David Lord,pass sys.argv to flask cli,0,6,1,39,0.0,45,0,0,0.0,0,226,0.0,0.09244735974858931,0
src\flask\helpers.py,2889da67cb15ac6d5d882781d54014286d9ae010,2021-05-03,pgjones,"Remove the async helper method

It is better to encourage users to utilise the app ensure_sync method
(or the newely added async_to_sync method) so th",0,34,9,701,0.0,294,22,61,2.773,12,3595,2.318,0.09240542904240844,0
flask\app.py,c5900a1adf8e868eca745225f3cf32218cdbbb23,2016-05-23,ThiefMaster,"s/1.0/0.11/ in versionadded/versionchanged markers

closes #1817",0,260,64,2151,0.0,684,85,206,2.424,11,9283,1.988,0.09237965674449822,0
flask\app.py,67e391921c50f02190be8407d4a02efe8d2d28f6,2016-06-26,georgschoelly,"fix docs: name of url_value_preprocessor method (#1932)

This typo got introduced in 5da1fc22153032923b1560a34a0f346d6517a12d,
the original commit fo",0,264,65,2186,0.0,685,85,206,2.424,11,9170,1.988,0.09237965674449822,0
flask\app.py,523e27118359425048541d92892f20ee048c0b76,2016-05-26,Armin Ronacher,Implemented simplified CLI interface,0,261,64,2154,0.0,685,85,206,2.424,11,9286,1.988,0.09237965674449822,0
flask\app.py,5c12721730d18e2eddfe083cf1f6398af8915643,2016-06-14,Markus Unterwaditzer,"Revert ""Addressing Issue 1809""",0,263,65,2174,0.0,685,85,206,2.424,11,9170,1.988,0.09237965674449822,0
flask\app.py,bdbca923ef26424f605b4c744131512a5edb0f1e,2016-05-22,Thomas Sanjurjo,"Addressing Issue 1809 (#1811)

document kwargs for Flask.register_blueprint",0,259,63,2150,0.0,684,85,206,2.424,11,9283,1.988,0.09237965674449822,0
flask\sessions.py,671c67aac96ae2cdf9c554ba4e52c167862be6fe,2014-04-16,Mihir Singh,Append a 'Vary: Cookie' header to the response when the session has been accessed,0,28,5,1014,0.0,176,25,61,2.44,13,1795,2.2,0.09235857204783261,0
tests\test_config.py,8fa5e32d9a1fdf042632bd8fcd0b44dd8031b639,2014-09-11,Markus Unterwaditzer,Tests pass now.,0,1,1,0,0.0,322,31,56,1.806,3,1377,1.129,0.09225234041552287,0
flask\__init__.py,4f8ee8f12946b224e5003405be99aa4e454bdeee,2010-07-04,Armin Ronacher,"Added missing comments, fixed setup.py and made tests pass",0,3,2,1,0.0,9,0,0,0.0,0,99,0.0,0.09222685771232834,0
src\flask\helpers.py,00f5a3e55ca3b6dd4e98044ab76f055dc74997ac,2021-04-06,pgjones,"Alter ensure_sync implementation to support extensions

This allows extensions to override the Flask.ensure_sync method and
have the change apply to b",0,23,8,675,0.0,279,22,62,2.818,12,3440,2.273,0.09220451919194303,0
src\flask\helpers.py,dc3e9c0cc36b7945431454ea1543da4e33023bb2,2021-04-06,David Lord,update async docs,0,24,8,675,0.0,279,22,62,2.818,12,3450,2.273,0.09220451919194303,0
src\flask\helpers.py,8ab4967703c2f5c500174f46b672d80e32f55d85,2021-04-15,David Lord,consistent versions and deprecation messages,0,25,8,684,0.0,280,22,62,2.818,12,3450,2.273,0.09220451919194303,0
flask\json.py,fbda3f94baa6d7dba8f773309121284c6e6c5a6d,2014-04-11,raimu,fix typo,0,19,5,550,0.0,93,13,31,2.385,4,986,2.0,0.09210336051329265,0
flask\json\__init__.py,d41e2e6a5db3211ecd3c3f3f55934474406ffac2,2017-06-14,Eugene M. Kim,"Correctly encode aware, non-UTC datetime objects

http_date() requires timetuple in UTC, but JSONEncoder.default() was
passing a local timetuple inste",0,1,1,12,0.0,110,13,42,3.231,7,1148,2.0,0.09209801113515836,0
examples\persona\static\persona.js,23d8d66256dcf2eddd3531858ff1580e95ce2d44,2013-06-09,Armin Ronacher,Added site name to persona login,0,1,1,0,0.0,43,9,9,1.0,1,154,1.444,0.0920451176541471,0
flask\testsuite\ext.py,9df2aefd7f0c3c5d0fc47087da2f51b72cad38fc,2011-09-18,Armin Ronacher,Do not set dotted attributes on flask.ext,0,2,1,0,0.0,61,13,20,1.538,7,294,0.923,0.09185073456468724,0
flask\json.py,c5900a1adf8e868eca745225f3cf32218cdbbb23,2016-05-23,ThiefMaster,"s/1.0/0.11/ in versionadded/versionchanged markers

closes #1817",0,31,15,1323,0.0,101,13,35,2.692,7,1138,2.0,0.09168139443555302,0
flask\app.py,a45fce84960e3b97fe3ecc2f11de1ba613b8c5c4,2015-02-05,Chris Rebert,fix grammar in preprocess_request() docstring,0,223,47,1679,0.0,660,83,203,2.446,11,8867,2.0,0.09162945088658628,0
flask\app.py,fe6bcffdad73fc8f683dadf1a86229fdfd3a571c,2015-02-05,Chris Rebert,Document required signature of before_first_request-decorated functions,0,226,48,1679,0.0,660,83,203,2.446,11,8932,2.0,0.09162945088658628,0
flask\app.py,08ac3aa4e3739e20d385c4c2973893945f228470,2015-04-06,ThiefMaster,"Allow custom jinja environments

This is useful e.g. when using the new Jinja Environment
attributes added in mitsuhiko/jinja2#404",0,228,49,1738,0.0,662,83,203,2.446,11,8956,2.0,0.09162945088658628,0
flask\app.py,6a2524634dec3a7bc71a8b7076ab937d77253c6a,2015-02-05,Chris Rebert,Document that the return values of teardown functions are ignored,0,225,48,1679,0.0,660,83,203,2.446,11,8918,2.0,0.09162945088658628,0
flask\app.py,eccee36964832577aad8d8a3108b7f39958ba8b0,2015-02-05,Chris Rebert,"Document required signature of before_request functions

Unless you happened to also read preprocess_request()'s docstring,
it wasn't not obvious that",0,224,48,1679,0.0,660,83,203,2.446,11,8902,2.0,0.09162945088658628,0
flask\app.py,ec0d208bc14c49c611ae05d391b1edb35af854c7,2015-03-23,Martijn Pieters,"Switch away from using None as default value for the exception when tearing down a context.

When an exception has been handled when using the request",0,227,48,1724,0.0,661,83,203,2.446,11,8941,2.0,0.09162945088658628,0
flask\ctx.py,6caaa8a527134dc9aff6d5c442969e96f9c00f21,2013-05-18,Thomas Waldmann,automated change using python-modernize: use 'as' in except,0,37,7,1050,0.0,144,24,46,1.917,6,1651,1.708,0.09162159212522517,0
flask\testsuite\ext.py,9691b7f0bf70553e61a88c8c7b6ffcac776b8d26,2011-09-21,Armin Ronacher,Deal with partially setup packages in the redirect hook.,0,4,1,3,0.0,74,16,26,1.625,9,350,0.938,0.09158364216786559,0
flask\app.py,826d7475cdab43b85d79f99e8eae5dabb01baf7b,2016-01-05,Aviv Cohn,"Clarified the docstring in method Flask.preprocess_request.

The doc now clearly states that the method invokes two set of hook
functions, and how the",0,253,59,2012,0.0,682,85,206,2.424,11,9160,1.988,0.09135679960164107,0
flask\app.py,952a6c8989137bb0c44adaf37df0227b8e426a75,2016-01-02,Miguel Grinberg,Werkzeug should not block propagated exceptions from Flask,0,252,58,2010,0.0,683,85,206,2.424,11,9142,1.988,0.09135679960164107,0
flask\app.py,6d0bbd627c8ff7b6339c894342d00eae11deb7ec,2016-02-03,lord63,"Fix typo

* Use the compatible way to handle the exception. You can find the
source code wsgi_app in app.py, and it use the compatible way, so update ",0,254,60,2041,0.0,683,85,206,2.424,11,9142,1.988,0.09135679960164107,0
flask\app.py,07fdd1930b947b2cc074706ecdfea908ffdb05b9,2016-02-04,lord63,Update app.py,0,255,60,2042,0.0,683,85,206,2.424,11,9133,1.988,0.09135679960164107,0
examples\tutorial\flaskr\blog.py,025589ee766249652e2e097da05808fe64911ddc,2019-05-06,David Baumgold,"Reformat with black

https://github.com/python/black",0,1,1,392,0.0,78,5,14,2.8,4,407,0.8,0.09134448217508394,0
flask\app.py,d63c2bc4178b0a371ee53c9d94b73c7be3174c9d,2017-06-26,David Lord,remove deprecated Flask.static_path,0,310,87,2550,0.0,746,83,217,2.614,12,10004,2.06,0.09133918702391747,0
flask\app.py,465922e5f1cb76cf669a38afe25facde2176b9f0,2017-06-28,David Lord,"clean up secret key docs
consistent key across docs and examples
consistent key across tests, set in conftest",0,311,87,2552,0.0,746,83,217,2.614,12,10005,2.06,0.09133918702391747,0
flask\app.py,9491bf8695be9b24036b3d966d9c43b46f0ddc23,2017-06-26,David Lord,remove deprecated Flask.error_handlers,0,309,87,2550,0.0,736,83,218,2.627,12,10026,2.072,0.09133918702391747,0
flask\app.py,a417e41d27cc14a0fe74dc49840b8921aeed70b6,2017-07-07,Bijan Vakili,Update documentation and regression tests to clarify that Flask.teardown_appcontext() only receives unhandled exceptions,0,312,87,2562,0.0,746,83,217,2.614,12,10026,2.06,0.09133918702391747,0
tests\test_helpers.py,46f83665ef74880bbc4a1c1f17ccededa7aaa939,2017-04-24,David Lord,"clean up blueprint json support
add changelog for #1898",0,44,21,955,0.0,783,97,116,1.196,3,3369,0.897,0.09128180436691971,0
tests\test_helpers.py,a5ecdfa7a57bf6bcba7391fc6d356e3f7de33e57,2019-07-01,Anthony Sottile,"Fixes for PEP451 import loaders and pytest 5.x

- pytest 5.x drops python2 compatibility and therefore only implements PEP 451
- pytest 5.x made the r",0,84,34,1753,0.0,733,99,117,1.182,3,3394,1.899,0.09123948037077026,0
src\flask\blueprints.py,d7b6c1f6703df405c69da45e7e0ba3d1aed512ce,2023-01-04,Josh Michael Karamuth,"Fix subdomain inheritance for nested blueprints.

Fixes #4834",0,48,13,1313,0.0,405,37,84,2.27,27,2850,2.432,0.09120174258411104,0
flask\app.py,348bf52188b9f7bef1096d8fe70edf2e62ea04a8,2015-06-02,Joshua Carp,"Handle empty deque on errorhandler lookup.

After registering a custom errorhandler by exception class, raising any
unhandled exception in a view func",0,239,51,1796,0.0,685,86,207,2.407,11,9076,1.977,0.09119655056723025,0
flask\json.py,501b8590dd8b262c93d52c92ab4b743af1f5d317,2016-06-08,RamiC,"Allow per blueprint json encoder decoder
re #1710",0,32,16,1339,0.0,103,13,37,2.846,7,1162,2.0,0.09112762538314258,0
tests\test_helpers.py,c367a86cc5be70da4928b276d0218f98df6e854d,2019-10-28,Fernanda Guimarães,Test test_send_from_directory_bad_request no longer fails in Python 3.8.,0,85,35,1873,0.0,821,102,121,1.186,3,3546,1.922,0.09111948037077026,0
flask\sessions.py,522cd0009367d1f775b0e978681426773f51ce14,2013-05-18,Thomas Waldmann,python-modernize automated changes: fix_unicode (but without six.u()),0,21,2,681,0.0,152,22,52,2.364,12,1477,2.136,0.09107166601463434,0
flask\sessions.py,135c53a5f2f990512d2be348dc16ef719233a314,2013-05-22,Daniel Neuhäuser,Fix .iteritems() access in flask.sessions,0,22,2,685,0.0,152,22,52,2.364,12,1476,2.136,0.09107166601463434,0
flask\sessions.py,dcd052366b43df7bfe730c2e991ff37c617ba52b,2013-05-18,Thomas Waldmann,python-modernize automated changes: fix_next,0,20,2,681,0.0,152,22,52,2.364,12,1475,2.136,0.09107166601463434,0
flask\helpers.py,c93ea5551c6928745414f186ef465e2699a6833b,2012-01-16,Ron DuPlain,Keep flashed message examples in one place.,0,65,13,563,0.0154,278,25,96,3.84,27,3095,2.04,0.09095277179987968,0
flask\app.py,491d331e6e0a7915c9e6d9b3287688ac7a3f56ca,2017-07-16,David Lord,load env vars using python-dotenv,0,314,88,2571,0.0,751,83,218,2.627,12,10084,2.072,0.09064982532178979,0
flask\app.py,9560f22bb65d7c06d10ea3dfe3d7a81a73f68af2,2017-07-10,David Lord,clean up,0,313,88,2564,0.0,746,83,217,2.614,12,10024,2.06,0.09064982532178979,0
flask\json.py,d4b9b9854c7afb32c4c2ee27c4d98def1c8e22ca,2014-11-05,defuz,docs: :mimetype:`application/json`,0,21,7,758,0.0,95,13,31,2.385,4,1004,2.0,0.09060356691137271,0
src\flask\helpers.py,6979265fa643ed982d062f38d386c37bbbef0d9b,2021-04-06,pgjones,"Add `async` support

This allows for async functions to be passed to the Flask class
instance, for example as a view function,

    @app.route(""/"")
  ",0,21,7,675,0.0,274,22,61,2.773,12,3417,2.273,0.09059277332017505,0
flask\testsuite\testing.py,d49221bf2eeabbfa4a5be4e537b35bae1eb6d272,2011-08-26,Armin Ronacher,The test client now properly pops response contexts on __exit__,0,4,1,0,0.0,128,16,19,1.188,2,494,0.625,0.09047156095216798,0
flask\cli.py,e0afff0e92a3c46e5de17e75b76ca1332d45497d,2019-05-18,EtiennePelletier,"Simplify flask.cli.main

Werkzeug>=0.15's reloader now properly detects `python -m module`.
Fixes #3022",0,106,38,1846,0.0,566,35,147,4.2,12,3401,2.4,0.09045909486096827,0
src\flask\app.py,54ff9b297276a3add08c8faf1557b5e359b3ab99,2023-11-09,David Lord,use ruff linter and formatter,0,110,27,1622,0.0,582,35,146,4.171,16,6647,2.486,0.09037683526508497,0
flask\cli.py,025589ee766249652e2e097da05808fe64911ddc,2019-05-06,David Baumgold,"Reformat with black

https://github.com/python/black",0,104,36,1834,0.0,577,35,148,4.229,12,3443,2.4,0.09026273122460465,0
src\flask\json\provider.py,69f9845ef2da3051d74d4dade3e88ccf5b2ee3de,2022-07-13,David Lord,add json provider interface,0,0,0,0,0.0,146,11,38,3.455,8,1325,2.818,0.09021224363482233,0
src\flask\helpers.py,7ab934f6bc2380a322c77d92c0b6cfd10b7de991,2021-05-21,David Lord,improve typing for `stream_with_context`,0,39,11,720,0.0,321,23,64,2.783,12,3778,2.391,0.0901796642550552,0
src\flask\helpers.py,67b0b7e30d2304f628e966896748032022ac0257,2021-05-21,David Lord,cache blueprint path calculation,0,38,11,719,0.0,319,23,64,2.783,12,3770,2.391,0.0901796642550552,0
flask\ctx.py,9bed20c07c40a163077b936f740a4e96a6213688,2012-04-09,Armin Ronacher,Added documentation for appcontext and teardown handlers,0,25,5,646,0.0,94,15,30,2.0,4,1155,1.6,0.0901599500616571,0
scripts\make-release.py,505cd663cd75b5593a1c9db0eded5298bd67139a,2011-08-08,Armin Ronacher,Hopefully fixed release script date parsing thingy.  This fixes #299,0,5,1,42,0.0,98,15,27,1.8,7,460,1.0,0.0901331798593462,0
tests\test_helpers.py,310fbfcf64f40f237068fddbbbe45315f9935eca,2018-02-08,David Lord,"revert copyright year to project start
add copyright header to files",0,65,25,1246,0.0,701,98,115,1.173,3,3237,1.878,0.09012713075301827,0
flask\helpers.py,a3b30b7e3b026e821716be63d586e078eaa6ee7f,2012-01-07,Ron DuPlain,Handle zip & interactive cases in module helpers.,0,61,12,554,0.0164,273,25,94,3.76,27,2987,2.0,0.09009567536748503,0
flask\helpers.py,1f20a11284e3e9bcfc08939c48e3ab590da7c7a4,2012-01-16,Ron DuPlain,"Fall back to imports w/exotic pkg loaders, #380.

Needs a test, which likely requires introducing a mock library.",0,62,12,562,0.0161,276,25,95,3.8,27,3017,2.0,0.09009567536748503,0
flask\app.py,098ea0c8ca3b2f3c6715b1048bec6a42db6298e1,2016-08-27,Markus Unterwaditzer,"Only passthrough_errors if PROPAGATE_EXCEPTIONS

See pallets/werkzeug#954",0,265,66,2247,0.0,686,85,206,2.424,11,9172,1.988,0.09000603037087183,0
flask\app.py,ccd02bfe8c90ee8dbf30cc2be61a7d483ff24cab,2016-09-05,Afonso Queirós,Correcting Custom Test Client class docs (#2004),0,267,67,2256,0.0,686,85,206,2.424,11,9174,1.988,0.09000603037087183,0
flask\app.py,c4ec6954e57b1ab3cb5a0d178e6030f8bab6c149,2016-09-06,Markus Unterwaditzer,"Don't passthrough_errors unless instructed. (#2006)

Fix #2005

Revert #1679 and #1996",0,268,68,2258,0.0,684,85,206,2.424,11,9168,1.988,0.09000603037087183,0
flask\app.py,6e6c3a4636387892e3725f1ba13457966c188b87,2016-08-30,Josh Soref,"Spelling (#1998)

* spelling: cacheability

* spelling: conceptually

* spelling: javascript

* spelling: reset

* spelling: raised

* comma",0,266,66,2250,0.0,686,85,206,2.424,11,9172,1.988,0.09000603037087183,0
tests\test_helpers.py,fbb6f0bc4c60a0bada0e03c3480d0ccf30a3c1df,2026-02-19,David Lord,all teardown callbacks are called despite errors,0,107,41,4179,0.0,248,51,53,1.039,2,1153,1.51,0.08997369651321967,0
tests\test_apps\importerror.py,a00ccdce9429188d349cad5a2f5d6f21b2a84c39,2014-09-11,Markus Unterwaditzer,Remove more test_apps,0,2,1,0,0.0,1,0,0,0.0,0,3,0.0,0.08996852777095886,0
flask\app.py,13754b6d117eb6847cca45475412fdd05025f1b8,2017-04-22,David Lord,"ensure error while opening session pops context
errors will be handled by the app error handlers
closes #1538, closes #1528",0,286,81,2486,0.0,695,86,212,2.465,12,9418,2.035,0.08995841779314821,0
flask\app.py,97e2cd0a5a5f2b663d7a82edbaede2fe2cfb0679,2017-04-21,David Lord,"update changelog
move test next to existing test, rename
reword / reflow param doc",0,285,80,2484,0.0,695,86,212,2.465,12,9418,2.035,0.08995841779314821,0
flask\cli.py,e2f4b53396f4676978f86492dae5d3952446df89,2019-05-16,DamianSkrzypczak,Fix dev-server warning message readability (#3168),0,105,37,1844,0.0,564,35,148,4.229,12,3447,2.4,0.08993042353229695,0
flask\cli.py,7321a480ea60ee212b06cd6698e1e3ab62b5e7f5,2014-05-12,Armin Ronacher,Simplified click integration a bit,0,13,3,13,0.0,264,22,72,3.273,9,1969,2.409,0.08988338822520815,0
tests\test_apps\blueprintapp\apps\admin\__init__.py,025589ee766249652e2e097da05808fe64911ddc,2019-05-06,David Baumgold,"Reformat with black

https://github.com/python/black",0,1,1,1698,0.0,14,2,2,1.0,1,34,0.0,0.08982644615553428,0
flask\app.py,d60e13436dbe144b603eed686adcdbfb0788ac9c,2015-01-28,Christopher Bunn,Fixed minor docstring typo for teardown_request(),0,222,46,1671,0.0,660,83,203,2.446,11,8865,2.0,0.08973471404448102,0
flask\app.py,1ac4156016a578fdf439ac69bc39b9c6687ea9f9,2015-10-02,Armin Ronacher,Fixed some lint warnings,0,248,55,1918,0.0,680,85,206,2.424,11,9082,1.988,0.08947307867140851,0
flask\app.py,d526932a09557be4aff6d27261cabb7c5c5ebb8d,2015-10-24,Timo Furrer,support timedelta for SEND_FILE_MAX_AGE_DEFAULT config variable,0,249,55,1939,0.0,682,85,206,2.424,11,9138,1.988,0.08947307867140851,0
flask\app.py,1d49343bb19933f5f8057a548cb69657d8cbd699,2015-11-07,lord63,Fix typo in app_ctx_globals_class doc in app.py,0,250,56,1953,0.0,682,85,206,2.424,11,9138,1.988,0.08947307867140851,0
flask\ctx.py,097353695e3178a38403b204ae4889c8a32bf997,2013-05-14,Armin Ronacher,Added flask.copy_current_request_context which simplies working with greenlets,0,36,7,1046,0.0,144,24,46,1.917,6,1650,1.708,0.08944106450189616,0
tests\test_helpers.py,57d628ca74513480908a63a6b66c1c8b1af896e8,2020-04-04,David Lord,remove more compat code,0,88,36,2031,0.0,805,103,122,1.184,3,3434,1.932,0.08936074717584525,0
tests\test_helpers.py,662c245795c7cbb5dbd657a2d707c62c16770c18,2020-04-04,David Lord,remove _compat module,0,87,36,2031,0.0,807,103,122,1.184,3,3456,1.932,0.08936074717584525,0
tests\test_regression.py,af41dbe0c479769402c46c0b99b841e781a8fa87,2014-09-11,Markus Unterwaditzer,Remove useless classes,0,3,1,0,0.0,72,12,17,1.417,4,320,1.0,0.08932100079994919,0
examples\javascript\js_example\views.py,524fd0bc8cec7bfe8167c9c98cb5511b01a0f4c6,2020-04-04,David Lord,apply pyupgrade,0,3,2,723,0.0,13,2,2,1.0,1,66,0.5,0.08919825756456336,0
flask\helpers.py,fa069f94dec3aeec4a81a00e7bbd8d95e400bf5f,2012-01-16,Steven Osborn,Allow category filtering in get_flashed_messages to allow rending categories in separate html blocks,0,63,12,563,0.0159,278,25,96,3.84,27,3044,2.04,0.08917996960207748,0
flask\helpers.py,8445f0d939dc3c4a2e722dc6dd4938d02bc2e094,2012-03-02,Thiago de Arruda,"Fixed assumption made on session implementations.

In the snippet 'session.setdefault(...).append(...)', it was being
assumed that changes made to mut",0,66,13,608,0.0152,280,25,96,3.84,27,3100,2.04,0.08883512474105615,0
flask\testing.py,df3f8940c30447f28f2ddf2a5f764cf543755f0d,2010-07-05,Armin Ronacher,Added separate module for testing,0,0,0,0,0.0,22,3,6,2.0,3,108,2.667,0.0887814328839755,0
tests\test_helpers.py,2a6579430649d6514384ca592730c6995e140c43,2017-05-15,David Lord,"safe_join on Windows uses posixpath
fixes #2033
closes #2059",0,45,21,977,0.0,783,97,116,1.196,3,3369,0.897,0.08871037579549115,0
flask\cli.py,937ad10275af3e190dcb63df926812a57d1e3e7e,2014-05-12,Armin Ronacher,Simplified app finding for cli,0,14,3,13,0.0,260,22,71,3.227,9,1945,2.409,0.08861711430813006,0
tests\test_appctx.py,af4cb0ff2bb77c0c2f03227b17cc6ef67f28e63b,2014-09-11,Markus Unterwaditzer,Remove flask superclass,0,4,1,0,0.0,83,16,17,1.062,2,270,0.312,0.08853356673446311,0
scripts\flask-07-upgrade.py,5e91b0c352d6493b2669c6da413fd0ed65cb6b7c,2011-06-05,Armin Ronacher,Import and some usage rewriting.,0,1,1,0,0.0,176,17,62,3.647,11,784,1.588,0.0885052553311681,0
src\flask\app.py,df470aecb96efbcb17ca76e73196c25c38ce6d17,2019-07-01,David Lord,use app.name as app.logger name,0,5,1,30,0.0,839,85,225,2.647,15,11085,2.071,0.08847632059996534,0
examples\patterns\largerapp\yourapplication\__init__.py,6a8c8c34844334d62bf56258cb0390f5999074c7,2017-05-27,David Lord,set example app names directly,0,1,1,147,0.0,3,0,0,0.0,0,10,0.0,0.08838440417742262,0
flask\sessions.py,0f8c47c988fbecc30785959065a53e00861c8558,2013-05-18,Thomas Waldmann,python-modernize automated changes: fix_dict,0,19,1,681,0.0,152,22,52,2.364,12,1474,2.136,0.08837432051417285,0
flask\app.py,e9386a72738bfc77cbfbce6c648f8b638dd7b836,2017-06-26,John Moutafis,Remove deprecated request_globals_class _get and _set methods.,0,308,87,2550,0.0,747,85,220,2.588,12,10086,2.059,0.08833918702391746,0
examples\patterns\largerapp\tests\test_largerapp.py,310fbfcf64f40f237068fddbbbe45315f9935eca,2018-02-08,David Lord,"revert copyright year to project start
add copyright header to files",0,2,1,404,0.0,10,2,2,1.0,1,51,0.5,0.08831035585035835,0
flask\cli.py,db8cb31f2b2c39c1b0800926969c16d44b28ea38,2019-05-19,Adarsh Sharma,Fix #2937: Ensure the consistency in load_dotenv's return type,0,107,39,1847,0.0,568,35,148,4.229,12,3443,2.4,0.08818845183571797,0
flask\helpers.py,81010bf7afb786d3a19ddc2469f9bfdcc9e0d194,2012-01-16,Ron DuPlain,"Add get_flashed_messages to CHANGES, expand docs.",0,64,13,563,0.0156,278,25,96,3.84,27,3151,2.04,0.0881835410306489,0
flask\ctx.py,47288231fe8f9c6b2c413d50160c32c3884d5785,2012-04-09,Armin Ronacher,Implemented a separate application context.,0,22,5,646,0.0,85,14,27,1.929,4,1081,1.571,0.08810891675386022,0
tests\test_helpers.py,34050630d67918dc8614b8ead8c683e66e4ececc,2017-06-14,Eugene M. Kim,Skip aware datetime tests if pytz is unavailable,0,58,24,1007,0.0,738,103,123,1.194,3,3333,1.767,0.08792694334848963,0
flask\testsuite\basic.py,367b254c787c59b208899f1dfee78904c1784c73,2011-08-26,Armin Ronacher,Make sure that there is a test for subdomain matching with ports,0,3,1,0,0.0,859,141,169,1.199,8,3470,0.61,0.08785762816420534,0
flask\testsuite\basic.py,fc2caa4b9c75a6ee8569495008efd1f37c27a8cb,2011-08-26,Armin Ronacher,Changed assert to self.assert_ where it was still in place,0,2,1,0,0.0,850,139,167,1.201,8,3429,0.604,0.08785762816420534,0
flask\ctx.py,33bae1a8dcadbf56fb19ad814fa516b6468bb2cb,2012-04-24,Ron DuPlain,"Add Flask.request_globals_class to customize g.

Requested by toothr on #pocoo.",0,28,5,661,0.0,94,15,30,2.0,4,1160,1.6,0.08777609969322472,0
flask\ctx.py,cb54c462b809e36d12af571fa36affb4af3f7e96,2012-04-09,Armin Ronacher,Pass exc explicitly to the inner context.,0,26,5,646,0.0,94,15,30,2.0,4,1156,1.6,0.08777609969322472,0
flask\ctx.py,bcd00e5070caf6f5ff7639d3758f5595bc5507a1,2012-04-09,Armin Ronacher,Fixed a typo,0,27,5,646,0.0,94,15,30,2.0,4,1156,1.6,0.08777609969322472,0
flask\ctx.py,558750494f6f99b1272218c35d86e6452484e77c,2012-06-27,Armin Ronacher,Removed unnecessary import,0,31,7,725,0.0,98,16,31,1.938,4,1283,1.562,0.08763991216476882,0
src\flask\blueprints.py,cabda5935322d75e7aedb3ee6d59fb7ab62bd674,2023-01-04,pgjones,"Ensure that blueprint subdomains suffix-chain

This ensures that a child's subdomain prefixs any parent subdomain
such that the full domain is child.p",0,49,14,1313,0.0,407,37,85,2.297,28,2871,2.432,0.08750615866492464,0
tests\test_helpers.py,f80376027571ba5190ab6cf1411dd1dd9bb9c65e,2017-06-14,Eugene M. Kim,"Re-revert to not using pytz

Will spin a tzinfo subclass.",0,59,24,1007,0.0,731,103,123,1.194,3,3330,1.767,0.08739299476576057,0
flask\testing.py,a71c167836c9dd938199fc72292951359948149c,2019-05-25,Fantix King,"fix teardown bug in FlaskClient

* Fixes pytest-dev/pytest-flask#42",0,42,17,3246,0.0,127,8,37,4.625,15,1047,3.5,0.08719738585211347,0
flask\app.py,501f0431259a30569a5e62bcce68d102fc3ef993,2017-04-25,David Lord,"clean up preprocess_request docs
[ci skip]",0,288,81,2489,0.0,718,86,215,2.5,12,9653,2.035,0.08718918702391745,0
flask\app.py,361dba7e3af06be8f81c7bdd5067c59e08df2df9,2017-05-23,cerickson,removed dupe text from merge,0,294,85,2516,0.0,717,86,216,2.512,12,9660,2.035,0.08718918702391745,0
flask\app.py,697f7b9365304c45216e6c8dd307d931ea1506d0,2017-04-25,David Lord,"refactor make_response to be easier to follow

* be explicit about how tuples are unpacked
* allow bytes for status value
* allow Headers for headers ",0,287,81,2488,0.0,718,86,215,2.5,12,9620,2.035,0.08718918702391745,0
flask\app.py,4f815015b803a146ddc24a2dfadd9ed9b22d7de7,2017-05-23,cerickson,"Added support for generic HTTPException handlers on app and blueprints

Error handlers are now returned in order of blueprint:code, app:code,
blueprin",0,293,85,2516,0.0,717,86,216,2.512,12,9671,2.035,0.08718918702391745,0
flask\app.py,65fc888172fbff89a8354e8926a69b4515766389,2017-05-22,Neil Grey,For Issue #2286: Replaces references to unittest in the documentation with pytest,0,289,81,2516,0.0,718,86,215,2.5,12,9653,2.035,0.08718918702391745,0
flask\app.py,b9c8c9bad124790ff0a8a9615d3d40a3b6fe2d83,2017-05-29,David Lord,"deprecate app session methods in favor of session_interface
ref #1182",0,296,85,2523,0.0,730,86,215,2.5,12,9781,2.035,0.08718918702391745,0
flask\app.py,637eae548935ad1434459c1afac286c8686abeed,2017-05-23,cerickson,"Added support for generic HTTPException handlers on app and blueprints

Error handlers are now returned in order of blueprint:code, app:code,
blueprin",0,292,84,2516,0.0,717,86,216,2.512,12,9671,2.035,0.08718918702391745,0
flask\app.py,668061a5fc928a5055815acf818b02baf1aef37b,2017-05-23,Florian Sachs,"Register errorhandlers for Exceptions

Allow a default errorhandler by registering
an errorhandler for HTTPException

tests included",0,291,83,2516,0.0,725,86,217,2.523,12,9662,2.035,0.08718918702391745,0
flask\app.py,4a53840df00c3338e42afbf78811382a0d232484,2017-05-28,David Lord,APPLICATION_ROOT defaults to '/',0,295,85,2522,0.0,717,86,215,2.5,12,9687,2.035,0.08718918702391745,0
flask\app.py,859d9a9d5c3da114132ec9f0e515e1fa8030f68f,2017-05-31,David Lord,"show nice message when registering error handler for unknown code
clean up error handler docs
closes #1837",0,300,85,2525,0.0,746,86,222,2.581,12,9853,2.035,0.08718918702391745,0
flask\app.py,8f3563cf79024056987864ad4229f03e6c1aec99,2017-05-29,David Lord,fix operator precedence,0,299,85,2523,0.0,738,86,221,2.57,12,9902,2.035,0.08718918702391745,0
flask\app.py,42905b8a55adf66a77b2b11797092a64b51d526e,2017-05-29,David Lord,"set description for trap as well as debug
test for key error description",0,298,85,2523,0.0,738,86,221,2.57,12,9902,2.035,0.08718918702391745,0
flask\app.py,11d2eec3acb7d0cf291b572e3b6b493df5fadc6b,2017-05-22,Andrey Kislyuk,Fix refactoring error in static_folder docstring (#2310),0,290,82,2516,0.0,718,86,215,2.5,12,9642,2.035,0.08718918702391745,0
flask\app.py,045dccaefbb2582c260e324aebaec425d355b725,2017-05-29,David Lord,"make debugging bad key errors easier

* TRAP_BAD_REQUEST_ERRORS is enabled by default in debug mode
* BadRequestKeyError has the key in the descriptio",0,297,85,2523,0.0,738,86,220,2.558,12,9894,2.035,0.08718918702391745,0
flask\app.py,a6c6cc18f5eab148cb15a65fe6543fb5f1272765,2015-04-11,Phil Schaf,Removed unused http code get function,0,231,50,1743,0.0,705,92,217,2.359,11,9186,1.989,0.08705609354216085,0
scripts\testproj\test.py,b4ffa4d9ac9cd652e94a97fa633f021d2f934582,2011-06-06,Armin Ronacher,Allow name to be specified as the first parameter but with an explict name.,0,2,1,0,0.0,23,5,5,1.0,1,76,0.4,0.0870468497770976,0
src\flask\typing.py,f7adb2c813c5c10dcab5bc81ee173a6f9fbd406a,2021-05-24,Pascal Corpet,improve typing for `teardown_request`,0,2,2,28,0.0,35,0,0,0.0,0,203,0.0,0.08693913125459904,0
src\flask\blueprints.py,fc03d0dfab64945169e1114cdc1fb39519a1e0c1,2023-02-23,David Lord,setup method on registered blueprint is error,0,52,14,1363,0.0,337,32,80,2.5,28,2541,2.562,0.08691744872459727,0
src\flask\blueprints.py,6650764e9719402de2aaa6f321bdec587699c6b2,2023-02-23,David Lord,remove previously deprecated code,0,51,14,1363,0.0,343,32,80,2.5,28,2557,2.562,0.08691744872459727,0
flask\testsuite\__init__.py,37f9cb9ca69176dec36faff4b2138226b479f65f,2011-09-01,Ron DuPlain,"Import with statement in testsuite, Python 2.5.",0,5,1,6,0.0,124,20,43,2.15,10,633,1.3,0.08686684947942007,0
flask\ctx.py,307d1bc4e51fc35282f2d504b9df3359604b8f8a,2012-04-09,Armin Ronacher,Added support for basic URL generation without request contexts.,0,23,5,646,0.0,86,14,27,1.929,4,1086,1.571,0.08681504783208432,0
flask\app.py,33534bb4a9937e6faba5ecec4586519f453369b6,2015-01-02,Parkayun,Happy New Year 2015,0,221,45,1644,0.0,660,83,203,2.446,11,8865,2.0,0.08673471404448103,0
flask\app.py,98b155c65da62077dc5f277a3ec15d3af78333af,2014-12-26,Michael Hall,Fixed #1288: app.add_url_rule() should look for OPTIONS methods in a case-insensitive manner,0,220,44,1637,0.0,660,83,203,2.446,11,8865,2.0,0.08673471404448103,0
flask\app.py,66b1b752da1ccc67c1073d4a99c4141a1b2be445,2017-07-31,David Lord,"simplify logging configuration
single default handler and formatter
don't remove handlers
configure level once using setLevel
document logging
reorgan",0,315,88,2586,0.0,738,83,214,2.578,12,10045,2.072,0.08657010420625195,0
examples\flaskr\setup.py,310fbfcf64f40f237068fddbbbe45315f9935eca,2018-02-08,David Lord,"revert copyright year to project start
add copyright header to files",0,3,2,582,0.0,15,0,0,0.0,0,41,0.0,0.0865653841966253,0
flask\app.py,b46f5942a528053034fecf210572ee04bc4a3284,2019-06-01,Jon S. Stumpf,address flake8 issues,0,349,105,3255,0.0,829,85,224,2.635,15,10783,2.071,0.0865109456292239,0
flask\app.py,daa3f272da477470d23481d409d54f989136ac32,2015-11-20,Ivan Velichko,Allow to specify subdomain and/or url_scheme in app.test_request_context(),0,251,57,1966,0.0,651,81,197,2.432,10,8710,2.012,0.08649115736690657,0
src\flask\app.py,6000e80acf931b05b4911c3fa7f3ba33e2b80e64,2024-01-16,David Lord,address mypy strict findings,0,112,27,1690,0.0,588,35,146,4.171,16,6704,2.486,0.08637683526508498,0
tests\test_helpers.py,524fd0bc8cec7bfe8167c9c98cb5511b01a0f4c6,2020-04-04,David Lord,apply pyupgrade,0,89,36,2031,0.0,805,103,122,1.184,3,3406,1.932,0.08636074717584524,0
flask\app.py,75327c0a8500ca2e90e974dfda2ab8e170de65ff,2017-06-23,John Moutafis,Remove deprecated init_jinja_globals.,0,307,86,2547,0.0,757,87,222,2.552,12,10121,2.046,0.08618918702391745,0
flask\app.py,fe1bf3c8213c56e045ead8afa84773f181b3dab6,2017-06-14,David Lord,document the blueprint param too,0,305,86,2538,0.0,749,85,220,2.588,12,10006,2.047,0.08593918702391745,0
flask\app.py,0f7b3a4f26dfbbe453a504abd4a8bcbf49194d46,2017-06-14,David Lord,"document `Flask.register_blueprint` arguments
closes #1809",0,304,86,2538,0.0,751,85,220,2.588,12,10000,2.047,0.08593918702391745,0
flask\app.py,cf425403c8ff24623812a46272dc91f712ed5086,2017-06-10,grahamlutz,Remove duplicate word from docstring,0,303,85,2534,0.0,747,85,220,2.588,12,9914,2.047,0.08593918702391745,0
flask\app.py,235c830759beca55a9d141c689f2a8c88a19f3d2,2017-06-06,David Lord,"document inherited attributes for Flask and Blueprint
closes #480
[ci skip]",0,302,85,2530,0.0,747,85,220,2.588,12,9915,2.047,0.08593918702391745,0
flask\app.py,b5f4c5215022a01823675038bc246dd1d771a543,2017-06-05,David Lord,"don't cache error handlers for exception mro
closes #2267, closes #1433",0,301,85,2529,0.0,744,85,220,2.588,12,9831,2.047,0.08593918702391745,0
flask\ctx.py,43c6a1ede87da5c20d8b5c7db995cf2d22eb40b2,2012-06-27,Armin Ronacher,Fixed a comment,0,32,7,725,0.0,98,16,31,1.938,4,1282,1.562,0.08586377078038002,0
flask\testsuite\appctx.py,f8f2e2dff481e55fa9ae7cc3f70f36d61bcf56d7,2012-04-09,Armin Ronacher,Added more tests for the new stack behavior.,0,1,1,0,0.0,37,7,7,1.0,1,154,0.714,0.0857592623504083,0
src\flask\helpers.py,d5aadba4d34f6070377e88429b178ba08eea5349,2021-05-13,Grey Li,improve type hints for send_file and send_from_directory,0,36,10,712,0.0,312,22,62,2.818,12,3740,2.455,0.08554165721747053,0
flask\app.py,d8d74b0cc89f7b9242cb5419ac1193463749f218,2019-06-12,aligoren,document _get_exc_class_and_code params,0,350,106,3267,0.0,777,85,223,2.624,12,10666,2.071,0.08548884485291414,0
flask\app.py,6ec98f07499a6e6b61a43f265c818100aa41e205,2019-06-12,David Lord,reword _get_exc_class_and_code docstring,0,351,107,3267,0.0,777,85,223,2.624,12,10678,2.071,0.08548884485291414,0
flask\app.py,e666f7a69c737fef8236237671be4da5910e9113,2019-06-22,David Lord,standardize license and copyright,0,352,107,3277,0.0,777,85,223,2.624,12,10672,2.071,0.08548884485291414,0
flask\app.py,871e6d6a9d1c453716f68e4e88268961d067b26d,2019-06-26,David Lord,don't clear BadRequestKeyError args,0,353,107,3281,0.0,777,85,224,2.635,12,10677,2.071,0.08548884485291414,0
src\flask\app.py,9054f6d6397607647839286ce1db6cb2ef8457fe,2019-06-19,David Lord,always pass InternalServerError instance to 500 handler,0,3,1,18,0.0,839,85,224,2.635,15,11036,2.071,0.08542289734871601,0
src\flask\cli.py,e21e003f62b57c35e1832c0bf14e9cd27f4e5bea,2021-11-12,David Lord,remove deprecated script_info factory arg,0,29,8,895,0.0,597,35,144,4.114,13,3574,2.343,0.08525731786690105,0
tests\test_helpers.py,fd4a363657f3b4f13611e029c52fcb8c806f7229,2017-05-22,MikeTheReader,Modifications based on review,0,48,22,984,0.0,811,99,118,1.192,3,3483,0.909,0.08508671321438084,0
flask\app.py,2446ca63a8d840a35ea4eac02672b24a6fcf406f,2015-06-06,Markus Unterwaditzer,0.11 => 1.0,0,240,52,1799,0.0,662,83,203,2.446,11,8956,2.0,0.08505645930713898,0
src\flask\typing.py,a960236117442bec67f89c30dfa014e05483da5a,2021-05-25,Marat Sharafutdinov,Fix type annotation for `before_request` and `before_app_request` decorators,0,3,3,29,0.0,36,0,0,0.0,0,209,0.0,0.08485335471197977,0
tests\test_apps\config_package_app\__init__.py,03339501ab53794b363df9838978d15631821afe,2014-09-11,Markus Unterwaditzer,Remove obsolete apps,0,1,1,0,0.0,4,0,0,0.0,0,16,0.0,0.08479065414029908,0
tests\test_apps\config_module_app.py,03339501ab53794b363df9838978d15631821afe,2014-09-11,Markus Unterwaditzer,Remove obsolete apps,0,1,1,0,0.0,4,0,0,0.0,0,16,0.0,0.08479065414029908,0
flask\cli.py,2308cba407884996047790bfb77f90ae17bdb2bc,2019-05-23,Bruno Rocha,Fix #2897 - Add `extra_files` option to `flask run` CLI,0,108,40,1851,0.0,573,35,148,4.229,12,3467,2.429,0.08454169858896472,0
flask\cli.py,a5ff3cd01b8a78b5ed2961a8095290fed4e2a0d5,2019-05-31,Daniel Pope,Fix style issues on master using Black,0,110,40,1858,0.0,587,36,150,4.167,12,3528,2.472,0.08454169858896472,0
flask\cli.py,e18cc4d71d1c0ded4a2a7afb417c5ea03ebb0861,2019-05-24,David Lord,"add SeparatedPathType to accept multiple paths

Multiple paths for the reloader's `--extra-files` are accepted as one
option, separated by ':'.",0,109,40,1852,0.0,585,36,150,4.167,12,3528,2.472,0.08454169858896472,0
flask\cli.py,2a97d4a706c329b15b9119101254de15c80410cc,2019-05-31,Sang Min Park,#3225: document,0,111,41,1859,0.0,585,36,150,4.167,12,3546,2.472,0.08454169858896472,0
flask\cli.py,1718f1934c4fa709b42230b3ee5d6f803ec65df4,2019-05-31,cslecrone,don't require ssl module for flask cli,0,112,42,1859,0.0,596,36,151,4.194,12,3570,2.472,0.08454169858896472,0
flask\cli.py,b46f5942a528053034fecf210572ee04bc4a3284,2019-06-01,Jon S. Stumpf,address flake8 issues,0,113,43,1860,0.0,596,36,151,4.194,12,3584,2.472,0.08454169858896472,0
tests\test_helpers.py,eb9618347c680a038e2e6310228d85a53b080f93,2017-06-14,Eugene M. Kim,"Use pytz again for tests

This is because datetime.timezone is Python 3 only.  The only
alternative would be to hand-spin a datetime.tzinfo subclass, ",0,57,24,1007,0.0,732,103,123,1.194,3,3320,1.767,0.08449837191991819,0
tests\test_helpers.py,0e6cab357690614791ab4ca0da0ac65dbb803041,2017-06-14,Eugene M. Kim,Rewrite test_jsonify_aware_datetimes without pytz,0,56,24,1006,0.0,731,103,123,1.194,3,3330,1.767,0.08449837191991819,0
tests\test_appctx.py,c6795eb626096ce8a14c594b27b61f3917b5e810,2014-09-21,Markus Unterwaditzer,Remove useless unittest imports,0,5,1,9,0.0,82,16,17,1.062,2,268,0.312,0.08444340874436056,0
flask\helpers.py,09370c3f1c808e9251292bc228b6bef4b1223e93,2012-03-12,Ned Jackson Lovely,"Clean up docs and review pull request #384

Spelunking through the issues at the PyCon sprints.",0,69,16,619,0.0145,288,25,101,4.04,27,3232,2.04,0.08435288352657254,0
flask\helpers.py,146088d58066f16ef4bc8172f8120402517c34d3,2012-03-13,Ron DuPlain,"Expand docs on send_file option hook, #433.",0,71,17,620,0.0141,282,26,97,3.731,27,3178,2.038,0.08426215313946002,0
tests\test_helpers.py,045dccaefbb2582c260e324aebaec425d355b725,2017-05-29,David Lord,"make debugging bad key errors easier

* TRAP_BAD_REQUEST_ERRORS is enabled by default in debug mode
* BadRequestKeyError has the key in the descriptio",0,53,23,991,0.0,714,99,119,1.202,3,3224,1.788,0.0838768327960037,0
flask\cli.py,975f9792697c1a74bca3cfff201d1e0415bece6a,2019-07-03,ThiefMaster,Move dotenv warning to stderr,0,116,45,1892,0.0,564,35,148,4.229,12,3443,2.4,0.08363821248283149,0
scripts\flask-07-upgrade.py,6d072f00adb12569380becd17f277b5456ad07c0,2011-06-05,Armin Ronacher,Better control over template rendering calls,0,3,1,0,0.0,248,23,86,3.739,11,1077,1.565,0.08362699919902425,0
src\flask\cli.py,bcde664f9a3f6ef3b3d33c6c4e7c3cb3acc2af30,2020-02-10,David Lord,cli checks for cryptography library,0,7,1,254,0.0,605,36,152,4.222,12,3619,2.472,0.08354299492068641,0
src\flask\app.py,54e05a282428e9a44dbd414ca70231a83ebd710d,2023-11-15,David Lord,use ruff linter and formatter,0,111,27,1628,0.0,582,35,146,4.171,16,6647,2.486,0.08337683526508496,0
examples\tutorial\setup.py,ef434ea9985b756f13bed283dfa55828829e5e1f,2019-11-19,Grey Li,"Replace old pocoo links everywhere

pocco.org -> palletsprojects.com",0,4,2,589,0.0,20,0,0,0.0,0,69,0.0,0.08329319882911061,0
tests\test_helpers.py,7c882a457b734cd0a38d41c7e930e375a6ce6e4c,2017-05-23,MikeTheReader,Replace double quotes with single quotes,0,50,22,984,0.0,809,99,119,1.202,3,3468,0.939,0.08321609064750778,0
tests\test_helpers.py,cd412b20dc64f3bfa980c9993e5a4dce39a22b94,2017-05-23,MikeTheReader,Parameterize test_get_debug_flag,0,49,22,984,0.0,809,99,119,1.202,3,3468,0.939,0.08321609064750778,0
run-tests.py,5a496885544989ca702e2c9996372a8ebf2cf00d,2011-08-26,Armin Ronacher,Moved loader code into the testsuite and out of the runner,0,3,1,0,0.0,3,0,0,0.0,0,13,0.0,0.08284569575755084,0
flask\app.py,4fc48200a58907ffdf136961b84ef7d19192e6ef,2017-06-14,David Lord,"reconfigure the app from run command and method
extract templates_auto_reload to property
continues #1910
closes #1907",0,306,86,2539,0.0,758,88,223,2.534,12,10148,2.034,0.08276061559534602,0
flask\__init__.py,6fc1492357a94ab553fe7ef16a7a2235d05f5a1d,2010-07-17,Armin Ronacher,Added make_response,0,9,2,14,0.0,12,0,0,0.0,0,112,0.0,0.08267874164483521,0
tests\test_subclassing.py,5da2c00419d09ce2d3488263036ffd14563fb05a,2014-09-11,Markus Unterwaditzer,Rewrite assertion methods,0,2,1,0,0.0,26,4,4,1.0,1,114,0.75,0.08265725467043696,0
src\flask\app.py,54519ef028660da63c3b2bab51c1f18e7b7c9fa2,2019-06-21,David Lord,document behavior of very generic error handlers,0,4,1,20,0.0,839,85,224,2.635,15,11036,2.071,0.08265366657948524,0
src\flask\app.py,5fdce4c331ac530280cc941179d364a07f4a1088,2024-04-07,pgjones,"Don't set the cli attribute in the sansio scaffold

It is (currently) Flask specific and hence cannot be shared in the
sansio shared code.",0,113,27,1772,0.0,590,35,146,4.171,16,6764,2.486,0.08258736158087446,0
flask\module.py,d0dc89ea802130e8a3a16b4fba73fa10815c09fb,2010-07-02,Justin Quick,"in with the new. i have the bits in places where i think they should be, now i just need to work on the import scheme layout",0,0,0,0,0.0,58,15,17,1.133,2,623,2.267,0.08237855552496776,0
flask\globals.py,faa1c71e455a99e9b098aa9bb4667c07a1bab6aa,2010-08-07,Armin Ronacher,Request local objects now fail properly with a RuntimeError.  This fixes #105,0,2,2,35,0.0,12,1,2,2.0,2,85,1.0,0.08221085505736105,0
flask\cli.py,3aff003c456ecfd329c29432d941714a0b474d53,2019-07-01,Abhinav Sagar,Update cli.py,0,115,44,1890,0.0,564,35,148,4.229,12,3441,2.4,0.08213775613966143,0
flask\cli.py,e666f7a69c737fef8236237671be4da5910e9113,2019-06-22,David Lord,standardize license and copyright,0,114,44,1881,0.0,564,35,148,4.229,12,3441,2.4,0.08213775613966143,0
src\flask\sansio\blueprints.py,0ec7f713d679ceed2c605e62ac5d38d579f29fa0,2023-08-19,pgjones,"Split the App and Blueprint into Sansio and IO parts

This follows a similar structure in Werkzeug and allows for async
based IO projects, specificall",0,1,1,0,0.0,340,32,81,2.531,28,2530,2.562,0.08197493469128203,0
flask\ctx.py,0207e90155abe937568727e4e9eca949b8247cd5,2012-04-09,Armin Ronacher,Updated docs for the app context.,0,24,5,646,0.0,88,15,28,1.867,4,1120,1.467,0.08196568034759402,0
tests\test_examples.py,af41dbe0c479769402c46c0b99b841e781a8fa87,2014-09-11,Markus Unterwaditzer,Remove useless classes,0,2,1,0,0.0,24,2,4,2.0,3,92,0.0,0.0817921697246669,0
src\flask\cli.py,e679a85b80df354f8632f8ab3e40135f16f5e6d0,2021-11-15,Henry Kobin,made ImportError verbose in cli.py,0,30,8,898,0.0,630,36,153,4.25,13,3806,2.472,0.08178682123309733,0
examples\patterns\largerapp\setup.py,c3dd7b8e4c9e322c413f4a49e5d15aceafd17c2d,2018-04-09,David Lord,rewrite tutorial docs and example,0,1,1,463,0.0,9,0,0,0.0,0,13,0.0,0.08165214016075831,0
tests\test_testing.py,961db8ad7290f1bd91058b11a5de31e27bf28563,2014-09-11,Markus Unterwaditzer,Made tests recognizable,0,0,0,0,0.0,196,27,33,1.222,2,805,0.667,0.08158314632472732,0
flask\app.py,cf5525f98a2a9a15f6bb93b050dfd43f2bd90d97,2018-02-19,David Lord,add test_cli_runner for testing app.cli commands,0,322,90,2789,0.0,759,85,219,2.576,12,10252,2.059,0.08149867563482338,0
flask\testsuite\regression.py,2262ce4915aec0dfffa8e71244ebe10f72d11111,2012-04-23,Ron DuPlain,"Skip template leak test when not CPython2.7, #452.",0,1,1,170,0.0,50,8,13,1.625,4,239,1.125,0.0814139123973968,0
flask\app.py,3666a584fd24dc14585648f215a82ce1e8b71baa,2018-04-27,Jesse Roberts,fix #2736 - allow lists to be passed through to response_class init,0,328,90,2855,0.0,766,85,221,2.6,12,10580,2.071,0.08127724706339481,0
flask\app.py,b573a86977161b93152dddb5bfc43195335b3c59,2018-04-28,David Lord,"trap key errors in debug, not all 400 errors",0,329,91,2856,0.0,771,85,222,2.612,12,10587,2.071,0.08127724706339481,0
flask\app.py,6e1e3e03ca188a4d9b3aef493e572157c8ae2313,2018-04-29,David Lord,check FLASK_SKIP_DOTENV in app.run,0,330,91,2858,0.0,773,85,222,2.612,12,10589,2.071,0.08127724706339481,0
setup.py,3c821a0fa45082bcec73dfb08662fb1de5263c48,2010-04-20,florentx,Fix typos and remove unused import.,0,6,1,14,0.0,29,0,0,0.0,0,174,0.0,0.08115432518921084,0
tests\test_helpers.py,4ec1fbc9f52b4b3997a1978ab3390a5a1157ad6a,2017-05-24,Christian Stade-Schuldt,More DRYing up the test suite (#2325),0,52,23,986,0.0,712,99,119,1.202,3,3216,1.788,0.08110760202677293,0
tests\test_helpers.py,5978a0f55f8ffd723d552645d70ac92e4e1148e4,2017-06-02,David Lord,failing test for streaming session,0,54,23,994,0.0,724,102,122,1.196,3,3257,1.765,0.08108973404616404,0
tests\test_helpers.py,d75d83defdbcc2e498f816b5cd20dcc24a1b7138,2017-06-14,Eugene M. Kim,"Add UTs for #2372

test_encode_aware_datetime() fails for non-UTC timezones due to the bug.",0,55,23,1006,0.0,732,103,123,1.194,3,3320,1.767,0.08108973404616404,0
flask\testsuite\signals.py,fc2caa4b9c75a6ee8569495008efd1f37c27a8cb,2011-08-26,Armin Ronacher,Changed assert to self.assert_ where it was still in place,0,2,1,0,0.0,72,13,17,1.308,2,264,0.923,0.08103666734997512,0
flask\helpers.py,cb24646948a8c00c5b39f0d76bf75e153ac502b1,2012-03-12,Christoph Heer,Add jsonp support inside of jsonify,0,68,15,619,0.0147,288,25,101,4.04,27,3234,2.04,0.08097314912268953,0
src\flask\app.py,28d5a4d71824ff5823ae310e3fd014b48b33d583,2024-07-10,David Lord,"add encoding parameter to open_resource

co-authored-by: mark <lopkophacked@protonmail.com>",0,115,27,1866,0.0,601,35,148,4.229,16,6835,2.543,0.08095099794451081,0
src\flask\cli.py,84c007d34f7f0b8737310fe4d67be12c463e0130,2023-04-14,David Lord,show subdomain or host in routes output,0,50,13,1413,0.0,650,34,154,4.529,18,4014,2.559,0.08082473514191722,0
src\flask\cli.py,44ffe6c6d6c90a414de32db1b03d5978f8770271,2023-04-20,David Lord,add __future__ annotations,0,51,13,1419,0.0,650,34,154,4.529,18,4013,2.559,0.08082473514191722,0
tests\test_deprecations.py,4d4a639ba46cf72454497bc100b3e811e66af4b2,2014-10-15,INADA Naoki,Add test for deprecated flask.Request properties.,0,5,1,32,0.0,26,4,4,1.0,1,123,1.0,0.08045048804724485,0
flask\helpers.py,68f93634de2e25afda209b710002e4c9159fd38e,2012-03-12,Ned Jackson Lovely,"Second thoughts on mime type

After further review, changing the mime type on jsonp
responses from text/javascript to application/javascript,
with a h",0,70,17,619,0.0143,288,25,101,4.04,27,3232,2.04,0.08039288352657253,0
flask\app.py,8cec2010c0564bbd6e1f9cd8881404f70178247f,2018-02-23,Armin Ronacher,"Do not enable subdomain matching by default
Updated tests for new subdomain matching
Added a test to validate matching behavior",0,323,90,2792,0.0,764,85,220,2.588,12,10326,2.071,0.08024867563482338,0
flask\app.py,2411707492d59eff68a3cf6d306eed91fceb6344,2018-04-09,David Lord,rework context docs,0,325,90,2837,0.0,765,85,221,2.6,12,10578,2.071,0.08024867563482338,0
flask\app.py,1ed756a5238f38163cd04b152975a7d4ea945c7e,2018-04-10,David Lord,add Response.max_cookie_size config,0,326,90,2838,0.0,766,85,221,2.6,12,10580,2.071,0.08024867563482338,0
flask\app.py,80a9e0edf6208b3c1c9bc28bfb1a5f04b1f59e1d,2018-04-18,David Lord,"app.run is not lazy
use click.echo for banner messages",0,327,90,2847,0.0,766,85,221,2.6,12,10581,2.071,0.08024867563482338,0
flask\app.py,82f0d120deb9ea52237d95a14a4a619b01d06f80,2018-02-23,David Lord,"use subdomain arg in url_map.bind_to_environ
rename new subdomain test, parametrize
test allowing subdomains as well as ips
add subdomain_matching par",0,324,90,2792,0.0,765,85,221,2.6,12,10348,2.071,0.08024867563482338,0
flask\sessions.py,58ad83f37c8f643d6b573ebbedf03a1fc3677c51,2013-06-14,Armin Ronacher,Added support for bytes in sessions back,0,23,3,707,0.0,157,22,54,2.455,13,1497,2.136,0.08017638477294772,0
flask\testsuite\testing.py,c8ec453d860ae4754331170108ef03322f29889b,2011-08-26,Armin Ronacher,Require that cookies are enabled in the test client for session transactions,0,3,1,0,0.0,102,13,16,1.231,2,409,0.538,0.08001506112825195,0
src\flask\blueprints.py,44ffe6c6d6c90a414de32db1b03d5978f8770271,2023-04-20,David Lord,add __future__ annotations,0,54,15,1419,0.0,340,32,81,2.531,28,2526,2.562,0.07996316588375407,0
src\flask\globals.py,43483683b2bc8da85f00ccccdfb8d9d5c77a6bb3,2019-06-01,David Lord,apply reorder-python-imports pre-commit config,0,1,1,0,0.0,39,3,6,2.0,2,196,0.667,0.07992684294850379,0
flask\app.py,575021c07be6b168ca4c3664ea484248c9ffe960,2018-02-12,Josh Holland,"Fix docs for test_request_context

Fixes #2627.",0,321,89,2782,0.0,753,84,217,2.583,12,10157,2.06,0.07982010420625195,0
flask\app.py,310fbfcf64f40f237068fddbbbe45315f9935eca,2018-02-08,David Lord,"revert copyright year to project start
add copyright header to files",0,320,89,2778,0.0,753,84,217,2.583,12,10155,2.06,0.07982010420625195,0
examples\flaskr\flaskr\blueprints\flaskr.py,310fbfcf64f40f237068fddbbbe45315f9935eca,2018-02-08,David Lord,"revert copyright year to project start
add copyright header to files",0,1,1,312,0.0,51,7,12,1.714,4,268,0.0,0.07980847312721161,0
src\flask\app.py,d718ecf6d3dfc4656d262154c59672437c1ea075,2024-06-07,pgjones,"Provide a configuration option to control automatic option responses

By default Flask will provide responses to OPTIONS requests that are
automatical",0,114,27,1833,0.0,591,35,146,4.171,16,6766,2.486,0.07958736158087444,0
src\flask\ctx.py,1ff98a2d21f6800b7b97195e0f9c90776ffb8f9b,2019-06-13,Elad Moshe,"wait until app ctx is ready before matching url

`RequestContext.match_request` is moved from `__init__` to `push`. This
causes matching to happen lat",0,3,1,12,0.0,184,27,59,2.185,9,2032,1.778,0.0794887668119319,0
flask\globals.py,c6316132b173f96a6f5a90ff3b62f706f8a62560,2011-09-24,Armin Ronacher,Context preserving is now part of Flask and not the test client.  This fixes #326,0,5,2,448,0.0,12,1,2,2.0,2,86,1.0,0.07934451217139875,0
scripts\flask-07-upgrade.py,9770054dee42df5e5a1f4dcf5c46e444ac86cb76,2011-06-05,Armin Ronacher,Started documenting the upgrade script,0,8,1,0,0.0,248,22,88,4.0,11,1152,1.591,0.07909378386549855,0
scripts\flask-07-upgrade.py,6094c8536bb9ac90abbca5c970bdc1bd645395ba,2011-06-05,Armin Ronacher,Usage for the script,0,9,1,0,0.0,248,22,88,4.0,11,1156,1.591,0.07909378386549855,0
flask\app.py,0e44cca8e32f17e78f73a127ebe8d8c627c3fe13,2015-04-11,Phil Schaf,Removed 500 not being registerable for blueprints,0,233,50,1743,0.0,698,92,214,2.326,11,9161,1.989,0.07893528954674574,0
flask\config.py,4f8ee8f12946b224e5003405be99aa4e454bdeee,2010-07-04,Armin Ronacher,"Added missing comments, fixed setup.py and made tests pass",0,0,0,0,0.0,42,8,15,1.875,4,693,2.375,0.07867416146022223,0
flask\conf.py,d0dc89ea802130e8a3a16b4fba73fa10815c09fb,2010-07-02,Justin Quick,"in with the new. i have the bits in places where i think they should be, now i just need to work on the import scheme layout",0,0,0,0,0.0,39,8,15,1.875,4,662,2.375,0.07867416146022223,0
flask\helpers.py,d94efc6db63516b7f72e58c34ae33700f3d9c4fb,2012-03-13,Ron DuPlain,"Expose send_file max-age as config value, #433.

Need to add the same hook in a Blueprint, but this is the first such
case where we need app.config in",0,72,17,620,0.0139,282,26,97,3.731,27,3194,2.038,0.0784505652414968,0
tests\test_helpers.py,5b0b9717da958fd6325c675d92be4f6667796112,2017-05-23,Christian Stade-Schuldt,"DRYing up the test suite using pytest fixtures (#2306)

* add fixtures to conftest.py

* use fixtures in test_appctx.py

* use fixtures in test_bl",0,51,22,985,0.0,724,99,119,1.202,3,3255,1.747,0.07840760202677294,0
src\flask\app.py,4995a775df21a206b529403bc30d71795a994fd4,2024-11-12,David Lord,fix subdomain_matching=False behavior,0,122,28,1991,0.0,607,35,149,4.257,16,6883,2.543,0.07838928815901078,0
scripts\flask-07-upgrade.py,17d1ade6b956a1dc508f096f951fc52800b2a20e,2011-06-05,Armin Ronacher,Alternative names for app,0,6,1,0,0.0,249,23,86,3.739,11,1129,1.565,0.07792324503188539,0
flask\sessions.py,f5d38dc4fcdf1d8edb3e42c67b6e0e1127cd00c7,2013-08-17,enkore,"Update sessions.py

get_cookie_path: fix docstring",0,25,3,772,0.0,164,23,58,2.522,13,1685,2.174,0.0778106050380981,0
flask\sessions.py,d1d835c02302884b2db1cab099b3ea6a84f41d32,2013-07-30,Armin Ronacher,"Added SESSION_REFRESH_EACH_REQUEST config option.

This also changes how sessions are being refreshed.  With the new
behavior set-cookie is only emitt",0,24,3,754,0.0,164,23,58,2.522,13,1685,2.174,0.0778106050380981,0
src\flask\cli.py,43483683b2bc8da85f00ccccdfb8d9d5c77a6bb3,2019-06-01,David Lord,apply reorder-python-imports pre-commit config,0,1,1,0,0.0,602,36,151,4.194,12,3600,2.472,0.07778931408772216,0
tests\typing\typing_route.py,81be290ec8889c157c84bc7ce857f883396c5daf,2022-06-05,David Lord,view function is actually type checked,0,1,1,4,0.0,40,9,9,1.0,1,169,0.556,0.07776447993747397,0
examples\javascript\setup.py,ef434ea9985b756f13bed283dfa55828829e5e1f,2019-11-19,Grey Li,"Replace old pocoo links everywhere

pocco.org -> palletsprojects.com",0,3,2,585,0.0,20,0,0,0.0,0,68,0.0,0.0776315391735597,0
flask\app.py,976dfedaa9efdb566333ea829b12751820268f67,2019-05-31,Daniel Pope,Convert make_test_environ_builder into class (fixes #3207),0,348,104,3254,0.0,831,85,224,2.635,15,10791,2.071,0.07762935877288248,0
flask\app.py,8bb71852849907d1b67ba7514cf1812348e11b44,2019-05-31,John Zeringue,"Better error message when view return type is not supported

Before, returning a `bool` from a route caused the error

```
[2019-05-31 10:08:42,216] E",0,347,103,3254,0.0,831,85,224,2.635,15,10791,2.071,0.07762935877288248,0
flask\run.py,7503bde2235c28853d4c4e53087090d8c42041aa,2014-04-21,Armin Ronacher,Added the new flask run module to start the server.,0,0,0,0,0.0,147,8,39,4.875,11,1001,2.625,0.07740963838231327,0
src\flask\app.py,4f7156f2c3271613b34d04040b502b9d7ae35eb9,2024-11-12,David Lord,configure and check trusted_hosts,0,123,28,1991,0.0,612,35,150,4.286,16,6916,2.543,0.07736656088628349,0
flask\testsuite\testing.py,fc2caa4b9c75a6ee8569495008efd1f37c27a8cb,2011-08-26,Armin Ronacher,Changed assert to self.assert_ where it was still in place,0,2,1,0,0.0,91,12,14,1.167,2,372,0.5,0.07716323027223146,0
tests\test_apps\flaskext\oldext_package\__init__.py,b88a837674421f492f879c0a0122b0bb921d038e,2014-09-11,Markus Unterwaditzer,Remove fake extensions from test_apps,0,1,1,0,0.0,1,0,0,0.0,0,2,0.0,0.077028780360208,0
tests\test_apps\main_app.py,03339501ab53794b363df9838978d15631821afe,2014-09-11,Markus Unterwaditzer,Remove obsolete apps,0,1,1,0,0.0,2,0,0,0.0,0,12,0.0,0.077028780360208,0
tests\test_apps\lib\python2.5\site-packages\site_package\__init__.py,03339501ab53794b363df9838978d15631821afe,2014-09-11,Markus Unterwaditzer,Remove obsolete apps,0,1,1,0,0.0,2,0,0,0.0,0,6,0.0,0.077028780360208,0
tests\test_apps\flaskext\oldext_simple.py,b88a837674421f492f879c0a0122b0bb921d038e,2014-09-11,Markus Unterwaditzer,Remove fake extensions from test_apps,0,1,1,0,0.0,1,0,0,0.0,0,2,0.0,0.077028780360208,0
tests\test_apps\flask_newext_simple.py,b88a837674421f492f879c0a0122b0bb921d038e,2014-09-11,Markus Unterwaditzer,Remove fake extensions from test_apps,0,1,1,0,0.0,1,0,0,0.0,0,2,0.0,0.077028780360208,0
tests\test_apps\flask_broken\__init__.py,b88a837674421f492f879c0a0122b0bb921d038e,2014-09-11,Markus Unterwaditzer,Remove fake extensions from test_apps,0,1,1,0,0.0,2,0,0,0.0,0,7,0.0,0.077028780360208,0
tests\test_apps\lib\python2.5\site-packages\site_app.py,03339501ab53794b363df9838978d15631821afe,2014-09-11,Markus Unterwaditzer,Remove obsolete apps,0,1,1,0,0.0,2,0,0,0.0,0,6,0.0,0.077028780360208,0
tests\test_apps\path\installed_package\__init__.py,03339501ab53794b363df9838978d15631821afe,2014-09-11,Markus Unterwaditzer,Remove obsolete apps,0,1,1,0,0.0,2,0,0,0.0,0,6,0.0,0.077028780360208,0
tests\test_apps\flask_newext_package\__init__.py,b88a837674421f492f879c0a0122b0bb921d038e,2014-09-11,Markus Unterwaditzer,Remove fake extensions from test_apps,0,1,1,0,0.0,1,0,0,0.0,0,2,0.0,0.077028780360208,0
tests\test_apps\importerror.py,8fa5e32d9a1fdf042632bd8fcd0b44dd8031b639,2014-09-11,Markus Unterwaditzer,Tests pass now.,0,1,1,0,0.0,1,0,0,0.0,0,3,0.0,0.077028780360208,0
scripts\make-release.py,bffe97bb50c8d0b32d66abd59751fef51155a290,2011-06-27,Armin Ronacher,Added version bumping,0,1,1,0,0.0,98,15,27,1.8,7,454,1.0,0.0768975699063854,0
src\flask\app.py,e13373f838ab34027c5a80e16a6cb8262d41eab7,2024-11-08,David Lord,enable secret key rotation,0,121,28,1987,0.0,607,35,148,4.229,16,6852,2.543,0.0768952170127657,0
flask\app.py,87c2e121e0bf32f5234eabbf4773a82f9d5523d2,2018-01-10,David Lord,clean up FLASK_ENV docs [ci skip],0,318,88,2749,0.0,752,84,217,2.583,12,10153,2.06,0.0768629613491091,0
flask\app.py,a1d9ebe4abebdb824aa9a397b001de5f9130e7a3,2018-01-23,Fadhel_Chaabane,New Feature: Added Support for cookie's SameSite attribute.,0,319,88,2761,0.0,753,84,217,2.583,12,10155,2.06,0.0768629613491091,0
tests\test_helpers.py,8c6baeedab60e0041317c2709df100dfd216c2ef,2020-10-11,Paul Sanders,parametrize some tests (#3786),0,95,37,2222,0.0,789,102,119,1.167,3,3304,1.951,0.07662557269293196,0
src\flask\cli.py,a671e47921f6b3f1e6c24f34f23b83ed13fe63b6,2019-11-18,David Lord,rewrite the development server docs,0,6,1,170,0.0,603,36,151,4.194,12,3615,2.472,0.07657701327059264,0
src\flask\helpers.py,dc11cdb4a4627b9f8c79e47e39aa7e1357151896,2020-11-05,David Lord,"move send_file and send_from_directory to Werkzeug

The implementations were moved to Werkzeug, Flask's functions become
wrappers around Werkzeug to p",0,18,7,523,0.0,378,33,100,3.03,12,4558,2.0,0.07656204675773358,0
src\flask\cli.py,57d628ca74513480908a63a6b66c1c8b1af896e8,2020-04-04,David Lord,remove more compat code,0,9,1,308,0.0,594,36,148,4.111,12,3578,2.472,0.07632861244891125,0
scripts\flaskext_migrate.py,cd6ec4094730156f27c69b327916e19f6c1c4b2f,2015-02-13,Keyan Pishdadian,Add test and logic for attribute access calls,0,12,1,7,0.0,90,11,31,2.818,6,612,0.909,0.07619127396096528,0
tests\test_helpers.py,2ae740dd4903bbe5f3864384bcdf2ab2d4638bce,2020-04-04,David Lord,f-strings everywhere,0,90,36,2031,0.0,806,103,122,1.184,3,3405,1.932,0.07584329211435045,0
src\flask\typing.py,8e589daaf2cec6a10262b8ff88801127f2fa14fd,2021-05-29,default-303,Fix typing of jinja decorators (#4109),0,4,4,33,0.0,36,0,0,0.0,0,206,0.0,0.07572167093619483,0
scripts\flask-07-upgrade.py,aa863efd9294dcd8afef6e5fa590ae2f88cbb0a2,2011-06-05,Armin Ronacher,Don't scan the whole file contents for template detection,0,7,1,0,0.0,247,22,85,3.864,11,1122,1.591,0.07538259619276629,0
flask\app.py,55ad09c9024d2f0d23123c934e505042516cc796,2019-05-31,Scott Crosby,Move python properties to decorator syntax,0,346,102,3254,0.0,821,85,222,2.612,13,10735,2.071,0.07532983864173401,0
flask\app.py,ed9ab2d3b6fc005b3807ddf484e85160233ffc82,2019-05-25,David Lord,strip static url trailing slash at assignment,0,345,102,3248,0.0,823,85,222,2.612,13,10743,2.071,0.07532983864173401,0
flask\app.py,ec1ccd753084c6ff3215b9a64ba46d6af56715bd,2019-05-24,Anthony Plunkett,"Add Blueprint level cli command registration

Implements #1357.
Adds ability to register click cli commands onto blueprint.",0,344,101,3248,0.0,825,85,224,2.635,13,10754,2.071,0.07532983864173401,0
scripts\flask-07-upgrade.py,99bb902cc351c32c4646d6baeaa3de3bc9086718,2011-06-05,Armin Ronacher,Error handler deprecation,0,10,1,0,0.0,252,22,88,4.0,11,1186,1.591,0.07521873885440868,0
tests\moduleapp\apps\admin\__init__.py,a3a843999b8f98a96fb44f573515d44648d72bab,2010-08-09,Armin Ronacher,normpath is now used before loading templates,0,1,1,36,0.0,8,2,2,1.0,1,29,0.0,0.07513195352604293,0
examples\javascript\js_example\views.py,025589ee766249652e2e097da05808fe64911ddc,2019-05-06,David Baumgold,"Reformat with black

https://github.com/python/black",0,1,1,389,0.0,11,2,2,1.0,1,61,0.5,0.07512623850225494,0
flask\app.py,2433522d2967b8a5e46f16de587a8fac5088a47c,2018-01-06,Armin Ronacher,"Add Support for FLASK_ENV (#2570)

This introduces environments to Flask",0,316,88,2744,0.0,748,85,216,2.541,12,10071,2.059,0.07511296134910908,0
flask\app.py,3738f7ff99661fa0319ebe2d8228ad8c479fb46a,2018-01-10,David Lord,"match run command behavior in app.run
output extra server information
handle env var changed by load_dotenv
enable threading by default",0,317,88,2749,0.0,754,85,218,2.565,12,10137,2.059,0.07511296134910908,0
tests\conftest.py,861aa0db1fdbc52602b8d502153a0a0b8490f124,2014-09-11,Markus Unterwaditzer,Init global test_apps explicitly,0,1,1,0,0.0,82,14,18,1.286,2,405,1.571,0.07496801698682337,0
flask\helpers.py,b04827283ea36cc456367f1ac4e0700b90b71283,2012-06-17,Armin Ronacher,"Removed padded JSON (JSONP) again.

The implementation was not clean and generally the needs for padded json
are disappearing now that all browsers su",0,84,19,715,0.0119,310,26,102,3.923,28,3722,2.038,0.07472712860466922,0
flask\views.py,dcf21989dc71f4ab93ceaf0627e40c516462bd8c,2011-06-28,Armin Ronacher,Added class based views,0,0,0,0,0.0,34,5,9,1.8,5,409,2.8,0.0746996918912629,0
src\flask\cli.py,cf3089a8f82d50430da4cbe690c1ef11d30241ec,2020-08-13,Nils Philippsen,"Discover app factory deterministically

Commit 2ae740dd4903bbe5f3864384bcdf2ab2d4638bce probably inadvertently
changed to iterate over a set of ""creat",0,18,2,438,0.0,608,36,150,4.167,13,3637,2.5,0.07469114455404606,0
src\flask\app.py,1d610e44b396d11113bb6a5d168cc5e996a6dfb9,2024-10-31,David Lord,drop support for Python 3.8,0,117,28,1979,0.0,603,35,148,4.229,16,6844,2.543,0.07462153280223938,0
src\flask\app.py,9efc1ebeeb431769897798cdf8de2c67dcbbc9c0,2024-11-01,David Lord,"add SESSION_COOKIE_PARTITIONED config

co-authored-by: Jose Cespedes <josecespedes@ibm.com>",0,119,28,1980,0.0,606,35,148,4.229,16,6850,2.543,0.07462153280223938,0
src\flask\app.py,c7a53888a1a514619b0611fd8b7928592f4ed612,2024-11-01,David Lord,add config and docs for limits,0,118,28,1980,0.0,605,35,148,4.229,16,6848,2.543,0.07462153280223938,0
src\flask\blueprints.py,b8b410014d85f9861acc87c5f21c9a55a42d09c9,2023-03-11,Evgeny Mozhaev,require a non-empty name for blueprints,0,53,14,1379,0.0,339,32,81,2.531,28,2551,2.562,0.07462060329170694,0
src\flask\app.py,c77a5203438fe772d41f6a47303ad3f57a4efe6d,2026-01-24,David Lord,deprecate should_ignore_error,0,130,28,2429,0.0,675,40,170,4.25,16,7235,2.8,0.07444933634877925,0
src\flask\app.py,7b0088693ece1bd3a9238a6fdf56ed8df7a4d43b,2026-02-19,David Lord,fix typing,0,132,28,2455,0.0,675,40,170,4.25,16,7235,2.8,0.07444933634877925,0
src\flask\app.py,fbb6f0bc4c60a0bada0e03c3480d0ccf30a3c1df,2026-02-19,David Lord,all teardown callbacks are called despite errors,0,133,28,2455,0.0,684,40,170,4.25,16,7291,2.8,0.07414681534037589,0
flask\exthook.py,95c4dcb4d50e69b927855cd6a446579d2fe45b4e,2011-09-27,Armin Ronacher,Refactored flask.ext process to not swallow exceptions on weird Pythons.,0,0,0,0,0.0,56,8,24,3.0,6,616,2.375,0.07394124126913332,0
src\flask\app.py,9e831e915fa875423af0c0de8f53a3780055919e,2024-10-24,bre-17387639,fix pyright type errors,0,116,27,1972,0.0,603,35,148,4.229,16,6848,2.543,0.07377079175894379,0
flask\helpers.py,a3cb2a33829ee517530d30cd920e5d652b358086,2012-04-19,Ron DuPlain,"Use American English for ""behavior"" in docs.

Prompted by plaes on #pocoo, mitsuhiko confirmed to use American English.",0,77,17,656,0.013,311,26,105,4.038,27,3494,2.038,0.0736925861915788,0
flask\helpers.py,34bbd3100bbfb9a406a417a9fe4e8944aa87c629,2012-04-09,Armin Ronacher,Fixed a failing testcase,0,76,17,646,0.0132,311,26,105,4.038,27,3494,2.038,0.0736925861915788,0
src\flask\cli.py,662c245795c7cbb5dbd657a2d707c62c16770c18,2020-04-04,David Lord,remove _compat module,0,8,1,308,0.0,598,36,150,4.167,12,3589,2.472,0.07355938167968047,0
tests\test_apps\subdomaintestmodule\__init__.py,54e05a282428e9a44dbd414ca70231a83ebd710d,2023-11-15,David Lord,use ruff linter and formatter,0,3,3,3352,0.0,2,0,0,0.0,0,10,0.0,0.07350525665401765,0
tests\test_async.py,c6c6408c3fb96245a2e2afc4b754cdf065fdad47,2021-04-06,pgjones,"Raise a runtime error if run_async is called without real ContextVars

Werkzeug offers a ContextVar replacement for Python < 3.7, however it
doesn't w",0,1,1,0,0.0,31,5,5,1.0,1,123,0.2,0.07343367908936302,0
flask\app.py,aa7e15dcbab208ca404bcecd94cbe6fc583150dc,2018-09-23,garenchan,"Reduce unnecessary function calls.
When propagate exceptions, the function call of ""_find_error_handler""
makes no sense.",0,331,91,3004,0.0,773,85,222,2.612,12,10589,2.071,0.07336027357296772,0
flask\app.py,673772cac931fea88b6134e57643bba9f0b27d44,2018-10-13,moyosore,Fixed typo in app.py,0,332,92,3025,0.0,773,85,222,2.612,12,10588,2.071,0.07336027357296772,0
flask\helpers.py,f8f2e2dff481e55fa9ae7cc3f70f36d61bcf56d7,2012-04-09,Armin Ronacher,Added more tests for the new stack behavior.,0,75,17,646,0.0133,293,25,99,3.96,27,3201,2.04,0.07334770580880368,0
src\flask\app.py,98ae71897600a3162f529b1b30c70b8abdf0961b,2024-11-01,David Lord,fix mypy finding,0,120,28,1980,0.0,590,35,146,4.171,16,6760,2.486,0.07325789643860302,0
examples\tutorial\setup.py,025589ee766249652e2e097da05808fe64911ddc,2019-05-06,David Baumgold,"Reformat with black

https://github.com/python/black",0,2,1,392,0.0,19,0,0,0.0,0,67,0.0,0.0732351280388434,0
src\flask\cli.py,17e146ad949b3d80438faf95e81b53c543cb50f5,2023-08-16,hauntsaninja,Pass maxsplit via kwarg to re.split,0,52,13,1537,0.0,650,34,154,4.529,18,4014,2.559,0.07318510128348954,0
flask\__init__.py,c4f64c1c475badaeef009ad46846e32a8e5c9b66,2010-07-02,Justin Quick,working import layout for module,0,1,1,0,0.0,8,0,0,0.0,0,93,0.0,0.07295835476995952,0
src\flask\__init__.py,c478e5d52f4985a9a58f1ac1d229b47e9f6fe24f,2019-07-10,David Lord,pass sys.argv to flask cli,0,5,1,39,0.0,45,0,0,0.0,0,226,0.0,0.07289910681342246,0
docs\flaskext.py,05f36c7f7e2df36ee28f90d99632162579b1287c,2010-04-11,Armin Ronacher,Heavily improved documentation,0,1,1,0,0.0,68,0,0,0.0,0,422,0.0,0.07280778927987146,0
flask\app.py,49efc4423398e4895cb22a772c4aa4269b4eaa78,2019-01-05,David Lord,clear KeyError in production for Werkzeug 0.15,0,333,93,3109,0.0,774,85,222,2.612,12,10581,2.071,0.0725707998887572,0
flask\app.py,b85425ac1bc04bd6fc5c90192f9454395f95bd3a,2019-01-06,xtreak,remove syntax warning from docstring,0,334,93,3109,0.0,774,85,222,2.612,12,10576,2.071,0.0725707998887572,0
flask\app.py,b92b2e6c743c8b09744c9c9788046c719cc38eab,2019-01-07,Jimmy Jia,Do not handle RoutingExceptions with app error handlers,0,335,94,3110,0.0,777,85,223,2.624,12,10610,2.071,0.0725707998887572,0
flask\app.py,662ce2151d0f17d592133eeecdc8d7e6676db811,2019-01-07,David Lord,add changelog for GH-2986,0,336,95,3110,0.0,777,85,223,2.624,12,10654,2.071,0.0725707998887572,0
flask\helpers.py,307d1bc4e51fc35282f2d504b9df3359604b8f8a,2012-04-09,Armin Ronacher,Added support for basic URL generation without request contexts.,0,74,17,646,0.0135,285,25,97,3.88,27,3146,2.04,0.07227906016872945,0
src\flask\app.py,165af0a090e229e94ccd93896efc15b9fe0488da,2025-03-29,David Lord,update dev dependencies,0,124,28,2128,0.0,612,35,150,4.286,16,6916,2.543,0.07210769944697092,0
flask\helpers.py,0190b770a1e3339c2cd96e6a44f44083aeeebb54,2013-06-02,Armin Ronacher,Removed a bunch of code from _compat,0,111,26,1065,0.009,325,26,108,4.154,28,3955,2.0,0.071854195438833,0
flask\app.py,2039e2e3b62897e14790c652c92625ee9b200245,2019-05-18,Frankie Liu,Remove ending slash from static_url_path,0,340,97,3242,0.0,821,85,223,2.624,12,10712,2.071,0.0718459676739921,0
flask\app.py,025589ee766249652e2e097da05808fe64911ddc,2019-05-06,David Baumgold,"Reformat with black

https://github.com/python/black",0,337,95,3230,0.0,823,85,223,2.624,12,10654,2.071,0.0718459676739921,0
flask\app.py,af3c24c7dff239b2f1c9765bce9bef46525294bc,2019-05-18,EtiennePelletier,"Make jinja_options a dict rather than ImmutaleDict

This allows changing jinja environment options from the flask app:
>>> app.jinja_options['undefine",0,338,96,3241,0.0,823,85,223,2.624,12,10654,2.071,0.0718459676739921,0
flask\app.py,957f48a98dd7d598c55a521967a2fddcd12a4efd,2019-05-18,David Lord,"use dict literal syntax for jinja_options
clarify docs about when jinja_options can be modified",0,339,97,3241,0.0,821,85,223,2.624,12,10711,2.071,0.0718459676739921,0
flask\app.py,e1cc16f8bea15f11f63eacaa6089cd6e6b8b1965,2019-05-19,vorelq,"Fix 0 port value being overriden by default

By explicitly comparing port value with None,
instead of using its bool() value.",0,342,99,3243,0.0,822,85,223,2.624,12,10758,2.071,0.0718459676739921,0
flask\app.py,2a2a11b0634df4932eb0b4113009759ce4d1754a,2019-05-18,shidenggui,allow customizing url map class,0,341,98,3242,0.0,822,85,223,2.624,12,10739,2.071,0.0718459676739921,0
flask\app.py,7bf8366970ec49b5396a1f86f00fdd1c5fef3fed,2019-05-24,pgjones,"Allow dictionary return values as JSON

This supports an increasingly common usecase whereby JSON is the
primary response (rather than a templated str",0,343,100,3247,0.0,825,85,224,2.635,13,10780,2.071,0.0718459676739921,0
flask\helpers.py,4b21e2d38ccf66f236c5f1c8a10bd9d7904f2599,2012-06-13,Massimo Santini,I think it should check that cache_timeout is not None to allow for a (I hope legale) value of 0 for such parameter.,0,83,18,711,0.012,322,26,108,4.154,28,3864,2.038,0.0718272782246345,0
src\flask\cli.py,53c893b646252d610e877eb9385e9e250a1ae5e1,2019-06-01,David Lord,fix string concats left over by black,0,2,1,0,0.0,602,36,151,4.194,12,3598,2.472,0.07161775598692471,0
flask\helpers.py,148c50abf983eb8bbd8ecb565c9f98912048af46,2012-04-23,Ron DuPlain,Document url_for BuildError hook.,0,79,17,661,0.0127,320,26,106,4.077,27,3766,2.038,0.0715885702075628,0
flask\helpers.py,447afc3525b009ed369943e13437d98e07898bdc,2012-05-27,Marc Abramowitz,"Fix failing test: ""AssertionError: 'application/javascript' != 'application/json'"" in flask/testsuite/helpers.py"", line 88",0,82,17,695,0.0122,322,26,108,4.154,28,3861,2.038,0.07152545803710002,0
flask\helpers.py,2053d04db0f303430f5f6c5bc6e97b8bec46c399,2012-05-08,Armin Ronacher,Improved interface for the URL build error handler,0,81,17,675,0.0123,320,26,107,4.115,28,3856,2.038,0.07152545803710002,0
src\flask\cli.py,240a11052bb2ef1ba0bbcc5d503601a175926f75,2019-11-18,David Lord,lazy load app on reload only,0,5,1,170,0.0,603,36,151,4.194,12,3615,2.472,0.07149020322221589,0
src\flask\app.py,6a64969009bf1898bd302e6a9633f71942523f7f,2025-09-19,David Lord,pass context through dispatch methods,0,128,28,2302,0.0,662,40,167,4.175,16,7195,2.8,0.07144006608493327,0
tests\flask_tests.py,08f1f0dc32004fae01cf96d1eed84e6461e698e5,2010-04-14,Armin Ronacher,Added more Flask tests,0,0,0,0,0.0,148,29,29,1.0,1,589,0.414,0.07136910111325538,0
flask\helpers.py,01081dbe6cdfa3fc43d8e1fff708d4ed95e1be7e,2016-09-19,Markus Unterwaditzer,"Avoid always-false statement

See https://github.com/pallets/flask/pull/1849/files#r79371299",0,157,45,2271,0.0127,369,29,119,4.103,24,4436,2.0,0.07133376974485198,0
src\flask\cli.py,5bb30270d2e68d8d9278ac6f5abf67049acba662,2023-08-21,David Lord,"bump werkzeug 2.3.7

use importlib.metadata.version",0,53,14,1542,0.0,651,34,154,4.529,18,4021,2.559,0.07131416707805202,0
src\flask\cli.py,9f9550247a2798b9dcc28081c15e266442f4e28a,2023-08-21,David Lord,"bump werkzeug 2.3.7

use importlib.metadata.version",0,54,14,1542,0.0,651,34,154,4.529,18,4021,2.559,0.07131416707805202,0
examples\javascript\tests\conftest.py,025589ee766249652e2e097da05808fe64911ddc,2019-05-06,David Baumgold,"Reformat with black

https://github.com/python/black",0,1,1,389,0.0,10,2,2,1.0,1,28,0.5,0.07126567784864718,0
src\flask\cli.py,253570784cdcc85d82142128ce33e3b9d8f8db14,2020-07-30,David Lord,"cleaner message when CLI can't load app

When loading the app fails for the --help command, only the error
message is shown, then the help text. The f",0,17,2,425,0.0,608,36,150,4.167,13,3637,2.5,0.07110075553802774,0
tests\test_helpers.py,75a9b7465003205981b97fd4a133b07d7c330167,2020-07-26,Martin Thoma,DOC: Remove unnecessary docstrings,0,94,36,2144,0.0,785,102,121,1.186,3,3319,1.922,0.07096961617449898,0
flask\testsuite\basic.py,3069e2d7f73f80ebc342029616a5cbc5381cfdf1,2011-08-26,Armin Ronacher,Fight the generic asserts!,0,1,1,0,0.0,850,139,167,1.201,8,3391,0.604,0.07069039526322017,0
examples\flaskr\flaskr.py,fc94599285aa1aec50b3c9426697249e55edda0a,2010-04-14,Armin Ronacher,Removed useless imports and added README,0,1,1,0,0.0,62,8,13,1.625,4,319,0.125,0.07066137694499225,0
tests\test_examples.py,8fa5e32d9a1fdf042632bd8fcd0b44dd8031b639,2014-09-11,Markus Unterwaditzer,Tests pass now.,0,1,1,0,0.0,24,2,4,2.0,3,92,0.0,0.07045470852984635,0
src\flask\cli.py,87d5f5b9a9697434e6d972b021201105eabb54e6,2024-04-07,David Lord,"update project files (#5457)

* update pre-commit hook
* upgrade pip with venv
* update description and version
* show url in publish environment
",1,58,16,1772,0.0,686,36,157,4.361,18,4282,2.583,0.0702606364699244,0
examples\tutorial\tests\test_db.py,a5ecdfa7a57bf6bcba7391fc6d356e3f7de33e57,2019-07-01,Anthony Sottile,"Fixes for PEP451 import loaders and pytest 5.x

- pytest 5.x drops python2 compatibility and therefore only implements PEP 451
- pytest 5.x made the r",0,3,2,448,0.0,19,3,3,1.0,1,72,1.0,0.0700610776451849,0
src\flask\cli.py,524fd0bc8cec7bfe8167c9c98cb5511b01a0f4c6,2020-04-04,David Lord,apply pyupgrade,0,10,1,308,0.0,589,36,148,4.111,12,3553,2.472,0.07005760457660686,0
flask\helpers.py,13cc69911c6b5c742489ffe6e8c6458dec32e230,2013-05-25,Thomas Waldmann,fix typos,0,107,26,1058,0.0093,321,26,108,4.154,28,3938,2.0,0.06988276686740441,0
flask\helpers.py,404265110ab52ffd2a5d4991f115913aacba94a3,2013-05-26,Daniel Neuhäuser,Always return a list from get_flashed_messages,0,108,26,1059,0.0093,321,26,108,4.154,28,3939,2.0,0.06988276686740441,0
flask\helpers.py,47572c5b4006c54f0991587d5c07d599d0ad3325,2013-05-30,Armin Ronacher,Set the content length automatically before calling wrap_file,0,109,26,1062,0.0092,322,26,108,4.154,28,3946,2.0,0.06988276686740441,0
scripts\flask-07-upgrade.py,cbfacd8962587d864e89d876e772fb4c1234f94d,2011-06-05,Armin Ronacher,Added disclaimer,0,4,1,0,0.0,248,23,86,3.739,11,1121,1.565,0.06956022153224659,0
examples\tutorial\setup.py,43483683b2bc8da85f00ccccdfb8d9d5c77a6bb3,2019-06-01,David Lord,apply reorder-python-imports pre-commit config,0,3,2,418,0.0,20,0,0,0.0,0,70,0.0,0.06936042549520006,0
flask\helpers.py,9ae8487330e0dc3a8d169d89cadf85fb11ded1ea,2013-05-30,Armin Ronacher,Fixed a broekn testcase,0,110,26,1062,0.0091,322,26,108,4.154,28,3946,2.0,0.06928276686740442,0
tests\test_templating.py,961db8ad7290f1bd91058b11a5de31e27bf28563,2014-09-11,Markus Unterwaditzer,Made tests recognizable,0,0,0,0,0.0,302,65,67,1.031,3,1246,0.723,0.06884337169014428,0
src\flask\cli.py,6a4bf9eec13e035cf10ecc16e462049b4c967e41,2021-10-01,David Lord,"use exception chaining

fixes flake8-bugbear B904",0,28,8,853,0.0,629,36,153,4.25,13,3803,2.472,0.06877915867254576,0
examples\tutorial\tests\test_db.py,43483683b2bc8da85f00ccccdfb8d9d5c77a6bb3,2019-06-01,David Lord,apply reorder-python-imports pre-commit config,0,2,2,418,0.0,19,3,3,1.0,1,71,1.0,0.06849871490035636,0
src\flask\__init__.py,1b4ace9ba5e77679bf9d8e409283654f7589907e,2019-07-04,David Lord,release version 1.1.0,0,2,1,33,0.0,44,0,0,0.0,0,221,0.0,0.06836215456544958,0
flask\json\tag.py,5e1ced3c055f7eb567bf7266c98de3d44ceea1b4,2017-06-01,David Lord,"make session serializer extensible
support serializing 1-item dicts with tag as key
refactor serializer into flask.json.tag module
continues #1452, cl",0,0,0,0,0.0,125,31,46,1.484,5,509,2.871,0.06833473260463181,0
src\flask\__init__.py,1617202d91e46a4c2584656969f90aa5d5db7fed,2019-07-08,David Lord,restore and deprecate json_available,0,3,1,37,0.0,45,0,0,0.0,0,226,0.0,0.06831415314275452,0
flask\helpers.py,bb31188ec3882e9a6c6035b7a65ca257d424e31a,2012-04-22,Ron DuPlain,"Add a BuildError hook to url_for, #456.",0,78,17,659,0.0128,320,26,106,4.077,27,3540,2.038,0.06815999877899138,0
scripts\flask-07-upgrade.py,b4ffa4d9ac9cd652e94a97fa633f021d2f934582,2011-06-06,Armin Ronacher,Allow name to be specified as the first parameter but with an explict name.,0,11,1,0,0.0,255,22,89,4.045,11,1203,1.591,0.06814284473716657,0
flask\app.py,d0dc89ea802130e8a3a16b4fba73fa10815c09fb,2010-07-02,Justin Quick,"in with the new. i have the bits in places where i think they should be, now i just need to work on the import scheme layout",0,0,0,0,0.0,251,34,77,2.265,6,3780,2.118,0.06798466594490185,0
examples\javascript\setup.py,43483683b2bc8da85f00ccccdfb8d9d5c77a6bb3,2019-06-01,David Lord,apply reorder-python-imports pre-commit config,0,2,2,414,0.0,20,0,0,0.0,0,69,0.0,0.06781266864315569,0
scripts\flaskext_migrate.py,5f64971731cfb0b8fbac5783e6ac4615aae2c16d,2015-02-14,Keyan Pishdadian,Update comments to reflect new functionality,0,13,1,8,0.0,90,11,31,2.818,6,592,0.909,0.0676127076681579,0
tests\test_user_error_handler.py,0bac2ade9154b4c1a267990238e2ab84931a0cb4,2015-04-11,Markus Unterwaditzer,Fix formatting errors,0,1,1,0,0.0,77,17,17,1.0,1,261,0.353,0.06744689395313128,0
flask\helpers.py,26da6a5365e1fd229932f167a299128f30fae154,2012-04-24,Ron DuPlain,"Use default send_file max-age consistently.

Prior to this commit, the send_file max-age hook and config were only
used for the static file handler. N",0,80,17,661,0.0125,321,26,107,4.115,28,3839,2.038,0.06736772653510623,0
tests\test_helpers.py,8b5f760b7285c863d5c7a4ee10adb5eb7ac60a05,2020-04-07,David Lord,"deprecate JSON encoding options

make consistent with built-in json module",0,93,36,2034,0.0,785,102,121,1.186,3,3331,1.922,0.06724547824346451,0
tests\test_helpers.py,c43edfc7c08b8dbe883761bec14fa75ee7db1bf3,2020-04-07,David Lord,"remove simplejson

- remove encoding detection backport, json.loads supports it directly
- use str.translate instead of multiple str.replace",0,92,36,2034,0.0,786,102,121,1.186,3,3336,1.922,0.06724547824346451,0
tests\test_helpers.py,f2f027d1fbc12f3ff24f3e471e11ac56e1a5d869,2020-04-04,David Lord,remove unused module docstrings,0,91,36,2031,0.0,806,103,122,1.184,3,3394,1.932,0.06724547824346451,0
tests\test_apps\cliapp\routesapp.py,7ad79583b9558cc7806d56c534f9527e500734e9,2017-04-26,David Lord,"add sort by match order
sort by endpoint by default
combine sort flags
sort methods
ignore HEAD and OPTIONS methods by default
rearrange columns
use f",0,1,1,305,0.0,11,2,2,1.0,1,37,0.0,0.06723075259732349,0
flask\testsuite\deprecations.py,37f9cb9ca69176dec36faff4b2138226b479f65f,2011-09-01,Ron DuPlain,"Import with statement in testsuite, Python 2.5.",0,3,1,6,0.0,22,4,4,1.0,1,104,0.5,0.06716216728953502,0
flask\helpers.py,96b8ffbb29eaba834a30352554e42cf2406c7e06,2013-05-25,Thomas Waldmann,always import from ._compat,0,106,26,1058,0.0094,321,26,108,4.154,28,3938,2.0,0.06711353609817365,0
flask\helpers.py,0eb75b317bd62ece31875158fb31262ce7d05e69,2012-04-01,Ron DuPlain,"Add notes on mutable values & sessions.

Using notes in 8445f0d939dc3c4a2e722dc6dd4938d02bc2e094",0,73,17,638,0.0137,294,26,102,3.923,27,3381,2.038,0.06691801169774964,0
scripts\flask-07-upgrade.py,10104e98cf89b1e57f8359b0209307fefaee2ea1,2011-06-05,Armin Ronacher,app.modules -> app.blueprints,0,5,1,0,0.0,249,23,86,3.739,11,1128,1.565,0.06689605441113329,0
src\flask\cli.py,5bfe236fb531045497396bc85ee5026c6c9c68eb,2020-08-26,ongopongo,fix typo in flask shell help (#3744),0,19,3,452,0.0,608,36,150,4.167,13,3636,2.5,0.06674870117310407,0
flask\testsuite\deprecations.py,fc2caa4b9c75a6ee8569495008efd1f37c27a8cb,2011-08-26,Armin Ronacher,Changed assert to self.assert_ where it was still in place,0,2,1,0,0.0,21,4,4,1.0,1,100,0.5,0.06638460859961617,0
src\flask\cli.py,2ae740dd4903bbe5f3864384bcdf2ab2d4638bce,2020-04-04,David Lord,f-strings everywhere,0,11,1,308,0.0,583,36,147,4.083,12,3540,2.472,0.06636529688429914,0
examples\flaskr\flaskr\factory.py,54b6fc8de689a726aa01a0f2a39ce428e7a69712,2017-04-02,Kyle Lawlor,Add in a fixture utilizing app factory,0,1,1,0,0.0,35,6,10,1.667,3,175,0.833,0.06630200262652447,0
flask\helpers.py,3bec75d230507335eaf9066605d3893e185b9e11,2012-10-07,Armin Ronacher,Set the content-length header for sendfile.  Fixes #447,0,92,20,827,0.0109,321,28,108,3.857,28,4042,2.0,0.06598295262185912,0
flask\helpers.py,94f436013792249a9bb7206c2868d4c6c21fd887,2013-08-13,Daniel Neuhäuser,"Explain is_package AttributeError in find_package

When a PEP 302 import hook is used that doesn't implement .is_package()
an AttributeError is raised",0,112,26,1137,0.0089,330,26,109,4.192,28,3980,2.0,0.06590776686740442,0
tests\test_instance_config.py,be42d5665e89c7fd57352c0e6b97355d6b3500f3,2014-09-11,Markus Unterwaditzer,Split instance tests off into own file,0,0,0,0,0.0,96,10,13,1.3,3,403,2.7,0.06533831233963605,0
src\flask\app.py,11c45eeba3b5bcf06b84f4e864862f1019a3faa3,2025-05-11,David Lord,update dev dependencies,0,125,28,2170,0.0,612,35,150,4.286,16,6918,2.543,0.06533137322188917,0
src\flask\cli.py,6000e80acf931b05b4911c3fa7f3ba33e2b80e64,2024-01-16,David Lord,address mypy strict findings,0,56,15,1690,0.0,685,36,157,4.361,18,4267,2.583,0.06530925614293433,0
src\flask\cli.py,1af8f95785b85d0937153ee63d504c0b51934d80,2024-02-03,Tony Huang,fix super call in list comprehension,0,57,15,1708,0.0,686,36,157,4.361,18,4282,2.583,0.06530925614293433,0
src\flask\cli.py,ff2f71379b719903e462ed6a83801b1736009000,2020-04-07,David Lord,"use ast to parse FLASK_APP

enables keyword arguments to factory functions",0,15,1,311,0.0,610,36,152,4.222,13,3698,2.5,0.06520087887416473,0
examples\javascript\setup.py,025589ee766249652e2e097da05808fe64911ddc,2019-05-06,David Baumgold,"Reformat with black

https://github.com/python/black",0,1,1,389,0.0,19,0,0,0.0,0,66,0.0,0.06502606978375597,0
scripts\flaskext_migrate.py,6fa1889afb62fb01e8413584aa7abc293245fcfc,2015-02-15,Keyan Pishdadian,Update comments to reflect new functionality,0,14,1,9,0.0,90,11,31,2.818,6,579,0.909,0.06487344660750441,0
flask\exceptions.py,71b351173b1440d6ca2dc36284d080fda2a22006,2012-03-12,Anton I. Sipos,Move JSONHTTPException and JSONBadRequest to new module flask.exceptions.,0,0,0,0,0.0,12,2,2,1.0,1,171,2.0,0.0648017493508777,0
examples\tutorial\tests\test_db.py,025589ee766249652e2e097da05808fe64911ddc,2019-05-06,David Baumgold,"Reformat with black

https://github.com/python/black",0,1,1,392,0.0,19,3,3,1.0,1,71,1.0,0.06457084067658105,0
src\flask\cli.py,84cbfc0698f429c93450cd6f1600e56b41a30247,2020-07-05,Grey Li,Stop change CWD to .env/.flaskenv location,0,16,1,399,0.0,608,36,150,4.167,13,3652,2.5,0.06381835844377545,0
flask\globals.py,ee8417dac8364f02524edffddff92329f15b95af,2011-09-01,Armin Ronacher,Late but 2010 -> 2011 in some files,0,4,2,425,0.0,12,1,2,2.0,2,86,1.0,0.0637559204274395,0
flask\helpers.py,c3d38a21c664440fb8284aaaf8fbcce4a1c0849f,2012-08-11,Armin Ronacher,Removed json_available hack,0,91,20,770,0.011,320,28,108,3.857,28,4035,2.0,0.06341152405043055,0
src\flask\cli.py,f2f027d1fbc12f3ff24f3e471e11ac56e1a5d869,2020-04-04,David Lord,remove unused module docstrings,0,12,1,308,0.0,583,36,147,4.083,12,3522,2.472,0.06309256961157188,0
flask\helpers.py,c4f2075f4c4c27856fe0af77250fb75c61c0d86b,2012-10-07,Armin Ronacher,tojson no longer escapes script blocks in HTML5 parsers.  Fixed #605,0,93,20,827,0.0108,322,28,109,3.893,28,4046,2.0,0.06298295262185911,0
flask\helpers.py,e31a2a80ec4254e8ac8127558bc29cfd23d05511,2013-10-11,John Hobbs,"Update url_for documentation

Previous documentation referenced a non-existent property on the Flask
object called ""build_error_handler"".

This should",0,113,26,1197,0.0088,330,26,109,4.192,28,3981,2.0,0.06290776686740443,0
scripts\flaskext_migrate.py,f6c45afb6ffa9fc1bd3d3637f7d38e423798dce9,2015-02-25,Keyan Pishdadian,"Add skip to fix unnoticed bug with good imports

Fixes logic so that imports that should not be changed are skipped, which was not happening correctly",0,15,1,19,0.0,92,11,32,2.909,7,584,0.909,0.06289513163912906,0
src\flask\cli.py,32272da9ac6e16fa22d3401b2d995d5bf3db9492,2021-04-14,David Lord,"shell calls sys.__interativehook__

This will set up readline tab and history completion by default.",0,22,4,683,0.0,618,36,151,4.194,13,3713,2.472,0.06289175937223299,0
tests\test_appctx.py,8fa5e32d9a1fdf042632bd8fcd0b44dd8031b639,2014-09-11,Markus Unterwaditzer,Tests pass now.,0,1,1,0,0.0,87,17,18,1.059,2,295,0.824,0.06286058936403723,0
examples\flaskr\setup.py,54b6fc8de689a726aa01a0f2a39ce428e7a69712,2017-04-02,Kyle Lawlor,Add in a fixture utilizing app factory,0,2,2,270,0.0,15,0,0,0.0,0,41,0.0,0.06284964865461373,0
flask\helpers.py,5addabfbddbb0f620d81adc7bcafbf8bd5f12a3e,2013-12-24,Zachary Wright Heller,Fix typo in helpers.py,0,114,27,1271,0.0088,330,26,109,4.192,28,3979,2.0,0.0627665903968162,0
flask\helpers.py,301e244df3dc747a73e2564a046976af5d0164eb,2012-10-07,Armin Ronacher,Consistent use of encoding naming,0,95,20,828,0.0105,324,28,110,3.929,28,4049,2.0,0.06269180983797443,0
flask\helpers.py,3afcbf160eff2a5ab6ac35a82e0719f972df8972,2012-10-07,Armin Ronacher,Extra safety for safe_join.  Does not look exploitable but better safe than sorry.  Fixes #501,0,94,20,828,0.0106,324,28,110,3.929,28,4048,2.0,0.06269180983797443,0
tests\test_deprecations.py,8fa5e32d9a1fdf042632bd8fcd0b44dd8031b639,2014-09-11,Markus Unterwaditzer,Tests pass now.,0,1,1,0,0.0,8,1,1,1.0,1,48,0.0,0.06261043345559208,0
flask\helpers.py,8071f11328ab2b767608c5c63d0bad72d9408120,2012-06-26,Armin Ronacher,Fixed an issue with the new path finding logic,0,85,19,724,0.0118,323,26,109,4.192,28,3921,2.038,0.06241949605353457,0
src\flask\__init__.py,ffc68840f821fb0a4c41a7b2b4eaad6d71f539b7,2019-07-08,David Lord,release version 1.1.1,0,4,1,37,0.0,45,0,0,0.0,0,225,0.0,0.06231623487055053,0
tests\test_cli.py,92f63a1c1d483c1a1636efb20cadb1c2932b33ff,2016-05-24,dataforger,"fix docstring (#1818)

change string to docstring",0,1,1,8,0.0,84,16,16,1.0,1,399,0.438,0.0622986763043124,0
flask\helpers.py,e1d356fb713f3272db2a23f9f898c34c5dc79dc0,2013-05-22,Thomas Waldmann,"ported some more stuff to py 3.3

removed init_jinja_globals hack from app.py after consulting mitsuhiko
(didn't work on py 3.3 ""as is"")

removed with",0,103,25,1054,0.0097,322,26,108,4.154,28,3933,2.0,0.062265647145021544,0
flask\helpers.py,a0801719f8f24a0e3192eca203bbd341c4e557ec,2013-05-22,Daniel Neuhäuser,Remove six dependency,0,104,25,1055,0.0096,321,26,108,4.154,28,3930,2.0,0.062265647145021544,0
flask\helpers.py,dcd052366b43df7bfe730c2e991ff37c617ba52b,2013-05-18,Thomas Waldmann,python-modernize automated changes: fix_next,0,102,25,1050,0.0098,322,26,108,4.154,28,3930,2.0,0.062265647145021544,0
flask\helpers.py,6caaa8a527134dc9aff6d5c442969e96f9c00f21,2013-05-18,Thomas Waldmann,automated change using python-modernize: use 'as' in except,0,101,24,1050,0.0099,321,26,108,4.154,28,3928,2.0,0.062265647145021544,0
src\flask\cli.py,055cdc2625c0cdf8cea87524f5c6bcf07f7e5005,2021-01-29,David Lord,click detects program name when run as module,0,20,4,608,0.0,608,36,149,4.139,13,3624,2.472,0.06186947213077322,0
src\flask\cli.py,fcac7f11cf5fbdaa43c3a8c305b31cf0a43a70d3,2020-04-07,David Lord,deprecate passing script_info to factory,0,14,1,311,0.0,592,36,147,4.083,12,3546,2.472,0.061812047500094405,0
flask\logging.py,77e2fbf249031a7adb7e745f15ad5645027b5994,2010-07-05,Armin Ronacher,Added a separate logging module,0,0,0,0,0.0,17,3,5,1.667,2,162,1.333,0.061680306077963126,0
flask\helpers.py,d4415dd6653adb25b89b6276dd140141266ba46b,2012-07-01,Armin Ronacher,Fixed an rst syntax error,0,87,19,729,0.0115,338,29,112,3.862,28,4083,1.931,0.06164584533283702,0
flask\helpers.py,d5218997d927be869dd55ef04542e1bbc1e69653,2012-06-27,Armin Ronacher,Added flask.stream_with_context,0,86,19,725,0.0116,338,29,112,3.862,28,4083,1.931,0.06164584533283702,0
src\flask\cli.py,8ab4967703c2f5c500174f46b672d80e32f55d85,2021-04-15,David Lord,consistent versions and deprecation messages,0,23,4,684,0.0,619,36,151,4.194,13,3715,2.472,0.061597890450457084,0
flask\helpers.py,8bb972e5ae647650457bc4e94ff51cb5e34951dd,2013-05-25,Thomas Waldmann,"fix minitwit/flaskr test errors, improve docs about file open mode

app.open_resource needs to get called with the correct mode param (python3
will re",0,105,26,1057,0.0095,321,26,108,4.154,28,3939,2.0,0.061476173460811016,0
flask\helpers.py,2b30900e2c007cf39b3d73a8ad53afe2f29a3a2c,2013-01-11,Markus Unterwaditzer,Fix #623,0,98,21,923,0.0102,313,26,106,4.077,28,3860,2.0,0.06078972105190344,0
src\flask\helpers.py,14f56363a4992506f2b3670985fca4f0a29e5176,2021-01-29,David Lord,rename send_file add_etags to etag,0,19,7,608,0.0,391,33,101,3.061,12,4627,2.091,0.0607849846489059,0
scripts\test_import_migration.py,4cb311b9455375f6497e7ecb6c931e09b1917d60,2015-02-13,Keyan Pishdadian,"Add support for function call fixing, add tests

Addresses #1135, some code cleanup and refactoring. Changes wrapper function which handles testing, f",0,1,1,0,0.0,42,9,9,1.0,1,214,0.0,0.060381434395930675,0
src\flask\cli.py,171aabc87dd8bff0367d0555c8be6105b00c22ce,2020-04-04,David Lord,"remove unused ref directives

replace page refs with doc directives",0,13,1,308,0.0,583,36,147,4.083,12,3514,2.472,0.06032333884234111,0
examples\flaskr\setup.py,8cf32bca519723c5d97f123127cdec81dba868f6,2017-04-01,Kyle Lawlor,Adds in blueprints and an application factory,0,1,1,270,0.0,15,0,0,0.0,0,19,0.0,0.06022271551631578,0
flask\helpers.py,d0dc89ea802130e8a3a16b4fba73fa10815c09fb,2010-07-02,Justin Quick,"in with the new. i have the bits in places where i think they should be, now i just need to work on the import scheme layout",0,0,0,0,0.0,98,13,39,3.0,15,1322,1.846,0.06018534551861258,0
setup.py,9fbf9a062c11904b5022a5aa7941449e31340c32,2010-04-16,Armin Ronacher,head is 0.2-dev,0,5,1,10,0.0,28,0,0,0.0,0,174,0.0,0.0597444851458846,0
tests\test_reqctx.py,961db8ad7290f1bd91058b11a5de31e27bf28563,2014-09-11,Markus Unterwaditzer,Made tests recognizable,0,0,0,0,0.0,158,20,26,1.3,4,574,0.5,0.05926459867127738,0
examples\javascript\js_example\views.py,43483683b2bc8da85f00ccccdfb8d9d5c77a6bb3,2019-06-01,David Lord,apply reorder-python-imports pre-commit config,0,2,2,414,0.0,13,2,2,1.0,1,67,0.5,0.059088950826869796,0
examples\minitwit\setup.py,c3dd7b8e4c9e322c413f4a49e5d15aceafd17c2d,2018-04-09,David Lord,rewrite tutorial docs and example,0,1,1,594,0.0,15,0,0,0.0,0,18,0.0,0.05904231196709844,0
flask\helpers.py,7183aefd6271fb9d9398b8d721dea15a699ed501,2014-08-27,Markus Unterwaditzer,"Document building protocol-relative URLs

https://github.com/mitsuhiko/werkzeug/pull/528",0,123,29,1516,0.0081,354,27,116,4.296,29,4296,2.037,0.05849258188091501,0
flask\helpers.py,b49074eb6b19d8f5fdb3301a6e50f11845dd530d,2014-08-11,Markus Unterwaditzer,"Add documentation about url_for's default scheme

Fix #1129",0,122,29,1500,0.0082,354,27,116,4.296,29,4277,2.037,0.05849258188091501,0
src\flask\app.py,c17f379390731543eea33a570a47bd4ef76a54fa,2026-02-18,David Lord,request context tracks session access,0,131,28,2454,0.0,612,35,150,4.286,16,6914,2.543,0.058390209389444676,0
src\flask\app.py,3709c4a9a87e6ce8c26dc4a951e1df52ac9ecad0,2026-01-24,David Lord,"update ruff hook and noqa

co-authored-by: Christian Clauss <cclauss@me.com>",0,129,28,2429,0.0,612,35,150,4.286,16,6914,2.543,0.058390209389444676,0
examples\tutorial\flaskr\auth.py,fce1885f7614c60c7cd8e4a4eadc5b99fe036264,2018-04-12,David Lord,add javascript ajax example,0,1,1,3,0.0,71,6,17,2.833,6,348,0.333,0.05828969581465651,0
src\flask\cli.py,33145c36991c503aeb1e5870c27b720ec80d5079,2021-03-10,Grey Li,Set default encoding to UTF-8 for load_dotenv,0,21,4,647,0.0,608,36,149,4.139,13,3645,2.472,0.05799906504366081,0
src\flask\app.py,0109e496f6ca68de29480fe6413e81b1d3f86aa9,2025-05-11,David Lord,use uv,0,126,28,2171,0.0,612,35,150,4.286,16,6918,2.543,0.05795236769702729,0
tests\test_subclassing.py,8fa5e32d9a1fdf042632bd8fcd0b44dd8031b639,2014-09-11,Markus Unterwaditzer,Tests pass now.,0,1,1,0,0.0,26,4,4,1.0,1,116,0.75,0.05747428781151862,0
tests\test_apps\blueprintapp\__init__.py,3a35977d5fbcc424688d32154d250bc0bae918d6,2023-01-19,David Lord,stop ignoring flake8 e402,0,2,2,3051,0.0,7,0,0,0.0,0,33,0.0,0.05738605835843256,0
src\flask\cli.py,aa6dd09c2cab5eb15a45d73b5ade24b7b4131c5a,2021-08-05,Rohan salwan,correctly handle raising deferred errors in cli lazy loading,0,26,6,796,0.0,629,36,152,4.222,13,3765,2.472,0.057360458238875776,0
src\flask\cli.py,9f0da9b770abfe3376ca0bbb09c535b42071feeb,2021-08-05,na2shell,cli loader handles kwargs in app factory,0,27,7,796,0.0,630,36,153,4.25,13,3784,2.472,0.057360458238875776,0
flask\helpers.py,ed1619adadc56641b8ab1ba2c03d45023960aaf2,2012-08-01,Priit Laes,Docs: Mention SERVER_NAME in the url_for() docstring,0,89,19,760,0.0112,338,29,112,3.862,28,4096,1.931,0.05712213011103661,0
src\flask\cli.py,1d5abfadd7132c9a78e14e5ba6c07aed47115280,2023-12-13,lizard,Fixing issue 5342: 'The double quote is missing in the string',0,55,14,1656,0.0,653,34,154,4.529,18,4021,2.559,0.056950815171799965,0
flask\testsuite\ext.py,f80bfcaa28da98972002fb906c2559babe75801e,2011-09-18,Armin Ronacher,Added tests for old imports,0,1,1,0,0.0,57,12,18,1.5,7,277,0.917,0.05683938689110082,0
tests\test_basic.py,961db8ad7290f1bd91058b11a5de31e27bf28563,2014-09-11,Markus Unterwaditzer,Made tests recognizable,0,0,0,0,0.0,1142,188,209,1.112,3,4788,0.622,0.0562395239040224,0
src\flask\cli.py,77237093da25438c88b0a74c374a397d4bf823eb,2021-04-26,pgjones,"Add initial type hints

This should make it easier for users to correctly use Flask. The hints
are from Quart.",0,24,4,695,0.0,622,36,151,4.194,13,3727,2.472,0.05619129704386367,0
flask\globals.py,2866ccda1fe19a42adc735d75abaf304f8aed27b,2011-07-15,Armin Ronacher,Switch to explicit Werkzeug imports,0,3,2,377,0.0,12,1,2,2.0,2,86,1.0,0.05562191125781173,0
flask\helpers.py,e3b3e05052ea36456cb557b8799b7b0ed00865bd,2012-08-01,Priit Laes,Docs: Fix docstring formatting,0,90,20,760,0.0111,338,29,112,3.862,28,4096,1.931,0.05559485738376388,0
flask_tests.py,4affedec356ad8c9e6a107578f03fc7f5c615064,2010-04-12,Armin Ronacher,Testing URL generation,0,1,1,0,0.0,60,11,11,1.0,1,268,0.364,0.055543468775479624,0
src\flask\cli.py,26a6cc0f94dd25390e2b2d7462bb4a414a862b16,2021-04-27,Adrian Moennich,"Allow using Click 7 with a DeprecationWarning

As long as popular libraries (e.g. Celery) require click 7, depending
on Click 8 in Flask makes it hard",0,25,5,695,0.0,629,36,152,4.222,13,3764,2.472,0.05548368098769095,0
src\flask\app.py,c2705ffd9ce1dc8476cb29eaf5ff5d4c719852d9,2025-09-19,David Lord,merge app and request context,0,127,28,2302,0.0,597,35,150,4.286,16,6823,2.543,0.05538093912559871,0
scripts\flask-07-upgrade.py,0fcbe0a47895a1d1106b50420fe696e04520b621,2011-06-17,Armin Ronacher,render_template calls no longer need changing for blueprints.  They need new paths though :(,0,12,1,11,0.0,200,17,69,4.059,11,995,1.588,0.0549393852343054,0
tests\test_request.py,4f7156f2c3271613b34d04040b502b9d7ae35eb9,2024-11-12,David Lord,configure and check trusted_hosts,0,1,1,11,0.0,50,6,6,1.0,1,214,0.833,0.05482905683795798,0
tests\test_regression.py,8fa5e32d9a1fdf042632bd8fcd0b44dd8031b639,2014-09-11,Markus Unterwaditzer,Tests pass now.,0,1,1,0,0.0,72,12,17,1.417,4,324,1.0,0.05482338945614374,0
examples\minitwit\tests\test_minitwit.py,5f009374fd28aba381f375391b70ac131926bd9d,2016-08-22,Kyle Lawlor,"Update minitwit & improve testing for examples (#1954)

* Update minitwit & improve testing for examples

* Related to #1945
* Re-works minitwit to",0,0,0,0,0.0,100,11,14,1.273,3,661,1.727,0.05464552430561519,0
flask\helpers.py,b5069d07a24a3c3a54fb056aa6f4076a0e7088c7,2013-01-21,Max Countryman,"adding `_scheme` parameter to `url_for`

In order to better facilitate generation of URLs that make use of an HTTPS URL
scheme this patch adds a param",0,99,22,934,0.0101,317,26,108,4.154,28,3910,2.0,0.0545934413846802,0
flask\testsuite\testing.py,3069e2d7f73f80ebc342029616a5cbc5381cfdf1,2011-08-26,Armin Ronacher,Fight the generic asserts!,0,1,1,0,0.0,91,12,14,1.167,2,370,0.5,0.05374154115700457,0
tests\test_apps\subdomaintestmodule\__init__.py,54ff9b297276a3add08c8faf1557b5e359b3ab99,2023-11-09,David Lord,use ruff linter and formatter,0,2,2,3345,0.0,2,0,0,0.0,0,10,0.0,0.05373070512800464,0
flask\helpers.py,52098e1e4fc4d9c962e9ecb09dfbbcc6ac80a4d7,2014-01-02,Daniel Neuhäuser,Happy New Year 2014,0,115,28,1280,0.0087,330,26,109,4.192,28,3980,2.0,0.05368242293825849,0
tests\test_subclassing.py,af4cb0ff2bb77c0c2f03227b17cc6ef67f28e63b,2014-09-11,Markus Unterwaditzer,Remove flask superclass,0,3,1,0,0.0,20,3,3,1.0,1,94,0.667,0.053308366831217396,0
examples\tutorial\tests\test_auth.py,c3dd7b8e4c9e322c413f4a49e5d15aceafd17c2d,2018-04-09,David Lord,rewrite tutorial docs and example,0,0,0,0,0.0,44,5,5,1.0,1,240,2.8,0.053233771328618874,0
flask\helpers.py,2506c0b9a96d48f14624acfa552fc88e38a542ae,2014-02-08,Armin Ronacher,Fixed sending etags for file streams with a name.  This fixes #930.,0,116,28,1316,0.0086,334,26,110,4.231,29,4000,2.0,0.05316735370852331,0
scripts\testproj\test.py,99bb902cc351c32c4646d6baeaa3de3bc9086718,2011-06-05,Armin Ronacher,Error handler deprecation,0,1,1,0,0.0,22,5,5,1.0,1,69,0.4,0.05301565296097816,0
flask\helpers.py,1f0ca894a27f12131079c27eccdcc3fc9283eadd,2016-09-11,Armin Ronacher,Killed now dead code,0,155,44,2262,0.0129,369,29,120,4.138,25,4441,2.0,0.052870803164423164,0
flask\helpers.py,71e10be28665eee6a919045f9e5d8773508dc756,2016-08-26,Markus Unterwaditzer,"Properly remove f.name usage in send_file (#1988)

* Properly remove f.name usage in send_file

* Update changelogs

* Fix tests",0,152,43,2246,0.0132,373,29,120,4.138,25,4458,2.0,0.052870803164423164,0
flask\helpers.py,09fec941f4a1a69d6e1ad793a6a9c0e3df17d8d1,2016-09-18,Bruno Thalmann,Removed unused import. (#2026),0,156,44,2269,0.0128,369,29,120,4.138,25,4440,2.0,0.052870803164423164,0
flask\helpers.py,92ce20eeacf5de24803abaf70a3658806fa4d74f,2016-09-04,Roman,"Fix error in send_file helper (#2003)

* Fix error in send_file (mimetype_filename is not defined)

* fix formatting error message in send_file",0,153,43,2256,0.0131,373,29,120,4.138,25,4459,2.0,0.052870803164423164,0
flask\helpers.py,b51ab3ff2c4af7e592e649e0e97657154b79c11f,2018-05-28,David Lord,"encode filenames as ascii instead of latin-1
latin-1 is allowed by pep3333, but that breaks gunicorn",0,185,53,2886,0.0108,411,32,128,4.0,27,4743,1.844,0.05251311396845636,0
flask\helpers.py,5965cb7e1cfcaa329d811d133af373deb8090ec3,2018-04-29,David Lord,"rename to FLASK_SKIP_DOTENV, add docs, test",0,184,53,2858,0.0109,411,32,128,4.0,27,4726,1.844,0.05251311396845636,0
flask\helpers.py,b2aae044ca9c9875c594d57a3bd92bd80d8d56ff,2013-02-28,Paulo Poiati,"Flash messages signals

If we send a signal when a template is rendered why not when a message
is flashed? One real world use case is in tests, this s",0,100,23,971,0.01,321,26,108,4.154,28,3927,2.0,0.05239291987229428,0
examples\minitwit\minitwit.py,33850c0ebd23ae615e6823993d441f46d80b1ff0,2010-04-06,Armin Ronacher,Initial checkin of stuff that exists so far.,0,0,0,0,0.0,172,17,44,2.588,9,878,0.588,0.05229838299883975,0
flask\ctx.py,d0dc89ea802130e8a3a16b4fba73fa10815c09fb,2010-07-02,Justin Quick,"in with the new. i have the bits in places where i think they should be, now i just need to work on the import scheme layout",0,0,0,0,0.0,34,6,11,1.833,4,225,1.667,0.05229572597727604,0
tests\blueprintapp\apps\admin\__init__.py,c9a2ad2b8d079c0ecca701f4c0b15390437c4843,2011-07-16,Armin Ronacher,Fixed a bug in list_templates,0,1,1,28,0.0,10,2,2,1.0,1,34,0.0,0.05225867208083605,0
tests\test_views.py,961db8ad7290f1bd91058b11a5de31e27bf28563,2014-09-11,Markus Unterwaditzer,Made tests recognizable,0,0,0,0,0.0,121,27,27,1.0,1,507,1.037,0.05221112210619204,0
flask\helpers.py,76e2f9cd0396c71eedf7e3b1dabf60f36585722e,2014-02-09,Armin Ronacher,Fixed send_from_directory not rebasing to the root path.  This fixes #921,0,117,28,1317,0.0085,336,26,111,4.269,29,4013,2.0,0.052144626435796045,0
flask\session.py,d0dc89ea802130e8a3a16b4fba73fa10815c09fb,2010-07-02,Justin Quick,"in with the new. i have the bits in places where i think they should be, now i just need to work on the import scheme layout",0,0,0,0,0.0,15,3,3,1.0,1,106,2.0,0.0520905485579853,0
scripts\flask-07-upgrade.py,85efa3f89571d66071b86110bf7b615e38234aa8,2011-06-27,Armin Ronacher,Updated upgrade script to no longer change url_for that don't need to be changed,0,13,1,21,0.0,228,19,81,4.263,11,1098,1.526,0.05185855547136891,0
flask\cli.py,3bdb90f06b9d3167320180d4a5055dcd949bf72f,2014-04-28,Armin Ronacher,Added click support to Flask,0,0,0,0,0.0,225,21,62,2.952,8,1404,2.048,0.05165742018647606,0
flask\testsuite\deprecations.py,3069e2d7f73f80ebc342029616a5cbc5381cfdf1,2011-08-26,Armin Ronacher,Fight the generic asserts!,0,1,1,0,0.0,21,4,4,1.0,1,99,0.5,0.0515492688622855,0
src\flask\cli.py,ded3d642a762823702848c5e5c4e041a676a10a1,2019-07-10,David Lord,pass sys.argv to flask cli,0,4,1,39,0.0,603,36,151,4.194,12,3612,2.472,0.05133265288056117,0
setup.py,0bb8b4f9a1c61fcf473e5ca7a10cc3ed4f30766f,2010-04-16,Armin Ronacher,Beefed up setup.py,0,4,1,10,0.0,28,0,0,0.0,0,174,0.0,0.051302911904311375,0
examples\minitwit\test_minitwit.py,8fa5e32d9a1fdf042632bd8fcd0b44dd8031b639,2014-09-11,Markus Unterwaditzer,Tests pass now.,0,0,0,0,0.0,100,11,14,1.273,3,659,1.727,0.0512936012286921,0
examples\apishowcase\apishowcase.py,03168a5d53457fdb8676a4ac9fca0f76a23c6852,2010-04-11,Armin Ronacher,Removed the useless apishowcase example,0,1,1,5,0.0,16,3,4,1.333,2,114,0.333,0.05091362780253401,0
flask\helpers.py,0a7cc2b113a6785006699b5b2bedcc50d0aa4a1a,2014-09-06,Markus Unterwaditzer,Fix typo,0,124,29,1526,0.0081,354,27,116,4.296,29,4296,2.037,0.05066229187017388,0
flask\testsuite\blueprints.py,4cb6eea8f1e1edc707874f72cbca43a0f698ec7d,2011-08-26,Armin Ronacher,Split up testsuite and moved it to flask.testsuite.  This fixes #246,0,0,0,0,0.0,340,56,62,1.107,5,1342,0.554,0.049638247344538415,0
src\flask\cli.py,c478e5d52f4985a9a58f1ac1d229b47e9f6fe24f,2019-07-10,David Lord,pass sys.argv to flask cli,0,3,1,39,0.0,603,36,151,4.194,12,3612,2.472,0.0495548751027834,0
flask\helpers.py,25de45cbb6fc7304f67b685034151f9ac6ea0df5,2019-01-05,Matt Robenolt,"Add support for PathLike objects in static file helpers

See: https://www.python.org/dev/peps/pep-0519/

This is mostly encountered with pathlib in py",0,186,53,3109,0.0108,415,32,129,4.031,28,4766,1.844,0.04908454253988493,0
flask\helpers.py,1beb0f2e7f8c60df41cd7b198c1ed1748a0fea3d,2012-07-02,Armin Ronacher,Fixed a syntax error,0,88,19,730,0.0114,338,29,112,3.862,28,4083,1.931,0.049048959379329286,0
flask\testsuite\signals.py,3069e2d7f73f80ebc342029616a5cbc5381cfdf1,2011-08-26,Armin Ronacher,Fight the generic asserts!,0,1,1,0,0.0,72,13,17,1.308,2,263,0.923,0.04874539157140626,0
flask\testsuite\helpers.py,4cb6eea8f1e1edc707874f72cbca43a0f698ec7d,2011-08-26,Armin Ronacher,Split up testsuite and moved it to flask.testsuite.  This fixes #246,0,0,0,0,0.0,239,29,36,1.241,2,1027,0.586,0.048399086171875834,0
examples\tutorial\tests\test_blog.py,c3dd7b8e4c9e322c413f4a49e5d15aceafd17c2d,2018-04-09,David Lord,rewrite tutorial docs and example,0,0,0,0,0.0,68,8,8,1.0,1,327,2.75,0.048185525049989346,0
flask\helpers.py,b146d8277ab90cf6d43ea54113383076e4fd0318,2012-10-07,Armin Ronacher,Added wrapper module around simplejson/json for much simplified customization.,0,96,20,828,0.0104,314,26,106,4.077,28,3864,2.0,0.04787354458131521,0
flask\helpers.py,275f830c8346c29af424b1ed2f2ffabee2408ec8,2012-10-17,Mitchell Peabody,"There was a duplicated call to url_adapter.build(...)

    try:
        rv = url_adapter.build(endpoint, values, method=method,
                      ",0,97,20,837,0.0103,312,26,106,4.077,28,3855,2.0,0.04787354458131521,0
flask\wrappers.py,d0dc89ea802130e8a3a16b4fba73fa10815c09fb,2010-07-02,Justin Quick,"in with the new. i have the bits in places where i think they should be, now i just need to work on the import scheme layout",0,0,0,0,0.0,18,2,6,3.0,3,275,1.0,0.04778065810593389,0
flask\helpers.py,edb65cc0f056bdfb201531066976e1cb8a90ad1f,2016-01-10,nivm,remove 'flask' from etags to obscure server technologies,0,143,36,2017,0.014,358,28,117,4.179,29,4333,2.0,0.04722240256617478,0
flask\helpers.py,cc536c8a7b6f61fedb2d0cb1abdd643d8e987afe,2016-04-01,Shipeng Feng,Fixed stream_with_context if decorated function has parameters,0,144,37,2100,0.0139,358,28,117,4.179,29,4335,2.0,0.04722240256617478,0
flask\testsuite\reqctx.py,097353695e3178a38403b204ae4889c8a32bf997,2013-05-14,Armin Ronacher,Added flask.copy_current_request_context which simplies working with greenlets,0,0,0,0,0.0,146,18,23,1.278,4,547,0.444,0.04692851442563871,0
examples\minitwit\minitwit_tests.py,f2dc38cda61f76c64b97ab9f730accc986a4b188,2010-04-11,Armin Ronacher,Added tests for minitwit.  Testing with Flask is awesome,0,0,0,0,0.0,97,10,13,1.3,3,639,1.9,0.04686942951051076,0
flask\helpers.py,a293b99b219c13ea94b33a2470a545e07c73b804,2014-04-11,Armin Ronacher,Fixed the last changeset.,0,119,28,1378,0.0084,343,27,114,4.222,29,4152,2.0,0.046824496565666174,0
flask\helpers.py,40118e785f0ec69bb519c7f34dcceb092006aa02,2019-01-07,garenchan,"Make sure the attachment filename is text type.
If attachment filename is bytes type and contains non-ascii coded bytes,
then the following ASCII enco",0,189,55,3110,0.0106,413,32,129,4.031,28,4753,1.844,0.04668454253988493,0
flask\helpers.py,1501b79293b9441509d1911ad3da5b0e1871b1dd,2014-11-05,defuz,docs: :exc:`TypeError`,0,133,31,1586,0.0075,354,27,116,4.296,29,4298,2.037,0.046675512454431724,0
flask\helpers.py,94a3968d69c30c54ea60939a5a84c5bac33601bb,2015-03-05,Markus Unterwaditzer,Untangle logic a bit,0,136,33,1707,0.0147,353,27,116,4.296,29,4282,2.037,0.046574697458921586,0
tests\test_converters.py,1ff98a2d21f6800b7b97195e0f9c90776ffb8f9b,2019-06-13,Elad Moshe,"wait until app ctx is ready before matching url

`RequestContext.match_request` is moved from `__init__` to `push`. This
causes matching to happen lat",0,0,0,0,0.0,25,7,8,1.143,2,110,1.714,0.0464057909310875,0
flask\helpers.py,52fa195d459a70f8ef73e954b20a9512b2f5001b,2014-04-23,Carlos E. Garcia,few mispelling errors,0,121,28,1390,0.0083,354,27,116,4.296,29,4252,2.037,0.04625327430966131,0
flask\helpers.py,d4b3d16c142e2189c6faf8f784a195e7f827c596,2014-04-11,Armin Ronacher,Better support for namespace packages.,0,120,28,1378,0.0083,354,27,116,4.296,29,4252,2.037,0.04625327430966131,0
flask\helpers.py,29f7c10a5dea499f64188e29a4e08161dbf14eff,2015-02-07,Edward Z. Yang,"Remove bad security advice about send_file.

Signed-off-by: Edward Z. Yang <ezyang@cs.stanford.edu>",1,135,32,1681,0.0074,354,27,116,4.296,29,4298,2.037,0.04581836959728887,0
flask\helpers.py,0049922f2e690a6d58f335ca9196c95f1de84370,2017-03-23,Antonio Larrosa,"Fix send_file to work with non-ascii filenames

This commit implements https://tools.ietf.org/html/rfc2231#section-4 in
order to support sending unico",0,160,47,2455,0.0125,385,29,121,4.172,26,4526,2.0,0.04573311363732925,0
flask\helpers.py,ec3d5800f2c8d6803c426babb0b6df0fa36f866f,2014-10-27,Petr Zemek,"Put two spaces before inline comments when there is only one space.

PEP8 (E261) suggests to use at least two spaces before inline comments.",0,125,29,1577,0.008,354,27,116,4.296,29,4296,2.037,0.04572849396076622,0
flask\helpers.py,310fbfcf64f40f237068fddbbbe45315f9935eca,2018-02-08,David Lord,"revert copyright year to project start
add copyright header to files",0,182,53,2778,0.011,406,31,126,4.065,27,4673,1.871,0.04417545163079401,0
flask\helpers.py,49a38ed9995c5fa8fd07fde732845cbc08e890b0,2018-04-18,David Lord,use theme provided by pallets-sphinx-themes,0,183,53,2847,0.0109,406,31,126,4.065,27,4673,1.871,0.04417545163079401,0
flask\testsuite\views.py,4cb6eea8f1e1edc707874f72cbca43a0f698ec7d,2011-08-26,Armin Ronacher,Split up testsuite and moved it to flask.testsuite.  This fixes #246,0,0,0,0,0.0,81,20,20,1.0,1,326,1.05,0.04398754332294593,0
flask\helpers.py,d526932a09557be4aff6d27261cabb7c5c5ebb8d,2015-10-24,Timo Furrer,support timedelta for SEND_FILE_MAX_AGE_DEFAULT config variable,0,142,35,1939,0.0141,358,28,117,4.179,29,4334,2.0,0.04385796184159776,0
flask\helpers.py,9554844e2ac3e50872aab6f7b54c277ff582cd13,2014-04-11,Armin Ronacher,Added workaround for Python 3.3's frozen loader,0,118,28,1378,0.0085,343,27,114,4.222,29,4150,2.0,0.043738782279951885,0
tests\test_json.py,a0e2aca770c756d9f7de53339e2cf9067a52df11,2020-10-31,David Lord,move json tests to separate file,0,0,0,0,0.0,308,42,54,1.286,3,1203,1.548,0.04365849463045241,0
tests\test_helpers.py,961db8ad7290f1bd91058b11a5de31e27bf28563,2014-09-11,Markus Unterwaditzer,Made tests recognizable,0,0,0,0,0.0,562,69,83,1.203,3,2310,0.812,0.0435994720871752,0
flask\helpers.py,7186a5aaf571e1d08a617138867998cbea518522,2016-09-26,Joël Charles,"make use of range requests if available in werkzeug (#2031)

* make use of range requests if available in werkzeug

* different logic for testing we",0,158,45,2277,0.0127,381,29,121,4.172,26,4512,2.0,0.04333311363732926,0
flask\helpers.py,3fc8be5a4e9c1db58dcc74d3d48bf70b6a8db932,2017-01-17,Kim Blomqvist,"Disable debug when FLASK_DEBUG=False (#2155)

Convert FLASK_DEBUG envvar to lower before test if in tuple",0,159,46,2390,0.0126,381,29,121,4.172,26,4513,2.0,0.04333311363732926,0
tests\test_blueprints.py,961db8ad7290f1bd91058b11a5de31e27bf28563,2014-09-11,Markus Unterwaditzer,Made tests recognizable,0,0,0,0,0.0,476,91,98,1.077,4,2049,0.692,0.043105953090804526,0
flask\helpers.py,17eee81da085e979029180895da2d1887182264d,2014-11-05,defuz,"docs: ``Flask-Uploads``, ``X-Forwarded-Host``",0,131,31,1586,0.0076,354,27,116,4.296,29,4296,2.037,0.043075512454431725,0
flask\helpers.py,d338dc8a1369d56cc998c9688ae9e818ba9a5df5,2014-11-05,defuz,"docs: ``.html``, ``.py``",0,132,31,1586,0.0076,354,27,116,4.296,29,4297,2.037,0.043075512454431725,0
flask\helpers.py,ad011bc32d7b9160354efafcd43e20f7042a6a13,2014-11-05,defuz,"docs: ``DEBUG``, ``SERVER_NAME``, ``PATH_INFO``",0,130,31,1586,0.0077,354,27,116,4.296,29,4296,2.037,0.043075512454431725,0
flask\helpers.py,a8f570cc6225e22d0411cf20b0102a92f319e4e3,2014-11-05,defuz,"docs: :file:`app.py`, :file:`yourapp/templates`",0,129,31,1586,0.0078,354,27,116,4.296,29,4296,2.037,0.043075512454431725,0
flask\helpers.py,8284217593d5ea3d4bdeaed1e146fa94578b7999,2014-11-05,defuz,"docs: ``True``, ``False`` and ``None``",0,128,30,1586,0.0078,354,27,116,4.296,29,4295,2.037,0.043075512454431725,0
flask\helpers.py,d23b160e6df5d13e7db7a5e53afab6db306efe3c,2019-05-16,RyanSquared,"helpers.py: Fix docs of url_for(..., _external=True)",0,191,57,3239,0.0105,413,32,129,4.031,28,4765,1.844,0.042854755305842374,0
flask\helpers.py,33534bb4a9937e6faba5ecec4586519f453369b6,2015-01-02,Parkayun,Happy New Year 2015,0,134,31,1644,0.0075,354,27,116,4.296,29,4298,2.037,0.04281836959728887,0
src\flask\typing.py,afc907fd0d4a4e96398829d75ded9711a3046070,2021-05-17,David Lord,use _typeshed.wsgi instead of wsgiref.types,0,1,1,21,0.0,35,0,0,0.0,0,203,0.0,0.042392129724430815,0
flask\helpers.py,bf023e7dc0bae78ff0ab14dc9f10a87e2b56f676,2017-03-30,Antonio Larrosa,"Remove unidecode dependency and use unicodedata instead

I found a way to remove the unidecode dependency without sacrificing
much by using unicodedat",0,162,48,2462,0.0123,387,29,121,4.172,26,4530,2.0,0.042358113637329255,0
flask\helpers.py,6ef45f30ab0e95d80ee2a29168f098e9037b9e0b,2017-03-24,Antonio Larrosa,"Fix previous commits to work with python 2 and python 3

Also, parse_options_header seems to interpret filename* so we better
test the actual value us",0,161,48,2457,0.0124,385,29,121,4.172,26,4527,2.0,0.042358113637329255,0
flask\helpers.py,025589ee766249652e2e097da05808fe64911ddc,2019-05-06,David Baumgold,"Reformat with black

https://github.com/python/black",0,190,56,3230,0.0105,453,32,132,4.125,31,4815,1.844,0.04170630221381852,0
flask\json\__init__.py,5e1ced3c055f7eb567bf7266c98de3d44ceea1b4,2017-06-01,David Lord,"make session serializer extensible
support serializing 1-item dicts with tag as key
refactor serializer into flask.json.tag module
continues #1452, cl",0,0,0,0,0.0,108,13,41,3.154,7,1139,2.0,0.04150373347832933,0
flask\helpers.py,851ca95778ded1b4b97fa92ddd45ab5b43fdcd90,2017-09-23,Grey Li,Fix typo in comment,0,175,50,2639,0.0114,406,30,121,4.033,27,4626,1.967,0.04139672928652603,0
flask\helpers.py,723e6650048bc8097da20b23ebddcd4c0ad6bc61,2017-06-26,David Lord,remove deprecated Request.module,0,174,50,2550,0.0115,406,30,121,4.033,27,4627,1.967,0.04139672928652603,0
flask\testsuite\templating.py,4cb6eea8f1e1edc707874f72cbca43a0f698ec7d,2011-08-26,Armin Ronacher,Split up testsuite and moved it to flask.testsuite.  This fixes #246,0,0,0,0,0.0,116,25,25,1.0,1,442,0.64,0.04133971510844632,0
flask\helpers.py,b570bf699c162e3223043582179db1c67b0a4c74,2019-01-07,Ignasi Bosch,Allow partial content on bytesio,0,187,54,3110,0.0107,422,32,131,4.094,30,4795,1.844,0.041113346972944685,0
flask\helpers.py,d4f6734741929f7532c03b00e732bf7db42f7c01,2014-10-27,Petr Zemek,"Remove a redundant ""the"" in a comment.",0,127,30,1577,0.0079,354,27,116,4.296,29,4295,2.037,0.040725862104781387,0
flask\helpers.py,3767e7ba4f333e5347a6e7b06e6261b8a579c3e5,2014-10-27,Petr Zemek,"Unify the uses of ""urls"" vs ""URLs"".

Use ""URLs"", which is more prevailing in the source code.",0,126,30,1577,0.0079,354,27,116,4.296,29,4296,2.037,0.040725862104781387,0
tests\test_subclassing.py,c6795eb626096ce8a14c594b27b61f3917b5e810,2014-09-21,Markus Unterwaditzer,Remove useless unittest imports,0,4,1,9,0.0,19,3,3,1.0,1,92,0.667,0.040542810476869355,0
flask\helpers.py,af32ea0b9449a2f4aeb858f546cdfea7254342fb,2018-02-06,David Lord,bump dependency versions,0,181,53,2775,0.011,406,31,126,4.065,27,4673,1.871,0.04034566439675147,0
flask\helpers.py,d50a5db5ed07a14733b8cbfc0962b793209014dd,2017-04-07,Antonio Larrosa,Keep using only filename if it's valid ascii,0,163,48,2471,0.0123,394,29,122,4.207,27,4543,2.0,0.03995811363732925,0
flask\helpers.py,c1973016eacfb22fdec837394d8b89c0ca35ad15,2017-04-07,David Lord,"style cleanup
break out header parts in test
test for no filename* parameter for ascii header",0,164,48,2471,0.0122,393,29,122,4.207,27,4566,2.0,0.03995811363732925,0
tests\test_signals.py,961db8ad7290f1bd91058b11a5de31e27bf28563,2014-09-11,Markus Unterwaditzer,Made tests recognizable,0,0,0,0,0.0,114,20,26,1.3,2,416,1.05,0.03979708080239174,0
tests\conftest.py,b1c0951ad690a83e49bfd005853a7b09cdb44cb0,2014-09-11,Markus Unterwaditzer,Move fixtures,0,0,0,0,0.0,66,11,14,1.273,2,334,1.818,0.0397570315146006,0
flask\helpers.py,a30951ec28e23a5d1c9380c4bd5844f2290c1dc8,2016-09-10,Armin Ronacher,Do not error for unknown files if send_file sends an actual file,0,154,44,2261,0.013,374,29,121,4.172,26,4463,2.0,0.03947020154941716,0
flask\helpers.py,54cbb4e64297d68ff6c9ef3fe03c283448e3533f,2019-06-27,David Lord,"send_file quotes "":/"" in UTF-8 filename",0,202,65,3281,0.0099,413,32,129,4.031,28,4761,1.844,0.0393823671447966,0
flask\helpers.py,e666f7a69c737fef8236237671be4da5910e9113,2019-06-22,David Lord,standardize license and copyright,0,201,65,3277,0.01,413,32,129,4.031,28,4759,1.844,0.0393823671447966,0
flask.py,33850c0ebd23ae615e6823993d441f46d80b1ff0,2010-04-06,Armin Ronacher,Initial checkin of stuff that exists so far.,0,0,0,0,0.0,185,28,49,1.75,6,1432,1.857,0.03937532434201898,0
flask\helpers.py,366f3f49af72702066da60476fa5e02d030c936b,2019-01-07,David Lord,add changelog for GH-2957,0,188,55,3110,0.0106,422,32,131,4.094,30,4805,1.844,0.038713346972944686,0
flask\helpers.py,93fe1d54bd44b190aa0f58990bc397bf22324452,2015-07-16,Christian Becker,"make external_url_handler example py3 compliant

- a raises statement with multiple values is no longer allowed in python 3",0,140,34,1839,0.0143,355,27,116,4.296,29,4298,2.037,0.03859939041302631,0
flask\helpers.py,128bc76af0f6c16ba71b41851be800ccdf354752,2015-07-16,lobeck,"Revert ""make external_url_handler example py3 compliant""",0,141,35,1839,0.0142,355,27,116,4.296,29,4295,2.037,0.03859939041302631,0
flask\helpers.py,bc4c1777e9aaee1c404ab06dc92893da21f2cea7,2015-06-11,Markus Unterwaditzer,Document static_folder,0,139,34,1804,0.0144,355,27,116,4.296,29,4295,2.037,0.03859939041302631,0
flask\testsuite\basic.py,4cb6eea8f1e1edc707874f72cbca43a0f698ec7d,2011-08-26,Armin Ronacher,Split up testsuite and moved it to flask.testsuite.  This fixes #246,0,0,0,0,0.0,850,139,167,1.201,8,3294,0.604,0.038254751914817885,0
src\flask\__init__.py,43483683b2bc8da85f00ccccdfb8d9d5c77a6bb3,2019-06-01,David Lord,apply reorder-python-imports pre-commit config,0,1,1,0,0.0,44,0,0,0.0,0,227,0.0,0.037792632354353844,0
flask\helpers.py,f7c35bf0d51d1ae02709e39fe29110e12f64fb87,2017-05-16,David Lord,"safe_join on Windows uses posixpath

fixes #2033
closes #2059",0,170,50,2509,0.0118,382,29,121,4.172,26,4512,2.0,0.037653352663149404,0
flask\helpers.py,8458cc5cd10bac1dabea3dae86424bce46926a49,2016-06-03,Dan Sully,"Remove deprecation warnings for add_etags & mimetype guessing for send_file()

Fix #1849",0,148,39,2162,0.0135,359,29,119,4.103,26,4304,1.966,0.03754044252061024,0
tests\test_ext.py,961db8ad7290f1bd91058b11a5de31e27bf28563,2014-09-11,Markus Unterwaditzer,Made tests recognizable,0,0,0,0,0.0,96,17,31,1.824,10,494,0.941,0.03714875975461622,0
flask\helpers.py,9f1be8e795ace494018689c87d8a5e5601313e4d,2016-04-02,David Hou,"Raise BadRequest if static file name is invalid

* Raise BadRequest if static file name is invalid

* Clean up syntax a bit

* Remove unnecessary ",0,145,38,2101,0.0138,361,28,118,4.214,29,4342,2.0,0.03711155689011171,0
flask\helpers.py,af515cc7ea561292b07195c6a93662b7ca189e21,2016-06-05,Prachi Shirish Khadke,"Add last_modified arg for send_file

Enhancement: Add last_modified arg of type DateTime to send_file.

Fixes pallets/flask#1321",0,150,41,2164,0.0133,367,29,123,4.241,28,4356,2.0,0.03689877297798859,0
flask\helpers.py,0d19fa0a061d91f0a6fec5cc60af4a4c1b46aa9b,2015-05-31,Markus Unterwaditzer,"Clarify some docs

Fix #1476",0,137,33,1793,0.0146,353,27,116,4.296,29,4283,2.037,0.03688898317320731,0
flask\helpers.py,b8eba0a3fa940f85d43aa2a26bd31a75a446eb28,2017-05-29,David Lord,"use existing response.vary property to set vary header
closes #2345",0,172,50,2522,0.0116,403,30,125,4.167,27,4619,1.967,0.03648763837743513,0
flask\helpers.py,c52e1b7388c17466a551391cdf81964bf0b7aef0,2017-11-25,ThiefMaster,"Fix ValueError for some invalid Range requests

fixes #2526",0,176,51,2702,0.0114,383,29,122,4.207,27,4517,2.0,0.03636763837743512,0
examples\tutorial\setup.py,fce1885f7614c60c7cd8e4a4eadc5b99fe036264,2018-04-12,David Lord,add javascript ajax example,0,1,1,3,0.0,26,0,0,0.0,0,67,0.0,0.03635371547297592,0
examples\celery\src\task_app\tasks.py,3f195248dcd59f8eb08e282b7980dc04b97d7391,2023-02-10,David Lord,add celery example,0,0,0,0,0.0,15,3,4,1.333,2,65,1.333,0.036146966752305165,0
examples\tutorial\tests\conftest.py,c3dd7b8e4c9e322c413f4a49e5d15aceafd17c2d,2018-04-09,David Lord,rewrite tutorial docs and example,0,0,0,0,0.0,39,7,7,1.0,1,188,1.286,0.036136142625777905,0
flask\helpers.py,7c271401b284e6fcc2040fffe317342e2a17a902,2016-06-05,David Lord,pass value directly to last_modified,0,151,42,2165,0.0132,364,29,122,4.207,27,4337,2.0,0.03608882961738443,0
flask\helpers.py,03ea11fe76a593c146c347f49d8285efb36bb886,2016-06-04,Giampaolo Eusebi,Make safe_join able to safely join multiple paths,0,149,40,2163,0.0134,362,29,121,4.172,26,4320,1.966,0.03608882961738443,0
flask\helpers.py,523e27118359425048541d92892f20ee048c0b76,2016-05-26,Armin Ronacher,Implemented simplified CLI interface,0,147,39,2154,0.0136,365,29,120,4.138,29,4359,1.966,0.03608882961738443,0
flask\helpers.py,805692108ae973281d793250ca883cc1412ab08d,2015-06-06,Keyan Pishdadian,Update send_file() docs to clarify encoding requirement #1286,0,138,33,1799,0.0145,353,27,116,4.296,29,4286,2.037,0.035830159643795545,0
examples\celery\src\task_app\views.py,3f195248dcd59f8eb08e282b7980dc04b97d7391,2023-02-10,David Lord,add celery example,0,0,0,0,0.0,28,4,6,1.5,3,128,0.25,0.035222814905897515,0
flask\helpers.py,333865ea34acefbca565170881ff403fd7840d57,2018-01-05,David Lord,windows python 2 doesn't provide inet_pton,0,177,52,2744,0.0113,413,30,125,4.167,28,4666,1.967,0.03497325302434009,0
flask\helpers.py,09b49104f39f111b58d60a819551cca4bde305cc,2017-04-12,David Lord,"filename can be latin-1, not just ascii
only normalize basic name when utf-8 header is needed
ref #2223",0,165,48,2475,0.0121,391,29,122,4.207,27,4563,2.0,0.03488412189391864,0
flask\helpers.py,19fbe3a18f36b02f22f8f545e015f60343c844ac,2017-04-20,rocambolesque,Add scheme to url_build error handler parameters,0,166,48,2483,0.012,392,29,122,4.207,27,4566,2.0,0.03488412189391864,0
tests\test_json_tag.py,fd8b95952c3891c402b18d1d35c6a2d263b8c6fb,2017-06-02,David Lord,add tests for flask.json.tag,0,0,0,0,0.0,49,8,8,1.0,1,182,1.125,0.034295476026273815,0
tests\test_config.py,961db8ad7290f1bd91058b11a5de31e27bf28563,2014-09-11,Markus Unterwaditzer,Made tests recognizable,0,0,0,0,0.0,322,31,56,1.806,3,1377,1.129,0.03411880502824714,0
flask\helpers.py,22e072379b9fcffd229cdd239dd3ff5ed4eed571,2018-01-06,Hsiaoming Yang,cleanup werkzeug import (#2582),0,178,52,2744,0.0112,407,30,125,4.167,28,4643,1.967,0.033882343933430994,0
examples\patterns\largerapp\tests\test_largerapp.py,46c1383919454ae281967316d6d6fb33bce9b773,2016-12-31,wgwz,Remove unneccessary arg in client fixture,0,1,1,0,0.0,10,2,2,1.0,1,32,0.5,0.03377156320316034,0
flask\helpers.py,235c830759beca55a9d141c689f2a8c88a19f3d2,2017-06-06,David Lord,"document inherited attributes for Flask and Blueprint
closes #480
[ci skip]",0,173,50,2530,0.0116,410,30,125,4.167,27,4661,1.967,0.03348763837743512,0
flask\helpers.py,87c2e121e0bf32f5234eabbf4773a82f9d5523d2,2018-01-10,David Lord,clean up FLASK_ENV docs [ci skip],0,180,53,2749,0.0111,409,31,127,4.097,28,4699,1.871,0.033453772504859564,0
flask\helpers.py,2433522d2967b8a5e46f16de587a8fac5088a47c,2018-01-06,Armin Ronacher,"Add Support for FLASK_ENV (#2570)

This introduces environments to Flask",0,179,53,2744,0.0112,415,31,128,4.129,28,4662,1.871,0.033453772504859564,0
flask\signals.py,e0712b47c6e5bc98f2afd8b0a82cc5005dc58722,2010-07-17,Armin Ronacher,Added support for signals,0,0,0,0,0.0,26,3,3,1.0,1,214,3.0,0.033206592592151314,0
flask\testsuite\config.py,4cb6eea8f1e1edc707874f72cbca43a0f698ec7d,2011-08-26,Armin Ronacher,Split up testsuite and moved it to flask.testsuite.  This fixes #246,0,0,0,0,0.0,143,14,22,1.571,3,602,1.0,0.03301536656821774,0
flask\helpers.py,6aee9f6d77e0696bd570d6095445d73c48539f8a,2016-05-22,Armin Ronacher,"Resolve state issue for url_for with forced scheme

This fixes #1596",0,146,39,2150,0.0137,367,28,120,4.286,29,4385,2.0,0.032971500250715866,0
examples\tutorial\flaskr\__init__.py,c3dd7b8e4c9e322c413f4a49e5d15aceafd17c2d,2018-04-09,David Lord,rewrite tutorial docs and example,0,0,0,0,0.0,26,2,4,2.0,3,182,0.5,0.03278543737115157,0
flask\helpers.py,ad709be46e660b76263a50bfecdb390f0863a90c,2019-05-17,icreatedanaccount,Allow mode='rt' on open_resource() helper,0,192,58,3241,0.0104,455,32,133,4.156,31,4832,1.844,0.03228647975990666,0
flask\helpers.py,cd14adbc1e834b0accc3b593a77d60d3cadddc8b,2019-05-31,Ryan Thielke,Issue #3226: Remove unused werkzeug datastructure import,0,197,61,3254,0.0102,454,32,133,4.156,31,4898,1.844,0.03228647975990666,0
flask\helpers.py,55ad09c9024d2f0d23123c934e505042516cc796,2019-05-31,Scott Crosby,Move python properties to decorator syntax,0,198,62,3254,0.0101,450,32,133,4.156,31,4894,1.844,0.03228647975990666,0
flask\helpers.py,a3272941ce76a212e9d8d55722a0b230b963411d,2019-05-31,Paul Butler,Clarify documentation about how url_for uses configuration values (#2759),0,199,63,3255,0.0101,454,32,133,4.156,31,4914,1.844,0.03228647975990666,0
flask\helpers.py,b46f5942a528053034fecf210572ee04bc4a3284,2019-06-01,Jon S. Stumpf,address flake8 issues,0,200,64,3255,0.01,450,32,133,4.156,31,4909,1.844,0.03228647975990666,0
flask\helpers.py,a12bf290da4e5ccc9cc7bd00a8e1ba8bccb50586,2019-05-25,Pete Beardmore,"fix 'static_url_path' defaulting for empty paths

-prefix a path delimiter iff there's a path to delimit
-ensures a valid default static route rule is",0,195,60,3248,0.0103,456,32,133,4.156,31,4885,1.844,0.03228647975990666,0
flask\helpers.py,ec1ccd753084c6ff3215b9a64ba46d6af56715bd,2019-05-24,Anthony Plunkett,"Add Blueprint level cli command registration

Implements #1357.
Adds ability to register click cli commands onto blueprint.",0,194,59,3248,0.0103,455,32,132,4.125,31,4880,1.844,0.03228647975990666,0
flask\helpers.py,6f703a564c97b034eb0e98419595b7fa32d3562a,2019-05-17,David Lord,clean up open_resource and tests,0,193,59,3241,0.0104,453,32,132,4.125,31,4838,1.844,0.03228647975990666,0
flask\helpers.py,ed9ab2d3b6fc005b3807ddf484e85160233ffc82,2019-05-25,David Lord,strip static url trailing slash at assignment,0,196,61,3248,0.0102,454,32,133,4.156,31,4899,1.844,0.03228647975990666,0
examples\persona\persona.py,5f648a8eb801e4ee6038a87cec11b416e0763a61,2013-06-09,Armin Ronacher,Added Persona example,0,0,0,0,0.0,37,4,7,1.75,3,183,0.0,0.031668288021082146,0
docs\conf.py,4ec7d2a0d8eac4f915dc0d38a886cd57045bb0c4,2010-04-06,Armin Ronacher,"Started working on documentation.

So far just the stable parts :)",0,0,0,0,0.0,19,0,0,0.0,0,1062,0.0,0.031630852866780586,0
flask\helpers.py,a5ecdfa7a57bf6bcba7391fc6d356e3f7de33e57,2019-07-01,Anthony Sottile,"Fixes for PEP451 import loaders and pytest 5.x

- pytest 5.x drops python2 compatibility and therefore only implements PEP 451
- pytest 5.x made the r",0,203,65,3285,0.0099,430,33,135,4.091,28,4892,1.818,0.031473276235705686,0
setup.py,574e81f9c8bbdc41958e1e7a7613633b091101f8,2010-04-11,Armin Ronacher,Fixed a bug in setup.py,0,2,1,4,0.0,15,0,0,0.0,0,51,0.0,0.031001583155673564,0
flask\helpers.py,2a6579430649d6514384ca592730c6995e140c43,2017-05-15,David Lord,"safe_join on Windows uses posixpath
fixes #2033
closes #2059",0,169,50,2509,0.0118,403,30,125,4.167,27,4619,1.967,0.030916209806006546,0
flask\helpers.py,bdf31cd423a295de2f6956b2e8da1d8f26c91858,2017-05-25,David Lord,extract patch_vary_header to helpers,0,171,50,2518,0.0117,411,31,131,4.226,27,4678,1.968,0.030916209806006546,0
flask\helpers.py,f75ad9fca2e17c4777a3d7efc65f3ccab261e22c,2017-05-13,David Lord,"refactor session cookie domain logic
cache result of session cookie domain
add warnings for session cookie domain issues
add changelog",0,168,50,2507,0.0119,402,30,125,4.167,27,4619,1.967,0.030916209806006546,0
examples\javascript\tests\test_js_example.py,fce1885f7614c60c7cd8e4a4eadc5b99fe036264,2018-04-12,David Lord,add javascript ajax example,0,0,0,0,0.0,22,3,3,1.0,1,85,3.667,0.030718512527589607,0
examples\flaskr\tests\test_flaskr.py,17d4cb3828b9520be6c4e64e6b7548a561aa6e7a,2016-07-05,Kyle Lawlor,"Address #1902: Converts example/flaskr to have a setup.py (#1945)

* Converts example/flaskr to have a setup.py

Makes the flaskr app easier to run,",0,0,0,0,0.0,48,7,7,1.0,1,263,1.143,0.030257182424998027,0
tests\test_appctx.py,961db8ad7290f1bd91058b11a5de31e27bf28563,2014-09-11,Markus Unterwaditzer,Made tests recognizable,0,0,0,0,0.0,87,17,18,1.059,2,295,0.824,0.030170599080145653,0
tests\test_apps\cliapp\factory.py,7106fb63578deef49741096d3d5aa04db89e15ae,2017-05-25,Hendrik Makait,Handle app factory with arguments in FLASK_APP,0,0,0,0,0.0,8,3,3,1.0,1,37,1.667,0.02995570697130918,0
tests\flaskext_test.py,f4bfae622b5515ebde795fb71e3cc128cc0d5ead,2010-07-23,Armin Ronacher,Added flaskext tester,0,0,0,0,0.0,65,7,17,2.429,4,258,0.714,0.029537841498158583,0
setup.py,959b5df00431c436474c5abca304e631c0de7721,2010-04-13,Armin Ronacher,Flask can depend on Jinja2 and Werkzeug now that they are relased.,0,3,1,6,0.0,17,0,0,0.0,0,51,0.0,0.029381228791802026,0
tests\test_examples.py,961db8ad7290f1bd91058b11a5de31e27bf28563,2014-09-11,Markus Unterwaditzer,Made tests recognizable,0,0,0,0,0.0,24,2,4,2.0,3,92,0.0,0.02908878692503264,0
src\flask\helpers.py,3ace642ef32eae3fa096bef85a87545eba3f53fc,2021-05-13,brettlangdon,"Use compat fspath instead of os.fspath
When 7ba35c4 was cherry-picked it introduced the
usage of os.fspath which is not supported on
Python <3.6",0,37,10,712,0.0,477,33,140,4.242,31,5075,1.818,0.02882593802095517,0
tests\blueprintapp\__init__.py,37fab7888744b23f62f678614656b686bb046379,2011-06-17,Armin Ronacher,Added a migrated moduleapp as blueprint app,0,0,0,0,0.0,6,0,0,0.0,0,25,0.0,0.028490659565336834,0
tests\moduleapp\__init__.py,d67a36cbdb20bfd9cd9931bceb8e6e3c27e9263f,2010-07-04,Armin Ronacher,Added a testcase for the improved module support,0,0,0,0,0.0,6,0,0,0.0,0,25,0.0,0.028490659565336834,0
flask\testsuite\__init__.py,4cb6eea8f1e1edc707874f72cbca43a0f698ec7d,2011-08-26,Armin Ronacher,Split up testsuite and moved it to flask.testsuite.  This fixes #246,0,0,0,0,0.0,82,16,26,1.625,4,337,1.312,0.02829778038088029,0
setup.py,1fff3e598126a084348ec2c112fdd3bc6b9a1ee0,2010-04-11,Armin Ronacher,Fixed a doc display bug and setup.py workaround for dev version.,0,1,1,4,0.0,15,0,0,0.0,0,51,0.0,0.028257585007696505,0
src\flask\helpers.py,e6178fe489b7828acc2bb8fd4b56a70b11ab6c6a,2020-02-12,Frost Ming,Handle different sep across os,0,5,2,255,0.0,477,33,140,4.242,31,5073,1.818,0.028238693269273925,0
flask\helpers.py,c3d49e29ea42d2f468bc780c15683ca197b50d02,2017-05-13,José Oliveira,"show warning if session cookie domain is ip
closes #2007",0,167,49,2507,0.012,402,30,125,4.167,27,4638,1.967,0.028146979036775776,0
examples\flaskr\test_flaskr.py,8fa5e32d9a1fdf042632bd8fcd0b44dd8031b639,2014-09-11,Markus Unterwaditzer,Tests pass now.,0,0,0,0,0.0,48,7,7,1.0,1,261,1.143,0.02800718242499803,0
examples\openidexample\openidexample.py,bc0c0559e384dc88441775a3907487f4a2b515b4,2010-05-04,Armin Ronacher,Added OpenID example,0,0,0,0,0.0,108,9,24,2.667,6,606,0.556,0.027652223920707455,0
src\flask\helpers.py,d4076cf07c70d7fccf82aba5c5acae3f3fb99447,2020-02-10,frostming,strip the ending slash for static_url_path,0,4,1,254,0.0,475,33,139,4.212,31,5066,1.818,0.027301454157309096,0
docs\flaskext.py,3d719f35f5c1ee4ce3dc01fb2167ef49c0180cf6,2010-04-10,Armin Ronacher,"Added docs, fixed some bugs I introduced last commit",0,0,0,0,0.0,76,0,0,0.0,0,492,0.0,0.02704425403866372,0
examples\tutorial\flaskr\db.py,c3dd7b8e4c9e322c413f4a49e5d15aceafd17c2d,2018-04-09,David Lord,rewrite tutorial docs and example,0,0,0,0,0.0,28,5,7,1.4,2,156,0.4,0.026652650900251623,0
flask\testsuite\examples.py,4cb6eea8f1e1edc707874f72cbca43a0f698ec7d,2011-08-26,Armin Ronacher,Split up testsuite and moved it to flask.testsuite.  This fixes #246,0,0,0,0,0.0,24,2,4,2.0,3,94,0.0,0.026517358353604067,0
tests\typing\typing_route.py,8c6f1d96ded2a22429b1ee7da6c3870cb140b587,2022-06-01,lecovi,add example code for testing typing tools,0,0,0,0,0.0,35,7,7,1.0,1,147,0.714,0.02635192153848565,0
tests\test_user_error_handler.py,fd8e6b26f9ff59bc8bccd6bd251bee5838551ba8,2015-04-11,Phil Schaf,removed ExceptionHandlerDict,0,0,0,0,0.0,77,17,17,1.0,1,261,0.353,0.02623505524844215,0
flask\testsuite\regression.py,7f4c12b33565c4d0802c4385bb2bbaa6c5735196,2011-11-05,Armin Ronacher,Break up a circular dependency on shutdown,0,0,0,0,0.0,48,8,11,1.375,3,221,1.125,0.026221667700348183,0
scripts\flask-07-upgrade.py,6dae36f94db40d242fee73d10467a25cfa90b580,2011-06-05,Armin Ronacher,Started work on an upgrade script for blueprints,0,0,0,0,0.0,123,12,44,3.667,11,578,1.583,0.02580472091831075,0
src\flask\helpers.py,7673835b3da50575a14213814ea1ccefa860260f,2020-04-04,David Lord,remove Python 2 from docs,0,6,3,308,0.0,478,33,142,4.303,33,5127,1.818,0.025781017197510248,0
tests\test_logging.py,66b1b752da1ccc67c1073d4a99c4141a1b2be445,2017-07-31,David Lord,"simplify logging configuration
single default handler and formatter
don't remove handlers
configure level once using setLevel
document logging
reorgan",0,0,0,0,0.0,64,9,9,1.0,1,239,0.889,0.025691695391788918,0
examples\tutorial\flaskr\blog.py,c3dd7b8e4c9e322c413f4a49e5d15aceafd17c2d,2018-04-09,David Lord,rewrite tutorial docs and example,0,0,0,0,0.0,78,5,14,2.8,4,407,0.8,0.025210705978902386,0
examples\apishowcase\apishowcase.py,33850c0ebd23ae615e6823993d441f46d80b1ff0,2010-04-06,Armin Ronacher,Initial checkin of stuff that exists so far.,0,0,0,0,0.0,16,3,4,1.333,2,114,0.333,0.024588376017879634,0
examples\persona\static\persona.js,5f648a8eb801e4ee6038a87cec11b416e0763a61,2013-06-09,Armin Ronacher,Added Persona example,0,0,0,0,0.0,41,9,9,1.0,1,150,1.444,0.02457228909855794,0
src\flask\helpers.py,b724832872ae4b4cd4b5f61c153eae39f1c3b213,2020-07-06,Joshua Bronson,Cherry-pick 7ba35c4 from master (support pathlib.Path for static_folder),0,14,4,401,0.0,477,33,140,4.242,31,5076,1.818,0.0243411765750981,0
tests\moduleapp\apps\admin\__init__.py,d67a36cbdb20bfd9cd9931bceb8e6e3c27e9263f,2010-07-04,Armin Ronacher,Added a testcase for the improved module support,0,0,0,0,0.0,5,1,1,1.0,1,19,0.0,0.02418900043997054,0
tests\moduleapp\apps\frontend\__init__.py,d67a36cbdb20bfd9cd9931bceb8e6e3c27e9263f,2010-07-04,Armin Ronacher,Added a testcase for the improved module support,0,0,0,0,0.0,5,1,1,1.0,1,17,0.0,0.02418900043997054,0
tests\test_apps\helloworld\hello.py,7c40aa9e50d97b7c412745a53c8cdc2597c46680,2017-06-15,Miguel Grinberg,"Import app from wsgi.py or app.py if FLASK_APP is not defined

Fixes #2376",0,0,0,0,0.0,5,1,1,1.0,1,14,0.0,0.02418900043997054,0
tests\test_meta.py,ac302fb6071a4a580234e3596dac082d6e8d8a1f,2019-07-01,Anthony Sottile,Make the changelog UTF-8 compatible,0,0,0,0,0.0,4,1,1,1.0,1,16,0.0,0.02418900043997054,0
tests\blueprintapp\apps\frontend\__init__.py,37fab7888744b23f62f678614656b686bb046379,2011-06-17,Armin Ronacher,Added a migrated moduleapp as blueprint app,0,0,0,0,0.0,5,1,1,1.0,1,17,0.0,0.02418900043997054,0
flask\testsuite\test_apps\flask_newext_package\submodule.py,c72ca16234e4dbea448ea43d002eb500c09f4932,2011-09-18,Armin Ronacher,Added tests for the import hook and fixed a problem with it.,0,0,0,0,0.0,2,1,1,1.0,1,4,0.0,0.02418900043997054,0
flask\testsuite\test_apps\flaskext\oldext_package\submodule.py,f80bfcaa28da98972002fb906c2559babe75801e,2011-09-18,Armin Ronacher,Added tests for old imports,0,0,0,0,0.0,2,1,1,1.0,1,4,0.0,0.02418900043997054,0
examples\largerapp\yourapplication\views.py,e49b73d2cf7d08a6f3aa3940b4492ee1f3176787,2016-12-30,wgwz,Adds the largerapp from the docs as an example,0,0,0,0,0.0,4,1,1,1.0,1,11,0.0,0.02418900043997054,0
tests\test_import_migration.py,0cf5881312a2256607cebe36938405a6fe5a820e,2015-02-11,Keyan Pishdadian,"Add tests, remove manual testing file #1135",0,0,0,0,0.0,26,5,5,1.0,1,126,0.0,0.02398184908262584,0
examples\flaskr\flaskr\blueprints\flaskr.py,8cf32bca519723c5d97f123127cdec81dba868f6,2017-04-01,Kyle Lawlor,Adds in blueprints and an application factory,0,0,0,0,0.0,51,7,12,1.714,4,268,0.0,0.02367213272780616,0
src\flask\helpers.py,43483683b2bc8da85f00ccccdfb8d9d5c77a6bb3,2019-06-01,David Lord,apply reorder-python-imports pre-commit config,0,1,1,0,0.0,459,32,133,4.156,31,4938,1.844,0.023259812169254893,0
examples\flaskr\flaskr_tests.py,c33675f0251071ea47ce166b81ce8c637842f091,2010-04-14,Armin Ronacher,"Added mini blogging application as Flask example.

This should become the tutorial.",0,0,0,0,0.0,39,5,5,1.0,1,237,1.4,0.02306497207407243,0
examples\openidexample\simpleopenid.py,bc0c0559e384dc88441775a3907487f4a2b515b4,2010-05-04,Armin Ronacher,Added OpenID example,0,0,0,0,0.0,60,11,17,1.545,4,419,1.545,0.022477985818375377,0
examples\flaskr\flaskr\factory.py,8cf32bca519723c5d97f123127cdec81dba868f6,2017-04-01,Kyle Lawlor,Adds in blueprints and an application factory,0,0,0,0,0.0,35,6,10,1.667,3,146,0.833,0.02246765807734029,0
src\flask\helpers.py,5d60cce2429e2c7e11e9acc5ea030464bf169f84,2020-10-29,Sebastian Höffner,Updating external_url_handler example to Python 3 (#3816),0,17,6,516,0.0,450,32,135,4.219,32,4954,1.844,0.020958830386735718,0
flask_tests.py,de03143f6ecf9a36dd32f16f07309c64d4de03b0,2010-04-12,Armin Ronacher,Added some basic tests for flask itself,0,0,0,0,0.0,53,9,9,1.0,1,239,0.333,0.020676723945578086,0
src\flask\helpers.py,980168d08498c00a14ab0f687ffac8cc50edb326,2019-11-19,David Lord,send_file doesn't allow StringIO,0,3,1,171,0.0,476,33,141,4.273,33,5122,1.818,0.019880998451720405,0
src\flask\helpers.py,f2f027d1fbc12f3ff24f3e471e11ac56e1a5d869,2020-04-04,David Lord,remove unused module docstrings,0,11,3,308,0.0,453,33,136,4.121,32,4996,1.818,0.019660990712367474,0
src\flask\helpers.py,2ae740dd4903bbe5f3864384bcdf2ab2d4638bce,2020-04-04,David Lord,f-strings everywhere,0,10,3,308,0.0,453,33,136,4.121,32,5008,1.818,0.019660990712367474,0
src\flask\helpers.py,b146a13f633b0e2e26e3b8383b3db0feb563bc83,2020-08-01,yk396,"extract common Flask/Blueprint API to Scaffold base class

Co-authored-by: Chris Nguyen <chrisngyn99@gmail.com>",0,16,5,426,0.0,450,32,135,4.219,32,4953,1.844,0.019475460098487378,0
examples\flaskr\flaskr.py,c33675f0251071ea47ce166b81ce8c637842f091,2010-04-14,Armin Ronacher,"Added mini blogging application as Flask example.

This should become the tutorial.",0,0,0,0,0.0,64,8,13,1.625,4,325,0.125,0.01932667474612896,0
src\flask\helpers.py,53c893b646252d610e877eb9385e9e250a1ae5e1,2019-06-01,David Lord,fix string concats left over by black,0,2,1,0,0.0,457,32,133,4.156,31,4938,1.844,0.019084678479415324,0
src\flask\helpers.py,7ba35c4d4fe99418cee9c87900bd0d3b38cf5bd0,2020-07-06,Joshua Bronson,"Restore support for using pathlib.Path for static_folder.

* No longer causes AttributeError: 'PosixPath' object has no
  attribute 'rstrip'.

* This ",0,13,3,400,0.0,453,33,136,4.121,32,4981,1.818,0.018980654743988034,0
flask\testsuite\ext.py,c72ca16234e4dbea448ea43d002eb500c09f4932,2011-09-18,Armin Ronacher,Added tests for the import hook and fixed a problem with it.,0,0,0,0,0.0,39,7,13,1.857,7,192,0.857,0.01877055662806492,0
tests\typing\typing_app_decorators.py,2f1d1d625697b9eca82dc8b2f46fff24dace63b1,2022-07-08,pgjones,"Add further typing tests

This should help ensure the app decorators are correctly typed.",0,0,0,0,0.0,23,6,6,1.0,1,64,0.667,0.01862514436888615,0
scripts\test_import_migration.py,9cbe83ef0d03a07a491bd26ecbe508a348ed48a1,2015-02-12,Keyan Pishdadian,Add a test and cover edge case with parens,0,0,0,0,0.0,34,7,7,1.0,1,176,0.0,0.018571486755876956,0
flask\testsuite\testing.py,4cb6eea8f1e1edc707874f72cbca43a0f698ec7d,2011-08-26,Armin Ronacher,Split up testsuite and moved it to flask.testsuite.  This fixes #246,0,0,0,0,0.0,91,12,14,1.167,2,366,0.5,0.017194539203000656,0
src\flask\helpers.py,4a1acc8b5f0b5608fa8f20a1ef3afc13574cb96e,2020-07-08,Armin Ronacher,Some small doc fixes,0,15,4,402,0.0,453,33,136,4.121,32,4989,1.818,0.016689802948724474,0
src\flask\helpers.py,524fd0bc8cec7bfe8167c9c98cb5511b01a0f4c6,2020-04-04,David Lord,apply pyupgrade,0,9,3,308,0.0,463,33,136,4.121,32,5022,1.818,0.01641778043427348,0
src\flask\helpers.py,57d628ca74513480908a63a6b66c1c8b1af896e8,2020-04-04,David Lord,remove more compat code,0,8,3,308,0.0,464,33,137,4.152,32,5031,1.818,0.01641778043427348,0
src\flask\helpers.py,171aabc87dd8bff0367d0555c8be6105b00c22ce,2020-04-04,David Lord,"remove unused ref directives

replace page refs with doc directives",0,12,3,308,0.0,453,33,136,4.121,32,4978,1.818,0.016388263439640206,0
flask\testsuite\signals.py,4cb6eea8f1e1edc707874f72cbca43a0f698ec7d,2011-08-26,Armin Ronacher,Split up testsuite and moved it to flask.testsuite.  This fixes #246,0,0,0,0,0.0,72,13,17,1.308,2,255,0.923,0.015291792565797695,0
tests\test_cli.py,88500f5cc709e2e931e6547ed9b58033a50215a8,2016-05-16,Jannis Leidel,"Forward ported CLI tests from Flask-CLI and fixed a bug with the CLI's name. (#1806)

* Forward port the CLI tests from Flask-CLI.

* Make sure the ",0,0,0,0,0.0,85,16,16,1.0,1,399,0.438,0.014550417771436829,0
src\flask\helpers.py,662c245795c7cbb5dbd657a2d707c62c16770c18,2020-04-04,David Lord,remove _compat module,0,7,3,308,0.0,468,33,139,4.212,33,5079,1.818,0.014017780434273482,0
examples\celery\src\task_app\__init__.py,3f195248dcd59f8eb08e282b7980dc04b97d7391,2023-02-10,David Lord,add celery example,0,0,0,0,0.0,31,4,4,1.0,1,101,1.0,0.013853427994920212,0
scripts\make-release.py,3d146548c7e687b1938c66df12082a1ab037c75d,2011-06-27,Armin Ronacher,Added release script,0,0,0,0,0.0,88,14,25,1.786,7,421,1.0,0.012935320184263679,0
tests\test_subclassing.py,961db8ad7290f1bd91058b11a5de31e27bf28563,2014-09-11,Markus Unterwaditzer,Made tests recognizable,0,0,0,0,0.0,26,4,4,1.0,1,116,0.75,0.012542240746298136,0
flask\testsuite\subclassing.py,88617311dba62992bf5736b35e3da9359ac5fedf,2011-09-05,Armin Ronacher,Added an testcase for subclassing of Flask to supress logging,0,0,0,0,0.0,26,4,4,1.0,1,117,0.75,0.012542240746298136,0
tests\test_request.py,c7a53888a1a514619b0611fd8b7928592f4ed612,2024-11-01,David Lord,add config and docs for limits,0,0,0,0,0.0,38,4,4,1.0,1,159,1.0,0.012365877109934498,0
flask\__init__.py,d0dc89ea802130e8a3a16b4fba73fa10815c09fb,2010-07-02,Justin Quick,"in with the new. i have the bits in places where i think they should be, now i just need to work on the import scheme layout",0,0,0,0,0.0,29,0,0,0.0,0,209,0.0,0.012313267671516363,0
flask\testsuite\deprecations.py,4cb6eea8f1e1edc707874f72cbca43a0f698ec7d,2011-08-26,Armin Ronacher,Split up testsuite and moved it to flask.testsuite.  This fixes #246,0,0,0,0,0.0,21,4,4,1.0,1,97,0.5,0.0119413400828323,0
examples\blueprintexample\simple_page\simple_page.py,85ad4ffb605eee37cae9ffa1f82c5b6bb95c7820,2012-03-01,Dmitry Shevchenko,Blueprint example app,0,0,0,0,0.0,11,1,2,2.0,2,38,1.0,0.01141210300545339,0
flask\globals.py,c4f64c1c475badaeef009ad46846e32a8e5c9b66,2010-07-02,Justin Quick,working import layout for module,0,0,0,0,0.0,6,0,0,0.0,0,33,0.0,0.011050792129187931,0
examples\tutorial\flaskr\auth.py,c3dd7b8e4c9e322c413f4a49e5d15aceafd17c2d,2018-04-09,David Lord,rewrite tutorial docs and example,0,0,0,0,0.0,71,6,17,2.833,6,347,0.333,0.01046939084242596,0
src\flask\typing.py,77237093da25438c88b0a74c374a397d4bf823eb,2021-04-26,pgjones,"Add initial type hints

This should make it easier for users to correctly use Flask. The hints
are from Quart.",0,0,0,0,0.0,35,0,0,0.0,0,203,0.0,0.0104185308294111,0
scripts\testproj\test.py,670d2bcf7aaf6be3701aa58fb2ad39d3bb80e071,2011-06-05,Armin Ronacher,Added test project I use for testing,0,0,0,0,0.0,19,4,4,1.0,1,59,0.25,0.01013367267852118,0
flask\__main__.py,1b06c8a41119f8c93078e85f6474cb85d7e30b43,2014-04-21,Armin Ronacher,Added __main__ module,0,0,0,0,0.0,3,0,0,0.0,0,36,0.0,0.010103259661655463,0
examples\largerapp\setup.py,e49b73d2cf7d08a6f3aa3940b4492ee1f3176787,2016-12-30,wgwz,Adds the largerapp from the docs as an example,0,0,0,0,0.0,9,0,0,0.0,0,13,0.0,0.007825318327627173,0
tests\typing\typing_error_handler.py,3351a8677e5bd1e1b8cfe2860b73b3422cde4f31,2022-06-05,David Lord,add errorhandler type check tests,0,0,0,0,0.0,21,4,4,1.0,1,72,1.0,0.007733672678521179,0
examples\tutorial\setup.py,c3dd7b8e4c9e322c413f4a49e5d15aceafd17c2d,2018-04-09,David Lord,rewrite tutorial docs and example,0,0,0,0,0.0,20,0,0,0.0,0,63,0.0,0.007184146166455012,0
tests\blueprintapp\apps\admin\__init__.py,37fab7888744b23f62f678614656b686bb046379,2011-06-17,Armin Ronacher,Added a migrated moduleapp as blueprint app,0,0,0,0,0.0,8,2,2,1.0,1,29,0.0,0.006864824957651045,0
tests\test_regression.py,961db8ad7290f1bd91058b11a5de31e27bf28563,2014-09-11,Markus Unterwaditzer,Made tests recognizable,0,0,0,0,0.0,76,13,19,1.462,4,333,0.923,0.006845870642979278,0
examples\javascript\setup.py,fce1885f7614c60c7cd8e4a4eadc5b99fe036264,2018-04-12,David Lord,add javascript ajax example,0,0,0,0,0.0,27,0,0,0.0,0,66,0.0,0.006696234078542923,0
tests\test_deprecations.py,961db8ad7290f1bd91058b11a5de31e27bf28563,2014-09-11,Markus Unterwaditzer,Made tests recognizable,0,0,0,0,0.0,8,1,1,1.0,1,48,0.0,0.004999577793651342,0
examples\flaskr\setup.py,17d4cb3828b9520be6c4e64e6b7548a561aa6e7a,2016-07-05,Kyle Lawlor,"Address #1902: Converts example/flaskr to have a setup.py (#1945)

* Converts example/flaskr to have a setup.py

Makes the flaskr app easier to run,",0,0,0,0,0.0,15,0,0,0.0,0,18,0.0,0.004945318327627172,0
examples\minitwit\setup.py,5f009374fd28aba381f375391b70ac131926bd9d,2016-08-22,Kyle Lawlor,"Update minitwit & improve testing for examples (#1954)

* Update minitwit & improve testing for examples

* Related to #1945
* Re-works minitwit to",0,0,0,0,0.0,15,0,0,0.0,0,18,0.0,0.004945318327627172,0
examples\blueprintexample\blueprintexample.py,85ad4ffb605eee37cae9ffa1f82c5b6bb95c7820,2012-03-01,Dmitry Shevchenko,Blueprint example app,0,0,0,0,0.0,7,0,0,0.0,0,33,0.0,0.0047031072054160485,0
examples\tutorial\tests\test_db.py,c3dd7b8e4c9e322c413f4a49e5d15aceafd17c2d,2018-04-09,David Lord,rewrite tutorial docs and example,0,0,0,0,0.0,19,3,3,1.0,1,71,1.0,0.004387130622446411,0
flask\testsuite\appctx.py,307d1bc4e51fc35282f2d504b9df3359604b8f8a,2012-04-09,Armin Ronacher,Added support for basic URL generation without request contexts.,0,0,0,0,0.0,19,3,3,1.0,1,83,0.333,0.004387130622446411,0
tests\test_async.py,6979265fa643ed982d062f38d386c37bbbef0d9b,2021-04-06,pgjones,"Add `async` support

This allows for async functions to be passed to the Flask class
instance, for example as a view function,

    @app.route(""/"")
  ",0,0,0,0,0.0,24,4,4,1.0,1,82,0.25,0.0043051012499497505,0
tests\test_session_interface.py,01621485fdad733b0886117d59bea1adac8d4fcc,2021-02-01,Matthew Preble,Ensure session_interface.open_session is called after URL matching (#3776),0,0,0,0,0.0,15,4,4,1.0,1,72,1.0,0.0043051012499497505,0
examples\flaskr\flaskr\_cliapp.py,8cf32bca519723c5d97f123127cdec81dba868f6,2017-04-01,Kyle Lawlor,Adds in blueprints and an application factory,0,0,0,0,0.0,2,0,0,0.0,0,7,0.0,0.00399293737524622,0
tests\test_apps\cliapp\importerrorapp.py,0832e77b145b226bac4ee82144221800a0f7d34a,2016-12-30,Paul Brown,prevent NoAppException when ImportError occurs within imported module,0,0,0,0,0.0,4,0,0,0.0,0,14,0.0,0.00399293737524622,0
examples\largerapp\yourapplication\__init__.py,e49b73d2cf7d08a6f3aa3940b4492ee1f3176787,2016-12-30,wgwz,Adds the largerapp from the docs as an example,0,0,0,0,0.0,3,0,0,0.0,0,10,0.0,0.00399293737524622,0
examples\javascript\js_example\__init__.py,fce1885f7614c60c7cd8e4a4eadc5b99fe036264,2018-04-12,David Lord,add javascript ajax example,0,0,0,0,0.0,3,0,0,0.0,0,11,0.0,0.00399293737524622,0
examples\minitwit\minitwit\__init__.py,5f009374fd28aba381f375391b70ac131926bd9d,2016-08-22,Kyle Lawlor,"Update minitwit & improve testing for examples (#1954)

* Update minitwit & improve testing for examples

* Related to #1945
* Re-works minitwit to",0,0,0,0,0.0,1,0,0,0.0,0,4,0.0,0.00399293737524622,0
examples\flaskr\tests\context.py,17d4cb3828b9520be6c4e64e6b7548a561aa6e7a,2016-07-05,Kyle Lawlor,"Address #1902: Converts example/flaskr to have a setup.py (#1945)

* Converts example/flaskr to have a setup.py

Makes the flaskr app easier to run,",0,0,0,0,0.0,4,0,0,0.0,0,20,0.0,0.00399293737524622,0
flask\testsuite\test_apps\lib\python2.5\site-packages\site_package\__init__.py,fde6e364a497cd44d049df17c93d1fd05ec09f90,2012-01-07,Ron DuPlain,Update tests for new module helpers.,0,0,0,0,0.0,2,0,0,0.0,0,6,0.0,0.00399293737524622,0
tests\test_apps\cliapp\app.py,88500f5cc709e2e931e6547ed9b58033a50215a8,2016-05-16,Jannis Leidel,"Forward ported CLI tests from Flask-CLI and fixed a bug with the CLI's name. (#1806)

* Forward port the CLI tests from Flask-CLI.

* Make sure the ",0,0,0,0,0.0,3,0,0,0.0,0,12,0.0,0.00399293737524622,0
examples\celery\make_celery.py,3f195248dcd59f8eb08e282b7980dc04b97d7391,2023-02-10,David Lord,add celery example,0,0,0,0,0.0,3,0,0,0.0,0,10,0.0,0.00399293737524622,0
flask\testsuite\test_apps\main_app.py,fde6e364a497cd44d049df17c93d1fd05ec09f90,2012-01-07,Ron DuPlain,Update tests for new module helpers.,0,0,0,0,0.0,2,0,0,0.0,0,12,0.0,0.00399293737524622,0
flask\testsuite\test_apps\path\installed_package\__init__.py,fde6e364a497cd44d049df17c93d1fd05ec09f90,2012-01-07,Ron DuPlain,Update tests for new module helpers.,0,0,0,0,0.0,2,0,0,0.0,0,6,0.0,0.00399293737524622,0
flask\testsuite\test_apps\lib\python2.5\site-packages\site_app.py,fde6e364a497cd44d049df17c93d1fd05ec09f90,2012-01-07,Ron DuPlain,Update tests for new module helpers.,0,0,0,0,0.0,2,0,0,0.0,0,6,0.0,0.00399293737524622,0
flask\testsuite\test_apps\flaskext\oldext_simple.py,f80bfcaa28da98972002fb906c2559babe75801e,2011-09-18,Armin Ronacher,Added tests for old imports,0,0,0,0,0.0,1,0,0,0.0,0,2,0.0,0.00399293737524622,0
flask\testsuite\test_apps\config_module_app.py,4cb6eea8f1e1edc707874f72cbca43a0f698ec7d,2011-08-26,Armin Ronacher,Split up testsuite and moved it to flask.testsuite.  This fixes #246,0,0,0,0,0.0,4,0,0,0.0,0,16,0.0,0.00399293737524622,0
flask\testsuite\test_apps\config_package_app\__init__.py,4cb6eea8f1e1edc707874f72cbca43a0f698ec7d,2011-08-26,Armin Ronacher,Split up testsuite and moved it to flask.testsuite.  This fixes #246,0,0,0,0,0.0,4,0,0,0.0,0,16,0.0,0.00399293737524622,0
tests\test_apps\cliapp\inner1\inner2\flask.py,fb845b90328278f4a557f898024a53800752fd53,2017-07-14,David Lord,"allow local packages in FLASK_APP
don't require .py extension in FLASK_APP
add tests for nested package loading
parametrize cli loading tests",0,0,0,0,0.0,2,0,0,0.0,0,7,0.0,0.00399293737524622,0
tests\test_apps\cliapp\inner1\__init__.py,fb845b90328278f4a557f898024a53800752fd53,2017-07-14,David Lord,"allow local packages in FLASK_APP
don't require .py extension in FLASK_APP
add tests for nested package loading
parametrize cli loading tests",0,0,0,0,0.0,2,0,0,0.0,0,7,0.0,0.00399293737524622,0
flask\testsuite\test_apps\flask_newext_package\__init__.py,c72ca16234e4dbea448ea43d002eb500c09f4932,2011-09-18,Armin Ronacher,Added tests for the import hook and fixed a problem with it.,0,0,0,0,0.0,1,0,0,0.0,0,2,0.0,0.00399293737524622,0
flask\testsuite\test_apps\flaskext\oldext_package\__init__.py,f80bfcaa28da98972002fb906c2559babe75801e,2011-09-18,Armin Ronacher,Added tests for old imports,0,0,0,0,0.0,1,0,0,0.0,0,2,0.0,0.00399293737524622,0
flask\testsuite\test_apps\flask_newext_simple.py,c72ca16234e4dbea448ea43d002eb500c09f4932,2011-09-18,Armin Ronacher,Added tests for the import hook and fixed a problem with it.,0,0,0,0,0.0,1,0,0,0.0,0,2,0.0,0.00399293737524622,0
flask\testsuite\test_apps\flask_broken\__init__.py,9691b7f0bf70553e61a88c8c7b6ffcac776b8d26,2011-09-21,Armin Ronacher,Deal with partially setup packages in the redirect hook.,0,0,0,0,0.0,2,0,0,0.0,0,7,0.0,0.00399293737524622,0
tests\subdomaintestmodule\__init__.py,2a73bbc436041875f81aeffd5b8f13c6da8fcf19,2010-08-20,Armin Ronacher,Added testcase.  This fixes #108,0,0,0,0,0.0,2,0,0,0.0,0,10,0.0,0.00399293737524622,0
tests\test_apps\helloworld\wsgi.py,7c40aa9e50d97b7c412745a53c8cdc2597c46680,2017-06-15,Miguel Grinberg,"Import app from wsgi.py or app.py if FLASK_APP is not defined

Fixes #2376",0,0,0,0,0.0,1,0,0,0.0,0,4,0.0,0.00399293737524622,0
flask\testsuite\test_apps\importerror.py,26a9c2079d77aba93dde6f95472f3d89d2d9783d,2012-01-07,Ron DuPlain,Add test to catch imports at Flask instantiation.,0,0,0,0,0.0,1,0,0,0.0,0,3,0.0,0.00399293737524622,0
tests\test_apps\cliapp\multiapp.py,88500f5cc709e2e931e6547ed9b58033a50215a8,2016-05-16,Jannis Leidel,"Forward ported CLI tests from Flask-CLI and fixed a bug with the CLI's name. (#1806)

* Forward port the CLI tests from Flask-CLI.

* Make sure the ",0,0,0,0,0.0,4,0,0,0.0,0,15,0.0,0.00399293737524622,0
setup.py,b15ad394279fc3b7f998fa56857f334a7c0156f6,2010-04-06,Armin Ronacher,Added setup.py and README,0,0,0,0,0.0,17,0,0,0.0,0,57,0.0,0.003755574737883583,0
examples\javascript\tests\conftest.py,fce1885f7614c60c7cd8e4a4eadc5b99fe036264,2018-04-12,David Lord,add javascript ajax example,0,0,0,0,0.0,10,2,2,1.0,1,28,0.5,0.0035172924901185772,0
examples\tutorial\tests\test_factory.py,c3dd7b8e4c9e322c413f4a49e5d15aceafd17c2d,2018-04-09,David Lord,rewrite tutorial docs and example,0,0,0,0,0.0,7,2,2,1.0,1,34,0.5,0.0034898249576510443,0
tests\test_apps\cliapp\routesapp.py,b8e826c16bbbada9128b70357c218ef79425499d,2016-06-25,Kiss György,"Added tests, fixed some minor alignment problems.",0,0,0,0,0.0,11,2,2,1.0,1,37,0.0,0.0031422924901185773,0
examples\jqueryexample\jqueryexample.py,6e2be6a0b3aba4ab49cf3ed1a10ac13c6b771aba,2010-04-19,Armin Ronacher,Added JSON Support and started working on jQuery docs,0,0,0,0,0.0,12,2,2,1.0,1,86,0.0,0.0025422924901185775,0
examples\patterns\largerapp\tests\test_largerapp.py,92fa444259fe32debf922eddbd6d18e7d69fdfaa,2016-12-31,wgwz,"Moves largerapp into patterns dir and add test

- also adds this pattern into tox for testing",0,0,0,0,0.0,10,2,2,1.0,1,33,1.0,0.0001422924901185769,0
examples\blueprintexample\blueprintexample_test.py,62621ccd133ffcbe2c88d18841c0669d03739ac0,2012-03-01,Dmitry Shevchenko,Blueprint example tests,0,0,0,0,0.0,18,2,2,1.0,1,89,1.0,0.0001422924901185769,0
examples\javascript\js_example\views.py,fce1885f7614c60c7cd8e4a4eadc5b99fe036264,2018-04-12,David Lord,add javascript ajax example,0,0,0,0,0.0,11,2,2,1.0,1,61,0.5,0.0001422924901185769,0
examples\blueprintexample\test_blueprintexample.py,8fa5e32d9a1fdf042632bd8fcd0b44dd8031b639,2014-09-11,Markus Unterwaditzer,Tests pass now.,0,0,0,0,0.0,16,2,2,1.0,1,70,0.5,0.0001422924901185769,0
