phish_attachment,phish_link,social_contact,macro_exec,powershell_exec,signed_binary_proxy,dll_sideload,scheduled_task,new_service,credential_access,valid_accounts_use,smb_lateral,rdp_lateral,ssh_lateral,network_discovery,defense_evasion,packed_payload,c2_beaconing,cloud_exfil,crypto_targeting,failed_login_burst,outbound_conn_count,rare_parent_child_score,offhours_activity_score,archive_attachment_kb,script_chain_depth,target
0,0,0,1,1,0,0,1,1,0,1,0,0,0,1,0,1,1,1,0,3,11,0.526,0.139,802,2,0
0,0,0,0,0,1,1,0,0,0,0,0,0,0,0,1,0,1,0,0,8,15,0.094,0.136,841,1,0
0,1,0,0,0,1,0,0,1,0,0,0,0,0,0,0,1,0,1,0,2,16,0.195,0.051,582,2,0
1,1,0,0,1,0,0,0,0,1,0,1,0,0,0,1,0,0,0,0,2,10,0.1,0.247,217,3,0
1,1,1,1,1,0,0,0,0,0,1,1,0,0,1,0,1,1,0,1,6,20,0.811,0.309,509,3,1
1,0,0,0,0,0,0,0,0,1,0,1,0,1,1,0,0,0,0,0,3,17,0.502,0.249,802,2,0
1,0,1,1,1,0,1,1,0,1,1,0,0,0,0,0,0,1,1,0,4,24,0.632,0.908,1375,3,1
1,1,0,0,0,1,1,0,0,0,0,0,1,0,0,0,0,1,0,0,2,10,0.328,0.513,707,1,0
0,0,0,0,0,0,0,1,0,0,0,0,0,0,1,0,1,1,0,0,1,21,0.265,0.083,101,3,0
0,1,0,0,0,1,1,1,0,0,1,0,0,1,1,0,0,1,0,0,5,10,0.373,0.199,497,2,0
1,0,0,1,1,0,0,1,0,0,1,1,0,1,1,1,1,0,0,0,4,15,0.693,0.482,787,7,1
1,1,0,0,1,0,1,0,0,0,0,0,0,0,1,0,0,0,0,0,5,13,0.265,0.479,489,2,0
0,1,0,0,1,1,1,0,1,0,1,0,0,0,1,1,0,1,1,0,6,19,0.819,0.172,496,3,1
0,1,0,1,0,1,0,1,0,0,0,0,0,0,1,0,0,0,0,0,2,15,0.202,0.388,779,1,0
0,1,0,0,0,0,0,0,0,0,0,0,0,0,1,0,1,0,0,0,1,18,0.13,0.166,848,2,0
1,0,0,0,0,0,1,1,0,0,1,1,1,0,1,1,0,1,0,1,6,31,0.394,0.766,1234,4,1
1,0,0,0,0,0,1,0,0,0,1,1,0,0,0,1,0,0,0,0,5,13,0.153,0.463,823,2,0
0,1,0,1,0,0,0,0,0,0,1,0,1,1,0,1,0,1,0,0,6,15,0.668,0.623,702,6,1
1,0,0,0,1,0,0,0,0,1,0,0,0,0,0,0,0,0,1,0,2,12,0.238,0.496,975,1,0
0,0,1,0,0,0,0,0,0,1,0,0,0,0,0,0,0,0,0,0,2,13,0.188,0.248,854,1,0
0,1,0,1,0,1,0,0,1,0,0,0,0,0,0,0,0,0,1,0,1,11,0.312,0.189,926,2,0
1,0,1,1,1,1,0,1,1,1,1,0,0,0,1,1,1,1,0,0,1,24,0.741,0.812,2183,6,1
1,0,0,0,1,1,0,1,0,1,0,1,0,0,1,1,1,0,0,0,5,17,0.913,0.643,2119,2,1
1,1,0,0,0,0,0,0,0,1,0,1,0,0,0,0,1,1,0,0,2,15,0.254,0.405,97,3,0
0,1,0,0,1,0,1,1,0,0,0,1,1,0,0,0,0,1,0,0,2,9,0.245,0.212,824,1,0
1,1,0,0,1,0,1,1,0,0,1,1,0,1,1,1,0,1,1,0,4,20,0.862,0.684,286,2,1
0,1,0,0,1,0,0,0,0,1,1,0,0,1,0,0,0,0,0,0,4,8,0.204,0.183,913,3,0
0,1,0,0,0,0,0,0,0,0,0,0,0,0,0,0,0,1,1,0,3,18,0.094,0.027,608,3,0
0,0,0,0,0,1,0,0,0,0,0,0,0,0,1,1,0,0,0,1,3,19,0.266,0.155,97,3,0
0,0,0,0,1,0,0,0,0,0,0,0,0,0,1,1,0,0,0,0,2,19,0.216,0.189,116,2,0
0,1,1,0,1,1,1,1,1,0,1,0,0,0,1,0,0,1,1,1,4,30,0.364,0.424,2269,4,1
0,0,0,0,1,0,0,0,0,0,0,1,0,0,0,0,0,1,0,0,5,15,0.127,0.176,355,3,0
0,0,0,0,1,1,0,0,0,0,0,0,0,0,1,0,0,0,0,0,3,15,0.389,0.126,536,3,0
1,1,1,1,1,1,0,1,0,1,1,1,1,0,1,0,0,0,0,0,10,24,0.971,0.863,2057,6,1
1,0,0,0,1,0,0,0,0,0,0,0,0,1,0,0,1,0,0,0,4,16,0.042,0.044,987,1,0
1,0,0,0,0,0,1,0,0,0,0,0,0,0,0,1,0,0,0,0,3,15,0.625,0.393,967,1,0
1,0,0,1,0,0,1,0,1,1,0,1,0,0,0,1,0,0,1,0,1,15,0.277,0.312,880,2,0
0,1,0,0,1,0,0,0,0,1,1,0,0,0,0,1,0,0,0,0,3,9,0.529,0.273,559,2,0
0,0,0,0,1,1,0,0,0,1,0,0,1,1,0,0,0,0,1,0,3,15,0.284,0.663,486,2,0
0,0,0,0,1,0,0,1,0,0,0,0,0,0,0,0,0,1,0,0,6,9,0.085,0.175,885,2,0
1,1,1,0,1,1,1,1,0,1,1,0,1,1,0,1,1,1,0,0,12,18,0.955,0.491,1828,3,1
0,0,0,0,0,0,0,0,0,0,1,0,0,0,0,1,0,1,1,0,3,10,0.139,0.101,676,2,0
0,0,0,0,0,1,0,1,0,0,0,1,0,0,0,1,0,0,1,0,1,16,0.133,0.077,818,2,0
1,0,1,0,0,0,0,1,0,0,1,1,0,0,1,1,0,1,0,0,7,25,0.279,0.602,1184,7,1
1,0,1,0,0,0,0,0,0,0,0,0,1,0,0,0,1,0,1,0,2,16,0.558,0.502,741,2,0
1,0,1,1,0,1,1,0,0,0,1,0,0,1,0,1,0,1,1,0,6,21,0.557,0.679,817,2,1
1,1,0,1,1,0,0,1,0,1,1,0,0,0,1,1,0,0,0,1,8,17,0.441,0.712,1566,4,1
0,1,0,0,1,0,1,1,0,0,1,0,0,0,0,0,0,0,0,0,4,10,0.332,0.549,978,1,0
0,0,1,1,0,0,0,1,0,1,0,0,0,0,1,1,0,1,0,1,5,17,0.958,0.649,1287,4,1
0,0,0,0,0,1,0,0,0,0,0,0,0,0,1,0,1,0,0,1,2,20,0.341,0.277,470,2,0
0,1,0,0,0,0,0,0,0,0,1,0,0,0,0,1,0,1,1,1,4,12,0.34,0.312,720,2,0
0,0,0,1,1,0,0,0,1,1,0,0,0,0,1,0,0,0,0,0,3,10,0.358,0.209,353,1,0
1,0,1,0,0,0,0,1,0,0,0,0,0,0,1,0,0,0,0,0,3,11,0.186,0.269,809,2,0
0,0,0,0,1,0,0,0,0,1,0,1,0,1,0,1,0,0,0,0,4,14,0.11,0.076,404,1,0
0,1,0,0,1,1,0,1,0,0,1,1,1,0,0,0,0,1,0,0,5,13,0.386,0.237,626,1,0
1,1,0,0,1,0,0,1,0,1,1,0,1,0,1,1,1,1,0,1,6,26,0.741,0.784,265,6,1
1,1,0,1,0,1,1,1,0,1,1,0,0,0,1,1,1,1,0,0,7,29,0.899,0.796,2026,2,1
0,0,0,0,1,0,0,0,0,0,0,0,0,0,1,0,0,1,0,0,2,13,0.505,0.565,792,2,0
0,1,1,0,1,0,1,0,0,1,1,0,0,0,1,1,0,1,1,0,8,22,0.596,0.186,1722,3,1
1,1,0,1,1,0,1,0,0,1,0,0,0,0,1,1,1,1,0,1,5,31,0.349,0.772,601,2,1
1,0,0,0,0,0,0,0,0,0,1,0,1,0,0,0,0,0,0,0,3,12,0.563,0.236,967,2,0
1,0,0,1,1,0,0,0,0,0,1,1,0,1,0,1,0,0,0,0,2,12,0.099,0.197,709,1,0
0,0,0,0,1,1,0,0,0,0,1,0,0,1,0,1,0,0,0,0,5,13,0.206,0.172,687,1,0
0,0,0,0,1,0,0,1,0,1,1,0,0,0,1,1,0,1,1,0,6,15,0.166,0.156,475,1,0
0,0,0,0,0,0,0,0,0,1,0,0,0,1,1,0,0,0,0,0,2,12,0.336,0.094,652,2,0
0,0,0,0,0,0,0,0,1,0,0,1,0,0,1,1,0,1,0,0,5,14,0.083,0.111,101,2,0
1,1,1,0,0,1,1,0,1,1,0,0,0,0,0,0,1,0,0,0,6,20,0.911,0.787,1514,5,1
0,0,0,0,0,1,0,0,0,0,0,0,0,0,0,1,1,1,1,0,3,10,0.433,0.331,894,2,0
0,1,0,1,0,1,0,0,0,0,0,0,0,0,0,0,0,0,0,0,2,13,0.102,0.096,750,2,0
1,0,0,0,0,1,0,1,0,1,1,0,0,0,1,1,0,0,0,1,3,8,0.059,0.643,494,2,0
1,0,1,1,1,0,1,0,0,0,1,1,1,1,1,0,1,1,1,1,9,19,0.738,0.873,574,3,1
1,0,0,1,0,1,0,1,0,1,0,0,1,0,1,0,1,1,0,0,3,25,0.923,0.566,1592,5,1
0,1,0,0,0,1,1,0,0,1,1,0,0,0,1,0,0,1,0,0,3,8,0.412,0.512,882,1,0
0,0,0,0,0,0,0,0,0,0,0,1,0,1,0,0,0,1,0,0,2,5,0.214,0.079,746,3,0
0,0,0,0,0,0,0,0,0,0,0,0,0,0,0,0,0,0,1,0,3,14,0.284,0.342,84,3,0
0,0,0,0,1,0,0,0,0,0,0,1,0,0,0,0,0,0,0,1,2,15,0.094,0.072,602,1,0
0,0,0,0,0,0,0,0,0,1,1,0,0,0,1,1,0,1,0,0,4,14,0.006,0.612,957,1,0
0,1,0,0,1,0,1,0,0,0,0,0,0,0,1,1,0,1,1,0,0,11,0.185,0.304,893,3,0
1,0,0,0,1,1,0,0,0,0,1,1,0,0,1,0,0,0,0,0,7,15,0.373,0.049,971,3,0
0,0,0,0,0,0,0,0,0,0,1,1,0,1,0,0,1,0,0,0,2,12,0.588,0.681,826,2,0
0,0,0,0,1,1,0,0,0,0,0,0,0,0,0,0,1,1,0,0,4,16,0.221,0.22,317,1,0
1,1,0,1,1,0,0,1,0,1,1,1,0,1,0,1,1,0,0,0,9,27,0.598,0.635,1296,5,1
1,0,0,1,0,0,1,0,0,1,0,0,0,0,0,1,0,0,0,0,5,16,0.225,0.323,148,3,0
1,0,0,1,1,1,1,1,1,1,1,1,0,0,1,0,0,1,1,0,11,16,0.633,0.642,2101,6,1
1,0,0,0,0,1,1,0,0,0,0,1,0,0,1,1,1,0,0,0,2,12,0.311,0.091,955,2,0
1,1,0,0,1,1,0,0,0,1,0,1,0,0,0,1,1,1,0,1,6,22,0.641,0.849,1878,7,1
1,1,0,1,1,0,1,1,1,0,1,0,0,0,0,0,0,1,0,1,6,18,0.68,0.721,293,4,1
1,0,1,0,1,1,0,0,0,0,0,0,1,1,1,1,1,0,1,0,9,22,0.877,0.741,1393,5,1
1,0,0,1,1,1,1,1,1,0,1,1,0,0,1,0,0,1,1,0,9,26,0.484,0.274,1469,6,1
1,0,0,0,0,0,0,0,1,1,1,0,0,0,1,0,0,0,0,0,1,15,0.528,0.109,421,3,0
1,1,1,1,1,1,0,0,0,0,1,0,0,0,1,1,0,0,0,0,11,24,0.802,0.492,1518,4,1
1,1,0,0,0,0,0,1,0,0,1,1,1,0,0,0,0,1,0,0,1,14,0.087,0.166,548,3,0
0,1,0,1,1,1,0,1,0,0,0,1,0,0,0,0,0,1,1,1,9,18,0.844,0.461,918,6,1
1,0,0,1,0,1,0,0,0,0,1,0,1,0,0,0,0,0,0,0,2,10,0.076,0.118,604,1,0
0,1,0,1,0,0,0,1,0,0,0,0,1,1,0,0,0,1,1,0,2,10,0.195,0.17,862,2,0
1,1,1,0,1,0,1,0,0,1,1,0,0,0,0,1,0,1,1,0,1,19,0.371,0.772,1907,7,1
1,0,0,0,1,0,0,1,0,1,0,0,1,0,1,0,0,0,0,0,5,14,0.094,0.381,147,3,0
1,0,0,0,1,0,0,0,0,0,0,0,0,0,1,0,0,0,1,0,3,11,0.016,0.211,803,1,0
0,0,1,1,1,1,1,1,1,1,0,1,1,0,1,1,0,1,1,1,3,27,0.887,0.731,1603,5,1
0,0,0,0,1,0,0,1,0,1,0,1,0,0,0,0,0,0,0,0,2,15,0.27,0.141,173,2,0
1,0,0,0,0,0,0,0,1,0,0,0,0,0,1,0,1,1,0,0,5,11,0.339,0.437,425,2,0
0,0,0,0,0,0,0,0,0,0,0,0,1,0,1,0,0,0,0,0,3,9,0.134,0.17,222,2,0
0,1,0,0,1,1,0,1,1,0,1,0,0,0,1,0,0,0,0,0,2,17,0.585,0.817,1814,5,1
1,0,0,0,1,0,0,0,1,0,0,0,0,1,0,0,0,0,0,0,2,11,0.096,0.129,267,3,0
0,0,0,0,0,0,0,0,0,1,0,1,0,0,0,1,0,1,0,0,4,16,0.054,0.356,279,3,0
1,0,0,0,0,0,1,0,0,0,0,0,0,0,0,0,1,0,1,0,0,18,0.604,0.155,433,2,0
1,1,0,0,0,0,0,0,0,0,0,0,0,0,0,0,0,0,0,0,2,12,0.206,0.186,949,2,0
0,0,0,1,1,0,0,1,0,0,1,0,0,1,0,0,1,0,0,0,2,15,0.215,0.152,808,3,0
0,0,0,0,0,0,0,0,0,0,0,0,0,0,0,0,0,1,0,0,7,11,0.208,0.418,856,3,0
1,1,0,1,1,1,1,0,1,1,1,0,0,0,0,1,1,0,0,1,7,25,0.803,0.856,1341,4,1
0,0,0,0,1,0,0,0,0,1,0,0,1,0,0,0,0,0,1,0,3,11,0.655,0.518,657,2,0
0,0,0,0,1,0,0,0,0,1,1,0,1,0,1,1,0,1,0,0,4,19,0.321,0.559,554,3,0
0,0,0,0,0,1,0,0,0,1,0,1,0,0,1,1,0,0,0,0,2,16,0.212,0.462,822,1,0
0,0,0,0,0,0,0,0,1,0,1,1,0,0,1,0,1,1,0,0,3,10,0.142,0.603,990,2,0
0,1,0,0,1,0,0,1,1,0,1,0,0,0,0,0,0,0,0,1,1,13,0.077,0.317,725,1,0
1,0,0,0,0,0,0,0,0,0,1,0,0,1,0,1,0,0,0,0,4,16,0.048,0.544,717,1,0
0,0,1,0,1,0,0,0,0,0,0,0,0,0,0,0,0,1,0,0,6,21,0.147,0.173,492,2,0
0,0,1,1,1,0,0,0,0,0,0,0,1,0,0,0,0,0,1,0,6,16,0.156,0.017,314,1,0
1,0,0,0,0,0,1,0,0,0,1,1,1,0,1,1,1,1,1,0,8,24,0.587,0.917,2223,2,1
1,0,0,0,1,1,0,1,0,0,1,1,0,0,1,0,1,1,1,1,7,24,0.956,0.395,451,2,1
0,1,0,0,0,0,0,0,0,1,0,0,0,0,0,0,1,0,0,0,4,17,0.439,0.533,548,2,0
0,0,0,0,0,0,1,0,0,0,1,1,1,0,0,1,0,0,0,0,1,17,0.305,0.444,368,1,0
1,0,0,0,1,1,0,0,0,0,1,0,0,0,0,0,0,1,1,1,3,21,0.163,0.354,87,3,0
0,1,0,0,1,0,1,0,0,0,1,0,0,0,0,1,0,0,1,0,2,15,0.249,0.21,931,2,0
0,1,0,1,1,0,1,1,0,1,1,0,0,0,1,1,1,1,0,1,4,20,0.875,0.763,1632,6,1
0,0,0,0,0,0,0,0,0,0,1,0,0,0,0,0,0,1,0,0,1,16,0.154,0.224,308,1,0
0,0,0,0,1,1,0,0,0,1,1,0,0,0,1,1,0,1,0,0,3,26,0.982,0.2,2031,2,1
1,0,1,1,1,0,1,1,0,1,1,0,0,0,1,1,1,1,0,0,6,15,0.582,0.588,2078,6,1
0,0,0,0,0,1,0,0,0,0,0,0,0,0,0,0,0,1,1,0,6,18,0.095,0.429,571,2,0
0,0,0,0,1,0,0,1,0,0,1,0,0,0,1,0,0,0,1,0,8,13,0.633,0.147,941,3,0
1,0,0,1,0,0,0,0,0,0,0,1,1,0,1,0,0,0,0,0,4,15,0.13,0.056,89,3,0
0,0,0,0,0,0,0,1,0,0,0,0,0,0,1,0,0,0,1,0,2,9,0.309,0.176,322,3,0
0,0,0,0,0,0,0,0,0,0,1,0,1,0,0,0,0,0,0,0,1,10,0.228,0.128,832,2,0
1,0,0,0,0,0,0,0,0,0,0,0,0,0,0,0,0,1,0,0,0,11,0.348,0.399,641,1,0
1,0,1,0,1,0,0,1,1,0,1,1,1,0,0,0,1,1,1,0,4,21,0.684,0.751,2035,3,1
1,1,0,0,1,1,1,1,1,0,1,0,1,0,0,1,0,1,1,1,7,20,0.683,0.641,990,5,1
1,0,0,0,1,0,1,0,0,0,0,1,1,0,1,1,0,0,0,1,3,21,0.917,0.434,1100,7,1
1,0,0,1,1,1,0,1,0,0,0,0,0,0,1,1,0,1,0,0,3,29,0.608,0.611,983,2,1
0,0,0,0,0,0,0,0,0,1,0,0,0,0,0,0,0,1,0,1,4,15,0.375,0.318,244,1,0
0,0,0,1,0,1,0,0,0,1,1,0,0,0,0,0,0,0,1,0,5,11,0.212,0.248,813,3,0
1,0,1,1,1,0,1,0,1,1,1,0,0,0,0,0,0,1,1,0,4,18,0.887,0.958,653,3,1
0,0,0,0,0,0,0,0,0,0,1,0,1,0,0,0,0,1,0,0,3,11,0.154,0.124,761,1,0
1,1,0,0,1,0,0,0,0,1,0,1,0,0,1,1,1,0,0,1,8,23,0.789,0.763,272,6,1
0,0,0,0,0,0,0,0,0,0,1,0,0,0,1,0,1,0,0,0,2,15,0.009,0.219,634,1,0
0,0,0,0,1,1,0,0,0,0,1,1,0,0,0,1,0,0,0,0,5,17,0.229,0.365,821,1,0
0,0,0,0,0,0,0,0,1,1,1,1,1,0,0,1,0,1,1,0,1,19,0.165,0.643,970,1,0
1,0,1,0,0,1,0,0,0,1,1,0,1,1,1,0,0,1,0,0,6,18,0.795,0.968,1401,5,1
0,0,0,0,0,0,0,0,0,1,0,0,0,0,0,0,0,0,0,0,5,12,0.57,0.466,662,2,0
0,1,0,0,0,0,0,0,1,1,0,1,0,0,0,1,0,0,0,0,8,12,0.126,0.365,661,2,0
1,1,0,0,1,1,0,1,0,0,0,1,0,1,0,1,1,1,0,1,6,17,0.898,0.661,573,2,1
1,1,0,1,1,1,1,1,0,1,0,1,0,0,1,1,0,0,1,0,7,19,0.743,0.928,836,7,1
0,1,0,0,1,0,0,0,0,0,1,0,0,1,1,1,1,1,0,0,7,22,0.483,0.655,2276,7,1
0,1,1,1,1,0,0,0,0,1,0,0,1,0,1,1,1,1,1,0,10,22,0.574,0.5,2039,5,1
0,0,0,0,0,0,0,0,0,0,1,1,0,0,0,0,0,1,1,0,3,14,0.194,0.362,553,2,0
1,1,1,1,0,0,0,1,0,0,1,0,0,0,1,1,1,0,0,0,10,17,0.759,0.772,1905,4,1
0,0,0,0,1,0,0,1,0,0,0,0,1,0,1,1,0,1,0,0,6,28,0.78,0.816,517,7,1
0,0,0,0,0,0,0,0,0,0,0,1,0,0,1,1,0,1,0,0,3,20,0.235,0.08,279,1,0
0,0,0,0,1,0,0,0,0,0,0,0,0,0,0,0,0,0,1,1,3,13,0.266,0.202,209,3,0
0,0,0,0,0,0,0,0,0,0,0,0,1,0,1,0,0,0,0,0,3,15,0.102,0.378,405,1,0
0,0,0,0,0,0,0,0,0,0,0,0,0,0,0,0,1,1,0,0,6,9,0.147,0.297,778,2,0
1,1,1,1,1,1,0,0,0,1,1,0,0,0,1,0,0,0,1,0,3,22,0.872,0.734,448,4,1
1,1,1,0,1,0,0,0,0,1,0,0,0,0,1,0,0,1,0,0,1,17,0.244,0.114,294,1,0
1,0,0,1,0,0,0,0,0,1,1,0,0,0,0,1,0,0,0,0,4,11,0.139,0.284,258,3,0
1,0,1,1,0,1,0,1,0,0,0,1,0,0,1,0,0,0,0,0,6,22,0.711,0.586,1300,7,1
1,0,0,1,0,0,0,0,0,0,0,0,0,0,0,1,0,0,0,0,2,13,0.268,0.253,838,2,0
1,0,0,0,0,0,0,1,0,0,0,0,0,0,0,0,0,1,0,0,2,17,0.275,0.159,948,1,0
0,0,0,0,0,1,0,1,0,0,1,0,0,0,0,1,0,0,0,1,2,18,0.23,0.774,126,2,0
1,1,1,0,0,0,0,0,1,1,0,1,0,0,0,0,0,0,0,0,3,13,0.439,0.412,483,2,0
0,1,1,1,0,1,0,0,1,1,1,1,0,1,1,0,1,1,0,0,5,24,0.737,0.539,646,4,1
1,0,1,0,1,1,0,0,1,0,1,1,0,0,0,1,0,0,0,0,2,10,0.516,0.194,782,1,0
0,0,0,0,1,0,1,0,0,0,0,0,0,0,0,1,0,0,1,0,2,11,0.309,0.284,159,1,0
1,0,1,1,1,1,0,1,0,0,0,1,1,0,1,1,0,1,0,0,5,23,0.699,0.723,229,7,1
1,1,1,0,1,0,0,1,0,1,0,0,0,1,0,0,1,0,1,0,4,15,0.201,0.212,450,1,0
1,0,1,1,1,1,1,1,0,0,0,0,0,0,1,1,1,1,1,0,3,24,0.814,0.432,972,7,1
0,1,0,1,1,0,0,0,0,0,0,0,0,0,0,1,0,1,1,0,4,21,0.829,0.314,1312,3,1
1,0,0,0,1,1,1,1,0,0,1,0,0,0,1,1,1,1,0,1,8,18,0.944,0.883,759,6,1
1,0,1,1,1,0,1,0,0,0,0,0,0,0,1,1,0,0,1,0,12,29,0.88,0.814,1609,5,1
1,0,1,1,1,1,0,0,0,0,1,0,0,0,0,1,0,1,0,0,3,27,0.863,0.876,2340,3,1
1,0,1,1,0,0,1,1,0,1,1,1,1,0,1,1,0,0,1,0,7,16,0.642,0.873,550,7,1
0,0,0,1,0,0,1,1,0,1,0,0,0,0,1,0,0,1,0,0,3,15,0.248,0.293,287,3,0
1,1,1,0,1,0,0,0,0,0,1,0,1,0,0,0,1,1,0,0,4,21,0.384,0.578,1346,6,1
1,0,0,0,1,0,0,0,0,0,0,0,0,0,0,0,1,0,0,0,6,14,0.155,0.26,482,1,0
0,1,0,0,1,0,0,1,0,0,1,1,0,1,0,0,1,1,0,0,4,13,0.59,0.692,1833,4,1
1,0,0,1,0,0,0,0,0,0,0,0,0,0,0,1,0,0,0,0,2,12,0.13,0.466,567,2,0
1,0,0,1,0,1,1,1,0,0,1,1,1,0,0,0,1,0,1,0,9,26,0.446,0.904,927,3,1
1,0,0,0,1,0,0,0,0,0,0,1,1,0,1,0,0,0,0,0,1,15,0.293,0.369,659,1,0
1,1,1,0,1,0,1,0,0,1,0,0,0,0,1,1,1,1,0,1,8,20,0.382,0.395,2318,2,1
1,0,1,0,0,0,0,0,0,1,0,0,0,0,1,1,0,0,0,0,1,12,0.15,0.445,489,2,0
0,1,1,0,1,1,0,1,0,1,0,0,0,0,0,0,0,0,0,0,0,15,0.43,0.278,603,2,0
0,0,0,1,1,0,1,0,0,0,1,1,0,0,1,1,1,1,0,0,5,22,0.883,0.731,1961,2,1
1,0,0,0,1,1,0,0,0,1,0,1,0,0,0,0,0,0,0,0,3,13,0.477,0.237,439,1,0
1,0,0,0,0,0,0,0,0,0,0,0,0,1,0,0,0,1,0,0,2,7,0.475,0.203,636,1,0
0,1,0,0,1,1,0,0,0,0,0,1,0,0,0,0,1,0,0,0,7,12,0.453,0.366,887,1,0
1,0,1,0,1,1,0,1,1,0,1,0,0,0,0,1,0,1,0,1,6,21,0.932,0.609,587,7,1
1,0,1,0,1,1,1,1,0,1,0,0,0,0,0,0,1,0,1,0,5,25,0.971,0.473,231,2,1
0,0,0,0,0,0,1,0,0,1,1,1,0,1,0,0,0,1,0,0,4,21,0.537,0.128,559,1,0
0,0,0,0,0,1,1,0,1,0,0,0,1,0,0,1,0,0,0,0,7,13,0.293,0.506,906,1,0
1,1,0,1,0,1,0,0,0,0,0,0,0,0,1,1,0,0,0,1,2,19,0.265,0.249,600,3,0
1,0,0,0,1,1,0,1,0,1,1,1,0,0,0,1,0,1,1,0,8,29,0.7,0.708,1224,3,1
0,0,0,0,1,0,1,0,0,0,0,1,0,0,0,0,0,0,0,1,8,9,0.558,0.515,154,1,0
1,1,1,1,1,1,0,0,0,1,0,1,0,1,1,0,1,1,1,1,4,26,0.486,0.62,198,4,1
1,0,1,0,0,0,1,0,0,0,0,1,0,0,0,0,1,1,0,0,3,22,0.086,0.269,976,3,0
0,0,0,1,0,0,0,0,0,0,0,0,0,0,0,0,0,0,0,0,6,16,0.189,0.225,869,1,0
0,0,0,1,0,0,0,0,0,1,0,0,0,1,0,0,0,0,0,0,3,15,0.477,0.629,834,3,0
1,0,0,0,1,1,0,0,1,1,0,1,0,0,1,0,0,0,0,1,2,14,0.183,0.068,305,1,0
1,0,0,0,0,1,0,0,0,0,0,1,0,0,1,0,0,0,0,1,5,15,0.247,0.311,125,2,0
0,0,1,0,0,0,0,1,0,0,0,0,0,0,0,0,1,0,0,0,2,13,0.498,0.44,324,1,0
0,0,1,1,1,1,0,0,0,1,1,0,1,0,1,1,0,1,0,1,11,17,0.958,0.398,2068,4,1
0,0,0,0,1,1,0,0,1,0,0,0,0,0,1,0,0,0,0,0,1,17,0.572,0.193,529,1,0
1,1,0,1,1,0,0,1,1,1,0,0,1,0,1,1,1,0,0,0,7,23,0.953,0.714,1220,3,1
0,0,0,0,1,0,0,0,0,1,1,0,1,0,1,0,0,1,0,0,0,9,0.254,0.265,787,1,0
1,0,0,1,0,1,0,0,0,0,0,0,0,0,0,1,0,0,1,0,5,13,0.178,0.47,285,3,0
1,0,0,0,1,0,0,0,0,0,1,1,0,0,0,1,0,0,0,0,5,9,0.379,0.184,792,3,0
1,1,0,0,1,0,0,1,1,0,1,0,0,0,0,1,1,0,0,0,10,22,0.528,0.826,1721,7,1
0,0,0,0,1,1,0,1,0,0,0,0,0,1,0,1,0,1,0,0,2,12,0.188,0.422,969,2,0
1,0,1,0,0,0,0,1,0,1,0,0,1,0,0,0,0,0,0,0,2,11,0.273,0.799,877,3,0
0,0,0,0,1,1,0,0,1,1,1,0,0,0,1,1,1,1,1,1,4,17,0.764,0.56,2021,6,1
1,0,0,0,0,0,0,0,0,1,0,0,1,0,0,1,0,0,0,0,2,8,0.287,0.436,299,1,0
0,1,0,0,0,1,0,0,0,0,0,0,0,0,0,0,1,1,0,0,3,11,0.208,0.327,784,2,0
0,0,0,1,0,1,0,0,0,1,0,1,0,0,0,1,0,1,1,0,0,8,0.27,0.077,439,2,0
0,0,1,0,0,1,1,1,0,1,1,1,0,0,0,1,1,1,0,0,6,20,0.862,0.774,1407,4,1
1,0,1,1,1,1,1,0,1,0,0,1,0,0,0,1,1,1,1,0,7,15,0.486,0.753,848,2,1
1,1,0,1,1,0,0,0,0,0,0,1,0,0,1,0,0,0,0,0,7,25,0.801,0.876,667,4,1
0,0,0,0,1,1,0,0,0,0,0,0,0,1,1,0,0,0,0,0,4,16,0.187,0.363,712,1,0
1,0,0,0,1,0,1,1,1,0,1,0,0,0,0,0,0,1,0,1,2,16,0.387,0.588,403,3,0
1,1,1,1,1,0,1,1,0,0,0,1,0,0,1,0,1,1,1,0,8,22,0.675,0.614,1061,6,1
0,1,1,0,1,0,1,0,0,1,0,1,0,0,0,1,0,1,0,0,6,26,0.678,0.603,898,2,1
1,0,1,0,0,1,0,0,0,1,1,0,0,1,0,0,0,0,0,0,0,23,0.222,0.266,384,1,0
0,0,0,0,0,0,1,0,0,0,0,1,0,0,0,1,0,1,0,0,5,13,0.344,0.51,495,3,0
0,0,0,1,1,1,0,0,0,0,0,0,1,1,0,0,1,1,0,0,2,13,0.154,0.318,917,3,0
1,0,0,1,1,0,0,0,0,0,0,0,0,0,0,0,0,1,0,0,3,11,0.422,0.567,839,2,0
0,1,0,1,1,1,0,1,1,0,0,0,0,0,0,0,1,1,0,0,6,14,0.703,0.613,1731,4,1
0,1,1,0,1,1,0,0,0,0,0,1,1,0,1,0,1,0,1,1,10,20,0.82,0.479,462,3,1
1,0,0,0,0,0,0,0,0,0,0,0,0,0,1,0,0,1,0,0,5,9,0.132,0.205,229,3,0
0,0,0,0,1,0,0,0,0,0,0,0,0,0,0,0,0,0,0,0,4,14,0.224,0.122,313,2,0
0,1,0,0,1,0,1,0,0,0,0,0,0,1,1,0,0,0,1,0,2,10,0.188,0.178,144,1,0
1,1,0,0,1,1,0,1,1,1,1,0,0,0,1,1,1,1,1,1,4,26,0.831,0.656,1997,5,1
1,1,0,1,0,1,0,0,0,1,1,0,0,1,0,1,0,1,1,0,8,27,0.186,0.15,716,4,1
1,0,0,0,1,0,0,0,0,0,1,1,0,0,0,1,0,0,0,0,5,13,0.337,0.207,988,1,0
1,0,0,1,0,0,0,0,0,1,0,0,0,0,1,0,0,1,1,0,3,19,0.27,0.072,751,3,0
1,0,0,1,0,0,1,0,1,1,0,1,0,0,0,1,1,1,0,1,3,20,0.627,0.493,2394,3,1
0,0,0,0,1,0,0,1,0,0,0,1,0,0,0,0,0,1,0,0,7,15,0.24,0.136,699,1,0
0,0,1,0,0,0,0,0,0,0,0,0,0,0,0,0,0,1,0,0,3,13,0.202,0.468,728,3,0
1,0,0,1,0,0,0,0,0,0,0,0,0,1,0,1,0,0,1,0,2,20,0.18,0.418,300,3,0
0,0,0,0,0,0,0,0,0,0,1,0,0,0,1,0,0,0,0,0,3,13,0.401,0.118,510,1,0
1,1,0,0,1,0,0,0,1,1,0,0,0,0,1,1,0,1,1,0,6,19,0.709,0.273,842,1,0
1,1,1,1,1,1,1,1,0,0,1,1,0,1,1,1,0,1,0,0,5,25,0.561,0.837,565,5,1
0,1,0,0,0,0,0,0,0,0,0,0,0,0,0,0,0,0,0,0,6,17,0.459,0.312,595,2,0
1,0,1,0,1,0,0,0,0,1,0,1,1,0,1,1,0,1,0,0,2,28,0.782,0.726,1610,5,1
0,0,0,0,0,0,0,0,0,1,1,0,0,0,1,0,0,1,0,0,4,19,0.436,0.208,721,1,0
1,0,0,0,1,1,1,0,0,0,0,1,1,1,0,0,0,1,0,0,7,22,0.708,0.696,1950,2,1
0,1,0,0,1,1,0,0,1,0,0,0,0,0,1,0,0,1,0,0,2,16,0.215,0.381,721,3,0
1,0,0,0,0,0,1,0,0,1,1,0,0,0,1,0,0,1,0,1,3,25,0.645,0.746,421,6,1
0,0,0,0,0,0,0,0,1,0,1,1,0,0,1,0,0,0,0,0,3,20,0.419,0.041,811,2,0
1,0,0,0,1,0,1,0,0,1,1,0,0,1,0,1,0,1,0,0,2,12,0.263,0.731,844,2,0
0,0,0,0,0,0,0,0,0,1,1,0,0,0,0,0,0,0,0,0,6,20,0.478,0.582,219,1,0
1,0,0,1,1,1,0,1,0,1,1,0,1,1,1,0,1,1,1,0,11,29,0.369,0.338,739,6,1
0,1,0,0,1,0,0,0,0,0,0,0,0,1,1,0,0,1,0,0,4,10,0.257,0.367,544,1,0
1,0,0,0,0,0,1,0,0,0,0,1,0,0,0,1,0,0,0,1,3,19,0.423,0.327,233,1,0
0,1,0,1,0,0,0,0,1,0,0,0,0,0,1,0,0,1,0,0,3,15,0.158,0.434,451,3,0
1,0,0,0,0,0,0,0,0,0,1,1,0,0,0,0,0,1,1,0,5,14,0.226,0.16,745,3,0
0,0,0,0,0,0,0,0,0,1,0,0,1,0,1,0,0,0,0,0,3,5,0.144,0.33,137,3,0
0,0,1,1,0,0,0,0,0,0,0,0,0,0,0,0,1,0,0,0,4,11,0.365,0.383,789,3,0
1,1,0,1,1,0,1,0,1,0,0,0,0,0,0,0,1,1,1,0,10,15,0.841,0.417,957,4,1
0,0,0,0,1,0,0,0,0,0,0,0,0,0,1,0,0,1,0,0,2,14,0.172,0.095,777,2,0
0,1,0,1,0,1,1,1,1,0,0,1,1,0,1,1,1,1,0,0,9,23,0.704,0.878,521,6,1
0,0,0,0,0,0,0,0,0,0,1,1,0,0,0,1,0,1,0,0,0,10,0.162,0.588,719,1,0
1,0,1,1,0,0,0,0,0,0,1,0,0,0,0,0,0,0,0,0,1,13,0.033,0.277,958,1,0
1,1,0,0,0,0,0,0,0,1,0,0,0,0,0,0,0,1,0,0,0,12,0.476,0.039,223,2,0
0,1,1,1,1,0,0,1,0,1,0,0,1,1,1,1,1,1,0,0,10,24,0.409,0.688,2333,3,1
0,0,1,1,1,0,0,0,0,0,0,0,1,1,0,0,0,0,0,0,4,12,0.627,0.143,418,2,0
0,0,0,0,1,1,0,0,0,0,0,0,1,1,1,0,0,0,1,0,4,16,0.141,0.146,483,3,0
0,0,0,1,0,0,0,0,1,0,0,0,1,0,1,0,0,0,0,0,3,21,0.127,0.434,789,3,0
0,1,0,1,1,1,1,0,1,0,0,1,0,0,0,0,1,0,0,0,3,15,0.407,0.325,243,1,0
0,1,0,0,0,0,0,1,0,1,1,0,0,0,1,0,1,0,0,0,6,13,0.471,0.161,896,3,0
0,1,0,1,0,0,0,0,0,1,0,1,1,0,0,0,0,0,0,0,3,17,0.563,0.183,967,2,0
0,1,0,0,0,0,0,0,0,0,1,0,0,0,0,1,0,0,0,0,3,16,0.416,0.384,332,1,0
0,0,0,0,0,1,0,0,0,1,0,1,0,0,0,0,0,0,1,1,6,14,0.219,0.161,809,3,0
0,1,1,0,1,0,0,1,0,1,0,1,0,0,1,0,1,1,0,1,9,19,0.753,0.831,1743,7,1
0,1,1,0,0,1,0,0,0,0,1,0,0,0,1,0,0,1,1,0,5,9,0.235,0.264,819,1,0
0,1,0,0,0,0,0,0,0,0,0,0,0,0,0,0,0,0,1,0,2,11,0.079,0.359,940,3,0
1,0,1,0,1,0,0,0,0,1,0,0,0,0,0,0,0,0,0,0,2,10,0.245,0.302,632,1,0
0,1,1,0,1,0,0,0,0,0,1,0,0,0,0,0,0,1,0,1,1,15,0.217,0.101,264,1,0
0,0,0,0,0,1,1,1,0,0,0,1,1,0,1,1,1,1,1,0,10,23,0.853,0.875,1492,7,1
0,0,0,1,1,0,0,0,1,0,1,1,0,1,0,0,0,0,0,0,3,14,0.032,0.399,97,1,0
0,0,0,0,0,0,0,0,0,0,0,0,0,0,0,0,0,0,1,0,5,15,0.275,0.103,503,1,0
0,0,0,0,0,0,0,0,0,1,0,1,0,0,0,0,0,0,1,1,6,9,0.276,0.376,951,1,0
1,0,0,0,0,0,0,0,0,0,1,0,0,0,0,0,0,1,1,0,1,15,0.154,0.108,503,1,0
0,1,0,0,1,0,0,0,1,0,0,0,0,0,1,0,1,0,0,0,0,14,0.451,0.174,936,2,0
0,0,0,0,0,0,0,0,0,0,0,1,0,0,0,1,0,0,0,0,3,11,0.209,0.271,114,1,0
0,1,1,1,1,1,1,1,0,1,0,1,1,0,0,1,0,1,0,1,10,15,0.406,0.765,290,4,1
0,0,1,1,1,0,0,0,0,0,1,0,0,0,0,0,0,1,0,0,2,24,0.078,0.454,743,2,0
0,1,0,0,0,0,0,0,0,0,0,0,0,0,0,0,0,0,0,0,5,13,0.25,0.059,329,1,0
1,0,0,0,1,0,0,1,0,1,1,1,0,1,0,0,1,1,0,0,2,15,0.351,0.07,310,2,0
1,0,1,0,1,0,1,1,0,1,0,0,0,0,1,1,0,0,1,0,5,11,0.364,0.412,101,2,0
0,0,0,0,0,0,0,0,0,0,1,0,0,0,0,0,0,0,0,0,3,9,0.081,0.224,514,2,0
0,0,0,1,0,0,1,0,0,0,1,0,0,1,0,0,0,1,1,0,4,11,0.655,0.791,596,1,0
0,0,0,0,0,0,0,0,0,1,1,1,1,0,0,1,1,0,0,0,6,13,0.337,0.556,225,3,0
0,0,0,0,1,0,0,0,0,0,0,0,0,1,0,0,0,0,0,0,4,13,0.145,0.179,885,2,0
0,0,0,0,0,0,1,0,0,0,0,0,0,1,0,1,0,0,0,0,9,17,0.15,0.533,571,2,0
0,0,0,0,0,1,0,0,0,1,0,0,0,0,1,0,1,0,0,0,6,11,0.08,0.104,147,3,0
0,0,0,0,1,0,0,1,1,0,0,0,0,0,0,0,0,1,0,0,2,13,0.24,0.176,82,2,0
0,0,0,0,1,0,0,0,0,1,1,0,0,0,1,0,0,0,1,0,2,15,0.383,0.275,386,3,0
1,1,1,1,1,0,0,1,0,0,1,1,1,0,1,1,0,1,0,0,6,15,0.595,0.518,1337,4,1
0,1,0,0,0,1,0,0,1,0,0,0,0,0,1,1,1,1,0,0,4,18,0.979,0.427,945,7,1
0,1,0,0,0,0,0,0,1,0,0,0,0,0,0,0,0,0,1,0,2,9,0.157,0.619,704,3,0
1,1,0,0,1,0,0,0,0,0,0,0,1,0,1,1,0,0,0,0,2,26,0.464,0.403,984,2,0
1,0,0,1,1,0,0,0,0,0,0,1,0,0,0,0,0,0,0,0,5,12,0.515,0.359,479,3,0
0,0,0,1,0,0,1,0,0,0,0,0,0,0,1,0,0,0,1,0,1,11,0.334,0.541,733,2,0
0,0,0,0,0,0,0,0,1,0,0,0,0,0,0,0,0,0,0,0,1,15,0.446,0.096,331,2,0
0,1,1,0,1,0,0,0,0,1,1,0,0,0,0,1,0,0,0,0,6,11,0.279,0.206,671,2,0
0,1,0,0,0,1,0,0,0,0,1,1,0,0,1,0,1,1,0,0,4,13,0.046,0.393,845,2,0
1,0,0,0,0,0,0,0,0,0,1,0,0,0,0,0,0,0,0,0,2,15,0.264,0.468,189,2,0
0,1,0,0,1,0,0,0,0,0,0,0,0,0,1,0,0,1,0,0,5,17,0.642,0.293,360,1,0
1,1,0,0,0,0,0,1,0,1,1,1,0,0,1,0,0,0,0,0,0,15,0.156,0.391,288,2,0
1,1,0,1,0,0,1,0,0,1,1,1,1,1,1,1,0,1,0,1,6,28,0.859,0.353,724,2,1
1,0,0,0,0,1,0,1,1,0,0,0,0,1,1,0,1,1,0,1,4,11,0.283,0.22,484,1,0
0,0,0,0,0,0,0,0,0,0,1,0,0,0,0,0,0,1,0,1,6,7,0.128,0.097,323,3,0
0,0,0,0,0,0,0,0,1,0,0,0,0,0,0,0,0,0,1,1,3,11,0.66,0.232,239,3,0
1,0,1,0,0,0,1,0,0,0,0,0,0,0,1,0,0,0,0,0,2,13,0.098,0.487,659,1,0
0,0,0,0,0,0,0,0,0,0,0,0,0,0,1,0,0,1,1,0,3,12,0.367,0.257,894,2,0
0,0,0,0,0,0,0,0,0,0,0,0,1,0,0,0,0,1,1,0,1,10,0.62,0.168,425,2,0
0,0,0,0,1,0,0,0,0,0,0,0,0,0,0,0,0,1,0,0,4,18,0.584,0.069,661,2,0
1,0,0,0,0,0,0,0,0,0,0,0,1,0,1,0,0,0,0,0,4,13,0.186,0.066,333,1,0
0,0,0,0,0,0,0,0,0,0,1,0,0,0,0,0,0,0,1,0,8,11,0.296,0.202,87,1,0
1,0,1,1,1,0,0,1,0,1,0,0,0,0,0,1,1,1,0,0,5,23,0.9,0.97,381,2,1
1,0,1,1,0,0,0,0,0,0,0,1,0,0,1,1,0,0,1,0,1,10,0.173,0.138,189,1,0
0,1,1,1,1,0,0,0,0,1,1,1,1,0,1,1,1,0,0,0,6,21,0.79,0.859,282,4,1
0,0,0,0,1,0,0,0,0,0,1,1,0,0,0,1,0,0,0,0,3,18,0.627,0.493,151,3,0
1,1,0,0,1,1,0,0,0,1,0,1,0,1,1,0,1,1,0,0,5,19,0.745,0.476,1086,7,1
0,0,0,0,0,0,0,0,0,0,0,0,0,0,1,0,0,0,1,0,3,13,0.259,0.118,543,1,0
0,0,0,0,0,1,0,0,0,1,1,0,0,0,0,0,0,0,0,0,3,9,0.018,0.057,125,2,0
1,1,1,1,1,1,0,1,0,0,0,0,0,0,0,1,1,1,1,0,3,22,0.872,0.532,1988,2,1
1,0,0,1,1,1,1,1,0,1,1,0,1,1,0,1,1,1,1,1,4,19,0.489,0.168,1587,2,1
1,0,0,0,1,0,0,0,0,0,0,0,0,0,1,0,0,1,1,0,1,18,0.117,0.176,550,3,0
1,0,0,1,0,1,0,1,1,1,1,0,0,0,1,0,0,1,0,0,9,24,0.662,0.597,2014,4,1
0,0,0,0,0,1,0,1,0,1,0,1,1,1,1,0,0,1,0,0,7,20,0.689,0.773,2099,4,1
1,0,0,0,0,0,0,0,0,0,1,0,0,0,0,0,0,1,1,0,0,13,0.297,0.224,878,1,0
1,1,0,1,0,0,0,0,0,0,0,0,0,0,0,0,0,1,0,0,2,15,0.334,0.423,213,1,0
0,0,0,0,0,1,1,0,0,1,0,0,0,0,1,0,0,0,0,0,2,11,0.342,0.38,787,2,0
1,1,1,1,0,0,0,1,0,0,1,0,1,0,1,0,1,0,0,0,1,9,0.02,0.172,199,3,0
1,0,1,1,1,0,1,1,0,1,1,1,0,0,1,1,1,1,0,0,6,27,0.767,0.812,1545,3,1
0,1,0,0,0,0,0,1,1,0,1,0,0,0,0,0,0,1,0,0,6,17,0.514,0.267,591,3,0
0,0,0,0,1,0,0,1,0,0,0,0,0,0,0,0,0,0,0,0,2,12,0.187,0.089,238,1,0
0,0,0,0,0,0,0,1,0,0,0,0,0,0,1,1,1,0,0,0,1,15,0.452,0.117,378,2,0
0,1,0,0,1,0,1,0,0,0,1,0,0,0,1,1,0,1,1,0,7,21,0.846,0.486,967,2,1
0,1,0,1,1,1,1,0,0,1,0,1,0,0,1,1,1,1,1,1,5,17,0.841,0.592,1463,2,1
0,0,0,1,1,0,0,0,0,0,0,0,0,0,0,0,0,0,1,0,3,12,0.143,0.24,648,2,0
1,1,0,1,1,0,1,1,0,1,1,1,0,0,0,1,0,1,0,0,2,19,0.805,0.635,1366,4,1
0,1,0,0,0,0,0,0,0,0,0,0,1,0,0,1,0,1,0,0,1,10,0.294,0.44,437,1,0
0,1,0,0,1,0,1,0,0,0,0,0,0,0,0,0,1,0,1,0,7,13,0.175,0.308,437,2,0
0,0,0,0,0,0,0,0,0,1,0,1,0,1,0,0,0,1,0,0,2,13,0.105,0.463,881,2,0
1,1,1,0,1,1,1,0,1,1,0,0,0,0,1,1,1,0,0,0,3,20,0.666,0.813,1225,6,1
0,0,1,1,1,1,0,1,0,1,1,0,0,0,0,1,1,1,0,0,12,18,0.355,0.896,2055,7,1
1,1,0,0,1,0,0,1,0,1,0,1,1,0,0,0,0,1,1,1,6,19,0.819,0.76,1342,4,1
0,0,0,0,0,1,0,0,0,0,0,0,0,0,0,0,0,0,1,0,4,9,0.264,0.173,816,2,0
0,1,0,0,0,0,0,0,0,0,0,0,0,0,0,0,0,0,0,1,5,12,0.56,0.483,107,3,0
0,0,0,0,1,0,0,0,0,0,1,1,0,0,0,0,0,0,0,0,2,8,0.095,0.081,786,1,0
1,1,1,0,1,0,1,0,1,0,1,0,0,0,0,1,0,0,1,0,7,27,0.804,0.71,901,5,1
0,0,0,1,1,0,0,0,1,0,0,1,0,0,0,1,0,1,0,0,5,10,0.157,0.13,795,2,0
1,0,0,0,0,1,0,0,0,0,1,1,0,1,0,1,1,1,0,0,7,27,0.783,0.381,1842,3,1
0,0,1,0,0,1,0,0,0,0,0,0,0,0,0,0,0,1,0,0,4,12,0.05,0.216,298,1,0
0,0,0,1,1,0,0,0,1,0,0,0,0,0,0,1,0,1,0,0,1,18,0.25,0.121,594,3,0
0,0,0,0,0,0,0,1,0,1,0,0,1,0,0,0,0,0,0,0,1,8,0.573,0.185,324,1,0
1,0,1,0,1,0,0,0,1,1,0,0,0,0,0,0,0,0,0,0,3,11,0.199,0.162,255,2,0
1,0,0,1,0,1,0,0,0,0,1,0,1,0,0,1,1,1,1,0,3,23,0.882,0.322,2018,3,1
1,0,1,0,0,1,0,1,0,0,0,0,1,0,1,1,1,1,1,0,12,21,0.845,0.443,1958,5,1
0,0,0,0,0,0,1,0,0,0,1,0,1,0,1,0,0,1,0,1,1,14,0.307,0.185,852,3,0
1,0,1,1,1,0,0,0,1,1,1,0,0,0,1,0,1,1,1,0,4,17,0.697,0.246,1596,6,1
1,0,0,1,1,1,0,0,0,0,1,0,0,0,0,0,0,1,0,0,3,10,0.025,0.096,281,1,0
0,0,1,0,1,0,0,0,0,1,1,0,1,0,1,0,0,1,0,0,2,15,0.258,0.228,112,2,0
1,1,0,0,0,1,0,1,0,0,0,0,0,0,1,1,0,1,1,1,7,17,0.588,0.651,1572,7,1
0,0,1,1,1,0,1,1,0,1,1,0,0,0,1,0,0,0,0,0,3,10,0.012,0.313,571,2,0
0,0,0,0,0,0,0,0,1,0,1,0,0,0,1,0,0,1,0,0,5,18,0.097,0.019,935,2,0
1,1,1,1,1,1,0,1,0,1,1,0,0,0,1,1,1,1,0,0,4,24,0.564,0.727,2394,4,1
0,1,0,1,0,0,0,1,1,1,1,0,0,1,0,1,1,0,0,1,5,25,0.541,0.834,1968,7,1
1,0,1,1,1,1,0,1,0,0,1,0,1,0,1,0,1,1,0,0,4,18,0.596,0.237,1506,5,1
1,0,0,0,0,1,0,0,0,0,0,0,0,0,0,0,1,1,0,0,4,14,0.207,0.26,976,3,0
1,1,0,1,1,1,0,1,0,0,0,0,1,1,1,1,1,1,0,0,8,22,0.824,0.805,2154,7,1
1,0,1,1,0,0,0,0,1,1,1,1,0,0,0,0,0,1,0,0,5,23,0.842,0.807,554,3,1
1,0,0,0,1,1,0,0,0,0,0,0,0,1,0,1,0,0,0,0,4,14,0.152,0.523,805,3,0
1,1,1,0,0,0,1,0,1,1,0,0,0,1,0,0,0,0,0,0,3,14,0.212,0.292,464,1,0
0,1,1,1,0,0,0,0,0,1,0,0,0,0,0,1,1,1,1,0,8,29,0.803,0.682,1170,7,1
0,0,0,0,1,0,0,0,0,0,0,0,0,0,1,0,1,0,1,0,4,12,0.442,0.214,616,1,0
0,1,0,1,0,0,0,0,0,0,0,1,0,0,1,0,0,1,0,0,1,11,0.049,0.168,472,2,0
0,0,0,1,1,0,0,0,1,0,0,0,0,0,0,0,0,0,0,0,4,18,0.179,0.731,279,2,0
0,0,0,0,0,0,0,0,0,0,1,0,0,0,1,1,0,0,0,0,1,17,0.331,0.178,658,1,0
0,0,0,0,0,0,1,0,0,0,0,0,0,0,0,0,0,0,0,1,3,17,0.284,0.302,425,2,0
0,0,0,0,1,0,0,0,0,0,1,1,0,0,0,0,0,1,1,0,5,15,0.347,0.336,855,1,0
1,1,0,0,0,0,0,0,0,0,1,0,1,0,0,1,0,0,0,0,2,11,0.455,0.099,602,1,0
0,0,1,0,0,0,0,0,0,0,1,0,0,0,0,0,1,1,1,1,2,10,0.176,0.184,216,1,0
1,1,0,0,1,0,0,1,0,0,0,0,0,0,1,1,1,1,0,0,4,27,0.83,0.881,263,7,1
1,1,1,0,0,0,0,1,0,1,0,0,0,0,0,1,0,1,0,0,4,11,0.34,0.213,295,1,0
0,0,1,1,1,1,0,0,1,1,0,1,1,1,0,0,1,1,0,1,2,23,0.721,0.712,2115,2,1
0,1,0,1,0,1,0,0,0,0,1,0,0,0,0,0,0,0,0,0,4,12,0.214,0.209,840,1,0
0,0,0,0,0,0,0,0,0,0,0,0,0,0,0,0,0,1,0,0,3,15,0.303,0.091,987,3,0
1,0,1,0,1,0,0,1,1,0,0,0,0,0,1,0,0,1,1,1,8,22,0.927,0.452,809,3,1
0,0,1,0,1,1,0,1,0,0,0,1,0,0,0,0,1,1,0,0,7,23,0.787,0.657,2098,4,1
1,0,0,0,1,0,1,1,0,0,1,0,1,1,0,0,1,0,0,1,3,11,0.041,0.497,458,3,0
1,1,0,0,1,1,1,1,0,0,0,0,1,1,1,1,0,1,1,0,8,22,0.766,0.788,540,2,1
1,1,0,0,1,1,0,0,0,0,0,1,0,0,0,1,0,0,1,0,2,13,0.678,0.123,647,2,0
1,1,0,0,1,0,0,0,0,0,0,0,0,0,0,0,0,0,0,0,4,14,0.472,0.247,858,1,0
0,1,0,0,0,0,0,0,0,0,1,0,0,0,0,0,0,0,0,0,4,13,0.751,0.098,659,2,0
1,0,0,0,0,0,1,0,0,1,0,1,0,0,0,0,1,1,0,1,3,10,0.406,0.365,545,1,0
0,0,0,0,0,0,1,0,1,0,0,0,0,0,0,0,0,0,0,0,1,15,0.371,0.443,683,2,0
1,0,0,1,0,0,0,0,0,1,1,1,0,0,0,0,0,1,1,0,1,19,0.064,0.4,141,1,0
0,0,1,1,1,0,0,1,0,1,0,1,0,1,1,0,1,1,1,1,9,24,0.751,0.912,1063,7,1
0,0,0,0,0,0,0,1,0,0,0,0,0,1,1,0,0,0,0,0,4,10,0.429,0.247,137,2,0
0,0,1,0,1,0,0,0,0,0,1,0,0,0,0,0,0,0,0,0,6,13,0.169,0.312,776,1,0
0,0,0,0,0,0,0,0,0,1,1,0,0,0,0,1,0,1,0,0,5,10,0.181,0.287,404,1,0
1,0,0,0,1,0,1,1,0,0,1,1,0,0,0,0,0,0,0,0,1,13,0.245,0.426,270,3,0
0,0,0,0,0,0,0,0,0,0,0,1,0,0,0,0,0,0,1,1,2,6,0.161,0.537,305,2,0
1,0,0,0,1,0,1,0,0,0,0,0,0,0,0,0,0,0,1,1,7,13,0.373,0.484,537,3,0
0,1,0,0,0,0,1,1,0,0,1,1,0,1,1,0,0,1,0,0,7,30,0.756,0.559,127,2,1
0,0,0,0,0,0,0,0,0,0,0,1,0,0,0,0,0,0,0,0,3,7,0.375,0.091,875,3,0
0,0,0,1,0,0,0,0,0,0,1,1,0,0,0,0,1,1,0,0,2,8,0.315,0.4,599,3,0
0,0,0,0,1,0,0,0,0,0,0,0,1,0,0,0,0,0,1,0,3,16,0.049,0.637,193,1,0
0,0,1,1,0,1,1,1,0,1,0,0,0,1,0,1,1,0,0,0,3,17,0.373,0.063,746,2,0
0,0,1,1,1,0,0,0,0,0,1,0,0,0,0,1,1,0,0,0,3,12,0.581,0.353,450,1,0
1,1,1,1,1,1,0,1,1,1,0,0,1,0,1,0,1,1,0,1,5,22,0.441,0.336,1644,5,1
1,0,1,1,0,1,1,1,1,0,1,0,0,0,0,1,1,0,0,0,7,18,0.763,0.771,651,2,1
1,0,1,1,0,1,0,1,0,1,1,0,1,0,1,1,0,1,0,0,3,19,0.822,0.45,700,2,1
0,0,0,0,1,0,1,0,0,1,1,0,1,0,0,1,0,0,1,0,8,19,0.311,0.261,808,3,0
0,0,0,0,0,0,0,0,0,0,1,0,0,0,0,1,0,1,0,0,6,17,0.282,0.183,121,2,0
1,0,0,0,0,0,0,0,0,0,0,1,0,0,0,0,1,0,0,0,3,12,0.108,0.292,106,3,0
0,0,0,0,1,1,1,1,0,0,1,1,1,0,0,0,1,1,1,0,6,23,0.937,0.814,463,4,1
0,0,0,0,1,1,0,0,0,0,0,0,0,0,0,0,0,0,1,0,3,10,0.216,0.222,805,3,0
0,0,0,0,0,0,0,0,0,0,0,0,0,0,1,1,0,1,0,0,4,15,0.343,0.33,933,1,0
0,1,0,0,0,0,1,0,0,1,0,0,0,0,0,0,0,1,0,0,2,16,0.26,0.145,686,3,0
0,0,0,0,0,0,0,1,0,0,0,0,0,0,0,0,0,0,1,0,5,17,0.458,0.317,123,2,0
0,1,0,0,1,0,0,0,0,0,0,0,0,0,1,1,0,1,0,0,4,17,0.362,0.555,481,2,0
0,1,1,1,0,1,1,1,0,1,1,1,1,0,1,0,0,1,0,1,4,26,0.515,0.499,2159,5,1
0,1,1,0,1,0,0,0,0,1,1,1,0,0,1,0,0,0,0,0,3,10,0.265,0.303,991,2,0
0,0,1,1,1,1,1,1,1,1,0,1,0,0,0,0,0,1,0,0,10,19,0.844,0.909,916,2,1
0,0,0,0,1,0,1,0,0,0,1,0,0,0,1,0,0,0,1,0,7,16,0.07,0.171,565,3,0
1,0,0,0,1,0,0,0,0,0,1,0,0,0,0,0,0,1,1,0,4,14,0.219,0.145,595,3,0
0,0,0,1,1,0,1,1,0,1,0,0,0,1,1,1,1,1,0,1,6,26,0.497,0.941,2261,5,1
1,1,0,1,0,0,0,1,0,1,0,0,0,0,1,1,1,1,0,0,9,21,0.621,0.662,491,4,1
1,0,1,0,0,0,1,0,0,0,0,0,0,0,0,0,0,0,1,0,4,14,0.365,0.047,347,1,0
0,1,1,0,0,1,0,0,0,0,1,1,0,0,1,1,1,1,0,1,7,25,0.871,0.659,1167,2,1
0,1,0,1,1,0,1,0,0,0,0,0,0,0,1,1,1,1,0,0,8,24,0.623,0.681,212,7,1
0,0,0,0,0,0,1,0,0,0,0,0,0,0,0,0,0,0,0,0,5,15,0.138,0.096,549,2,0
1,0,0,1,1,1,1,0,0,0,1,0,0,1,0,0,0,1,0,1,3,17,0.6,0.674,785,5,1
1,0,0,0,0,0,0,0,1,0,0,0,0,0,0,0,0,0,0,0,5,12,0.133,0.611,370,1,0
1,0,0,0,0,0,0,0,0,0,1,0,0,1,0,0,0,1,0,0,1,8,0.256,0.105,97,1,0
1,0,0,0,1,0,0,0,1,0,0,0,1,0,1,0,0,0,0,0,3,14,0.409,0.305,482,2,0
0,0,0,0,0,1,0,1,0,0,0,0,0,0,1,1,0,0,0,0,6,16,0.196,0.495,474,1,0
0,0,0,1,0,1,0,0,0,0,0,1,0,0,0,1,0,0,0,0,3,15,0.429,0.272,536,1,0
0,0,0,0,0,0,0,0,1,0,0,0,0,0,1,0,0,1,0,0,2,9,0.197,0.529,286,1,0
0,0,0,0,0,0,0,0,1,0,0,0,0,0,1,1,0,1,0,0,2,17,0.362,0.196,727,1,0
0,1,1,1,1,1,1,1,0,1,1,0,1,0,1,1,1,0,0,0,11,27,0.847,0.65,515,2,1
0,0,0,0,0,0,0,0,0,0,0,1,0,0,0,1,0,0,0,0,5,10,0.259,0.448,399,3,0
1,1,0,1,0,0,0,1,0,1,0,0,1,1,1,1,0,1,1,0,6,28,0.76,0.813,2354,5,1
0,0,1,0,0,1,0,0,0,0,0,0,0,0,1,0,0,0,0,0,4,20,0.151,0.431,685,3,0
0,1,0,0,0,1,0,1,0,0,1,0,0,0,0,0,0,0,0,0,5,10,0.371,0.441,172,2,0
0,0,0,0,0,0,0,0,0,0,0,1,0,0,0,0,0,0,1,0,5,13,0.099,0.226,779,2,0
1,1,0,0,1,1,1,0,1,1,1,1,0,0,1,0,1,1,0,1,1,20,0.669,0.497,1186,2,1
0,1,0,0,0,1,0,0,0,0,1,0,0,0,0,0,0,1,0,0,4,17,0.297,0.097,165,3,0
0,1,0,0,0,0,0,0,0,0,1,0,0,0,1,0,0,0,0,0,3,15,0.1,0.246,581,2,0
1,0,0,1,0,0,1,0,0,1,0,1,1,1,1,1,1,1,0,1,6,19,0.915,0.501,1824,2,1
0,0,0,0,1,0,0,1,0,1,0,0,0,0,1,1,0,1,0,0,2,11,0.418,0.129,955,1,0
0,0,0,0,0,0,0,1,0,0,0,0,0,0,1,0,0,1,1,0,9,10,0.165,0.465,725,3,0
0,0,0,1,0,0,1,0,0,0,1,0,0,0,0,0,0,0,0,0,1,9,0.407,0.137,104,3,0
1,1,0,0,1,0,0,0,0,1,1,0,0,0,0,0,0,0,0,0,1,8,0.032,0.421,492,1,0
0,0,0,1,1,1,0,0,0,1,1,0,1,1,1,1,1,1,0,0,7,22,0.75,0.59,1637,4,1
1,0,0,0,1,0,0,0,0,0,0,1,0,0,0,0,0,0,0,0,2,10,0.251,0.08,442,1,0
1,0,0,0,0,0,0,0,0,0,0,1,0,0,0,0,0,0,1,0,5,11,0.291,0.194,529,3,0
0,0,0,0,1,0,1,0,0,1,0,0,0,0,0,0,0,0,1,0,2,11,0.171,0.136,820,1,0
0,1,1,0,1,1,1,0,0,1,1,1,0,1,0,0,0,0,0,0,2,16,0.239,0.162,773,2,0
0,0,0,0,0,0,0,0,1,0,1,0,1,0,0,0,1,0,0,0,0,11,0.271,0.476,105,2,0
1,0,0,0,0,1,1,0,0,0,1,0,0,0,0,0,0,0,0,0,2,13,0.198,0.383,895,3,0
0,0,1,0,0,0,0,0,0,0,1,0,0,0,0,1,0,1,0,0,3,10,0.304,0.279,410,2,0
1,0,0,0,1,1,0,0,0,1,1,1,1,0,1,1,1,1,0,1,0,22,0.725,0.613,415,6,1
0,0,0,0,0,0,0,0,0,0,0,0,0,1,1,1,0,0,0,0,2,12,0.261,0.141,405,3,0
1,0,0,0,0,0,0,0,0,0,0,0,0,0,0,0,0,0,0,0,2,11,0.048,0.152,893,3,0
1,0,1,1,1,0,0,1,0,0,1,0,1,1,1,0,0,1,0,0,4,23,0.788,0.832,2124,6,1
0,0,1,0,0,0,1,0,0,0,0,0,0,0,0,0,0,0,0,0,3,15,0.1,0.142,402,1,0
1,1,0,1,0,0,0,1,0,0,0,0,1,0,1,1,1,1,1,0,11,31,0.587,0.614,1454,2,1
1,0,0,0,1,1,0,0,0,1,1,0,1,0,0,0,0,0,0,0,5,15,0.04,0.552,524,2,0
0,0,0,0,1,0,0,1,0,0,0,0,0,0,0,0,0,0,0,0,5,11,0.301,0.297,774,1,0
0,1,1,1,1,1,0,0,0,0,0,0,0,0,0,1,0,1,1,0,3,25,0.875,0.545,1835,5,1
0,0,0,1,1,1,0,1,0,0,0,0,0,1,1,1,1,1,1,1,8,25,0.865,0.798,2112,3,1
0,0,0,0,0,0,0,0,0,1,0,0,1,0,0,1,0,0,1,0,6,18,0.306,0.514,888,3,0
0,0,0,0,0,0,0,0,0,0,1,0,0,0,0,0,1,0,0,0,0,9,0.032,0.104,914,3,0
0,1,0,0,1,1,1,1,0,0,0,0,1,1,1,0,1,0,0,0,3,8,0.307,0.293,555,3,0
1,1,0,0,0,0,0,0,0,1,0,0,0,0,1,1,1,1,0,0,4,13,0.182,0.181,573,2,0
1,0,1,1,1,1,0,1,1,0,0,1,0,0,1,1,1,1,0,0,3,20,0.59,0.698,832,5,1
1,0,1,0,1,1,0,0,0,1,0,0,0,0,0,0,0,0,0,0,0,15,0.078,0.264,872,1,0
1,0,0,0,0,0,0,0,1,1,0,0,0,0,0,0,1,0,0,0,2,23,0.636,0.293,114,1,0
1,0,0,0,0,0,0,0,0,0,1,0,0,0,1,0,0,1,1,0,3,13,0.424,0.074,367,2,0
0,0,1,0,0,1,0,0,0,0,1,1,0,0,1,0,0,0,0,0,1,9,0.535,0.505,944,2,0
1,1,0,1,1,1,0,0,0,0,1,1,0,0,1,0,0,1,0,1,9,27,0.715,0.389,2352,6,1
1,0,0,0,0,1,0,1,1,1,1,1,0,0,0,0,0,0,0,0,5,12,0.184,0.287,947,1,0
1,0,0,0,0,0,0,0,0,0,0,1,0,1,0,0,0,0,0,0,3,16,0.157,0.6,920,2,0
1,0,1,1,1,0,1,1,0,1,1,1,0,1,0,1,1,0,0,1,6,22,0.894,0.359,1904,7,1
0,0,1,1,0,0,0,0,0,0,0,1,0,0,0,1,1,1,0,0,3,15,0.432,0.677,697,3,0
1,1,1,0,1,1,0,1,1,0,0,0,0,1,1,1,1,1,1,0,3,18,0.62,0.421,630,7,1
0,0,0,1,0,0,0,0,0,0,0,0,0,0,0,0,1,0,0,0,3,10,0.31,0.245,308,2,0
0,1,0,0,0,0,1,0,0,0,1,0,0,0,1,0,0,0,0,1,4,12,0.642,0.069,364,1,0
1,0,0,0,0,0,0,0,0,0,1,0,0,0,0,1,1,0,0,0,4,14,0.053,0.314,205,2,0
1,0,0,1,1,1,0,1,0,0,1,1,0,0,0,0,0,1,0,0,2,21,0.527,0.597,1215,3,1
1,1,0,0,0,0,0,1,0,0,0,0,0,0,1,0,0,1,0,0,6,6,0.483,0.192,88,1,0
1,0,0,1,1,1,1,1,0,0,0,0,0,0,0,1,1,1,1,0,6,22,0.911,0.888,1791,6,1
1,1,0,0,0,0,0,1,0,1,0,0,0,0,0,0,0,0,0,0,1,10,0.462,0.196,999,3,0
1,1,1,0,0,0,1,1,0,1,1,1,0,0,1,1,1,0,0,0,3,26,0.971,0.593,1187,7,1
1,1,0,1,1,1,0,0,1,0,1,1,1,0,1,1,0,1,1,0,9,19,0.54,0.546,2024,2,1
0,0,0,1,1,0,0,0,1,0,0,0,0,1,0,0,0,0,0,0,3,13,0.174,0.303,880,2,0
0,1,0,0,1,0,1,0,0,0,1,0,0,0,1,0,0,0,1,0,4,15,0.083,0.305,608,3,0
1,0,1,0,0,1,0,1,1,0,1,0,0,0,0,1,1,1,0,0,5,20,0.528,0.617,1003,5,1
0,1,0,0,0,0,1,0,0,1,0,1,1,0,0,0,0,0,1,1,3,20,0.024,0.26,368,3,0
1,0,0,0,0,0,0,0,0,0,0,1,0,0,1,0,0,0,0,1,3,18,0.514,0.17,405,2,0
1,1,0,1,1,1,1,1,0,1,0,0,0,0,1,1,0,1,0,0,6,28,0.906,0.747,125,6,1
0,0,0,0,1,0,0,0,0,0,0,0,0,0,0,0,0,0,1,0,2,14,0.136,0.076,680,2,0
0,1,0,0,0,0,0,0,0,0,1,1,0,0,1,0,0,0,0,0,1,15,0.153,0.391,382,3,0
0,0,0,0,0,1,0,1,0,0,1,0,0,0,1,0,0,1,1,0,1,10,0.277,0.635,928,3,0
1,0,0,0,0,1,1,0,1,0,1,0,0,0,0,1,1,1,0,0,7,20,0.522,0.552,189,3,1
1,1,0,1,0,0,0,0,0,0,0,0,0,0,0,0,0,0,0,0,3,8,0.164,0.462,681,2,0
0,0,0,0,0,0,0,1,0,0,0,0,0,0,0,0,1,0,0,0,3,15,0.399,0.154,321,3,0
1,0,0,1,1,1,0,0,1,1,1,0,1,0,1,0,0,1,0,0,6,17,0.672,0.163,1033,6,1
1,1,0,1,0,0,0,0,0,0,0,0,0,0,0,0,1,0,0,0,3,12,0.278,0.518,801,2,0
1,0,0,1,0,0,0,0,1,0,1,1,0,0,0,1,0,0,0,0,1,8,0.182,0.51,676,2,0
1,0,0,0,0,0,0,0,0,0,0,0,0,1,0,0,0,0,1,0,3,14,0.22,0.078,301,3,0
1,0,0,1,0,1,0,1,0,1,0,0,0,1,1,0,1,0,0,1,4,22,0.963,0.755,1958,6,1
1,0,1,0,1,0,0,0,0,1,1,0,1,0,1,0,0,1,0,0,9,13,0.543,0.439,760,6,1
0,1,0,0,1,0,0,0,0,1,1,0,0,0,0,0,0,0,0,0,4,20,0.149,0.144,150,2,0
1,1,0,0,0,1,0,0,0,1,0,1,0,0,1,0,0,0,0,1,6,14,0.478,0.211,603,2,0
1,0,0,0,1,1,0,1,1,0,1,1,1,1,0,0,1,1,0,1,4,20,0.681,0.803,1166,7,1
0,0,0,0,0,0,0,0,0,0,0,0,1,0,0,0,0,1,0,0,3,11,0.422,0.536,838,1,0
0,0,0,0,0,0,1,0,0,1,0,0,0,0,0,1,0,0,0,0,4,16,0.511,0.165,184,2,0
0,1,0,0,0,1,0,0,0,0,1,0,0,0,0,0,0,0,0,0,6,17,0.125,0.207,305,2,0
0,0,0,0,0,0,0,0,0,0,0,0,0,0,0,0,0,1,0,0,4,13,0.318,0.403,885,3,0
0,0,0,0,1,0,0,0,1,0,0,0,0,0,0,0,0,0,0,0,1,11,0.049,0.563,590,2,0
1,1,1,1,1,0,1,1,0,1,1,0,1,0,0,1,1,1,0,1,6,16,0.452,0.509,1688,4,1
0,0,0,0,0,0,0,0,0,0,1,0,0,0,1,1,0,0,0,0,3,17,0.596,0.475,859,3,0
1,1,0,0,1,0,0,0,0,0,0,0,0,0,1,0,0,0,0,0,4,17,0.051,0.168,524,3,0
0,0,1,1,1,0,0,0,0,1,0,0,0,0,1,1,0,1,0,1,6,18,0.894,0.503,432,2,1
0,1,0,0,1,1,0,0,0,0,0,0,0,0,1,1,0,0,1,0,8,24,0.955,0.752,2044,3,1
0,0,0,0,0,0,0,0,0,0,0,0,0,0,0,0,1,1,0,0,4,11,0.357,0.125,658,2,0
0,0,0,0,0,0,0,0,0,0,0,0,0,0,0,1,0,1,0,0,2,9,0.481,0.173,381,1,0
0,0,0,0,0,0,0,0,0,0,0,0,0,0,1,0,0,0,1,0,1,18,0.441,0.136,197,3,0
1,1,1,1,1,0,0,1,0,0,1,0,0,0,0,0,0,1,0,0,1,10,0.348,0.285,974,3,0
0,0,0,0,1,0,0,0,0,0,0,0,0,0,1,1,0,1,1,0,3,11,0.159,0.074,541,3,0
1,1,1,0,0,1,0,1,1,0,1,0,0,0,1,0,0,0,0,0,2,17,0.472,0.663,260,2,0
0,1,0,0,1,1,0,0,0,0,0,0,0,0,1,0,0,1,0,0,6,13,0.269,0.575,767,3,0
1,1,0,1,1,0,0,0,0,0,0,0,0,0,1,0,0,0,0,0,1,17,0.352,0.215,659,3,0
1,0,0,1,0,0,0,0,0,1,1,0,0,0,1,1,0,1,1,0,8,21,0.562,0.693,1823,2,1
0,0,0,0,0,0,0,0,0,0,0,0,0,0,0,0,0,1,0,0,1,13,0.365,0.097,490,2,0
1,1,0,0,0,0,1,0,0,0,0,0,0,1,0,0,1,1,0,0,2,12,0.756,0.157,221,2,0
1,0,0,1,0,1,1,0,0,0,0,0,1,0,1,1,0,1,0,0,7,27,0.847,0.715,375,2,1
1,1,0,0,0,0,0,0,0,0,0,0,1,0,0,1,1,0,0,0,2,13,0.354,0.758,870,3,0
0,1,0,1,1,0,1,1,1,1,0,1,1,0,1,1,0,1,0,0,2,22,0.532,0.804,916,4,1
1,1,0,0,1,1,1,1,0,1,0,0,1,0,1,1,0,0,1,0,2,23,0.815,0.335,488,3,1
0,1,1,1,1,1,1,0,0,1,1,0,1,1,1,1,1,1,0,0,4,17,0.612,0.778,707,4,1
0,0,0,1,1,0,0,0,0,0,0,0,0,0,1,0,0,1,0,0,2,13,0.096,0.355,455,3,0
0,1,0,1,1,0,1,1,0,0,0,1,0,0,1,1,0,1,1,0,6,26,0.695,0.371,829,6,1
0,0,0,0,0,0,0,1,0,0,0,0,1,0,1,0,1,0,0,0,3,13,0.208,0.468,828,2,0
1,1,1,0,1,0,0,0,0,0,1,0,1,0,1,1,1,1,0,0,11,18,0.651,0.859,1727,6,1
1,1,1,1,1,0,1,1,0,0,0,0,1,0,1,1,0,1,0,1,6,28,0.784,0.721,910,6,1
1,1,0,0,1,0,1,0,0,1,0,0,0,1,0,1,0,1,0,1,6,25,0.809,0.805,1532,7,1
0,1,0,0,1,0,1,0,0,0,0,0,0,0,1,0,0,0,0,0,3,12,0.164,0.716,825,3,0
0,0,0,0,1,0,0,0,0,1,0,0,0,0,1,0,0,0,0,0,3,14,0.094,0.311,261,2,0
1,1,0,0,0,0,0,0,0,0,1,0,1,0,1,0,0,0,0,0,5,14,0.359,0.266,340,3,0
0,0,0,1,0,0,1,0,0,0,1,0,0,0,0,0,1,1,1,0,3,12,0.431,0.13,580,2,0
1,0,0,0,0,0,0,0,0,0,0,0,0,0,0,0,0,0,0,0,2,18,0.177,0.597,167,2,0
1,1,0,1,1,1,1,0,0,0,1,0,0,1,0,1,1,1,1,0,5,19,0.805,0.496,1869,6,1
1,0,0,1,1,0,1,0,0,0,1,0,0,0,1,1,1,1,1,0,2,14,0.323,0.515,664,3,0
1,0,1,1,0,1,0,1,0,0,0,1,0,0,1,0,1,1,1,0,2,22,0.584,0.778,1236,2,1
0,0,0,0,0,1,0,1,1,0,0,1,1,1,1,0,1,0,1,0,7,20,0.466,0.369,1359,7,1
1,0,0,1,1,1,0,1,0,0,1,1,0,0,0,1,0,0,1,0,3,11,0.344,0.307,965,1,0
0,0,0,0,0,0,1,0,1,0,0,0,0,0,1,1,0,0,0,0,3,13,0.497,0.535,802,2,0
0,0,0,1,0,1,0,0,0,0,1,0,1,0,1,0,0,1,0,0,4,15,0.202,0.6,212,1,0
0,0,0,0,0,0,0,0,0,0,0,0,0,0,0,0,0,0,0,0,1,5,0.151,0.255,485,2,0
0,0,0,0,0,0,0,0,0,0,0,0,0,1,1,0,0,1,1,0,1,10,0.418,0.41,547,1,0
1,0,1,0,1,0,0,0,0,0,1,0,0,0,1,0,0,0,0,0,4,13,0.442,0.165,557,2,0
1,0,0,1,1,1,0,0,0,1,1,0,0,0,1,0,0,0,0,0,2,13,0.488,0.084,617,1,0
1,0,0,1,0,1,0,0,0,1,1,0,0,0,1,0,1,1,1,1,9,22,0.696,0.885,1735,3,1
0,1,0,0,0,0,0,1,1,1,0,1,0,0,1,1,0,1,0,1,7,16,0.86,0.715,1229,4,1
1,0,0,1,0,1,0,1,0,0,1,0,0,0,1,1,1,0,0,0,7,17,0.677,0.606,1669,5,1
1,0,0,1,0,0,0,0,0,1,0,0,0,0,1,0,0,0,1,0,4,12,0.178,0.328,210,1,0
1,1,0,1,1,1,1,1,0,1,1,0,1,1,1,1,1,1,0,0,5,25,0.769,0.906,1612,5,1
1,0,0,0,0,0,0,0,0,0,0,0,0,0,1,0,0,0,1,0,2,10,0.299,0.23,482,2,0
1,0,0,0,0,0,0,0,0,0,1,0,0,0,0,0,0,1,0,0,3,14,0.327,0.403,973,2,0
0,0,1,1,0,1,0,1,0,1,1,0,1,0,1,0,1,1,0,0,3,19,0.683,0.314,1480,7,1
1,1,0,0,1,0,0,0,0,0,0,0,0,0,0,0,0,0,0,0,6,17,0.213,0.345,317,2,0
0,0,0,1,0,0,1,0,0,0,0,0,0,0,1,0,1,0,0,0,1,10,0.371,0.231,742,1,0
1,0,0,0,1,0,0,1,0,0,1,1,0,0,1,0,1,0,0,0,2,12,0.252,0.229,806,1,0
1,0,0,1,0,1,0,0,1,0,0,0,0,0,1,0,1,1,0,0,6,20,0.737,0.721,2015,7,1
1,1,1,1,1,1,1,1,1,0,1,0,0,1,0,0,0,1,1,0,10,26,0.705,0.698,1629,5,1
0,0,0,0,0,0,0,0,0,0,1,0,0,0,1,0,0,1,1,0,4,14,0.456,0.086,555,1,0
0,0,0,1,0,0,0,0,0,0,0,0,0,0,0,1,0,1,1,0,4,10,0.281,0.068,746,3,0
1,1,0,0,1,1,1,1,0,0,0,0,1,0,1,1,1,0,0,0,7,21,0.549,0.794,1870,2,1
0,0,0,0,1,0,0,0,0,1,0,0,0,0,1,0,0,0,0,0,8,11,0.517,0.813,714,2,0
1,0,1,1,1,1,0,0,0,0,1,0,1,0,1,1,0,1,1,0,3,21,0.594,0.522,1054,2,1
0,0,0,0,0,1,0,0,0,0,0,0,0,0,0,0,0,0,0,1,4,19,0.06,0.321,447,3,0
0,1,1,1,1,0,1,1,1,1,1,1,0,0,0,0,1,1,0,0,11,21,0.29,0.877,1972,7,1
0,1,0,0,0,0,0,0,0,0,0,0,0,0,0,0,1,1,1,0,6,11,0.412,0.221,650,2,0
0,0,1,0,0,1,1,0,0,0,0,0,0,0,0,0,0,0,1,0,1,13,0.415,0.349,552,2,0
0,0,0,0,1,0,0,1,0,0,1,1,0,0,1,1,1,0,0,0,0,13,0.354,0.177,721,3,0
1,0,0,0,0,0,0,0,0,0,1,0,0,0,0,0,1,0,1,0,1,14,0.162,0.235,861,2,0
1,0,0,0,1,0,0,0,0,0,0,1,0,0,0,0,1,0,0,0,2,10,0.303,0.304,902,2,0
1,0,0,0,0,1,0,0,0,0,0,0,0,0,0,1,0,0,0,0,5,18,0.554,0.272,367,3,0
0,0,0,0,1,1,0,0,0,0,0,0,0,0,1,1,0,0,0,0,0,14,0.256,0.427,850,3,0
1,1,0,0,1,0,0,1,0,1,0,1,0,1,1,1,0,1,1,0,2,26,0.594,0.616,1438,3,1
0,1,1,1,1,0,1,1,0,1,0,1,1,0,1,1,0,0,1,0,7,26,0.698,0.708,1251,3,1
1,1,0,0,1,0,0,0,1,0,1,1,0,0,0,0,0,0,0,1,4,14,0.301,0.161,927,3,0
1,0,0,0,0,1,0,1,0,0,0,0,0,0,1,1,0,0,1,0,3,13,0.116,0.13,121,2,0
1,0,1,1,0,1,1,1,0,1,1,0,1,1,1,1,0,1,0,0,5,28,0.43,0.661,1792,7,1
0,0,0,0,0,0,0,0,0,0,1,0,0,0,0,0,0,0,1,0,4,13,0.119,0.071,205,1,0
0,1,0,0,1,1,0,0,0,0,0,0,0,0,1,1,1,0,0,0,5,22,0.836,0.76,1944,7,1
0,1,0,0,1,0,0,0,0,0,0,0,0,0,0,1,0,0,0,0,1,16,0.023,0.171,575,1,0
0,1,0,1,0,0,0,1,0,1,1,0,1,1,0,0,1,0,0,0,12,22,0.732,0.51,1845,5,1
1,1,0,1,1,0,1,1,1,0,0,0,1,0,0,1,1,1,1,0,1,21,0.336,0.512,288,5,1
0,0,0,1,1,1,0,0,0,1,1,1,0,0,1,1,0,1,1,1,6,19,0.763,0.868,1284,6,1
0,1,0,0,0,1,0,0,0,1,1,0,0,0,1,1,0,1,0,1,9,21,0.834,0.615,1067,2,1
1,0,0,1,0,0,0,0,0,0,1,0,0,0,0,1,0,0,0,1,3,8,0.073,0.188,478,2,0
0,1,0,1,0,0,0,1,0,0,0,0,0,1,0,0,0,0,0,0,2,9,0.261,0.27,139,2,0
1,0,0,0,0,0,1,1,0,1,1,0,1,0,0,1,0,1,0,0,7,16,0.584,0.704,450,7,1
1,0,0,0,0,0,1,0,0,0,1,0,0,0,0,0,0,0,0,0,6,11,0.364,0.135,965,1,0
0,1,0,1,0,1,1,1,0,1,0,1,0,0,1,1,1,1,0,0,8,26,0.883,0.583,380,6,1
0,0,0,0,0,1,0,0,0,0,0,0,0,0,1,0,0,0,0,0,1,9,0.168,0.559,657,1,0
0,1,0,1,0,1,0,1,0,1,1,1,0,1,1,1,1,1,1,0,7,23,0.448,0.705,1641,5,1
0,0,1,0,1,0,0,0,0,0,1,0,0,0,0,0,0,0,0,0,2,8,0.116,0.131,422,2,0
1,0,0,0,0,1,0,0,0,0,1,0,0,0,0,0,0,0,0,0,2,10,0.226,0.098,213,3,0
1,1,0,0,0,0,0,0,0,0,0,1,0,0,0,0,0,1,0,0,4,12,0.128,0.474,481,1,0
0,0,0,0,0,0,0,0,1,1,0,0,1,0,0,0,0,0,0,0,2,14,0.336,0.039,765,1,0
1,0,0,0,1,1,0,0,0,0,0,0,0,0,0,0,0,0,0,1,3,16,0.153,0.711,792,2,0
0,0,0,0,0,0,0,0,0,0,0,0,0,1,0,0,0,0,1,0,1,12,0.343,0.264,809,2,0
0,1,0,0,0,0,0,0,0,1,1,0,0,1,0,0,0,1,1,1,2,11,0.378,0.305,897,1,0
1,1,1,1,1,1,0,1,1,0,1,1,0,0,0,1,0,1,0,0,9,33,0.658,0.682,1152,6,1
1,1,0,0,0,0,0,0,1,0,1,1,0,0,1,1,1,1,0,0,5,27,0.622,0.937,2269,3,1
0,0,0,1,1,0,0,0,0,0,0,0,0,0,1,0,0,0,1,0,6,11,0.166,0.252,679,1,0
0,1,0,0,0,0,1,0,0,0,0,1,1,0,1,0,1,0,0,0,4,12,0.062,0.108,563,2,0
1,0,0,0,1,1,0,1,0,0,1,0,0,1,0,1,0,1,1,0,5,23,0.795,0.801,276,3,1
0,0,0,0,1,0,0,0,0,0,1,0,1,0,0,0,0,0,0,0,1,10,0.225,0.344,287,1,0
0,1,0,1,1,0,0,1,0,0,0,0,0,0,1,0,0,0,1,0,3,7,0.159,0.305,358,3,0
0,0,1,0,1,0,0,0,0,1,0,0,0,0,1,1,0,1,1,0,2,13,0.116,0.211,325,3,0
1,0,0,0,0,0,0,0,0,0,1,1,0,0,1,0,0,0,0,1,0,13,0.116,0.031,727,3,0
1,0,0,0,0,0,1,0,0,0,0,0,1,0,0,0,0,0,0,0,3,7,0.249,0.039,233,2,0
0,0,0,0,0,0,0,1,0,0,0,0,0,0,0,0,0,0,0,0,5,15,0.378,0.297,245,1,0
1,0,0,0,0,0,0,1,0,0,0,0,0,0,0,1,1,0,0,0,4,16,0.311,0.206,270,2,0
0,1,1,0,1,0,0,0,1,0,0,0,0,0,0,0,1,1,0,0,8,19,0.551,0.194,2357,7,1
0,0,0,0,1,0,0,0,1,0,0,0,0,0,0,0,0,0,1,0,1,11,0.191,0.476,278,3,0
1,1,0,1,0,0,1,0,0,0,0,1,0,0,0,1,0,1,0,0,2,23,0.878,0.367,879,7,1
1,0,0,0,0,0,0,0,1,0,0,0,0,0,0,0,1,0,0,0,3,17,0.075,0.037,717,1,0
0,0,0,0,0,0,1,0,0,0,1,0,1,0,1,0,0,0,0,0,2,10,0.211,0.18,608,1,0
0,0,0,0,1,0,0,1,1,1,0,0,0,0,1,1,1,0,0,0,1,5,0.303,0.285,907,2,0
1,0,0,1,0,0,0,0,0,1,1,0,0,0,1,1,0,1,0,0,3,11,0.109,0.256,163,2,0
0,0,1,1,0,0,0,1,0,1,0,1,0,0,0,1,0,0,1,0,4,22,0.763,0.812,337,4,1
1,0,0,0,1,1,0,0,0,0,0,0,1,0,0,0,0,0,0,0,5,21,0.707,0.382,1256,2,1
0,0,0,1,0,0,1,0,1,0,0,0,0,0,1,0,0,1,0,0,7,12,0.256,0.265,644,3,0
1,0,0,0,0,0,1,0,0,1,0,0,0,0,0,1,0,0,0,0,2,11,0.469,0.443,673,2,0
1,0,0,0,0,0,0,0,0,0,0,0,0,0,0,0,0,0,0,0,2,13,0.25,0.249,956,2,0
1,0,0,0,1,1,1,0,0,0,0,1,0,0,0,0,0,1,1,0,3,21,0.316,0.347,407,2,0
0,0,1,1,1,0,0,0,0,0,1,0,1,0,1,0,0,0,0,0,3,13,0.603,0.174,811,3,0
1,0,0,1,0,0,0,1,0,1,1,1,0,1,1,0,0,0,1,0,1,23,0.817,0.689,1900,6,1
0,0,0,0,1,0,0,0,0,0,0,0,0,0,1,0,0,1,0,0,3,17,0.481,0.517,978,1,0
1,0,0,1,0,0,1,0,0,0,0,1,0,0,0,0,1,0,0,0,1,10,0.283,0.219,810,2,0
0,1,0,0,1,0,0,1,0,0,0,0,0,0,1,0,0,0,0,0,3,12,0.08,0.321,359,3,0
0,1,1,1,0,1,0,1,0,0,1,0,0,0,0,0,1,1,1,0,7,22,0.441,0.807,2384,5,1
0,0,1,0,1,0,0,0,0,0,1,0,0,0,1,0,1,1,0,0,3,10,0.584,0.324,504,2,0
0,0,0,1,1,0,0,0,0,0,0,0,1,0,0,0,0,1,0,0,1,7,0.448,0.362,176,3,0
0,1,0,0,1,0,0,0,0,0,1,0,0,1,0,0,0,0,0,0,6,18,0.165,0.28,261,2,0
0,0,0,0,0,0,1,0,0,0,0,0,1,0,0,0,0,0,0,0,3,17,0.273,0.408,180,2,0
0,0,0,0,1,0,0,0,0,0,0,0,0,0,1,0,1,1,1,0,2,14,0.234,0.316,536,3,0
0,1,0,0,0,0,0,0,0,0,0,1,0,1,0,0,0,1,0,1,3,13,0.363,0.141,583,2,0
1,1,0,1,0,0,1,0,1,1,0,0,0,1,1,1,0,1,0,0,8,22,0.46,0.646,199,7,1
1,0,0,0,0,1,0,0,0,0,0,0,0,0,0,0,0,0,0,0,2,16,0.628,0.232,494,2,0
1,0,0,1,1,1,1,1,0,1,0,0,0,0,1,1,1,1,1,0,4,27,0.937,0.785,2307,2,1
1,0,0,0,1,0,0,0,0,0,1,0,0,1,0,0,0,1,0,0,2,18,0.122,0.026,573,3,0
1,0,0,0,0,0,0,1,0,0,1,0,0,0,0,0,1,0,1,0,1,13,0.416,0.25,955,3,0
1,0,0,1,0,0,0,1,0,0,0,0,0,0,0,0,0,0,0,0,2,14,0.429,0.615,103,2,0
1,1,1,0,1,1,0,1,1,0,1,0,1,0,0,0,0,1,0,1,4,22,0.698,0.759,2206,2,1
1,1,0,0,0,1,0,0,1,0,0,0,0,0,1,0,0,1,0,0,5,10,0.183,0.136,780,2,0
0,0,1,0,1,0,0,1,0,1,1,1,0,1,1,1,0,0,1,0,8,20,0.674,0.324,2054,3,1
0,0,1,0,1,0,0,0,0,0,0,1,0,0,0,0,0,1,0,0,2,11,0.377,0.088,900,2,0
0,0,0,1,1,1,1,1,0,0,1,0,1,0,0,0,1,1,1,0,9,29,0.275,0.918,708,6,1
1,0,1,1,1,1,0,0,0,1,1,1,0,0,0,0,0,0,0,1,8,18,0.565,0.62,988,5,1
1,0,0,0,0,1,0,0,0,0,1,0,0,0,1,0,0,0,0,0,2,11,0.116,0.588,886,2,0
1,1,0,0,1,0,1,1,0,0,1,0,0,0,1,0,0,0,0,1,1,11,0.168,0.239,461,3,0
1,0,0,1,0,0,0,0,0,0,1,1,0,1,0,0,0,1,0,1,2,15,0.215,0.373,831,1,0
0,0,0,0,0,0,0,0,0,0,0,0,0,0,0,0,0,1,1,0,4,15,0.247,0.453,990,1,0
1,1,1,1,1,0,0,1,0,0,1,0,0,1,0,1,1,1,0,0,9,21,0.95,0.57,1126,5,1
0,1,0,0,0,0,0,0,1,0,0,1,0,0,1,1,0,1,0,0,1,16,0.395,0.162,281,2,0
0,0,0,0,0,0,1,0,0,0,0,0,0,0,0,0,0,0,0,0,2,13,0.309,0.604,915,2,0
1,0,0,0,0,0,0,0,0,0,0,1,0,0,0,0,0,0,0,0,5,11,0.051,0.316,149,1,0
0,0,0,0,0,0,0,0,0,0,0,0,0,0,0,0,0,0,0,0,2,9,0.281,0.181,394,3,0
1,1,1,1,0,1,0,1,0,0,1,0,0,0,1,1,1,0,1,0,4,22,0.654,0.565,1665,7,1
0,0,0,0,1,0,0,0,0,0,1,0,0,1,0,0,0,1,0,0,4,14,0.181,0.192,371,1,0
1,0,0,0,0,0,0,0,0,1,0,0,0,0,0,0,0,0,0,0,4,13,0.25,0.215,594,2,0
1,1,0,0,1,0,1,1,0,1,1,0,1,0,1,1,1,1,1,0,5,16,0.956,0.812,476,7,1
1,0,1,1,1,1,0,0,1,0,1,1,0,0,1,1,0,0,1,0,7,19,0.469,0.527,1192,2,1
0,0,0,1,0,1,0,1,0,0,0,0,0,0,1,0,0,0,1,0,4,14,0.269,0.206,204,2,0
0,0,1,0,0,0,0,0,0,0,0,0,0,0,1,1,0,1,0,0,5,13,0.563,0.276,547,1,0
1,0,0,0,0,0,0,1,0,0,0,0,0,1,1,1,0,0,0,0,2,13,0.151,0.165,212,3,0
0,0,0,1,0,0,0,0,0,0,0,1,0,1,0,0,0,0,0,1,0,11,0.284,0.323,758,2,0
0,1,0,1,1,0,0,1,0,0,0,1,1,1,1,1,1,1,0,0,6,22,0.773,0.495,221,2,1
0,0,0,0,0,0,0,0,0,0,1,0,0,0,0,0,0,0,0,0,2,12,0.051,0.177,405,2,0
1,0,0,0,1,0,0,1,0,0,1,0,0,0,1,0,0,0,0,0,2,12,0.205,0.434,358,1,0
1,0,0,1,1,1,0,1,0,0,1,1,1,1,1,1,0,1,0,1,4,22,0.813,0.846,2221,4,1
0,0,0,0,1,0,1,1,0,0,1,0,0,0,0,0,0,0,0,0,3,10,0.587,0.342,251,1,0
0,0,0,1,0,0,0,0,0,0,1,0,1,0,0,0,0,1,0,0,4,15,0.208,0.53,485,1,0
0,0,0,1,1,1,0,1,0,1,1,1,1,1,1,0,1,1,1,0,7,22,0.593,0.75,967,6,1
0,0,0,1,0,1,0,0,0,0,0,0,0,0,1,0,0,1,1,0,5,20,0.736,0.134,684,3,0
0,0,0,0,1,0,0,1,1,0,0,0,0,0,1,0,1,0,1,1,6,21,0.744,0.604,659,4,1
0,1,0,0,1,1,1,0,1,1,0,1,0,0,0,1,1,0,0,0,4,26,0.883,0.822,381,4,1
1,0,0,0,1,0,0,0,0,0,0,0,0,0,0,0,0,0,0,0,3,15,0.248,0.198,615,1,0
0,0,0,0,1,1,0,0,0,1,0,0,0,0,0,1,0,0,1,0,6,15,0.28,0.135,640,1,0
0,1,0,1,1,0,0,0,0,1,0,0,0,0,1,0,1,1,0,0,3,17,0.315,0.425,780,1,0
0,0,1,0,0,1,1,0,0,0,0,0,0,0,0,1,0,1,0,0,2,10,0.211,0.151,630,3,0
1,1,0,1,1,1,0,1,0,1,1,0,0,1,0,0,1,1,0,0,6,22,0.737,0.766,330,6,1
0,0,0,1,1,1,0,0,0,0,0,0,1,0,1,0,0,0,1,0,2,14,0.163,0.506,969,3,0
0,0,0,0,0,0,0,0,0,0,0,0,0,0,1,0,0,0,0,0,1,12,0.419,0.344,127,1,0
0,1,0,1,0,0,0,0,1,0,0,0,0,1,1,0,0,0,0,0,2,12,0.074,0.293,269,2,0
0,0,0,0,1,0,0,0,0,1,1,0,1,0,0,0,0,0,0,0,1,8,0.171,0.43,814,1,0
0,1,1,0,1,0,0,0,0,0,0,0,0,0,1,0,0,0,0,0,3,13,0.175,0.151,456,2,0
1,0,0,0,1,0,0,0,0,0,0,0,0,0,0,1,0,0,0,0,2,9,0.515,0.45,508,1,0
0,0,0,0,0,0,0,0,0,0,0,1,0,0,0,0,1,0,0,0,0,5,0.171,0.099,355,1,0
1,0,1,0,0,0,0,0,0,0,1,0,0,1,0,0,0,0,0,0,4,17,0.146,0.326,250,3,0
0,0,0,0,0,0,0,0,0,1,0,0,0,0,1,1,0,0,0,0,1,12,0.601,0.233,897,1,0
0,0,0,0,0,0,0,0,0,1,0,1,0,1,1,0,1,0,0,1,4,18,0.352,0.431,591,3,0
0,1,1,0,1,1,0,1,1,0,1,0,0,0,1,1,1,1,0,0,5,20,0.389,0.964,625,4,1
1,0,0,0,1,0,1,0,1,0,0,0,0,0,0,0,0,0,0,1,5,17,0.143,0.195,230,1,0
0,0,0,0,0,0,0,0,0,0,1,1,0,0,0,1,0,0,0,0,7,13,0.197,0.306,877,2,0
1,0,0,0,0,0,0,1,0,1,1,1,0,0,0,0,0,0,0,0,2,14,0.045,0.784,753,2,0
0,0,1,0,0,1,0,0,0,0,0,0,0,0,0,1,1,1,0,0,6,11,0.137,0.05,561,2,0
1,1,0,0,1,0,0,0,0,0,0,0,0,0,0,0,1,1,0,0,4,17,0.353,0.251,389,2,0
0,0,0,1,1,0,0,0,0,0,1,0,0,0,0,0,0,0,0,0,4,10,0.574,0.212,882,2,0
1,0,0,0,0,0,0,0,0,0,0,1,0,0,1,0,1,1,0,0,5,13,0.034,0.163,543,1,0
0,0,0,0,0,1,0,1,0,0,1,1,0,0,0,0,0,0,1,0,4,15,0.277,0.027,497,1,0
1,1,0,1,1,1,1,1,0,0,0,0,0,0,1,1,0,1,1,0,8,23,0.357,0.914,1014,7,1
1,1,1,1,1,1,1,0,0,1,0,1,1,0,1,1,1,1,1,0,4,20,0.559,0.655,203,3,1
1,1,0,0,1,0,0,0,0,1,1,1,0,1,1,0,1,1,1,0,4,25,0.641,0.823,1513,5,1
0,0,0,0,0,0,0,0,0,0,0,0,0,1,0,0,0,1,0,0,4,16,0.112,0.316,810,3,0
0,0,0,0,0,1,1,0,0,1,0,0,0,0,1,1,0,1,0,0,4,13,0.11,0.284,728,1,0
0,0,0,0,0,0,0,0,0,0,0,0,0,0,0,0,0,1,0,0,3,8,0.3,0.048,170,3,0
0,0,0,1,0,0,0,1,1,1,1,1,0,0,0,1,1,1,1,0,7,16,0.925,0.912,909,6,1
0,0,0,0,0,0,1,1,0,0,0,0,1,0,0,1,0,0,0,0,1,9,0.182,0.528,402,2,0
0,0,0,0,1,0,0,0,0,1,0,0,0,0,0,0,0,1,0,1,2,8,0.351,0.222,422,3,0
1,0,0,0,1,1,0,0,0,1,0,1,1,1,0,1,1,1,0,0,8,23,0.826,0.521,394,2,1
1,0,0,0,1,0,0,1,0,1,1,0,0,0,1,1,1,0,0,0,6,24,0.695,0.883,2173,7,1
0,1,0,0,0,1,0,1,1,0,1,1,0,0,0,0,1,0,0,0,4,10,0.145,0.425,424,2,0
1,1,0,1,1,0,1,1,0,1,0,1,0,0,0,1,1,1,0,0,8,22,0.833,0.873,639,2,1
1,1,1,1,1,0,0,1,0,1,0,1,1,0,0,0,0,1,0,0,6,14,0.301,0.144,101,3,0
1,0,0,0,1,0,0,0,0,0,0,0,1,0,0,0,0,0,0,1,3,14,0.03,0.405,167,2,0
0,0,1,0,0,1,0,0,0,0,1,0,0,0,0,1,0,0,0,0,8,7,0.219,0.435,804,2,0
0,1,0,0,1,1,0,1,0,1,1,0,1,0,0,1,0,1,1,0,3,23,0.992,0.771,1396,6,1
1,0,0,0,0,1,0,0,0,0,0,1,0,1,0,1,0,0,1,1,3,13,0.173,0.102,707,1,0
0,0,0,0,0,0,0,0,1,0,0,0,0,0,0,1,1,1,1,0,5,11,0.182,0.364,932,2,0
1,0,1,1,0,1,0,1,0,1,1,0,1,1,1,1,0,0,1,0,5,21,0.709,0.852,1797,6,1
0,0,0,0,0,0,0,1,0,0,1,0,0,0,0,0,1,1,1,0,2,8,0.288,0.324,209,2,0
0,1,0,0,0,1,0,0,0,0,1,0,0,0,0,0,0,1,0,1,1,7,0.366,0.244,391,2,0
0,1,1,0,0,0,0,0,0,0,1,0,0,0,0,0,0,1,0,0,2,11,0.252,0.466,365,1,0
0,0,0,0,1,0,0,0,0,0,0,0,0,0,0,0,0,1,0,0,0,12,0.077,0.227,644,2,0
0,0,1,0,1,1,0,1,0,0,1,1,0,0,0,1,0,1,0,0,8,23,0.947,0.477,326,2,1
0,1,0,0,0,0,0,0,0,0,1,0,0,0,1,0,0,0,1,0,2,9,0.23,0.212,574,2,0
1,0,0,1,1,0,1,1,0,1,1,1,0,0,1,0,0,1,1,0,8,19,0.648,0.81,815,2,1
0,1,0,0,0,0,0,0,0,0,0,0,0,0,0,0,0,1,0,0,2,13,0.402,0.348,842,3,0
0,0,0,1,0,0,1,0,0,0,0,0,1,0,0,1,0,1,0,0,5,11,0.141,0.657,628,1,0
0,0,0,0,0,1,0,0,0,0,1,0,1,0,1,0,0,1,1,0,3,13,0.098,0.205,454,1,0
0,0,0,1,0,0,0,1,0,0,1,1,0,0,0,1,1,1,1,1,4,19,0.515,0.786,1153,5,1
1,0,0,0,0,0,0,0,0,1,0,0,0,0,0,0,0,0,1,0,3,15,0.34,0.429,444,1,0
1,0,0,1,0,1,1,0,0,0,0,0,0,0,0,0,1,0,0,0,1,21,0.335,0.304,150,3,0
1,0,0,0,1,0,0,0,0,0,0,1,0,0,0,1,0,0,0,0,9,22,0.946,0.406,2309,5,1
0,1,0,0,0,0,0,0,0,0,0,0,0,0,0,0,0,0,0,0,2,18,0.383,0.088,279,3,0
0,0,1,0,0,0,0,0,0,0,0,0,1,1,0,0,0,0,0,0,2,5,0.054,0.522,821,1,0
1,0,0,0,0,0,0,0,0,1,0,0,0,0,1,1,0,1,0,0,4,12,0.178,0.328,438,1,0
1,0,0,0,0,0,0,0,0,0,1,0,0,0,0,0,1,0,0,1,3,11,0.169,0.146,443,3,0
0,0,1,0,1,0,0,0,0,0,0,0,0,1,1,0,0,0,0,0,5,12,0.188,0.686,584,3,0
1,0,0,1,1,0,0,1,0,1,0,0,0,1,1,0,0,1,0,0,3,27,0.619,0.528,2055,6,1
0,1,1,1,1,1,0,1,0,0,0,0,1,0,0,1,0,0,0,0,4,11,0.43,0.093,453,1,0
0,0,0,1,1,0,0,1,0,0,0,1,1,0,0,0,1,0,0,0,10,24,0.815,0.52,2036,5,1
0,0,0,1,1,0,0,1,1,0,1,1,0,0,0,0,0,0,0,0,2,15,0.128,0.465,733,1,0
1,1,0,1,0,1,1,0,0,0,1,0,1,0,1,0,0,0,0,1,5,12,0.27,0.411,489,3,0
0,0,1,0,0,1,0,1,0,0,0,1,0,0,0,1,1,1,0,0,5,16,0.761,0.865,1131,4,1
1,0,0,0,1,1,0,0,0,0,0,0,0,0,1,1,0,0,1,0,3,19,0.139,0.409,837,3,0
0,0,0,0,0,0,0,0,0,0,0,1,0,1,1,0,0,0,1,0,4,13,0.466,0.08,521,3,0
1,0,1,1,1,1,0,1,0,1,1,0,1,0,0,1,1,1,0,0,1,26,0.719,0.699,369,6,1
0,0,0,0,1,1,0,0,0,0,0,0,0,0,1,0,0,1,1,0,4,17,0.147,0.169,554,3,0
0,1,1,0,1,1,1,1,0,1,0,1,0,1,1,1,0,1,0,0,5,18,0.62,0.935,1753,7,1
1,0,0,0,0,0,0,0,0,0,0,0,0,0,0,0,0,1,0,0,1,16,0.169,0.325,594,2,0
0,0,1,1,0,1,0,1,0,0,0,1,1,0,1,1,0,1,1,1,10,21,0.786,0.575,1477,5,1
0,0,0,1,0,0,0,0,0,0,1,0,1,0,1,1,1,0,0,1,1,14,0.126,0.335,713,1,0
0,0,1,0,0,1,1,1,1,1,0,0,1,1,1,1,1,0,0,0,5,15,0.61,0.453,1438,4,1
1,0,0,0,0,1,0,0,0,0,0,0,0,1,1,1,0,0,0,1,4,8,0.521,0.462,345,3,0
0,1,1,0,1,0,0,1,0,0,1,0,1,0,1,0,1,1,0,1,7,20,0.227,0.594,973,6,1
1,0,1,0,1,0,0,1,0,0,0,0,1,0,0,1,0,1,0,0,8,15,0.599,0.514,1650,3,1
0,1,0,0,1,0,0,0,0,0,0,0,0,0,1,0,0,0,0,0,2,13,0.479,0.155,622,3,0
0,0,1,1,1,1,0,0,0,1,0,0,0,1,1,1,1,1,0,0,4,17,0.486,0.886,1198,5,1
1,0,0,0,0,0,0,0,0,0,0,0,0,0,0,0,0,0,0,1,7,16,0.325,0.262,506,3,0
1,1,1,0,1,0,0,0,0,0,0,1,0,0,0,0,0,0,0,0,3,15,0.379,0.505,113,2,0
0,0,0,0,0,0,0,0,1,0,1,0,1,0,1,1,0,0,0,0,1,13,0.222,0.265,302,2,0
0,1,0,0,1,0,0,0,0,0,0,0,0,0,0,0,0,1,0,0,0,15,0.361,0.553,692,1,0
0,0,0,1,0,1,1,0,0,0,1,1,0,0,1,0,1,1,1,0,8,23,0.525,0.84,2185,5,1
1,0,1,0,0,1,0,0,0,1,1,1,0,0,1,1,0,1,0,0,3,23,0.709,0.479,1992,5,1
0,1,1,0,1,0,0,1,0,0,0,0,1,0,0,0,0,0,0,0,3,15,0.109,0.16,252,2,0
1,0,0,1,1,1,1,1,0,0,1,0,0,0,1,0,0,0,1,0,2,12,0.168,0.513,580,1,0
0,0,0,1,1,0,0,0,0,0,1,0,0,0,0,0,0,0,0,0,4,10,0.139,0.242,950,1,0
1,1,0,0,1,0,1,1,0,1,0,0,0,0,1,1,1,1,1,0,5,21,0.42,0.784,245,6,1
0,0,0,0,0,0,1,0,0,0,1,1,1,0,0,0,0,0,0,0,5,15,0.51,0.625,88,3,0
1,0,1,0,1,1,1,0,0,0,0,0,0,0,1,1,0,1,0,0,5,11,0.414,0.338,613,3,0
0,0,0,1,0,0,0,0,0,1,0,0,0,0,0,0,0,0,1,0,7,11,0.628,0.187,280,1,0
0,0,1,0,1,0,0,0,0,1,0,0,0,0,1,1,0,1,0,0,1,10,0.193,0.376,434,2,0
0,0,1,1,0,1,1,0,0,0,0,0,0,0,0,0,0,0,1,0,3,12,0.351,0.21,690,3,0
1,0,0,1,0,1,0,1,0,1,0,1,0,0,1,1,1,1,0,0,5,16,0.653,0.842,1822,4,1
1,0,1,1,1,1,1,1,0,0,0,1,0,1,1,1,1,1,0,1,7,15,0.817,0.563,471,7,1
0,1,1,1,0,1,1,1,0,1,0,0,0,0,1,1,1,1,0,0,2,21,0.622,0.83,1235,7,1
0,0,0,1,0,0,1,0,0,0,0,1,0,0,1,0,0,0,1,0,2,10,0.463,0.241,469,1,0
0,0,0,1,1,0,0,0,0,0,1,0,0,1,1,0,1,1,0,0,3,4,0.17,0.331,686,2,0
1,0,1,1,1,1,0,0,1,0,1,0,0,0,0,1,0,1,1,0,6,25,0.565,0.93,2195,5,1
0,0,1,1,0,0,0,0,0,0,1,0,0,0,1,0,0,0,0,0,2,14,0.391,0.32,520,2,0
0,0,0,0,1,0,0,0,0,0,0,1,0,1,1,0,0,1,0,0,7,10,0.286,0.319,284,1,0
1,1,0,1,1,0,0,0,0,0,1,0,0,0,1,0,0,0,0,0,3,9,0.4,0.213,194,2,0
1,0,1,0,0,0,0,0,0,0,0,1,0,0,1,1,1,0,0,0,4,10,0.325,0.572,881,3,0
1,0,0,1,0,0,1,1,1,0,0,0,0,1,1,1,1,1,0,1,8,24,0.357,0.663,302,4,1
1,0,0,1,1,0,0,0,0,0,0,0,1,0,0,0,0,0,1,0,5,16,0.292,0.248,365,3,0
1,0,1,0,1,1,1,0,0,1,1,0,1,0,0,1,1,1,1,0,2,20,0.942,0.586,1928,7,1
0,0,0,0,0,0,0,0,0,0,0,0,1,0,0,1,0,1,0,0,0,17,0.11,0.099,613,2,0
0,0,1,1,1,0,0,0,0,0,0,1,0,0,1,1,0,0,0,0,3,13,0.415,0.386,805,2,0
1,0,1,0,1,0,0,0,0,0,0,0,0,1,1,0,0,0,0,0,1,15,0.048,0.112,473,1,0
0,0,0,0,1,0,0,1,0,0,0,0,1,1,0,0,0,1,0,0,0,14,0.209,0.578,748,1,0
0,0,1,1,1,1,0,0,1,1,1,0,1,0,1,1,0,1,1,0,5,17,0.795,0.279,1378,5,1
0,0,0,1,1,0,0,0,0,1,1,0,0,1,1,0,1,0,0,0,14,25,0.84,0.449,1098,2,1
0,0,0,0,0,0,1,0,0,0,0,1,0,0,0,1,0,0,0,0,3,8,0.207,0.448,469,3,0
0,0,0,0,0,0,0,0,0,0,1,0,0,0,0,0,0,1,1,0,4,9,0.283,0.207,515,2,0
0,1,0,0,0,0,0,0,0,0,0,1,0,0,0,0,0,0,0,0,1,14,0.213,0.181,588,2,0
0,0,0,1,1,0,0,1,0,0,1,1,0,0,1,1,1,1,0,0,5,17,0.51,0.763,1533,7,1
0,1,0,1,0,0,0,0,1,1,0,0,0,0,0,1,0,0,0,0,2,11,0.015,0.67,267,1,0
0,0,0,0,1,0,0,0,0,0,0,0,0,0,0,0,0,1,0,0,6,19,0.289,0.228,516,2,0
0,0,0,0,0,0,0,0,0,0,0,0,0,0,0,0,0,0,0,1,4,10,0.283,0.086,658,2,0
0,0,0,0,0,0,0,0,0,0,1,0,0,0,1,0,1,0,0,0,3,15,0.141,0.277,546,2,0
1,1,1,1,1,1,1,1,1,0,1,0,0,0,1,1,0,1,1,1,2,24,0.881,0.391,332,7,1
0,1,0,0,1,0,0,0,1,0,0,1,0,0,0,1,1,1,0,0,3,22,0.541,0.775,1449,7,1
1,1,0,0,0,0,0,0,0,0,0,1,0,0,0,0,1,1,0,0,4,14,0.303,0.405,461,2,0
1,1,0,0,1,0,0,1,0,1,0,0,0,0,1,0,0,1,1,0,8,21,0.968,0.727,1511,7,1
0,1,0,0,1,0,0,0,0,1,1,0,0,0,1,0,0,0,0,0,5,8,0.244,0.267,978,1,0
0,0,0,0,0,0,0,0,0,0,0,0,0,0,0,0,0,0,0,1,2,9,0.338,0.316,127,2,0
0,1,0,1,1,0,0,0,1,0,1,0,0,0,1,1,1,0,0,0,3,15,0.535,0.3,246,2,0
1,0,1,1,0,0,1,0,0,0,0,0,0,0,1,0,1,1,1,0,2,13,0.167,0.384,364,1,0
0,0,1,0,1,0,0,0,0,0,1,0,0,0,0,0,0,1,0,0,2,20,0.586,0.353,629,3,0
0,0,0,0,0,1,0,0,0,1,0,1,0,1,1,1,0,0,0,0,4,16,0.213,0.607,705,2,0
1,1,0,0,1,1,0,1,0,0,0,1,1,0,0,1,1,1,1,0,8,21,0.584,0.773,1055,7,1
1,1,0,0,1,1,0,1,0,0,1,0,1,0,1,1,1,1,0,0,5,19,0.941,0.72,503,7,1
1,1,0,0,0,0,1,0,0,0,1,0,0,0,0,1,0,1,0,0,3,14,0.336,0.558,924,2,0
0,0,0,0,0,0,0,0,0,0,1,0,0,0,1,0,0,1,0,0,5,18,0.241,0.11,154,2,0
1,0,0,1,1,1,1,1,0,1,1,0,1,0,1,1,1,1,0,1,6,23,0.927,0.424,335,5,1
1,1,0,0,1,1,1,1,0,1,1,1,0,0,0,1,0,1,0,0,9,31,0.72,0.557,2307,3,1
0,0,1,0,0,0,0,0,0,0,0,0,0,0,0,1,1,1,0,1,1,11,0.083,0.17,285,1,0
1,1,1,1,1,1,0,0,1,0,0,0,0,0,1,0,0,1,0,0,11,20,0.972,0.342,2331,7,1
1,0,0,1,1,0,0,0,0,0,0,1,0,0,1,1,1,1,0,0,6,23,0.794,0.973,2395,6,1
0,0,0,1,1,0,0,0,0,0,0,1,0,0,1,0,0,0,0,0,3,12,0.045,0.385,728,2,0
1,0,1,0,0,0,1,0,0,0,1,0,0,1,1,0,0,0,1,0,9,23,0.867,0.735,667,7,1
1,0,0,0,0,0,0,0,0,0,1,0,0,0,1,0,0,0,0,0,2,11,0.344,0.454,885,2,0
1,1,1,1,1,0,1,1,1,0,1,1,0,0,1,1,0,0,1,0,6,20,0.893,0.872,1312,3,1
0,0,0,0,0,0,1,0,1,0,0,0,0,0,0,0,1,1,0,0,2,11,0.387,0.362,346,1,0
1,0,0,0,0,0,0,0,0,1,0,0,0,0,0,0,0,1,0,0,1,17,0.374,0.322,379,3,0
1,0,0,0,0,0,0,0,0,0,1,0,0,0,0,0,0,0,0,0,6,10,0.378,0.173,948,3,0
0,0,0,0,0,0,1,0,0,0,0,0,1,1,1,0,0,0,0,0,2,9,0.388,0.207,482,1,0
1,0,1,1,0,0,0,1,0,0,0,0,1,0,1,1,1,1,1,0,1,16,0.943,0.697,1632,7,1
0,0,0,0,0,0,1,1,0,0,0,0,0,0,1,1,0,0,0,0,2,12,0.082,0.127,466,1,0
0,0,0,0,0,0,1,1,0,0,0,1,1,0,0,0,0,1,0,1,1,16,0.21,0.224,625,2,0
0,0,0,0,0,0,0,0,0,0,0,0,0,0,0,0,0,0,0,0,2,14,0.328,0.469,409,1,0
0,0,0,0,0,0,0,0,0,0,0,0,0,0,0,0,0,1,1,0,2,8,0.292,0.304,822,2,0
1,0,1,0,0,0,0,1,0,0,1,0,0,0,1,0,0,1,0,0,2,10,0.127,0.088,513,1,0
1,1,0,1,1,0,1,1,0,1,1,1,0,0,1,0,1,1,1,0,5,25,0.809,0.85,2372,2,1
1,0,0,1,1,1,1,0,0,0,1,1,1,0,1,0,1,1,0,0,8,22,0.893,0.433,1865,4,1
1,1,1,1,0,0,1,1,0,1,0,1,0,0,0,1,1,1,1,1,4,18,0.821,0.693,818,3,1
0,1,0,0,0,0,1,0,0,1,0,0,0,0,1,0,0,0,0,0,2,12,0.132,0.187,267,3,0
0,1,1,1,1,0,0,1,1,1,0,0,0,0,0,1,0,1,0,0,6,23,0.834,0.557,449,5,1
1,0,0,0,0,1,0,1,0,0,0,0,0,0,0,1,0,1,1,0,8,25,0.892,0.617,1992,5,1
0,1,1,1,0,0,0,0,0,0,0,0,0,0,1,0,0,0,0,0,1,13,0.116,0.03,93,3,0
1,0,0,0,0,0,0,0,0,1,0,1,0,0,0,1,0,0,0,0,3,15,0.557,0.139,903,1,0
1,1,0,0,1,1,1,1,0,1,1,0,0,0,0,0,1,0,0,0,6,26,0.832,0.409,1919,7,1
0,0,1,1,1,0,0,0,0,0,1,0,1,0,0,0,0,0,0,0,2,10,0.258,0.322,187,3,0
1,0,0,0,1,0,0,0,0,0,0,0,0,0,0,1,0,0,0,0,3,14,0.246,0.287,927,3,0
0,0,0,0,0,0,0,0,0,0,0,0,0,0,0,0,0,0,1,0,2,14,0.299,0.608,217,1,0
1,0,0,1,0,0,0,0,0,0,0,0,0,0,0,0,1,1,0,1,2,11,0.187,0.281,846,3,0
0,0,0,0,0,0,0,0,0,0,0,0,0,0,1,0,0,0,0,0,2,6,0.189,0.182,906,3,0
1,1,0,0,1,1,0,1,0,0,1,1,0,0,0,1,0,1,1,0,5,19,0.871,0.622,1571,3,1
0,0,0,0,0,0,0,0,0,0,0,0,0,1,0,0,0,0,0,0,2,10,0.177,0.162,558,3,0
1,0,0,1,1,0,1,0,0,0,0,0,0,0,0,0,1,0,0,0,1,18,0.392,0.162,715,1,0
0,0,0,0,0,0,0,0,0,1,0,0,0,0,0,0,0,1,0,1,7,8,0.057,0.377,733,1,0
0,0,0,0,1,0,1,0,0,0,1,0,0,0,0,0,0,1,0,0,4,9,0.384,0.086,800,2,0
1,0,0,1,0,1,0,1,1,0,0,0,0,1,0,0,0,1,0,0,12,23,0.766,0.257,140,2,1
0,1,0,0,1,0,0,0,1,0,0,1,0,0,0,0,0,0,0,0,4,15,0.3,0.231,897,3,0
0,1,1,0,1,0,0,0,0,0,1,1,0,0,1,0,1,1,0,0,3,10,0.46,0.38,594,1,0
1,0,0,1,1,1,1,1,1,0,1,0,1,1,0,1,1,0,1,0,9,23,0.787,0.262,428,6,1
1,1,1,0,1,1,0,0,0,0,0,1,1,0,1,0,1,1,0,0,5,19,0.806,0.638,1011,2,1
0,0,0,1,0,0,0,0,0,0,0,0,0,0,0,0,0,1,0,1,2,16,0.12,0.222,823,2,0
0,0,1,0,0,0,0,0,0,0,0,0,0,0,1,0,0,0,0,0,2,14,0.216,0.371,581,2,0
0,0,0,1,1,0,0,0,0,0,0,0,1,0,0,0,0,0,0,0,0,8,0.348,0.02,735,2,0
0,0,0,1,0,0,1,1,1,1,0,0,1,0,1,0,1,0,0,0,6,25,0.856,0.385,202,7,1
1,1,1,0,0,1,0,0,0,0,0,1,0,0,1,0,1,1,0,0,4,22,0.579,0.821,1479,3,1
0,0,0,0,0,1,0,0,0,0,0,0,0,0,0,0,0,0,0,0,4,13,0.402,0.337,870,1,0
1,0,0,1,1,1,1,1,1,0,0,0,0,0,1,1,0,1,1,0,9,20,0.618,0.867,886,3,1
0,0,0,0,0,0,0,0,0,0,0,0,0,0,0,1,0,0,0,0,5,15,0.329,0.338,670,3,0
0,1,0,0,0,0,0,0,0,0,1,0,1,0,0,0,0,1,0,0,3,6,0.22,0.083,828,3,0
0,0,0,1,0,0,0,0,0,0,0,1,0,0,0,0,1,0,1,0,7,14,0.282,0.278,106,2,0
0,0,0,1,1,0,1,0,0,0,0,0,0,0,1,0,0,1,0,0,6,13,0.346,0.293,300,3,0
0,0,0,0,0,0,1,0,0,1,1,0,0,1,1,1,0,1,0,1,5,27,0.554,0.899,754,3,1
0,0,0,1,0,0,0,0,0,1,1,0,1,0,1,1,0,0,0,0,5,22,0.579,0.427,1296,4,1
1,1,1,1,0,0,0,0,0,0,0,0,0,0,0,0,0,0,0,0,6,13,0.257,0.278,630,1,0
1,0,0,0,0,1,0,0,0,0,0,0,1,0,0,0,0,1,0,0,2,7,0.245,0.201,778,3,0
1,0,0,1,0,0,0,0,0,0,0,0,0,0,1,0,0,0,0,0,1,11,0.59,0.499,892,2,0
0,0,0,1,0,0,0,0,0,0,0,0,1,0,1,0,1,1,0,0,3,10,0.112,0.22,350,1,0
1,0,0,0,0,0,0,1,0,1,0,0,0,0,1,1,0,1,1,0,7,24,0.758,0.383,789,6,1
0,1,0,0,0,1,0,0,0,1,0,0,0,0,1,0,1,1,1,0,4,19,0.433,0.27,379,3,0
0,1,0,0,1,0,0,0,0,0,1,1,0,0,0,0,0,1,1,0,4,19,0.479,0.615,200,3,0
0,0,0,0,1,0,0,0,0,0,1,0,0,0,1,0,0,0,0,0,6,13,0.3,0.53,414,2,0
0,0,0,1,0,0,1,0,0,0,1,0,0,0,0,0,1,0,0,0,5,18,0.332,0.22,421,2,0
1,1,0,1,0,0,1,0,0,1,1,0,0,1,1,1,1,0,1,0,5,23,0.52,0.57,2151,3,1
1,0,1,0,0,0,0,1,1,1,1,0,1,1,0,1,1,1,0,0,6,31,0.618,0.874,954,7,1
1,0,0,0,0,1,1,0,0,0,1,0,1,0,1,0,0,1,0,0,5,14,0.4,0.472,796,2,0
0,0,1,0,0,0,0,0,0,1,1,0,0,0,0,0,0,0,0,0,7,14,0.292,0.093,984,2,0
1,0,0,1,0,0,0,0,1,0,0,0,0,0,0,1,0,0,0,0,4,10,0.408,0.198,152,3,0
0,0,0,0,1,0,0,0,0,0,1,0,0,0,0,0,0,0,0,0,2,12,0.514,0.16,875,1,0
0,0,0,0,0,0,0,0,0,1,0,0,1,0,0,1,1,0,0,0,1,15,0.257,0.23,942,1,0
1,0,0,0,0,0,0,1,0,0,0,0,0,0,0,1,0,0,0,0,2,15,0.115,0.075,909,3,0
0,0,0,1,0,0,0,0,0,0,0,0,0,0,0,0,0,0,0,0,1,13,0.316,0.153,211,1,0
0,0,0,0,0,0,0,0,1,0,0,0,0,0,0,0,0,0,0,0,3,15,0.244,0.042,858,3,0
0,1,0,0,0,0,0,0,0,1,0,0,0,1,0,1,1,0,0,1,0,20,0.081,0.546,414,2,0
1,0,0,1,0,0,1,0,1,0,0,0,0,1,0,0,0,0,0,1,1,7,0.388,0.23,336,2,0
0,0,0,0,0,1,0,0,0,0,0,0,0,0,0,0,1,0,0,0,1,14,0.232,0.125,390,3,0
0,0,0,0,1,0,0,0,0,0,1,0,0,0,0,0,0,1,1,0,4,13,0.234,0.277,260,1,0
1,1,0,0,0,1,0,0,0,0,0,1,0,0,1,1,0,1,1,0,2,13,0.146,0.116,135,1,0
1,1,0,1,0,0,0,0,0,0,0,0,1,0,0,0,0,1,0,0,2,9,0.069,0.165,107,3,0
1,1,0,0,1,0,0,0,0,0,0,0,0,0,1,0,0,1,0,0,7,28,0.876,0.527,622,2,1
1,0,0,1,1,1,0,1,1,0,1,0,1,1,1,1,1,0,1,0,6,17,0.621,0.743,719,5,1
1,1,0,1,0,1,0,0,0,0,0,0,0,1,1,0,1,0,0,0,3,18,0.076,0.104,807,2,0
0,0,0,0,0,0,0,0,1,0,0,0,0,0,1,0,0,1,0,0,2,8,0.426,0.258,83,2,0
1,0,0,0,1,1,0,0,0,0,1,0,0,0,0,0,0,0,1,0,5,12,0.13,0.402,895,3,0
1,0,0,1,0,1,0,1,0,0,0,0,0,0,0,0,1,0,0,0,1,16,0.501,0.227,733,1,0
0,0,1,0,0,0,1,0,0,0,1,0,0,0,0,0,1,0,1,0,4,15,0.025,0.266,682,1,0
1,1,0,0,0,0,0,0,1,0,1,0,0,0,1,0,0,0,0,0,2,16,0.754,0.483,733,1,0
0,0,0,0,1,0,0,0,1,1,0,0,0,0,1,0,0,0,0,0,1,19,0.29,0.121,92,1,0
1,0,1,1,1,1,0,0,0,0,0,0,0,1,0,1,1,1,1,1,7,22,0.601,0.724,424,7,1
1,1,0,1,1,1,1,0,0,0,1,0,0,1,1,1,1,1,0,0,7,18,0.936,0.64,143,4,1
0,0,1,0,0,0,0,0,0,0,0,0,1,0,0,0,0,0,0,0,2,11,0.185,0.167,903,1,0
1,1,1,0,1,0,1,0,0,1,1,0,0,1,0,0,1,0,1,0,4,30,0.691,0.792,1093,3,1
0,0,0,0,0,0,0,0,0,1,0,0,0,0,1,0,0,0,0,0,2,17,0.265,0.386,146,2,0
1,0,0,0,0,0,0,0,0,0,0,1,0,0,0,0,0,1,1,0,3,20,0.299,0.071,815,1,0
0,0,0,0,0,0,0,0,0,0,1,1,0,0,0,1,0,1,0,0,7,13,0.254,0.441,596,2,0
0,1,0,0,0,0,0,0,0,0,1,0,0,0,1,0,0,1,1,0,4,12,0.289,0.612,81,3,0
1,1,0,1,0,1,0,1,1,0,1,0,0,0,1,1,1,0,1,0,5,21,0.587,0.881,1700,3,1
1,0,1,0,1,0,0,0,0,0,1,0,0,0,0,0,1,1,0,0,3,13,0.399,0.034,354,2,0
1,0,1,0,1,0,0,1,0,0,0,0,0,0,0,0,0,0,0,0,2,16,0.3,0.02,263,2,0
1,0,0,1,1,1,1,1,1,1,1,0,0,1,0,1,0,1,1,0,4,29,0.764,0.719,2030,4,1
0,1,0,0,1,0,0,0,0,0,0,0,0,1,0,0,0,0,1,0,3,14,0.391,0.132,354,3,0
0,0,0,0,1,0,1,0,0,0,0,0,0,0,0,0,0,0,0,0,4,21,0.276,0.438,200,3,0
1,0,0,0,0,0,0,0,0,1,0,0,1,0,1,0,0,1,0,0,4,7,0.139,0.087,621,1,0
1,0,0,0,0,0,0,0,0,0,0,0,0,0,1,0,0,0,0,0,2,12,0.249,0.225,699,2,0
1,0,0,0,0,0,0,0,0,0,1,0,0,0,0,0,0,1,1,0,2,13,0.249,0.18,702,2,0
0,0,0,0,0,1,1,0,0,0,1,0,0,1,0,0,0,0,0,0,6,7,0.232,0.034,338,3,0
1,0,1,0,1,0,0,0,1,1,1,1,1,1,1,1,0,0,1,0,10,19,0.847,0.83,2199,3,1
0,0,0,0,0,0,0,1,0,0,0,0,0,0,0,0,0,0,0,0,2,13,0.321,0.059,929,2,0
0,0,1,0,1,1,1,1,1,1,0,1,1,0,1,0,1,1,0,0,6,23,0.617,0.772,1932,4,1
0,0,0,1,0,0,0,0,0,1,0,0,1,0,0,0,0,0,0,0,2,16,0.438,0.081,894,2,0
0,0,0,0,0,0,0,0,0,0,1,1,0,0,0,0,0,0,0,0,5,15,0.316,0.271,529,3,0
0,0,0,0,1,0,0,1,0,0,1,0,0,0,0,0,1,0,1,0,4,16,0.079,0.229,594,1,0
0,1,0,1,1,1,0,1,1,1,1,0,0,0,0,1,1,0,0,0,6,19,0.734,0.482,886,4,1
0,0,0,0,1,0,0,1,1,0,0,0,0,0,0,0,0,0,0,0,6,13,0.129,0.115,337,1,0
1,1,1,0,0,0,1,1,1,1,1,0,0,0,1,1,0,1,0,0,3,13,0.874,0.564,650,4,1
0,0,0,0,0,0,0,0,0,0,1,0,0,0,0,0,0,0,0,0,2,14,0.412,0.124,365,2,0
0,0,0,1,0,1,0,1,0,0,0,0,0,0,0,0,1,1,0,0,5,18,0.302,0.437,646,3,0
0,0,0,0,1,0,0,0,0,0,1,0,1,0,0,1,1,0,0,1,3,12,0.328,0.043,648,1,0
1,0,0,0,0,0,0,0,0,1,0,0,0,0,0,0,0,1,1,0,4,13,0.158,0.206,176,1,0
1,1,0,1,0,0,0,1,0,1,1,1,0,0,1,1,1,0,0,1,4,27,0.521,0.656,2207,2,1
1,0,0,0,0,0,0,0,0,1,1,0,0,0,0,0,1,1,0,0,4,18,0.431,0.275,727,2,0
1,0,0,1,0,0,1,0,0,1,0,1,0,0,0,0,1,0,0,0,5,20,0.847,0.527,1611,5,1
0,1,0,1,0,0,1,0,1,0,0,0,1,0,1,1,1,1,0,0,7,20,0.932,0.471,822,2,1
1,0,0,0,1,0,0,0,0,0,0,0,0,0,1,1,0,0,0,0,1,16,0.431,0.078,518,1,0
0,0,0,0,1,0,0,0,0,0,1,0,0,0,0,0,0,0,0,1,3,19,0.093,0.123,205,1,0
0,1,0,0,1,0,1,1,0,0,0,0,1,0,0,0,1,0,1,0,0,13,0.44,0.102,862,3,0
0,0,0,0,0,1,1,0,0,1,0,0,0,0,0,0,0,0,0,0,4,12,0.776,0.217,95,2,0
0,0,0,0,1,0,0,1,1,0,0,1,0,1,0,1,0,0,0,0,0,11,0.44,0.413,570,3,0
0,0,0,0,1,0,1,0,0,0,0,0,0,0,1,0,0,0,0,0,2,3,0.026,0.243,709,3,0
1,0,0,0,0,0,0,0,0,0,1,0,0,0,0,0,0,1,0,0,3,14,0.382,0.479,767,2,0
0,1,0,0,0,1,0,1,0,0,1,1,0,0,1,0,1,0,0,0,3,10,0.079,0.128,583,2,0
1,0,0,0,0,0,1,0,0,0,0,0,0,0,0,0,1,0,0,0,2,13,0.114,0.057,692,2,0
0,0,0,0,0,0,0,1,0,0,1,0,0,0,1,1,0,0,1,0,3,12,0.453,0.261,398,2,0
0,0,1,0,0,0,0,0,0,0,0,0,0,1,0,1,0,0,0,0,3,9,0.145,0.38,632,3,0
1,0,0,1,1,0,0,0,0,0,0,0,0,0,1,0,0,1,0,0,2,19,0.242,0.19,903,1,0
1,1,0,1,1,1,0,0,0,1,1,1,1,0,0,1,1,1,1,0,5,18,0.933,0.932,1079,7,1
1,0,1,1,1,0,1,1,0,0,0,1,1,0,1,0,0,0,0,0,3,7,0.369,0.408,768,3,0
1,1,0,1,1,0,0,0,1,1,0,0,1,1,1,1,1,1,0,0,9,29,0.724,0.918,1312,6,1
0,0,0,0,1,0,0,0,0,0,1,0,0,0,0,0,1,0,0,1,2,20,0.576,0.265,459,3,0
1,0,0,0,0,1,0,0,0,0,1,0,1,0,1,0,0,0,0,0,6,9,0.321,0.128,567,1,0
1,0,0,0,1,0,1,1,1,1,1,0,0,0,1,1,1,1,0,1,10,29,0.729,0.311,861,6,1
1,0,0,1,1,1,0,0,0,0,0,0,1,1,0,1,1,1,0,0,10,21,0.889,0.256,2140,2,1
1,1,0,0,0,1,0,1,1,0,1,0,1,0,0,1,0,1,0,0,6,22,0.48,0.487,1288,6,1
0,0,0,1,0,1,0,0,1,0,0,0,0,0,0,0,0,0,0,0,3,17,0.546,0.074,284,1,0
0,0,0,0,0,0,1,0,1,1,1,0,0,1,1,0,0,0,0,0,3,10,0.093,0.099,87,3,0
0,1,0,0,1,1,0,1,0,0,0,0,0,0,1,1,0,0,1,0,5,19,0.578,0.819,266,4,1
0,0,1,0,1,0,1,0,0,0,0,1,0,0,1,0,0,1,1,0,3,16,0.267,0.143,464,2,0
1,0,0,1,0,1,0,0,0,0,0,0,0,0,0,0,0,0,0,0,3,8,0.021,0.145,533,3,0
0,0,0,0,0,0,0,0,0,1,0,0,1,1,1,0,0,0,0,0,1,17,0.298,0.309,305,1,0
1,0,0,0,0,0,0,0,0,0,0,0,1,0,1,0,0,0,0,0,2,16,0.095,0.135,138,3,0
0,0,1,0,0,0,0,0,0,0,0,0,0,1,1,0,0,0,0,1,1,9,0.572,0.065,353,2,0
1,0,0,0,0,1,1,0,0,0,0,0,0,0,0,0,0,1,1,0,5,10,0.311,0.585,422,3,0
1,1,1,1,0,1,1,1,0,0,1,1,0,0,1,0,1,1,0,0,5,24,0.733,0.58,1179,6,1
1,0,0,0,0,0,0,0,0,0,0,0,0,0,0,0,0,0,0,0,2,9,0.146,0.4,83,1,0
0,0,1,1,1,0,0,0,0,0,1,0,0,0,0,0,0,0,0,0,2,9,0.294,0.233,835,3,0
1,0,0,1,1,1,0,0,0,0,1,1,0,0,0,1,0,0,0,1,4,25,0.46,0.744,139,6,1
1,1,0,0,1,1,1,0,0,0,1,1,0,0,0,1,1,1,0,0,5,22,0.503,0.394,513,3,0
1,1,1,1,1,1,0,0,0,1,0,1,1,0,1,0,1,1,0,0,5,20,0.635,0.916,643,3,1
0,1,0,0,0,0,0,0,0,0,0,1,0,0,0,1,0,0,0,1,6,10,0.392,0.738,674,3,0
0,0,1,1,0,0,0,0,0,0,1,0,1,0,0,0,0,0,0,0,4,12,0.143,0.23,86,1,0
0,0,0,0,0,0,0,0,0,0,0,0,0,0,0,0,0,0,0,0,1,19,0.367,0.28,396,3,0
0,1,0,0,0,0,0,0,0,1,0,0,1,0,1,0,1,1,1,0,10,23,0.565,0.532,2170,2,1
0,0,0,0,0,1,0,0,0,1,1,0,0,0,1,0,0,0,0,0,4,16,0.115,0.375,172,3,0
1,1,0,1,1,0,0,0,1,0,1,1,1,0,0,0,1,0,0,1,8,19,0.611,0.593,1787,7,1
1,0,0,0,0,0,0,1,0,0,0,0,0,0,1,1,0,1,1,0,6,22,0.91,0.834,361,4,1
0,0,0,0,0,0,1,0,0,0,1,0,0,0,0,1,0,0,0,0,5,17,0.284,0.105,772,1,0
0,0,0,0,0,0,0,0,0,0,0,0,0,0,1,0,0,0,1,1,1,13,0.27,0.709,510,3,0
0,0,0,0,0,0,0,0,0,1,0,1,1,0,1,0,1,0,0,0,1,13,0.052,0.453,478,1,0
0,1,0,1,1,1,0,1,0,1,0,0,0,0,1,0,0,1,0,1,6,23,0.554,0.847,1568,6,1
1,0,0,0,0,0,0,0,0,0,0,0,0,1,0,0,1,1,0,1,4,15,0.291,0.088,644,2,0
1,1,1,0,0,0,1,0,0,0,0,1,0,1,1,0,0,0,0,0,5,15,0.286,0.094,803,3,0
0,0,0,1,1,1,0,1,0,1,1,1,1,0,1,0,1,0,1,0,7,20,0.864,0.775,185,2,1
0,0,1,0,1,0,0,0,0,0,0,0,0,0,1,0,0,1,0,0,5,14,0.031,0.269,122,3,0
0,0,1,0,0,1,0,0,0,0,0,0,1,0,0,1,0,0,0,0,0,13,0.545,0.356,933,3,0
1,0,0,0,0,0,0,0,0,0,1,1,0,0,0,0,0,0,1,0,2,13,0.556,0.549,586,1,0
0,1,0,0,1,0,0,0,0,0,1,0,0,0,0,0,0,1,0,0,3,10,0.135,0.304,850,2,0
0,1,0,0,0,0,0,0,0,0,1,0,0,0,0,0,0,0,0,0,3,17,0.327,0.129,458,2,0
1,0,0,0,1,1,0,1,0,1,0,1,1,0,1,1,1,0,1,0,8,18,0.952,0.702,1044,5,1
0,0,0,0,0,0,0,0,0,1,0,1,0,0,0,0,1,0,1,0,0,13,0.05,0.182,662,3,0
0,0,0,0,0,0,0,0,1,0,1,0,1,0,0,1,1,0,0,0,2,14,0.384,0.5,613,2,0
0,0,1,0,0,0,0,0,0,0,1,0,0,0,0,1,1,0,0,0,2,17,0.196,0.137,401,1,0
0,0,0,1,0,1,1,1,0,0,1,1,0,0,1,1,1,1,0,0,4,19,0.875,0.61,197,5,1
0,0,1,1,0,0,0,0,0,0,1,1,1,0,0,0,1,1,0,0,5,18,0.191,0.299,806,3,0
0,0,0,1,0,1,0,0,1,0,1,0,0,0,1,0,0,0,0,1,1,15,0.396,0.301,761,2,0
0,0,0,1,0,0,1,0,0,1,0,1,0,1,0,0,1,0,0,0,3,13,0.563,0.54,785,2,0
1,0,0,0,1,0,1,0,0,0,0,1,0,0,1,0,1,1,1,0,1,11,0.086,0.183,378,1,0
1,0,0,0,0,0,0,0,0,1,0,0,0,0,0,0,0,1,0,0,4,13,0.144,0.307,589,3,0
1,1,1,1,1,0,1,0,0,0,0,0,0,0,1,1,0,1,1,0,6,16,0.893,0.88,1824,3,1
1,1,0,0,0,1,1,1,0,1,1,0,0,1,1,1,0,0,0,0,8,23,0.345,0.689,288,4,1
1,0,0,0,0,0,0,0,0,0,1,0,1,0,1,0,0,0,0,0,3,16,0.139,0.628,789,1,0
0,0,0,0,0,0,0,0,0,0,0,0,0,0,0,1,0,0,0,0,1,13,0.312,0.083,240,2,0
1,0,0,1,0,1,0,0,0,0,1,1,0,0,0,0,0,0,1,0,1,8,0.247,0.466,691,2,0
0,0,0,0,1,0,0,1,1,1,0,0,0,1,0,0,1,0,0,0,2,9,0.183,0.569,536,1,0
1,0,1,0,0,1,0,1,0,1,1,1,1,0,0,1,1,1,0,0,1,28,0.607,0.595,1483,7,1
1,0,0,1,1,0,0,1,0,1,0,0,0,0,0,0,0,0,0,0,7,24,0.612,0.688,585,4,1
0,1,0,1,1,1,0,0,0,0,1,0,0,0,1,1,0,0,0,0,7,15,0.511,0.573,1446,3,1
1,1,0,0,0,0,0,0,0,0,1,0,0,0,0,0,0,0,0,0,3,16,0.48,0.722,708,3,0
0,1,0,0,1,0,0,0,0,0,1,1,0,0,0,1,0,1,1,0,5,17,0.327,0.204,227,2,0
1,1,0,1,0,0,0,0,0,1,0,0,0,1,1,1,0,1,0,0,5,13,0.553,0.325,829,1,0
1,0,0,0,1,0,0,0,0,0,0,0,0,0,1,0,0,1,1,0,2,11,0.213,0.39,378,1,0
1,1,0,0,1,1,0,1,1,0,0,0,0,1,0,1,0,1,0,1,1,24,0.817,0.633,151,2,1
0,1,0,0,1,1,1,1,0,0,0,0,0,0,0,0,1,1,1,0,1,13,0.293,0.439,807,3,0
0,1,1,1,1,1,0,1,0,1,0,0,1,1,1,1,0,0,0,0,9,23,0.695,0.532,1661,4,1
0,0,0,0,0,0,0,1,0,1,1,0,0,0,0,0,0,0,0,0,2,14,0.077,0.083,975,3,0
0,1,0,0,1,0,0,0,0,0,0,0,0,0,1,0,0,0,0,0,2,8,0.258,0.39,539,3,0
0,0,0,0,0,1,0,1,0,0,0,0,0,1,0,0,0,0,0,0,1,13,0.693,0.09,778,3,0
0,1,0,0,0,0,1,1,0,0,0,0,0,0,0,0,0,0,1,0,2,13,0.318,0.047,348,2,0
1,0,0,0,1,0,0,0,0,1,0,0,0,0,0,1,0,0,0,0,1,16,0.344,0.609,795,1,0
1,0,0,1,0,1,1,1,0,1,0,0,1,0,1,0,1,1,1,1,0,22,0.646,0.56,1825,2,1
1,0,0,0,0,0,0,0,0,0,0,0,0,0,0,0,1,0,0,0,5,10,0.181,0.323,301,1,0
1,0,0,0,0,0,0,0,0,0,0,0,1,0,1,1,0,0,1,0,0,11,0.417,0.389,732,2,0
1,0,0,1,1,0,0,0,0,0,1,0,1,0,1,1,0,0,0,0,3,15,0.056,0.17,381,3,0
0,0,0,0,1,0,0,0,0,1,1,0,0,0,0,0,0,0,0,0,3,15,0.586,0.533,167,2,0
1,0,1,1,1,1,1,1,1,1,1,0,0,0,1,1,0,1,1,0,3,21,0.708,0.695,2124,2,1
0,1,0,1,1,0,1,0,0,0,1,0,1,0,1,0,1,1,0,0,3,20,0.6,0.899,1965,7,1
0,1,0,0,1,1,0,1,0,0,0,1,1,1,0,1,0,1,0,0,5,17,0.741,0.669,810,3,1
1,1,0,0,1,0,0,1,0,0,1,0,0,0,0,0,1,1,1,0,5,13,0.479,0.773,1434,2,1
1,0,0,0,1,0,0,0,0,0,0,1,0,0,0,1,1,1,1,0,1,7,0.238,0.208,755,2,0
0,0,0,1,0,0,0,0,0,0,1,1,0,0,0,0,0,1,0,0,2,22,0.055,0.261,795,1,0
0,1,0,1,0,1,1,0,1,0,0,0,1,0,0,1,0,1,0,0,5,14,0.092,0.094,290,3,0
1,0,1,0,0,0,0,0,0,0,0,0,0,0,1,0,1,0,0,0,4,7,0.256,0.209,656,1,0
0,0,0,1,1,0,0,0,0,0,0,0,0,0,0,0,0,0,0,0,4,11,0.348,0.092,954,1,0
0,0,1,1,0,0,0,1,0,0,1,0,0,0,1,1,0,1,0,1,4,24,0.605,0.808,399,3,1
1,0,1,0,0,0,0,0,0,0,0,0,0,1,1,0,0,0,1,0,3,19,0.265,0.367,844,1,0
0,1,0,0,1,0,0,0,0,0,0,0,0,0,0,0,1,0,0,0,2,13,0.403,0.033,789,2,0
0,0,0,0,0,0,0,0,0,0,1,0,0,0,1,0,1,0,0,0,2,16,0.378,0.132,471,3,0
1,0,1,0,1,0,1,0,1,1,1,0,0,0,1,1,1,1,0,0,8,24,0.597,0.397,864,4,1
0,0,0,0,0,0,0,0,0,0,1,0,0,0,0,0,0,0,0,1,1,6,0.214,0.272,193,1,0
1,0,0,0,0,0,0,1,0,1,0,0,0,0,1,1,0,1,0,0,4,20,0.31,0.443,829,1,0
1,0,0,0,0,0,1,0,0,0,0,0,0,1,0,1,0,1,0,0,2,13,0.586,0.082,410,1,0
0,0,0,0,0,1,0,0,0,0,0,0,1,1,0,0,0,1,0,0,1,11,0.244,0.258,925,3,0
0,1,1,0,1,1,0,1,0,0,0,0,0,0,0,1,0,1,0,1,6,23,0.561,0.802,1449,3,1
1,0,0,0,0,0,0,0,0,1,1,0,0,0,0,0,0,1,0,0,1,10,0.17,0.186,80,1,0
0,1,1,0,0,1,0,1,0,0,1,1,0,0,0,1,0,0,1,0,4,19,0.096,0.231,408,1,0
1,0,0,1,0,0,1,1,0,0,1,0,0,0,0,0,0,1,0,0,3,9,0.403,0.31,756,3,0
0,1,1,1,0,1,1,1,0,1,0,1,0,0,1,1,1,1,1,0,8,21,0.709,0.659,809,6,1
1,0,0,0,1,0,0,0,0,1,0,0,0,0,1,1,0,0,0,0,2,14,0.274,0.181,303,1,0
1,0,1,0,1,0,0,0,0,0,0,0,0,0,0,0,0,1,1,0,1,12,0.335,0.443,822,1,0
0,0,0,0,1,0,0,0,0,0,1,0,0,0,0,0,0,1,0,0,5,12,0.299,0.569,178,2,0
1,0,0,0,0,0,0,0,0,0,1,0,0,0,0,0,0,1,0,0,2,16,0.421,0.252,166,2,0
0,0,0,0,0,0,0,0,0,1,0,0,0,0,0,0,0,1,0,0,0,5,0.359,0.375,649,3,0
0,1,0,1,0,0,0,0,0,0,0,1,0,0,0,0,0,0,1,0,2,10,0.315,0.339,252,3,0
1,0,1,1,0,1,0,0,0,1,1,0,0,0,0,0,1,1,0,0,1,25,0.771,0.907,962,5,1
0,0,0,0,0,1,0,0,1,0,1,1,0,0,0,0,0,0,0,0,2,10,0.416,0.291,809,1,0
0,1,0,0,0,1,0,0,0,0,0,0,0,0,0,0,0,0,0,0,4,10,0.263,0.398,586,1,0
0,0,1,1,1,0,1,0,0,0,1,0,0,0,1,0,0,1,0,0,3,15,0.426,0.379,897,3,0
1,0,0,1,0,1,1,1,0,1,0,0,0,0,1,1,0,1,0,0,8,18,0.768,0.788,1159,2,1
0,1,0,0,0,0,0,0,0,0,0,0,0,0,0,0,0,1,0,0,4,16,0.145,0.184,493,1,0
1,0,0,0,1,1,1,0,1,1,0,1,0,0,1,1,1,0,1,1,2,22,0.611,0.748,984,7,1
0,0,0,0,0,0,1,0,0,0,1,0,0,0,1,1,1,0,0,1,5,19,0.232,0.407,669,3,0
1,0,0,0,0,0,0,0,0,0,0,1,1,0,0,0,0,0,0,0,3,14,0.679,0.459,190,2,0
0,0,0,0,1,0,0,1,0,0,0,1,0,0,1,0,0,1,0,0,3,12,0.146,0.075,847,3,0
1,0,0,0,1,1,0,0,1,0,1,0,0,1,0,0,0,1,0,0,6,11,0.631,0.112,916,3,0
0,0,0,1,0,0,0,0,0,1,1,1,0,0,1,1,0,0,0,0,3,12,0.396,0.193,133,2,0
1,0,0,1,0,1,0,1,0,1,1,0,0,0,1,1,0,0,0,0,2,9,0.019,0.197,613,2,0
0,0,1,1,0,0,0,0,0,0,1,0,1,0,1,0,0,0,0,1,5,20,0.792,0.869,940,5,1
0,0,1,0,0,0,0,0,1,0,0,0,0,1,1,0,0,0,0,0,5,12,0.441,0.263,746,1,0
1,0,0,0,1,0,0,0,0,0,1,1,0,0,0,0,0,1,0,0,3,14,0.047,0.292,644,2,0
1,0,1,1,1,1,1,0,0,1,1,0,0,1,1,0,1,0,0,0,2,26,0.537,0.334,1683,3,1
1,1,0,1,0,0,1,0,0,1,1,0,1,0,1,1,0,0,0,1,6,19,0.561,0.666,1861,7,1
0,0,0,0,0,1,0,0,1,0,1,0,0,0,0,1,0,0,1,0,7,8,0.298,0.224,937,1,0
1,0,0,1,0,0,0,0,0,0,1,0,0,0,1,1,1,1,0,1,8,25,0.669,0.654,2227,2,1
1,0,0,1,0,1,0,0,0,0,0,0,0,0,0,0,0,1,0,0,6,12,0.637,0.602,867,1,0
0,0,0,0,0,0,1,0,0,0,0,0,1,0,0,0,0,0,0,0,2,13,0.145,0.079,351,3,0
1,0,0,1,1,1,0,0,0,0,0,0,0,1,0,0,0,1,0,0,6,18,0.896,0.685,1856,5,1
1,0,0,0,0,0,1,0,0,1,0,1,0,0,0,0,0,0,1,0,3,10,0.275,0.459,491,3,0
0,0,0,0,1,0,0,0,1,1,0,0,0,0,0,1,1,0,1,0,3,13,0.403,0.208,967,2,0
1,1,1,1,0,1,0,0,0,1,0,1,1,1,1,1,0,1,0,0,7,24,0.245,0.245,997,5,1
0,0,0,0,0,0,0,0,0,0,0,0,0,0,0,0,1,1,0,0,1,12,0.192,0.335,562,3,0
0,0,0,0,1,0,0,0,0,0,1,0,0,0,0,0,0,0,0,0,1,13,0.496,0.315,236,3,0
0,0,0,0,1,0,0,1,0,0,0,1,0,1,0,0,0,0,0,0,1,11,0.196,0.331,492,3,0
1,0,1,1,1,0,1,0,0,1,1,0,0,0,1,1,1,0,0,1,2,28,0.403,0.633,1785,3,1
1,1,0,0,1,0,1,1,1,0,0,0,0,0,1,0,0,1,0,0,10,26,0.888,0.596,219,2,1
0,1,0,1,1,1,1,1,0,1,1,0,0,1,0,1,0,1,1,0,4,19,0.797,0.804,1075,3,1
1,1,1,1,1,0,0,1,0,0,1,0,0,0,1,1,1,1,1,0,5,22,0.816,0.439,1989,5,1
0,1,0,0,0,0,0,1,0,0,0,1,0,0,0,0,0,1,0,0,4,9,0.313,0.412,401,1,0
0,0,0,0,0,0,1,0,0,0,0,0,0,0,0,0,1,1,0,0,3,11,0.405,0.22,616,1,0
0,0,0,0,0,0,1,0,0,0,0,0,0,0,0,0,0,0,0,0,3,15,0.448,0.096,804,2,0
1,0,0,0,0,1,0,0,1,0,0,0,0,0,1,0,0,0,1,1,3,15,0.53,0.685,268,1,0
0,0,0,1,0,1,0,0,0,0,1,1,0,0,1,0,1,0,0,0,7,15,0.405,0.589,152,2,0
1,1,1,1,1,1,0,0,0,1,0,0,1,0,1,1,0,1,0,0,5,24,0.926,0.352,1785,6,1
1,0,1,1,0,0,0,0,0,0,0,1,0,0,0,1,0,1,0,0,8,23,0.739,0.765,2213,6,1
1,0,0,0,0,1,0,0,0,0,1,0,1,0,0,0,0,1,0,0,2,16,0.053,0.38,493,2,0
0,0,0,0,1,1,0,0,0,1,1,0,0,0,0,0,0,0,0,0,1,17,0.141,0.104,430,2,0
0,0,0,0,0,0,0,0,0,0,0,1,0,0,0,0,0,0,1,0,5,18,0.098,0.127,443,1,0
0,0,0,0,0,0,0,0,1,0,0,0,1,0,0,0,0,0,0,0,3,17,0.212,0.122,150,2,0
0,0,0,1,1,0,0,0,0,1,1,0,0,0,0,1,1,1,0,0,3,26,0.752,0.704,337,3,1
0,0,1,1,0,0,0,0,0,0,0,0,0,0,0,0,0,0,0,1,3,18,0.142,0.181,174,1,0
1,1,1,0,0,1,1,1,0,1,0,1,0,0,1,1,0,1,1,1,5,20,0.678,0.721,1395,2,1
0,0,0,1,0,0,0,0,0,0,1,1,0,1,0,0,0,0,0,0,6,15,0.403,0.077,839,3,0
1,0,1,1,1,0,1,1,1,1,1,1,0,1,1,0,1,1,1,1,8,25,0.726,0.582,2000,3,1
0,0,0,0,0,1,0,0,0,0,1,0,0,0,1,0,0,0,0,0,1,14,0.313,0.141,216,1,0
1,1,1,0,1,1,0,0,1,1,0,0,0,1,1,0,0,1,0,0,8,25,0.698,0.621,458,5,1
1,0,1,1,1,0,0,1,1,1,0,0,1,0,0,1,1,0,0,1,9,15,0.868,0.855,1474,3,1
0,0,1,0,1,0,0,0,0,0,0,0,0,0,1,0,1,1,1,0,2,17,0.247,0.373,968,3,0
0,0,0,1,1,0,0,0,0,1,1,0,0,0,1,0,0,0,0,0,0,13,0.138,0.055,364,1,0
1,0,0,1,1,0,0,0,0,0,0,1,0,0,0,0,0,1,0,0,3,14,0.173,0.16,648,3,0
1,0,0,0,0,0,0,0,0,0,1,0,0,0,0,0,1,0,1,0,1,15,0.047,0.271,259,3,0
0,1,0,1,0,0,0,1,0,0,0,0,0,0,0,0,1,0,0,0,1,16,0.089,0.658,416,3,0
1,0,0,0,1,0,0,1,0,1,0,0,0,1,1,0,0,0,0,1,4,14,0.044,0.175,128,1,0
0,0,0,1,1,0,0,1,0,1,0,1,1,0,0,1,1,1,0,1,6,15,0.831,0.723,1010,2,1
1,0,1,1,1,1,0,1,0,0,0,0,0,1,1,1,1,1,0,0,7,22,0.745,0.728,1320,3,1
0,1,0,0,0,0,0,1,0,1,1,0,1,0,0,0,0,0,0,0,2,12,0.143,0.427,484,3,0
1,0,0,1,1,0,0,1,0,0,1,0,0,0,1,0,0,0,0,0,6,11,0.095,0.679,562,3,0
1,1,0,1,0,0,0,0,0,0,0,1,0,0,0,1,0,0,0,0,3,13,0.201,0.122,423,1,0
1,0,1,1,1,0,0,1,1,1,1,0,0,0,0,0,0,1,0,0,5,19,0.639,0.711,1401,3,1
1,0,0,1,1,0,1,1,0,1,0,1,0,0,1,1,0,1,0,1,4,23,0.483,0.839,586,5,1
1,0,0,0,1,1,0,1,0,1,1,0,0,0,0,0,1,1,0,0,3,22,0.679,0.804,1382,2,1
1,1,0,0,1,1,0,0,0,0,0,0,0,0,0,1,1,0,0,1,10,20,0.812,0.97,564,3,1
1,0,0,0,0,0,0,0,0,1,0,0,0,0,0,0,1,0,0,0,2,13,0.33,0.08,382,3,0
1,0,0,0,0,0,0,1,0,1,0,0,0,0,0,0,0,0,0,0,2,21,0.406,0.33,620,2,0
0,1,0,0,0,0,0,0,0,0,0,0,1,0,1,0,0,0,0,0,2,10,0.569,0.374,577,3,0
0,0,0,0,1,0,0,0,0,1,0,0,0,0,0,0,0,0,0,0,3,16,0.422,0.105,993,3,0
1,1,1,1,0,1,1,0,0,1,0,0,0,0,0,1,0,1,1,1,11,24,0.787,0.873,1680,2,1
1,0,0,0,0,1,0,0,0,1,0,0,0,0,0,1,1,0,0,0,0,15,0.401,0.613,592,1,0
0,0,1,0,0,0,0,0,0,0,0,0,0,0,0,0,0,0,0,0,3,18,0.164,0.562,886,3,0
0,1,0,0,0,0,0,0,1,0,0,0,0,0,0,0,0,1,0,0,4,12,0.395,0.043,577,2,0
1,1,0,0,0,1,0,0,0,1,0,0,1,1,1,1,1,1,1,0,3,19,0.76,0.541,315,5,1
1,1,0,0,1,0,0,1,0,0,0,0,0,0,1,0,1,1,0,0,8,21,0.515,0.763,2114,2,1
1,1,0,1,0,0,0,1,0,0,0,0,0,0,0,1,1,1,0,0,6,21,0.616,0.561,2366,2,1
1,0,1,1,1,0,1,1,1,1,0,1,1,0,1,0,1,1,0,1,11,27,0.758,0.877,1129,7,1
1,1,0,1,1,1,0,1,0,1,1,0,0,1,1,1,0,1,0,1,6,22,0.676,0.66,1224,5,1
0,0,0,0,0,0,0,0,1,1,1,0,0,0,0,1,0,0,0,0,3,12,0.323,0.273,867,1,0
1,0,0,1,1,0,1,1,0,1,1,0,0,0,1,0,0,1,0,0,6,21,0.774,0.623,300,4,1
0,1,0,0,0,0,0,0,0,0,1,0,0,0,1,0,0,1,0,0,2,11,0.36,0.18,322,3,0
1,0,0,0,1,0,0,0,0,0,1,0,0,1,0,0,0,0,1,0,3,14,0.163,0.374,124,3,0
0,0,0,0,0,0,0,0,0,1,1,0,0,0,0,1,0,0,0,0,3,13,0.646,0.277,166,1,0
1,0,1,0,0,1,1,1,0,1,1,0,0,0,0,1,1,0,0,1,5,18,0.836,0.509,892,2,1
0,0,0,1,1,0,1,1,1,0,0,0,1,0,1,1,0,1,0,0,7,21,0.671,0.675,1226,7,1
0,1,0,0,0,0,0,0,0,1,0,1,0,0,0,0,0,1,0,1,3,7,0.045,0.294,235,1,0
0,0,0,1,0,0,1,1,0,0,1,0,0,0,1,0,0,1,0,0,3,14,0.219,0.302,149,1,0
1,1,0,1,1,1,1,0,0,0,1,1,0,0,1,0,0,1,1,1,4,32,0.601,0.321,1214,4,1
1,1,1,1,1,0,0,1,0,1,1,0,0,1,1,1,1,1,1,1,6,20,0.384,0.328,217,2,1
0,1,0,0,0,0,1,0,1,0,0,0,0,0,1,0,0,0,0,0,6,11,0.375,0.192,779,2,0
0,1,0,1,0,0,0,1,0,0,0,0,0,0,1,0,0,1,0,0,2,20,0.026,0.255,584,1,0
0,0,0,0,1,0,1,0,0,0,1,0,0,0,0,0,0,0,0,0,3,9,0.152,0.172,780,1,0
0,0,0,0,0,0,0,1,0,1,1,0,0,0,0,0,0,1,0,0,6,14,0.005,0.11,157,2,0
0,1,0,1,1,0,1,0,0,1,0,0,1,0,1,1,0,1,0,0,5,18,0.917,0.453,295,5,1
0,1,1,1,0,0,0,0,1,0,1,0,0,1,0,1,0,0,0,0,3,13,0.282,0.029,293,3,0
1,0,0,0,0,1,0,0,0,1,0,0,0,0,1,0,0,0,0,0,7,6,0.33,0.307,181,3,0
1,0,0,0,0,1,1,0,0,0,0,0,1,0,0,0,0,0,1,0,5,13,0.107,0.215,816,3,0
1,1,1,0,0,0,0,0,0,0,1,0,0,0,1,1,1,1,0,0,5,23,0.752,0.851,2148,2,1
0,0,0,0,1,0,0,0,0,1,0,0,0,0,0,1,0,0,0,1,4,8,0.204,0.54,613,2,0
0,0,1,0,0,0,0,0,0,0,0,0,0,0,0,1,0,0,0,0,2,14,0.104,0.449,262,2,0
0,0,0,0,0,0,0,0,0,0,0,1,0,0,0,0,0,0,0,0,4,12,0.451,0.332,991,3,0
1,1,0,1,0,1,0,0,1,1,0,1,0,0,0,1,0,1,0,0,7,22,0.693,0.664,1115,5,1
0,0,0,0,1,0,1,0,0,0,1,0,0,0,0,1,0,0,0,0,3,16,0.095,0.303,766,1,0
0,0,1,0,0,0,1,0,0,0,0,1,1,0,1,0,0,1,0,1,3,9,0.071,0.274,494,3,0
1,1,1,1,1,0,0,0,0,0,0,0,1,1,0,1,0,1,0,0,4,16,0.634,0.73,273,7,1
1,0,0,0,1,0,0,1,0,0,0,0,0,0,0,0,0,0,1,0,2,12,0.155,0.149,822,1,0
1,0,1,1,1,1,0,1,0,1,1,1,1,0,1,1,1,1,1,0,4,19,0.394,0.641,1474,7,1
0,0,0,1,1,0,1,1,0,1,0,0,0,0,0,1,0,0,0,0,1,22,0.562,0.21,960,3,0
1,0,0,0,1,0,0,0,0,0,0,0,1,0,0,0,1,0,0,0,1,8,0.378,0.524,127,3,0
1,0,0,0,0,1,0,1,1,1,1,1,1,0,1,1,0,1,1,0,4,18,0.768,0.926,1928,5,1
1,0,1,1,1,1,0,1,1,0,1,1,1,0,1,0,1,1,1,0,7,14,0.613,0.459,1271,6,1
1,0,0,1,1,1,0,1,0,0,0,1,1,0,0,1,1,0,0,0,7,26,0.677,0.824,1238,3,1
0,0,0,1,1,0,1,1,0,1,0,1,0,0,1,1,0,1,1,0,4,27,0.564,0.902,581,5,1
1,0,1,1,1,0,0,0,1,0,0,0,1,0,1,0,1,1,1,0,8,22,0.694,0.582,330,7,1
0,1,0,1,1,0,0,1,1,0,1,1,1,0,1,1,1,1,0,0,10,20,0.731,0.857,2232,4,1
0,0,0,0,0,1,0,0,0,0,0,0,0,0,0,0,0,0,1,1,5,17,0.31,0.359,607,1,0
0,0,0,0,0,0,0,0,0,0,0,0,0,0,1,0,0,1,1,0,1,15,0.298,0.201,495,3,0
0,0,1,0,0,0,0,0,0,1,0,0,0,0,1,1,0,0,1,0,4,13,0.186,0.128,198,2,0
0,1,0,0,1,0,0,0,0,0,1,0,0,0,0,0,0,1,0,1,6,10,0.126,0.135,418,2,0
1,0,1,1,0,1,0,0,0,0,0,0,0,0,1,1,1,1,1,1,6,20,0.701,0.564,1002,4,1
1,0,0,1,1,0,0,1,0,1,1,0,0,0,0,1,0,0,1,0,5,12,0.415,0.108,648,1,0
1,1,0,0,0,1,1,1,0,1,1,0,0,0,1,0,0,1,0,0,5,14,0.761,0.846,391,7,1
1,0,0,1,1,0,1,0,0,1,0,0,1,0,1,0,1,0,0,0,6,29,0.89,0.44,1471,6,1
0,0,0,0,0,0,1,1,0,0,0,0,1,1,0,0,1,0,0,0,2,9,0.251,0.353,374,2,0
1,1,1,0,1,0,0,1,1,0,1,0,0,0,1,1,0,1,0,1,9,23,0.91,0.313,2181,2,1
1,1,1,1,0,1,0,1,1,1,0,0,0,0,1,1,0,0,0,0,5,20,0.652,0.61,1733,3,1
0,1,0,0,0,0,0,0,0,1,0,0,0,0,0,1,0,0,0,0,5,10,0.232,0.456,488,2,0
1,0,0,0,0,0,0,1,0,0,0,0,0,0,1,0,0,0,0,0,2,13,0.542,0.103,706,1,0
0,1,0,0,1,1,1,0,1,0,0,1,0,1,0,0,1,1,0,1,6,22,0.81,0.648,2137,5,1
1,0,1,1,1,0,0,1,1,1,0,0,0,1,0,0,1,1,0,0,5,26,0.676,0.811,1886,4,1
0,1,0,0,0,0,0,1,0,0,1,1,0,0,1,0,0,1,0,1,1,12,0.259,0.365,408,2,0
0,0,0,0,1,0,0,1,1,0,1,1,0,0,1,0,0,0,1,0,2,15,0.288,0.119,472,2,0
1,1,0,1,1,1,1,1,0,1,0,0,0,1,1,1,0,0,0,0,8,20,0.76,0.728,2191,6,1
1,0,0,1,0,1,0,1,1,0,0,1,0,0,1,1,1,1,1,1,7,23,0.907,0.266,1535,6,1
0,0,0,0,1,0,0,0,0,1,1,0,1,0,0,1,0,0,1,0,4,8,0.275,0.2,223,3,0
0,0,0,0,1,0,0,0,0,0,1,0,1,0,0,0,1,0,0,0,4,10,0.218,0.247,963,1,0
1,0,1,0,1,1,1,1,0,1,0,0,0,0,1,0,0,0,0,1,4,30,0.824,0.853,2312,6,1
0,0,0,0,0,0,0,0,0,0,0,0,0,0,1,0,0,0,0,0,4,12,0.342,0.071,863,3,0
0,0,1,0,0,1,0,0,0,0,0,0,0,0,0,0,0,0,0,1,3,7,0.322,0.342,982,3,0
1,1,0,1,1,1,1,1,0,0,0,1,1,1,1,1,1,1,1,1,4,27,0.504,0.451,461,6,1
1,0,0,0,0,0,0,0,0,0,1,0,1,0,1,0,0,1,0,1,5,11,0.259,0.272,690,3,0
0,0,0,1,0,0,0,1,0,1,0,1,0,0,1,1,1,1,0,1,5,29,0.864,0.732,1341,5,1
0,0,0,0,0,0,0,0,0,0,1,0,0,0,1,0,0,1,0,0,3,10,0.132,0.306,301,1,0
0,1,0,0,1,1,0,0,1,0,1,1,0,0,0,1,0,0,1,1,2,17,0.753,0.642,555,5,1
1,0,1,1,1,1,1,0,0,0,0,0,0,0,0,0,1,1,0,0,7,23,0.846,0.437,1516,6,1
1,0,0,0,0,0,0,0,0,0,0,0,0,0,0,0,1,0,0,0,3,21,0.166,0.118,909,1,0
1,1,1,0,1,1,1,0,0,1,0,0,0,0,0,1,0,0,1,0,0,13,0.425,0.295,363,1,0
0,0,0,0,0,1,1,0,0,0,1,0,0,1,0,0,0,0,0,0,3,19,0.083,0.123,321,1,0
1,0,0,1,0,1,1,0,1,0,1,1,0,0,0,0,0,1,0,0,2,11,0.242,0.211,279,1,0
0,0,0,0,0,1,0,0,0,0,0,1,1,0,0,1,0,0,0,0,4,13,0.163,0.315,669,2,0
0,0,0,0,1,0,0,0,0,0,1,0,0,0,0,0,0,1,0,0,4,12,0.108,0.632,781,2,0
0,1,0,1,1,0,0,0,0,1,1,0,1,1,1,0,0,0,0,0,4,9,0.245,0.175,218,2,0
0,1,0,0,0,0,1,0,0,0,0,0,0,0,0,0,0,1,0,0,5,10,0.365,0.366,554,3,0
1,0,1,0,1,0,1,0,1,1,0,0,1,0,0,1,1,1,0,0,8,19,0.534,0.795,649,2,1
0,0,0,1,0,1,0,0,0,0,1,1,0,1,0,0,1,0,0,0,2,11,0.054,0.398,259,2,0
0,1,0,0,1,0,0,0,1,0,0,0,0,0,0,1,0,0,1,0,5,10,0.164,0.298,879,1,0
0,1,0,0,0,0,0,0,0,0,0,0,0,0,0,0,0,0,0,0,1,8,0.245,0.11,774,2,0
1,0,0,1,1,0,0,0,0,1,0,0,0,0,0,0,0,0,0,0,6,14,0.324,0.038,854,3,0
1,0,0,1,1,0,0,0,0,1,1,0,0,0,0,0,0,0,0,0,1,19,0.294,0.217,985,3,0
1,0,0,0,0,1,0,1,0,0,0,0,0,0,0,0,0,0,0,0,2,11,0.231,0.233,130,1,0
0,0,0,0,1,0,0,0,0,0,0,0,1,0,1,1,0,1,0,1,4,10,0.254,0.065,694,2,0
0,0,1,1,0,1,0,0,0,1,1,0,1,0,1,0,0,0,0,0,10,21,0.508,0.651,431,6,1
0,0,1,0,0,1,0,1,1,0,0,1,0,0,0,1,1,0,0,0,9,22,0.588,0.848,1621,3,1
1,1,0,1,1,0,1,0,0,1,1,1,0,0,1,1,0,1,0,0,3,23,0.982,0.355,945,5,1
1,1,0,0,1,0,0,0,0,0,0,1,0,0,0,1,0,0,1,0,2,10,0.494,0.328,860,3,0
0,0,0,0,1,0,0,0,0,0,0,0,0,0,0,0,0,1,0,0,2,15,0.245,0.183,256,2,0
1,0,1,1,1,1,1,0,1,1,0,0,0,0,1,1,1,1,0,1,7,28,0.532,0.276,2313,5,1
0,0,1,0,0,1,0,0,0,0,0,0,0,0,1,0,1,0,0,0,6,18,0.025,0.074,753,3,0
1,1,1,1,1,0,0,1,0,0,1,0,1,0,1,1,1,0,1,0,7,16,0.845,0.747,299,2,1
0,0,1,1,1,0,0,0,0,0,0,1,1,0,0,1,0,0,0,0,1,8,0.014,0.073,93,3,0
1,1,0,0,0,0,0,0,0,0,0,0,0,0,0,1,0,0,0,0,2,17,0.221,0.394,954,1,0
0,0,0,0,0,0,0,0,0,0,0,0,0,1,0,0,1,1,0,0,5,13,0.475,0.548,243,1,0
1,1,0,1,0,1,0,1,1,1,1,1,1,0,0,0,1,1,0,0,8,20,0.553,0.414,1466,4,1
1,0,0,0,0,0,1,0,1,0,1,0,0,0,0,0,0,0,0,0,3,13,0.059,0.289,568,1,0
1,0,0,0,0,0,0,0,0,0,0,0,0,0,1,0,0,1,0,1,5,17,0.614,0.367,508,3,0
0,0,0,0,0,0,0,0,0,0,0,0,0,0,1,0,0,0,0,1,3,18,0.281,0.124,402,1,0
1,0,0,0,1,1,0,0,0,0,1,0,0,0,0,0,0,0,0,0,2,12,0.138,0.159,949,3,0
0,0,0,0,1,0,0,0,0,0,1,0,1,0,0,0,0,0,1,0,7,9,0.615,0.132,190,2,0
0,1,0,1,0,0,0,0,0,0,1,1,0,0,0,1,0,1,1,0,3,21,0.496,0.341,489,5,1
0,1,0,0,0,0,0,0,0,0,0,0,0,0,0,0,1,0,0,0,1,12,0.408,0.125,808,2,0
0,0,0,0,0,0,0,0,0,1,1,0,0,1,0,0,0,0,0,1,3,13,0.408,0.204,260,3,0
0,0,0,1,0,0,0,0,0,0,0,0,0,0,1,0,1,1,1,1,3,10,0.445,0.553,653,1,0
1,1,0,0,1,0,0,0,0,0,0,1,0,0,1,1,0,0,0,0,1,8,0.435,0.301,417,2,0
1,0,1,1,1,1,1,1,1,1,1,1,0,0,1,1,0,1,1,1,9,19,0.433,0.617,454,3,1
0,0,0,0,0,0,0,0,0,1,0,0,0,0,0,0,1,1,0,0,3,13,0.305,0.135,895,3,0
0,0,1,0,1,0,0,0,0,0,0,0,0,0,1,0,0,1,0,0,1,10,0.347,0.569,846,2,0
0,1,0,1,1,1,0,1,0,0,1,0,1,1,0,1,1,1,0,0,2,16,0.801,0.828,1208,5,1
1,0,1,1,1,1,0,1,0,1,1,1,1,1,1,1,1,1,0,0,4,20,0.839,0.724,1235,6,1
0,0,0,0,1,0,0,0,0,0,1,0,0,0,1,0,0,1,0,0,1,13,0.471,0.483,496,1,0
1,0,0,0,1,1,0,0,0,0,1,1,0,0,0,0,0,0,0,0,2,14,0.178,0.237,763,3,0
0,1,0,0,1,0,1,0,0,0,1,0,0,0,0,0,0,1,1,0,3,7,0.152,0.276,398,1,0
0,0,0,0,0,0,0,0,0,0,0,0,0,0,1,0,0,0,0,0,2,13,0.208,0.25,262,2,0
0,0,1,0,0,0,0,0,1,0,0,0,0,0,0,1,0,1,1,0,1,10,0.113,0.28,500,2,0
1,0,0,0,0,0,0,0,0,1,0,0,0,0,1,0,0,1,0,0,2,9,0.525,0.376,715,2,0
0,0,0,0,0,0,0,0,0,0,0,1,1,1,1,0,0,0,0,0,2,15,0.406,0.354,821,1,0
1,0,0,0,0,0,0,0,0,0,1,0,0,0,0,0,0,0,1,0,1,9,0.411,0.062,795,3,0
0,0,0,0,0,0,0,0,0,0,0,1,1,0,0,0,1,0,1,1,4,13,0.279,0.011,956,1,0
1,1,0,1,1,1,1,0,0,0,0,1,0,0,1,1,0,1,1,0,4,32,0.38,0.979,1389,6,1
0,1,1,0,0,0,0,0,0,1,1,0,0,0,0,0,1,0,0,0,4,11,0.694,0.323,952,1,0
0,0,1,0,0,0,0,0,0,0,1,1,1,0,1,1,0,1,0,0,2,13,0.142,0.076,312,1,0
0,1,1,1,1,1,1,1,1,0,1,1,1,1,1,0,1,1,0,0,8,24,0.889,0.753,1202,3,1
1,1,0,1,1,0,1,1,0,0,0,0,0,1,1,1,1,1,1,0,5,17,0.902,0.484,382,3,1
1,0,0,1,1,1,1,0,0,0,0,1,0,1,0,0,0,0,0,0,1,18,0.483,0.307,881,1,0
0,1,0,0,1,0,0,0,0,1,0,0,0,0,0,0,1,0,0,0,3,12,0.521,0.428,676,1,0
0,0,1,0,1,1,0,0,0,0,1,1,1,0,0,0,0,0,0,1,1,14,0.42,0.217,672,2,0
0,0,0,0,0,0,0,0,1,0,0,0,0,0,1,0,1,0,0,1,5,8,0.442,0.27,524,2,0
0,0,1,0,0,0,1,0,0,0,0,0,0,0,0,0,0,0,0,0,4,17,0.064,0.361,808,3,0
1,0,0,1,0,0,0,1,1,0,0,0,0,0,1,0,1,0,0,0,4,16,0.241,0.152,288,2,0
1,0,0,0,0,0,0,0,0,0,0,1,0,1,0,0,1,0,0,0,1,20,0.32,0.318,305,2,0
0,0,0,0,0,0,0,0,0,0,0,0,0,0,0,0,0,0,0,0,3,13,0.3,0.628,922,1,0
0,0,0,0,1,0,0,0,0,0,0,0,0,1,0,0,0,0,1,1,3,19,0.204,0.142,197,3,0
0,0,1,0,0,0,1,0,0,0,1,0,0,0,0,0,1,1,0,1,1,9,0.373,0.059,335,1,0
1,0,0,1,1,1,1,1,0,0,1,1,0,0,0,1,0,1,0,0,3,16,0.756,0.624,732,4,1
0,0,0,0,0,1,0,0,0,1,0,0,0,0,1,0,0,0,0,0,5,20,0.282,0.171,910,1,0
1,1,0,1,1,0,0,0,1,0,1,1,1,1,1,1,1,1,0,0,3,21,0.766,0.772,964,4,1
1,0,0,0,0,0,0,0,0,0,0,0,0,1,0,0,0,0,0,0,2,8,0.4,0.635,885,3,0
0,0,1,0,1,0,0,0,0,0,0,0,0,0,0,1,0,0,0,0,5,13,0.527,0.182,665,2,0
1,1,0,0,1,0,0,0,1,1,1,0,1,0,1,0,0,0,0,0,2,14,0.198,0.209,290,3,0
1,1,0,1,1,1,0,1,0,1,1,0,0,1,1,1,0,1,0,1,3,27,0.457,0.761,569,7,1
0,1,0,1,1,0,0,0,0,0,0,0,0,0,0,0,0,0,0,1,1,16,0.413,0.077,663,3,0
0,1,0,0,1,0,0,0,0,1,0,0,0,0,1,0,0,0,0,0,1,15,0.321,0.17,622,1,0
0,0,0,1,1,1,0,0,0,1,1,1,0,0,1,1,1,1,1,0,4,16,0.958,0.767,250,4,1
1,0,0,0,1,0,0,0,0,0,1,1,0,0,0,1,1,1,0,0,2,9,0.077,0.255,808,3,0
0,0,0,0,0,0,0,0,0,1,0,0,0,0,0,0,0,0,1,0,4,13,0.223,0.222,345,2,0
1,0,0,0,0,1,0,0,0,0,1,0,1,0,0,0,0,1,0,0,8,13,0.069,0.344,874,1,0
0,0,0,0,0,0,0,0,0,0,0,1,0,0,1,0,0,0,0,0,1,12,0.469,0.232,382,3,0
0,1,1,1,1,0,1,1,0,1,1,0,1,0,1,1,1,0,0,0,6,19,0.943,0.614,2002,3,1
0,1,0,0,0,1,0,1,0,1,1,0,0,0,0,0,0,1,1,0,1,20,0.343,0.365,308,2,0
0,0,0,0,0,0,0,0,0,0,1,0,0,0,1,0,0,0,0,0,5,9,0.161,0.469,322,3,0
0,1,0,1,1,1,0,1,0,0,0,1,0,1,1,1,1,0,0,0,6,23,0.912,0.43,1812,5,1
0,0,0,1,1,1,1,0,0,0,1,0,0,0,1,0,1,0,0,0,7,16,0.178,0.032,465,3,0
1,1,0,0,1,1,1,1,0,0,0,1,0,0,1,1,1,1,1,0,4,24,0.521,0.714,1745,3,1
0,0,0,0,0,0,0,0,1,0,0,1,0,0,1,0,0,0,0,1,3,13,0.234,0.28,718,1,0
1,0,0,1,1,1,1,1,0,1,0,1,0,1,1,1,1,1,1,0,8,25,0.807,0.722,1287,6,1
0,0,0,0,0,0,0,0,0,0,0,0,0,0,1,0,0,0,0,0,4,14,0.478,0.212,696,3,0
0,1,0,1,0,0,0,1,0,1,0,0,0,0,1,0,0,1,1,0,7,18,0.483,0.61,1001,5,1
1,0,0,0,0,1,0,0,0,0,1,0,0,0,1,1,1,1,0,0,2,15,0.31,0.379,888,2,0
1,0,0,0,1,0,0,1,0,0,0,0,1,0,0,0,1,0,1,0,1,11,0.546,0.37,271,1,0
0,1,1,1,1,0,0,1,0,0,0,1,1,0,1,1,0,1,0,0,5,20,0.317,0.51,450,3,1
0,0,0,0,0,0,0,0,0,1,0,0,0,0,0,0,0,1,0,0,3,14,0.211,0.095,692,3,0
1,0,1,0,0,0,0,0,0,1,1,0,0,0,0,0,0,0,1,0,1,9,0.218,0.23,232,3,0
1,0,0,0,1,0,0,1,0,0,1,0,0,0,0,0,1,0,1,0,3,12,0.461,0.233,406,3,0
0,0,0,0,0,0,1,0,0,1,1,0,0,1,1,0,0,1,1,0,6,13,0.391,0.412,678,1,0
0,0,0,0,1,0,0,0,0,1,0,0,0,0,1,0,0,0,1,0,3,11,0.389,0.241,548,3,0
0,0,0,0,0,0,0,0,0,0,0,0,0,0,0,0,0,1,0,0,0,17,0.232,0.336,733,2,0
1,1,1,1,0,1,0,1,0,1,1,1,0,1,1,0,1,1,0,1,3,29,0.329,0.33,1182,2,1
1,1,0,1,0,1,0,1,1,0,0,0,0,0,0,1,0,1,1,0,7,18,0.496,0.435,1435,4,1
0,0,0,1,0,0,0,0,0,0,0,0,0,0,1,0,1,1,0,0,4,9,0.265,0.168,302,3,0
0,0,0,1,1,1,0,0,0,0,1,0,1,0,1,0,0,1,0,0,4,10,0.402,0.411,476,2,0
1,1,0,1,1,1,0,1,0,1,0,0,0,0,0,1,0,1,0,0,5,26,0.879,0.933,2294,2,1
1,1,1,0,0,1,1,1,1,1,1,0,1,1,1,1,0,1,1,0,7,16,0.725,0.823,1432,4,1
0,0,0,0,0,1,0,0,0,0,0,0,0,0,0,0,0,1,1,0,2,12,0.103,0.394,113,1,0
1,1,1,1,0,0,0,1,1,1,0,0,0,0,1,1,1,1,0,0,7,13,0.826,0.825,1496,4,1
1,0,0,0,1,0,0,0,0,0,1,1,1,1,1,1,1,1,0,0,8,23,0.461,0.751,1149,5,1
0,0,0,0,1,0,0,0,1,0,0,0,0,0,1,1,0,1,1,1,5,18,0.378,0.163,789,1,0
0,0,0,0,0,0,0,0,1,0,0,0,0,0,0,0,0,0,0,0,2,11,0.312,0.313,680,3,0
0,0,0,0,1,0,0,0,0,1,1,0,0,0,1,0,0,1,0,0,5,3,0.201,0.467,289,2,0
1,0,0,0,1,0,0,0,0,0,0,0,0,0,0,0,0,0,0,1,5,13,0.279,0.464,405,2,0
1,0,0,0,0,1,0,0,1,0,1,0,0,0,1,0,0,1,0,0,0,18,0.342,0.195,928,3,0
0,0,0,0,0,0,0,0,1,0,0,0,0,0,0,0,0,1,1,0,4,14,0.363,0.376,555,2,0
1,0,0,0,0,0,0,0,0,0,0,0,0,0,0,1,0,0,1,0,5,15,0.338,0.287,978,3,0
0,0,0,0,1,0,0,0,0,1,0,0,1,0,0,0,0,1,1,0,4,10,0.297,0.315,908,2,0
1,1,0,1,0,1,1,1,0,0,1,0,0,1,1,1,0,1,0,0,11,27,0.884,0.732,2276,2,1
0,0,0,0,1,0,0,1,0,0,0,0,0,0,0,0,1,0,0,1,3,9,0.23,0.068,859,2,0
1,0,0,0,0,1,0,0,0,0,0,0,0,1,1,1,1,0,0,0,1,6,0.113,0.171,497,2,0
1,1,0,0,1,0,0,0,0,0,0,1,0,0,0,1,1,1,1,0,1,12,0.072,0.125,565,3,0
1,0,0,0,0,0,0,0,0,1,1,0,1,0,0,0,0,0,0,0,1,19,0.467,0.376,984,3,0
1,0,0,0,1,0,1,0,0,0,0,0,0,0,1,1,0,1,0,0,6,13,0.273,0.33,787,2,0
1,1,0,1,1,1,1,1,0,1,1,0,0,0,1,1,0,0,1,0,3,23,0.986,0.442,1431,3,1
1,0,0,1,1,1,1,1,0,0,1,0,1,0,1,1,0,0,0,0,6,15,0.855,0.887,666,5,1
0,0,0,0,0,0,0,0,0,0,0,0,0,0,0,0,0,0,0,0,1,10,0.274,0.227,541,2,0
1,1,0,0,1,0,0,0,0,0,0,0,1,0,1,0,0,1,0,0,3,10,0.487,0.146,549,1,0
1,0,0,0,0,0,0,0,0,1,0,0,0,0,1,0,0,0,0,0,4,13,0.391,0.542,293,3,0
0,0,1,0,0,0,0,0,0,0,0,1,0,0,0,0,1,0,0,0,4,11,0.035,0.07,764,1,0
1,0,0,0,0,0,0,0,0,0,1,1,0,0,0,0,0,0,0,0,4,13,0.372,0.418,247,2,0
0,1,1,0,1,0,0,0,0,0,0,0,0,0,0,0,1,1,1,0,5,12,0.257,0.323,524,1,0
1,0,0,0,0,0,0,0,0,1,0,0,0,0,1,0,0,1,0,0,2,10,0.584,0.292,104,1,0
1,1,0,0,0,0,1,0,0,1,0,0,0,0,0,0,0,1,0,0,0,10,0.142,0.228,339,1,0
0,1,0,1,1,1,0,0,0,0,1,0,0,0,1,1,0,1,1,1,4,28,0.781,0.493,1551,4,1
0,0,0,1,1,1,0,0,0,0,1,0,0,0,0,0,0,1,0,1,3,6,0.194,0.04,953,2,0
1,0,0,0,1,1,0,1,0,1,0,0,1,0,1,0,0,1,0,1,6,25,0.671,0.849,597,2,1
1,0,1,0,0,0,0,0,0,0,0,0,0,0,0,0,0,1,0,0,5,16,0.167,0.438,442,1,0
1,1,1,1,1,0,0,1,0,1,0,1,1,0,0,1,1,0,0,0,4,22,0.98,0.793,1482,5,1
1,0,0,0,1,0,0,0,0,0,1,0,0,0,0,0,1,0,0,0,2,15,0.398,0.1,524,1,0
1,1,1,1,0,0,0,0,0,1,0,0,0,1,0,1,1,1,0,0,5,17,0.968,0.617,2287,4,1
0,0,0,1,0,1,1,0,0,0,1,1,0,0,0,0,0,0,0,0,5,12,0.502,0.286,444,2,0
0,1,1,1,1,0,0,0,1,1,0,0,0,0,1,0,0,1,1,1,6,28,0.55,0.756,315,7,1
1,1,0,0,1,0,1,1,0,0,0,0,1,0,1,0,1,1,1,0,3,14,0.573,0.416,648,2,0
1,0,0,0,0,1,0,0,0,0,0,0,0,1,1,0,0,0,0,0,2,9,0.17,0.237,155,2,0
0,0,0,0,0,0,0,0,0,0,0,0,1,0,0,1,0,0,1,0,5,16,0.213,0.357,429,1,0
0,0,1,1,1,1,0,0,1,0,0,0,0,1,0,1,1,1,0,0,5,32,0.596,0.964,1275,2,1
1,1,1,0,1,0,0,0,1,1,0,0,1,0,1,0,0,1,1,0,6,25,0.54,0.876,1312,4,1
0,1,0,1,1,1,0,1,1,1,0,0,0,1,1,1,1,1,1,0,7,22,0.704,0.653,174,2,1
1,1,0,1,1,1,1,1,1,1,0,0,0,0,1,1,1,0,0,0,4,27,0.741,0.63,2080,2,1
1,1,0,0,0,1,1,0,0,0,1,1,0,0,1,1,1,0,1,0,2,23,0.965,0.839,432,3,1
1,0,1,1,1,1,1,0,0,0,1,0,0,0,1,0,0,1,1,0,5,21,0.53,0.906,1915,3,1
1,0,0,1,1,1,1,0,0,0,1,0,0,0,1,0,1,1,0,0,8,28,0.75,0.839,1202,2,1
1,0,0,0,1,0,0,0,0,0,0,0,0,0,0,1,0,0,0,0,2,10,0.133,0.441,453,1,0
0,0,0,1,1,1,0,1,0,0,0,0,0,0,1,0,1,0,0,0,2,12,0.116,0.212,616,2,0
0,1,1,1,1,1,0,1,0,1,1,1,1,1,1,1,1,1,0,1,8,26,0.734,0.926,2171,6,1
1,1,1,0,1,0,0,0,0,0,1,0,1,1,1,0,1,1,1,0,7,24,0.885,0.588,538,5,1
0,1,0,0,0,0,0,0,0,0,0,0,1,1,0,0,0,0,1,0,4,10,0.447,0.235,920,3,0
1,0,0,0,1,0,0,0,0,0,0,0,0,1,1,1,0,0,0,0,4,8,0.275,0.387,913,2,0
0,0,0,1,0,0,0,0,0,0,0,0,0,0,1,1,0,0,0,0,3,11,0.554,0.314,484,3,0
0,1,0,0,0,1,1,1,0,1,1,0,0,0,1,1,0,1,0,0,7,17,0.857,0.805,2364,5,1
1,1,0,1,0,0,0,0,0,0,1,0,0,0,0,0,0,0,1,0,4,16,0.011,0.533,934,3,0
1,1,0,1,0,0,0,0,0,0,0,0,1,0,0,1,1,1,0,0,3,19,0.181,0.234,80,2,0
1,0,0,0,0,0,1,0,0,0,0,0,0,0,1,0,0,1,0,0,2,14,0.167,0.375,227,1,0
0,1,1,1,0,0,0,1,0,1,1,1,0,0,0,1,1,0,1,1,9,31,0.608,0.58,1346,3,1
0,0,0,0,0,0,0,1,0,0,1,0,0,0,0,1,0,0,1,0,2,15,0.546,0.429,431,3,0
0,0,0,0,0,0,0,0,0,0,0,1,0,0,0,0,0,0,0,0,2,13,0.321,0.17,825,3,0
0,0,0,0,0,0,0,0,0,0,0,0,0,1,0,0,0,0,0,1,1,10,0.375,0.429,488,1,0
0,1,0,0,0,0,1,0,0,0,1,0,0,0,0,1,0,1,0,0,5,16,0.349,0.322,910,3,0
0,0,0,0,0,0,0,0,0,0,1,0,0,0,1,0,0,1,0,1,8,12,0.585,0.503,840,1,0
1,0,1,0,1,0,1,0,0,0,1,1,0,0,1,0,1,0,0,0,3,17,0.035,0.186,197,3,0
0,0,1,0,1,0,0,0,0,1,1,0,0,0,0,1,1,1,1,0,5,18,0.878,0.499,1481,4,1
1,0,1,1,1,0,0,1,1,0,0,1,0,0,0,0,1,1,1,0,9,28,0.87,0.473,2051,4,1
1,0,1,0,0,0,0,0,0,0,0,0,0,0,0,1,0,0,0,0,5,13,0.202,0.324,423,2,0
0,0,0,1,1,0,0,0,0,0,1,0,0,0,0,0,0,1,0,0,4,10,0.48,0.256,364,2,0
1,0,0,0,1,0,0,0,0,1,0,0,0,0,0,0,0,0,0,0,5,9,0.06,0.196,555,1,0
0,0,0,0,1,0,0,0,0,0,0,1,0,0,1,0,0,0,0,0,2,7,0.314,0.03,443,1,0
0,0,0,0,0,0,0,0,0,0,0,0,1,0,1,0,0,0,1,0,3,13,0.287,0.313,540,1,0
0,1,0,0,1,0,0,1,0,1,0,0,0,0,0,0,0,1,0,0,0,11,0.186,0.24,590,2,0
0,1,0,0,0,0,0,0,0,0,0,0,0,0,0,0,1,0,1,0,2,13,0.099,0.371,673,3,0
0,0,0,0,0,1,0,0,0,0,0,1,1,0,0,0,1,0,1,1,4,19,0.588,0.107,686,2,0
0,0,0,0,1,0,0,1,0,1,1,0,1,0,0,0,0,0,1,0,3,14,0.152,0.317,427,3,0
0,1,1,1,0,1,0,1,0,1,1,0,0,0,0,0,0,1,0,0,1,7,0.246,0.333,501,1,0
0,0,0,0,0,0,0,0,0,0,0,0,0,0,0,1,0,1,0,0,4,9,0.185,0.177,263,2,0
1,0,0,0,0,0,0,0,0,0,1,0,0,0,0,0,1,1,0,0,4,15,0.166,0.224,658,3,0
0,0,0,0,1,0,0,0,1,0,0,0,0,0,0,0,0,1,0,0,2,15,0.355,0.416,326,2,0
0,0,0,0,0,0,0,1,0,0,0,0,0,0,0,1,0,0,0,0,4,17,0.32,0.273,716,1,0
0,0,1,0,1,0,0,0,0,0,1,0,1,0,1,0,0,0,0,0,0,11,0.301,0.699,398,1,0
0,0,0,0,1,1,0,0,0,1,1,0,0,0,0,0,0,1,0,0,2,15,0.241,0.406,929,1,0
0,0,0,1,0,0,0,1,0,1,0,1,0,0,1,0,0,1,0,0,6,18,0.747,0.259,2300,5,1
1,0,0,1,0,0,0,1,1,1,0,1,0,0,1,1,0,1,1,1,6,21,0.4,0.648,860,5,1
1,1,0,0,0,1,1,1,1,1,0,0,0,0,1,0,0,1,0,0,6,19,0.829,0.521,2373,3,1
0,1,0,1,1,1,1,1,0,0,1,0,1,0,1,1,1,0,1,0,9,24,0.512,0.906,866,4,1
0,0,0,0,0,0,0,0,0,0,1,0,1,0,0,1,0,1,0,0,4,17,0.401,0.265,731,2,0
1,1,0,0,1,1,0,0,0,1,1,0,1,0,0,1,0,1,0,1,10,27,0.663,0.672,444,7,1
0,0,0,0,1,0,0,0,0,0,0,0,0,0,0,1,0,1,0,0,6,8,0.393,0.094,680,2,0
0,0,0,0,1,0,0,0,0,0,0,0,1,0,1,0,1,0,0,0,5,9,0.35,0.248,600,3,0
1,1,1,1,1,1,0,1,0,0,1,1,0,0,1,1,0,1,0,1,3,29,0.747,0.845,595,5,1
1,0,0,1,1,1,1,0,1,0,0,0,1,1,1,1,1,1,1,0,4,24,0.622,0.783,824,4,1
1,0,0,1,0,0,0,0,0,0,1,0,0,0,0,1,0,0,0,1,6,16,0.343,0.285,147,2,0
0,0,0,0,0,0,1,0,0,0,1,0,0,0,0,1,0,0,0,0,3,12,0.335,0.067,907,1,0
1,0,1,0,1,0,0,0,0,0,0,1,0,0,0,1,0,1,1,1,4,10,0.828,0.294,752,2,0
1,1,1,0,0,1,1,0,1,0,1,0,0,0,0,1,0,1,0,0,9,20,0.887,0.805,971,5,1
0,0,0,0,1,0,0,0,0,0,1,0,1,0,1,1,0,1,0,0,6,12,0.52,0.483,216,3,0
1,1,0,1,0,0,0,0,0,0,1,0,0,0,0,1,0,1,1,0,5,14,0.078,0.401,656,1,0
0,1,1,0,0,0,0,0,0,0,1,0,0,0,0,0,0,1,0,0,4,15,0.2,0.416,363,1,0
0,1,0,0,0,0,0,1,0,0,0,0,0,0,0,1,0,1,1,0,5,14,0.656,0.246,963,2,0
0,1,0,1,1,0,0,1,0,1,0,1,0,0,0,1,0,0,0,1,5,17,0.671,0.857,1084,7,1
0,1,0,0,0,0,1,1,0,1,0,1,0,0,1,1,0,0,0,0,1,19,0.077,0.284,902,3,0
1,0,0,0,0,0,1,0,1,1,0,0,0,0,0,1,1,0,0,0,0,18,0.048,0.558,875,3,0
1,0,0,0,0,0,0,0,0,1,0,0,0,0,0,0,0,1,0,0,6,11,0.48,0.335,984,2,0
0,0,0,0,0,0,0,0,0,0,0,0,0,0,0,1,0,1,0,0,2,14,0.136,0.314,370,1,0
1,0,0,1,1,0,0,1,0,0,1,1,0,0,0,1,1,0,1,1,3,13,0.809,0.472,1713,7,1
0,0,0,0,0,1,0,1,0,0,0,0,0,0,1,0,0,1,0,0,6,8,0.415,0.383,246,2,0
0,0,1,1,0,0,0,1,0,0,0,0,0,0,0,0,0,0,0,0,3,8,0.243,0.505,931,3,0
1,0,1,1,0,1,1,1,0,1,1,0,0,0,1,1,1,1,1,0,5,18,0.562,0.228,299,7,1
0,0,0,0,1,0,0,0,0,1,1,0,0,0,0,0,0,0,1,0,2,7,0.038,0.142,121,3,0
0,0,0,0,1,0,0,0,0,1,1,1,0,0,0,0,0,1,0,0,1,12,0.059,0.467,846,3,0
1,1,0,1,1,1,0,0,0,1,0,1,1,0,0,0,0,1,0,1,7,16,0.707,0.824,907,3,1
0,0,0,0,0,1,0,0,0,0,0,0,0,0,0,0,0,0,0,0,1,14,0.25,0.605,97,2,0
1,0,0,1,1,0,0,0,0,0,0,1,0,0,0,0,0,0,1,0,4,7,0.221,0.192,584,3,0
0,0,0,0,0,0,0,0,0,0,1,0,0,0,1,0,1,0,0,0,4,16,0.163,0.19,462,1,0
1,0,0,1,1,1,1,1,0,0,1,0,1,0,0,1,1,1,0,1,3,17,0.827,0.421,1809,2,1
1,0,1,0,0,0,0,0,0,0,0,0,0,0,0,0,1,0,1,0,6,6,0.297,0.601,670,3,0
0,0,0,0,0,1,0,0,0,0,0,0,0,0,0,0,1,1,1,0,2,18,0.297,0.415,963,2,0
1,0,0,1,0,1,0,0,0,1,0,0,0,0,0,0,0,0,0,0,6,14,0.219,0.693,188,3,0
1,1,0,0,0,1,0,0,0,1,0,1,0,0,1,1,1,0,1,0,5,18,0.869,0.369,533,7,1
0,0,1,0,0,0,0,1,0,1,0,0,1,0,0,0,0,0,0,0,3,12,0.503,0.355,466,2,0
1,0,0,0,1,1,1,0,0,0,0,0,0,0,0,0,1,0,0,0,2,15,0.159,0.208,741,2,0
0,0,1,1,0,0,0,1,1,1,0,0,0,0,1,1,1,1,1,0,2,22,0.769,0.529,639,4,1
1,1,0,0,1,0,0,0,0,0,0,0,0,1,0,0,0,1,0,0,3,12,0.311,0.147,918,3,0
1,1,0,1,1,1,0,1,0,0,1,1,0,0,1,1,1,1,0,0,8,25,0.776,0.412,2275,3,1
1,1,1,0,1,0,0,0,0,0,0,1,1,0,0,1,1,1,0,0,4,25,0.828,0.373,350,6,1
1,0,0,0,1,1,0,1,1,0,0,0,0,1,1,1,0,1,0,0,3,10,0.201,0.285,357,2,0
1,0,0,0,0,0,0,0,0,0,0,0,0,0,0,0,0,0,1,0,2,20,0.074,0.421,138,3,0
0,0,0,0,1,0,0,1,0,1,1,0,0,1,1,0,0,0,0,0,2,16,0.463,0.103,279,3,0
0,0,0,1,0,0,0,1,1,1,1,1,0,0,1,0,0,0,0,0,4,23,0.883,0.571,2232,2,1
1,0,1,1,0,0,0,1,1,1,0,0,0,1,0,1,1,1,1,1,6,23,0.648,0.931,380,3,1
1,0,0,0,0,0,0,0,0,0,0,1,1,0,0,0,1,0,0,0,2,12,0.261,0.285,711,2,0
0,1,0,0,1,0,0,0,0,0,1,0,0,0,0,0,0,1,0,0,2,15,0.26,0.369,100,1,0
0,0,0,1,1,0,0,1,0,0,0,1,0,0,0,1,1,1,1,0,13,22,0.734,0.806,1862,3,1
1,0,0,1,0,1,1,1,0,1,0,0,0,0,1,0,0,1,0,1,5,22,0.877,0.813,1894,7,1
1,0,0,0,0,0,0,0,0,0,0,0,0,0,0,0,0,0,0,0,3,11,0.096,0.677,773,1,0
1,0,0,0,0,0,0,1,0,0,0,0,1,0,0,1,0,1,0,1,3,25,0.707,0.502,1314,2,1
0,0,0,0,0,1,0,0,0,0,1,0,1,0,1,0,0,1,0,0,7,14,0.157,0.166,90,3,0
1,1,1,0,1,0,0,1,1,0,0,0,0,0,1,1,0,1,0,0,9,20,0.585,0.68,1466,3,1
0,1,1,1,0,0,1,1,0,1,0,1,1,0,1,1,0,1,1,0,7,29,0.682,0.518,2190,5,1
1,0,0,0,1,1,0,1,1,1,0,1,0,0,1,1,1,1,1,0,6,13,0.911,0.687,1736,4,1
0,0,0,0,0,0,0,0,0,1,0,0,0,0,1,1,0,1,1,0,2,9,0.286,0.095,292,2,0
1,1,0,0,0,0,0,0,0,0,1,1,0,1,1,0,1,1,0,0,4,9,0.047,0.44,788,3,0
1,0,1,0,0,0,0,0,0,0,1,0,0,0,1,0,0,1,0,0,2,9,0.327,0.252,266,3,0
0,0,1,1,1,1,1,1,0,0,1,0,0,0,0,1,1,1,1,0,4,16,0.326,0.534,1436,4,1
0,0,0,0,0,0,0,1,0,1,0,0,0,1,0,0,0,0,0,0,2,14,0.387,0.292,850,2,0
1,1,0,0,1,0,0,0,0,0,1,0,0,1,0,0,0,0,0,0,2,12,0.663,0.678,544,3,0
1,0,0,1,1,1,1,1,1,0,0,1,1,0,1,1,1,0,1,0,3,20,0.782,0.923,2152,6,1
0,1,0,0,0,0,0,0,0,0,0,0,1,0,0,1,0,1,0,0,5,14,0.427,0.073,106,3,0
1,1,1,1,0,1,1,0,1,1,0,1,0,0,1,1,0,1,0,0,9,16,0.543,0.866,2371,7,1
0,0,0,1,0,0,0,0,0,0,0,0,1,0,1,0,0,0,0,0,2,21,0.334,0.152,356,1,0
0,0,0,0,0,0,1,0,1,0,1,0,0,0,0,1,0,0,0,0,3,17,0.347,0.598,727,3,0
1,1,1,1,0,0,0,0,1,1,1,1,0,0,1,1,0,1,1,1,7,29,0.879,0.893,692,3,1
1,0,1,0,1,0,1,1,0,0,0,1,0,0,1,1,0,1,0,0,5,19,0.83,0.652,803,4,1
1,0,0,0,0,0,1,0,0,1,0,0,0,0,0,0,1,0,0,1,1,15,0.149,0.062,486,2,0
0,0,0,0,1,0,1,0,0,0,1,0,1,0,1,1,0,1,0,1,11,30,0.641,0.703,2286,7,1
0,1,0,1,0,0,0,0,0,1,1,0,0,0,1,1,1,1,0,0,6,20,0.877,0.807,1551,3,1
0,0,0,0,1,0,0,0,1,0,0,0,0,0,0,1,1,0,0,0,5,15,0.358,0.066,250,2,0
0,0,0,1,0,0,1,0,0,0,0,0,1,0,0,0,0,0,1,0,2,13,0.116,0.207,683,3,0
1,0,0,0,0,0,0,1,0,0,1,0,0,0,1,1,0,0,1,0,3,12,0.159,0.124,358,3,0
0,0,0,0,0,0,0,0,0,0,0,0,0,0,0,0,1,0,0,0,0,13,0.246,0.328,752,2,0
1,0,0,0,0,0,0,0,0,0,1,0,0,0,1,1,1,1,0,0,3,14,0.199,0.206,206,1,0
0,0,0,0,1,0,0,0,0,0,1,0,0,0,1,1,1,1,0,0,6,13,0.2,0.124,774,1,0
0,0,0,0,0,0,1,0,0,0,0,0,0,0,0,0,0,1,1,0,1,8,0.114,0.257,867,1,0
1,1,1,1,1,1,1,1,0,1,1,0,1,1,0,1,1,1,0,1,5,26,0.822,0.572,625,3,1
0,0,0,0,0,0,0,0,0,1,1,0,1,0,0,0,0,0,0,0,4,10,0.223,0.315,380,2,0
1,0,0,1,1,0,0,0,1,0,0,0,0,1,0,0,0,0,1,0,5,13,0.406,0.205,233,2,0
1,1,1,0,1,1,0,1,1,0,1,1,1,1,1,0,1,1,0,0,7,23,0.732,0.819,1572,2,1
1,0,0,0,0,0,0,0,0,0,0,0,1,0,1,1,0,0,0,0,2,11,0.435,0.111,836,3,0
1,0,1,0,0,0,0,1,1,1,0,1,1,0,0,0,0,1,1,0,4,24,0.962,0.965,2398,2,1
0,1,0,0,0,0,0,0,1,1,1,1,0,0,0,1,1,1,1,1,10,21,0.663,0.797,1499,6,1
0,1,0,0,0,0,0,0,0,0,0,0,0,1,1,0,1,1,0,0,3,13,0.629,0.313,266,3,0
0,0,1,0,0,0,0,1,0,0,0,0,0,0,0,0,1,0,1,0,2,16,0.204,0.369,621,2,0
0,0,0,0,1,0,0,0,0,1,0,1,0,1,0,0,1,0,0,0,5,5,0.155,0.078,260,3,0
1,0,0,1,1,1,1,1,0,1,1,0,0,0,1,1,0,1,1,0,2,26,0.707,0.474,660,4,1
0,0,0,0,1,0,0,0,0,0,0,0,0,0,1,0,0,1,0,0,2,12,0.338,0.158,628,1,0
1,1,0,1,0,1,0,1,0,0,0,0,0,0,1,0,0,0,1,0,6,18,0.895,0.36,1816,3,1
1,1,0,1,1,1,0,0,0,0,1,1,0,0,1,0,0,1,1,1,6,20,0.668,0.549,1303,5,1
0,0,0,0,1,0,0,1,0,0,0,1,0,0,1,0,0,0,1,0,3,14,0.092,0.305,865,1,0
0,1,0,0,0,0,1,0,1,0,0,0,0,0,0,1,0,0,0,0,1,19,0.334,0.186,80,2,0
0,0,1,1,1,1,1,1,1,0,1,0,1,0,0,1,0,1,0,0,6,31,0.524,0.867,1446,7,1
0,1,0,0,1,0,0,0,0,0,1,0,1,0,0,0,0,0,0,0,5,15,0.478,0.233,569,2,0
1,1,1,0,0,1,0,1,0,0,1,1,0,1,1,1,0,1,1,0,3,19,0.83,0.519,1653,7,1
0,1,0,0,0,0,1,0,0,0,0,0,0,0,0,1,0,0,0,0,3,9,0.681,0.133,979,2,0
0,0,0,0,0,0,0,0,0,1,0,0,1,0,0,1,0,0,0,0,1,13,0.322,0.196,634,1,0
0,1,0,0,0,0,0,0,0,0,0,0,0,0,1,0,0,1,0,0,2,12,0.23,0.481,756,3,0
1,1,0,0,1,1,0,0,0,0,0,0,0,0,1,1,1,0,0,0,2,21,0.618,0.643,178,3,1
1,0,1,1,1,1,1,1,0,1,1,1,0,0,1,1,0,1,0,0,7,27,0.452,0.804,1982,3,1
0,0,0,0,0,0,1,0,1,1,0,0,0,0,0,0,1,1,1,0,3,25,0.256,0.377,393,2,0
1,0,0,0,1,0,0,1,0,0,0,0,0,0,1,0,0,0,0,0,3,12,0.223,0.133,666,1,0
0,0,0,0,1,0,0,1,0,0,0,0,0,0,0,0,0,0,0,0,1,17,0.218,0.19,432,3,0
1,0,0,0,1,1,0,0,1,1,1,1,0,0,1,1,0,0,1,0,6,25,0.778,0.548,553,3,1
1,1,0,1,1,1,0,0,0,0,0,1,0,0,1,1,1,0,1,0,3,27,0.806,0.758,1560,4,1
0,0,1,0,0,0,0,0,0,0,0,1,0,0,1,0,0,0,0,0,1,16,0.05,0.081,122,3,0
1,0,0,0,0,1,0,0,1,1,1,0,0,0,1,1,1,1,1,1,5,25,0.713,0.519,906,2,1
0,0,1,1,1,1,0,0,0,0,0,0,0,1,1,1,1,0,0,1,4,19,0.923,0.579,599,7,1
1,0,0,0,1,0,0,0,0,0,0,0,0,0,1,0,1,1,0,0,1,17,0.243,0.168,576,3,0
1,0,0,0,1,0,0,0,0,0,1,0,0,0,0,0,0,0,1,1,4,8,0.025,0.235,385,1,0
1,0,0,0,1,1,0,0,0,0,0,0,0,0,1,1,0,1,1,0,4,24,0.748,0.851,1558,5,1
0,0,1,1,1,1,1,1,0,1,1,1,1,0,1,1,1,0,1,1,12,20,0.69,0.386,1976,7,1
0,1,1,1,1,1,1,0,1,0,1,0,0,1,1,0,1,1,1,1,3,23,0.905,0.23,177,7,1
0,0,1,0,1,0,0,0,0,0,0,0,0,0,0,0,0,1,0,0,3,11,0.207,0.385,395,3,0
1,0,0,0,0,0,1,0,0,0,1,0,1,0,0,1,0,0,0,1,4,11,0.452,0.358,893,1,0
1,0,0,0,1,0,0,0,0,0,1,0,0,0,0,0,0,0,0,0,1,16,0.177,0.211,616,1,0
1,0,0,1,0,0,1,0,0,0,0,0,0,0,1,0,1,0,0,0,7,10,0.497,0.195,840,2,0
0,0,1,0,0,0,0,0,0,1,0,1,0,1,0,0,0,0,1,1,3,17,0.39,0.141,385,1,0
1,0,1,1,0,0,0,0,1,0,1,1,1,0,1,1,1,1,1,1,4,23,0.702,0.769,1085,7,1
1,1,0,0,0,0,0,0,0,0,1,0,0,1,1,0,0,1,0,0,7,21,0.72,0.896,1369,3,1
0,1,0,0,0,1,0,0,0,1,0,1,0,0,1,1,1,0,1,0,9,23,0.313,0.426,2242,3,1
0,0,0,0,0,0,0,0,0,0,0,0,0,0,0,0,0,1,0,0,0,11,0.093,0.287,188,1,0
1,0,0,0,0,1,0,0,0,0,0,0,0,0,1,0,0,0,0,0,1,13,0.228,0.305,284,1,0
1,0,0,0,0,0,0,0,0,0,1,0,0,0,1,0,1,0,1,0,4,10,0.164,0.481,875,3,0
1,0,0,0,0,0,0,0,0,1,1,0,0,0,1,0,0,1,0,0,1,15,0.197,0.034,407,3,0
0,0,0,0,1,0,0,1,0,0,0,0,0,0,0,0,0,0,0,0,4,16,0.142,0.479,732,1,0
1,0,0,0,0,0,0,0,0,0,0,0,0,0,0,0,1,0,0,0,1,14,0.114,0.207,106,2,0
0,1,0,1,1,0,0,0,1,1,0,1,0,1,0,0,0,0,1,0,2,15,0.397,0.187,133,1,0
1,0,0,0,0,0,0,0,1,0,1,0,0,0,0,0,0,0,0,1,3,28,0.25,0.421,699,1,0
0,1,1,1,0,0,0,1,0,0,0,0,0,0,0,0,1,0,1,1,5,14,0.406,0.61,714,2,0
0,1,0,0,1,0,1,0,0,0,1,0,0,1,1,0,0,0,1,0,10,23,0.916,0.272,438,5,1
0,1,1,1,0,1,1,1,0,1,1,0,1,1,1,1,0,1,1,1,10,23,0.514,0.486,2129,7,1
1,0,0,1,1,0,0,1,0,0,0,1,0,0,0,0,0,0,0,0,3,11,0.72,0.175,575,2,0
0,0,1,1,0,1,0,0,0,0,0,1,1,0,0,1,0,1,1,0,6,27,0.759,0.601,2223,6,1
1,1,0,0,0,1,1,1,0,1,0,1,1,1,1,1,1,1,0,0,3,25,0.789,0.826,2002,3,1
0,0,0,0,0,0,0,0,1,0,1,0,0,0,1,0,0,0,0,0,3,13,0.446,0.073,676,1,0
1,1,0,0,0,0,0,0,0,0,1,0,0,0,0,0,0,0,0,0,3,5,0.184,0.215,849,1,0
0,0,0,0,0,0,0,0,0,0,1,0,0,0,1,0,1,0,0,0,4,10,0.458,0.496,211,1,0
1,1,1,0,0,1,0,1,0,1,1,1,0,0,1,0,1,1,0,0,2,19,0.429,0.632,1984,2,1
1,1,1,1,1,1,0,1,0,0,0,0,0,0,0,0,1,1,1,0,5,16,0.829,0.867,991,4,1
0,0,0,1,1,0,0,0,0,0,1,0,0,0,1,1,0,0,1,0,1,13,0.244,0.127,552,1,0
1,0,0,1,1,1,0,0,1,1,0,0,1,0,0,0,1,1,0,0,6,20,0.879,0.902,1076,6,1
1,1,0,0,1,0,0,0,1,0,1,0,0,0,1,1,1,0,0,0,3,13,0.239,0.235,534,1,0
0,1,0,0,0,1,0,0,0,0,0,0,0,0,0,1,0,0,0,0,4,13,0.131,0.073,737,3,0
1,1,0,1,1,0,1,0,0,0,0,1,0,1,1,1,1,1,1,1,4,16,0.263,0.549,2266,4,1
0,1,1,0,1,1,0,0,0,1,1,0,0,0,1,0,1,1,0,0,7,24,0.624,0.93,1999,3,1
0,1,0,1,0,1,0,1,0,1,1,0,0,1,1,1,0,1,1,0,12,17,0.59,0.628,443,5,1
0,0,1,0,1,0,0,0,0,0,1,0,0,0,0,0,1,1,0,1,3,9,0.378,0.452,674,1,0
0,1,1,0,1,0,0,0,1,0,0,0,0,0,0,0,0,1,1,0,2,6,0.509,0.25,489,3,0
1,0,0,1,1,1,1,0,0,0,1,1,1,0,1,0,0,0,0,0,4,29,0.62,0.342,1175,2,1
1,0,1,0,1,1,0,1,1,1,1,0,0,0,0,0,0,0,0,0,1,12,0.264,0.153,576,2,0
0,0,0,1,0,0,0,0,1,1,0,0,1,0,1,0,0,0,0,0,3,17,0.143,0.357,991,2,0
1,0,0,0,0,1,0,0,0,0,0,0,0,1,1,0,1,0,0,0,1,16,0.165,0.103,629,1,0
0,0,0,0,1,1,0,0,1,0,0,0,0,0,1,0,0,1,0,0,2,11,0.369,0.383,403,2,0
1,0,0,0,0,0,0,0,0,0,0,0,0,0,1,1,0,0,0,0,2,10,0.231,0.393,457,1,0
1,0,1,0,1,0,0,0,0,0,1,0,0,0,0,0,0,1,0,0,1,15,0.045,0.075,129,1,0
1,0,0,0,1,1,0,0,0,1,0,0,1,0,0,0,0,1,1,0,8,25,0.493,0.735,2059,7,1
0,1,0,0,1,0,0,1,0,0,1,0,0,0,0,1,0,0,1,0,3,17,0.173,0.235,880,2,0
0,0,1,0,0,0,0,1,0,0,0,0,0,0,1,0,0,0,0,0,1,11,0.103,0.455,908,2,0
0,0,0,0,1,0,0,0,1,0,0,0,0,0,0,0,0,0,1,0,3,13,0.309,0.103,537,1,0
1,1,0,1,1,1,0,1,1,1,1,0,1,1,1,0,1,0,0,0,7,21,0.478,0.4,902,6,1
0,1,0,0,1,0,0,0,0,0,0,0,0,0,0,0,1,1,0,0,2,12,0.434,0.271,654,1,0
1,0,1,0,1,0,1,1,1,1,0,0,0,0,1,0,1,1,0,0,3,16,0.395,0.59,943,2,0
1,0,0,1,1,0,1,1,0,0,0,1,1,0,1,1,0,1,1,0,9,20,0.487,0.666,908,3,1
1,0,0,0,1,0,0,1,0,0,1,0,0,0,0,0,0,1,0,0,3,16,0.48,0.375,494,3,0
1,1,1,0,1,1,0,1,1,1,0,0,1,1,0,1,0,1,1,0,6,23,0.622,0.225,1178,4,1
1,1,0,1,1,1,1,0,0,1,1,1,0,0,1,1,0,1,1,0,2,24,0.765,0.825,1915,6,1
1,1,0,0,0,0,0,0,0,0,1,0,1,0,1,0,1,0,0,0,3,15,0.275,0.27,287,2,0
0,1,0,1,1,1,1,0,0,1,1,0,1,0,1,1,1,0,0,0,1,24,0.779,0.9,1559,4,1
1,0,0,0,1,1,0,1,0,1,0,0,0,1,0,0,0,1,1,0,4,14,0.1,0.381,98,3,0
1,0,0,1,1,0,0,1,0,1,1,0,0,0,1,0,0,1,0,0,2,11,0.045,0.269,663,3,0
1,1,0,1,0,1,0,0,0,0,1,1,0,0,0,0,1,1,0,0,9,30,0.645,0.509,1107,3,1
0,1,0,1,1,1,0,0,0,0,0,0,0,0,0,0,0,0,0,0,0,9,0.117,0.382,631,1,0
0,0,0,0,0,0,1,0,0,0,1,1,0,0,0,0,0,1,0,0,2,9,0.499,0.285,275,1,0
1,0,0,0,0,0,0,0,0,0,1,0,1,0,1,0,1,0,0,0,8,13,0.067,0.384,635,1,0
0,0,0,1,1,1,0,0,0,0,0,0,0,0,0,1,1,0,1,0,3,12,0.152,0.133,365,3,0
1,1,1,1,0,1,0,0,0,1,1,1,0,0,1,0,1,1,1,0,6,22,0.644,0.4,2080,6,1
0,0,1,0,1,0,1,1,0,0,1,0,0,0,0,0,0,1,0,0,5,26,0.92,0.654,1259,3,1
1,0,0,0,1,0,1,1,0,1,1,0,0,0,0,0,0,0,0,0,0,16,0.117,0.051,360,2,0
0,0,0,0,0,0,0,0,0,0,1,0,1,1,0,0,0,1,0,0,5,15,0.133,0.246,663,1,0
0,0,0,1,1,0,0,1,0,1,0,1,1,0,1,1,1,1,0,1,2,21,0.689,0.9,1083,4,1
0,0,0,0,1,0,0,0,1,0,1,0,0,0,0,0,0,0,1,0,5,17,0.472,0.263,874,1,0
0,0,0,0,1,0,0,0,0,1,0,0,0,0,0,1,0,0,0,0,3,11,0.434,0.214,178,2,0
1,1,1,0,1,0,0,0,0,1,1,0,0,0,0,1,1,1,0,1,2,23,0.921,0.876,1481,4,1
1,0,1,1,0,0,0,0,0,1,1,0,0,0,1,1,0,1,0,0,6,20,0.624,0.587,2255,5,1
1,1,1,0,1,0,0,1,0,0,0,1,0,0,1,1,1,1,1,0,9,21,0.655,0.867,346,6,1
1,0,0,0,1,0,0,0,0,0,0,0,0,0,1,0,0,0,0,0,1,13,0.269,0.333,654,2,0
0,1,0,0,0,0,0,0,1,0,0,0,0,0,0,0,0,0,1,0,1,17,0.136,0.527,219,1,0
0,0,0,1,1,0,0,0,0,0,0,0,0,0,0,0,0,1,0,0,2,21,0.292,0.239,998,3,0
1,0,0,1,0,0,0,1,0,0,1,0,0,0,0,1,1,0,1,0,8,20,0.716,0.811,1323,2,1
0,0,0,0,1,0,0,0,0,0,0,0,0,0,1,1,0,0,0,0,2,20,0.424,0.107,684,2,0
0,1,1,0,0,0,0,0,0,0,0,0,0,0,0,0,0,1,0,0,2,8,0.121,0.15,255,2,0
0,0,1,0,0,0,0,0,0,0,0,1,0,0,0,0,0,1,0,0,3,14,0.52,0.243,773,1,0
1,0,1,0,0,0,0,0,0,0,1,0,0,0,1,1,0,0,0,0,3,16,0.505,0.525,498,2,0
1,1,0,0,0,0,0,0,0,1,1,1,0,0,0,0,0,0,0,0,1,8,0.059,0.206,533,2,0
0,1,0,0,0,0,1,1,0,0,1,0,1,0,0,0,0,1,1,0,3,13,0.192,0.6,309,2,0
1,0,0,0,0,0,0,0,0,0,0,1,0,0,0,0,1,1,1,1,3,11,0.243,0.014,468,3,0
0,0,0,1,0,0,0,0,0,0,0,0,0,0,0,0,1,1,0,0,3,14,0.384,0.246,870,2,0
1,0,0,0,0,0,0,0,1,0,0,0,0,0,0,0,1,0,0,0,6,18,0.162,0.291,221,1,0
1,1,1,1,1,0,1,1,0,1,0,1,0,0,1,1,1,1,0,0,6,18,0.663,0.695,1492,5,1
1,0,0,0,1,0,0,1,0,1,0,0,0,0,1,0,0,1,0,0,0,14,0.079,0.628,741,2,0
0,0,0,0,1,0,0,0,0,0,1,0,0,0,0,0,0,0,0,0,6,12,0.381,0.265,216,3,0
1,1,0,1,1,1,0,0,0,0,0,0,1,0,1,1,0,1,0,0,5,16,0.805,0.825,382,7,1
0,0,0,0,0,0,0,0,0,0,1,0,0,0,0,1,0,1,0,0,3,13,0.376,0.433,593,1,0
0,0,0,0,0,0,0,1,0,0,1,0,1,0,1,0,0,1,0,1,8,16,0.192,0.357,735,2,0
1,0,0,0,0,0,0,0,0,0,1,0,0,0,1,0,0,0,0,1,2,5,0.055,0.384,102,3,0
1,1,0,1,0,0,0,1,0,0,0,0,1,0,1,1,1,1,1,0,3,17,0.677,0.781,880,3,1
0,0,0,0,1,1,0,0,0,0,0,0,0,0,0,0,0,1,0,1,4,15,0.469,0.43,415,1,0
0,1,0,0,0,1,0,0,1,0,0,0,0,0,0,0,0,0,0,0,3,10,0.296,0.408,488,3,0
0,0,0,0,0,0,0,0,0,0,0,0,0,0,0,1,0,0,0,0,3,8,0.609,0.25,246,2,0
0,1,0,0,1,1,0,0,0,1,1,1,1,0,1,1,1,0,0,0,4,18,0.81,0.85,1963,2,1
0,0,0,0,1,0,0,0,1,0,0,1,1,0,1,0,0,1,0,0,1,10,0.307,0.283,224,3,0
1,0,0,1,0,0,0,0,0,0,1,0,1,0,0,0,0,0,0,1,3,12,0.453,0.257,977,2,0
0,0,0,0,0,0,0,1,0,0,1,0,0,0,1,0,0,0,0,0,2,8,0.652,0.475,863,1,0
0,0,0,1,0,0,0,0,0,0,0,0,0,1,1,0,1,0,1,0,8,8,0.306,0.32,474,3,0
1,1,0,0,0,0,0,0,0,0,0,1,0,0,1,1,0,1,0,0,5,12,0.268,0.595,301,2,0
0,1,0,1,1,1,0,0,0,0,1,1,1,0,1,1,0,0,0,0,1,5,0.434,0.132,508,1,0
0,1,0,0,1,1,0,0,0,0,0,1,1,0,0,1,1,1,1,1,4,27,0.642,0.716,1288,7,1
0,0,0,1,1,0,0,1,0,1,0,0,0,1,1,1,0,0,0,1,5,16,0.186,0.014,919,1,0
1,1,1,1,1,0,1,1,0,0,0,0,0,0,1,0,1,1,0,0,6,21,0.574,0.315,634,6,1
1,0,1,0,0,0,0,0,0,1,0,0,0,0,1,0,0,0,0,0,1,8,0.709,0.028,761,3,0
0,1,0,0,0,1,0,0,1,1,1,1,1,0,1,1,1,1,1,0,6,22,0.605,0.475,2393,6,1
1,1,0,1,0,0,0,0,0,0,0,0,0,1,0,1,1,0,0,0,13,19,0.745,0.847,792,3,1
1,0,0,0,1,1,1,0,1,1,0,1,0,0,0,1,0,1,1,0,3,21,0.958,0.907,145,6,1
0,1,1,0,1,1,0,0,1,1,1,0,0,0,1,1,0,1,1,1,8,18,0.797,0.763,1854,2,1
1,0,0,0,0,0,0,0,0,0,0,0,0,0,1,0,0,0,0,0,1,14,0.162,0.116,385,2,0
0,0,0,1,0,0,0,0,0,1,0,0,0,0,1,0,0,0,0,0,2,16,0.384,0.38,109,1,0
0,1,0,0,0,1,0,0,0,0,0,0,0,0,1,1,0,0,0,0,3,10,0.044,0.255,970,2,0
0,0,0,0,0,1,0,0,1,0,0,0,0,0,1,0,0,1,0,1,0,16,0.236,0.52,774,3,0
0,1,0,0,0,0,0,0,0,1,0,1,0,0,0,0,0,1,1,0,5,11,0.285,0.059,670,1,0
0,1,0,1,1,1,1,1,1,1,1,0,1,0,1,1,1,1,0,1,9,25,0.762,0.529,1933,2,1
0,0,0,0,0,0,0,0,0,1,0,0,0,0,1,0,0,0,0,0,4,14,0.154,0.093,913,1,0
0,1,0,0,0,0,0,0,0,0,1,0,0,0,0,0,0,0,0,0,4,12,0.164,0.415,750,2,0
1,1,0,0,0,0,1,0,0,0,0,1,0,0,0,0,1,0,0,0,6,15,0.644,0.599,194,2,0
1,0,0,0,0,1,1,0,0,1,1,0,0,0,1,1,1,1,1,0,3,18,0.546,0.742,1212,7,1
0,0,0,0,1,0,0,0,1,0,1,0,0,0,0,1,0,1,0,0,9,9,0.298,0.349,968,2,0
0,0,1,0,1,0,0,0,0,0,0,0,0,0,0,0,0,0,0,0,0,15,0.186,0.144,709,3,0
1,0,0,1,1,1,0,1,1,1,0,1,0,0,1,1,0,1,0,0,5,27,0.517,0.78,2399,6,1
1,0,1,1,1,0,0,0,0,1,1,1,0,0,1,1,1,1,0,0,14,26,0.616,0.73,1849,6,1
0,0,0,0,1,0,0,0,0,1,0,1,1,1,1,1,1,1,1,0,3,21,0.73,0.722,2182,4,1
0,1,0,1,0,1,0,0,0,1,0,0,0,0,0,0,1,1,0,0,1,19,0.271,0.266,907,3,0
1,0,0,1,1,1,1,0,1,1,0,1,0,0,0,1,1,1,0,1,5,25,0.693,0.722,2031,5,1
0,1,0,0,0,1,1,0,0,1,0,0,0,0,0,0,0,0,0,0,2,11,0.138,0.517,115,3,0
1,0,0,0,0,0,0,0,0,0,1,0,0,0,1,0,0,1,1,0,4,16,0.354,0.238,853,1,0
1,0,0,0,0,0,0,0,0,0,0,0,1,0,1,0,0,0,0,0,5,11,0.26,0.042,708,3,0
1,1,0,0,0,0,0,0,1,1,1,0,0,0,0,0,0,0,0,0,4,10,0.259,0.441,344,2,0
0,0,0,0,0,0,0,0,0,0,1,0,0,0,0,0,0,1,0,0,4,10,0.034,0.363,798,3,0
1,0,0,0,0,1,0,1,0,0,1,0,0,0,1,1,0,1,0,0,6,22,0.756,0.459,2374,6,1
0,0,0,1,0,1,0,0,0,1,0,0,0,0,1,1,1,1,1,0,8,27,0.876,0.902,1803,5,1
0,0,0,0,1,0,0,1,0,0,1,0,0,0,0,1,0,1,0,0,2,13,0.361,0.456,764,3,0
1,0,0,1,1,1,0,0,0,0,1,0,0,0,0,0,0,0,0,0,2,11,0.509,0.193,442,1,0
0,0,0,0,0,0,0,0,0,0,0,0,0,0,1,0,0,0,0,0,1,19,0.461,0.234,352,1,0
0,0,0,0,0,0,0,0,0,0,0,0,0,0,1,0,0,1,1,0,2,10,0.175,0.21,732,2,0
1,0,1,1,0,1,1,1,0,1,1,0,1,1,1,0,0,0,0,0,1,17,0.645,0.721,2177,7,1
1,0,0,0,1,0,0,0,0,1,1,0,0,0,0,0,0,0,0,1,7,14,0.101,0.223,609,2,0
0,0,0,0,0,0,0,0,1,0,1,0,0,0,0,0,0,0,0,1,4,16,0.196,0.188,646,2,0
1,0,0,0,0,0,0,0,0,0,1,1,0,0,1,0,1,0,0,0,5,10,0.455,0.06,302,1,0
1,0,0,1,0,1,0,0,0,0,0,0,0,0,0,0,0,1,0,0,5,9,0.194,0.649,515,3,0
0,0,0,1,1,0,0,0,0,0,0,0,0,0,0,0,0,0,0,0,3,10,0.604,0.205,719,3,0
1,0,0,0,0,1,0,0,0,0,0,0,0,0,0,0,0,0,1,0,6,16,0.329,0.248,825,2,0
0,0,0,0,0,0,0,0,0,1,0,0,1,0,0,0,0,0,1,0,1,17,0.643,0.061,107,3,0
0,1,0,0,0,1,0,0,0,1,1,0,0,0,0,0,1,1,0,0,7,12,0.269,0.781,607,3,0
1,0,0,1,1,1,1,0,1,0,0,1,0,0,1,1,1,1,1,0,6,25,0.587,0.901,1299,5,1
1,0,0,0,0,0,0,0,0,0,1,1,0,0,1,1,1,1,0,0,1,14,0.053,0.429,365,3,0
1,0,1,0,0,0,0,1,0,0,1,0,0,0,1,0,0,0,0,0,6,18,0.16,0.193,542,1,0
0,0,0,0,0,0,0,0,0,0,0,0,0,0,0,1,1,0,0,0,6,15,0.201,0.301,742,2,0
1,1,1,0,0,1,0,0,0,0,0,1,0,0,1,0,1,0,1,0,4,11,0.463,0.044,607,3,0
1,1,0,1,1,1,0,0,0,0,0,0,0,0,0,1,1,1,1,0,6,15,0.77,0.537,1204,6,1
1,1,0,0,0,0,1,1,1,0,0,1,0,0,0,1,1,1,1,0,7,20,0.612,0.623,1068,7,1
0,0,1,0,1,0,0,0,0,0,0,0,1,0,0,0,1,0,0,0,8,15,0.232,0.294,920,1,0
0,0,0,0,1,0,0,0,0,0,1,1,0,0,0,0,0,0,0,0,3,12,0.395,0.127,820,2,0
0,0,0,0,0,0,0,0,0,1,0,1,0,0,0,1,1,1,0,0,1,10,0.1,0.184,112,2,0
1,0,0,1,0,0,0,1,1,1,0,0,0,0,0,1,1,0,0,0,3,13,0.205,0.356,975,3,0
1,0,0,1,1,1,0,1,0,1,1,0,0,0,1,1,1,1,0,0,8,25,0.826,0.775,1729,3,1
0,0,0,1,0,0,0,0,0,0,1,0,0,0,0,0,1,0,0,0,5,13,0.34,0.049,597,2,0
1,1,1,0,1,1,0,1,0,0,0,1,1,1,1,0,0,0,0,0,3,17,0.797,0.649,878,7,1
1,0,0,0,0,1,0,0,0,1,0,1,0,0,1,1,0,0,0,1,3,15,0.153,0.103,848,1,0
1,0,0,1,0,1,0,1,1,0,1,0,0,0,0,1,1,0,1,1,10,23,0.916,0.859,1338,6,1
0,0,0,0,0,0,0,0,0,0,0,1,0,0,0,1,0,0,0,0,1,13,0.325,0.143,513,3,0
1,0,0,0,0,0,0,0,0,0,1,0,1,0,0,0,0,0,0,0,3,11,0.311,0.337,631,3,0
0,0,0,0,0,1,0,0,0,0,0,0,0,0,1,0,0,1,1,0,2,15,0.207,0.404,487,1,0
1,0,0,1,0,0,0,0,0,0,1,0,1,0,0,0,0,1,0,0,4,10,0.124,0.17,916,1,0
1,0,0,0,0,0,0,1,0,0,0,0,0,0,1,1,1,0,1,0,1,21,0.916,0.413,2059,2,1
1,1,0,0,0,1,0,0,1,0,0,1,0,1,0,1,0,0,1,1,5,20,0.828,0.959,558,4,1
1,0,0,0,1,0,1,0,0,0,0,0,0,0,0,0,0,0,0,0,0,13,0.376,0.321,388,3,0
0,1,0,0,0,0,0,0,0,0,0,1,1,0,0,0,0,1,0,0,4,20,0.484,0.234,460,1,0
1,1,0,1,1,1,0,1,1,0,0,0,1,0,0,0,0,1,0,0,0,17,0.205,0.446,175,3,0
1,1,1,1,1,1,0,0,0,0,0,1,1,0,1,0,0,1,0,0,7,25,0.382,0.582,1891,6,1
0,0,0,0,0,0,1,1,0,0,1,0,0,0,0,0,0,0,0,0,1,10,0.163,0.238,412,3,0
0,0,0,1,0,0,0,0,0,0,0,0,0,0,1,0,0,0,0,1,7,11,0.026,0.457,788,2,0
0,0,0,1,0,1,0,0,0,0,1,0,0,0,0,0,1,0,0,1,6,15,0.054,0.168,972,1,0
0,0,0,1,0,0,0,0,0,1,0,0,0,0,1,0,0,0,0,0,3,19,0.232,0.391,273,2,0
0,1,0,0,0,0,0,0,0,1,0,0,0,0,0,0,1,0,0,0,5,14,0.338,0.242,297,2,0
0,0,0,1,1,0,0,0,0,0,1,0,0,0,0,0,0,0,0,0,6,15,0.323,0.67,271,3,0
1,0,1,1,1,0,1,0,1,0,1,1,0,0,0,1,0,1,1,0,4,23,0.827,0.467,1674,5,1
0,0,0,0,0,1,0,0,0,0,0,0,0,0,0,0,0,0,0,0,4,10,0.189,0.069,146,3,0
1,0,0,0,1,1,0,1,0,0,0,1,1,0,1,1,1,1,1,0,5,24,0.439,0.823,1722,4,1
0,0,0,0,0,1,1,0,0,0,1,0,1,0,1,0,0,0,0,0,3,14,0.418,0.149,547,2,0
0,1,0,0,0,1,0,0,0,1,1,0,0,0,1,0,0,0,0,0,4,15,0.413,0.244,541,1,0
1,0,0,0,1,0,1,0,1,1,0,1,0,0,1,0,1,0,0,0,2,15,0.158,0.532,363,3,0
0,0,0,0,1,0,0,1,0,0,0,0,0,0,1,0,0,1,0,0,4,11,0.261,0.312,88,3,0
0,0,0,1,1,0,0,0,1,0,1,0,0,0,0,1,0,0,0,0,2,16,0.218,0.469,579,2,0
1,0,0,1,0,0,0,0,0,0,1,1,0,0,0,0,0,1,1,0,4,16,0.43,0.414,512,3,0
1,0,0,1,1,1,0,0,0,0,1,1,0,0,1,1,0,1,0,0,13,26,0.502,0.527,611,7,1
1,0,0,0,1,0,0,0,0,1,0,0,0,0,0,0,0,1,0,1,6,14,0.106,0.17,990,3,0
0,1,0,0,0,0,0,1,0,0,0,0,0,0,1,1,1,1,0,0,7,10,0.343,0.134,649,3,0
0,0,0,1,1,0,0,0,0,0,0,0,0,0,1,1,0,1,0,0,0,9,0.109,0.721,545,3,0
1,0,0,1,1,1,0,0,1,1,1,1,0,0,1,1,0,1,1,0,6,25,0.558,0.665,1013,5,1
0,0,0,0,1,1,0,1,0,0,1,1,1,0,0,1,1,1,0,0,2,27,0.767,0.579,341,2,1
0,0,1,1,1,1,0,1,1,1,0,1,0,1,1,1,1,1,1,0,9,21,0.758,0.322,132,3,1
1,0,0,0,1,0,1,0,0,1,1,0,0,1,1,1,0,0,0,1,2,10,0.1,0.095,457,3,0
1,1,0,0,1,1,0,1,0,0,1,0,1,0,1,0,1,0,0,1,9,23,0.559,0.538,2359,5,1
0,0,0,0,0,0,0,0,0,0,0,0,0,0,1,0,1,0,0,0,2,11,0.309,0.196,997,3,0
1,1,0,0,0,1,0,1,0,0,0,0,0,0,0,0,1,0,0,0,4,10,0.334,0.212,83,3,0
1,0,0,0,1,1,0,1,0,1,1,1,0,0,1,0,0,1,1,0,3,21,0.647,0.282,698,7,1
1,1,0,0,1,1,1,0,1,1,1,0,0,0,0,0,1,1,0,0,8,21,0.449,0.688,2211,7,1
1,0,0,0,0,0,0,0,1,1,0,0,0,0,0,1,0,0,1,0,4,17,0.485,0.168,289,3,0
1,0,0,0,0,1,0,1,0,0,0,1,0,1,0,0,1,0,0,0,2,12,0.266,0.022,375,3,0
1,0,1,1,1,1,0,1,1,0,0,1,0,1,1,1,1,1,0,0,5,29,0.979,0.432,524,4,1
1,0,0,0,0,0,0,0,0,1,0,0,0,0,0,0,0,0,0,0,4,12,0.549,0.412,877,3,0
0,1,1,1,1,0,1,1,0,1,1,1,0,0,0,1,0,1,0,0,11,24,0.698,0.846,800,3,1
0,1,0,0,1,0,0,1,0,0,1,1,0,1,0,1,0,1,0,0,4,21,0.941,0.743,1265,5,1
0,0,0,0,1,0,0,0,0,0,0,0,0,0,0,0,0,0,0,0,4,13,0.183,0.153,561,3,0
0,0,1,0,0,0,0,0,0,0,1,1,0,0,0,0,1,0,0,0,6,15,0.214,0.327,494,3,0
1,1,0,0,0,0,0,0,0,0,1,0,1,0,0,0,0,0,0,0,5,14,0.393,0.099,216,3,0
1,0,1,1,0,0,1,0,0,0,1,1,0,1,1,1,0,1,1,0,2,25,0.813,0.773,1324,4,1
0,0,0,0,0,1,0,1,0,0,1,1,0,0,1,0,0,0,1,0,1,12,0.001,0.293,537,3,0
1,0,0,0,0,0,0,0,0,1,0,1,0,0,0,1,0,1,0,0,3,7,0.252,0.085,748,1,0
0,0,0,0,0,0,0,0,1,0,0,0,0,0,0,1,0,0,0,0,4,15,0.15,0.487,925,2,0
1,1,1,0,0,0,0,0,1,0,0,1,0,0,1,0,0,1,1,0,2,13,0.125,0.493,835,3,0
0,0,0,0,0,1,1,1,0,0,0,0,1,0,0,1,0,1,0,0,5,19,0.368,0.657,1202,2,1
1,0,0,0,1,0,0,0,0,0,1,0,0,0,0,0,0,1,0,0,1,15,0.426,0.055,980,1,0
0,0,0,1,0,0,0,0,1,1,0,0,1,0,1,1,0,1,0,0,3,13,0.21,0.023,98,2,0
1,0,0,0,0,0,1,0,0,0,1,0,0,0,0,0,0,1,0,0,5,11,0.238,0.224,381,2,0
1,0,1,1,1,1,0,1,0,0,0,0,1,0,1,0,0,1,0,0,4,21,0.442,0.752,1613,4,1
0,1,1,0,0,0,0,0,0,0,1,0,0,0,0,1,0,0,1,0,2,11,0.458,0.324,714,1,0
0,0,0,0,0,0,0,0,0,0,1,0,0,0,0,0,0,1,0,0,3,13,0.234,0.345,778,1,0
0,0,0,0,0,0,0,0,0,0,1,0,0,0,1,0,1,0,0,0,5,8,0.087,0.608,296,1,0
1,0,1,0,1,0,1,1,1,0,0,0,1,0,0,1,1,0,1,1,10,17,0.819,0.661,1418,4,1
0,0,1,0,0,0,0,1,1,1,1,0,1,1,1,1,1,1,0,0,10,32,0.925,0.619,2098,2,1
0,0,0,0,0,1,0,0,0,0,0,1,0,0,0,0,0,0,0,0,2,13,0.172,0.502,510,3,0
0,0,0,0,0,0,0,0,0,0,0,1,0,0,1,0,0,0,0,0,4,17,0.475,0.078,675,1,0
0,0,0,0,0,1,0,0,0,0,0,0,1,0,0,1,0,1,0,0,5,9,0.324,0.674,597,1,0
0,1,0,1,0,0,0,1,0,0,1,0,0,0,0,0,0,0,0,0,2,9,0.208,0.321,915,3,0
1,1,0,1,1,0,1,0,1,0,0,0,0,0,0,1,0,0,0,0,3,16,0.072,0.191,397,1,0
1,1,1,0,1,0,0,0,1,0,0,1,0,1,0,1,1,0,0,0,6,16,0.915,0.248,767,3,1
0,0,0,0,0,0,0,1,0,0,0,0,0,0,0,0,0,0,0,0,6,14,0.273,0.459,968,2,0
1,1,0,0,0,0,1,0,0,0,0,0,0,0,0,0,0,1,0,0,3,10,0.358,0.276,952,1,0
1,0,1,1,1,1,1,1,0,1,1,0,0,0,0,0,1,1,0,0,2,27,0.831,0.397,1500,4,1
1,0,1,1,1,1,0,1,1,1,1,1,1,0,0,0,0,1,0,0,6,25,0.668,0.174,1544,4,1
0,0,0,0,1,0,1,0,0,0,1,0,0,0,0,1,0,1,0,0,7,9,0.342,0.299,669,3,0
0,1,0,0,0,0,0,0,1,0,0,0,0,1,0,0,0,0,0,0,1,7,0.137,0.435,270,2,0
1,1,0,1,1,0,1,0,1,0,0,0,0,1,1,1,1,1,0,0,4,18,0.596,0.422,1983,5,1
0,0,0,0,0,0,1,1,0,1,1,1,0,1,1,0,1,0,1,0,7,26,0.626,0.871,2165,6,1
1,0,0,0,0,0,0,1,0,0,0,0,0,0,1,0,1,1,0,0,1,10,0.474,0.608,111,3,0
1,0,0,0,0,1,0,1,0,0,0,0,1,0,1,0,0,1,1,0,11,25,0.721,0.731,312,2,1
1,1,0,0,0,0,0,0,0,0,1,0,1,0,1,0,0,0,0,0,3,12,0.121,0.415,137,2,0
0,0,0,0,1,0,0,0,0,0,0,0,0,0,1,0,0,0,0,0,3,14,0.424,0.673,624,2,0
0,0,0,0,1,0,0,0,0,0,0,0,0,0,0,0,0,0,0,0,2,16,0.017,0.134,923,1,0
0,0,0,0,1,1,0,1,0,0,1,0,0,0,0,0,0,0,0,1,2,13,0.101,0.068,733,2,0
1,1,0,0,0,0,0,1,0,1,0,0,0,0,1,1,1,1,0,0,5,22,0.371,0.345,959,3,1
1,1,0,0,0,0,1,0,0,0,0,0,1,0,0,1,0,1,0,0,3,18,0.311,0.105,205,1,0
0,0,0,0,1,0,0,0,0,0,1,0,0,0,0,0,0,0,0,0,1,15,0.454,0.295,393,1,0
0,0,0,0,0,0,0,0,0,0,1,0,0,0,1,0,0,0,0,0,6,15,0.325,0.425,902,3,0
0,0,0,0,0,0,0,0,0,0,1,0,0,0,0,0,0,0,0,1,4,12,0.221,0.428,769,2,0
0,0,0,0,0,0,0,0,0,1,0,1,0,0,1,1,0,0,0,0,3,15,0.111,0.274,280,2,0
1,0,1,1,0,1,1,0,0,1,0,1,1,0,1,1,0,1,1,0,6,22,0.866,0.718,1487,4,1
1,0,0,0,0,0,1,0,0,0,1,0,0,0,0,0,1,0,0,0,4,18,0.263,0.353,986,3,0
1,0,0,0,1,0,1,0,0,0,0,0,0,0,0,0,0,0,0,1,1,9,0.539,0.054,191,3,0
0,0,1,0,1,1,1,1,1,1,0,1,1,0,1,1,1,0,1,0,12,21,0.572,0.621,1486,2,1
0,0,0,0,0,0,0,0,0,0,0,0,0,0,0,0,0,0,0,0,6,12,0.079,0.277,465,2,0
0,0,1,0,1,1,0,1,0,1,0,0,1,0,0,1,0,1,0,0,3,22,0.776,0.722,1846,3,1
1,0,1,1,0,1,0,0,0,1,1,1,1,0,1,1,0,1,0,0,5,25,0.85,0.911,1905,3,1
1,1,0,0,1,0,0,0,1,0,0,0,0,0,0,0,0,1,0,0,3,11,0.079,0.314,713,3,0
0,0,0,1,1,1,0,1,0,1,1,0,0,0,1,1,0,1,0,0,6,25,0.858,0.397,555,6,1
0,0,0,0,0,0,0,0,0,1,0,0,0,0,1,1,0,1,0,1,5,16,0.102,0.213,637,1,0
0,0,0,0,1,0,1,0,0,0,0,0,0,0,0,0,0,1,0,0,2,18,0.109,0.318,168,2,0
0,0,0,1,1,0,0,0,0,1,0,0,0,0,0,1,1,1,0,0,4,10,0.299,0.541,264,1,0
0,0,0,0,0,1,0,0,0,0,0,0,1,0,1,0,0,1,1,0,1,12,0.122,0.1,809,2,0
0,1,0,0,0,0,0,0,1,0,0,0,0,0,0,0,0,0,0,0,2,11,0.567,0.333,889,3,0
1,0,0,0,1,1,0,0,0,0,1,1,0,0,1,0,1,0,0,0,5,20,0.523,0.744,694,4,1
1,0,1,1,1,0,0,1,0,0,1,0,0,1,1,0,1,1,0,1,7,26,0.595,0.797,2389,7,1
1,0,0,0,0,0,0,0,0,0,0,0,0,0,0,0,0,0,0,0,1,15,0.172,0.077,640,3,0
1,0,0,0,1,0,0,0,0,0,1,0,0,0,1,0,0,0,0,0,2,14,0.009,0.059,861,2,0
0,1,0,0,1,0,1,0,0,1,0,1,0,0,0,0,0,1,0,0,1,20,0.539,0.435,354,3,0
1,1,0,0,1,0,0,0,0,0,1,0,1,0,0,0,0,1,0,0,0,12,0.23,0.049,81,3,0
0,0,0,1,1,1,1,1,1,1,0,0,0,0,1,1,0,1,0,0,2,28,0.635,0.726,267,4,1
0,1,1,1,1,1,0,0,1,0,0,1,0,0,0,0,1,1,0,1,11,18,0.681,0.758,1881,4,1
1,1,1,0,1,1,1,1,0,0,0,1,0,0,1,1,1,1,1,0,8,18,0.602,0.884,1901,2,1
0,1,0,0,1,0,1,1,1,0,1,0,0,1,1,0,0,1,1,0,4,14,0.079,0.119,129,3,0
1,0,0,1,1,1,0,0,1,0,1,1,1,0,1,0,1,1,0,1,9,29,0.709,0.531,1826,7,1
1,0,1,1,0,1,0,0,0,0,1,0,1,0,1,1,1,0,1,0,4,24,0.75,0.585,337,6,1
1,0,0,1,0,0,0,0,0,0,1,0,0,0,0,0,0,0,0,0,5,18,0.281,0.509,915,2,0
0,0,0,0,0,0,0,0,0,0,0,1,0,0,1,1,1,1,1,0,2,11,0.242,0.189,246,1,0
1,1,0,0,1,0,0,0,0,0,1,1,0,1,0,0,1,1,1,0,3,17,0.704,0.471,1297,3,1
1,0,0,0,0,1,0,1,0,1,1,1,0,1,1,0,0,1,0,0,2,16,0.745,0.646,786,4,1
0,0,0,0,1,1,0,0,0,0,1,1,0,0,0,0,0,0,1,0,1,15,0.266,0.166,418,3,0
0,0,0,0,1,0,0,0,0,0,1,0,0,0,0,0,0,1,0,0,2,15,0.323,0.283,652,1,0
0,0,0,0,0,0,0,0,0,0,0,0,0,0,1,0,0,0,0,0,2,12,0.059,0.235,314,2,0
0,0,0,0,1,0,0,0,0,0,0,0,0,0,0,0,0,1,0,0,3,14,0.249,0.075,928,3,0
1,0,0,1,1,0,0,0,0,0,0,0,0,1,0,1,0,0,0,0,6,22,0.178,0.042,931,2,0
1,1,1,1,0,1,1,1,1,0,0,0,1,0,1,1,1,0,0,0,6,19,0.946,0.549,1804,5,1
1,1,0,0,0,0,0,0,0,0,1,0,0,1,1,0,0,0,0,0,2,12,0.507,0.148,572,1,0
0,1,1,0,0,1,0,0,0,0,0,1,0,0,0,0,0,1,1,1,6,14,0.361,0.734,500,3,0
1,0,0,0,1,1,1,1,0,0,0,0,0,0,1,1,1,1,0,1,3,15,0.965,0.657,2128,6,1
0,1,0,1,1,1,0,1,0,0,1,1,0,0,0,0,0,1,1,0,4,17,0.604,0.673,231,5,1
0,0,1,0,1,1,0,1,0,1,1,0,1,0,0,0,0,0,0,0,2,14,0.613,0.316,808,2,0
1,1,0,1,0,0,0,0,0,1,1,0,0,0,0,1,1,1,1,0,5,15,0.382,0.814,1814,4,1
1,0,0,1,0,1,0,0,0,0,1,0,0,0,0,0,0,1,0,0,2,20,0.17,0.126,548,1,0
0,0,0,1,0,0,0,0,0,0,1,0,0,0,1,0,1,0,0,0,2,12,0.34,0.48,361,3,0
1,1,0,0,1,0,0,1,1,1,1,0,1,0,1,0,1,0,1,0,7,26,0.684,0.736,1306,4,1
0,0,0,0,1,0,0,0,0,0,1,0,0,1,0,0,1,0,0,0,7,10,0.233,0.284,266,2,0
1,1,0,1,0,1,1,0,0,0,0,1,1,0,0,0,1,1,1,1,5,29,0.869,0.544,1637,5,1
0,0,0,0,0,0,0,0,0,0,1,0,0,1,0,0,0,1,0,0,1,14,0.207,0.396,765,1,0
0,1,0,0,0,1,0,0,0,1,0,0,0,0,1,1,0,0,0,0,2,18,0.46,0.31,164,1,0
1,0,1,0,0,0,0,1,0,0,0,1,0,0,0,0,0,1,0,0,2,8,0.232,0.091,620,1,0
1,1,1,0,1,1,1,1,1,1,0,1,1,0,0,0,0,1,1,0,4,16,0.89,0.712,1065,2,1
0,1,0,0,1,1,0,0,0,0,0,0,0,0,1,1,0,0,1,1,4,16,0.248,0.795,495,5,1
1,1,0,0,0,0,1,1,0,1,0,1,1,0,1,1,1,0,0,0,3,23,0.71,0.588,1057,4,1
0,0,1,0,0,0,0,0,0,0,1,0,0,0,1,1,0,0,1,1,3,14,0.463,0.093,421,2,0
0,1,0,0,1,0,0,0,0,0,0,0,0,0,0,0,0,0,0,1,2,13,0.291,0.613,300,1,0
0,0,0,0,0,0,0,0,1,0,1,0,0,0,0,0,1,0,1,0,2,12,0.095,0.339,86,2,0
1,1,1,0,0,0,1,1,0,1,1,1,0,0,1,0,1,1,1,0,6,25,0.472,0.797,182,6,1
0,0,0,1,1,1,1,1,1,1,0,1,0,0,1,1,1,1,1,0,4,30,0.874,0.857,2259,4,1
0,1,1,0,0,0,0,0,0,1,0,0,1,0,0,0,0,0,0,0,4,14,0.359,0.416,176,1,0
0,0,0,0,0,0,0,0,0,1,1,0,0,0,1,1,0,1,0,0,3,13,0.354,0.194,387,1,0
1,0,0,0,1,0,1,0,0,0,0,1,0,0,0,0,0,0,1,0,6,18,0.698,0.72,1245,7,1
0,0,0,1,0,0,0,0,0,0,1,0,0,0,0,0,0,0,0,0,2,12,0.384,0.266,674,2,0
1,1,0,1,1,1,0,1,0,0,0,1,1,1,0,0,0,1,1,1,10,25,0.86,0.608,2391,2,1
0,0,0,1,1,0,0,0,0,1,0,0,0,0,0,0,0,0,0,0,3,13,0.238,0.172,813,3,0
0,1,0,0,1,0,0,0,0,0,0,0,0,0,0,1,0,0,1,1,4,15,0.576,0.472,141,2,0
1,1,1,1,1,1,1,0,1,1,0,0,0,0,0,1,0,0,0,0,2,23,0.747,0.393,2200,3,1
0,0,0,1,0,1,0,0,0,0,0,0,0,0,1,0,0,1,0,0,7,16,0.271,0.241,865,1,0
0,0,0,0,0,0,0,0,0,0,0,0,0,0,0,0,0,0,0,1,3,7,0.117,0.178,457,2,0
1,0,0,1,0,1,0,1,0,1,0,0,0,0,0,1,0,1,0,0,4,21,0.895,0.546,1585,7,1
1,0,1,0,0,0,0,0,0,0,0,0,1,0,1,0,0,1,0,0,5,8,0.235,0.248,130,2,0
0,0,0,1,1,1,0,1,0,0,0,0,1,1,1,1,0,1,0,0,6,21,0.475,0.41,1606,5,1
0,0,0,0,1,0,0,0,0,0,0,0,0,0,1,1,0,0,1,0,4,17,0.129,0.137,566,3,0
0,0,0,0,0,0,1,1,0,0,1,1,0,0,1,0,0,1,0,0,0,16,0.554,0.249,838,2,0
0,1,1,1,0,0,1,1,0,1,0,0,0,0,0,0,1,0,0,0,9,17,0.805,0.824,2216,2,1
0,0,0,0,1,0,0,0,0,0,1,0,0,0,0,0,0,1,0,0,2,16,0.745,0.233,945,3,0
1,1,1,1,0,1,0,0,0,1,1,0,1,0,1,0,1,0,0,1,5,19,0.593,0.71,1532,3,1
1,0,0,1,1,0,0,0,0,1,0,0,0,1,0,1,0,1,0,0,7,26,0.946,0.489,2264,3,1
0,0,0,1,0,0,0,1,1,0,0,1,0,0,1,1,1,1,1,0,7,22,0.92,0.802,2050,3,1
0,0,0,1,0,0,1,0,0,1,1,0,0,1,0,0,0,0,0,0,5,17,0.269,0.288,497,2,0
1,1,0,1,0,1,1,1,1,1,0,0,0,0,1,1,0,1,0,0,2,26,0.628,0.707,1207,7,1
1,0,0,0,1,0,0,0,0,0,0,1,0,0,0,0,0,1,0,0,2,12,0.187,0.3,813,3,0
1,0,0,0,0,1,0,1,1,1,1,1,0,0,1,1,1,1,0,1,7,21,0.695,0.278,1952,5,1
1,1,0,0,1,1,0,1,1,1,0,1,1,0,1,1,1,1,0,1,7,16,0.718,0.66,1732,3,1
1,0,0,0,1,1,0,0,0,1,1,1,0,0,0,1,1,1,0,0,6,20,0.675,0.749,2354,4,1
1,0,0,0,0,1,0,0,0,0,0,0,0,0,0,0,1,0,0,0,6,12,0.34,0.254,171,1,0
0,0,1,0,1,0,0,1,0,0,1,0,0,0,0,1,0,1,0,0,4,12,0.1,0.127,305,2,0
1,0,0,1,1,0,0,0,0,1,1,0,0,0,0,1,1,1,0,0,5,17,0.768,0.76,2201,3,1
1,0,0,1,1,0,1,1,0,1,1,1,0,0,1,0,0,1,1,1,6,18,0.917,0.478,2273,4,1
0,0,0,0,0,0,0,0,1,0,1,1,0,0,0,1,1,0,1,1,3,18,0.185,0.783,959,1,0
0,0,0,0,0,0,0,0,0,0,1,0,0,0,0,0,0,1,0,0,7,13,0.404,0.19,570,3,0
1,1,0,1,0,1,1,1,0,0,1,1,1,0,0,1,1,1,1,0,5,27,0.633,0.728,2190,2,1
0,0,1,0,0,0,0,0,0,0,0,0,0,0,0,0,1,1,1,0,3,9,0.203,0.097,760,1,0
1,1,1,1,0,0,0,0,1,0,1,1,1,0,1,1,1,0,0,0,4,25,0.474,0.71,538,5,1
1,0,0,0,0,0,0,0,0,0,0,0,0,1,0,1,0,0,1,0,2,8,0.414,0.441,488,1,0
0,0,0,0,0,0,0,0,0,0,0,1,0,0,1,0,0,1,0,0,1,17,0.04,0.4,81,1,0
1,1,0,0,0,1,0,1,0,1,0,0,0,1,0,1,1,0,0,0,1,24,0.921,0.71,1713,4,1
0,0,1,1,1,0,0,0,0,0,0,0,0,1,0,0,1,1,1,0,6,9,0.067,0.384,715,3,0
0,0,0,0,1,0,0,0,0,0,1,0,0,0,0,1,0,1,0,0,3,13,0.477,0.085,281,3,0
1,0,0,0,0,0,0,0,0,1,1,0,1,0,0,1,0,0,1,0,6,14,0.51,0.333,531,1,0
1,0,0,0,1,0,0,0,1,0,1,0,0,0,0,0,0,0,1,0,2,16,0.582,0.243,799,2,0
1,1,1,1,1,0,0,1,0,1,0,1,1,0,1,0,0,1,1,0,5,22,0.927,0.637,312,2,1
0,0,0,0,1,0,0,1,0,0,0,0,0,0,1,0,1,0,0,1,3,15,0.386,0.264,316,3,0
1,0,0,0,1,0,0,0,0,0,1,1,0,0,1,0,1,1,0,0,4,17,0.322,0.093,560,2,0
0,0,0,0,0,0,0,0,0,1,0,0,0,0,0,0,0,0,0,0,6,7,0.262,0.47,202,2,0
0,0,0,0,0,0,0,1,0,0,0,0,1,0,0,0,0,0,0,1,1,6,0.375,0.224,460,3,0
1,0,0,0,1,0,0,0,0,0,0,0,0,0,0,0,1,1,0,0,4,23,0.383,0.041,784,3,0
1,0,0,1,1,0,0,1,0,1,0,0,0,0,1,0,0,1,0,0,1,10,0.353,0.375,754,2,0
1,0,1,1,1,0,0,1,1,1,1,0,0,0,0,1,1,1,0,1,8,16,0.574,0.791,2265,6,1
0,0,0,0,0,1,0,0,0,0,0,0,0,0,0,0,0,0,0,0,3,12,0.448,0.035,925,3,0
0,1,0,0,1,1,1,0,0,1,1,1,0,0,1,0,0,1,1,0,8,21,0.684,0.669,2022,4,1
1,1,0,0,1,0,0,0,1,0,0,0,0,0,1,0,0,1,0,0,2,17,0.27,0.672,107,2,0
1,0,0,0,1,0,0,0,0,0,1,1,1,0,1,0,0,0,0,0,4,12,0.333,0.314,266,3,0
0,0,0,0,0,0,0,0,0,0,0,1,0,0,1,0,0,0,0,0,3,13,0.479,0.31,469,3,0
1,1,1,1,1,1,1,0,1,0,1,0,0,0,1,1,1,1,1,1,9,14,0.801,0.696,517,2,1
1,0,0,0,1,0,0,0,0,0,1,0,0,0,1,0,0,1,0,0,3,17,0.21,0.171,527,3,0
1,0,0,1,0,0,0,0,0,0,1,1,0,0,0,0,0,0,0,0,4,11,0.187,0.172,637,1,0
1,0,0,1,0,0,0,1,0,0,1,0,0,0,1,1,1,1,1,0,0,19,0.835,0.704,2205,4,1
1,1,0,0,0,0,1,1,0,0,0,0,0,0,1,0,0,0,0,0,2,10,0.131,0.329,679,1,0
0,0,0,0,0,0,0,0,1,0,1,0,1,0,0,0,0,0,0,1,4,24,0.492,0.441,87,3,0
1,0,0,0,1,0,0,0,0,0,0,0,1,0,0,0,0,0,0,0,1,13,0.168,0.295,288,1,0
1,0,0,0,0,1,1,0,0,1,1,0,1,0,0,1,1,0,0,1,7,15,0.902,0.877,769,3,1
0,0,1,0,1,0,0,0,0,1,0,1,0,0,0,0,0,0,0,0,2,6,0.161,0.083,179,3,0
0,0,0,1,0,0,0,0,0,0,0,0,0,0,0,0,0,0,0,0,2,16,0.192,0.335,500,3,0
1,0,0,0,1,0,0,0,1,0,0,0,0,0,1,0,0,1,0,0,2,8,0.181,0.487,196,3,0
1,0,0,1,0,0,0,0,0,0,1,0,0,0,0,0,1,0,0,0,3,13,0.186,0.09,406,2,0
1,0,1,1,1,1,0,1,0,1,0,1,0,0,1,0,1,1,1,0,1,23,0.788,0.814,1815,2,1
0,0,1,0,0,0,0,0,1,0,1,0,0,0,0,1,0,0,0,0,4,14,0.128,0.367,232,2,0
1,1,1,1,0,0,1,0,0,1,1,0,1,1,1,1,1,1,1,0,8,20,0.342,0.945,2082,5,1
1,1,1,0,0,1,0,1,0,1,0,1,0,0,0,1,1,1,1,1,6,20,0.801,0.333,994,6,1
1,0,0,0,0,0,0,0,0,0,0,0,0,0,0,0,0,1,0,0,3,13,0.128,0.13,681,3,0
1,1,0,0,1,1,0,0,0,1,0,1,1,0,1,0,1,0,1,0,7,19,0.52,0.684,928,5,1
0,0,1,1,1,0,0,0,0,0,1,0,0,0,0,1,1,1,0,1,2,9,0.678,0.057,906,3,0
1,0,0,1,1,1,0,0,1,0,1,1,0,0,0,0,1,0,0,0,2,11,0.263,0.581,964,1,0
0,0,1,1,0,0,0,0,0,0,0,0,0,0,0,0,0,0,0,1,1,14,0.635,0.462,922,3,0
0,0,0,0,0,0,1,0,0,0,0,0,0,0,0,0,0,1,0,0,4,13,0.034,0.171,585,2,0
0,0,0,0,0,0,0,0,0,1,0,0,0,0,0,0,0,1,0,0,2,10,0.112,0.075,959,1,0
1,0,0,1,0,1,1,1,0,1,1,1,1,0,1,0,0,0,1,0,7,22,0.85,0.678,1109,7,1
1,1,0,1,0,0,0,0,0,0,1,1,1,0,0,0,1,1,1,0,9,15,0.763,0.433,770,5,1
0,1,1,1,1,1,0,1,1,0,0,1,0,0,1,1,1,1,0,0,4,27,0.629,0.848,1177,3,1
1,1,0,0,1,0,0,0,0,1,0,0,0,0,0,0,0,0,0,0,2,7,0.372,0.158,949,2,0
1,0,1,1,0,1,0,1,1,1,0,1,1,1,0,1,0,1,0,0,6,30,0.456,0.831,561,2,1
0,1,1,0,1,1,0,0,1,0,1,1,1,0,0,1,1,1,0,0,11,22,0.687,0.619,2253,5,1
1,1,0,1,1,1,0,1,0,0,1,0,0,0,1,1,1,1,1,0,9,16,0.575,0.903,203,2,1
1,0,1,0,0,0,0,0,0,1,0,0,0,0,0,0,0,0,0,0,8,14,0.095,0.576,805,2,0
0,0,1,0,0,0,0,0,0,0,0,0,1,0,0,1,0,0,0,0,1,15,0.093,0.154,208,2,0
1,0,0,0,0,0,0,0,0,1,0,1,0,0,0,0,0,0,0,0,3,11,0.087,0.393,774,3,0
0,0,0,0,0,0,0,0,0,0,0,0,0,0,0,0,0,1,0,1,2,13,0.421,0.229,766,3,0
0,0,1,0,1,0,0,0,0,0,0,1,0,0,0,0,0,0,0,0,2,10,0.28,0.2,649,3,0
1,1,1,1,1,1,1,1,0,0,1,0,1,0,0,0,1,1,0,0,6,23,0.864,0.565,1226,6,1
0,0,0,0,0,0,0,0,0,0,0,1,1,0,0,0,1,1,1,0,3,17,0.431,0.257,751,1,0
0,0,0,1,0,0,0,1,0,0,0,0,1,1,1,1,0,1,0,0,6,14,0.24,0.194,239,1,0
0,0,0,0,0,0,0,1,0,1,1,0,0,0,0,1,0,1,0,0,2,16,0.23,0.161,695,3,0
0,1,0,0,0,0,0,0,0,0,0,0,0,0,1,0,0,0,0,0,2,16,0.336,0.111,717,1,0
1,0,1,0,0,0,0,1,0,1,0,0,0,0,1,0,1,0,1,0,2,25,0.886,0.59,2194,3,1
0,0,0,0,1,1,0,0,0,0,0,0,1,0,1,0,1,0,0,0,6,22,0.417,0.092,755,1,0
1,1,1,1,1,0,1,1,0,1,1,1,1,0,1,1,0,1,1,0,4,24,0.439,0.732,2078,5,1
0,0,1,0,1,0,1,0,0,1,1,1,0,0,0,1,1,1,1,0,10,22,0.487,0.345,521,6,1
0,0,0,0,1,0,0,0,1,1,1,0,0,0,1,1,0,0,0,0,4,18,0.347,0.142,586,3,0
1,1,0,1,1,0,1,0,0,1,1,0,1,1,0,1,0,0,0,0,8,27,0.803,0.843,171,7,1
0,1,0,1,0,1,0,1,0,0,0,0,0,0,1,0,0,1,0,0,3,10,0.149,0.228,732,3,0
0,0,0,0,1,0,0,0,0,0,1,0,1,0,0,0,0,0,0,0,4,13,0.442,0.271,614,2,0
1,0,0,1,0,1,0,1,1,1,1,0,0,0,1,1,1,1,0,0,6,24,0.53,0.877,1073,2,1
1,0,1,0,1,1,1,1,1,0,1,0,0,0,1,1,1,1,0,0,6,20,0.467,0.571,1327,7,1
0,0,0,0,1,0,0,0,0,0,0,0,0,0,1,0,0,1,0,0,3,8,0.519,0.142,888,1,0
1,0,0,0,0,0,0,0,0,0,0,0,0,0,1,0,1,0,0,0,5,19,0.195,0.187,713,3,0
0,0,0,0,1,0,0,1,0,0,0,0,0,0,0,0,0,0,0,0,4,13,0.051,0.327,301,3,0
1,1,0,0,1,0,0,0,0,1,0,0,0,0,0,0,0,1,0,1,6,20,0.505,0.591,592,4,1
1,0,0,0,1,0,0,1,0,0,0,0,0,0,0,1,1,0,0,1,0,11,0.544,0.101,961,3,0
0,0,0,1,0,0,0,0,0,0,0,0,0,0,0,0,0,1,1,0,3,11,0.429,0.163,976,2,0
0,0,0,0,0,0,0,0,1,0,0,0,0,0,0,1,0,1,0,1,3,15,0.1,0.146,778,1,0
0,0,0,0,1,0,0,0,0,0,0,1,0,0,0,0,0,0,0,1,7,11,0.408,0.241,849,3,0
1,0,0,1,1,1,1,0,1,1,0,0,1,0,1,0,1,1,0,0,10,21,0.763,0.914,1713,4,1
0,0,0,0,0,0,1,0,1,0,1,0,0,0,0,0,0,0,0,0,5,11,0.262,0.332,138,1,0
1,0,0,0,0,0,0,0,0,0,0,0,0,0,1,0,0,0,0,0,4,12,0.37,0.142,320,3,0
0,0,0,0,0,0,0,0,0,0,0,0,1,0,1,0,0,1,0,0,2,19,0.33,0.36,490,2,0
0,0,0,1,1,0,0,0,0,1,0,0,1,0,0,0,0,0,0,0,4,9,0.11,0.198,854,2,0
0,0,1,0,1,1,1,1,0,0,1,1,1,0,0,1,1,1,0,1,6,28,0.625,0.132,1194,6,1
1,0,0,0,1,0,0,0,1,1,0,1,0,0,1,1,0,1,0,0,3,18,0.5,0.68,1600,3,1
1,0,0,0,1,0,0,1,0,1,0,0,1,0,0,0,0,0,0,0,3,24,0.772,0.895,801,6,1
0,0,1,0,1,1,1,1,1,0,0,1,0,0,0,1,1,1,1,0,3,21,0.823,0.995,711,4,1
0,0,0,0,0,1,0,0,0,0,0,1,0,0,0,1,0,1,0,0,1,15,0.295,0.064,321,1,0
1,0,0,0,1,0,1,1,0,1,0,1,0,0,1,1,0,1,0,0,3,28,0.603,0.357,214,4,1
0,0,1,0,0,0,0,0,1,0,0,0,0,0,0,0,0,1,0,0,3,4,0.405,0.177,551,3,0
1,1,0,0,0,0,1,1,1,0,1,0,0,0,1,0,0,0,0,0,2,18,0.37,0.204,644,1,0
0,1,0,0,0,0,0,0,0,0,0,0,0,0,0,1,0,1,1,0,4,14,0.181,0.373,80,1,0
0,0,0,0,0,0,0,0,0,0,1,0,1,1,0,1,1,0,0,0,1,9,0.508,0.215,371,3,0
1,1,1,1,1,1,1,1,1,0,0,1,1,0,1,1,1,1,1,0,8,20,0.917,0.826,1597,7,1
1,0,1,0,1,1,0,1,1,0,0,1,1,0,1,1,0,0,1,0,4,9,0.399,0.55,126,2,0
1,0,0,0,1,0,0,0,0,0,0,0,0,0,1,0,0,0,0,1,2,16,0.134,0.14,352,1,0
0,0,0,0,0,1,1,0,0,1,0,0,1,0,0,1,0,0,0,0,4,23,0.091,0.045,534,3,0
1,1,0,0,0,0,0,0,0,0,1,1,1,0,0,0,1,0,0,0,3,10,0.174,0.147,888,3,0
0,0,1,1,0,0,0,0,0,0,0,0,1,0,0,0,0,0,0,1,1,12,0.289,0.36,166,2,0
1,1,0,1,0,0,0,0,0,0,1,1,1,0,0,1,1,1,1,1,11,24,0.28,0.874,506,5,1
1,0,0,0,0,0,0,0,0,0,0,0,0,0,0,1,0,1,0,0,1,14,0.096,0.28,493,2,0
0,0,0,0,1,0,0,0,0,0,1,1,0,0,0,0,0,1,1,0,6,18,0.043,0.114,770,2,0
1,1,0,1,0,1,0,1,0,0,0,0,1,0,0,1,1,0,0,0,1,9,0.373,0.31,148,3,0
1,0,0,0,1,1,0,1,0,1,0,0,0,1,0,1,1,1,0,0,4,26,0.828,0.907,2019,4,1
1,0,0,1,1,0,1,0,0,0,1,1,1,0,0,1,1,1,1,0,5,23,0.537,0.953,2133,6,1
1,0,0,1,0,1,0,1,0,0,0,0,1,0,1,0,1,1,0,0,4,14,0.042,0.698,154,1,0
0,1,0,1,1,1,0,1,0,1,1,1,0,0,1,0,0,1,0,0,4,35,0.665,0.927,1844,3,1
0,0,0,0,0,0,0,0,0,0,0,1,0,0,0,1,0,1,0,0,0,10,0.471,0.542,655,3,0
0,0,0,1,0,1,0,0,1,0,1,0,0,0,0,1,0,0,0,0,2,10,0.33,0.247,442,3,0
0,0,1,0,1,1,0,0,1,0,1,1,0,0,0,1,0,0,0,0,4,9,0.048,0.412,842,2,0
1,1,0,0,1,1,0,0,1,1,0,0,1,0,0,0,0,1,0,0,3,23,0.559,0.739,463,4,1
1,1,1,0,0,1,1,0,0,1,0,1,0,1,0,0,0,0,0,0,6,25,0.904,0.574,1585,7,1
0,1,0,0,0,0,0,0,0,0,0,0,0,0,0,0,0,0,1,0,2,14,0.413,0.193,415,2,0
1,0,0,1,0,0,0,0,0,0,1,0,0,0,1,0,0,0,0,0,3,17,0.535,0.352,101,1,0
0,0,0,0,1,0,0,0,0,0,0,0,1,0,0,0,0,0,0,1,3,12,0.503,0.139,720,3,0
1,0,0,1,1,1,0,1,0,1,0,1,0,0,0,1,0,1,0,1,10,22,0.805,0.496,1793,3,1
0,0,0,0,1,0,0,1,0,1,0,0,1,0,1,1,1,0,1,0,6,19,0.724,0.553,1055,3,1
1,0,1,1,0,0,0,1,0,0,0,0,0,1,1,0,0,0,0,1,4,19,0.913,0.582,714,7,1
1,0,1,0,1,0,1,0,0,1,0,0,0,0,0,1,1,1,1,0,5,20,0.504,0.945,1774,4,1
1,0,1,1,1,0,0,0,0,0,0,0,0,0,0,0,0,0,1,0,1,12,0.451,0.403,453,3,0
0,0,0,0,1,0,1,0,0,0,0,0,1,0,0,0,0,0,0,0,6,15,0.105,0.226,945,3,0
1,0,0,0,0,0,0,1,1,0,0,0,1,0,0,0,0,0,0,0,3,12,0.244,0.281,970,3,0
1,0,0,0,1,1,0,1,0,1,1,0,0,0,1,0,1,1,1,0,6,12,0.964,0.291,817,3,1
0,0,0,0,1,0,0,0,0,1,0,0,0,0,0,1,0,0,0,0,9,23,0.674,0.564,1732,7,1
1,1,0,1,1,1,0,1,1,0,1,0,1,0,0,1,0,1,0,1,10,19,0.828,0.544,1678,3,1
0,0,0,0,1,1,0,0,0,0,1,0,0,0,1,0,0,1,1,0,2,13,0.155,0.573,153,2,0
0,0,1,0,1,1,0,1,0,0,1,0,0,0,0,0,0,1,1,0,4,13,0.335,0.359,356,2,0
1,1,0,1,1,0,0,1,0,0,0,0,0,0,1,0,1,0,1,0,5,16,0.615,0.72,1964,4,1
0,0,0,1,1,0,0,1,0,0,1,0,0,0,0,0,1,0,1,0,7,19,0.656,0.762,1885,3,1
0,0,0,0,1,0,0,0,0,1,0,0,0,0,0,1,0,0,0,0,1,10,0.152,0.126,253,1,0
0,0,0,0,1,0,1,1,0,0,0,0,1,0,0,0,0,1,1,0,3,13,0.184,0.29,874,2,0
0,0,0,0,0,0,0,0,0,0,0,0,0,0,1,0,0,0,0,0,5,15,0.117,0.464,95,1,0
0,0,1,1,1,1,0,0,0,0,0,0,0,0,0,0,0,0,0,0,2,10,0.426,0.451,731,1,0
0,0,1,0,1,1,0,0,0,0,1,0,0,0,0,1,0,0,0,0,3,9,0.11,0.454,946,3,0
0,0,1,1,0,0,0,0,0,0,0,0,0,0,1,0,0,1,0,0,3,13,0.206,0.071,402,1,0
0,1,0,0,0,1,0,0,0,0,1,0,0,0,0,0,0,0,0,0,3,8,0.078,0.228,675,1,0
0,0,0,0,0,0,0,1,0,1,1,1,0,1,0,0,1,0,0,0,2,12,0.154,0.084,121,2,0
1,0,0,0,1,1,0,0,0,0,0,1,0,0,0,1,0,0,0,0,6,16,0.677,0.22,239,3,0
1,0,0,0,1,0,1,0,0,0,0,0,1,0,1,0,0,0,0,0,1,12,0.178,0.212,885,1,0
0,1,0,1,1,0,0,0,0,1,0,0,0,0,0,0,1,1,0,0,1,19,0.195,0.643,324,2,0
1,1,1,0,1,0,0,1,0,1,1,0,1,0,0,1,1,1,0,1,10,21,0.709,0.698,789,3,1
1,1,0,1,1,0,0,1,0,1,0,1,0,0,1,1,0,1,0,0,8,21,0.36,0.185,1246,7,1
0,0,0,0,0,0,0,0,0,0,0,0,0,0,1,1,0,0,0,1,1,13,0.318,0.083,966,2,0
0,1,1,0,1,0,0,0,0,0,0,0,0,0,0,0,0,1,0,0,1,14,0.422,0.33,247,2,0
1,0,1,1,0,1,1,1,0,0,1,1,0,0,0,1,1,1,0,0,12,21,0.819,0.695,807,7,1
0,0,0,0,0,0,0,0,0,0,0,1,0,0,1,1,0,0,0,0,1,14,0.387,0.427,393,2,0
0,0,1,0,0,0,1,1,1,0,1,1,0,0,1,0,0,1,0,0,1,19,0.195,0.309,710,3,0
1,1,0,1,1,1,0,1,0,0,1,0,1,0,1,0,0,1,0,0,5,24,0.871,0.738,1633,5,1
0,0,0,1,0,0,1,0,1,1,0,0,0,0,1,0,1,1,0,0,2,10,0.067,0.256,579,1,0
1,0,0,0,1,1,1,0,0,0,0,0,0,0,1,1,0,0,0,0,3,8,0.339,0.219,291,3,0
1,0,0,0,1,0,0,0,0,0,0,0,0,0,0,0,0,0,0,0,3,15,0.18,0.151,586,3,0
0,0,0,0,1,0,0,0,0,0,0,1,0,0,1,0,0,1,0,0,1,10,0.548,0.178,329,1,0
0,0,0,0,0,1,1,0,1,0,0,0,1,0,0,1,0,1,0,0,6,10,0.14,0.041,893,3,0
1,0,0,0,0,0,0,0,0,0,0,0,0,0,1,0,1,1,0,0,3,20,0.183,0.538,828,3,0
1,0,0,0,0,0,0,0,0,1,0,0,0,0,1,0,0,0,0,0,5,14,0.232,0.219,146,2,0
1,1,1,0,0,1,1,0,0,1,0,1,0,0,1,1,0,0,0,0,3,25,0.967,0.847,1892,7,1
0,0,0,1,0,0,0,0,0,0,0,0,0,1,0,0,0,1,0,0,3,13,0.407,0.259,845,2,0
0,0,0,0,0,1,0,1,0,0,1,1,0,0,0,0,1,1,0,0,4,14,0.306,0.33,808,2,0
0,0,0,0,1,0,1,0,0,0,1,1,0,1,0,0,0,0,1,0,3,6,0.45,0.379,496,3,0
1,0,0,1,1,0,1,1,1,1,1,0,0,0,0,1,1,1,1,0,7,20,0.79,0.259,1304,4,1
0,0,1,0,0,0,0,0,0,0,1,0,1,0,1,0,1,1,0,0,4,16,0.316,0.385,593,3,0
0,0,1,0,1,0,0,1,0,0,1,0,0,1,0,0,1,1,0,0,3,11,0.139,0.36,345,3,0
0,0,0,1,1,0,1,1,0,0,1,0,0,0,1,0,1,0,1,0,2,20,0.267,0.204,267,2,0
1,0,1,0,1,0,0,0,0,0,1,0,0,0,1,0,0,0,0,1,2,7,0.305,0.234,769,3,0
1,1,0,0,0,0,0,0,0,0,0,0,0,0,1,0,1,0,0,0,4,11,0.045,0.417,235,2,0
0,0,0,1,0,0,0,0,0,1,0,0,0,0,0,0,1,0,1,0,3,12,0.682,0.177,472,2,0
0,0,0,0,0,0,0,0,0,0,0,0,0,0,0,0,0,1,1,0,5,10,0.355,0.518,737,3,0
1,0,0,0,1,0,0,0,0,1,1,0,0,0,1,0,0,0,0,0,2,15,0.236,0.252,967,3,0
0,0,0,0,0,0,0,0,0,1,0,0,0,0,0,0,0,0,0,0,4,10,0.559,0.32,326,1,0
0,1,1,0,0,0,1,0,0,1,0,1,0,0,0,1,0,1,0,0,3,11,0.345,0.327,239,1,0
0,0,0,1,1,0,0,0,0,1,0,1,1,0,1,1,0,1,0,1,5,24,0.676,0.279,733,3,1
1,0,0,0,0,0,1,0,0,0,0,0,0,0,0,0,0,1,0,0,1,9,0.071,0.245,971,2,0
1,0,0,0,1,0,0,0,1,0,0,0,0,0,0,0,0,0,0,0,1,16,0.205,0.595,166,2,0
1,0,0,0,0,0,0,0,0,0,0,1,1,0,0,0,0,0,0,0,4,14,0.117,0.174,338,3,0
0,0,0,0,0,0,0,0,0,1,1,0,0,0,0,0,1,0,0,0,1,12,0.179,0.301,154,1,0
0,1,0,0,0,0,0,1,0,0,0,0,0,0,0,1,0,1,0,1,2,13,0.171,0.569,440,1,0
0,0,0,0,0,1,1,0,0,0,1,0,1,0,1,0,1,0,0,0,4,15,0.455,0.413,641,2,0
0,0,1,0,1,0,0,0,0,0,0,0,0,0,1,1,0,1,0,0,7,12,0.117,0.196,704,1,0
1,1,0,0,0,0,0,0,0,0,0,0,0,1,1,0,0,0,0,1,1,7,0.423,0.074,605,3,0
0,0,0,0,0,0,0,0,0,1,0,0,0,0,0,0,0,0,1,0,5,14,0.307,0.234,656,1,0
0,1,0,0,1,0,0,0,0,0,1,1,0,0,0,1,0,0,1,0,3,16,0.241,0.286,869,2,0
1,0,1,0,1,0,0,0,1,1,0,0,0,0,1,0,0,0,0,0,2,16,0.216,0.158,252,3,0
0,1,0,1,0,0,1,1,0,1,0,0,0,1,1,1,1,1,1,1,6,28,0.541,0.915,771,6,1
1,0,0,0,1,1,0,0,0,0,1,0,1,0,1,0,0,0,0,0,1,19,0.377,0.274,187,1,0
1,1,0,1,1,1,1,0,0,0,0,1,0,0,1,0,0,1,0,0,5,29,0.278,0.901,472,4,1
0,1,0,0,1,0,0,0,0,0,0,0,1,0,0,0,0,1,0,0,1,13,0.206,0.141,700,3,0
1,1,0,1,1,1,1,0,1,0,1,0,0,0,0,1,0,1,1,0,7,24,0.903,0.635,2284,5,1
1,0,0,0,1,0,1,0,0,1,0,1,0,1,1,1,0,1,0,0,6,22,0.892,0.767,715,4,1
1,0,0,0,1,0,0,1,0,1,0,1,0,1,0,0,0,0,0,0,4,18,0.109,0.235,504,2,0
0,0,0,0,0,0,1,0,1,0,0,0,0,0,0,0,1,1,0,0,3,16,0.445,0.222,704,1,0
1,1,1,1,0,0,0,0,0,0,1,0,0,0,0,1,1,1,0,1,4,26,0.762,0.831,326,4,1
0,1,1,0,0,0,0,0,1,0,1,0,0,0,0,0,0,0,1,0,3,15,0.28,0.371,143,1,0
0,1,0,0,0,1,1,0,0,0,1,1,0,0,1,1,0,0,0,0,4,12,0.262,0.178,292,3,0
1,0,0,0,1,0,0,0,0,0,1,0,1,0,0,0,0,0,0,0,5,14,0.169,0.523,888,2,0
1,0,0,0,1,0,1,0,0,0,0,0,0,0,0,0,0,0,0,0,6,19,0.129,0.735,557,3,0
0,0,0,0,1,0,0,0,0,0,0,1,0,0,0,0,0,0,0,0,2,18,0.322,0.515,118,1,0
1,0,0,0,1,1,0,0,0,1,0,0,0,0,1,0,0,1,0,0,3,8,0.46,0.135,205,3,0
0,0,0,0,0,1,0,1,1,1,1,1,1,0,0,0,1,1,1,0,5,19,0.723,0.82,532,5,1
0,1,0,0,1,0,1,1,0,1,1,0,0,0,0,1,1,1,1,1,9,15,0.725,0.731,156,6,1
0,0,0,0,0,0,0,0,0,0,0,0,0,0,1,1,0,1,0,0,3,10,0.152,0.29,860,2,0
0,0,0,0,0,0,1,0,0,0,0,0,0,0,0,0,0,1,1,0,1,15,0.283,0.33,763,2,0
1,0,0,1,1,1,0,0,0,1,1,0,1,0,0,0,1,1,0,0,5,23,0.818,0.517,1607,4,1
0,0,0,0,0,0,0,0,0,0,0,0,1,0,1,1,1,1,0,0,3,10,0.35,0.511,656,2,0
1,1,1,0,0,0,0,0,0,0,1,0,0,0,1,0,1,0,0,0,3,12,0.265,0.199,310,2,0
0,0,0,1,1,0,0,0,0,0,1,0,0,0,1,0,1,1,0,1,5,15,0.158,0.143,94,2,0
0,0,1,0,1,0,0,0,0,1,1,0,1,1,0,0,0,1,0,1,2,11,0.158,0.374,688,3,0
1,1,0,0,1,0,1,0,0,0,0,0,1,0,0,1,0,0,0,0,7,17,0.474,0.552,403,1,0
0,0,0,0,0,0,0,0,0,0,1,0,0,0,1,0,0,0,0,0,2,12,0.373,0.127,864,1,0
1,1,0,1,1,1,0,0,0,0,0,1,1,0,0,1,0,0,1,1,1,18,0.434,0.458,695,3,0
0,1,0,0,1,0,0,0,0,0,1,0,0,0,1,0,1,0,0,0,2,15,0.174,0.121,552,2,0
0,0,0,0,0,0,0,0,0,0,1,0,0,0,1,0,0,0,0,0,6,16,0.151,0.07,553,3,0
0,0,1,0,0,0,0,0,0,0,1,0,0,0,0,0,0,0,0,0,0,18,0.134,0.194,923,2,0
1,1,0,1,1,1,0,1,0,1,0,0,1,0,1,1,1,1,0,1,7,22,0.853,0.42,2068,2,1
0,0,1,0,0,0,1,0,0,1,0,0,1,0,1,0,0,0,0,0,4,9,0.252,0.177,156,1,0
0,0,0,0,0,0,0,0,0,0,0,0,0,0,1,1,0,0,0,0,4,18,0.197,0.365,790,2,0
0,1,1,0,1,0,1,1,0,1,1,0,0,0,1,1,1,1,0,1,6,17,0.804,0.8,1338,5,1
0,0,0,1,0,0,0,0,0,0,0,1,0,0,0,0,0,0,1,1,2,16,0.257,0.191,949,1,0
0,0,0,0,0,0,0,0,0,0,0,0,1,0,0,0,1,0,1,1,2,15,0.47,0.165,156,2,0
0,1,0,0,1,0,0,0,0,0,0,0,1,0,0,0,0,1,0,0,2,15,0.193,0.148,819,2,0
0,0,0,0,1,0,0,0,0,1,1,0,0,0,1,1,0,0,0,0,1,16,0.311,0.112,722,2,0
0,0,0,0,1,1,0,0,0,0,1,0,0,0,1,0,1,1,0,0,3,16,0.478,0.18,527,2,0
0,0,0,0,0,0,0,0,0,0,1,1,0,0,0,0,0,0,0,0,2,13,0.132,0.49,783,3,0
1,0,0,0,0,0,1,0,0,0,1,0,0,0,1,0,0,0,1,1,2,14,0.317,0.317,390,3,0
0,0,0,0,1,0,0,0,0,0,0,1,1,0,1,0,0,0,0,1,3,10,0.269,0.371,939,2,0
1,0,1,0,1,0,0,0,0,0,1,0,1,0,0,1,0,1,1,0,5,9,0.198,0.069,933,3,0
1,0,0,1,1,0,1,1,0,1,0,0,1,0,1,0,0,1,1,0,3,25,0.446,0.728,2208,7,1
0,0,0,0,0,1,0,1,0,0,0,1,0,0,0,0,1,0,0,1,1,12,0.269,0.567,560,2,0
1,1,0,1,1,1,0,1,0,1,0,1,0,0,0,0,1,1,1,0,1,31,0.675,0.359,1965,3,1
1,0,0,1,1,0,0,0,0,0,0,0,0,0,0,0,0,0,0,0,3,17,0.26,0.245,645,3,0
0,1,0,0,1,0,0,0,0,0,0,0,0,0,0,0,0,1,0,0,3,12,0.091,0.204,585,3,0
1,1,0,0,0,0,0,0,0,0,0,0,0,0,0,0,0,0,0,0,4,8,0.294,0.409,265,1,0
1,1,1,1,0,1,0,0,0,0,1,0,0,1,1,1,1,1,0,1,7,24,0.584,0.298,146,2,1
0,0,0,0,1,1,0,0,1,1,0,0,0,0,0,0,0,0,0,0,8,11,0.148,0.206,892,2,0
0,1,0,0,0,0,1,0,0,1,0,0,1,0,1,1,0,1,0,0,3,19,0.231,0.13,681,1,0
1,1,0,1,1,0,0,1,0,1,1,0,0,0,0,1,1,1,0,1,5,28,0.908,0.587,782,2,1
0,0,0,1,0,0,0,0,0,0,1,0,0,1,0,1,0,1,0,0,1,11,0.143,0.66,524,3,0
0,0,1,0,1,0,0,0,0,0,0,0,0,1,0,1,0,1,0,0,0,20,0.117,0.213,273,2,0
0,1,0,0,1,0,0,0,0,1,0,0,0,0,1,1,0,1,0,0,3,9,0.183,0.33,549,1,0
1,0,0,1,1,0,1,1,0,0,1,1,0,0,1,0,0,1,0,0,4,24,0.794,0.602,1694,6,1
0,0,0,0,0,0,0,0,0,0,1,0,0,0,1,0,0,0,1,0,1,18,0.534,0.146,950,3,0
0,1,0,0,0,1,0,0,0,1,1,0,0,0,0,0,1,1,0,0,1,17,0.599,0.299,534,2,0
1,0,0,0,1,0,0,0,0,1,1,1,0,1,0,0,0,0,0,0,2,20,0.039,0.732,764,2,0
1,1,1,1,1,0,1,1,0,0,1,1,0,0,1,1,0,1,0,1,6,14,0.625,0.52,2357,5,1
1,0,0,1,1,1,0,1,1,0,1,0,0,0,1,1,1,0,0,0,9,26,0.705,0.45,1161,2,1
1,0,0,0,1,1,0,1,1,1,0,0,1,1,1,0,1,0,1,0,10,28,0.761,0.478,1434,6,1
1,0,1,0,1,0,0,1,0,0,0,1,0,0,0,0,1,0,0,0,4,8,0.439,0.333,376,1,0
1,0,0,1,1,1,0,1,0,0,0,0,0,0,1,0,0,1,0,0,7,23,0.48,0.743,325,6,1
1,0,1,0,1,0,0,1,0,0,1,0,1,0,0,1,1,0,1,1,2,13,0.493,0.761,618,3,0
0,1,0,0,0,0,0,0,0,0,0,0,0,0,1,1,1,1,0,0,1,14,0.167,0.676,506,3,0
1,1,1,0,1,1,0,1,0,1,0,1,0,0,0,1,1,0,0,0,3,24,0.599,0.701,1046,5,1
0,1,0,0,0,1,1,0,1,0,0,0,0,0,0,0,0,1,0,0,2,21,0.165,0.087,971,3,0
1,0,0,1,1,1,0,0,0,0,1,1,0,0,1,1,1,1,0,0,6,23,0.808,0.207,399,7,1
1,0,0,1,1,0,0,0,1,1,0,1,0,0,1,0,0,1,0,0,2,13,0.184,0.37,226,2,0
0,0,0,0,0,0,1,0,0,0,0,1,0,0,0,0,0,1,0,0,3,12,0.186,0.277,575,3,0
0,0,1,0,0,1,0,0,0,0,0,0,0,1,1,0,0,1,0,0,7,11,0.289,0.572,781,3,0
1,1,0,0,1,0,0,1,0,1,0,0,1,0,0,1,1,0,0,1,8,21,0.901,0.589,826,2,1
0,0,1,0,1,1,1,1,1,0,1,1,0,0,1,1,0,1,1,0,2,26,0.948,0.775,1190,7,1
1,0,0,0,1,0,0,0,0,0,0,0,0,0,0,1,0,0,0,1,1,14,0.335,0.248,349,3,0
1,1,1,1,1,0,0,1,0,1,0,1,0,0,1,1,1,0,1,0,2,40,0.816,0.819,517,7,1
0,0,0,0,1,0,0,1,0,0,0,0,1,0,0,0,0,0,1,1,2,13,0.494,0.095,957,2,0
1,0,1,1,1,0,0,0,1,0,1,0,0,0,0,0,0,0,0,1,1,16,0.178,0.54,244,1,0
0,0,0,0,0,0,0,0,0,0,0,0,0,0,1,0,0,1,0,0,4,18,0.126,0.021,397,3,0
0,0,0,1,0,0,0,0,0,0,0,0,0,0,0,0,0,0,0,0,2,7,0.176,0.294,304,1,0
1,1,0,1,1,1,0,0,0,1,0,1,0,0,1,1,0,1,1,1,11,22,0.926,0.728,141,5,1
1,1,1,1,1,1,0,1,0,0,1,1,1,0,0,1,0,0,1,0,7,16,0.599,0.932,389,4,1
1,0,0,1,0,1,0,0,0,0,0,1,0,1,1,0,1,1,1,1,5,18,0.781,0.736,2270,3,1
1,0,0,0,0,0,1,0,0,0,0,0,0,1,0,0,1,1,0,0,4,9,0.125,0.332,357,2,0
0,0,0,0,0,0,1,0,0,0,1,1,1,0,0,1,0,1,1,0,3,15,0.336,0.233,821,2,0
0,0,1,0,1,0,0,0,0,1,1,1,0,0,0,0,1,0,0,0,8,10,0.274,0.441,923,1,0
0,0,0,0,1,0,1,1,1,1,0,1,0,1,0,1,1,0,0,1,4,14,0.461,0.102,772,2,0
0,0,0,0,0,1,0,1,0,0,0,1,0,0,1,0,1,0,0,0,3,12,0.033,0.574,146,2,0
0,1,1,1,1,1,1,0,1,1,0,1,0,0,0,1,1,1,1,0,7,23,0.853,0.967,1586,4,1
1,0,0,0,0,0,0,1,0,0,0,1,0,0,1,0,0,0,0,1,1,12,0.104,0.287,669,3,0
1,1,0,1,1,1,1,1,0,1,1,1,0,1,1,1,0,0,0,0,6,19,0.746,0.589,383,4,1
1,1,1,0,1,0,0,1,1,1,0,1,1,0,0,1,1,1,0,0,5,21,0.262,0.33,2173,2,1
1,1,1,1,1,1,0,1,1,1,0,0,0,0,1,1,0,1,1,0,3,18,0.638,0.856,2331,4,1
0,0,0,0,0,0,0,0,0,0,0,0,0,0,0,0,0,0,0,0,4,19,0.422,0.613,653,2,0
1,1,0,0,1,0,0,0,0,0,0,0,0,0,1,0,1,0,0,0,2,11,0.345,0.156,831,2,0
1,0,0,0,0,0,0,0,0,1,1,0,0,0,0,0,0,0,0,1,3,12,0.118,0.446,417,3,0
0,0,0,1,1,0,0,1,0,1,1,0,0,0,0,1,0,1,0,0,7,22,0.537,0.925,2384,6,1
1,1,0,1,1,1,1,0,1,1,1,1,0,0,1,1,0,0,1,0,12,23,0.504,0.911,2236,6,1
0,1,0,0,0,0,0,0,0,0,1,0,0,0,0,0,1,0,0,0,1,14,0.092,0.702,601,1,0
1,1,0,1,1,1,1,1,0,0,1,1,0,0,0,1,1,0,1,1,7,21,0.809,0.356,754,3,1
1,0,1,0,1,0,1,1,1,0,0,1,1,0,1,0,0,1,1,1,3,24,0.626,0.916,1271,3,1
0,1,0,0,1,0,0,0,0,0,0,0,0,0,0,0,0,0,1,0,10,10,0.19,0.403,826,2,0
1,0,1,1,1,1,1,0,1,1,0,0,0,1,1,0,1,1,1,1,8,16,0.871,0.827,608,5,1
1,1,0,0,1,1,1,0,0,0,0,0,0,0,0,0,1,1,0,0,1,14,0.6,0.409,671,2,0
1,1,0,0,1,1,0,0,1,1,1,1,0,0,1,1,0,1,0,0,5,13,0.134,0.183,927,2,0
1,1,0,1,0,0,0,0,0,0,0,0,0,0,1,1,1,0,1,0,6,19,0.777,0.243,1133,5,1
1,0,0,0,1,1,0,1,0,0,0,0,0,0,0,0,1,1,1,0,9,19,0.635,0.74,161,3,1
0,0,0,0,0,0,0,0,0,0,1,0,1,0,0,0,0,0,0,0,5,14,0.472,0.778,917,3,0
1,0,0,1,1,0,0,0,1,0,1,1,0,0,0,0,0,0,1,0,4,13,0.067,0.561,803,3,0
0,0,0,0,0,0,0,0,0,0,0,0,1,0,1,0,0,1,0,0,3,14,0.135,0.101,254,1,0
1,1,0,0,0,0,0,0,0,0,0,0,1,0,0,0,1,0,0,0,4,8,0.342,0.205,143,1,0
1,1,0,1,1,1,1,1,0,1,0,0,0,0,1,1,1,1,0,0,10,18,0.377,0.528,1740,3,1
0,0,0,0,0,0,0,0,1,0,1,0,0,0,0,0,0,0,0,0,1,16,0.379,0.256,639,3,0
0,0,0,0,0,0,0,1,0,1,0,0,0,0,0,0,0,0,0,1,5,12,0.317,0.038,649,3,0
1,0,1,0,0,0,0,0,0,0,1,0,1,0,0,0,1,0,0,1,2,21,0.15,0.219,488,1,0
0,1,0,0,0,0,0,0,0,1,0,1,0,1,0,0,0,0,0,0,3,16,0.315,0.468,351,1,0
1,0,0,0,0,0,0,0,0,0,0,0,1,0,0,1,0,0,1,0,5,15,0.191,0.492,157,3,0
1,1,0,1,1,1,0,0,1,1,1,1,0,1,1,1,1,0,1,0,3,28,0.685,0.729,876,6,1
1,1,0,0,1,1,0,0,1,1,0,1,0,1,1,1,1,1,0,1,3,22,0.469,0.538,1904,5,1
0,0,1,1,1,1,1,1,0,0,1,0,0,0,1,0,1,0,0,1,5,22,0.554,0.431,727,2,1
0,1,0,0,0,0,0,0,0,0,0,0,0,0,0,0,0,0,1,0,1,23,0.353,0.114,755,1,0
1,1,0,0,1,0,1,0,0,0,1,0,1,1,1,0,1,1,0,1,8,27,0.631,0.893,1478,6,1
0,0,0,0,0,0,0,0,0,1,1,0,0,0,0,0,1,0,0,0,0,10,0.11,0.392,261,3,0
1,1,0,0,0,0,0,0,0,1,0,0,0,0,1,1,1,0,1,0,3,17,0.197,0.12,524,1,0
0,1,0,0,0,1,0,0,0,0,1,0,0,0,0,0,0,0,0,1,3,15,0.44,0.313,83,3,0
1,0,1,0,1,1,0,1,0,1,1,1,1,1,1,1,0,1,0,0,8,22,0.563,0.918,1363,2,1
1,1,1,1,0,1,0,1,0,0,0,1,0,0,1,1,1,1,0,0,8,24,0.698,0.651,170,3,1
1,0,1,0,1,1,1,1,0,0,0,0,1,1,1,1,0,0,1,0,4,12,0.602,0.83,863,3,1
0,1,1,0,1,0,0,0,0,1,1,0,0,0,1,0,0,0,0,0,2,17,0.123,0.437,582,1,0
1,0,0,0,0,1,0,0,0,0,0,0,0,0,1,0,1,0,0,0,6,12,0.352,0.168,105,3,0
0,0,0,0,0,0,1,0,0,1,1,1,0,0,0,0,0,0,0,0,4,14,0.474,0.253,922,3,0
1,1,0,1,1,1,1,0,0,0,1,1,0,0,1,1,0,1,1,0,5,22,0.489,0.361,1119,2,1
1,1,1,0,1,1,0,0,1,0,0,1,1,0,1,1,1,1,0,0,4,19,0.73,0.624,358,6,1
1,1,0,1,0,1,1,0,0,0,1,1,1,1,1,1,1,1,1,0,7,26,0.754,0.663,804,2,1
0,0,0,1,0,0,0,0,0,1,1,0,0,0,1,0,0,0,0,0,5,20,0.102,0.321,472,1,0
0,1,1,1,1,1,1,1,1,1,0,0,1,1,1,0,0,0,0,1,9,17,0.79,0.379,622,2,1
1,0,0,1,1,0,0,0,0,0,0,0,0,0,1,0,0,1,1,0,1,12,0.375,0.456,909,3,0
1,1,0,0,1,0,0,0,0,0,1,1,1,0,0,0,0,0,0,0,5,17,0.42,0.688,914,1,0
0,0,0,0,0,0,0,0,0,0,0,0,0,0,0,0,0,0,0,0,5,9,0.373,0.333,756,1,0
1,0,0,0,1,0,0,1,0,1,0,1,1,0,1,0,1,0,0,0,7,19,0.631,0.886,558,3,1
1,0,0,1,1,1,0,0,0,1,1,0,1,0,0,0,1,1,1,0,5,23,0.766,0.917,1403,7,1
1,1,0,0,0,0,0,0,1,0,0,0,1,0,1,0,0,1,0,0,6,12,0.164,0.106,805,1,0
0,0,0,0,0,0,0,1,0,1,1,1,1,1,0,0,0,0,0,0,1,10,0.365,0.318,451,2,0
0,0,0,0,0,0,0,0,0,0,1,0,0,1,0,0,0,1,0,0,2,14,0.447,0.221,413,2,0
0,1,0,0,1,1,0,0,0,1,1,1,0,0,0,0,1,1,0,0,4,25,0.713,0.918,1884,4,1
0,0,0,0,0,1,0,0,0,0,1,0,0,0,1,1,0,0,0,0,3,13,0.329,0.32,708,2,0
0,0,0,0,0,0,0,1,0,0,1,0,0,0,0,0,0,0,0,0,2,18,0.334,0.227,102,3,0
1,0,0,0,0,0,0,0,0,0,0,0,0,1,0,0,0,0,1,0,2,13,0.349,0.408,949,2,0
0,0,0,0,0,1,0,0,0,0,0,0,0,0,0,0,0,1,0,0,4,12,0.185,0.251,482,3,0
1,0,0,0,1,1,0,1,0,1,1,1,1,0,1,1,0,1,0,0,7,23,0.547,0.851,1165,5,1
1,1,1,0,0,0,0,0,0,0,0,0,0,0,1,0,0,1,0,0,3,19,0.091,0.414,765,1,0
0,0,0,0,1,1,0,0,0,0,0,0,0,0,0,0,0,0,0,0,3,11,0.3,0.081,327,2,0
0,1,0,1,0,0,0,0,1,1,0,1,0,0,0,1,1,1,0,0,7,15,0.607,0.781,1364,5,1
1,0,1,0,1,0,0,0,1,0,1,1,0,0,0,0,1,0,1,0,4,24,0.906,0.627,2207,3,1
0,0,0,0,0,0,0,0,0,0,0,0,0,1,1,0,0,0,0,1,5,12,0.152,0.475,201,2,0
0,0,0,0,1,0,0,1,0,0,1,0,0,1,1,1,1,1,0,0,6,20,0.956,0.795,1797,7,1
0,0,0,1,1,1,0,0,0,0,0,0,0,0,0,1,0,0,0,0,2,10,0.252,0.253,423,1,0
1,1,0,0,1,1,0,1,0,1,1,1,0,0,1,0,1,0,0,0,5,24,0.8,0.678,1421,7,1
0,1,0,1,1,0,0,0,0,0,0,0,0,1,0,0,0,0,0,0,3,13,0.441,0.064,814,3,0
1,0,0,0,0,0,0,0,0,0,1,0,0,0,1,0,0,0,0,0,1,18,0.078,0.375,416,3,0
0,0,0,0,0,0,0,0,0,0,0,0,0,0,0,0,0,1,0,0,2,6,0.132,0.651,620,2,0
0,0,0,0,1,0,0,0,0,0,1,0,0,0,0,0,0,1,0,0,2,15,0.479,0.387,878,2,0
0,0,0,1,0,0,1,0,0,0,1,0,0,0,1,1,0,0,1,0,2,13,0.059,0.099,292,3,0
0,0,0,1,0,1,0,1,0,0,0,0,0,1,1,1,0,1,1,0,5,23,0.425,0.847,177,4,1
0,0,1,0,0,0,0,0,0,0,0,0,1,1,1,1,0,1,0,0,3,14,0.194,0.101,188,1,0
0,0,0,0,0,1,0,0,0,1,0,0,0,0,1,0,1,0,0,0,1,13,0.389,0.168,618,3,0
1,1,0,1,1,1,0,0,1,1,1,1,1,0,1,1,0,1,0,1,5,22,0.669,0.759,541,4,1
0,0,0,0,1,0,0,1,0,1,0,1,0,0,1,1,1,1,0,1,4,27,0.958,0.725,749,3,1
1,0,0,0,0,0,1,0,0,0,1,0,0,0,0,0,1,1,0,0,2,14,0.158,0.139,912,2,0
0,0,1,0,1,0,0,1,0,0,1,1,0,0,0,1,1,1,1,0,6,24,0.568,0.58,1363,3,1
0,0,0,1,0,0,0,0,0,0,1,0,0,0,1,0,0,0,0,0,3,15,0.157,0.027,521,3,0
0,0,0,0,0,0,0,0,0,0,0,0,0,0,0,0,0,0,1,0,3,16,0.089,0.298,181,3,0
1,0,0,0,0,0,0,0,0,0,1,0,0,0,1,0,0,0,0,0,3,10,0.506,0.144,109,3,0
0,0,0,0,1,0,0,0,0,0,0,1,0,0,0,0,1,1,0,0,0,13,0.562,0.451,838,1,0
0,0,0,0,1,0,0,0,0,0,0,0,0,0,1,0,0,1,1,0,4,10,0.542,0.031,300,3,0
1,0,0,0,1,0,0,0,0,1,0,0,0,0,1,0,0,0,0,0,4,21,0.314,0.078,558,1,0
0,0,0,0,0,0,0,0,0,1,0,0,0,0,0,0,1,1,0,0,3,16,0.344,0.09,763,3,0
1,1,1,1,1,1,1,1,1,1,0,0,0,0,0,1,1,1,0,0,0,23,0.774,0.739,1327,2,1
1,0,0,1,1,1,0,1,0,1,1,0,0,0,1,1,1,1,1,0,6,16,0.719,0.796,1125,5,1
0,1,0,0,0,0,0,1,0,0,1,0,0,0,0,1,0,0,0,0,5,10,0.404,0.314,440,1,0
0,0,0,0,1,0,1,1,1,0,1,0,0,0,0,0,0,0,0,0,4,8,0.27,0.243,418,2,0
0,0,0,0,0,0,0,0,1,0,1,0,1,0,1,1,0,1,0,0,6,10,0.177,0.058,162,1,0
0,0,0,1,1,0,0,0,0,0,1,0,1,0,0,0,0,0,0,0,2,12,0.39,0.53,408,3,0
0,0,1,0,0,0,1,1,0,0,1,0,0,0,0,0,0,1,0,0,2,11,0.054,0.503,273,2,0
1,0,1,0,1,0,0,1,0,1,0,1,1,1,1,1,0,0,1,0,4,21,0.642,0.706,1042,5,1
0,1,1,1,1,0,1,0,1,0,0,0,0,0,0,1,1,0,0,0,2,30,0.612,0.425,2395,7,1
0,0,0,0,1,0,0,0,0,0,0,0,1,0,0,0,0,0,0,0,3,10,0.155,0.284,801,3,0
0,0,0,0,0,0,0,0,1,0,0,1,0,0,0,0,0,0,0,0,5,13,0.4,0.485,959,2,0
0,0,0,0,1,0,0,0,0,0,1,0,0,1,1,1,0,0,0,0,4,13,0.43,0.387,542,2,0
1,0,1,1,1,0,0,0,0,0,0,0,0,0,0,0,0,1,0,0,4,14,0.682,0.659,1254,2,1
1,0,0,1,0,0,0,1,1,1,0,1,0,0,0,1,0,0,0,0,8,22,0.834,0.313,371,2,1
1,0,0,0,0,0,1,1,0,0,1,1,1,0,0,1,0,1,0,0,7,18,0.328,0.359,143,2,1
0,1,0,0,1,1,0,0,0,0,1,0,0,0,0,0,0,0,1,0,1,17,0.027,0.331,949,2,0
0,0,0,0,0,0,0,0,0,1,0,0,0,0,0,0,0,1,0,1,2,10,0.266,0.138,298,3,0
0,0,0,0,1,1,0,0,0,0,1,1,0,0,0,0,0,0,1,0,3,10,0.609,0.182,449,2,0
0,0,0,1,0,1,0,0,0,0,1,0,0,1,0,0,0,0,0,0,2,6,0.171,0.582,896,2,0
1,0,0,0,0,0,0,0,0,0,0,0,0,0,0,0,0,1,0,0,6,14,0.393,0.258,735,1,0
0,0,0,1,1,0,0,1,0,1,1,1,1,0,0,0,0,1,0,1,6,20,0.844,0.817,1227,3,1
0,0,1,1,0,1,1,1,0,1,0,1,0,1,1,1,0,0,0,0,7,26,0.995,0.903,1177,3,1
0,0,0,0,0,0,0,0,0,0,1,0,1,0,0,1,0,0,1,0,1,14,0.248,0.398,321,2,0
0,1,0,0,0,0,0,1,0,0,0,0,0,0,0,0,0,0,0,0,4,12,0.545,0.065,114,3,0
1,1,0,1,1,1,0,1,0,0,0,0,0,0,0,1,0,0,0,1,8,21,0.84,0.536,2282,6,1
1,1,0,1,0,0,1,0,0,0,0,0,0,0,0,0,0,0,0,0,3,17,0.066,0.395,347,3,0
0,0,0,0,0,0,0,0,0,0,0,0,0,0,0,0,0,1,0,0,1,15,0.33,0.508,843,3,0
0,0,1,1,1,0,1,1,0,0,0,0,1,0,1,0,0,1,0,0,6,23,0.72,0.637,753,2,1
0,1,0,0,0,0,0,0,0,0,1,0,1,0,0,0,0,1,0,0,3,16,0.259,0.184,862,2,0
1,0,0,0,0,1,1,0,0,0,0,0,0,0,0,0,1,0,0,1,2,18,0.447,0.419,406,3,0
0,0,0,0,0,0,0,0,0,1,0,0,0,1,1,0,0,1,0,0,3,17,0.369,0.244,725,1,0
0,0,0,0,0,0,0,0,0,0,0,0,0,0,1,1,0,0,0,0,2,9,0.126,0.354,766,2,0
1,0,1,0,1,1,0,0,0,0,0,0,0,0,1,1,0,1,0,0,4,26,0.717,0.601,1108,7,1
0,1,1,0,0,0,0,0,0,0,0,0,0,0,1,0,0,0,1,1,5,14,0.08,0.47,765,3,0
0,1,1,1,1,1,1,1,0,1,0,1,0,0,0,0,0,1,0,0,5,22,0.707,0.758,2376,4,1
1,1,0,0,1,0,0,1,0,0,1,1,0,1,0,0,0,1,1,1,7,9,0.068,0.471,583,3,0
0,0,1,0,1,0,1,0,0,0,0,0,0,0,0,0,1,1,0,0,1,16,0.183,0.183,541,2,0
0,1,0,0,0,0,0,0,0,0,0,0,0,0,1,0,0,1,0,0,2,10,0.535,0.239,908,1,0
1,1,1,0,0,1,1,1,0,0,0,1,1,0,0,1,1,1,1,1,9,22,0.58,0.811,656,3,1
0,0,1,0,0,0,1,0,0,0,0,0,0,0,0,1,0,1,0,0,5,10,0.645,0.58,793,2,0
1,1,0,0,1,1,0,0,0,1,1,0,1,0,1,0,0,0,0,0,2,8,0.497,0.18,319,3,0
0,0,0,0,1,0,0,0,0,1,0,0,0,0,0,1,0,1,0,0,2,9,0.676,0.371,946,2,0
1,0,0,0,1,0,0,0,1,0,1,1,0,0,0,0,0,0,0,0,3,8,0.272,0.318,510,2,0
1,0,1,0,1,0,0,0,0,0,1,0,0,1,0,0,0,0,0,0,1,16,0.293,0.249,319,3,0
1,0,0,1,1,0,0,1,1,1,1,0,0,0,1,1,0,1,0,1,5,21,0.917,0.553,1384,3,1
1,0,0,0,1,0,0,0,0,1,1,0,0,0,1,0,1,1,1,0,4,18,0.66,0.374,788,3,1
1,0,0,0,1,1,0,0,0,0,0,0,1,0,0,0,1,0,0,0,4,12,0.484,0.441,240,1,0
1,1,0,1,1,1,0,0,0,1,0,1,0,0,0,1,1,0,0,1,6,28,0.8,0.891,2009,6,1
1,1,0,0,1,0,0,1,0,0,1,0,0,1,1,1,1,1,0,0,7,21,0.372,0.891,2074,5,1
1,0,0,1,1,0,0,1,0,0,0,1,0,1,1,1,1,0,0,0,6,22,0.612,0.725,899,6,1
0,0,0,0,1,0,0,0,0,0,0,0,0,0,1,0,0,1,0,0,3,13,0.317,0.619,184,2,0
1,0,1,0,0,0,0,0,0,0,1,0,0,0,1,0,0,1,0,0,4,22,0.039,0.245,944,2,0
1,0,1,0,0,0,1,0,0,1,0,0,0,0,1,1,0,0,0,0,3,20,0.337,0.152,942,2,0
0,0,0,0,1,0,0,0,0,0,1,0,0,0,0,0,0,0,0,0,1,12,0.336,0.051,280,3,0
0,0,0,0,1,0,0,0,0,0,0,0,0,0,0,1,0,1,0,0,5,23,0.151,0.519,739,1,0
0,0,0,0,0,0,0,0,1,0,0,0,0,1,0,0,0,0,0,0,2,8,0.075,0.289,754,3,0
1,0,1,0,1,1,0,0,0,0,0,1,0,0,0,1,1,0,1,0,4,20,0.734,0.868,1483,2,1
0,0,0,0,0,0,0,0,0,0,0,0,1,0,1,0,1,0,0,0,2,17,0.388,0.448,212,1,0
1,0,0,0,1,0,0,1,1,0,0,0,0,0,0,0,0,0,0,0,5,16,0.495,0.315,669,3,0
0,1,0,0,0,1,0,0,0,0,0,0,0,1,0,0,0,0,1,0,4,10,0.094,0.299,643,1,0
0,0,0,1,1,0,0,1,0,0,1,1,1,1,1,0,0,0,1,0,4,19,0.745,0.296,1918,7,1
0,0,0,0,1,0,0,0,0,0,0,0,0,0,0,0,1,0,0,0,3,15,0.23,0.139,320,1,0
0,0,0,0,0,0,0,0,0,1,0,0,0,0,0,0,0,0,0,0,2,11,0.388,0.164,441,2,0
1,1,0,0,1,0,0,0,0,0,1,0,0,1,1,0,0,0,0,0,6,16,0.403,0.086,142,2,0
1,1,0,1,1,1,1,0,1,0,1,0,0,0,0,0,0,1,0,0,5,27,0.782,0.91,712,6,1
0,0,0,0,0,0,0,0,1,0,0,1,1,0,0,0,0,0,0,0,1,9,0.367,0.059,409,3,0
0,1,0,0,0,0,0,0,0,1,0,0,1,0,0,1,1,0,0,0,5,14,0.414,0.446,933,1,0
0,1,1,0,0,0,0,1,0,0,1,1,0,0,0,0,1,1,0,1,1,28,0.204,0.517,861,1,0
0,0,0,0,0,0,0,0,0,0,1,0,0,0,0,0,1,0,0,0,4,5,0.186,0.329,128,2,0
0,0,1,0,0,1,0,0,0,0,0,0,0,1,0,0,0,1,1,0,5,14,0.193,0.264,926,3,0
0,1,0,1,0,0,0,0,0,0,1,0,1,0,1,1,0,1,0,0,5,16,0.265,0.287,419,1,0
0,1,0,0,0,1,0,0,0,0,1,0,0,0,1,0,0,0,0,1,0,12,0.108,0.226,475,3,0
1,1,0,0,1,1,0,1,0,1,1,0,1,0,0,0,0,1,0,1,5,25,0.989,0.769,417,2,1
1,0,0,0,1,0,1,0,0,0,0,0,0,0,0,0,0,1,0,0,2,8,0.213,0.303,717,3,0
0,1,1,1,0,1,0,0,0,0,0,0,0,0,1,0,1,1,0,0,3,25,0.579,0.42,353,7,1
0,0,0,0,1,0,0,0,0,0,1,0,0,0,0,0,0,1,0,0,2,10,0.263,0.086,495,2,0
0,1,1,0,0,1,0,0,1,0,1,1,0,0,0,1,1,1,1,0,11,17,0.797,0.58,552,5,1
0,0,0,0,1,1,0,1,0,1,1,1,0,0,0,0,1,1,0,1,6,20,0.462,0.817,421,4,1
0,1,0,0,0,1,0,0,1,0,1,0,0,0,0,0,0,0,0,0,4,17,0.431,0.438,762,3,0
0,0,0,0,0,0,0,0,0,0,0,1,0,0,0,0,0,0,0,0,3,9,0.102,0.387,939,1,0
1,0,0,0,0,1,0,0,0,0,1,0,0,1,1,0,0,0,0,0,5,9,0.379,0.007,266,3,0
0,0,0,0,0,0,0,0,0,1,0,0,0,0,0,0,0,0,1,0,3,21,0.242,0.205,845,2,0
0,1,0,0,1,1,0,0,0,0,0,0,0,0,0,0,0,1,0,0,6,13,0.174,0.327,764,3,0
0,0,0,0,0,0,0,0,0,0,0,0,1,0,0,1,0,0,1,0,4,13,0.039,0.573,875,2,0
0,0,0,0,0,1,1,1,0,1,0,0,0,1,1,1,0,1,0,0,9,21,0.814,0.893,1028,5,1
1,1,1,0,0,0,1,1,0,1,0,1,0,0,0,0,1,1,0,0,4,24,0.54,0.877,845,4,1
1,0,0,0,0,0,0,0,0,1,1,0,0,0,0,0,0,1,0,0,3,9,0.18,0.278,895,3,0
0,0,0,1,1,0,0,0,0,0,1,0,0,0,0,0,0,1,1,0,4,11,0.367,0.066,187,3,0
1,0,0,0,1,0,1,0,0,1,1,0,0,0,1,0,0,1,0,0,4,12,0.155,0.694,861,3,0
0,0,0,0,0,0,1,0,0,0,1,0,0,0,0,1,0,0,0,0,1,12,0.277,0.341,324,3,0
1,1,0,1,0,0,1,0,0,0,0,1,0,0,0,1,0,1,1,1,11,19,0.433,0.911,2281,6,1
0,0,0,0,0,0,0,0,1,0,0,0,0,0,1,0,0,0,0,0,2,21,0.211,0.06,216,3,0
0,0,0,0,1,0,0,0,0,1,1,1,0,1,1,1,0,1,0,0,0,13,0.17,0.041,405,2,0
0,1,0,0,1,0,0,0,0,1,0,0,0,0,0,0,0,0,0,0,2,15,0.513,0.255,140,2,0
0,1,1,0,1,0,0,0,1,1,1,0,0,0,1,0,0,0,0,0,3,12,0.301,0.364,563,1,0
0,0,1,0,0,0,0,0,0,0,1,0,0,0,0,0,0,0,1,0,5,12,0.344,0.119,668,3,0
0,0,0,1,0,0,0,0,0,0,0,0,0,0,1,0,0,0,0,0,4,13,0.505,0.187,296,2,0
1,1,0,1,1,1,0,0,0,0,1,1,0,0,0,1,1,1,1,0,9,26,0.726,0.865,2304,3,1
1,0,1,1,1,0,1,0,0,0,1,0,0,0,1,1,1,0,1,0,4,24,0.486,0.883,159,4,1
0,0,0,0,0,1,0,0,0,0,1,0,0,0,1,0,0,0,0,0,5,12,0.161,0.277,765,1,0
0,1,0,0,0,1,1,0,0,1,0,0,1,1,0,0,1,0,0,0,1,12,0.154,0.537,321,1,0
0,0,0,0,1,1,0,0,0,0,0,0,0,0,0,0,0,1,0,0,4,15,0.49,0.303,881,1,0
0,0,0,1,1,0,0,0,0,1,0,0,0,0,1,0,0,1,0,0,0,18,0.508,0.24,385,3,0
1,0,0,1,1,1,0,1,0,1,1,0,0,1,1,1,0,1,1,0,7,30,0.632,0.901,1639,5,1
0,1,0,0,1,0,0,0,0,0,0,1,0,1,0,0,0,0,0,0,1,11,0.249,0.135,812,3,0
0,0,0,0,0,0,1,0,1,0,0,1,0,0,0,0,0,0,1,0,4,18,0.148,0.454,593,1,0
0,0,0,0,1,1,0,0,1,0,0,0,0,1,0,0,0,1,0,0,1,15,0.169,0.164,549,2,0
0,1,0,0,1,0,1,0,0,0,0,1,0,0,1,0,0,1,0,0,3,16,0.501,0.394,748,3,0
0,0,0,0,0,0,0,0,1,1,0,1,0,0,1,1,0,0,0,0,1,12,0.272,0.259,360,3,0
0,0,0,0,1,0,0,1,0,0,0,0,0,0,0,0,0,1,1,0,0,10,0.104,0.141,861,1,0
0,0,0,0,0,0,0,0,0,1,1,0,0,0,1,1,0,0,1,0,2,18,0.066,0.539,435,2,0
0,0,0,1,1,0,0,0,0,0,0,0,0,0,0,0,0,1,0,0,2,18,0.467,0.077,999,1,0
0,0,0,0,1,0,0,0,0,0,1,0,0,0,0,0,1,0,0,0,5,10,0.306,0.258,645,2,0
1,0,0,0,1,1,0,1,1,0,0,1,0,0,0,1,1,0,0,1,6,18,0.861,0.436,900,5,1
0,0,1,0,1,0,0,1,1,1,1,0,0,0,1,1,0,1,1,0,6,25,0.816,0.746,2036,4,1
1,0,0,0,1,0,0,0,0,0,0,0,0,0,0,0,0,1,0,0,2,9,0.236,0.585,436,1,0
1,1,1,0,1,1,1,0,0,0,1,1,0,0,1,1,0,1,1,0,5,22,0.668,0.543,726,4,1
1,0,1,0,0,1,0,1,1,0,1,1,0,0,1,1,1,1,1,1,7,16,0.944,0.648,727,5,1
0,0,0,1,0,0,0,1,0,0,0,0,0,0,0,0,0,0,0,0,0,14,0.125,0.483,640,2,0
1,0,1,0,0,1,0,1,0,0,1,0,0,0,0,1,0,1,0,0,7,24,0.268,0.641,212,4,1
0,0,0,0,1,1,1,0,1,0,1,1,0,0,0,1,0,1,0,0,7,18,0.898,0.603,2361,7,1
0,0,0,0,1,0,0,0,0,1,1,0,0,0,0,1,0,0,0,0,3,13,0.448,0.205,939,3,0
1,0,0,0,0,1,0,0,0,0,1,1,0,0,0,0,0,0,0,0,3,10,0.167,0.351,760,1,0
0,0,1,0,1,0,0,0,0,0,0,0,0,0,0,0,1,1,0,1,3,9,0.218,0.198,187,2,0
1,0,0,1,0,0,1,0,0,1,0,0,0,0,0,0,0,0,0,0,4,13,0.11,0.429,498,1,0
0,0,0,0,1,1,0,0,0,0,0,0,0,0,0,0,0,1,0,0,3,9,0.392,0.362,443,2,0
0,0,0,0,0,0,0,0,0,0,0,0,0,0,0,0,0,0,0,0,1,10,0.392,0.11,315,2,0
0,0,1,0,0,0,0,0,0,0,0,0,0,0,1,0,0,0,0,0,4,16,0.2,0.478,465,1,0
1,0,0,1,1,1,0,1,1,0,0,0,0,0,0,1,0,1,0,0,4,22,0.698,0.271,1945,3,1
1,1,1,0,0,1,0,0,0,0,0,1,1,0,0,0,0,0,0,0,0,13,0.245,0.279,377,2,0
0,1,1,0,0,0,1,0,0,0,0,0,0,1,0,0,0,0,1,0,1,12,0.251,0.161,411,2,0
1,0,1,0,0,1,0,0,0,0,1,0,0,0,1,1,0,0,1,0,8,20,0.43,0.841,708,5,1
0,1,0,0,0,1,0,0,1,0,1,1,0,0,1,0,0,0,0,0,3,11,0.488,0.136,534,3,0
1,1,0,0,0,0,0,0,0,0,1,0,0,1,1,0,0,1,0,0,2,13,0.37,0.11,733,1,0
1,0,0,0,0,0,0,1,0,0,0,0,0,0,0,0,1,0,1,0,3,16,0.401,0.431,422,3,0
0,0,0,0,1,0,0,0,1,0,0,0,1,0,1,1,0,1,0,0,4,10,0.179,0.111,527,2,0
1,1,1,1,1,0,0,1,1,1,1,1,0,0,1,1,1,0,1,0,6,26,0.682,0.749,804,2,1
1,1,0,1,0,0,0,0,0,0,0,0,0,0,0,0,0,1,0,0,2,11,0.671,0.302,932,3,0
0,0,0,0,0,1,0,0,0,0,0,1,0,0,0,1,1,0,1,0,2,9,0.237,0.267,691,3,0
1,1,0,1,0,1,0,1,0,0,1,0,0,0,1,0,0,1,0,0,4,19,0.162,0.149,249,2,0
1,0,0,1,1,0,0,0,0,1,0,0,0,0,0,1,0,0,0,0,0,9,0.426,0.391,613,3,0
1,0,0,0,0,0,0,0,0,0,0,0,0,0,0,0,0,1,0,0,2,15,0.046,0.03,918,2,0
0,0,0,1,1,0,1,0,0,0,0,0,0,0,0,1,1,0,1,0,1,14,0.303,0.765,613,1,0
0,0,0,1,1,0,0,1,0,1,1,0,0,0,0,1,1,1,0,0,5,14,0.56,0.758,1789,7,1
0,0,0,1,0,1,0,0,1,0,0,1,0,0,1,0,0,0,0,0,5,16,0.103,0.155,884,1,0
1,1,0,1,0,1,0,0,0,1,1,0,0,0,0,1,0,1,0,0,8,18,0.805,0.773,1392,3,1
1,0,0,0,0,0,0,0,0,0,0,1,0,0,0,1,0,0,0,0,3,16,0.071,0.472,967,3,0
0,0,0,0,1,0,0,0,0,0,0,0,0,1,1,0,1,0,0,0,3,13,0.152,0.359,684,2,0
1,0,0,1,0,0,0,1,0,1,1,0,0,1,1,0,1,1,0,1,6,25,0.91,0.632,1719,7,1
1,1,1,0,1,0,1,1,0,1,1,1,1,0,1,0,1,1,1,0,6,23,0.244,0.677,1481,7,1
0,0,0,0,1,0,1,1,0,0,0,1,0,0,0,0,1,1,1,0,8,21,0.965,0.479,300,5,1
1,0,0,1,1,0,1,0,0,1,0,1,0,0,1,0,0,0,0,0,0,16,0.089,0.437,935,2,0
1,0,0,0,0,1,0,1,0,1,0,1,0,0,0,1,1,1,0,1,5,20,0.469,0.699,2041,4,1
1,1,0,0,1,0,0,1,0,1,1,0,1,0,1,0,0,1,1,1,1,29,0.594,0.479,2251,3,1
0,1,0,0,0,1,1,1,0,0,1,0,0,0,1,0,1,1,0,0,3,10,0.044,0.284,112,3,0
1,0,0,0,1,0,0,0,0,1,0,0,0,0,0,0,0,0,0,0,4,17,0.369,0.255,673,2,0
0,0,1,0,0,0,0,0,0,0,0,0,0,0,0,0,0,1,0,0,3,16,0.205,0.1,616,3,0
1,1,0,0,0,0,1,0,0,1,0,0,0,0,0,0,0,1,0,0,4,10,0.052,0.409,114,3,0
0,0,0,0,1,0,0,0,0,1,0,0,0,0,0,0,0,1,0,0,2,14,0.095,0.087,591,3,0
1,0,1,1,1,0,0,1,0,1,0,1,0,0,0,0,1,1,1,0,8,24,0.944,0.853,400,2,1
0,1,0,0,0,0,0,0,0,0,0,0,0,0,0,0,0,1,0,1,4,12,0.27,0.378,124,2,0
0,1,1,0,0,1,0,0,0,0,0,1,0,1,1,0,0,0,0,0,2,13,0.527,0.33,323,2,0
0,0,0,0,1,0,0,1,0,0,0,0,0,1,0,0,0,1,0,0,1,7,0.05,0.356,705,2,0
0,0,0,1,0,0,0,0,0,0,1,1,0,0,0,1,0,0,0,0,3,11,0.117,0.138,110,1,0
0,1,0,0,0,0,1,0,0,1,1,1,1,0,0,0,0,0,0,0,4,9,0.128,0.066,859,1,0
0,0,0,0,1,1,0,1,0,0,0,0,1,0,1,0,0,0,0,0,1,16,0.114,0.105,376,2,0
1,0,0,0,0,1,0,0,0,0,0,0,0,0,0,0,1,1,0,0,3,14,0.235,0.458,523,1,0
0,0,0,0,1,0,1,0,1,0,0,1,0,0,0,0,1,0,0,0,4,9,0.108,0.267,642,2,0
1,0,0,0,0,0,0,0,1,0,1,0,0,0,0,0,0,1,0,1,5,14,0.463,0.396,561,2,0
0,0,0,0,1,0,0,0,0,0,1,0,0,0,1,1,0,0,0,0,0,8,0.411,0.218,924,2,0
0,0,0,0,0,0,1,0,0,0,1,1,0,0,0,0,0,1,0,0,3,15,0.316,0.415,419,3,0
0,1,0,0,0,0,0,0,0,1,1,0,0,1,1,0,1,0,0,0,1,9,0.348,0.369,660,1,0
1,0,0,0,1,0,1,0,0,1,1,0,0,0,0,0,0,0,0,1,0,16,0.542,0.21,988,2,0
0,0,0,1,1,0,0,0,0,0,0,0,1,0,0,0,1,0,0,1,4,10,0.153,0.319,488,2,0
0,0,0,0,0,1,0,0,0,1,0,1,0,0,0,0,0,1,0,0,2,16,0.262,0.365,861,1,0
1,1,0,1,0,1,0,0,0,0,0,0,1,0,0,0,0,0,0,0,6,16,0.074,0.42,631,2,0
1,0,0,0,1,0,0,1,0,0,1,1,0,0,1,0,1,1,0,0,3,12,0.211,0.358,312,2,0
0,1,0,1,1,0,0,0,0,0,0,1,1,0,1,1,1,1,0,0,3,23,0.645,0.362,663,3,1
0,0,0,0,1,0,0,0,0,0,1,0,1,0,1,0,0,0,0,0,7,18,0.33,0.207,162,1,0
1,0,0,0,0,0,1,0,0,0,1,1,1,0,0,0,1,1,0,0,3,7,0.244,0.012,522,3,0
0,0,0,1,0,1,0,0,1,1,1,0,0,0,0,0,0,0,0,0,3,9,0.55,0.226,702,2,0
0,0,0,0,0,1,0,0,0,0,0,0,0,0,0,1,0,0,0,0,2,9,0.246,0.189,242,2,0
0,1,1,0,0,1,0,1,0,0,1,1,0,0,0,1,0,1,1,1,9,16,0.586,0.349,684,2,1
0,0,0,0,0,0,0,0,0,0,0,0,0,0,1,1,0,0,0,0,3,17,0.136,0.551,741,2,0
1,0,0,1,0,1,0,0,0,1,1,0,1,0,0,0,0,0,1,1,2,12,0.31,0.255,109,3,0
1,0,0,0,0,0,1,0,0,1,1,0,0,0,1,0,0,1,0,0,4,19,0.26,0.151,943,1,0
0,1,1,0,1,1,0,1,0,0,0,0,0,0,1,0,0,0,1,1,7,16,0.775,0.377,1722,3,1
0,0,0,0,0,0,0,0,0,0,1,0,0,0,0,0,0,0,0,0,2,9,0.517,0.446,810,1,0
1,0,0,1,0,1,0,0,0,1,1,1,0,0,1,1,0,1,0,0,2,21,0.541,0.739,769,2,1
0,0,0,1,0,0,0,0,0,0,0,0,0,0,1,0,1,1,0,0,2,13,0.381,0.143,80,1,0
1,0,0,0,0,0,0,0,0,0,0,0,0,0,1,1,0,0,1,0,1,11,0.478,0.496,202,1,0
1,1,0,1,0,0,1,1,0,1,0,0,0,0,1,1,1,0,1,0,9,27,0.72,0.238,905,2,1
0,1,0,0,1,0,0,0,0,1,0,0,0,0,1,1,0,1,0,0,7,23,0.65,0.506,768,7,1
0,0,1,1,1,0,0,0,0,1,0,1,0,0,1,0,0,1,0,0,3,13,0.301,0.495,610,2,0
0,1,0,1,1,0,1,1,0,1,0,0,0,0,0,1,1,1,0,0,1,24,0.73,0.576,1933,6,1
0,1,0,0,0,1,0,0,0,0,0,0,0,0,0,0,0,1,0,0,3,17,0.291,0.568,820,1,0
1,0,0,0,0,1,0,0,0,0,0,0,0,0,0,0,0,1,0,0,4,11,0.13,0.383,979,1,0
0,0,0,0,1,0,0,0,0,0,1,1,0,0,0,0,1,0,0,0,4,14,0.142,0.24,796,3,0
0,0,0,0,0,0,0,0,1,0,0,0,1,0,0,0,0,0,0,0,5,15,0.186,0.234,763,3,0
0,0,0,1,0,0,0,0,0,0,1,1,0,0,1,0,0,0,0,0,6,16,0.374,0.211,155,3,0
0,0,0,0,1,0,1,0,1,0,0,0,0,0,1,0,1,0,0,0,4,14,0.097,0.471,934,3,0
0,0,0,0,1,0,0,0,0,0,1,0,1,0,0,1,0,0,0,1,5,19,0.21,0.31,97,3,0
0,0,0,0,0,0,0,0,0,0,0,0,0,0,0,1,0,1,0,0,2,10,0.204,0.348,985,1,0
0,0,1,0,0,0,0,0,0,1,1,0,0,0,1,1,1,1,0,0,7,14,0.182,0.489,611,1,0
0,0,0,0,0,0,0,0,0,0,0,0,1,0,1,0,0,1,0,0,2,14,0.106,0.191,948,3,0
0,0,0,1,0,1,1,0,1,1,0,0,0,0,0,1,1,0,0,0,6,17,0.881,0.291,170,2,1
0,1,0,1,0,1,1,0,0,1,1,1,0,0,0,1,0,1,1,0,2,16,0.405,0.741,2319,4,1
0,0,1,0,1,1,0,0,0,0,0,0,1,0,1,0,0,0,0,0,7,9,0.324,0.462,184,1,0
1,1,1,0,1,0,1,0,0,0,1,0,1,0,1,0,0,1,0,0,7,21,0.746,0.72,1808,7,1
0,0,0,0,0,0,0,1,0,0,1,1,0,0,0,0,0,0,0,0,3,14,0.371,0.238,538,3,0
1,1,1,0,1,1,1,1,0,1,1,1,1,0,0,1,1,1,1,0,4,20,0.769,0.538,168,3,1
1,1,0,0,1,1,0,1,0,0,1,0,0,0,1,1,1,0,1,0,2,17,0.264,0.048,908,1,0
1,0,0,0,0,1,0,0,0,1,0,0,1,0,0,0,0,0,1,0,5,20,0.897,0.762,806,3,1
1,0,0,1,1,0,0,0,0,0,0,0,0,0,0,0,0,0,1,0,1,12,0.232,0.299,492,1,0
1,0,1,1,1,0,0,0,0,0,0,1,0,0,0,0,0,0,0,0,3,17,0.455,0.284,670,2,0
1,1,0,1,0,0,0,0,0,0,0,1,1,0,0,0,0,0,0,0,4,10,0.195,0.036,713,3,0
0,0,0,0,0,1,0,0,0,0,1,0,0,0,1,0,0,0,0,0,3,11,0.208,0.198,600,2,0
1,0,1,0,1,0,0,0,1,0,0,0,0,0,0,0,0,0,0,0,4,13,0.351,0.528,563,3,0
1,0,0,0,0,0,0,1,0,1,0,0,0,0,0,1,0,0,0,0,3,15,0.489,0.491,685,3,0
0,1,1,1,1,1,0,0,1,0,0,1,0,0,1,1,0,1,1,1,4,26,0.962,0.595,1365,5,1
1,1,0,0,1,0,0,0,1,0,0,0,1,0,0,0,0,0,0,0,0,17,0.226,0.056,367,2,0
1,0,0,0,0,0,0,0,0,0,1,0,0,0,0,1,0,0,0,1,2,17,0.495,0.175,415,2,0
1,0,0,0,1,0,0,0,0,1,0,1,0,0,0,1,0,0,1,1,3,12,0.16,0.299,324,1,0
1,0,0,0,1,0,0,0,1,0,0,0,0,1,0,0,0,0,0,0,2,15,0.219,0.183,134,2,0
0,0,1,0,1,0,0,0,0,0,0,1,0,0,1,0,0,1,1,1,3,14,0.345,0.641,541,2,0
1,0,1,0,0,1,1,0,0,0,1,1,0,0,0,1,1,1,1,1,3,32,0.791,0.901,207,2,1
1,0,1,1,1,1,1,1,0,0,0,1,1,0,0,1,0,0,0,0,7,22,0.871,0.881,1127,4,1
0,1,0,0,1,0,0,0,0,0,0,0,0,1,0,0,0,1,0,0,2,12,0.329,0.162,774,1,0
0,0,0,0,0,1,1,0,1,1,0,0,0,0,0,0,0,0,1,0,0,23,0.293,0.419,469,1,0
1,0,1,1,1,0,0,1,0,1,0,0,1,1,0,1,1,0,0,0,8,19,0.695,0.571,2261,5,1
1,0,0,0,1,0,0,0,1,0,1,0,0,0,0,0,1,0,0,0,4,17,0.57,0.306,587,2,0
0,0,0,0,0,0,0,0,0,0,0,1,0,0,0,1,0,0,0,0,5,9,0.258,0.156,666,2,0
0,1,0,0,0,0,0,0,1,1,1,1,1,0,1,0,0,0,0,0,3,14,0.329,0.291,680,1,0
1,0,0,1,1,0,0,1,0,0,1,0,0,0,1,0,1,0,0,0,5,24,0.853,0.894,853,6,1
0,0,1,0,0,0,0,0,0,0,0,0,1,0,0,0,1,1,0,0,2,10,0.493,0.279,441,3,0
1,0,1,0,0,0,1,0,0,0,0,0,0,0,1,0,0,1,0,0,3,12,0.388,0.295,727,1,0
0,0,0,0,0,0,0,0,0,0,1,0,0,0,0,0,0,0,1,0,4,15,0.441,0.252,914,3,0
0,0,0,1,1,1,0,1,0,1,1,1,1,0,0,1,0,1,0,1,2,19,0.976,0.449,585,4,1
1,0,0,0,1,1,0,0,0,0,0,0,0,1,1,1,0,1,0,0,2,13,0.681,0.231,720,3,0
0,0,0,0,0,0,0,0,0,0,0,0,0,0,0,0,0,1,1,0,2,15,0.387,0.351,231,2,0
0,0,1,0,0,0,1,1,1,0,0,0,0,0,0,0,0,1,0,0,0,18,0.399,0.205,970,3,0
0,1,0,1,0,1,0,0,0,1,0,1,1,0,1,1,1,1,0,0,1,27,0.776,0.211,978,5,1
1,0,0,0,0,0,0,0,1,0,0,1,0,0,0,1,1,0,0,0,2,11,0.046,0.357,730,2,0
1,1,0,0,0,1,1,0,1,0,0,1,0,1,1,0,0,1,1,0,6,18,0.489,0.929,329,3,1
1,1,1,0,0,0,0,0,1,0,0,1,0,0,1,1,1,1,1,1,4,25,0.746,0.579,1152,3,1
1,0,0,0,0,0,1,1,0,0,0,0,1,0,0,0,0,0,0,0,2,14,0.119,0.242,319,2,0
0,1,0,0,1,0,0,0,0,1,0,0,0,0,1,1,1,0,0,0,1,19,0.34,0.427,137,2,0
0,0,0,0,0,0,0,0,1,0,0,0,0,0,0,0,0,0,0,1,5,6,0.212,0.656,483,2,0
1,0,0,0,0,0,0,0,0,0,1,0,0,1,0,1,0,0,0,0,3,12,0.017,0.096,120,1,0
0,0,0,1,1,0,0,0,0,0,1,0,0,0,0,0,0,1,1,0,4,14,0.551,0.198,875,2,0
1,1,0,0,1,1,1,1,0,0,0,0,1,1,0,0,0,0,0,1,7,26,0.619,0.412,1858,2,1
0,1,0,0,1,1,0,1,0,0,1,0,0,0,0,0,0,0,0,0,2,11,0.272,0.189,449,1,0
0,0,0,0,0,1,0,0,0,0,0,0,0,0,0,1,0,0,0,0,6,11,0.138,0.436,219,2,0
0,0,1,1,1,0,1,1,0,0,1,1,0,1,0,1,0,1,0,0,6,21,0.825,0.711,1180,3,1
1,0,1,1,0,0,1,1,0,0,0,0,1,0,1,0,1,1,0,0,8,25,0.847,0.647,1965,4,1
0,1,0,0,0,1,0,0,0,0,1,0,0,0,0,1,0,0,0,0,0,19,0.257,0.029,962,1,0
0,0,0,0,0,1,0,0,0,0,0,0,0,0,0,0,1,1,0,0,5,16,0.209,0.162,884,3,0
0,0,0,0,0,0,0,0,0,0,0,0,1,0,1,0,0,0,0,0,1,16,0.384,0.21,777,2,0
0,1,0,1,0,0,0,1,0,0,1,1,0,0,1,1,1,1,0,1,7,24,0.418,0.498,1871,6,1
1,0,0,0,0,0,1,0,0,0,1,0,0,0,0,0,1,0,0,0,2,13,0.297,0.39,797,1,0
1,0,0,0,0,0,0,0,0,0,1,0,0,0,1,0,0,1,0,0,2,12,0.451,0.284,303,3,0
0,0,0,0,0,0,0,0,1,0,0,0,0,0,0,0,0,0,0,0,3,12,0.463,0.445,629,2,0
1,0,0,0,0,0,0,0,0,1,0,0,0,0,1,1,0,0,0,0,2,10,0.723,0.103,671,2,0
0,0,0,0,0,0,1,0,0,0,0,1,0,0,1,0,0,0,0,0,1,16,0.213,0.314,585,3,0
0,0,0,0,1,0,0,1,0,1,0,1,0,0,1,0,1,1,1,0,6,23,0.799,0.804,389,5,1
0,0,0,0,1,0,0,0,0,0,0,0,1,0,0,1,0,1,1,0,5,13,0.108,0.025,707,2,0
1,0,0,1,1,0,0,0,0,1,0,0,0,0,0,0,0,0,0,0,0,17,0.117,0.116,970,3,0
1,1,0,0,1,1,1,1,1,0,0,0,0,0,1,0,0,1,1,0,2,25,0.642,0.932,400,2,1
1,0,0,1,0,0,0,0,0,0,0,0,0,0,0,0,0,0,0,0,7,13,0.665,0.182,175,2,0
1,0,0,1,1,1,0,0,1,1,0,0,0,0,0,0,1,1,1,0,6,21,0.648,0.535,2187,7,1
0,0,0,0,1,1,0,1,0,0,1,1,0,0,0,0,0,1,1,0,3,12,0.182,0.427,109,1,0
1,0,0,0,1,0,0,0,0,0,1,0,0,0,0,0,0,0,0,0,2,12,0.383,0.691,645,2,0
1,0,0,1,1,0,1,1,1,1,1,0,1,1,1,0,0,1,0,0,4,15,0.905,0.838,1935,6,1
0,0,0,1,1,1,0,1,0,1,0,0,0,0,1,0,0,0,1,0,2,15,0.024,0.225,536,1,0
0,0,1,0,1,0,0,0,0,0,0,0,0,1,0,0,0,0,1,0,4,12,0.345,0.241,852,2,0
1,1,0,1,1,0,0,1,1,1,0,0,0,0,1,1,0,1,0,0,4,20,0.875,0.566,1676,6,1
0,0,1,1,1,1,0,1,0,0,0,0,0,0,0,1,0,1,0,0,9,21,0.861,0.71,374,7,1
0,0,0,0,0,0,0,0,0,0,0,0,0,0,1,0,0,1,0,0,2,12,0.466,0.262,970,2,0
0,1,1,0,0,0,0,0,1,0,0,0,0,1,0,1,0,1,0,0,2,14,0.121,0.329,576,3,0
0,0,0,0,0,0,1,1,0,0,1,0,0,0,1,0,0,1,0,0,3,7,0.393,0.183,408,1,0
0,1,1,1,0,1,1,0,0,1,0,0,0,1,1,0,1,1,1,0,10,20,0.909,0.865,1234,4,1
1,0,1,0,0,0,0,1,0,0,1,0,0,0,0,0,0,0,1,0,4,16,0.372,0.282,606,1,0
0,1,1,1,1,1,0,1,0,0,0,1,0,0,1,1,0,1,1,0,7,21,0.986,0.912,1946,6,1
0,0,0,0,0,0,1,1,0,1,0,0,0,0,0,0,0,0,0,0,5,9,0.243,0.127,427,1,0
0,0,0,0,1,0,0,0,0,0,0,1,0,0,0,0,1,1,0,0,3,13,0.229,0.374,174,2,0
1,0,0,1,1,1,1,0,0,0,1,1,0,0,1,0,0,0,1,0,4,11,0.31,0.207,90,3,0
0,0,0,0,0,1,0,0,0,0,1,0,0,0,0,0,1,0,0,0,3,19,0.158,0.237,216,1,0
0,0,0,0,0,0,0,0,0,0,0,0,0,0,0,0,0,1,0,0,3,13,0.276,0.647,793,3,0
1,0,1,0,0,0,0,1,0,1,0,0,0,0,0,0,0,0,0,0,6,6,0.25,0.505,816,3,0
1,0,0,0,0,0,0,0,0,0,0,0,1,0,0,0,0,0,1,1,7,12,0.371,0.07,324,2,0
1,0,0,1,1,0,0,1,1,0,0,0,0,0,1,0,0,0,0,1,5,13,0.78,0.712,1677,7,1
1,1,0,1,0,1,1,1,0,0,1,0,0,1,1,1,1,0,0,0,7,17,0.957,0.809,2252,2,1
0,1,1,1,1,1,1,1,0,1,1,0,0,0,0,0,1,1,1,0,6,28,0.879,0.334,263,7,1
0,0,0,0,0,1,0,1,0,0,1,1,0,0,0,0,1,0,0,0,6,6,0.21,0.165,569,3,0
1,1,1,0,1,1,0,0,0,0,1,1,0,0,1,1,0,0,1,1,4,16,0.825,0.479,916,2,1
0,0,0,0,1,0,1,1,0,0,0,0,0,1,0,0,1,0,0,0,2,18,0.285,0.093,216,1,0
1,0,1,1,1,1,0,1,0,0,1,0,1,0,0,1,0,1,1,0,6,21,0.714,0.392,509,6,1
1,0,0,1,1,0,0,1,0,1,1,0,0,0,0,1,0,0,0,0,5,22,0.899,0.57,1784,6,1
1,1,0,0,0,0,0,0,1,1,0,0,0,0,1,0,0,0,0,0,5,8,0.326,0.082,641,3,0
0,1,0,0,0,0,0,0,0,0,0,0,0,1,1,0,0,0,0,0,3,15,0.42,0.19,139,2,0
1,0,0,0,1,1,0,0,0,0,0,0,0,0,0,0,0,1,0,0,3,13,0.445,0.663,144,1,0
0,0,1,0,0,1,1,0,1,0,0,0,0,0,0,0,1,1,0,0,3,17,0.234,0.441,833,2,0
0,0,0,0,0,1,0,0,0,0,0,0,0,0,1,0,0,0,0,0,4,21,0.05,0.253,933,2,0
0,1,0,1,0,1,0,1,0,1,0,1,1,0,0,0,1,1,1,0,4,20,0.657,0.934,656,3,1
0,0,0,0,0,1,0,1,0,0,0,0,0,0,0,0,0,0,0,0,1,12,0.363,0.048,437,3,0
0,1,0,1,1,0,0,0,1,1,0,1,0,0,1,0,0,1,0,0,4,11,0.369,0.271,999,3,0
1,0,0,0,0,0,1,0,0,0,0,0,1,0,0,0,1,0,0,0,4,20,0.413,0.495,985,1,0
1,0,0,0,0,0,1,0,0,0,0,1,0,0,0,0,1,0,0,1,6,21,0.686,0.649,1443,3,1
0,0,0,0,0,1,0,0,0,0,1,0,0,0,1,0,0,0,1,0,4,15,0.231,0.364,205,1,0
0,0,1,0,1,0,0,0,0,0,0,0,1,0,1,1,0,0,0,0,1,18,0.312,0.537,966,2,0
0,0,1,0,0,0,0,1,0,0,1,0,0,0,0,0,0,0,0,0,3,14,0.419,0.29,137,2,0
1,0,0,1,1,1,0,0,0,1,1,1,1,0,0,1,1,1,0,0,7,18,0.894,0.65,538,6,1
1,0,1,1,1,0,0,1,0,1,1,1,0,0,1,1,1,1,1,0,6,19,0.426,0.484,1501,5,1
0,0,0,0,1,0,0,0,1,0,1,0,0,0,1,0,0,1,0,0,1,12,0.113,0.431,855,1,0
0,0,0,0,0,0,0,0,0,0,0,0,0,0,1,1,0,0,0,0,3,14,0.275,0.486,147,3,0
1,0,0,0,1,0,0,1,0,0,0,0,0,0,0,0,0,0,0,0,3,13,0.294,0.235,869,2,0
1,0,0,1,1,1,0,0,1,1,1,1,1,0,1,1,0,1,1,1,4,38,0.866,0.469,1924,2,1
0,1,0,0,1,1,0,1,0,0,0,0,0,0,1,1,1,1,1,0,4,23,0.481,0.874,900,6,1
1,0,0,0,1,1,0,0,0,0,0,1,0,0,0,0,0,0,0,1,3,15,0.134,0.194,583,3,0
0,0,0,0,1,0,1,0,0,1,0,0,0,0,0,0,0,0,0,0,1,15,0.459,0.474,638,3,0
1,1,1,0,1,1,1,0,0,1,1,0,0,1,1,1,1,0,1,0,2,9,0.435,0.228,568,1,0
0,0,0,0,0,0,0,1,0,0,0,1,1,0,1,1,0,0,0,0,2,11,0.293,0.14,966,3,0
0,0,0,1,0,0,1,0,0,0,0,0,0,0,0,0,0,0,0,0,2,18,0.489,0.304,733,3,0
0,1,0,0,0,0,0,1,0,0,0,1,0,0,0,0,0,1,0,0,2,14,0.423,0.482,993,1,0
1,1,0,0,1,1,0,0,0,0,0,0,0,0,0,1,0,1,0,0,3,10,0.054,0.242,467,3,0
1,0,0,1,1,0,0,0,0,0,0,0,0,1,0,0,0,1,0,0,5,17,0.41,0.222,650,2,0
1,0,0,0,0,1,0,0,1,1,1,0,0,0,0,1,1,1,1,0,6,19,0.653,0.708,2325,3,1
0,1,0,0,0,0,0,0,0,1,0,0,0,0,0,0,0,1,0,0,1,9,0.279,0.311,586,2,0
1,1,0,1,1,1,1,1,0,0,1,0,1,0,0,0,0,1,1,1,7,21,0.653,0.319,748,6,1
1,0,0,1,0,0,1,0,0,0,0,0,0,0,1,1,0,0,0,0,5,20,0.932,0.384,1630,6,1
0,1,0,0,0,0,0,0,0,1,1,0,1,0,1,1,0,1,0,0,2,13,0.164,0.266,584,3,0
0,0,0,1,0,0,0,0,0,0,1,0,0,0,1,0,1,0,0,0,5,11,0.329,0.277,913,1,0
0,1,1,1,1,1,0,1,1,0,0,0,0,0,0,1,1,0,1,0,6,16,0.755,0.545,229,2,1
0,1,1,1,1,1,0,1,1,0,1,0,0,1,0,1,1,1,1,0,9,27,0.62,0.858,408,4,1
0,0,0,0,1,1,0,1,1,1,0,0,0,0,1,0,0,0,0,0,4,14,0.375,0.758,442,2,0
1,1,1,0,1,0,1,0,0,1,0,0,1,0,1,1,0,1,0,1,2,23,0.658,0.493,2143,5,1
1,1,0,0,1,1,1,1,0,1,0,1,0,0,1,1,1,1,0,0,6,22,0.58,0.792,1444,3,1
0,0,0,0,0,1,0,0,0,0,0,0,0,0,0,1,0,0,0,0,2,13,0.491,0.103,538,2,0
0,0,0,0,0,0,0,0,1,0,0,0,0,0,1,0,0,1,0,0,3,16,0.566,0.218,941,1,0
1,0,0,0,0,0,0,0,1,0,0,0,0,0,0,1,0,0,0,1,3,14,0.066,0.09,296,3,0
0,0,0,1,1,1,0,0,0,0,0,0,0,0,1,0,0,1,0,0,7,15,0.157,0.088,82,1,0
1,1,0,1,1,1,0,1,1,1,0,1,0,0,1,1,0,1,0,0,8,27,0.711,0.489,1142,2,1
0,0,0,0,0,0,0,1,0,0,1,0,0,0,0,0,0,0,0,0,1,18,0.235,0.399,140,2,0
1,0,1,0,0,0,0,0,0,0,0,0,0,0,1,0,0,0,1,0,2,13,0.639,0.582,617,1,0
1,0,0,0,1,0,1,1,0,0,1,0,1,0,0,0,0,1,0,1,4,12,0.099,0.15,544,1,0
1,0,0,0,1,0,1,0,1,0,0,0,0,0,0,0,0,0,0,0,2,14,0.523,0.156,533,1,0
1,1,0,0,1,0,1,1,0,0,1,0,0,0,0,1,0,0,0,0,5,13,0.242,0.306,915,3,0
0,0,0,1,1,0,1,0,0,0,1,0,0,0,0,1,1,1,0,0,3,10,0.205,0.014,258,1,0
0,0,0,0,0,0,0,0,0,0,1,0,0,0,0,0,0,1,0,0,1,11,0.418,0.558,901,2,0
1,0,0,1,0,0,0,1,0,0,1,0,0,0,1,0,0,1,1,0,0,17,0.208,0.432,386,1,0
0,1,0,0,0,0,0,0,1,0,1,0,1,0,0,0,1,0,0,0,2,10,0.265,0.389,278,2,0
1,0,0,0,1,0,0,0,0,1,0,0,1,0,0,0,1,0,0,0,2,12,0.26,0.241,343,1,0
0,0,0,0,1,1,1,0,0,0,1,1,0,0,0,1,0,1,0,0,4,15,0.304,0.486,206,3,0
0,1,0,0,0,0,1,0,0,0,0,0,0,0,0,1,1,0,0,0,3,12,0.31,0.202,772,2,0
0,0,0,0,0,0,0,0,0,0,0,0,0,0,0,0,0,0,0,0,4,13,0.283,0.049,698,1,0
1,0,0,0,1,1,0,0,0,0,0,0,1,0,1,0,0,1,0,0,5,14,0.216,0.041,408,2,0
1,0,0,0,0,0,0,0,0,0,1,0,0,0,1,0,0,1,1,0,2,23,0.541,0.426,572,1,0
0,1,1,0,1,0,0,1,0,1,0,1,0,0,0,1,0,0,1,0,3,18,0.635,0.507,1117,4,1
0,0,0,0,1,1,0,0,0,0,0,0,0,0,1,1,0,0,0,0,3,18,0.107,0.209,664,3,0
1,0,1,0,1,1,1,0,0,0,0,0,0,1,1,0,0,0,0,0,3,23,0.537,0.676,1999,7,1
1,0,0,0,0,0,1,0,0,0,0,0,0,1,0,0,0,0,0,0,11,10,0.047,0.475,664,1,0
0,0,0,0,0,0,0,0,0,1,1,0,0,0,0,1,0,1,0,0,3,8,0.304,0.146,131,2,0
0,0,0,0,1,1,0,0,0,0,0,0,0,0,0,0,0,0,0,0,3,8,0.47,0.269,783,1,0
0,0,0,0,0,0,1,0,0,0,1,0,0,0,0,0,0,1,0,0,0,15,0.454,0.2,495,1,0
1,0,1,1,1,1,0,1,0,1,0,1,0,1,0,1,1,0,0,0,5,21,0.684,0.574,373,7,1
1,0,0,0,0,1,1,0,0,0,1,0,0,0,1,0,0,1,0,0,4,14,0.446,0.236,233,2,0
1,1,0,0,1,0,0,0,1,0,0,0,0,0,0,0,0,0,0,0,2,11,0.218,0.213,515,2,0
1,0,0,0,0,0,0,0,0,0,0,0,0,0,1,0,0,1,0,0,1,7,0.129,0.12,458,1,0
1,1,1,0,1,0,0,0,0,1,0,1,0,0,1,1,0,1,1,1,4,16,0.814,0.881,1401,7,1
0,1,1,0,1,1,0,1,0,0,1,1,0,0,1,1,1,0,0,0,4,21,0.65,0.676,2341,3,1
1,1,0,0,1,0,0,0,0,0,0,0,0,0,0,0,0,1,0,0,4,13,0.484,0.344,354,2,0
1,1,0,1,1,0,0,0,0,0,0,0,0,0,1,0,0,0,1,0,0,13,0.031,0.043,868,3,0
0,0,1,0,1,0,0,1,0,0,0,0,0,0,0,0,1,0,0,0,4,8,0.084,0.426,87,1,0
0,0,0,0,1,0,0,0,0,0,1,1,0,0,1,0,0,0,0,0,2,14,0.346,0.102,485,2,0
0,1,0,1,0,1,0,1,0,0,1,0,0,0,0,1,0,0,0,0,3,17,0.016,0.278,418,2,0
1,0,0,0,1,1,1,1,1,0,0,0,0,0,0,0,1,1,1,0,12,25,0.794,0.583,1293,4,1
1,0,0,1,1,0,0,0,1,1,0,1,0,0,1,1,1,0,1,0,7,18,0.657,0.969,1303,6,1
0,1,0,1,1,0,0,1,0,1,0,0,0,0,0,0,0,1,1,0,3,20,0.836,0.446,1330,7,1
1,0,0,1,0,1,0,0,0,0,1,0,0,0,0,1,1,1,0,1,5,21,0.689,0.579,376,2,1
0,0,0,0,0,1,0,0,0,0,0,0,0,0,0,1,0,1,0,0,5,15,0.408,0.249,421,1,0
1,0,1,0,0,0,0,1,0,1,0,0,0,0,0,0,1,1,1,0,9,19,0.876,0.537,1666,4,1
0,0,0,1,0,0,0,0,0,0,0,1,0,0,1,1,0,1,1,0,0,15,0.424,0.095,363,2,0
0,0,0,0,0,1,0,0,1,1,0,0,1,0,1,0,0,0,1,0,4,11,0.206,0.162,893,2,0
0,1,1,0,1,0,0,0,0,0,0,1,1,0,0,0,1,0,0,0,4,17,0.059,0.218,862,2,0
0,0,0,1,0,0,0,0,1,0,0,0,1,0,0,1,0,0,0,0,4,15,0.207,0.111,414,2,0
0,0,0,0,0,0,0,0,0,0,1,0,0,0,1,1,1,1,0,0,2,13,0.43,0.331,462,1,0
1,0,0,0,0,0,1,1,1,1,0,0,0,0,0,0,1,1,0,0,4,14,0.28,0.247,195,3,0
1,1,0,0,1,0,0,0,0,0,0,1,0,0,0,1,1,1,0,0,12,23,0.346,0.576,1260,7,1
0,0,0,1,0,0,0,0,0,1,1,0,0,0,1,0,0,0,1,0,4,12,0.168,0.113,821,2,0
0,0,0,1,1,1,0,1,0,0,1,0,1,0,0,1,0,1,0,1,12,23,0.787,0.689,1016,7,1
0,0,0,0,0,0,0,1,0,0,0,0,0,0,0,0,0,1,0,0,1,20,0.493,0.311,349,1,0
1,1,0,1,1,0,0,0,0,1,1,0,0,1,0,1,1,1,0,1,5,16,0.968,0.941,863,6,1
1,1,0,0,0,1,0,0,0,1,0,1,0,0,0,0,0,0,0,0,1,9,0.727,0.077,172,3,0
1,0,0,0,1,1,0,0,0,0,0,1,0,1,0,0,0,0,0,0,2,12,0.696,0.228,264,1,0
0,0,0,1,1,1,0,1,0,1,1,0,0,0,0,0,0,1,0,0,4,30,0.767,0.888,751,5,1
1,1,0,0,0,1,0,1,0,0,1,0,0,1,0,1,0,1,1,0,13,24,0.667,0.537,1336,5,1
0,1,0,1,1,1,0,1,1,0,1,0,0,0,1,0,0,1,1,0,7,18,0.648,0.854,1521,2,1
0,0,0,1,1,0,0,0,0,0,0,0,0,0,1,1,0,0,1,1,6,13,0.535,0.371,399,1,0
1,1,1,1,1,0,0,0,0,0,0,0,0,0,0,0,0,0,1,0,2,10,0.385,0.117,743,1,0
0,0,0,0,0,0,0,0,0,1,1,0,1,0,1,0,0,1,0,0,4,11,0.047,0.37,427,3,0
0,0,0,0,0,0,0,0,0,0,1,0,0,0,0,0,0,1,0,0,1,12,0.421,0.057,870,1,0
0,0,0,0,0,0,0,0,1,0,0,1,0,0,0,0,0,1,1,0,2,12,0.373,0.349,438,1,0
1,1,0,0,0,0,0,0,0,0,0,0,1,1,1,1,0,0,0,0,2,15,0.545,0.15,681,2,0
0,0,1,0,1,0,0,0,0,1,1,0,0,0,1,0,1,0,0,0,5,17,0.245,0.076,260,1,0
0,0,0,0,1,0,0,1,0,0,1,0,1,0,0,0,0,0,0,1,2,10,0.212,0.505,783,1,0
0,0,0,0,1,0,0,0,1,0,0,0,1,0,0,1,0,0,0,1,5,21,0.405,0.41,610,2,0
0,0,0,0,1,0,1,0,0,0,1,0,1,0,0,0,0,0,0,0,2,11,0.353,0.255,625,3,0
1,0,0,1,0,0,1,1,1,0,0,1,0,1,1,1,1,1,0,0,9,27,0.815,0.683,742,2,1
0,1,1,1,1,0,1,0,0,0,1,1,1,0,0,1,1,1,0,0,6,21,0.542,0.408,182,5,1
0,0,0,0,0,0,0,1,0,0,0,1,0,0,0,1,0,0,0,0,2,13,0.114,0.051,792,2,0
1,0,0,1,0,1,1,1,0,0,1,0,1,1,1,0,0,1,0,0,7,33,0.918,0.477,196,5,1
0,0,0,0,0,0,0,0,0,0,0,0,0,0,0,0,0,0,0,0,6,12,0.362,0.328,934,1,0
0,0,0,0,0,0,0,0,0,1,0,0,0,0,0,1,0,0,0,0,5,12,0.144,0.224,340,2,0
0,0,0,1,0,0,0,0,0,0,1,0,0,0,0,0,0,0,0,0,2,7,0.186,0.39,621,2,0
1,1,1,1,1,0,0,1,1,1,0,1,0,0,0,1,1,1,0,0,4,26,0.818,0.282,1115,2,1
0,0,1,0,1,0,0,0,0,1,0,0,0,1,0,0,0,0,0,1,1,14,0.253,0.246,307,3,0
0,0,0,1,1,1,0,0,1,0,1,0,0,1,0,0,0,0,0,0,6,13,0.124,0.25,256,3,0
1,0,1,1,1,0,0,0,0,0,1,0,0,0,0,0,0,0,0,0,4,20,0.661,0.402,2240,6,1
0,1,0,1,0,0,0,1,0,0,0,1,1,0,1,0,0,0,0,0,0,10,0.435,0.463,255,1,0
0,0,1,1,0,0,0,0,0,0,0,0,0,0,1,0,0,1,0,1,1,10,0.272,0.216,931,3,0
0,0,0,0,1,0,0,0,1,0,1,1,0,0,0,1,0,0,0,0,1,10,0.379,0.192,343,1,0
1,0,1,0,0,0,0,0,0,0,1,0,0,0,0,0,0,1,0,0,6,14,0.551,0.072,260,3,0
1,0,0,0,0,0,0,0,0,0,0,0,1,0,0,1,0,0,0,1,6,12,0.189,0.342,756,2,0
0,0,0,0,0,0,0,1,0,1,0,1,1,0,0,0,0,1,0,0,2,9,0.509,0.475,953,1,0
0,0,1,0,1,0,0,0,1,0,0,0,0,0,0,0,0,0,1,0,1,15,0.364,0.159,646,3,0
1,1,1,1,1,1,0,1,0,1,0,0,0,0,0,1,0,1,0,0,5,27,0.686,0.794,459,7,1
1,0,0,1,0,0,1,1,0,0,1,0,0,0,0,1,0,1,1,1,9,18,0.876,0.412,2232,5,1
0,0,0,1,1,0,0,0,0,0,0,1,0,0,0,0,1,0,0,0,3,8,0.149,0.179,572,2,0
0,1,0,0,0,1,0,0,0,0,0,0,1,0,1,0,0,0,0,0,5,14,0.32,0.236,194,2,0
1,0,1,1,1,1,0,0,0,0,0,1,0,1,1,1,1,1,1,1,6,24,0.898,0.589,2192,4,1
0,0,0,0,0,0,1,0,0,0,0,0,1,0,1,0,0,0,1,0,4,12,0.211,0.375,380,1,0
1,0,1,1,1,0,0,1,1,0,1,0,0,1,1,0,1,1,0,0,12,32,0.938,0.805,1008,2,1
0,0,0,1,0,0,0,0,1,0,1,0,0,0,0,0,0,0,0,0,2,14,0.185,0.128,320,1,0
0,0,0,0,1,0,0,0,0,0,1,1,0,0,0,1,0,1,0,1,2,9,0.092,0.209,274,2,0
0,0,1,0,0,0,0,0,0,0,0,0,0,0,0,0,0,1,0,0,3,13,0.133,0.366,968,1,0
1,0,1,1,1,1,0,1,0,1,0,0,1,1,1,0,1,1,0,0,12,18,0.682,0.825,1980,5,1
1,0,0,1,1,0,0,1,1,1,1,1,0,0,0,1,0,1,0,0,2,22,0.646,0.693,2335,3,1
0,1,1,0,1,0,0,0,1,0,0,1,0,0,0,0,0,0,0,0,3,15,0.071,0.199,828,2,0
0,0,0,0,0,0,0,0,0,1,0,0,0,1,0,0,0,0,0,1,4,14,0.095,0.373,989,2,0
1,1,1,1,1,1,0,0,0,1,0,1,1,0,1,0,1,1,1,0,3,23,0.697,0.804,548,7,1
1,1,0,0,0,1,0,0,0,0,0,0,0,0,0,0,1,0,0,0,3,15,0.373,0.202,252,1,0
1,1,0,0,0,0,1,1,0,1,1,0,0,0,0,0,0,1,0,1,3,16,0.642,0.98,2229,2,1
0,0,0,0,0,1,1,0,0,1,0,1,0,0,0,0,1,1,0,0,0,13,0.086,0.406,82,1,0
1,0,0,1,0,0,0,0,0,0,1,0,0,0,0,0,0,1,1,0,0,17,0.438,0.325,415,1,0
0,1,1,1,1,1,0,1,1,0,1,1,0,0,0,1,1,1,0,0,5,22,0.405,0.373,1818,6,1
0,1,0,0,0,0,1,0,0,0,0,1,0,0,0,0,1,0,0,0,2,10,0.056,0.073,821,2,0
1,0,0,1,0,0,1,0,0,0,0,1,1,0,0,0,0,0,0,0,0,10,0.49,0.534,946,2,0
1,0,1,1,0,0,1,1,0,0,0,0,1,0,0,1,0,0,1,0,5,23,0.589,0.609,1775,4,1
1,1,0,1,0,0,0,0,0,0,0,1,0,1,0,1,0,1,0,0,13,18,0.635,0.664,1095,7,1
0,1,1,1,0,1,0,0,0,1,0,0,0,0,1,0,1,1,0,0,3,14,0.094,0.264,593,1,0
1,0,0,0,1,0,0,0,0,0,0,0,0,0,0,0,1,0,1,0,2,10,0.286,0.243,626,3,0
1,1,0,1,1,1,1,0,0,1,0,1,0,0,1,0,0,1,0,0,4,14,0.683,0.491,2064,4,1
0,0,0,0,0,0,0,0,0,1,1,0,0,1,0,1,0,0,0,0,2,13,0.174,0.187,948,3,0
1,0,1,1,0,0,0,1,0,1,0,0,0,0,1,0,1,1,1,0,12,24,0.848,0.573,1430,6,1
1,0,0,1,0,1,0,1,0,1,1,1,0,0,0,0,1,1,0,0,3,27,0.655,0.466,1546,4,1
0,0,1,1,0,0,0,0,0,0,1,0,0,1,0,0,0,0,0,0,3,11,0.269,0.177,645,2,0
1,0,0,1,0,1,1,0,0,0,0,0,0,0,0,0,0,0,1,0,0,17,0.511,0.427,669,2,0
1,1,1,0,0,0,0,0,0,0,1,1,0,1,1,1,0,0,0,0,9,23,0.648,0.472,1616,2,1
1,0,0,0,1,1,1,1,0,1,0,0,1,0,0,0,0,1,0,0,2,21,0.8,0.802,401,3,1
1,0,1,1,1,0,1,1,1,1,1,0,1,0,1,1,0,0,0,0,4,22,0.695,0.132,1306,4,1
0,0,0,0,1,1,1,1,1,0,0,1,0,0,1,1,0,0,1,0,1,13,0.205,0.227,930,3,0
1,0,0,0,0,1,0,0,0,0,1,0,0,0,1,0,0,1,0,0,5,10,0.513,0.022,169,1,0
1,0,0,0,0,1,0,0,0,0,0,0,0,1,0,0,0,1,0,0,6,11,0.079,0.162,671,1,0
0,1,1,0,1,0,1,0,0,0,0,0,0,0,1,1,1,1,0,0,7,13,0.33,0.261,829,1,0
0,1,0,1,1,0,0,0,0,0,0,0,0,0,0,0,0,0,0,0,4,13,0.52,0.233,675,3,0
0,0,0,0,0,0,0,0,0,0,0,0,1,0,0,1,0,0,0,0,3,15,0.394,0.071,429,3,0
1,1,0,1,0,0,0,0,0,1,1,0,0,0,1,0,1,1,1,1,5,26,0.888,0.861,505,4,1
0,0,0,0,0,1,0,0,0,0,0,1,1,0,1,1,0,0,0,0,3,23,0.384,0.454,585,1,0
1,0,0,0,1,0,1,0,0,1,0,1,0,1,0,0,0,0,0,0,5,15,0.656,0.174,435,1,0
1,1,0,0,0,0,0,0,0,1,1,0,0,0,1,0,0,1,0,0,3,11,0.547,0.132,733,1,0
0,1,0,1,0,0,0,1,0,0,1,0,0,1,0,0,1,1,0,0,3,13,0.075,0.08,775,3,0
0,0,0,0,0,0,0,0,0,0,0,1,0,0,0,0,0,1,0,0,7,10,0.123,0.574,935,1,0
0,0,0,0,0,0,0,0,0,1,0,0,1,0,1,0,1,0,0,0,5,13,0.573,0.085,924,3,0
1,0,1,1,1,0,1,1,0,0,1,0,0,1,1,1,1,1,1,0,8,19,0.891,0.921,1025,6,1
1,0,1,1,1,0,0,1,1,0,1,1,0,0,1,1,1,0,1,1,9,18,0.401,0.822,692,5,1
0,1,0,1,1,0,0,0,0,0,0,0,0,1,1,0,1,1,0,0,3,14,0.276,0.03,537,3,0
1,0,1,1,1,0,1,0,1,1,1,1,0,0,0,1,0,1,0,1,4,19,0.778,0.868,224,7,1
0,1,1,1,1,1,1,0,0,1,1,1,0,0,0,0,0,1,0,0,5,19,0.635,0.52,1603,3,1
1,0,0,1,1,1,1,0,0,1,0,0,1,1,0,0,1,1,0,0,3,28,0.807,0.749,1761,6,1
1,0,0,0,0,0,0,1,0,0,1,0,0,0,0,0,0,1,0,0,3,11,0.206,0.477,649,1,0
1,1,0,1,1,0,0,1,0,1,1,0,0,0,0,1,1,0,1,0,5,19,0.827,0.457,1980,3,1
0,0,0,0,0,0,0,0,0,0,0,0,0,1,0,0,0,0,0,0,5,13,0.132,0.394,813,1,0
0,1,0,1,0,0,0,1,1,1,0,1,1,0,1,1,1,1,1,0,5,19,0.699,0.843,925,4,1
0,1,0,0,0,1,0,0,0,0,1,0,0,0,1,0,0,1,0,1,2,13,0.303,0.322,625,1,0
1,1,0,0,1,1,0,0,1,0,1,0,1,0,0,0,1,1,1,1,4,17,0.684,0.693,777,6,1
1,1,0,0,1,0,0,0,0,0,1,0,0,0,0,0,0,0,1,1,3,15,0.391,0.332,655,3,0
0,0,0,1,0,0,0,0,0,0,1,0,0,1,1,0,0,1,0,0,3,9,0.074,0.187,173,2,0
0,1,0,0,1,0,0,0,0,0,0,0,1,0,0,0,0,1,0,0,3,11,0.188,0.23,498,3,0
0,0,0,1,1,0,1,0,0,0,0,0,0,0,0,1,0,0,0,0,1,14,0.219,0.076,521,2,0
1,1,0,0,1,0,0,0,0,1,0,1,0,0,0,0,0,1,0,0,2,18,0.332,0.547,441,3,0
0,0,0,0,1,0,0,0,0,0,0,0,1,0,0,0,0,0,0,0,5,14,0.165,0.231,770,2,0
0,1,1,0,1,0,0,1,0,0,0,0,0,0,0,0,0,1,0,0,3,10,0.277,0.237,696,3,0
0,0,1,0,1,0,0,0,0,0,0,0,0,0,0,0,1,0,0,0,3,15,0.232,0.36,437,1,0
0,0,1,0,1,0,0,0,0,0,0,0,0,0,0,0,0,1,0,0,4,18,0.06,0.366,841,3,0
1,0,0,0,0,0,0,0,0,0,0,0,1,1,0,0,1,0,0,0,1,13,0.244,0.18,894,1,0
0,0,0,0,1,0,0,0,0,1,0,0,0,0,0,0,0,1,0,0,1,13,0.093,0.135,643,3,0
1,0,0,0,1,1,1,0,0,0,0,0,0,1,1,0,0,0,0,0,3,10,0.444,0.171,202,2,0
0,1,0,0,1,0,1,0,0,0,1,1,0,0,0,0,1,0,1,0,2,15,0.624,0.315,836,3,0
1,0,0,0,0,0,0,0,0,0,0,0,0,0,0,1,0,0,0,0,4,14,0.215,0.297,246,2,0
0,0,0,0,0,0,0,0,0,0,0,0,0,0,0,0,0,0,0,0,1,18,0.193,0.1,239,3,0
1,0,0,0,0,0,0,0,0,0,1,1,0,0,0,0,0,0,0,0,1,14,0.251,0.335,633,1,0
1,0,1,0,1,1,0,0,0,1,0,0,0,0,0,0,0,1,0,0,0,8,0.133,0.253,97,2,0
1,0,0,1,0,0,0,0,0,0,0,1,1,0,0,0,0,0,0,0,4,12,0.146,0.057,701,3,0
1,0,0,0,0,0,0,1,0,0,1,0,0,0,0,0,0,1,1,0,4,12,0.389,0.239,395,2,0
1,0,0,0,0,0,0,0,0,0,0,0,1,0,0,0,0,0,0,0,5,13,0.333,0.343,314,1,0
1,0,0,1,0,0,0,1,0,1,1,1,0,0,0,1,0,1,1,0,7,21,0.799,0.897,960,7,1
1,0,0,1,1,0,0,1,0,0,0,0,1,0,0,1,1,1,0,0,7,24,0.637,0.705,206,5,1
0,0,0,0,1,0,0,0,1,1,0,1,1,0,1,1,1,1,1,0,2,20,0.849,0.835,243,5,1
0,0,0,0,0,0,1,0,1,0,0,0,0,1,1,0,0,0,0,0,2,16,0.464,0.731,512,2,0
0,0,1,1,0,0,0,0,0,1,1,0,0,0,0,1,0,1,0,1,3,19,0.559,0.554,748,2,1
1,1,0,0,1,1,0,1,1,1,1,0,0,0,0,1,1,0,0,1,5,22,0.619,0.625,2176,4,1
1,1,0,0,0,0,0,0,0,0,1,0,0,0,0,0,0,0,1,0,4,11,0.268,0.294,823,3,0
0,0,0,0,0,0,0,0,0,1,1,1,0,1,0,0,0,0,0,1,3,15,0.46,0.151,940,3,0
1,1,0,1,0,1,0,1,1,1,1,0,0,0,1,1,1,1,1,1,4,19,0.644,0.819,1538,2,1
1,0,0,0,1,1,0,0,0,0,1,1,0,0,0,1,0,0,0,0,2,15,0.256,0.631,725,1,0
0,0,0,1,0,0,0,1,1,0,1,0,1,1,1,1,1,1,1,1,3,23,0.467,0.19,535,3,1
0,0,0,1,0,0,0,0,0,0,0,0,1,0,0,0,0,1,0,0,6,11,0.199,0.319,779,3,0
1,0,0,0,0,0,0,0,0,0,0,0,0,0,0,1,0,1,0,0,3,13,0.388,0.143,950,2,0
1,0,0,0,1,1,0,1,0,0,1,0,1,0,0,0,0,0,0,0,3,13,0.462,0.227,496,1,0
1,1,1,1,0,0,1,1,0,1,1,1,0,1,1,1,1,0,0,0,3,28,0.841,0.435,378,3,1
1,0,0,0,1,0,0,1,0,0,0,0,0,1,0,0,0,1,0,0,1,13,0.243,0.056,833,1,0
1,0,0,1,0,1,0,0,0,1,0,0,1,0,1,1,1,0,0,1,4,19,0.938,0.782,280,6,1
0,0,0,0,0,1,1,0,0,0,1,0,0,0,0,0,1,1,0,0,2,11,0.024,0.12,433,3,0
0,0,0,0,0,0,0,1,1,0,0,0,0,1,0,0,0,1,1,0,4,13,0.216,0.651,596,1,0
0,0,0,0,0,0,1,0,0,1,0,0,0,0,0,0,0,0,0,0,2,9,0.141,0.199,588,1,0
1,0,0,0,0,1,0,0,0,0,1,0,0,1,0,0,0,1,0,0,2,12,0.196,0.277,893,1,0
0,0,0,0,0,1,0,0,0,0,0,1,0,1,0,0,0,1,0,0,2,15,0.399,0.298,260,2,0
0,0,0,0,1,0,0,0,0,0,0,0,1,0,0,1,0,0,1,0,2,9,0.301,0.216,140,1,0
0,0,0,0,0,0,0,0,0,1,0,1,0,0,0,1,0,0,0,0,3,9,0.137,0.309,129,1,0
0,0,0,0,1,1,0,0,1,0,0,0,1,0,0,0,0,0,1,0,6,10,0.235,0.632,932,3,0
1,0,1,1,1,0,1,1,0,0,1,0,0,0,0,1,1,1,1,0,6,19,0.807,0.365,1940,3,1
0,1,0,0,0,0,0,1,0,0,0,0,0,0,0,1,0,1,0,0,2,16,0.29,0.191,919,3,0
1,1,1,0,0,0,0,0,0,0,0,0,0,1,0,0,0,1,0,0,8,16,0.223,0.062,466,1,0
0,0,0,0,0,0,1,0,0,0,0,0,0,0,0,0,1,0,0,0,2,8,0.434,0.145,981,3,0
1,0,0,1,0,1,0,1,0,1,1,0,1,0,1,0,0,0,0,0,8,20,0.836,0.568,1658,7,1
1,0,1,0,1,0,0,0,0,0,1,0,1,1,1,0,0,0,0,0,2,15,0.445,0.447,429,3,0
0,0,0,0,0,0,0,0,0,1,0,0,1,0,1,0,0,0,1,0,5,16,0.259,0.054,417,1,0
0,1,0,1,0,0,0,0,1,1,0,0,0,0,0,0,1,0,0,0,5,16,0.416,0.065,128,1,0
0,0,1,1,1,1,1,0,0,0,1,0,1,0,1,1,1,1,1,0,4,18,0.534,0.673,1705,6,1
0,0,0,0,1,0,0,0,0,0,0,0,0,0,1,0,0,0,0,0,4,9,0.143,0.383,241,2,0
0,0,0,0,0,0,0,0,0,0,1,0,0,0,0,0,0,0,1,0,0,5,0.123,0.318,278,3,0
1,0,0,1,1,1,1,1,0,1,1,0,0,0,0,1,0,1,0,0,6,22,0.895,0.792,1873,3,1
0,0,0,0,0,1,0,1,0,0,0,1,1,0,0,0,1,1,0,0,7,13,0.325,0.232,446,3,0
1,0,0,1,0,1,0,1,1,0,1,1,1,0,0,1,0,1,0,1,6,20,0.728,0.961,1011,6,1
0,0,1,1,0,0,0,0,0,0,0,0,0,0,0,0,0,1,0,0,1,14,0.566,0.077,830,1,0
1,1,0,0,0,0,0,0,0,0,1,0,0,0,0,0,0,0,0,0,3,13,0.343,0.515,731,3,0
0,1,0,0,1,1,1,1,0,0,1,0,0,0,1,0,1,1,1,0,3,25,0.776,0.902,375,5,1
1,0,0,0,0,1,0,0,0,1,1,0,0,0,1,1,1,0,0,0,5,11,0.182,0.158,368,3,0
0,0,1,1,1,1,1,1,1,0,0,0,0,1,1,0,0,0,0,0,9,20,0.511,0.821,1217,6,1
1,0,0,0,0,1,1,0,0,1,0,0,1,0,0,1,1,1,1,0,7,27,0.823,0.837,561,7,1
0,1,0,1,1,1,0,1,0,1,0,0,0,0,1,1,1,1,0,0,7,24,0.754,0.842,2360,3,1
1,1,0,1,0,1,0,0,0,1,0,0,0,0,0,0,0,0,1,0,4,11,0.44,0.078,219,3,0
0,1,1,0,0,1,0,0,1,1,1,0,0,0,0,0,0,0,0,0,1,10,0.195,0.133,753,1,0
1,0,0,1,1,0,0,1,0,0,0,1,0,1,1,1,1,0,0,0,7,19,0.373,0.404,1803,4,1
1,0,0,1,1,1,1,1,0,0,0,0,0,0,1,1,0,1,0,0,3,15,0.383,0.687,791,1,0
1,1,0,0,0,0,0,0,0,1,1,0,0,1,0,0,0,0,0,0,2,11,0.344,0.304,663,3,0
0,0,0,0,0,1,0,0,0,0,0,0,0,0,0,0,1,1,0,0,3,11,0.14,0.556,598,3,0
1,0,0,0,0,1,0,0,0,0,1,0,0,0,1,1,0,1,0,0,6,12,0.307,0.2,356,3,0
1,0,1,0,0,0,0,0,0,0,0,0,0,0,1,1,1,0,0,0,1,20,0.09,0.028,517,3,0
0,0,0,0,0,0,0,1,1,0,0,0,0,0,0,1,0,0,0,0,5,12,0.285,0.301,281,2,0
1,0,1,1,1,1,1,1,0,0,0,0,0,0,1,1,1,1,1,0,7,23,0.832,0.661,326,5,1
1,0,0,1,1,0,1,1,0,1,1,0,0,0,0,1,1,1,1,0,9,28,0.619,0.874,541,4,1
1,0,0,1,0,0,1,0,0,0,0,0,0,0,0,0,0,0,0,0,0,12,0.276,0.277,571,3,0
0,1,0,1,1,0,0,0,1,0,0,0,0,0,0,0,0,0,1,1,3,11,0.102,0.159,819,3,0
0,1,0,1,0,0,0,0,0,0,0,0,0,0,1,0,0,0,1,0,4,18,0.52,0.153,502,1,0
0,1,1,1,1,1,1,0,0,1,0,0,0,0,1,1,1,1,0,0,4,21,0.579,0.844,1019,6,1
1,0,0,1,0,1,0,0,0,1,1,1,0,0,1,0,1,1,0,0,6,28,0.718,0.418,792,3,1
0,0,0,0,0,0,0,0,0,0,0,0,0,1,0,0,0,0,0,0,3,15,0.24,0.146,631,2,0
0,0,0,0,1,0,0,0,0,0,0,0,0,0,1,0,0,0,0,0,2,17,0.216,0.108,134,1,0
1,1,0,0,0,1,0,0,1,0,1,0,0,0,0,0,0,0,1,0,1,9,0.392,0.088,609,1,0
0,0,0,0,1,0,0,0,1,0,0,0,0,0,1,0,0,1,0,0,2,13,0.486,0.471,867,3,0
1,0,0,0,0,0,1,0,0,0,0,0,1,0,1,0,0,1,0,0,6,10,0.208,0.292,485,2,0
0,0,0,0,1,1,1,0,0,0,1,0,0,0,0,0,0,1,0,0,8,15,0.36,0.317,525,1,0
1,0,0,0,0,0,0,0,0,0,1,0,0,0,1,0,0,0,0,0,8,23,0.1,0.382,494,2,0
0,1,0,0,0,0,0,0,0,0,0,0,0,0,0,0,0,0,1,0,4,12,0.041,0.059,419,2,0
1,0,0,0,0,0,0,1,0,1,1,1,0,0,1,1,1,0,0,0,6,28,0.918,0.66,989,6,1
0,0,0,1,1,1,0,1,1,0,0,0,1,1,1,1,1,1,0,1,5,21,0.921,0.455,1185,7,1
1,0,1,1,0,0,1,0,0,0,0,1,0,0,1,1,0,1,1,0,6,25,0.912,0.943,656,5,1
0,1,0,1,1,0,0,1,0,1,1,0,0,1,0,0,0,0,1,0,5,8,0.297,0.275,134,3,0
0,0,0,0,0,0,0,0,1,0,1,0,0,1,0,0,1,0,0,0,2,17,0.317,0.57,568,1,0
1,1,0,1,1,0,0,0,0,0,1,0,1,1,1,1,1,1,0,0,3,27,0.863,0.662,1753,3,1
1,0,0,1,1,0,0,0,0,0,1,0,0,0,0,0,0,0,1,0,0,14,0.084,0.036,702,1,0
1,1,1,1,1,1,1,1,0,1,1,0,1,0,0,1,0,1,0,1,10,19,0.939,0.78,136,5,1
0,0,0,0,1,1,0,1,0,0,1,0,0,0,1,0,0,0,0,0,2,10,0.123,0.63,978,3,0
0,0,1,0,1,0,1,1,0,0,0,1,1,0,0,0,0,0,0,0,3,19,0.167,0.382,939,2,0
1,0,0,0,1,1,1,1,0,1,1,1,1,1,1,1,0,0,0,0,6,22,0.451,0.632,2101,2,1
1,1,0,1,0,0,0,0,0,0,0,0,0,0,0,0,0,0,1,0,6,13,0.102,0.415,958,1,0
0,0,0,0,1,0,0,1,0,0,0,0,1,1,0,0,0,0,0,0,3,9,0.088,0.455,909,1,0
0,1,0,0,0,0,0,0,0,0,1,1,0,0,0,1,0,0,0,0,5,12,0.167,0.534,379,2,0
0,0,0,0,1,0,0,0,0,0,1,0,0,0,0,1,0,0,0,0,2,17,0.335,0.387,813,2,0
0,1,0,1,0,0,0,0,0,0,1,0,1,0,1,1,0,0,1,0,3,18,0.924,0.531,718,4,1
0,0,0,0,0,1,0,0,0,0,1,0,0,0,0,0,0,0,0,0,9,8,0.212,0.46,488,1,0
0,0,0,0,1,0,0,0,1,0,0,1,1,0,0,0,1,1,1,0,2,13,0.497,0.193,585,1,0
1,0,0,1,0,0,0,1,0,0,1,0,1,0,0,0,0,0,0,1,6,11,0.51,0.249,876,1,0
0,1,0,0,1,0,1,1,1,1,1,0,1,1,1,0,1,0,0,1,6,15,0.792,0.606,2225,7,1
0,0,0,1,0,0,0,0,0,0,1,0,0,0,0,1,0,1,0,0,3,8,0.675,0.515,304,2,0
0,0,1,0,0,0,1,0,0,0,1,0,0,0,0,0,1,0,0,0,4,11,0.495,0.199,911,3,0
0,1,0,0,1,0,0,0,0,0,0,0,0,0,1,0,1,0,0,1,5,16,0.092,0.455,190,2,0
0,0,1,0,1,0,0,0,0,0,0,0,1,0,0,0,1,0,0,0,3,13,0.479,0.03,650,1,0
0,0,0,0,1,0,0,0,0,1,1,0,0,0,0,0,0,1,0,0,1,11,0.232,0.448,699,2,0
1,0,0,0,0,0,1,0,0,0,1,0,0,0,1,1,1,1,0,0,8,25,0.777,0.706,1376,2,1
0,0,0,0,1,0,0,0,0,0,1,0,0,0,0,0,0,0,0,1,3,19,0.413,0.129,329,3,0
1,1,0,0,0,1,0,0,0,0,1,0,0,0,1,1,0,0,0,0,5,14,0.324,0.245,605,2,0
1,0,1,0,1,0,0,1,0,0,0,1,0,0,0,1,0,1,1,0,6,22,0.639,0.854,1630,3,1
0,0,0,0,0,0,0,0,0,0,0,0,0,0,1,0,1,0,0,1,0,12,0.44,0.544,151,1,0
1,0,1,0,1,1,0,1,0,0,0,0,1,0,1,1,1,1,0,0,6,23,0.564,0.895,124,6,1
1,0,0,1,1,0,1,1,0,0,0,0,0,0,1,0,1,1,1,0,8,22,0.586,0.721,2195,6,1
0,0,0,0,0,0,1,0,0,0,0,0,1,0,0,1,0,1,1,0,4,17,0.333,0.494,353,3,0
0,0,0,0,1,0,0,0,0,0,1,0,0,0,0,0,1,0,0,0,6,7,0.137,0.018,721,3,0
0,0,0,1,1,1,0,0,0,1,0,0,0,0,1,0,0,1,0,0,3,11,0.148,0.072,250,3,0
0,0,0,1,1,0,0,0,0,0,1,0,0,0,1,0,0,1,0,0,1,9,0.192,0.595,164,2,0
0,0,0,0,0,0,0,0,0,0,0,0,1,0,1,0,0,0,1,0,4,13,0.145,0.412,646,1,0
0,0,0,1,0,1,1,0,0,0,1,0,0,1,1,1,1,1,0,1,6,16,0.314,0.265,979,2,0
0,0,0,0,0,0,1,1,0,0,1,0,0,0,0,0,1,0,0,0,4,18,0.318,0.737,440,2,0
0,0,1,0,1,1,0,1,1,0,1,0,0,0,1,0,1,1,0,0,3,18,0.778,0.958,1144,5,1
1,0,1,1,0,1,0,1,0,1,0,1,0,0,1,0,1,1,0,1,4,22,0.898,0.709,2106,3,1
1,1,1,0,0,0,0,0,0,0,0,0,0,0,0,0,0,0,1,0,1,7,0.294,0.195,446,2,0
1,0,0,0,1,0,0,0,0,0,1,0,0,0,1,1,0,1,0,0,3,13,0.525,0.09,860,3,0
1,0,1,1,0,1,0,1,0,1,0,0,1,1,1,1,0,1,1,1,4,24,0.595,0.906,2299,3,1
0,0,0,0,1,0,1,0,0,0,0,0,0,0,0,0,0,0,1,0,2,11,0.166,0.267,710,2,0
1,0,0,1,1,1,1,1,0,0,1,1,1,0,1,1,0,0,1,0,5,18,0.478,0.27,340,5,1
1,1,0,0,0,1,0,1,0,0,0,1,1,0,0,1,1,1,0,1,5,20,0.753,0.813,1362,5,1
0,0,0,0,1,0,1,1,0,0,0,0,1,0,0,1,1,0,0,0,5,11,0.387,0.196,168,3,0
0,0,0,0,0,1,0,0,0,0,0,0,0,0,0,0,1,1,0,0,4,12,0.173,0.153,325,2,0
1,0,0,0,0,1,0,0,1,0,1,1,0,0,0,0,0,1,0,0,3,15,0.254,0.465,271,3,0
1,1,0,0,0,1,0,0,0,1,0,0,1,0,0,0,0,0,1,0,3,11,0.067,0.108,751,2,0
0,0,0,0,0,1,0,0,0,0,0,1,0,0,0,0,1,1,0,0,1,13,0.345,0.043,775,3,0
0,0,0,0,1,1,0,0,0,0,0,0,1,0,0,0,0,1,1,0,1,15,0.566,0.49,619,2,0
0,0,0,0,0,0,0,0,0,0,1,0,1,0,0,0,0,0,0,1,0,11,0.237,0.116,744,2,0
1,1,1,0,1,0,1,0,0,0,0,0,0,0,0,1,0,1,0,1,1,9,0.173,0.558,744,3,0
1,1,0,1,0,1,0,0,0,0,1,1,0,0,1,1,1,1,1,0,7,13,0.391,0.502,861,5,1
0,1,0,1,1,0,1,1,0,0,1,0,0,0,1,1,1,1,1,1,6,19,0.644,0.518,312,2,1
1,0,0,0,1,0,0,0,0,0,0,0,0,0,0,0,1,0,1,0,4,15,0.117,0.183,902,1,0
1,0,0,0,0,0,0,0,0,0,0,0,1,0,0,0,0,1,0,0,4,8,0.303,0.434,743,3,0
1,0,0,1,0,0,0,0,1,1,0,0,1,0,0,1,0,1,0,0,3,9,0.463,0.324,774,3,0
1,1,0,1,1,0,0,0,0,0,0,0,0,0,0,1,1,0,0,0,1,17,0.517,0.658,375,3,0
0,0,0,0,0,0,0,0,0,0,0,0,0,0,0,1,0,0,0,0,4,14,0.156,0.428,441,2,0
1,0,1,0,1,0,1,0,0,1,1,1,0,0,1,1,1,0,0,0,8,27,0.836,0.855,1773,6,1
0,1,1,0,1,1,0,0,0,1,1,1,0,1,1,1,0,1,0,1,7,20,0.755,0.645,1145,2,1
1,0,0,0,1,0,0,0,0,0,1,0,0,1,0,0,0,0,0,0,4,13,0.062,0.376,166,3,0
1,0,0,1,0,1,0,0,0,1,1,0,0,0,0,0,0,1,0,0,4,19,0.064,0.155,471,3,0
1,0,0,0,0,0,0,0,0,0,0,0,0,0,0,0,0,0,0,0,3,9,0.313,0.326,693,3,0
0,0,0,1,0,0,0,0,0,0,1,0,0,0,1,0,0,0,0,0,3,16,0.26,0.389,706,1,0
1,0,0,0,1,0,0,1,0,1,0,0,0,0,0,0,0,0,0,0,4,12,0.221,0.035,397,2,0
0,0,0,0,1,0,0,0,0,1,0,0,0,0,0,1,1,0,1,0,2,18,0.25,0.315,572,2,0
1,0,0,0,0,1,0,0,0,0,0,0,0,0,0,1,0,0,0,0,3,17,0.214,0.377,574,3,0
1,1,0,0,1,0,0,0,0,0,0,0,0,0,0,1,0,0,1,1,3,11,0.263,0.201,801,1,0
0,1,0,0,1,1,0,1,0,1,0,0,0,1,0,0,0,0,0,1,4,13,0.059,0.195,110,2,0
1,0,0,0,0,1,0,1,0,0,0,0,0,0,0,0,1,0,1,0,3,14,0.455,0.505,235,3,0
1,1,0,1,0,1,0,0,0,0,0,0,0,0,1,0,1,1,0,0,2,17,0.064,0.487,877,2,0
1,0,0,0,1,1,0,0,1,0,0,0,1,0,1,0,0,0,0,0,4,7,0.467,0.282,237,3,0
1,1,0,0,1,0,1,0,0,0,1,0,0,0,1,1,0,0,0,0,2,10,0.33,0.196,109,2,0
1,1,0,0,1,1,0,1,0,1,1,1,0,1,1,0,1,0,1,1,6,12,0.528,0.796,363,5,1
1,0,0,0,0,0,0,0,0,0,1,0,0,0,0,1,0,0,0,0,1,12,0.145,0.202,808,2,0
0,1,1,1,1,1,0,1,0,1,0,1,0,0,1,1,1,1,1,1,10,22,0.763,0.736,433,5,1
1,0,0,1,0,0,0,0,0,1,0,1,0,1,0,0,0,0,0,0,1,13,0.428,0.264,348,1,0
0,1,0,0,0,0,0,1,0,0,0,0,0,0,0,1,0,0,0,0,0,19,0.161,0.523,889,1,0
0,1,1,1,0,1,1,1,0,0,0,0,0,1,1,1,1,1,0,0,5,23,0.727,0.362,1390,3,1
0,0,0,0,0,0,0,0,0,1,0,0,0,1,0,0,0,1,1,1,2,18,0.126,0.197,676,2,0
1,0,0,0,0,0,0,1,0,1,0,0,0,0,0,1,1,0,0,1,4,17,0.262,0.576,159,1,0
1,0,0,0,0,0,0,0,0,0,0,0,0,0,1,0,0,1,0,0,4,7,0.172,0.409,507,3,0
0,0,1,0,1,1,0,1,1,0,1,0,1,0,0,1,0,1,0,0,9,16,0.663,0.594,1766,7,1
0,1,0,0,1,0,0,1,0,0,0,1,0,0,0,1,1,1,1,0,3,19,0.553,0.213,168,2,1
1,0,0,0,1,0,0,0,0,0,0,0,0,0,0,0,1,0,0,0,4,12,0.176,0.422,559,2,0
0,0,1,0,0,1,0,1,0,0,1,1,0,0,0,0,0,0,1,1,2,16,0.124,0.152,487,1,0
1,0,0,0,1,0,0,0,0,0,0,0,1,0,1,0,0,1,0,0,4,11,0.181,0.218,846,3,0
1,0,0,0,1,0,0,0,0,0,0,0,0,0,0,0,0,0,0,0,5,14,0.41,0.468,816,2,0
0,0,0,0,1,0,0,0,0,0,1,0,1,0,1,1,1,0,0,0,2,13,0.202,0.317,330,2,0
1,0,0,0,0,0,0,0,0,1,0,0,0,0,0,0,0,0,0,0,5,6,0.296,0.479,419,2,0
1,0,0,0,0,0,0,0,0,0,0,0,0,0,1,0,0,0,0,0,2,12,0.167,0.247,793,3,0
0,0,0,0,1,0,0,0,0,0,1,0,0,0,0,1,0,0,0,0,4,15,0.471,0.102,927,3,0
0,1,0,0,1,0,0,0,0,0,0,0,0,1,1,0,0,0,0,0,2,20,0.427,0.293,123,3,0
1,0,0,0,0,0,0,0,0,1,1,0,1,0,1,0,0,1,1,0,1,9,0.071,0.315,543,1,0
0,0,0,0,0,0,0,0,0,0,0,0,0,0,0,0,1,0,0,0,0,15,0.406,0.266,794,2,0
0,0,0,0,0,0,0,1,1,0,1,0,0,0,1,0,0,0,0,0,3,7,0.022,0.125,691,3,0
1,0,0,0,0,0,0,0,0,1,1,0,0,0,0,1,0,0,0,0,2,9,0.188,0.166,988,1,0
1,0,0,0,0,0,0,0,0,0,1,0,0,0,0,1,0,1,0,0,3,16,0.063,0.244,774,1,0
1,1,0,1,1,0,1,0,1,0,0,1,1,0,0,1,1,1,0,0,4,27,0.671,0.789,2018,2,1
0,0,0,0,0,0,0,0,1,0,0,0,0,0,0,0,0,1,0,0,3,14,0.449,0.263,757,3,0
1,0,0,1,0,0,0,0,0,0,0,0,1,0,1,0,0,0,0,0,3,11,0.028,0.255,650,3,0
1,0,0,0,1,1,0,0,0,1,0,1,0,1,0,1,1,1,0,0,6,22,0.694,0.256,1726,2,1
1,0,0,1,1,0,1,0,0,1,0,0,1,1,1,1,1,0,0,0,6,15,0.755,0.279,2006,4,1
1,1,1,0,0,0,1,1,0,0,0,0,0,0,1,1,0,0,0,1,6,18,0.612,0.515,870,4,1
0,1,0,0,1,1,0,0,0,0,0,1,0,0,0,0,1,0,1,0,5,11,0.094,0.36,851,1,0
0,0,0,0,1,0,0,0,0,0,0,1,1,1,0,1,0,0,0,0,3,12,0.427,0.088,831,1,0
0,0,0,0,0,0,0,0,1,0,0,0,0,0,0,0,1,0,0,0,0,12,0.456,0.277,612,2,0
1,0,0,0,1,0,0,0,0,0,0,0,0,0,0,0,0,0,1,0,3,14,0.42,0.245,628,2,0
1,1,0,1,1,0,0,0,0,0,1,0,0,0,1,0,1,1,1,0,8,19,0.894,0.369,829,2,1
1,0,1,1,1,1,1,0,1,1,0,0,1,1,1,0,1,1,0,0,6,22,0.898,0.517,1849,2,1
1,0,1,1,0,1,1,0,1,0,1,0,0,0,1,1,0,1,1,1,5,23,0.653,0.733,1732,5,1
1,1,1,1,0,1,1,0,0,0,1,0,1,0,1,1,1,1,1,0,6,25,0.489,0.739,1309,3,1
0,0,0,0,0,0,0,0,0,1,0,0,0,0,1,0,0,0,0,0,4,9,0.406,0.319,109,2,0
0,0,0,1,1,1,0,1,0,1,1,1,0,0,1,1,1,0,1,0,5,19,0.556,0.895,2038,2,1
1,1,1,0,1,1,0,0,0,0,0,0,0,0,0,1,1,1,0,0,9,25,0.894,0.708,458,2,1
1,1,0,0,0,0,0,0,0,0,1,0,0,1,1,0,1,0,0,1,5,10,0.231,0.195,747,2,0
0,1,0,1,1,1,0,1,0,0,0,0,0,0,1,1,1,0,0,0,10,22,0.777,0.901,1270,4,1
0,0,0,0,0,0,0,0,0,0,0,0,1,0,0,0,1,0,1,0,2,11,0.228,0.227,317,3,0
0,1,0,0,0,0,1,0,0,0,0,0,0,0,0,0,0,1,0,0,4,16,0.638,0.3,155,3,0
0,1,0,0,0,0,0,0,0,1,0,0,0,0,0,0,0,0,1,0,2,12,0.239,0.09,767,1,0
1,1,0,0,0,1,1,0,0,0,1,0,0,0,0,0,0,1,1,0,3,15,0.227,0.167,921,2,0
0,1,0,0,1,0,0,0,0,0,0,0,0,0,0,1,0,0,1,0,4,15,0.324,0.279,874,1,0
0,1,1,1,1,1,1,1,0,1,1,1,1,0,0,1,0,0,1,0,4,22,0.78,0.401,704,4,1
0,1,0,0,0,0,1,0,0,0,1,0,0,0,0,1,0,1,0,0,3,13,0.343,0.206,252,1,0
0,0,0,0,1,0,0,0,0,1,1,0,1,0,1,0,0,0,1,0,2,15,0.161,0.161,390,2,0
0,0,0,0,0,0,0,0,0,0,1,1,0,0,1,0,0,0,0,0,5,17,0.505,0.283,238,3,0
1,0,0,0,0,0,0,0,0,1,0,0,0,0,0,0,0,1,1,0,2,21,0.473,0.398,1356,6,1
0,0,1,0,1,0,0,1,0,0,1,1,0,0,0,0,1,0,0,0,4,12,0.414,0.092,870,1,0
0,0,0,1,1,0,1,0,0,1,0,1,0,0,1,1,0,0,0,0,5,28,0.513,0.486,1461,6,1
1,1,0,1,0,1,0,0,0,1,1,1,1,0,1,0,0,0,1,1,8,18,0.551,0.667,1590,4,1
0,0,0,0,0,1,0,1,0,0,1,0,0,0,0,1,0,0,0,1,5,12,0.45,0.292,370,1,0
1,1,1,1,0,0,1,0,0,1,1,0,0,0,1,0,0,1,1,0,5,20,0.771,0.721,209,5,1
0,1,0,0,0,1,0,1,0,1,1,0,0,1,0,1,1,1,1,0,9,11,0.648,0.871,419,2,1
1,0,0,1,0,1,0,0,0,1,1,0,0,0,0,0,0,0,1,0,4,12,0.16,0.125,103,3,0
0,0,0,0,0,0,0,0,0,0,0,0,0,1,0,0,0,0,0,0,2,8,0.102,0.527,244,2,0
0,1,0,0,1,0,0,0,0,0,0,0,0,0,1,1,0,0,1,0,6,10,0.295,0.159,899,3,0
1,0,0,1,1,0,1,0,0,0,1,0,0,0,0,0,0,0,0,0,6,20,0.903,0.635,1298,6,1
0,0,1,0,1,1,0,0,0,0,1,0,0,0,1,0,0,1,1,0,3,14,0.265,0.066,431,1,0
0,0,0,0,1,0,0,0,0,1,0,0,0,0,0,0,1,0,0,0,6,11,0.514,0.099,318,3,0
0,0,0,1,0,0,0,0,0,1,0,0,0,0,0,0,0,1,0,1,3,11,0.054,0.186,528,1,0
0,0,0,0,0,0,0,0,0,0,0,0,0,0,1,0,0,0,0,0,4,20,0.19,0.182,262,2,0
1,0,1,1,1,1,0,1,1,0,0,1,0,0,1,1,1,1,1,0,7,20,0.633,0.918,1503,5,1
0,1,0,0,1,1,0,1,0,0,0,1,1,0,1,1,1,1,0,1,4,23,0.616,0.861,1230,6,1
0,0,0,0,0,0,0,1,1,0,1,0,0,0,0,1,1,0,1,1,6,24,0.527,0.69,1929,5,1
0,0,0,0,0,1,0,1,0,0,0,0,0,1,1,0,0,0,0,0,3,13,0.608,0.141,199,1,0
0,0,0,0,1,0,0,0,1,0,1,0,1,1,1,0,0,0,0,0,4,15,0.674,0.249,905,3,0
0,0,0,0,0,0,0,0,0,0,1,0,0,0,0,1,0,0,0,0,2,12,0.56,0.287,164,3,0
1,0,0,0,1,1,0,0,0,0,0,0,1,0,0,0,0,0,0,1,2,15,0.442,0.548,814,1,0
1,1,1,0,1,1,0,0,0,1,0,1,1,1,1,1,0,1,1,0,10,18,0.746,0.64,438,6,1
1,0,0,1,1,0,0,0,0,0,1,0,0,1,1,0,0,0,0,0,2,9,0.242,0.155,391,2,0
0,1,0,1,0,0,0,1,0,0,1,0,0,0,1,1,0,1,0,0,4,15,0.373,0.099,782,1,0
0,0,1,0,1,0,0,0,0,0,1,1,0,0,0,0,0,1,0,0,3,12,0.183,0.31,342,1,0
0,0,0,1,0,0,0,0,0,1,1,1,0,0,1,0,0,0,0,0,1,18,0.239,0.473,344,2,0
1,0,0,0,1,1,0,1,1,1,0,0,0,0,1,1,0,1,0,1,5,16,0.897,0.856,543,7,1
1,0,0,0,1,0,1,1,0,0,0,0,0,0,0,1,0,1,0,0,3,14,0.375,0.534,134,2,0
0,1,0,0,0,0,0,0,0,0,0,0,0,0,0,1,0,0,0,0,5,15,0.128,0.513,433,1,0
0,0,0,1,0,0,0,0,1,0,0,0,0,0,0,0,1,1,0,0,4,8,0.284,0.146,668,1,0
1,1,0,1,0,1,0,0,1,1,0,0,0,0,1,1,1,1,1,0,3,23,0.68,0.99,760,3,1
0,0,0,0,1,0,0,0,1,1,0,0,0,1,0,0,1,1,0,0,1,9,0.197,0.249,885,1,0
1,0,0,0,1,0,0,0,0,1,1,0,0,0,0,0,0,0,0,0,2,12,0.114,0.235,994,2,0
1,0,0,1,1,0,1,1,0,0,0,0,0,0,1,0,0,0,0,0,3,13,0.168,0.339,512,1,0
0,0,0,1,0,1,0,0,0,0,1,1,1,0,0,0,0,1,0,0,3,10,0.726,0.393,983,2,0
1,0,1,0,0,0,0,0,0,0,0,0,1,0,0,0,1,1,0,1,2,12,0.404,0.078,285,1,0
0,1,0,1,1,0,0,0,0,0,1,0,0,0,1,0,0,0,0,0,3,12,0.14,0.294,484,2,0
1,0,0,0,0,0,0,0,1,0,0,0,0,0,0,0,1,0,0,0,2,8,0.435,0.142,998,1,0
0,0,0,0,0,0,0,0,0,0,0,0,0,0,0,0,0,1,1,0,5,11,0.368,0.11,323,1,0
0,0,0,1,0,0,1,0,0,0,0,0,0,0,0,0,0,0,0,0,1,13,0.253,0.05,83,2,0
0,0,0,0,0,0,1,0,0,1,1,0,0,1,0,0,0,0,0,0,5,11,0.138,0.206,262,1,0
1,0,0,0,0,0,0,0,0,0,1,0,0,0,0,0,0,0,1,0,4,16,0.327,0.033,682,3,0
1,1,1,0,1,0,1,0,0,1,0,0,0,1,0,1,0,1,0,0,2,19,0.834,0.675,815,5,1
1,0,0,1,0,0,0,0,0,0,0,0,0,0,0,0,0,0,0,0,4,10,0.212,0.066,119,2,0
1,0,0,1,1,0,0,1,0,1,1,1,0,0,1,0,0,1,1,1,7,12,0.979,0.513,1327,3,1
0,0,0,1,0,0,0,0,0,0,1,0,1,0,1,0,0,1,0,0,6,8,0.255,0.315,888,2,0
1,1,1,0,1,1,0,0,0,0,0,0,1,0,1,1,1,1,1,0,6,21,0.903,0.661,577,6,1
1,1,1,0,1,0,0,1,1,0,1,1,0,1,1,1,1,1,0,1,14,32,0.516,0.54,251,6,1
1,0,0,1,0,0,0,1,0,0,0,1,1,0,0,1,1,1,1,0,5,25,0.713,0.674,2068,6,1
0,0,0,1,1,0,0,0,0,0,0,0,0,0,0,1,1,1,0,0,4,21,0.954,0.821,443,2,1
1,0,0,0,0,0,0,0,0,1,0,0,0,0,0,0,0,0,0,0,6,9,0.573,0.401,358,2,0
0,0,0,0,0,0,1,0,1,0,0,1,1,0,1,0,0,0,0,0,6,8,0.171,0.398,608,2,0
0,0,1,0,0,0,0,1,0,0,0,0,0,0,0,1,0,0,0,0,2,14,0.098,0.056,887,2,0
1,0,0,0,0,0,0,0,0,0,0,0,0,1,0,1,0,1,0,1,3,10,0.419,0.372,690,1,0
1,0,0,1,1,1,0,1,0,0,0,1,1,0,0,1,1,1,0,0,7,24,0.747,0.515,1519,6,1
1,1,0,1,1,1,1,0,0,1,0,0,0,0,0,1,0,1,1,0,4,27,0.869,0.956,2111,5,1
1,0,1,0,1,0,0,0,0,0,0,1,0,0,0,0,0,0,0,0,2,14,0.101,0.309,719,3,0
0,0,1,0,1,0,0,0,0,0,1,0,0,0,0,0,0,1,0,0,3,12,0.36,0.228,406,1,0
0,1,0,0,1,0,0,1,0,0,0,0,0,0,1,1,0,0,1,0,6,21,0.57,0.327,2260,3,1
1,0,1,1,1,0,1,1,0,0,1,1,0,0,0,1,1,1,1,0,6,28,0.676,0.446,1143,7,1
0,0,0,0,1,0,0,0,0,1,0,0,0,0,1,0,0,0,0,0,3,11,0.28,0.195,527,3,0
0,0,1,0,0,0,1,1,1,0,1,0,0,1,1,0,0,0,1,0,2,12,0.503,0.206,433,3,0
0,0,0,1,0,0,0,0,0,0,0,0,0,0,0,0,0,0,0,0,3,14,0.388,0.264,565,2,0
0,0,1,1,1,1,0,1,0,0,0,0,0,0,0,0,0,1,0,0,2,11,0.446,0.271,736,1,0
1,0,0,1,0,1,1,0,0,0,0,0,0,0,0,0,1,1,0,0,3,13,0.366,0.129,796,2,0
1,0,0,1,1,1,0,0,0,0,1,0,0,0,0,0,0,1,0,0,1,12,0.627,0.478,626,2,0
1,0,0,0,1,0,0,0,0,0,0,0,0,0,1,0,1,0,0,0,4,13,0.253,0.229,238,2,0
0,0,0,0,1,1,0,0,0,0,1,0,0,0,0,0,0,0,0,0,3,18,0.043,0.306,515,3,0
1,1,0,1,0,1,0,0,0,0,0,1,0,1,0,0,0,1,1,0,6,20,0.93,0.546,2239,5,1
0,0,0,0,0,0,0,0,0,1,0,0,0,1,0,1,1,1,1,0,4,16,0.206,0.101,547,1,0
1,1,1,1,0,1,1,1,1,1,0,0,0,1,1,0,0,1,1,0,8,20,0.752,0.599,434,5,1
1,0,0,0,0,1,0,0,0,0,0,0,0,0,1,0,0,1,0,0,4,13,0.102,0.143,518,2,0
1,0,0,1,1,1,0,1,1,1,0,0,1,0,1,1,1,1,0,1,5,25,0.944,0.677,2234,6,1
1,0,0,0,0,0,1,0,0,1,1,1,0,1,1,1,1,0,1,0,3,21,0.735,0.673,1305,3,1
1,0,0,0,0,0,0,0,0,0,0,0,0,0,0,0,0,1,0,0,3,14,0.03,0.136,385,2,0
1,0,0,0,0,0,0,1,0,0,0,0,0,1,1,0,0,1,0,0,5,16,0.273,0.521,579,3,0
1,1,0,1,1,1,1,1,0,1,1,0,0,1,0,0,1,1,0,0,4,23,0.686,0.595,340,2,1
0,0,0,0,0,1,0,0,1,0,1,1,0,0,0,1,0,1,0,0,4,16,0.581,0.62,312,2,0
0,1,0,0,0,1,0,0,0,0,0,0,0,0,0,0,0,0,0,0,2,13,0.322,0.188,871,3,0
0,0,1,0,0,0,0,0,0,0,1,1,1,0,1,0,0,1,0,0,5,23,0.284,0.2,429,1,0
0,1,0,1,0,1,0,0,1,0,0,1,0,0,1,1,1,0,1,0,9,20,0.904,0.373,2039,6,1
1,1,0,1,1,1,0,1,1,0,1,0,1,0,1,1,1,1,1,0,5,19,0.811,0.688,1547,4,1
0,1,0,1,1,0,0,0,0,1,1,0,1,0,1,1,1,1,0,1,5,19,0.747,0.698,1525,4,1
1,1,1,1,0,0,0,0,0,0,0,0,0,0,0,0,0,0,1,0,10,16,0.434,0.516,544,2,0
1,1,0,0,1,1,0,0,0,0,0,0,0,0,1,0,0,0,0,0,3,14,0.127,0.2,121,1,0
0,1,0,0,0,0,0,0,0,0,0,0,0,1,1,0,0,0,0,0,1,14,0.336,0.645,838,2,0
0,1,0,1,0,1,1,0,0,1,1,1,0,0,1,0,0,0,1,0,5,31,0.682,0.531,1426,5,1
1,0,0,0,0,1,0,0,0,0,0,0,0,1,0,0,0,0,0,0,4,7,0.248,0.401,210,3,0
0,0,0,1,1,1,0,0,0,0,0,0,0,0,1,0,0,0,0,0,5,18,0.324,0.222,792,1,0
0,0,1,0,1,1,0,1,0,0,0,1,1,1,0,1,0,0,0,0,3,19,0.231,0.539,924,3,0
1,1,0,0,0,0,0,0,1,0,0,0,0,0,0,0,0,1,0,0,5,11,0.049,0.253,938,2,0
0,0,0,0,1,1,0,0,0,0,0,0,0,0,0,0,0,0,1,0,2,10,0.2,0.227,578,3,0
0,0,0,0,1,0,0,1,0,0,0,0,1,0,0,0,0,1,0,0,2,14,0.627,0.102,947,2,0
0,0,0,0,1,0,1,0,0,0,0,0,0,0,0,1,1,0,0,0,2,12,0.107,0.215,849,3,0
0,0,1,1,0,1,1,0,1,1,1,0,0,1,0,1,1,1,0,0,5,27,0.988,0.303,1504,6,1
1,0,0,1,1,0,0,0,0,0,0,0,0,0,0,0,0,0,0,1,4,15,0.429,0.607,895,3,0
1,0,1,0,0,0,0,0,0,0,0,0,0,0,0,0,0,0,0,0,4,15,0.431,0.415,195,1,0
0,1,0,1,1,0,0,0,0,0,0,0,0,1,1,0,1,0,0,0,5,7,0.09,0.183,206,3,0
1,0,0,0,1,1,0,0,0,0,0,0,0,0,0,1,0,0,1,1,5,25,0.72,0.766,1632,7,1
1,0,0,0,0,0,0,0,1,0,0,0,0,0,1,0,0,0,0,0,3,16,0.46,0.263,721,2,0
0,0,0,0,0,0,0,0,0,0,0,0,0,1,0,0,0,1,0,0,7,12,0.487,0.245,222,3,0
1,0,0,1,1,0,1,1,0,0,0,0,1,0,1,0,0,1,0,0,3,15,0.608,0.477,792,2,0
0,0,0,0,0,0,0,0,0,0,0,0,0,0,0,0,0,1,0,0,1,12,0.152,0.367,125,1,0
0,0,0,0,1,1,0,0,0,0,0,0,0,0,1,1,0,0,0,1,4,16,0.234,0.36,156,3,0
1,1,1,1,1,1,0,0,0,1,0,1,0,0,0,0,0,1,1,0,7,20,0.608,0.706,1873,7,1
0,0,0,0,1,0,0,1,0,0,0,0,0,0,0,1,1,0,0,0,5,12,0.313,0.615,433,1,0
0,0,0,0,0,0,1,0,0,0,0,0,0,0,0,1,0,1,0,0,1,14,0.061,0.518,314,2,0
0,0,1,0,1,0,1,0,1,0,0,0,0,0,0,0,0,0,0,0,3,12,0.113,0.186,683,1,0
1,1,0,0,0,1,1,1,0,1,0,0,0,0,0,0,1,0,1,0,2,14,0.23,0.274,163,2,0
1,0,0,0,0,1,1,0,0,0,1,0,1,0,1,0,0,1,0,0,5,25,0.604,0.485,1544,3,1
0,0,0,0,0,1,0,1,0,0,1,0,0,1,0,0,1,1,1,0,7,13,0.243,0.825,1323,6,1
1,0,0,0,0,0,0,0,0,1,0,0,0,0,0,0,0,1,0,1,6,20,0.426,0.206,489,3,0
1,0,0,0,1,1,0,0,0,1,0,0,0,1,0,0,0,0,0,0,4,9,0.473,0.127,666,3,0
0,1,0,0,0,1,0,0,0,0,0,0,0,1,0,1,0,0,0,0,5,14,0.491,0.13,618,1,0
1,0,1,0,0,1,0,1,0,1,0,1,0,1,1,0,1,1,0,1,7,19,0.855,0.583,1038,6,1
1,0,0,0,0,0,0,0,0,0,0,0,0,0,0,0,0,1,0,0,3,11,0.308,0.652,827,3,0
1,0,0,0,1,0,0,1,0,1,1,0,0,1,1,1,0,1,0,1,4,19,0.766,0.411,1402,5,1
1,1,0,0,0,0,0,0,0,0,1,0,0,0,1,0,0,0,0,0,4,9,0.376,0.284,658,3,0
0,0,0,0,0,0,0,0,0,0,1,0,1,0,0,0,0,0,0,0,3,20,0.072,0.286,500,3,0
0,0,0,1,1,1,0,0,1,1,0,1,1,1,0,1,0,1,1,0,4,20,0.704,0.925,1246,6,1
0,0,0,0,0,0,0,0,1,0,0,0,0,0,0,0,0,0,0,0,2,16,0.258,0.334,486,2,0
0,0,1,0,0,0,0,0,0,0,0,0,0,0,1,0,0,1,1,0,4,8,0.255,0.452,122,3,0
1,0,0,0,0,0,0,1,0,0,0,0,0,0,0,1,0,0,1,0,5,8,0.512,0.232,970,2,0
1,0,0,0,1,0,0,0,0,0,0,0,1,0,1,0,0,1,0,0,1,18,0.208,0.18,839,2,0
0,0,0,1,0,0,0,0,1,0,1,0,0,1,0,1,0,0,0,0,4,16,0.2,0.492,916,3,0
0,0,0,0,0,1,0,1,0,0,0,0,0,0,0,0,0,0,0,0,3,17,0.641,0.211,356,3,0
1,1,1,1,1,1,0,1,0,1,1,0,0,0,1,1,0,1,0,0,2,26,0.891,0.772,1882,2,1
0,0,0,1,1,0,0,0,1,0,0,0,0,0,1,0,0,0,0,0,2,10,0.494,0.187,757,2,0
0,0,0,0,1,1,0,0,0,0,0,0,0,0,0,1,0,1,0,0,5,10,0.018,0.15,322,3,0
0,0,1,1,1,0,0,0,0,1,0,1,0,0,0,1,0,1,1,1,7,20,0.968,0.372,425,2,1
0,1,0,0,0,0,1,0,1,0,0,0,0,0,0,0,0,0,1,0,2,11,0.722,0.05,716,2,0
0,0,0,1,0,0,1,0,0,0,0,0,0,0,1,1,0,1,1,0,1,8,0.153,0.615,168,1,0
0,0,0,0,0,0,1,0,0,0,0,0,0,1,0,0,0,0,0,0,2,10,0.068,0.154,234,1,0
0,0,0,0,0,0,0,0,0,0,0,0,0,0,1,1,0,0,1,0,3,17,0.155,0.258,867,3,0
1,0,0,1,0,1,1,0,0,1,1,0,0,1,1,0,0,0,0,0,5,22,0.668,0.931,610,7,1
0,0,0,0,0,0,0,0,0,1,1,1,0,0,1,0,0,0,0,1,4,12,0.328,0.208,831,3,0
0,1,1,1,1,1,0,1,0,0,1,0,1,0,1,1,0,1,0,0,4,35,0.907,0.69,834,4,1
1,0,0,0,1,0,1,0,1,0,1,0,0,0,1,0,0,1,0,1,3,24,0.792,0.842,1748,3,1
1,0,0,0,0,0,0,0,0,1,0,1,1,0,0,1,1,0,0,0,10,26,0.605,0.731,2247,4,1
0,1,0,0,0,0,0,0,0,0,0,1,0,0,0,0,0,0,0,0,3,11,0.464,0.4,279,3,0
1,0,1,1,1,0,0,1,0,1,1,1,1,0,0,1,1,1,0,0,7,18,0.539,0.839,1028,5,1
1,0,0,0,1,0,1,0,0,0,1,0,0,0,1,0,0,0,0,0,3,19,0.556,0.254,506,3,0
0,0,0,0,1,0,0,0,0,0,0,0,0,0,1,0,0,1,0,0,4,9,0.185,0.108,441,2,0
1,0,0,1,0,1,0,0,1,0,1,1,0,0,1,1,0,0,1,0,6,23,0.698,0.787,925,2,1
0,1,0,1,0,1,0,1,0,0,1,0,0,0,1,1,1,0,0,1,10,14,0.472,0.613,240,6,1
0,1,0,0,0,0,0,0,1,1,1,0,0,0,0,0,0,0,0,0,4,9,0.13,0.379,384,2,0
1,0,1,0,1,1,0,0,0,0,0,0,0,0,0,0,1,0,0,0,3,21,0.68,0.883,2149,6,1
1,0,0,0,1,1,1,0,0,1,0,1,0,1,1,1,1,0,0,0,5,20,0.766,0.525,138,7,1
1,1,1,1,1,1,1,0,0,1,0,0,1,0,1,1,0,1,0,1,1,22,0.874,0.893,1935,3,1
0,0,1,0,1,0,1,0,0,0,0,0,0,0,1,0,0,1,0,0,0,7,0.323,0.641,708,1,0
0,0,0,0,0,0,0,0,0,0,0,0,0,0,0,0,0,1,0,0,2,13,0.663,0.119,153,2,0
0,0,1,1,0,1,0,1,0,1,1,1,0,0,1,1,1,1,1,0,4,18,0.598,0.365,1444,4,1
1,0,1,0,0,1,0,1,0,0,1,1,0,0,1,0,1,1,1,0,7,19,0.707,0.64,1371,3,1
0,0,0,1,1,0,0,0,0,0,1,1,1,0,0,1,0,1,0,0,2,13,0.232,0.07,406,3,0
0,0,1,0,1,0,0,0,0,0,0,0,0,0,1,1,1,0,1,0,2,10,0.218,0.121,200,1,0
1,0,1,1,1,1,1,1,1,1,1,0,0,0,1,0,1,1,0,0,7,23,0.755,0.784,1664,3,1
1,0,0,0,0,0,0,1,0,0,0,0,1,0,0,1,0,1,0,0,3,17,0.303,0.134,116,2,0
1,0,0,0,1,0,0,0,0,0,0,1,0,1,1,0,0,0,1,0,5,9,0.367,0.425,847,2,0
0,0,0,1,0,0,1,0,0,0,1,1,0,0,0,0,0,0,0,0,4,16,0.55,0.23,672,3,0
1,1,1,1,1,1,0,0,1,1,0,0,0,0,0,1,0,1,0,1,3,26,0.759,0.814,150,2,1
0,1,0,0,0,0,0,0,0,1,1,0,1,0,1,0,0,0,0,0,2,10,0.228,0.298,475,3,0
0,0,0,0,1,0,0,0,1,0,0,0,0,0,1,0,0,0,0,0,3,15,0.381,0.393,810,3,0
1,1,0,1,0,0,1,0,0,1,1,0,0,0,0,1,1,1,0,0,7,26,0.968,0.441,500,7,1
0,0,0,0,0,0,0,0,0,0,1,0,0,0,1,0,1,0,0,1,1,13,0.078,0.107,491,3,0
1,0,0,0,1,0,0,1,0,1,1,0,0,1,0,1,0,1,1,0,3,32,0.754,0.744,1434,7,1
0,0,0,1,1,0,0,0,0,0,0,1,1,0,1,0,0,1,0,0,4,12,0.272,0.115,510,2,0
0,0,0,0,0,0,0,0,0,1,1,0,0,0,0,0,0,0,0,0,5,14,0.176,0.178,218,1,0
1,0,1,0,0,0,0,0,0,1,0,0,0,0,1,0,1,1,0,0,3,11,0.305,0.352,877,3,0
1,0,0,0,0,0,0,0,0,0,0,0,0,0,0,0,0,0,0,0,1,14,0.08,0.373,902,1,0
0,0,0,0,0,0,1,1,0,0,0,0,0,0,1,0,0,0,1,0,2,9,0.193,0.22,980,2,0
1,1,0,0,0,0,0,1,1,1,0,0,0,0,1,0,0,0,0,0,1,15,0.648,0.388,446,2,0
1,0,1,1,0,0,0,1,1,1,1,0,0,0,1,0,1,0,0,0,4,24,0.843,0.613,2035,4,1
0,0,1,0,1,0,0,0,1,0,0,1,0,0,0,0,0,1,0,0,2,12,0.1,0.563,863,3,0
0,0,0,0,0,0,0,0,1,0,1,1,0,0,0,1,0,0,0,0,0,8,0.553,0.111,855,1,0
1,0,0,0,1,0,0,0,0,0,1,0,0,0,0,1,1,1,0,0,3,11,0.24,0.243,367,3,0
0,0,1,0,0,0,0,0,0,0,0,0,0,1,1,0,1,0,1,0,2,13,0.153,0.116,527,3,0
1,0,0,0,0,0,0,0,0,0,1,0,0,0,0,0,1,0,0,0,2,18,0.115,0.282,861,1,0
1,1,1,0,1,1,0,1,1,1,0,0,1,0,1,1,1,1,0,0,6,19,0.854,0.935,328,5,1
0,1,1,1,1,1,0,0,0,0,1,1,1,1,1,1,1,1,0,0,5,19,0.819,0.624,471,2,1
0,0,0,0,0,1,0,0,0,0,0,0,0,0,1,0,1,0,0,0,1,14,0.455,0.133,832,1,0
0,0,0,0,0,0,1,0,0,0,1,1,0,0,0,0,0,1,1,0,1,9,0.233,0.453,752,1,0
0,0,0,0,1,1,0,0,0,0,0,0,0,0,1,0,0,1,0,0,8,12,0.171,0.311,207,3,0
1,0,0,0,0,1,1,0,0,0,0,0,1,0,1,0,0,0,0,0,5,9,0.064,0.236,987,3,0
0,1,0,1,1,0,1,0,1,1,0,0,0,0,1,0,1,0,0,0,1,11,0.413,0.536,291,1,0
0,0,0,0,0,0,1,1,0,0,0,0,0,0,0,0,1,0,0,1,5,21,0.227,0.157,361,1,0
0,0,0,0,1,0,0,0,0,0,0,0,0,0,1,1,0,0,0,0,3,14,0.224,0.32,613,3,0
0,1,1,1,1,1,1,1,0,0,1,0,0,0,1,1,1,0,0,0,7,26,0.574,0.589,1954,4,1
0,0,0,1,0,1,0,1,1,0,0,1,0,0,0,1,1,1,0,1,6,14,0.584,0.491,2385,6,1
1,0,0,1,0,0,0,0,0,0,0,0,0,0,1,0,1,0,0,0,3,9,0.068,0.588,594,2,0
1,1,1,1,0,0,0,1,1,1,0,0,0,1,1,0,0,1,1,1,5,26,0.51,0.357,646,3,1
1,1,0,1,1,1,1,0,0,0,0,0,0,0,1,0,0,0,0,0,1,14,0.326,0.204,291,3,0
1,1,1,1,1,1,0,1,0,1,1,1,0,1,0,1,1,1,0,0,5,21,0.686,0.655,175,2,1
0,0,0,0,1,0,0,0,0,0,0,0,0,0,0,0,0,0,0,0,5,10,0.056,0.15,178,1,0
1,1,0,1,1,0,0,1,0,1,1,1,0,0,1,0,1,1,0,1,6,20,0.744,0.911,1786,7,1
1,0,0,0,1,0,0,0,0,0,1,1,0,0,1,1,1,0,1,0,5,15,0.812,0.722,522,7,1
0,0,0,0,1,0,0,1,0,1,1,0,0,0,1,0,1,0,0,0,4,24,0.037,0.173,233,3,0
1,0,0,1,0,1,1,0,0,0,1,0,1,0,0,0,0,0,1,0,1,11,0.123,0.017,456,3,0
0,0,1,0,1,0,0,0,0,0,0,1,0,1,0,0,0,0,0,0,2,14,0.289,0.195,636,1,0
0,1,0,1,0,1,1,0,0,0,0,0,0,0,1,1,1,1,0,0,7,24,0.931,0.673,1898,4,1
0,0,0,1,0,0,0,1,0,1,0,0,0,0,1,0,0,0,1,0,5,13,0.464,0.069,259,1,0
1,1,0,1,0,0,0,0,0,1,0,0,0,0,1,0,0,0,0,0,2,15,0.295,0.169,403,1,0
0,0,0,1,1,0,0,0,0,1,1,1,0,0,1,1,0,0,1,0,3,12,0.168,0.262,851,2,0
1,0,0,0,1,0,0,0,1,0,0,0,1,0,0,0,0,0,0,0,6,20,0.798,0.942,232,2,1
0,0,0,0,0,0,0,0,0,0,0,0,0,1,0,1,0,0,0,0,6,20,0.322,0.356,224,2,0
0,0,0,0,1,0,0,1,0,1,0,0,0,0,0,0,0,0,0,0,4,11,0.167,0.131,87,3,0
0,0,0,1,1,0,0,0,0,0,0,0,0,0,0,0,0,0,0,0,6,10,0.097,0.232,190,1,0
0,0,1,1,0,1,0,0,0,0,1,1,0,1,1,1,1,1,0,1,8,18,0.911,0.716,2096,3,1
1,0,1,1,1,0,0,0,0,1,1,0,0,0,1,0,0,1,1,1,4,20,0.746,0.827,2095,4,1
0,0,0,0,1,1,0,0,0,0,1,0,0,1,0,0,0,1,1,0,4,17,0.342,0.043,361,3,0
1,1,1,0,1,1,1,1,0,0,0,0,0,0,1,1,1,1,0,0,8,21,0.951,0.682,2048,6,1
0,0,0,1,1,1,1,0,0,0,0,1,0,0,0,0,1,0,0,0,12,19,0.75,0.461,1201,3,1
0,0,1,0,0,0,0,0,0,0,1,0,0,0,1,0,1,0,0,0,3,11,0.16,0.406,273,3,0
0,1,1,1,1,0,0,1,1,1,0,1,0,0,1,0,1,0,0,1,6,26,0.815,0.644,1326,4,1
0,1,0,0,0,0,0,0,1,0,0,0,0,0,1,1,0,1,0,0,5,11,0.455,0.306,811,2,0
0,0,0,0,1,0,0,1,0,1,1,1,1,0,1,0,0,1,0,0,3,19,0.414,0.804,277,7,1
1,0,0,0,1,0,1,0,0,0,0,0,1,0,0,0,0,1,0,0,5,10,0.119,0.299,532,1,0
1,0,0,1,1,1,0,0,0,0,0,1,0,1,0,1,0,1,0,1,8,22,0.704,0.596,398,4,1
0,0,1,0,0,0,0,0,0,1,0,0,1,0,0,0,0,1,0,0,1,14,0.08,0.196,222,2,0
1,0,0,1,0,0,0,1,0,0,1,0,0,0,1,0,1,0,0,0,1,13,0.242,0.452,411,3,0
0,0,0,0,0,0,0,0,0,0,0,0,0,0,0,0,0,1,0,1,3,14,0.118,0.211,309,3,0
1,1,0,0,0,1,0,1,0,0,1,0,0,0,1,1,1,1,0,1,4,20,0.919,0.964,2255,3,1
0,0,0,0,0,0,0,0,0,1,0,0,0,0,0,0,0,1,0,0,2,13,0.283,0.352,513,3,0
1,0,0,0,0,0,0,0,0,0,0,0,0,0,0,0,0,0,1,0,2,13,0.261,0.212,581,3,0
0,0,1,1,0,0,0,0,0,0,0,0,0,0,1,0,0,0,0,0,11,21,0.688,0.966,1322,7,1
0,0,0,0,1,0,0,0,0,0,0,0,0,0,0,0,0,1,1,0,4,11,0.639,0.437,637,1,0
0,0,0,1,0,0,0,1,0,0,1,1,0,0,1,0,0,1,1,0,3,11,0.449,0.685,673,1,0
1,0,0,1,0,0,0,0,0,0,0,0,0,0,0,0,0,0,0,0,1,15,0.389,0.453,83,2,0
0,1,0,0,0,0,0,0,0,1,0,1,1,1,0,0,0,1,0,0,1,7,0.213,0.176,266,1,0
0,1,0,1,0,0,0,0,0,0,0,1,0,0,0,0,0,0,0,1,2,10,0.43,0.26,91,2,0
1,1,1,0,1,0,0,1,0,0,1,1,0,0,1,1,1,0,1,1,7,19,0.919,0.725,2325,6,1
0,0,0,0,0,1,0,0,0,0,0,0,0,0,0,0,0,1,0,0,3,7,0.671,0.05,914,1,0
0,0,0,0,0,0,0,1,0,1,0,0,0,0,0,0,1,1,1,0,7,9,0.146,0.254,241,3,0
1,0,0,0,0,1,0,0,0,0,0,0,1,0,0,0,0,1,0,0,4,18,0.194,0.303,429,2,0
1,0,0,0,0,0,0,0,0,0,0,0,0,0,1,1,0,1,0,0,6,18,0.267,0.538,108,1,0
0,1,0,1,0,1,0,0,1,1,0,0,0,0,0,0,0,0,1,0,2,8,0.553,0.06,311,1,0
0,0,0,1,0,0,0,1,0,0,0,1,0,1,0,0,0,0,0,0,4,13,0.423,0.317,742,3,0
1,1,0,0,1,0,0,0,0,0,0,1,0,0,0,0,0,1,0,0,4,13,0.144,0.532,534,2,0
1,0,1,0,1,0,1,0,1,0,0,1,0,0,1,1,0,1,1,0,2,23,0.618,0.84,437,4,1
1,0,0,0,1,1,0,0,1,1,0,0,0,0,1,0,0,0,0,0,6,14,0.163,0.114,133,1,0
0,0,0,0,1,0,0,0,0,0,1,0,0,0,0,0,0,1,0,0,4,12,0.553,0.223,992,2,0
0,0,1,0,0,1,0,1,0,1,0,1,0,0,0,1,1,0,0,0,4,26,0.656,0.322,1563,4,1
1,0,0,0,0,0,1,0,0,0,1,0,0,0,1,1,0,0,1,0,2,10,0.104,0.138,917,1,0
0,1,0,0,0,1,0,0,0,0,0,0,0,0,0,1,0,0,0,0,3,11,0.37,0.075,547,3,0
1,1,0,0,1,0,0,0,0,1,1,0,0,1,0,0,0,1,1,0,4,23,0.657,0.886,931,2,1
1,1,0,1,1,1,0,1,1,0,0,1,0,1,0,1,0,1,1,0,5,24,0.928,0.478,410,7,1
0,1,0,0,0,1,0,0,1,0,1,0,0,0,0,1,0,1,1,0,3,12,0.366,0.402,337,2,0
1,0,0,0,1,0,0,1,0,0,1,1,0,0,0,1,0,1,1,0,5,30,0.828,0.956,2049,5,1
0,1,0,1,1,1,0,0,0,1,1,1,0,1,1,1,0,1,0,1,10,24,0.864,0.503,396,7,1
1,1,1,0,1,0,0,1,0,0,1,0,0,0,1,0,0,1,1,0,9,25,0.866,0.925,951,6,1
0,0,0,0,1,0,0,1,0,0,1,0,0,0,0,0,1,0,1,0,2,10,0.281,0.351,459,3,0
0,0,0,0,0,0,0,0,0,0,0,0,0,0,1,0,0,0,0,0,2,11,0.241,0.074,888,2,0
1,1,0,1,1,0,1,1,0,1,1,1,0,0,0,0,0,1,0,0,7,18,0.461,0.759,1156,7,1
0,0,0,1,0,0,0,1,0,1,0,1,1,0,0,1,1,0,0,0,3,30,0.69,0.74,1469,2,1
1,0,1,1,1,0,1,1,0,0,1,0,0,0,1,0,0,0,1,1,2,40,0.802,0.443,1390,3,1
0,1,1,0,1,1,0,0,0,1,1,0,0,1,1,1,0,1,1,0,9,22,0.833,0.671,811,3,1
0,0,0,0,1,1,0,0,0,0,0,0,0,0,1,0,0,0,0,0,2,12,0.278,0.666,569,2,0
1,0,0,1,1,0,0,0,0,0,0,1,1,0,1,1,1,0,1,1,11,18,0.79,0.703,2170,2,1
0,0,0,1,0,0,0,0,1,0,1,1,0,0,0,0,0,0,0,0,2,12,0.07,0.219,329,3,0
1,1,0,0,1,0,0,1,0,0,0,1,0,0,1,1,0,1,1,0,11,25,0.841,0.641,1944,7,1
0,0,0,0,1,0,0,0,0,0,0,0,0,0,0,0,0,0,0,0,2,13,0.598,0.208,350,2,0
1,0,0,0,1,0,0,0,0,1,0,0,0,0,0,0,0,1,0,0,2,15,0.147,0.24,327,1,0
0,0,1,0,0,0,0,0,0,1,1,0,0,0,0,0,0,1,1,0,8,11,0.127,0.168,783,1,0
0,0,0,0,0,0,0,0,0,1,1,0,0,0,1,0,0,0,0,0,5,10,0.469,0.244,245,3,0
1,1,0,0,0,1,1,1,0,0,0,0,0,0,0,1,0,1,0,0,7,21,0.791,0.692,2114,5,1
1,0,0,0,0,1,0,0,0,0,1,0,0,0,0,1,0,0,0,0,3,12,0.046,0.349,202,1,0
0,0,0,0,0,1,0,0,0,0,0,0,0,0,1,0,0,0,1,0,1,14,0.413,0.487,156,3,0
0,0,0,0,0,0,0,0,1,1,0,0,1,0,1,0,0,1,0,0,3,15,0.215,0.612,122,3,0
1,0,0,1,1,1,1,0,1,1,1,0,0,0,1,0,0,0,0,1,1,18,0.724,0.673,540,2,1
1,1,0,1,1,1,0,0,0,1,1,1,1,0,0,1,0,0,0,1,9,24,0.768,0.846,852,4,1
0,0,0,0,0,0,0,1,0,1,0,0,0,0,0,0,0,1,0,0,1,16,0.69,0.183,941,2,0
1,0,0,1,1,0,1,0,0,0,0,0,0,0,0,0,0,1,1,0,3,14,0.296,0.116,833,2,0
1,0,0,0,0,0,0,0,0,0,1,1,0,1,1,1,0,0,0,0,3,11,0.345,0.421,656,3,0
0,0,1,0,0,0,0,0,1,1,0,1,1,0,0,1,0,0,0,0,2,14,0.458,0.276,165,3,0
1,0,1,1,1,1,0,1,0,0,0,1,0,0,1,1,1,0,0,0,2,20,0.604,0.814,1608,5,1
1,1,1,1,1,1,0,0,0,1,1,1,0,1,1,1,0,1,0,0,5,23,0.822,0.769,856,3,1
0,0,0,0,1,1,0,1,1,0,1,0,0,0,0,0,1,1,0,0,5,25,0.78,0.687,1105,5,1
0,0,0,1,0,0,1,0,0,0,1,0,0,0,1,0,0,0,0,0,3,17,0.175,0.217,901,3,0
0,0,0,0,1,0,0,0,0,0,1,0,0,0,0,0,0,1,0,1,3,17,0.268,0.302,614,1,0
0,0,1,0,0,0,0,0,0,0,1,0,1,0,0,1,0,1,0,1,2,14,0.414,0.208,970,2,0
0,1,0,0,0,0,0,0,0,0,1,0,0,1,1,1,0,0,0,0,5,15,0.529,0.13,647,3,0
1,0,0,1,1,0,0,1,0,0,0,0,0,1,1,0,1,1,1,0,5,6,0.379,0.411,192,2,0
1,1,0,0,1,0,0,0,0,0,0,1,0,0,1,1,1,1,0,1,6,28,0.603,0.703,1158,5,1
1,0,0,0,0,0,0,1,0,0,0,0,0,0,1,0,1,0,0,0,2,19,0.604,0.739,260,2,0
1,1,1,0,1,1,1,0,1,0,0,0,0,0,1,0,1,1,0,0,7,19,0.779,0.518,631,4,1
0,0,0,0,1,0,1,0,0,0,1,0,0,1,1,0,0,0,0,0,4,7,0.516,0.674,344,3,0
1,0,1,0,1,0,1,1,1,1,0,0,0,0,0,0,1,1,1,0,7,20,0.739,0.707,322,4,1
0,0,0,0,0,0,0,0,0,1,1,0,0,0,0,0,0,0,0,0,1,11,0.396,0.24,980,3,0
1,1,0,0,0,0,0,0,1,1,1,0,0,0,0,1,1,1,0,0,1,19,0.524,0.169,987,3,0
0,0,0,1,1,0,1,0,1,0,0,0,1,0,1,1,0,0,0,0,4,12,0.163,0.495,593,1,0
0,0,0,0,0,0,0,0,0,0,0,0,0,0,1,0,0,0,0,0,1,13,0.228,0.447,669,2,0
1,0,0,0,0,0,0,0,0,0,0,0,0,0,0,0,0,0,1,0,5,14,0.144,0.507,987,2,0
1,1,1,0,1,0,1,0,0,1,1,1,0,0,1,1,1,1,1,0,6,20,0.667,0.251,1479,5,1
0,1,0,0,0,0,0,0,0,0,0,0,0,0,0,0,1,0,0,0,5,17,0.126,0.258,678,3,0
0,1,0,1,0,0,1,0,0,1,0,0,0,0,1,0,0,0,1,0,3,13,0.085,0.249,336,2,0
0,0,0,1,0,0,1,1,0,0,0,0,0,0,0,1,0,0,0,0,3,12,0.409,0.412,744,2,0
1,0,0,1,1,0,0,1,1,1,0,1,0,0,1,1,0,1,0,0,12,24,0.769,0.633,1002,6,1
0,1,1,1,1,0,1,1,1,1,0,1,0,0,1,0,0,0,1,1,8,21,0.798,0.335,899,2,1
0,0,0,1,0,1,0,0,1,1,1,0,0,0,1,1,0,1,0,1,3,18,0.609,0.884,1437,7,1
0,0,0,0,0,0,0,0,1,0,0,1,1,0,1,1,1,1,0,0,4,9,0.309,0.197,706,2,0
0,1,0,0,0,0,0,0,0,0,0,0,0,0,1,0,0,0,0,0,5,4,0.556,0.401,88,1,0
1,1,0,1,0,0,1,1,0,1,1,1,1,0,1,1,1,1,1,0,4,17,0.62,0.758,476,2,1
1,1,1,1,1,1,0,1,1,1,0,0,1,1,0,0,0,1,0,0,2,36,0.383,0.753,1915,5,1
0,0,0,1,1,0,1,0,0,0,1,1,0,1,1,1,0,1,1,0,8,25,0.642,0.293,2121,4,1
0,1,0,0,1,0,0,1,0,0,0,1,1,0,0,1,1,0,0,0,5,27,0.697,0.783,181,6,1
1,1,0,1,0,1,0,1,0,0,0,1,0,0,1,0,1,0,0,0,2,12,0.108,0.162,651,3,0
0,0,0,0,0,0,0,0,0,0,1,1,0,0,0,0,0,0,0,0,2,8,0.185,0.238,452,3,0
0,0,0,0,0,0,0,0,0,1,0,0,0,0,0,1,0,0,0,0,6,12,0.226,0.073,212,1,0
0,0,0,0,0,0,0,0,1,0,0,0,0,0,0,1,0,1,0,0,3,13,0.557,0.628,813,2,0
0,0,0,1,1,0,0,1,1,0,1,1,0,0,1,0,0,1,0,0,3,17,0.181,0.1,795,1,0
1,0,0,1,1,1,1,1,0,1,0,0,0,0,1,1,0,1,0,0,7,15,0.678,0.771,1375,3,1
0,1,1,1,0,0,0,1,0,1,1,0,0,0,1,1,0,1,1,1,2,26,0.745,0.596,576,4,1
1,0,0,1,1,1,1,0,0,1,1,1,1,0,1,0,1,1,0,0,9,20,0.481,0.27,1869,5,1
0,0,0,1,1,0,1,0,0,0,0,1,1,0,0,0,0,0,0,0,3,12,0.367,0.147,484,2,0
0,0,0,0,0,1,0,0,0,0,0,0,1,0,0,0,0,0,0,0,3,10,0.229,0.17,854,1,0
1,1,1,0,1,1,0,1,0,1,0,0,0,1,1,1,0,1,0,0,7,23,0.768,0.751,1550,3,1
0,0,0,0,0,0,0,0,0,0,0,0,0,0,0,0,1,1,0,1,3,8,0.319,0.218,900,1,0
0,1,0,0,0,0,0,0,0,0,0,0,0,1,0,0,0,1,0,0,1,18,0.025,0.196,310,3,0
0,0,0,0,1,0,0,1,0,0,0,0,0,0,1,0,0,0,1,0,2,15,0.281,0.537,741,3,0
1,1,1,1,0,1,0,0,0,1,0,0,0,0,1,1,0,0,0,0,9,22,0.935,0.631,903,7,1
0,0,0,0,0,0,1,0,0,1,1,0,0,0,0,1,0,0,0,0,1,21,0.429,0.176,711,1,0
1,0,0,0,1,0,0,0,0,0,1,0,0,0,0,0,1,0,0,0,3,13,0.234,0.466,201,3,0
0,0,0,1,0,0,0,1,0,1,0,0,1,0,0,1,0,0,0,0,2,13,0.106,0.217,258,1,0
0,0,0,0,1,0,0,0,0,0,1,0,0,0,1,0,0,0,1,0,1,11,0.047,0.275,653,2,0
0,1,1,0,0,0,0,0,1,0,0,0,1,0,1,0,0,0,0,1,2,9,0.116,0.688,984,1,0
1,0,0,1,1,1,1,1,0,1,0,1,0,0,0,1,1,1,1,0,7,18,0.362,0.843,2295,7,1
1,0,0,1,0,0,0,0,1,0,0,1,0,0,0,0,1,0,0,0,3,13,0.342,0.187,621,1,0
0,0,0,0,0,0,0,0,0,0,1,0,0,0,0,0,0,0,0,0,3,9,0.09,0.141,724,3,0
0,0,0,0,1,0,0,0,1,0,1,0,1,0,1,0,0,1,0,1,1,6,0.238,0.084,816,3,0
1,0,1,1,0,1,0,0,1,1,1,1,1,0,0,0,1,1,1,0,5,18,0.729,0.656,1604,2,1
1,0,0,0,0,0,0,0,0,0,1,0,0,0,0,1,0,0,0,0,3,8,0.168,0.309,401,3,0
0,0,0,1,0,0,0,1,0,1,1,0,0,1,1,1,0,0,0,0,8,16,0.633,0.273,1916,3,1
1,0,0,0,1,0,0,0,0,0,1,0,0,0,1,1,0,1,1,0,3,17,0.559,0.664,368,6,1
1,1,1,1,0,0,1,0,0,1,0,1,0,0,0,0,1,1,0,0,6,22,0.791,0.707,2395,4,1
0,0,0,1,0,0,0,0,1,0,0,0,1,0,0,0,0,0,1,0,2,9,0.012,0.339,323,1,0
1,1,0,0,1,0,1,0,1,0,1,0,0,0,1,1,1,1,0,0,8,21,0.719,0.534,799,2,1
1,1,0,0,1,0,0,0,0,0,1,0,0,0,0,0,0,1,0,1,2,21,0.129,0.187,907,3,0
0,0,0,0,0,0,0,0,0,1,1,0,0,0,0,0,1,1,0,0,3,15,0.054,0.125,862,1,0
0,0,0,0,0,0,0,1,0,0,0,0,0,0,0,0,0,1,0,0,4,19,0.421,0.411,758,2,0
1,1,0,0,1,0,0,0,0,1,1,0,0,0,1,1,1,1,0,1,0,8,0.195,0.285,773,3,0
1,0,0,0,1,0,0,0,1,1,1,0,0,0,1,1,1,1,1,0,5,22,0.83,0.736,1428,3,1
0,0,0,0,0,0,0,0,0,0,1,0,0,0,0,0,0,0,1,0,5,12,0.389,0.2,350,2,0
1,0,1,0,1,0,1,0,0,0,0,0,0,1,0,0,0,1,1,0,5,15,0.193,0.115,939,1,0
1,0,0,0,0,0,0,0,1,0,0,0,0,0,0,1,0,0,0,0,7,13,0.156,0.726,430,2,0
1,0,0,0,0,1,1,0,0,0,0,0,0,0,1,0,0,1,0,0,3,12,0.169,0.341,956,3,0
0,0,0,0,0,0,0,0,0,0,1,1,1,0,0,0,0,0,0,0,5,14,0.34,0.302,914,2,0
1,0,0,0,1,1,0,0,0,0,1,0,0,0,0,1,0,1,0,0,4,17,0.178,0.098,626,3,0
1,0,1,0,0,0,0,1,1,0,0,0,0,1,1,0,0,0,0,0,4,18,0.221,0.113,576,3,0
0,0,0,0,1,0,0,0,0,0,0,0,0,0,1,0,0,0,0,0,5,10,0.099,0.49,537,2,0
1,0,0,0,0,0,0,0,0,0,1,0,0,0,1,0,0,0,0,0,4,16,0.056,0.235,748,2,0
1,1,0,1,1,1,0,0,1,1,1,0,1,0,1,1,0,0,1,0,2,19,0.692,0.57,1319,7,1
1,0,1,1,0,1,0,1,1,0,0,0,0,0,0,0,0,0,0,0,4,15,0.429,0.194,106,3,0
1,0,1,1,1,0,1,1,0,0,0,0,0,0,0,1,1,0,1,0,10,34,0.684,0.946,2373,7,1
1,1,0,1,1,1,0,1,1,1,1,0,0,0,0,0,1,1,1,0,3,24,0.635,0.596,1575,2,1
0,0,0,0,0,0,0,0,0,1,0,0,0,1,0,0,0,0,0,0,2,11,0.365,0.35,582,1,0
1,0,1,0,0,0,0,0,0,1,0,1,0,0,1,0,1,1,0,0,6,16,0.264,0.148,917,1,0
0,0,0,0,0,0,1,0,0,1,1,0,0,0,0,1,1,0,1,0,2,12,0.273,0.472,333,1,0
1,1,0,0,0,0,1,1,0,0,0,0,0,0,0,0,0,0,0,0,1,7,0.187,0.428,483,3,0
0,0,0,0,0,0,1,0,0,0,1,0,0,0,0,0,0,0,1,0,1,10,0.363,0.541,832,2,0
0,1,0,0,0,0,0,0,0,0,0,0,0,0,0,0,0,0,0,0,4,9,0.221,0.223,105,3,0
0,0,0,0,0,0,1,0,1,0,1,1,0,0,0,0,0,0,0,0,2,19,0.416,0.118,198,1,0
0,1,0,0,0,0,0,0,0,0,0,0,0,1,0,0,1,0,0,0,1,8,0.299,0.231,308,2,0
0,0,0,0,0,0,0,0,0,1,1,0,0,0,0,0,0,0,1,0,1,11,0.476,0.412,602,1,0
1,1,0,0,0,0,0,0,0,0,0,0,0,0,0,0,0,0,0,0,1,18,0.038,0.113,736,3,0
1,1,0,0,0,0,0,0,0,1,0,0,0,0,1,0,0,1,0,0,5,14,0.338,0.702,897,3,0
1,1,1,1,1,0,0,1,0,0,0,0,0,0,0,1,1,1,1,0,3,24,0.937,0.759,620,2,1
0,0,1,0,1,1,1,1,0,0,0,0,0,0,0,1,1,1,0,0,4,24,0.681,0.879,1642,7,1
0,0,0,1,1,0,1,1,1,1,1,1,0,0,1,0,0,1,0,0,4,16,0.82,0.822,1972,4,1
0,0,0,1,1,0,0,0,0,0,0,1,0,0,0,1,0,0,1,0,4,16,0.016,0.115,391,1,0
0,0,1,1,1,0,0,0,0,0,0,0,1,0,1,1,0,1,1,0,3,13,0.235,0.243,729,2,0
0,0,0,0,0,1,0,0,1,1,1,0,0,0,0,1,0,0,0,0,5,11,0.184,0.237,438,1,0
0,0,0,1,0,0,0,0,0,0,0,0,0,0,0,1,0,0,0,0,6,17,0.165,0.365,696,2,0
0,0,0,0,0,1,1,0,0,0,0,1,0,0,1,0,0,1,0,0,2,8,0.281,0.667,580,2,0
0,0,0,0,0,0,0,1,0,0,1,0,0,0,0,0,0,0,0,1,1,12,0.099,0.441,486,1,0
0,0,0,1,0,0,0,1,0,0,0,1,0,0,0,1,0,0,0,0,1,18,0.427,0.191,321,2,0
1,0,0,0,1,1,0,1,0,1,1,0,1,0,1,1,1,1,1,1,3,18,0.76,0.741,1329,3,1
1,1,0,1,1,1,0,0,1,0,1,0,1,0,1,1,0,1,0,0,0,11,0.124,0.574,257,3,0
0,0,1,1,1,1,0,1,0,1,0,0,0,0,1,1,0,1,1,0,7,26,0.749,0.844,1753,4,1
1,0,1,1,1,1,1,0,0,1,1,0,0,0,1,0,0,0,0,0,5,18,0.863,0.814,261,2,1
0,0,0,0,1,0,0,0,1,0,0,0,0,0,0,0,0,0,1,0,1,12,0.105,0.635,457,1,0
1,0,0,0,1,0,0,0,0,1,1,0,1,0,0,0,0,1,0,0,5,17,0.668,0.495,342,2,0
0,1,0,0,0,0,0,0,0,0,1,0,0,0,1,1,0,1,0,1,4,14,0.377,0.243,895,3,0
0,1,1,0,0,1,0,1,0,0,0,0,0,1,0,0,1,0,0,0,1,9,0.124,0.251,669,3,0
0,0,0,0,0,0,1,0,0,0,1,0,0,1,0,0,0,0,0,0,2,17,0.204,0.362,361,2,0
1,1,0,1,1,1,1,0,0,1,1,0,0,0,1,1,1,1,1,1,6,28,0.648,0.351,789,6,1
1,0,0,0,1,0,1,0,0,0,0,0,1,0,1,0,0,0,0,0,3,11,0.201,0.263,327,2,0
1,1,1,1,1,0,0,1,1,0,0,1,0,0,0,1,1,0,0,1,7,23,0.606,0.84,423,6,1
1,0,1,0,0,1,1,1,0,1,0,0,0,0,0,0,0,1,0,1,3,23,0.762,0.758,1237,4,1
0,0,0,0,1,0,0,0,0,0,1,0,0,0,0,0,0,0,1,0,3,12,0.138,0.238,613,3,0
1,0,1,1,0,0,0,0,0,0,0,0,0,0,1,0,0,0,0,1,3,10,0.091,0.31,373,2,0
1,0,0,1,1,0,0,0,0,0,0,0,0,0,1,0,0,0,0,0,2,16,0.115,0.19,783,2,0
1,0,0,0,0,0,0,0,0,0,0,0,1,0,1,1,0,0,0,0,0,16,0.315,0.33,537,2,0
0,1,0,0,0,0,1,0,0,0,1,0,0,0,1,1,0,1,0,1,1,13,0.153,0.427,824,3,0
0,0,0,0,1,1,0,0,0,0,0,1,0,0,0,1,1,0,1,0,5,14,0.085,0.438,187,3,0
0,0,0,0,0,0,0,0,0,0,0,0,0,0,0,0,0,0,1,0,7,12,0.079,0.021,881,3,0
1,1,0,0,1,0,0,0,0,0,0,0,1,0,1,1,0,1,1,1,0,18,0.222,0.366,421,3,0
0,0,0,0,1,0,0,0,0,0,0,0,0,0,1,0,0,0,0,0,2,12,0.181,0.239,978,1,0
1,0,1,0,1,0,0,0,1,0,1,1,0,1,1,1,1,1,0,0,10,31,0.578,0.377,2294,6,1
0,0,0,0,0,0,0,0,0,0,0,0,1,0,0,0,0,0,0,0,2,17,0.089,0.181,127,2,0
1,0,0,0,0,0,0,0,0,0,0,0,0,0,0,0,0,0,0,0,4,14,0.302,0.228,520,1,0
0,0,0,0,0,0,1,0,0,0,0,0,1,0,0,0,0,0,0,0,4,9,0.275,0.204,823,1,0
0,0,0,0,0,0,0,0,0,0,0,1,0,0,0,1,0,1,1,1,2,13,0.14,0.241,589,2,0
1,0,0,0,0,0,0,1,0,1,0,0,0,1,1,0,0,1,0,0,2,15,0.212,0.358,560,1,0
0,0,0,0,0,0,0,0,0,1,1,1,0,0,1,0,0,0,0,0,2,15,0.492,0.037,616,1,0
0,0,0,0,0,1,1,0,0,1,0,0,0,0,0,0,0,1,0,0,6,11,0.277,0.423,190,2,0
0,0,0,0,1,0,0,0,0,0,0,0,0,0,0,0,1,0,0,0,6,15,0.144,0.372,392,2,0
0,0,0,1,1,0,0,1,0,0,0,0,1,0,1,1,1,0,1,0,3,21,0.919,0.382,2313,6,1
0,0,0,1,0,0,0,0,0,0,0,0,0,0,1,0,0,1,1,0,4,20,0.321,0.245,368,3,0
1,1,0,0,1,0,0,0,1,1,0,0,1,0,1,1,0,1,1,0,8,24,0.678,0.886,1593,7,1
0,0,0,0,1,0,0,0,0,0,0,1,0,0,0,0,0,0,0,0,2,10,0.029,0.451,90,1,0
0,0,0,0,0,0,0,0,0,1,0,0,0,0,1,0,0,0,0,0,3,18,0.167,0.193,876,2,0
1,0,0,1,1,1,0,1,0,1,1,1,0,1,0,1,1,0,0,1,6,24,0.755,0.366,522,4,1
1,1,0,0,1,0,1,1,0,1,1,1,0,0,0,0,1,0,1,0,4,24,0.708,0.622,714,7,1
0,1,0,0,0,1,0,0,1,0,0,0,0,0,0,1,0,0,0,0,4,13,0.275,0.553,449,2,0
1,1,0,0,0,0,0,0,0,0,1,0,0,0,0,0,1,1,0,0,2,16,0.446,0.292,517,1,0
0,0,0,0,0,0,1,0,0,0,0,0,0,0,0,0,0,0,1,0,1,13,0.183,0.259,293,2,0
0,0,0,0,0,0,0,0,0,0,0,0,0,0,0,0,0,0,0,0,1,15,0.147,0.199,110,1,0
1,0,1,0,0,0,0,0,0,0,0,0,1,1,1,0,0,0,0,0,7,22,0.349,0.31,540,3,0
1,0,1,0,0,0,0,1,1,0,1,1,1,1,0,1,1,0,0,1,7,22,0.775,0.689,1621,6,1
1,1,1,0,1,1,1,1,1,1,1,0,0,1,0,1,0,0,1,0,6,21,0.498,0.923,1598,3,1
1,0,0,1,1,1,0,0,0,0,1,1,0,0,1,1,1,1,0,1,5,23,0.843,0.491,803,4,1
0,0,0,0,0,1,0,0,0,1,0,0,0,0,0,0,1,0,0,0,5,10,0.03,0.072,419,2,0
0,0,0,0,1,0,0,0,0,0,0,1,0,0,1,0,0,0,0,0,0,17,0.394,0.588,714,3,0
0,0,0,0,1,1,0,0,0,0,0,0,0,0,0,0,0,0,0,0,1,14,0.509,0.143,491,2,0
1,0,0,0,1,0,0,1,0,0,0,0,0,0,0,0,0,0,1,0,0,15,0.227,0.198,499,2,0
1,1,0,0,0,1,1,0,0,0,0,0,1,0,0,0,0,1,0,1,2,16,0.081,0.631,420,1,0
0,1,0,0,0,0,0,0,0,0,0,0,0,0,0,0,1,1,1,1,3,15,0.6,0.106,291,1,0
1,0,1,0,0,0,0,0,0,0,0,0,0,1,1,0,0,1,0,0,1,12,0.453,0.023,386,2,0
0,0,1,0,1,1,0,0,0,0,0,0,1,0,0,1,0,0,0,0,6,9,0.201,0.616,824,1,0
0,1,0,0,1,0,1,0,0,1,1,1,0,0,1,1,1,0,0,0,4,22,0.764,0.61,708,4,1
1,0,1,0,0,0,0,0,0,1,0,1,0,0,1,0,0,1,0,0,2,16,0.392,0.472,463,3,0
0,1,1,0,1,1,0,0,0,0,0,0,0,0,1,0,0,0,0,0,3,8,0.326,0.272,716,2,0
0,0,0,1,0,0,0,0,0,1,0,0,0,0,1,0,0,0,0,0,3,14,0.158,0.042,291,3,0
0,0,0,0,1,0,0,0,0,0,1,0,1,0,0,1,0,0,0,1,2,9,0.208,0.238,580,1,0
1,0,0,1,0,0,0,0,0,0,0,1,0,0,0,0,0,0,0,0,2,11,0.183,0.249,531,2,0
1,0,1,0,1,1,0,0,0,0,1,0,1,1,1,1,1,1,1,0,3,24,0.743,0.834,396,7,1
1,0,0,0,0,0,0,0,0,0,0,1,0,0,0,1,0,0,0,0,2,14,0.404,0.31,327,3,0
1,1,0,0,1,0,0,1,0,1,1,0,0,0,1,1,1,1,0,0,8,21,0.753,0.826,2116,3,1
1,1,0,0,1,0,0,0,0,0,0,0,1,0,0,0,0,1,1,1,3,14,0.234,0.331,696,1,0
0,0,0,0,0,0,0,0,0,0,0,0,0,0,0,0,0,1,0,0,4,13,0.724,0.032,324,3,0
0,1,1,1,0,1,0,1,0,0,0,1,0,0,1,1,1,0,0,0,6,18,0.8,0.215,1048,2,1
1,0,1,1,1,1,0,0,0,0,1,0,0,1,1,1,1,0,1,0,7,20,0.752,0.762,1949,4,1
1,0,1,1,1,1,0,0,1,0,1,1,0,0,1,1,0,0,1,0,2,19,0.489,0.835,733,6,1
0,0,0,0,1,0,0,0,0,0,1,0,0,0,0,0,0,0,0,0,3,17,0.09,0.169,597,2,0
0,0,0,0,0,0,1,0,0,0,0,0,0,0,0,1,0,0,1,0,4,17,0.126,0.483,566,2,0
1,1,1,1,0,1,0,1,1,0,0,0,1,0,1,1,0,1,1,0,7,23,0.637,0.696,1076,3,1
0,0,0,0,0,0,0,0,0,0,0,0,0,0,0,0,1,0,1,0,3,13,0.223,0.309,522,1,0
0,0,1,0,1,1,1,0,0,0,0,1,0,0,1,1,1,0,1,0,6,24,0.72,0.251,1212,4,1
1,0,0,0,0,1,0,0,0,0,0,0,0,0,0,1,0,1,0,0,5,12,0.261,0.621,561,3,0
0,0,0,0,1,0,0,1,0,0,0,1,1,1,0,1,1,1,1,0,4,11,0.22,0.308,122,1,0
0,0,0,0,1,0,0,1,0,0,1,0,0,0,1,0,0,0,1,0,4,11,0.339,0.08,192,1,0
1,0,0,0,1,0,0,0,0,0,0,0,1,0,1,0,0,0,1,0,5,10,0.091,0.032,582,1,0
1,0,0,0,0,0,0,0,0,0,0,0,1,0,0,0,0,0,1,0,3,13,0.768,0.254,498,3,0
0,0,0,1,1,1,0,0,0,0,1,0,0,0,0,0,0,0,0,0,4,12,0.228,0.285,165,2,0
0,0,1,0,1,0,0,0,0,0,0,0,0,0,1,0,1,1,0,0,3,13,0.342,0.256,138,3,0
1,0,0,0,1,1,0,0,0,1,1,0,1,0,1,1,1,0,0,1,5,17,0.224,0.849,1980,7,1
0,0,0,0,0,0,0,1,0,0,1,0,0,0,0,1,0,1,1,0,5,14,0.593,0.134,641,3,0
0,0,0,0,1,0,0,0,1,0,0,0,0,0,0,0,0,1,0,0,4,9,0.21,0.183,352,1,0
1,0,0,0,0,0,0,1,0,0,0,0,0,0,0,0,1,0,0,0,1,14,0.58,0.145,541,2,0
0,1,0,0,1,0,0,1,0,1,1,0,0,0,1,0,0,1,1,0,3,15,0.185,0.204,251,1,0
1,1,0,1,0,0,0,0,0,0,0,0,0,1,0,0,0,0,0,0,7,14,0.228,0.523,602,2,0
0,0,0,0,0,0,0,1,0,0,1,0,0,0,0,0,0,0,1,0,3,11,0.038,0.357,483,3,0
1,0,0,0,0,0,0,0,0,0,1,0,0,0,0,0,0,0,0,1,2,16,0.423,0.295,643,3,0
1,0,0,0,1,0,0,1,1,1,0,0,0,0,0,0,0,1,0,1,5,24,0.716,0.737,1173,7,1
0,0,0,0,1,0,0,0,0,0,0,0,0,0,1,0,0,1,1,0,6,13,0.364,0.493,859,1,0
1,0,0,0,1,1,0,1,0,1,1,1,0,0,1,0,0,0,0,0,4,21,0.623,0.908,1714,3,1
1,0,0,0,0,0,0,0,0,0,0,0,0,0,0,0,0,1,0,0,3,14,0.614,0.653,844,1,0
1,1,0,1,1,0,0,0,0,0,0,0,0,0,1,0,0,1,1,0,2,15,0.254,0.277,225,2,0
1,1,1,1,0,0,0,1,0,1,1,0,0,1,1,1,1,1,0,0,3,32,0.782,0.583,2355,3,1
0,1,1,1,1,1,0,1,0,0,0,0,0,0,1,0,0,1,1,1,8,28,0.433,0.405,974,7,1
0,0,0,0,1,0,0,0,0,0,0,0,0,1,1,0,1,0,1,0,2,13,0.1,0.34,741,1,0
1,0,0,0,1,0,0,0,0,0,0,0,1,0,0,1,0,0,0,0,3,12,0.343,0.212,121,2,0
0,0,0,0,1,0,0,1,0,0,0,0,0,0,1,0,0,0,0,0,4,14,0.235,0.058,170,1,0
1,0,0,1,0,1,0,0,1,0,1,1,0,0,0,1,1,1,0,0,5,18,0.958,0.353,304,3,1
0,0,0,0,0,0,0,0,0,0,0,0,0,0,0,1,1,0,0,0,2,11,0.096,0.379,131,3,0
1,1,1,1,1,1,0,0,0,0,1,1,0,0,0,0,1,0,1,0,3,19,0.549,0.948,957,3,1
0,0,0,0,0,0,0,0,0,0,0,0,0,0,0,0,0,0,0,0,6,15,0.14,0.622,695,1,0
0,0,1,1,1,1,1,1,0,1,0,1,0,1,0,1,1,1,1,0,6,24,0.891,0.734,2141,7,1
1,1,0,1,1,1,0,1,0,0,1,1,0,1,1,0,1,0,1,1,5,25,0.656,0.643,235,3,1
1,1,0,0,1,0,0,0,0,0,1,1,0,0,0,0,0,0,0,0,3,12,0.179,0.349,737,2,0
1,0,0,0,0,0,0,0,0,0,0,0,0,0,1,1,0,0,0,0,2,11,0.533,0.268,983,3,0
1,1,1,0,1,1,1,1,0,1,0,0,1,0,1,1,0,0,1,1,11,21,0.621,0.812,1583,3,1
1,0,0,0,0,1,0,0,0,0,0,0,1,0,0,0,0,1,0,0,1,13,0.346,0.044,371,3,0
0,0,0,0,0,0,0,0,0,0,0,0,0,0,0,1,0,1,0,0,3,9,0.602,0.452,420,1,0
1,1,1,1,1,1,0,1,0,1,0,0,0,0,1,1,1,1,1,0,12,20,0.222,0.869,187,6,1
1,0,0,0,1,0,0,0,0,0,0,0,0,0,0,0,0,1,0,0,1,11,0.235,0.539,389,2,0
0,1,1,1,1,0,0,0,0,0,1,0,0,0,0,0,0,1,0,0,4,13,0.131,0.233,253,1,0
0,0,1,0,0,0,0,0,0,1,0,0,0,0,0,0,0,0,1,0,1,16,0.467,0.094,610,2,0
1,0,0,0,1,0,0,0,0,0,0,0,0,0,0,0,0,0,0,0,3,10,0.208,0.337,571,2,0
0,0,0,0,0,0,0,0,0,0,1,1,1,0,0,0,0,0,0,0,2,6,0.237,0.191,287,1,0
0,1,0,0,0,0,0,0,0,0,0,0,0,0,1,0,0,0,1,0,3,10,0.12,0.314,291,3,0
1,0,1,0,1,0,0,0,0,0,0,0,0,0,0,0,0,0,0,0,3,16,0.183,0.07,478,1,0
0,0,0,0,0,0,0,0,0,0,0,0,0,0,0,0,1,1,0,0,1,11,0.476,0.518,455,1,0
1,0,1,1,1,1,1,0,0,1,0,0,0,0,1,0,1,1,1,0,8,19,0.617,0.578,770,2,1
0,1,1,1,1,1,1,1,0,1,0,1,0,0,0,1,0,1,1,1,7,22,0.526,0.741,2310,4,1
0,0,1,1,0,0,0,0,0,0,1,0,0,0,1,0,0,0,0,0,0,15,0.398,0.225,294,3,0
0,0,1,0,0,0,1,0,0,1,0,1,0,0,1,1,0,0,0,0,3,15,0.232,0.357,289,3,0
1,1,0,1,1,0,1,0,1,0,0,1,0,0,0,0,0,1,1,1,4,15,0.662,0.34,2321,5,1
1,1,0,0,1,0,0,0,0,0,0,0,0,0,1,0,0,1,0,0,4,12,0.484,0.073,192,3,0
1,0,0,1,0,0,0,0,0,1,1,0,0,0,1,1,0,0,0,0,2,11,0.094,0.373,926,2,0
0,0,1,0,0,0,0,0,0,0,0,0,0,1,0,1,0,0,0,0,2,14,0.451,0.122,729,1,0
0,0,0,0,1,0,0,0,0,0,1,0,0,0,1,1,0,0,0,0,0,14,0.571,0.219,407,3,0
0,0,0,0,1,0,0,0,0,1,0,0,0,0,1,0,0,1,0,0,1,12,0.454,0.052,619,2,0
1,0,0,0,0,0,0,0,0,0,0,1,0,1,0,0,0,0,0,0,3,11,0.041,0.204,351,2,0
0,1,0,0,1,1,0,0,1,0,0,1,0,0,0,0,0,0,0,0,3,9,0.128,0.234,413,3,0
0,1,0,1,1,1,0,0,0,0,0,0,0,0,0,0,0,1,0,0,3,11,0.208,0.164,392,3,0
0,0,0,0,0,0,0,0,0,0,0,1,0,0,0,0,0,0,0,0,3,12,0.111,0.154,643,1,0
0,1,0,1,0,0,0,0,0,0,0,0,0,1,0,1,0,0,0,0,2,9,0.211,0.137,196,3,0
1,1,0,1,0,1,1,1,1,0,0,0,0,0,0,0,0,1,0,0,7,22,0.807,0.698,1087,6,1
1,1,0,0,0,0,0,0,0,0,1,0,0,0,0,0,0,1,0,1,4,13,0.122,0.158,820,3,0
1,0,0,1,0,0,1,0,0,1,1,1,0,1,1,1,0,1,0,0,6,18,0.671,0.779,1804,7,1
0,0,0,1,1,1,0,1,0,1,0,0,0,0,0,1,0,0,0,1,3,5,0.103,0.132,826,2,0
1,0,1,1,0,0,0,1,1,1,1,0,1,0,1,1,1,1,0,0,2,17,0.929,0.828,1840,7,1
1,0,0,1,1,1,0,1,0,0,0,1,0,0,1,1,1,1,0,0,12,18,0.626,0.94,1291,4,1
0,0,0,0,0,0,0,0,0,0,0,0,0,0,0,0,0,1,0,0,4,8,0.673,0.355,883,2,0
1,1,0,0,0,1,0,1,1,0,0,0,0,0,0,1,0,0,0,0,1,11,0.207,0.393,515,3,0
0,0,0,0,1,0,0,0,0,1,0,0,0,0,1,0,0,0,0,0,2,14,0.026,0.574,106,3,0
0,0,0,0,0,0,0,0,0,0,0,0,0,0,0,1,0,1,0,1,1,14,0.176,0.432,158,3,0
0,0,1,0,0,0,0,0,0,0,0,0,0,1,0,0,0,1,0,0,5,17,0.093,0.418,133,1,0
1,0,0,1,0,0,0,0,0,0,0,0,0,0,0,0,0,1,0,0,3,16,0.22,0.466,407,2,0
0,0,0,0,0,1,0,0,1,0,0,0,0,0,1,0,0,0,0,1,1,8,0.136,0.178,106,3,0
0,0,0,0,0,1,0,0,0,0,1,0,0,0,0,0,0,0,1,0,7,12,0.186,0.125,225,3,0
0,1,0,1,1,0,1,0,0,0,1,0,0,0,1,1,1,1,0,0,3,15,0.275,0.216,194,2,0
0,0,1,0,1,1,0,1,0,1,0,0,1,0,1,0,1,1,0,0,7,17,0.46,0.533,175,7,1
1,0,0,1,0,1,0,0,0,1,1,0,1,0,0,1,0,1,1,0,6,20,0.836,0.679,1901,5,1
0,1,0,1,1,1,0,0,1,0,1,0,0,1,0,0,0,1,0,0,7,20,0.768,0.631,846,7,1
1,1,0,0,1,1,0,1,1,1,0,0,0,0,0,1,1,1,1,0,10,16,0.823,0.539,1227,4,1
0,0,0,0,0,0,0,0,0,0,1,0,0,0,0,0,0,0,0,0,2,16,0.066,0.344,719,3,0
1,0,1,1,1,0,0,0,0,1,0,1,0,0,0,1,0,1,1,1,6,17,0.792,0.877,2105,4,1
1,0,1,1,1,1,0,0,1,0,1,0,0,1,0,1,1,1,0,0,6,30,0.846,0.741,2048,3,1
0,0,0,0,1,1,0,0,0,0,0,0,0,0,1,0,0,1,0,1,4,10,0.237,0.313,982,1,0
0,1,1,1,0,1,0,0,0,1,0,1,0,0,0,1,0,1,0,0,5,27,0.843,0.407,823,7,1
1,0,0,0,0,0,0,0,0,1,1,0,0,0,1,0,1,1,0,0,3,11,0.273,0.475,623,3,0
0,1,0,0,0,0,1,0,0,1,0,0,0,0,0,0,0,0,1,0,5,15,0.551,0.243,94,3,0
1,1,1,1,1,0,1,0,0,1,1,0,0,0,0,1,0,1,1,0,7,19,0.922,0.476,1564,6,1
0,0,0,0,1,0,0,0,0,0,0,1,0,0,0,0,0,1,0,0,0,8,0.136,0.228,337,1,0
1,0,0,0,0,1,0,0,0,0,0,0,0,1,0,0,0,0,0,0,3,11,0.367,0.364,667,2,0
1,1,1,0,0,0,0,0,1,0,0,1,0,0,0,0,0,1,1,0,1,12,0.119,0.372,873,2,0
0,0,0,0,0,0,0,0,1,0,0,0,0,0,1,0,0,1,0,1,2,23,0.573,0.359,434,2,0
1,0,0,0,1,1,0,0,1,1,1,1,0,0,0,1,1,1,0,1,5,18,0.629,0.753,263,6,1
0,0,0,0,0,0,0,0,0,0,0,0,0,0,0,0,0,1,0,1,2,7,0.059,0.182,770,1,0
0,0,0,0,0,0,0,0,0,1,1,0,1,1,0,0,0,1,0,0,3,12,0.223,0.078,120,2,0
0,0,0,0,0,0,0,0,0,0,0,1,0,1,0,0,0,0,0,0,4,15,0.177,0.103,465,3,0
0,1,1,1,0,1,1,1,0,1,1,0,0,0,1,1,1,1,1,1,6,26,0.662,0.458,1977,2,1
0,1,0,0,0,0,0,0,0,0,0,0,1,0,1,0,0,1,0,1,5,16,0.141,0.061,359,2,0
1,1,0,1,1,0,0,1,0,0,0,0,0,0,1,1,1,1,0,0,6,15,0.579,0.518,186,7,1
0,0,0,0,0,0,0,0,0,0,0,0,1,0,1,0,0,0,0,0,3,15,0.242,0.307,420,3,0
1,0,0,1,0,0,0,0,0,0,0,0,0,0,0,1,0,0,1,0,3,14,0.32,0.25,380,2,0
0,1,0,0,1,0,0,0,0,1,0,0,0,0,0,0,0,0,1,1,5,12,0.323,0.21,923,3,0
0,0,0,0,0,0,0,0,0,0,0,0,0,0,0,0,0,0,1,0,3,10,0.632,0.224,385,3,0
1,1,1,1,1,1,0,0,0,0,0,1,0,0,0,1,0,1,0,0,6,21,0.546,0.889,759,6,1
0,1,0,0,0,0,1,0,0,0,0,0,1,0,1,0,1,0,0,0,1,15,0.162,0.248,238,3,0
1,0,0,1,0,0,0,0,0,0,0,0,0,0,1,0,1,0,0,1,3,16,0.116,0.13,832,1,0
1,0,0,0,1,1,0,0,0,1,0,1,0,0,1,1,0,1,0,0,4,17,0.487,0.308,995,3,1
1,1,1,0,1,1,0,0,0,0,0,0,0,0,0,0,0,1,1,0,3,15,0.091,0.509,551,2,0
1,0,0,0,1,0,0,1,0,0,0,0,0,0,0,0,1,0,1,0,2,14,0.136,0.621,291,3,0
0,0,0,0,0,0,0,0,0,0,1,0,0,0,1,1,1,0,0,0,4,9,0.382,0.079,501,1,0
0,0,0,1,0,0,0,1,0,0,1,0,0,0,0,0,0,0,0,0,3,10,0.07,0.727,384,1,0
1,0,1,1,1,1,0,1,0,1,0,1,0,1,1,1,1,0,1,0,3,26,0.789,0.451,786,3,1
1,1,1,1,0,0,1,0,0,1,0,0,0,0,0,0,1,1,1,0,5,29,0.671,0.639,409,3,1
0,1,1,1,0,0,0,0,1,0,0,0,1,1,0,0,1,1,1,0,5,23,0.452,0.817,1199,4,1
0,0,1,1,0,0,0,1,1,0,1,1,0,0,1,1,0,1,0,0,8,23,0.845,0.971,354,4,1
0,0,1,0,1,0,0,0,1,0,0,1,1,0,1,0,1,1,0,0,1,16,0.406,0.253,547,3,0
1,0,0,0,0,0,0,0,0,0,0,0,0,0,0,0,0,1,0,0,3,12,0.393,0.492,700,3,0
1,0,1,1,1,1,1,1,1,1,0,0,0,0,0,1,0,1,0,1,8,29,0.571,0.562,775,7,1
1,0,1,0,1,1,0,1,1,0,0,1,0,0,0,1,1,1,0,0,6,20,0.946,0.755,1321,4,1
0,0,0,0,0,0,0,0,0,1,1,0,0,0,0,0,1,0,0,0,0,16,0.711,0.33,166,3,0
0,0,1,0,1,0,0,0,0,0,1,0,0,0,0,1,0,0,0,0,1,17,0.242,0.404,313,3,0
1,1,1,1,1,0,0,1,1,0,0,0,0,0,0,1,1,1,0,1,3,18,0.714,0.925,843,4,1
1,1,0,0,0,1,0,1,0,0,0,1,0,0,1,1,0,1,0,0,7,26,0.806,0.85,1535,5,1
1,1,0,0,0,1,1,0,0,1,1,0,0,0,1,1,1,1,1,0,5,12,0.725,0.637,1265,2,1
1,1,1,1,1,1,1,1,0,0,0,1,0,1,1,0,0,0,0,1,4,29,0.88,0.649,2300,4,1
0,1,0,1,1,0,1,1,0,0,0,0,0,0,1,0,1,0,1,0,6,18,0.646,0.765,486,2,1
1,0,1,1,0,0,0,0,0,0,0,1,0,1,1,0,0,0,1,0,3,15,0.241,0.279,465,3,0
1,0,0,0,1,0,0,0,0,0,0,0,0,0,1,0,1,1,0,0,5,11,0.294,0.369,533,3,0
0,1,0,0,0,0,0,0,0,0,0,0,0,0,0,0,0,1,0,0,1,18,0.254,0.12,180,2,0
1,0,0,0,0,0,0,0,0,0,0,0,0,0,0,0,1,0,0,0,4,14,0.223,0.489,619,1,0
0,1,1,0,1,1,0,1,0,1,0,0,0,0,1,1,0,1,0,0,6,28,0.91,0.361,721,4,1
0,0,0,1,1,0,0,1,0,1,0,0,1,0,1,1,0,1,0,1,4,23,0.772,0.862,1611,4,1
0,0,0,0,0,0,0,1,0,0,0,0,0,0,0,0,1,0,0,0,3,11,0.354,0.124,845,2,0
0,1,0,0,0,1,0,0,0,0,0,0,1,0,0,0,0,1,0,0,2,9,0.299,0.102,640,3,0
0,0,0,0,0,0,0,0,0,0,0,0,0,0,0,1,0,1,0,0,2,16,0.122,0.087,894,1,0
0,0,0,0,0,0,0,0,0,0,0,0,0,0,0,0,1,0,0,0,5,15,0.348,0.283,419,2,0
0,1,0,0,0,0,0,0,0,0,0,1,0,0,0,0,0,0,0,0,3,13,0.397,0.133,144,2,0
0,1,0,0,0,0,1,1,1,0,1,0,1,0,0,0,0,1,0,0,1,18,0.232,0.267,700,1,0
1,1,0,1,1,1,1,0,0,0,0,1,1,0,1,1,1,1,1,0,5,19,0.769,0.609,1217,6,1
1,1,1,1,1,1,1,0,1,1,1,0,0,0,0,1,1,0,1,0,5,24,0.824,0.396,431,4,1
1,1,0,1,0,0,0,0,1,0,0,1,0,1,0,1,0,1,0,0,1,16,0.579,0.41,747,1,0
0,0,0,0,1,0,1,0,1,1,0,0,0,0,0,0,0,0,0,0,3,12,0.423,0.35,549,1,0
0,1,0,0,0,0,0,0,0,0,0,0,1,0,0,1,0,0,0,0,7,15,0.326,0.096,924,3,0
0,1,0,0,1,0,0,0,0,0,1,0,0,0,1,0,0,1,0,0,2,8,0.443,0.743,94,3,0
0,1,1,1,1,0,1,0,1,1,0,1,0,1,1,1,0,0,0,0,12,21,0.763,0.603,1378,6,1
1,0,0,0,0,0,0,0,0,1,1,0,0,0,1,1,0,1,0,0,4,16,0.412,0.321,735,1,0
1,0,0,0,0,0,0,1,1,1,0,0,0,0,1,0,0,0,1,0,5,12,0.46,0.421,476,2,0
0,0,0,0,0,0,0,0,0,1,0,1,0,0,1,1,0,0,0,0,2,18,0.154,0.245,604,2,0
1,0,1,1,0,0,0,1,0,1,0,1,0,0,1,1,1,0,0,0,7,22,0.923,0.715,764,7,1
0,0,1,1,1,1,0,1,0,0,0,0,0,1,1,0,1,1,1,0,4,19,0.73,0.587,1440,4,1
1,1,1,1,1,0,1,0,0,1,0,1,0,0,1,1,1,1,1,0,7,23,0.691,0.919,2049,3,1
0,1,1,1,1,0,0,0,0,0,0,1,0,1,0,1,1,1,0,1,5,21,0.702,0.283,489,6,1
0,0,0,0,1,0,0,0,0,0,0,0,0,0,1,0,1,0,0,0,4,14,0.229,0.072,534,1,0
1,0,1,0,0,0,0,0,1,0,1,0,0,0,1,0,0,0,0,1,1,14,0.321,0.255,878,3,0
1,0,0,0,1,0,0,0,1,0,1,1,0,1,0,0,0,0,1,1,7,10,0.118,0.513,935,2,0
1,0,1,1,0,1,0,1,1,1,0,0,1,0,1,0,1,1,0,0,5,20,0.94,0.749,1775,5,1
0,1,0,0,0,0,0,0,1,0,1,0,0,0,0,1,0,0,1,0,4,12,0.453,0.048,636,3,0
0,1,0,1,0,1,0,1,0,0,0,1,1,0,0,1,1,1,0,0,5,20,0.615,0.816,2278,2,1
0,1,1,0,0,1,0,1,1,1,0,0,0,0,1,1,1,1,0,0,8,24,0.313,0.833,1154,2,1
1,0,0,1,1,1,0,0,0,0,1,1,1,0,0,0,0,0,0,0,5,25,0.78,0.516,2370,5,1
0,1,0,0,0,0,0,0,0,0,1,0,0,0,0,0,0,0,1,0,2,14,0.147,0.461,360,3,0
1,0,1,0,1,1,1,1,0,1,0,0,0,0,0,1,1,1,0,0,4,19,0.873,0.921,1742,6,1
0,0,0,1,0,0,0,0,0,0,1,0,1,0,0,0,0,0,0,0,2,12,0.143,0.29,693,3,0
0,0,0,1,0,0,0,0,0,0,1,0,0,0,0,0,0,0,0,1,4,10,0.42,0.505,993,3,0
0,0,0,0,0,1,0,0,0,0,1,0,1,0,1,0,0,1,0,0,3,10,0.273,0.194,183,1,0
0,0,1,0,1,1,1,0,0,0,0,0,0,0,0,1,0,0,0,0,1,17,0.364,0.252,685,1,0
0,0,0,0,1,0,0,0,0,1,0,0,0,0,0,1,0,0,0,1,2,18,0.396,0.686,864,3,0
0,0,0,0,0,1,0,0,0,0,0,1,0,0,1,0,0,0,0,0,1,19,0.405,0.215,929,3,0
1,0,0,1,1,0,0,0,0,1,0,0,0,0,0,1,1,0,0,0,6,22,0.795,0.673,942,7,1
0,1,0,0,0,0,0,0,0,0,1,0,0,1,0,0,0,0,0,0,3,8,0.085,0.231,84,2,0
1,0,0,0,0,1,0,0,1,1,0,0,0,0,0,0,1,0,0,0,6,12,0.227,0.118,757,3,0
0,1,0,0,1,0,0,0,0,0,1,0,0,0,0,1,0,0,0,0,3,12,0.221,0.131,329,3,0
0,0,1,0,1,0,0,1,0,1,1,0,1,0,0,0,0,1,1,1,2,18,0.088,0.137,855,1,0
0,1,0,0,0,0,0,0,0,1,1,0,0,0,0,0,0,1,0,0,6,19,0.089,0.153,417,2,0
0,0,0,1,1,0,0,1,0,0,0,0,0,0,1,0,0,1,1,0,4,10,0.403,0.355,221,1,0
1,1,1,1,1,0,1,1,0,0,0,0,0,1,1,1,0,1,1,1,7,16,0.76,0.69,2006,6,1
0,1,0,1,1,0,0,1,0,1,0,1,1,0,1,1,0,1,0,0,8,24,0.772,0.805,1430,4,1
0,1,1,1,1,0,0,0,0,1,0,0,0,0,0,0,0,0,0,1,1,7,0.363,0.75,967,2,0
1,0,0,0,1,0,1,0,1,0,0,0,0,0,0,0,0,0,0,1,4,9,0.081,0.43,138,3,0
0,0,1,0,1,0,0,1,0,0,0,0,0,0,0,0,0,0,0,0,4,17,0.181,0.127,385,2,0
1,1,0,0,0,0,0,0,1,0,0,1,1,0,1,0,1,1,0,0,4,11,0.194,0.231,661,1,0
1,1,1,1,1,1,0,1,0,0,1,0,1,0,0,1,0,1,0,0,4,21,0.727,0.669,135,4,1
0,0,0,0,1,0,0,0,0,0,0,0,0,0,0,0,1,0,0,0,2,15,0.244,0.388,326,1,0
0,1,1,0,0,0,0,0,0,0,0,0,0,0,0,0,0,0,1,1,4,14,0.361,0.19,634,1,0
1,0,1,1,1,1,1,1,1,0,0,0,0,0,0,0,1,1,1,0,7,20,0.796,0.707,322,7,1
0,0,0,0,0,0,0,0,0,0,1,0,0,0,1,0,0,1,0,0,4,9,0.139,0.234,277,2,0
0,0,0,0,0,0,1,1,0,0,0,1,1,0,1,0,0,0,0,0,2,14,0.358,0.012,92,2,0
0,1,0,0,1,0,0,0,0,0,0,0,0,0,0,0,0,1,0,0,1,14,0.419,0.557,379,1,0
0,0,0,0,1,0,0,0,0,0,0,0,1,0,0,0,0,1,1,1,6,12,0.231,0.362,569,1,0
1,0,0,1,0,1,1,0,0,1,1,1,0,0,1,1,1,0,0,0,6,17,0.492,0.667,1050,5,1
1,0,0,0,1,0,0,0,0,0,0,1,0,0,1,0,0,0,0,0,1,11,0.243,0.218,727,3,0
0,0,0,0,1,0,0,0,0,0,0,0,0,0,0,0,0,1,0,0,2,11,0.398,0.152,115,1,0
1,0,0,0,1,0,0,0,0,0,0,0,0,1,0,0,0,0,0,0,3,8,0.445,0.036,226,3,0
1,0,1,1,1,0,0,0,0,0,1,1,0,0,0,0,1,1,0,0,3,11,0.108,0.264,451,3,0
0,0,0,0,1,1,1,0,0,1,1,0,1,1,1,1,0,1,0,0,7,20,0.715,0.562,2104,3,1
0,1,0,0,0,0,1,0,0,1,0,0,0,1,0,0,1,1,0,0,1,15,0.223,0.419,706,3,0
1,0,0,0,0,0,0,0,0,0,0,0,0,0,0,0,0,0,0,0,1,13,0.137,0.269,622,1,0
1,1,1,1,0,1,0,1,0,1,1,1,1,0,1,1,1,0,0,0,4,13,0.904,0.982,2299,7,1
1,1,1,0,0,0,0,0,0,1,0,0,0,0,0,0,0,1,1,0,1,11,0.338,0.345,117,2,0
1,1,1,1,0,0,0,1,0,1,0,1,0,0,1,0,1,1,0,0,9,26,0.452,0.745,1570,6,1
1,0,0,0,0,0,0,1,0,0,0,0,0,0,0,0,0,0,0,0,3,7,0.234,0.367,244,1,0
0,1,0,0,1,0,0,0,0,0,0,0,0,0,1,0,0,0,0,0,2,9,0.218,0.641,856,1,0
0,0,0,0,0,0,0,0,0,0,0,0,0,1,0,0,0,1,1,0,3,14,0.331,0.108,956,3,0
1,0,0,0,1,0,1,0,0,0,0,0,0,0,0,0,1,0,0,0,3,14,0.06,0.246,615,1,0
1,1,1,1,1,1,0,1,0,1,1,0,0,0,1,0,1,0,0,0,12,22,0.871,0.798,2156,7,1
0,0,1,0,1,1,0,1,1,0,0,1,0,0,0,1,1,1,1,1,6,26,0.847,0.463,2166,3,1
1,0,0,0,1,0,0,1,0,0,1,0,0,0,1,1,1,1,0,0,11,20,0.795,0.28,890,5,1
1,1,1,1,1,1,0,0,0,0,1,1,0,0,0,1,1,1,1,1,5,26,0.871,0.425,2385,4,1
1,1,1,1,1,1,0,1,0,1,1,1,0,0,1,1,0,1,0,0,7,23,0.711,0.478,1809,7,1
0,0,1,0,1,0,0,0,0,0,1,0,0,0,0,0,0,1,0,0,2,11,0.336,0.239,203,3,0
1,1,0,0,0,0,0,0,0,0,0,0,0,0,1,0,1,0,0,0,2,9,0.537,0.382,365,3,0
1,0,0,1,1,1,0,1,0,0,0,1,0,0,1,1,1,0,1,0,6,19,0.704,0.772,1788,6,1
1,1,0,0,0,0,0,0,0,0,0,0,0,0,1,0,0,0,0,0,3,17,0.354,0.321,921,3,0
1,0,0,1,1,0,0,0,0,0,1,0,0,0,0,1,0,0,0,0,6,15,0.266,0.277,200,1,0
1,1,1,1,1,0,0,1,0,1,1,0,1,0,1,1,0,1,0,0,5,22,0.716,0.906,2338,7,1
1,0,1,0,1,0,0,1,0,0,1,1,0,0,0,0,0,0,1,1,12,25,0.713,0.284,404,3,1
0,0,0,1,1,1,0,0,0,0,0,0,1,0,1,0,1,0,0,0,4,16,0.21,0.212,678,2,0
0,0,0,0,0,1,0,0,0,0,0,0,0,0,1,0,0,0,1,0,1,15,0.293,0.415,671,3,0
0,0,0,0,0,0,1,0,0,0,0,0,0,0,0,0,0,1,0,0,6,8,0.139,0.104,219,1,0
0,0,1,1,1,0,1,0,1,1,0,1,0,1,1,0,1,1,0,1,7,24,0.642,0.871,1543,4,1
1,0,0,0,0,0,0,0,0,1,1,0,0,0,1,0,0,0,1,0,2,18,0.038,0.214,228,2,0
0,1,1,1,0,1,0,1,0,1,1,1,0,0,1,1,0,0,0,0,6,24,0.8,0.714,1051,3,1
0,1,0,0,0,0,0,0,0,0,1,0,0,0,1,0,0,0,0,0,0,15,0.056,0.117,240,1,0
0,0,0,0,1,0,0,1,0,0,1,0,0,1,0,1,0,1,0,0,2,14,0.339,0.125,788,1,0
0,1,0,0,0,1,0,0,0,0,0,0,0,0,0,0,0,0,0,0,0,10,0.374,0.055,561,2,0
0,0,1,1,1,0,1,1,1,1,0,1,0,0,1,1,1,1,0,1,9,21,0.636,0.197,1560,3,1
1,1,0,0,0,0,0,0,1,0,0,0,1,0,1,0,0,1,0,0,0,10,0.358,0.557,530,1,0
0,0,0,0,0,1,0,0,1,0,0,0,0,0,0,0,0,0,0,0,0,14,0.315,0.295,262,1,0
1,0,0,0,1,0,1,1,0,0,1,0,0,1,1,0,0,0,0,0,3,17,0.062,0.311,919,2,0
1,0,0,0,1,0,1,0,0,0,0,0,0,0,0,0,0,1,0,0,1,11,0.444,0.151,777,2,0
1,1,1,1,1,0,1,0,1,1,0,0,0,0,1,0,0,0,1,0,5,17,0.619,0.727,2288,4,1
0,1,1,0,0,0,0,1,0,1,0,0,0,0,1,0,0,1,0,0,3,16,0.435,0.301,438,3,0
0,1,1,1,0,1,1,1,1,1,0,0,0,0,0,1,0,1,0,0,11,16,0.706,0.835,1745,5,1
0,0,0,0,0,1,0,0,0,0,0,0,0,0,0,1,0,0,1,0,3,8,0.455,0.452,832,3,0
0,0,0,0,0,0,0,0,0,0,1,0,0,1,0,1,0,1,0,1,4,11,0.203,0.608,196,3,0
1,0,0,0,0,1,0,0,0,0,0,1,1,0,0,0,0,0,0,0,4,16,0.102,0.206,990,2,0
0,0,0,0,0,1,0,1,0,0,1,1,0,0,0,0,1,0,0,0,2,18,0.156,0.527,450,2,0
0,0,0,0,0,0,0,0,0,0,0,0,0,0,1,0,0,1,0,1,2,17,0.106,0.251,566,1,0
0,0,0,1,0,0,1,1,0,1,0,0,0,0,1,1,0,1,1,0,3,14,0.393,0.52,1268,2,1
1,1,0,0,1,1,0,1,0,1,1,1,0,1,1,0,0,1,1,0,6,26,0.653,0.619,2235,5,1
0,0,1,0,0,0,0,1,0,0,0,0,0,0,0,1,1,0,0,1,5,24,0.766,0.771,2283,5,1
1,0,0,1,0,0,1,0,1,0,1,0,0,0,1,1,1,0,0,0,6,27,0.371,0.722,692,3,1
0,0,0,1,0,0,0,1,0,0,0,0,1,0,0,0,0,0,0,0,0,11,0.092,0.312,627,3,0
0,0,0,0,0,0,1,0,0,0,0,0,0,0,0,0,0,0,0,0,1,16,0.407,0.131,578,1,0
0,0,0,0,1,0,0,0,0,0,1,0,0,0,0,0,0,0,0,0,1,11,0.158,0.091,638,3,0
0,0,1,1,1,1,0,1,0,1,1,0,1,0,0,1,1,1,1,0,7,19,0.841,0.524,2200,5,1
1,1,0,1,1,0,0,1,0,0,0,1,0,0,1,1,1,1,1,1,4,30,0.734,0.566,2175,6,1
0,0,0,1,0,0,0,0,0,0,0,0,0,0,0,1,0,0,0,0,4,10,0.2,0.149,998,3,0
1,0,0,1,1,1,0,0,1,0,1,1,1,0,1,1,0,0,0,0,5,22,0.951,0.77,1305,4,1
1,1,1,1,1,1,0,1,0,1,1,1,1,1,1,0,1,1,0,0,8,19,0.765,0.428,1521,6,1
0,1,0,0,0,0,0,0,0,0,0,0,0,1,0,0,0,0,0,0,2,12,0.019,0.207,716,2,0
0,1,0,1,0,0,0,0,0,0,1,1,0,0,0,0,1,0,0,0,5,12,0.401,0.492,773,1,0
0,0,0,0,0,0,0,0,0,0,0,1,0,0,0,0,1,0,1,0,1,11,0.223,0.32,196,2,0
0,0,0,0,1,0,0,0,0,0,1,0,0,0,1,0,0,1,1,0,6,8,0.682,0.209,968,1,0
1,1,1,0,0,0,0,0,0,1,0,1,0,0,0,0,0,1,0,0,4,7,0.428,0.259,638,1,0
0,0,0,0,1,1,0,1,0,1,1,1,1,0,1,1,0,0,0,1,5,29,0.727,0.917,330,5,1
0,1,0,1,1,0,1,1,1,1,0,1,1,0,1,0,1,1,0,0,2,24,0.818,0.886,1275,7,1
1,0,0,0,0,0,0,0,0,1,0,1,1,0,1,0,0,0,0,0,8,17,0.154,0.09,991,1,0
1,0,0,1,1,1,0,0,1,0,0,0,1,0,1,1,1,1,0,0,2,28,0.939,0.624,327,6,1
1,0,1,0,0,1,1,0,0,1,0,1,0,0,1,1,0,1,0,0,5,22,0.774,0.713,723,7,1
0,0,0,0,0,0,0,0,0,0,0,0,0,0,0,0,0,0,0,0,3,14,0.278,0.15,384,3,0
1,0,0,0,1,0,0,0,0,0,0,0,0,0,0,0,0,1,1,0,2,14,0.117,0.422,100,3,0
1,0,1,0,0,0,0,0,0,0,1,0,0,0,1,0,0,0,0,0,4,14,0.195,0.179,925,1,0
0,0,0,0,1,0,0,0,1,1,0,0,0,0,1,0,0,1,0,0,2,10,0.073,0.188,297,1,0
1,0,0,0,0,0,0,0,0,0,0,0,0,0,1,0,0,0,0,0,5,16,0.178,0.19,205,1,0
0,1,1,0,1,1,0,1,0,0,1,1,0,0,0,0,0,1,0,0,6,22,0.333,0.578,1975,7,1
0,0,0,0,0,0,1,0,0,0,0,0,1,0,0,0,1,1,0,0,4,15,0.223,0.151,367,3,0
1,1,0,0,0,0,0,0,0,0,1,0,0,0,0,1,0,0,1,0,9,16,0.276,0.564,336,2,0
0,1,0,1,1,1,0,1,0,0,1,1,1,0,1,1,1,1,0,0,3,13,0.81,0.591,1971,6,1
1,0,1,1,1,1,0,0,0,1,0,1,0,0,0,0,1,0,0,0,5,19,0.585,0.539,2191,7,1
1,0,1,1,1,1,1,1,0,0,1,0,0,0,1,1,0,1,0,0,5,24,0.834,0.799,1807,4,1
1,0,1,0,0,0,0,0,0,0,0,0,0,1,0,0,0,0,0,0,3,18,0.353,0.437,90,3,0
1,0,0,0,1,0,1,1,0,0,1,0,0,0,0,0,0,0,0,0,5,6,0.202,0.256,454,3,0
1,1,1,1,0,1,1,0,1,0,0,0,0,0,1,1,1,1,0,1,3,20,0.806,0.806,1415,3,1
0,0,1,0,0,0,0,0,1,0,0,0,0,0,0,1,1,1,0,0,9,12,0.153,0.433,580,1,0
1,1,1,1,1,1,1,1,0,0,1,0,1,0,1,1,0,0,1,0,5,24,0.713,0.77,2305,2,1
0,1,0,0,0,0,0,0,0,0,0,0,0,0,1,0,0,1,0,0,1,12,0.135,0.414,581,1,0
1,1,1,0,1,1,1,1,0,1,1,0,0,1,1,1,1,0,1,0,2,18,0.898,0.74,635,2,1
0,1,0,0,0,0,0,1,0,0,0,0,1,0,0,1,0,0,0,0,3,16,0.079,0.158,592,1,0
0,0,1,0,1,1,1,1,0,1,1,1,0,1,1,1,1,1,0,0,7,21,0.699,0.815,120,3,1
0,1,0,0,0,0,0,0,0,1,0,0,0,1,1,0,0,0,0,0,3,13,0.438,0.242,399,1,0
0,1,0,1,1,0,1,1,0,0,0,0,1,0,0,1,0,0,1,0,5,18,0.803,0.86,1137,7,1
1,1,1,0,1,1,0,0,1,0,0,0,1,0,0,1,0,0,0,0,5,15,0.082,0.424,500,1,0
0,0,0,0,0,0,0,0,0,0,0,0,0,0,0,0,0,0,0,0,1,10,0.196,0.033,297,3,0
1,0,0,0,0,0,0,1,0,0,0,0,0,0,0,0,0,0,0,0,2,15,0.611,0.174,386,3,0
1,1,0,0,1,0,0,0,0,0,0,1,0,0,0,1,0,1,1,0,6,22,0.699,0.552,577,6,1
1,0,0,0,1,0,0,0,1,0,0,0,0,0,0,0,0,0,0,0,2,10,0.337,0.251,179,1,0
1,1,1,0,1,1,0,0,0,1,1,0,0,0,1,1,0,1,0,1,2,12,0.028,0.016,741,1,0
1,0,0,1,0,0,1,0,0,0,0,0,0,0,1,0,0,0,0,0,1,16,0.052,0.293,356,3,0
0,1,0,0,0,0,0,0,1,1,1,1,0,0,1,0,0,0,0,0,2,9,0.165,0.359,454,3,0
1,0,1,1,1,1,0,1,0,1,0,0,0,0,0,1,1,0,1,0,3,17,0.583,0.349,626,2,1
0,0,0,1,1,0,0,0,0,0,0,0,0,0,0,0,0,0,1,0,3,8,0.338,0.301,639,1,0
1,0,1,1,1,1,1,1,1,1,1,0,0,0,0,1,0,1,1,0,10,18,0.674,0.563,1078,6,1
0,0,0,1,1,0,0,0,0,0,0,0,0,0,1,0,0,0,0,0,4,15,0.283,0.231,880,1,0
1,1,1,1,1,1,0,1,1,1,1,0,0,1,0,1,1,1,0,1,1,20,0.518,0.631,2226,5,1
0,0,1,0,0,0,0,0,0,0,0,0,0,0,0,0,0,1,0,1,2,13,0.282,0.411,541,2,0
1,1,1,0,1,0,0,1,0,0,1,1,0,0,1,0,1,1,1,0,6,25,0.668,0.447,701,3,1
1,0,0,1,0,0,0,0,1,0,0,0,1,1,1,0,1,1,1,0,6,21,0.771,0.551,553,3,1
1,0,0,0,0,0,1,0,0,0,0,1,0,0,0,0,0,0,0,0,7,8,0.533,0.546,142,1,0
0,0,0,0,0,0,0,0,0,0,0,0,0,0,1,0,0,0,0,0,1,15,0.102,0.146,99,3,0
1,0,0,0,0,0,0,0,0,0,0,0,0,0,0,1,1,0,1,0,1,10,0.308,0.299,296,2,0
0,1,1,0,1,1,0,0,1,0,0,0,1,1,1,0,1,1,0,1,3,28,0.533,0.893,629,5,1
1,0,0,0,1,0,0,1,0,1,0,1,0,0,1,1,1,1,1,1,10,16,0.79,0.94,756,7,1
0,1,0,0,0,0,1,0,0,0,0,1,0,0,1,0,0,1,0,0,0,11,0.205,0.328,103,3,0
1,0,0,0,0,0,1,1,1,1,0,1,0,0,1,1,1,1,1,0,7,27,0.937,0.598,237,6,1
1,0,0,1,1,1,0,0,0,1,1,0,0,0,1,1,0,1,1,0,2,22,0.548,0.642,1992,4,1
0,1,0,0,1,0,0,0,0,0,1,1,0,0,0,1,0,1,0,0,2,12,0.278,0.078,888,2,0
1,1,0,0,0,0,0,0,0,0,0,0,0,0,1,0,0,0,0,0,1,11,0.212,0.674,862,3,0
0,0,0,0,1,0,0,0,1,0,0,0,0,0,1,0,0,0,0,0,2,11,0.536,0.139,181,3,0
0,0,1,0,0,0,0,0,0,0,0,0,0,0,0,0,0,0,0,0,1,7,0.538,0.62,612,1,0
1,1,1,0,1,0,0,0,0,0,0,0,0,0,0,1,0,0,1,1,2,7,0.392,0.373,653,2,0
0,0,1,1,1,1,0,1,0,1,0,0,1,0,1,1,1,1,0,1,6,17,0.734,0.713,334,6,1
0,0,1,0,0,0,0,0,0,0,0,1,0,0,0,1,0,1,1,0,3,13,0.125,0.273,138,2,0
1,0,1,0,1,0,0,1,0,0,0,0,0,0,0,0,0,1,1,0,5,14,0.47,0.146,375,3,0
0,0,0,0,0,0,1,0,0,1,0,0,0,0,0,1,0,1,0,0,2,8,0.114,0.458,432,3,0
0,1,0,1,1,1,0,1,1,0,0,1,0,0,1,0,0,0,0,0,4,19,0.889,0.36,2289,7,1
0,0,0,0,1,0,0,0,0,0,0,0,0,0,0,0,1,0,1,0,2,20,0.444,0.406,169,1,0
0,0,1,0,1,0,1,0,0,1,1,0,0,0,0,0,0,0,0,0,1,16,0.638,0.505,124,3,0
1,0,1,0,1,0,0,0,0,0,1,1,0,0,1,1,1,1,0,0,4,17,0.402,0.949,782,7,1
0,0,0,0,0,0,0,0,0,0,0,0,0,1,0,0,0,0,0,0,2,20,0.398,0.246,253,2,0
0,0,0,0,0,0,0,0,0,0,0,0,0,0,0,0,0,0,0,0,2,11,0.27,0.39,545,3,0
0,0,0,0,0,0,0,0,0,0,0,0,0,0,1,1,0,0,0,0,6,11,0.333,0.125,487,3,0
1,0,0,1,0,0,0,0,0,0,1,0,0,0,1,0,0,0,0,0,4,15,0.117,0.257,943,1,0
0,0,1,1,1,0,0,1,0,0,1,0,1,0,1,0,1,1,1,0,3,15,0.826,0.54,1726,4,1
0,0,0,0,0,0,0,0,0,0,0,0,0,0,0,0,0,0,0,0,3,11,0.158,0.043,517,1,0
0,0,0,0,0,0,0,0,0,0,0,0,0,1,0,0,0,0,0,0,2,9,0.537,0.138,264,1,0
1,0,0,0,1,0,0,0,0,0,0,0,1,0,0,0,0,1,0,0,2,15,0.031,0.344,964,1,0
0,1,0,0,0,1,0,0,0,0,0,0,1,0,1,0,0,0,0,0,2,9,0.36,0.123,491,2,0
0,0,0,0,0,1,0,0,0,0,0,1,1,0,0,0,0,0,1,0,2,11,0.135,0.415,243,3,0
0,0,1,0,1,0,0,0,0,0,1,1,1,0,1,0,0,0,1,0,2,7,0.427,0.298,951,3,0
1,0,0,1,0,1,0,0,0,0,1,0,0,0,1,0,0,1,0,0,3,15,0.573,0.342,780,3,0
0,0,0,1,0,1,0,1,0,0,0,0,0,0,0,1,1,0,0,0,3,12,0.392,0.044,970,3,0
0,0,0,0,1,0,0,0,0,0,0,1,0,0,0,0,0,0,0,0,3,16,0.153,0.493,217,2,0
1,1,0,1,1,0,0,0,0,0,0,1,0,0,0,0,0,0,1,0,1,16,0.256,0.141,378,3,0
0,0,0,1,1,0,0,0,1,0,1,1,0,1,1,1,1,0,0,1,11,21,0.943,0.608,853,3,1
1,0,1,0,1,0,0,0,0,0,1,0,1,0,1,0,0,1,1,0,4,21,0.435,0.254,499,2,0
0,1,1,0,1,0,0,0,0,1,1,1,0,0,0,0,0,0,0,0,3,15,0.062,0.161,469,1,0
1,1,0,0,1,1,0,1,0,1,0,1,1,1,0,1,0,1,0,0,2,12,0.087,0.271,207,1,0
1,1,1,0,1,1,0,1,0,0,1,1,1,0,1,0,0,1,0,1,7,18,0.669,0.637,980,7,1
1,0,0,0,1,0,0,0,1,1,1,0,0,0,1,1,0,1,0,1,4,27,0.719,0.53,680,5,1
0,0,0,1,0,1,0,1,0,0,0,1,0,0,0,0,0,0,0,0,4,16,0.087,0.212,557,3,0
1,0,0,1,0,0,0,0,0,1,1,0,0,0,0,0,0,1,0,0,4,11,0.304,0.183,374,2,0
0,0,0,0,1,0,0,0,0,0,0,0,1,0,1,0,0,0,1,0,3,15,0.274,0.417,423,3,0
0,1,1,0,0,0,0,1,0,0,1,1,0,0,1,1,1,0,0,0,3,17,0.217,0.112,637,3,0
0,0,1,1,0,0,0,0,0,0,0,1,0,0,1,0,0,1,1,0,4,14,0.105,0.684,871,1,0
0,0,0,0,0,0,0,1,0,0,0,0,0,0,0,0,0,0,0,1,2,11,0.236,0.117,607,1,0
1,0,0,1,1,0,1,0,0,1,0,0,1,1,1,0,1,1,0,0,9,15,0.772,0.815,1203,5,1
0,0,0,0,0,1,1,1,0,0,0,0,0,0,1,0,0,0,0,0,4,13,0.332,0.074,152,3,0
1,0,0,1,1,1,0,1,0,0,1,0,0,0,0,1,0,0,0,1,3,26,0.549,0.492,142,7,1
0,1,1,1,1,0,0,0,0,0,0,0,0,0,1,1,1,1,0,0,11,25,0.658,0.841,1247,7,1
0,1,0,0,1,0,0,1,0,0,0,1,0,1,0,0,0,0,0,0,4,9,0.215,0.233,849,2,0
1,0,0,0,0,1,0,1,1,0,1,0,0,0,0,0,0,1,0,0,0,8,0.263,0.267,352,3,0
1,0,0,0,1,0,0,1,0,0,1,0,0,0,1,0,0,0,0,0,0,10,0.03,0.163,855,1,0
0,1,1,0,0,0,0,0,1,0,0,0,1,0,1,0,0,1,0,0,4,19,0.38,0.695,217,2,0
1,1,1,0,1,0,1,1,1,0,1,0,1,0,1,1,1,1,0,1,9,16,0.919,0.729,1613,6,1
1,1,0,1,0,1,0,0,0,0,0,0,0,0,0,0,0,0,0,0,4,14,0.184,0.207,988,1,0
0,0,0,0,0,0,0,0,0,0,1,1,0,0,1,0,0,0,0,0,0,12,0.446,0.277,112,3,0
0,0,0,1,1,1,1,1,1,1,1,1,0,0,1,1,1,0,0,0,8,20,0.885,0.697,1920,6,1
0,1,0,1,0,0,1,1,0,0,0,0,0,0,0,0,0,0,0,0,3,18,0.255,0.399,650,2,0
1,1,0,1,1,0,0,1,1,0,1,1,0,0,1,1,1,1,1,0,4,24,0.913,0.463,1651,3,1
1,1,0,1,0,1,1,1,1,1,1,0,0,0,0,1,1,0,1,1,9,21,0.329,0.723,2262,5,1
1,0,0,0,0,1,0,0,0,0,0,0,0,0,1,0,0,0,0,0,4,12,0.675,0.225,229,2,0
0,0,0,0,0,0,0,0,0,0,0,0,0,0,1,1,0,1,1,0,2,14,0.251,0.094,923,3,0
0,0,0,0,1,0,0,0,0,0,1,0,0,0,1,0,0,1,0,0,3,11,0.248,0.22,767,3,0
1,1,0,0,0,0,1,0,0,1,0,0,0,0,0,0,0,1,0,0,5,13,0.435,0.116,609,2,0
1,0,1,0,1,0,1,0,0,0,1,0,0,0,1,0,1,1,0,0,5,20,0.94,0.625,1935,3,1
1,0,1,1,1,0,0,1,0,1,1,0,0,0,1,0,1,1,1,0,10,25,0.389,0.446,2226,3,1
1,1,0,0,0,0,0,0,0,0,1,1,0,0,0,0,0,1,1,0,3,15,0.203,0.581,304,1,0
1,1,0,0,0,1,0,1,1,0,0,1,0,0,1,1,0,1,1,1,8,22,0.896,0.54,2203,2,1
1,1,0,0,1,0,1,1,0,1,1,1,1,1,0,1,0,1,0,0,6,17,0.975,0.129,1247,7,1
0,0,0,0,0,0,0,0,0,1,0,0,0,0,0,0,0,0,0,0,3,15,0.126,0.317,529,2,0
1,0,1,0,1,1,0,0,0,0,1,0,0,0,1,1,1,1,1,1,6,19,0.855,0.588,1125,7,1
1,1,1,1,0,1,1,0,0,1,1,0,0,0,0,1,1,1,1,1,4,33,0.898,0.708,1305,7,1
1,1,1,1,1,1,0,0,0,1,0,1,0,1,0,1,1,1,0,1,5,31,0.62,0.698,1552,6,1
0,0,0,0,0,0,0,0,0,0,1,1,0,0,0,0,0,0,0,0,2,8,0.413,0.519,488,2,0
0,0,1,1,0,0,0,0,1,1,0,1,0,0,0,0,0,1,0,0,5,10,0.193,0.416,934,1,0
1,1,0,0,0,1,1,0,0,1,1,1,0,0,1,1,1,1,1,0,7,19,0.67,0.542,1526,4,1
0,0,0,0,0,0,0,1,0,0,0,1,0,0,0,0,0,0,0,0,3,12,0.027,0.211,568,3,0
0,0,1,1,0,1,1,0,0,0,1,0,0,0,0,0,1,1,0,0,8,30,0.903,0.977,1656,4,1
0,0,0,0,1,0,0,0,0,1,0,0,0,0,0,0,1,0,0,0,3,8,0.277,0.086,369,1,0
0,1,0,0,1,0,1,0,0,1,0,1,0,0,1,0,1,0,0,0,5,25,0.705,0.503,2178,3,1
0,0,0,0,1,0,0,1,0,0,1,0,0,0,0,1,0,0,0,0,5,5,0.131,0.604,556,1,0
1,0,0,1,0,1,0,0,1,0,1,0,1,0,1,0,0,1,0,0,3,9,0.32,0.259,841,2,0
1,0,0,1,1,0,0,1,1,0,1,1,0,0,1,0,0,1,0,1,3,20,0.993,0.867,331,2,1
1,1,1,0,0,0,0,1,0,1,1,0,1,0,0,0,1,1,0,0,7,21,0.836,0.54,2326,5,1
0,0,0,0,0,0,0,0,1,0,0,0,0,0,0,0,0,0,0,1,3,16,0.471,0.507,880,1,0
1,0,0,0,1,0,0,1,0,0,0,0,1,0,0,1,1,1,1,1,8,21,0.862,0.66,1432,4,1
0,0,0,1,0,0,0,1,0,0,1,0,0,1,1,0,0,0,1,0,1,11,0.231,0.36,888,1,0
1,0,0,1,1,0,0,0,0,0,0,0,1,0,0,1,1,0,0,0,2,14,0.519,0.083,240,3,0
1,0,0,1,1,1,0,1,0,1,0,1,0,1,1,1,0,1,1,0,11,19,0.552,0.768,735,5,1
0,0,0,0,1,1,0,0,0,1,1,0,0,0,0,0,0,0,0,0,4,12,0.264,0.423,188,2,0
0,0,0,0,1,1,0,0,0,0,0,0,0,0,1,1,0,1,0,0,1,14,0.329,0.362,438,2,0
1,0,0,0,0,0,0,1,0,0,0,0,0,0,0,0,0,0,0,0,4,16,0.315,0.302,563,3,0
1,1,0,1,1,0,1,1,0,1,0,0,0,0,1,1,1,0,0,0,12,17,0.691,0.86,1680,5,1
1,1,1,0,0,0,1,1,0,1,0,1,0,0,1,1,1,1,0,1,6,14,0.894,0.692,278,5,1
0,0,0,0,1,0,0,0,0,1,0,0,0,1,0,1,0,0,0,0,2,17,0.367,0.356,698,2,0
0,0,0,0,1,0,0,1,0,1,1,1,1,1,0,0,1,1,0,0,6,16,0.642,0.833,1736,5,1
0,1,0,0,0,0,0,0,0,0,1,0,0,0,0,0,0,0,0,0,1,14,0.17,0.364,603,1,0
1,1,1,0,0,0,1,0,0,0,0,0,0,0,0,0,0,1,0,0,7,12,0.463,0.156,516,1,0
1,0,0,0,1,1,0,0,0,0,0,0,0,0,1,0,0,0,0,0,3,8,0.318,0.063,545,1,0
1,1,0,1,0,1,0,0,0,0,1,1,0,0,1,1,0,1,1,1,4,23,0.704,0.67,1690,2,1
1,1,1,1,1,1,0,0,0,0,1,1,1,0,1,0,0,0,0,1,5,26,0.679,0.48,1846,6,1
0,0,1,1,0,0,1,0,1,1,1,1,0,1,1,1,0,0,0,1,6,25,0.579,0.391,813,3,1
0,0,0,0,0,1,1,0,0,0,0,0,0,0,0,0,0,0,1,0,2,14,0.121,0.568,768,1,0
1,0,0,1,0,0,0,0,0,1,1,0,0,0,0,0,0,0,0,0,5,11,0.295,0.053,319,2,0
1,0,0,0,0,0,1,0,0,0,1,1,0,0,1,0,1,1,0,0,3,7,0.303,0.159,585,3,0
0,0,0,0,0,0,0,1,0,0,1,0,0,0,0,0,1,1,0,0,1,7,0.133,0.708,612,3,0
1,0,0,0,1,0,0,0,0,0,1,0,0,0,0,0,0,0,0,1,0,15,0.735,0.479,200,3,0
0,0,0,0,0,0,0,0,0,0,0,1,1,0,0,1,0,0,1,0,4,19,0.608,0.189,356,1,0
0,0,0,0,1,0,0,0,0,0,0,0,1,0,1,1,0,0,1,0,3,6,0.384,0.217,535,3,0
1,0,1,0,1,0,0,0,0,0,0,0,0,0,1,0,0,0,0,0,7,14,0.526,0.422,148,2,0
1,0,0,0,0,0,0,0,0,0,1,0,0,0,1,0,0,1,0,1,3,13,0.407,0.334,304,3,0
1,0,0,0,0,0,0,0,0,1,0,0,0,0,0,0,1,0,0,0,0,20,0.44,0.294,786,1,0
0,0,0,0,1,0,0,0,0,0,0,1,0,0,0,0,0,0,0,0,1,15,0.291,0.272,577,2,0
1,0,0,1,1,0,0,0,0,0,1,0,0,0,0,0,0,0,0,0,1,18,0.282,0.435,507,1,0
0,0,0,0,1,0,1,1,0,0,1,0,0,0,0,1,0,1,1,0,3,18,0.405,0.536,114,2,0
1,0,0,0,0,1,0,0,0,0,0,0,0,1,1,0,0,0,0,0,4,13,0.108,0.011,783,1,0
0,0,0,0,0,0,0,0,0,0,0,0,0,0,0,0,1,1,0,0,4,8,0.285,0.597,841,2,0
0,0,1,0,1,0,0,0,1,1,0,0,0,0,0,1,0,1,1,0,2,11,0.161,0.384,794,1,0
0,0,0,0,0,0,0,1,1,0,0,0,0,0,1,0,0,1,0,0,4,16,0.292,0.297,837,2,0
1,0,0,0,0,0,0,0,1,0,0,0,0,0,1,0,0,1,0,0,2,11,0.381,0.343,848,3,0
0,1,0,0,1,0,0,0,0,0,0,0,1,0,0,0,0,0,0,0,3,15,0.465,0.349,765,1,0
1,0,1,1,0,1,0,0,1,1,1,1,1,0,0,0,1,0,1,0,4,20,0.771,0.623,923,3,1
1,0,0,0,0,0,1,0,0,0,0,0,0,1,0,0,0,0,0,0,3,7,0.529,0.279,108,2,0
1,0,0,1,0,0,0,1,0,0,1,0,1,1,0,1,0,1,1,0,7,20,0.635,0.203,1130,4,1
0,0,0,0,0,1,0,0,0,1,0,0,0,0,1,0,1,1,0,0,2,17,0.196,0.409,665,2,0
1,0,0,0,0,0,0,0,0,0,1,1,0,0,0,0,0,0,0,0,5,16,0.076,0.633,516,2,0
0,1,0,0,0,0,0,0,0,0,1,0,0,1,1,1,1,1,0,0,5,26,0.84,0.518,591,3,1
1,0,0,0,1,0,0,0,0,0,0,0,0,0,0,1,0,0,0,0,5,20,0.193,0.1,866,2,0
1,0,1,0,1,0,1,1,0,1,0,0,0,0,1,1,1,0,0,1,11,35,0.913,0.771,379,4,1
1,0,0,0,0,0,0,0,1,0,0,1,1,0,0,0,0,0,0,0,4,7,0.361,0.222,232,2,0
0,0,0,1,0,1,1,0,0,0,0,0,1,0,1,1,0,0,0,0,2,9,0.191,0.224,249,1,0
1,0,1,1,1,1,0,1,1,1,1,0,0,1,1,1,0,0,0,0,6,21,0.441,0.597,2145,7,1
1,1,1,0,0,1,0,1,1,0,0,0,0,1,0,1,0,1,1,0,3,20,0.809,0.893,939,6,1
1,0,1,1,1,1,0,0,1,1,1,1,0,1,0,1,1,0,0,0,2,19,0.913,0.241,208,6,1
0,0,0,0,0,0,0,0,0,0,0,0,0,0,0,0,0,1,0,0,4,11,0.129,0.18,798,3,0
0,1,1,0,1,0,0,1,1,0,1,1,0,0,1,1,1,1,0,0,6,20,0.872,0.816,1852,7,1
1,0,0,1,0,1,0,0,0,1,1,0,0,0,0,0,0,0,0,0,4,15,0.531,0.253,782,1,0
0,1,0,1,1,0,0,0,1,0,0,0,0,0,0,0,0,0,1,0,1,14,0.391,0.487,347,2,0
0,0,0,0,0,0,0,0,0,1,0,0,0,0,0,0,0,1,0,1,8,18,0.46,0.035,721,3,0
0,0,0,1,1,0,0,1,0,0,1,0,0,0,1,1,0,1,0,0,2,24,0.163,0.196,139,2,0
1,1,1,0,1,1,0,1,1,0,0,1,1,1,0,1,0,1,1,0,4,19,0.521,0.697,1093,2,1
1,0,0,0,0,0,0,1,0,0,1,0,0,0,0,0,0,0,1,0,3,21,0.164,0.199,301,2,0
1,1,0,1,1,0,0,1,1,0,0,1,0,0,0,1,1,1,0,1,7,24,0.415,0.682,924,4,1
0,0,1,0,0,0,1,0,0,1,1,0,0,0,1,0,0,0,0,0,2,11,0.253,0.391,426,1,0
1,0,0,1,0,0,0,1,1,0,1,0,0,0,1,1,1,1,1,0,7,22,0.915,0.77,822,4,1
1,0,0,1,0,0,1,1,0,0,0,0,0,0,0,1,1,1,0,0,1,16,0.253,0.641,564,3,0
1,0,0,0,1,0,1,0,0,0,0,0,0,0,0,0,1,0,0,0,3,17,0.193,0.034,201,2,0
1,1,0,1,1,0,0,0,0,0,0,0,0,0,1,0,0,1,1,0,9,19,0.536,0.844,2217,4,1
1,1,0,0,1,1,1,0,1,1,0,0,0,0,0,1,0,1,1,1,9,23,0.771,0.724,1527,3,1
1,1,0,1,1,0,1,1,1,1,1,0,0,0,1,0,1,1,0,1,4,26,0.745,0.591,1948,4,1
0,0,0,0,0,1,0,0,1,0,0,0,0,1,1,1,1,0,0,1,1,18,0.07,0.291,649,3,0
0,0,0,0,0,1,0,0,0,0,0,0,1,0,0,0,1,0,0,0,4,12,0.241,0.277,602,2,0
0,0,0,0,0,0,0,0,0,0,0,0,0,0,1,0,0,0,0,0,3,21,0.285,0.294,949,3,0
1,1,0,1,0,1,0,0,0,1,0,1,0,1,0,1,1,1,1,0,2,21,0.839,0.708,2269,5,1
0,0,0,0,0,0,0,1,0,0,1,0,0,0,0,1,0,0,0,0,6,9,0.277,0.104,823,3,0
0,0,1,1,1,1,1,1,0,0,1,1,0,0,0,1,0,0,1,0,5,32,0.762,0.326,2268,7,1
0,1,0,1,0,0,1,0,1,0,1,0,0,0,0,0,0,0,0,0,3,7,0.46,0.274,321,3,0
1,0,1,1,1,1,0,0,0,0,0,0,1,0,0,1,1,1,0,1,2,31,0.659,0.437,725,5,1
0,1,0,1,1,0,0,1,1,0,1,1,0,0,0,1,1,1,1,0,9,25,0.956,0.832,1832,2,1
1,1,0,0,1,1,0,0,0,0,0,1,0,0,0,0,0,0,0,0,2,16,0.335,0.323,268,1,0
1,0,0,0,0,0,0,0,0,0,0,0,0,0,0,0,0,0,0,0,2,16,0.329,0.109,220,2,0
1,1,0,0,1,1,1,1,0,0,0,1,1,0,1,0,1,1,1,0,5,21,0.875,0.714,388,7,1
1,0,0,0,1,1,0,0,1,0,0,0,0,1,0,1,0,1,0,0,6,25,0.706,0.951,1064,7,1
1,0,1,0,0,0,1,1,0,1,1,1,0,0,0,1,0,0,1,0,0,9,0.405,0.069,634,3,0
0,0,1,1,0,1,0,1,0,0,1,0,1,0,0,1,0,0,1,0,3,28,0.85,0.779,230,6,1
0,0,0,0,0,0,0,0,0,0,0,0,0,0,1,1,0,1,0,0,4,16,0.18,0.358,868,2,0
0,1,0,0,1,1,0,1,0,0,0,0,1,0,1,0,0,0,0,0,2,15,0.148,0.332,441,3,0
0,0,0,0,1,1,0,1,0,0,1,1,0,1,1,0,1,1,1,1,6,21,0.495,0.85,620,6,1
0,1,0,1,0,1,1,0,0,1,1,1,1,1,0,1,1,1,0,0,6,18,0.588,0.773,804,4,1
1,0,0,1,1,0,0,1,1,0,1,0,1,0,1,1,0,0,0,1,8,15,0.898,0.635,610,7,1
1,1,1,1,1,0,0,1,0,1,1,1,0,0,0,1,1,1,0,0,8,24,0.843,0.566,1946,6,1
0,1,1,0,1,0,1,1,1,1,1,0,0,0,1,1,0,1,0,0,4,16,0.837,0.669,1945,3,1
1,0,0,1,0,0,1,0,1,0,1,0,0,0,1,1,1,1,0,0,3,15,0.637,0.911,1136,6,1
1,1,0,0,0,0,0,0,0,0,0,0,0,0,0,0,0,0,0,0,2,13,0.131,0.408,357,1,0
0,0,0,1,1,1,1,0,1,1,1,1,0,0,1,1,1,1,1,0,5,19,0.583,0.793,2164,3,1
0,0,1,0,1,1,1,0,0,1,0,1,1,0,1,0,0,0,0,0,5,16,0.829,0.907,1370,4,1
1,0,1,1,0,0,0,1,0,1,1,1,0,0,1,1,1,1,1,1,5,17,0.532,0.446,309,4,1
0,0,0,0,0,0,0,0,1,0,0,0,0,0,0,1,1,0,0,0,5,21,0.366,0.199,578,2,0
1,0,0,1,1,1,1,0,0,0,0,1,0,0,0,0,0,0,0,0,6,11,0.338,0.442,751,3,0
1,1,0,1,1,1,0,1,0,1,1,0,0,1,0,1,0,1,0,0,6,19,0.906,0.522,1789,6,1
0,1,0,0,0,0,0,0,0,1,0,1,0,0,1,0,0,1,0,0,4,19,0.044,0.351,234,1,0
0,1,0,0,0,1,1,0,1,0,1,0,1,0,1,1,0,1,0,0,2,18,0.035,0.312,190,3,0
1,0,0,1,0,0,0,1,1,1,1,1,0,0,0,1,0,1,0,0,3,13,0.491,0.881,1038,2,1
0,1,0,0,0,0,0,0,0,0,0,1,1,1,0,1,1,1,0,0,6,18,0.031,0.053,220,1,0
0,0,0,1,0,0,0,0,0,0,1,0,0,0,1,0,1,0,0,0,3,11,0.214,0.053,403,3,0
0,0,0,0,0,0,1,0,0,0,0,1,0,0,0,1,0,0,0,0,7,12,0.461,0.332,522,2,0
0,0,0,0,0,1,0,0,0,0,0,0,0,0,0,0,1,0,0,0,3,20,0.249,0.259,219,3,0
0,0,1,0,1,0,1,1,1,1,0,0,1,0,0,1,0,0,1,0,5,23,0.905,0.828,404,6,1
0,0,1,1,0,0,0,0,0,0,1,0,0,0,0,0,1,0,0,0,6,18,0.142,0.737,589,1,0
1,0,0,0,0,0,0,0,0,0,0,0,0,0,1,1,0,1,0,0,4,17,0.406,0.306,855,2,0
1,0,1,1,0,1,1,0,0,1,1,1,1,0,0,0,0,1,0,0,10,26,0.809,0.589,2019,6,1
0,1,0,1,1,0,0,0,0,0,1,0,0,1,0,0,0,0,0,0,0,11,0.084,0.065,931,2,0
1,1,0,1,0,0,0,1,0,0,1,0,1,0,0,1,1,1,0,0,5,21,0.874,0.826,662,2,1
0,0,1,1,1,0,0,1,1,1,1,1,1,0,1,1,1,0,0,0,1,23,0.619,0.813,1454,6,1
1,0,1,1,1,1,0,1,0,1,1,1,0,0,1,1,0,0,1,0,10,24,0.646,0.51,1843,5,1
0,0,0,0,0,0,0,0,0,0,0,1,0,0,0,0,0,0,0,0,5,9,0.221,0.28,964,2,0
1,0,0,1,1,1,0,0,0,0,1,1,0,0,0,1,1,1,0,1,6,22,0.657,0.767,164,3,1
0,0,0,0,0,0,0,0,0,0,0,0,0,0,1,0,0,0,0,0,2,9,0.14,0.572,457,3,0
1,0,0,0,0,1,0,0,0,0,1,0,0,0,1,0,0,0,0,0,4,10,0.075,0.074,240,1,0
0,1,0,0,0,0,0,0,1,0,0,0,0,0,0,0,0,1,0,0,4,5,0.168,0.249,425,2,0
0,1,0,0,0,0,1,0,0,0,1,0,1,0,0,1,0,1,0,0,2,15,0.291,0.126,906,2,0
0,0,0,0,0,0,0,0,0,0,0,0,0,0,0,1,0,0,0,0,7,12,0.368,0.527,516,3,0
0,1,0,1,1,1,0,1,1,1,1,0,0,0,0,1,0,1,1,0,5,21,0.656,0.672,1317,7,1
0,0,1,0,1,0,1,1,0,0,1,0,0,0,1,1,0,1,1,1,6,22,0.502,0.619,2238,7,1
1,0,1,0,1,1,0,1,0,1,1,1,0,1,1,1,1,0,0,0,8,24,0.668,0.667,2295,7,1
0,0,0,0,1,0,0,0,0,1,0,0,0,0,0,0,0,0,0,0,2,11,0.111,0.149,430,2,0
1,0,0,1,0,0,0,1,0,0,1,1,0,0,1,1,0,0,0,0,6,22,0.561,0.291,1025,3,1
1,0,0,0,1,0,0,0,1,1,0,0,0,1,1,1,1,1,1,1,2,20,0.664,0.729,1262,7,1
0,1,0,0,0,1,0,0,0,1,0,0,0,0,0,1,1,0,0,0,2,9,0.117,0.364,825,1,0
1,0,0,0,1,0,0,0,0,0,0,1,0,0,0,0,0,1,0,0,2,15,0.179,0.132,331,1,0
0,1,0,1,1,0,1,0,0,1,1,1,0,0,1,0,1,1,1,1,4,10,0.728,0.69,1396,5,1
0,0,0,0,1,0,0,0,0,0,1,0,0,0,0,0,0,1,0,0,5,11,0.223,0.208,654,3,0
0,1,1,1,1,1,0,0,0,0,0,1,1,0,1,1,1,1,0,0,5,26,0.83,0.654,1337,5,1
0,0,0,1,1,1,1,0,0,1,1,1,0,0,1,1,0,0,0,0,7,32,0.974,0.649,1685,6,1
1,1,1,0,1,1,0,1,1,1,0,0,1,0,1,1,0,1,1,0,6,22,0.804,0.781,2097,2,1
1,1,0,0,1,0,0,0,0,0,1,0,0,0,0,0,1,0,0,0,1,15,0.364,0.295,875,3,0
0,1,1,1,1,1,0,1,1,1,1,1,1,0,1,1,0,1,1,0,7,24,0.423,0.879,1225,4,1
1,0,0,0,1,0,0,0,1,0,1,0,0,0,0,0,0,0,1,0,4,9,0.182,0.271,706,2,0
1,0,1,1,1,0,0,1,0,1,0,0,0,0,0,0,0,1,0,0,4,20,0.639,0.694,1383,2,1
0,0,0,0,1,1,0,1,0,1,0,1,1,0,0,1,1,0,1,0,1,20,0.954,0.581,1789,7,1
0,1,0,0,0,0,0,1,0,0,1,1,0,0,0,0,0,0,0,1,1,19,0.124,0.212,842,3,0
1,0,0,0,0,0,0,1,1,0,0,0,0,0,1,0,0,0,0,0,2,16,0.278,0.633,794,3,0
0,0,0,1,1,0,1,1,0,0,0,0,1,0,1,1,1,1,1,1,7,26,0.569,0.741,397,7,1
1,0,0,0,1,0,0,0,0,0,0,0,1,0,1,0,0,0,0,0,2,22,0.529,0.292,110,2,0
1,0,0,0,0,0,0,0,0,0,1,1,1,0,0,0,1,1,0,0,3,13,0.496,0.31,371,1,0
0,0,0,0,0,0,0,0,0,1,1,0,0,0,0,0,0,0,0,0,0,13,0.613,0.16,557,2,0
1,1,1,1,0,1,0,1,0,0,1,0,1,0,1,0,1,1,0,0,6,20,0.854,0.5,1400,2,1
1,0,0,0,0,0,0,0,1,0,1,0,1,0,0,0,0,0,1,0,1,15,0.051,0.386,182,3,0
0,0,0,1,1,1,0,1,0,1,1,1,1,0,1,1,1,1,1,1,6,22,0.814,0.62,2036,5,1
0,0,0,0,0,1,0,0,0,0,1,0,0,0,1,1,0,0,0,0,1,25,0.379,0.1,170,3,0
1,0,0,1,0,0,0,0,0,0,1,0,0,0,0,0,1,0,0,0,4,10,0.426,0.197,85,3,0
1,0,0,0,0,1,0,0,0,0,0,1,1,0,0,0,0,0,0,0,5,18,0.254,0.112,121,1,0
0,1,0,1,1,0,0,1,0,0,1,0,0,0,0,1,1,1,1,0,3,17,0.738,0.693,605,3,1
1,1,0,1,0,0,0,1,0,0,1,1,0,0,0,0,1,1,1,1,3,23,0.617,0.455,1858,4,1
1,0,1,0,0,1,0,1,0,1,1,1,0,0,1,1,0,0,1,0,8,17,0.985,0.799,915,4,1
1,0,0,0,0,0,0,0,0,0,0,1,0,0,0,1,0,0,0,1,3,22,0.122,0.047,699,3,0
0,0,0,0,0,0,0,0,0,0,1,0,0,0,0,0,0,1,0,0,3,16,0.21,0.7,303,2,0
1,0,0,1,1,1,0,1,1,0,0,0,0,0,0,0,1,1,1,1,12,19,0.8,0.704,2062,7,1
0,0,0,0,0,0,0,1,1,1,0,1,1,0,0,1,0,1,1,1,11,25,0.78,0.592,1279,2,1
0,0,0,0,1,0,0,0,0,0,0,1,0,0,0,0,0,1,0,0,3,19,0.574,0.071,501,2,0
0,0,0,0,0,0,0,0,0,0,0,0,0,0,1,0,0,0,0,0,0,8,0.298,0.025,745,2,0
0,0,0,0,0,0,0,0,0,1,1,0,0,0,1,0,0,0,1,0,3,12,0.258,0.164,979,3,0
1,1,0,0,0,0,0,0,0,0,1,0,0,0,1,1,1,0,0,1,5,10,0.198,0.328,393,2,0
0,1,0,0,1,0,0,1,0,0,0,0,0,0,0,0,0,1,0,0,6,11,0.384,0.034,843,3,0
1,0,0,0,1,0,0,0,0,0,0,0,1,0,1,0,0,0,0,0,3,13,0.331,0.183,243,3,0
1,1,0,1,1,1,1,1,1,1,1,0,0,0,1,1,1,1,1,0,6,16,0.811,0.469,2141,2,1
0,0,0,1,0,0,0,0,0,0,0,0,0,0,1,0,0,0,0,0,4,13,0.244,0.63,547,3,0
1,1,0,1,1,1,0,1,1,1,0,0,0,0,0,0,1,1,1,0,7,17,0.517,0.733,469,5,1
1,0,0,1,1,0,0,0,0,0,0,0,0,0,1,0,1,0,0,0,4,17,0.069,0.306,935,1,0
0,0,0,0,0,0,0,1,0,0,1,0,0,0,0,0,0,0,0,0,6,9,0.23,0.319,689,1,0
0,0,0,0,1,0,0,1,0,0,0,0,0,0,0,0,1,1,0,0,1,21,0.504,0.357,521,2,0
1,0,0,0,1,1,0,0,0,1,1,0,0,1,1,1,0,1,0,1,5,22,0.801,0.848,390,7,1
0,0,0,1,0,0,0,0,0,1,1,1,0,1,1,0,0,0,0,0,3,8,0.235,0.186,695,1,0
1,1,0,1,0,1,0,1,0,1,0,0,1,1,1,1,1,1,0,0,8,23,0.398,0.644,975,6,1
1,1,0,1,1,1,0,0,0,1,0,0,0,1,0,1,0,1,0,0,4,21,0.586,0.69,683,7,1
0,0,0,0,0,0,0,0,0,0,0,0,1,0,1,1,0,1,0,0,3,12,0.13,0.238,671,1,0
0,0,1,0,1,1,0,0,0,0,0,0,0,0,0,1,0,1,0,1,2,10,0.17,0.265,930,2,0
0,0,0,0,1,0,0,0,0,0,0,0,0,1,0,0,1,0,1,0,5,10,0.579,0.17,214,1,0
0,0,0,1,1,1,0,1,0,1,0,0,0,0,0,1,0,0,1,0,10,23,0.734,0.631,394,5,1
1,0,0,0,1,1,0,0,0,0,1,0,0,0,0,1,0,1,0,0,4,12,0.569,0.75,880,3,0
0,1,0,0,1,0,0,1,0,0,1,0,1,0,0,0,0,0,0,0,1,14,0.189,0.547,415,2,0
0,0,0,1,0,0,0,1,0,0,0,0,0,0,0,0,0,0,0,0,4,18,0.173,0.029,243,1,0
0,0,0,0,0,0,0,0,0,1,0,0,0,0,1,0,0,0,0,0,4,10,0.426,0.19,613,1,0
0,0,0,1,0,1,1,0,0,0,1,0,0,1,1,0,0,0,1,0,3,13,0.136,0.44,491,2,0
1,1,0,0,0,0,0,0,0,0,1,0,0,0,0,0,0,1,0,1,7,12,0.489,0.234,879,2,0
1,0,1,1,1,1,0,1,1,0,1,0,0,0,0,1,0,1,0,1,4,15,0.922,0.575,608,2,1
0,0,1,0,0,0,0,0,0,0,0,0,0,0,0,0,0,0,1,1,2,14,0.182,0.056,424,2,0
1,0,1,0,0,1,1,1,0,1,0,0,0,0,1,0,1,1,0,0,7,29,0.639,0.809,2369,4,1
0,0,0,0,1,0,0,0,0,0,0,0,0,0,1,0,1,1,0,0,3,15,0.349,0.405,388,1,0
0,0,0,0,1,0,1,1,0,0,0,0,0,0,1,0,0,0,0,0,4,11,0.201,0.177,991,2,0
0,1,0,1,0,1,0,1,1,1,1,1,1,0,1,1,1,1,1,0,5,12,0.667,0.816,675,6,1
0,0,0,0,1,0,0,0,0,0,0,0,1,0,0,0,0,0,0,0,1,12,0.397,0.352,977,1,0
1,0,0,0,0,0,0,0,0,1,1,0,1,1,1,1,1,1,1,1,6,29,0.532,0.88,697,5,1
0,0,0,0,1,0,0,0,0,1,0,0,0,0,0,1,0,0,0,0,5,16,0.35,0.538,83,3,0
0,0,0,0,0,1,1,0,0,0,0,0,0,0,1,0,0,0,1,0,2,22,0.236,0.089,158,3,0
0,0,1,0,0,0,1,0,0,0,1,0,1,0,0,0,1,0,0,0,4,16,0.169,0.135,700,1,0
0,0,0,0,0,1,0,0,0,0,0,0,0,1,0,0,0,1,0,0,3,9,0.336,0.397,852,1,0
1,0,0,0,0,0,0,1,0,0,0,0,0,0,0,0,0,1,0,0,7,11,0.327,0.143,365,2,0
0,0,0,0,0,0,1,0,0,0,0,0,0,0,1,0,1,1,0,0,2,19,0.382,0.232,183,1,0
1,0,0,1,0,1,1,0,0,0,1,1,0,0,1,0,0,0,0,0,5,21,0.606,0.919,1254,3,1
1,1,0,0,0,0,1,0,0,0,1,0,0,1,1,1,0,0,1,0,2,13,0.277,0.234,716,1,0
0,0,0,0,1,0,0,0,1,0,0,0,0,0,0,0,0,0,0,0,2,12,0.384,0.262,561,3,0
0,1,0,1,0,0,0,1,0,0,0,1,1,0,0,1,0,1,1,0,2,13,0.233,0.196,95,3,0
1,0,0,0,0,0,0,1,0,0,0,1,0,0,0,0,1,0,0,1,4,15,0.184,0.086,907,3,0
1,0,0,0,0,0,0,0,0,0,0,0,0,1,1,0,0,1,1,0,2,17,0.542,0.538,117,2,0
1,1,0,1,1,1,1,1,0,0,1,1,0,0,1,1,0,1,0,0,5,20,0.514,0.392,2280,3,1
0,0,0,0,1,1,0,0,0,0,1,0,1,0,0,0,0,0,1,1,2,11,0.39,0.091,395,1,0
1,1,0,0,0,0,0,0,1,0,0,1,0,0,0,0,0,0,1,0,5,16,0.638,0.17,191,2,0
0,1,0,0,1,0,0,0,0,1,1,0,0,0,0,1,0,0,1,0,5,16,0.665,0.264,519,3,1
1,0,0,0,0,1,0,0,0,1,1,0,0,0,0,0,1,1,0,0,1,11,0.261,0.455,809,2,0
1,0,0,0,1,1,0,0,0,1,0,0,0,0,1,0,0,0,0,0,3,18,0.537,0.11,551,2,0
0,1,0,0,0,0,0,0,0,0,1,0,0,0,1,0,0,1,0,0,4,10,0.209,0.049,101,2,0
1,0,1,0,1,0,1,0,1,1,0,0,1,1,0,0,1,1,1,0,10,24,0.345,0.385,1076,4,1
1,1,1,1,1,1,1,0,0,0,0,1,0,1,1,1,1,0,0,0,1,20,0.8,0.876,867,6,1
0,0,0,0,0,0,0,1,0,1,0,0,0,0,1,0,1,0,1,0,2,15,0.517,0.327,917,3,0
0,1,1,0,0,0,0,0,1,0,0,0,0,0,0,0,0,0,0,0,5,14,0.392,0.193,921,3,0
0,0,1,0,1,0,0,0,0,0,0,0,1,0,0,0,0,0,1,0,0,16,0.435,0.494,510,3,0
0,0,0,1,1,0,0,0,0,0,0,1,1,0,0,0,0,0,0,0,3,14,0.337,0.557,457,2,0
0,0,1,1,0,0,0,0,0,0,0,0,0,0,1,0,0,0,0,0,1,21,0.235,0.339,971,2,0
1,1,0,0,1,1,1,0,0,0,0,0,0,0,1,0,1,1,1,0,7,21,0.948,0.907,1796,4,1
1,0,0,0,0,0,1,0,0,1,0,1,0,0,0,0,0,0,0,1,5,16,0.379,0.438,119,2,0
0,0,0,0,0,0,0,1,0,0,1,1,1,0,0,1,0,0,0,0,2,11,0.377,0.203,837,1,0
0,0,0,0,0,0,0,1,0,0,0,0,0,0,1,1,0,0,0,0,5,12,0.119,0.154,115,2,0
0,0,0,1,0,0,0,0,1,1,0,0,0,0,0,1,0,0,0,0,4,13,0.647,0.14,691,2,0
1,0,0,0,1,1,0,0,0,0,0,1,0,0,1,0,0,0,1,0,6,14,0.399,0.221,719,3,0
1,0,0,0,0,0,0,0,0,0,0,0,0,0,1,0,0,0,1,0,2,16,0.288,0.681,985,2,0
0,1,0,1,0,0,0,0,1,0,1,0,0,0,0,0,0,0,0,0,2,10,0.047,0.316,410,3,0
1,0,1,0,0,0,0,0,0,0,0,0,0,1,1,0,1,0,0,0,1,9,0.592,0.594,552,1,0
1,0,0,0,1,0,0,0,0,0,0,0,0,1,0,1,1,1,0,0,4,18,0.278,0.601,564,1,0
0,0,0,1,1,0,0,0,0,0,0,0,0,0,1,0,0,0,0,1,1,15,0.387,0.139,347,2,0
1,0,0,0,0,0,0,0,1,0,0,0,0,0,1,0,0,0,0,0,2,10,0.238,0.175,559,3,0
0,0,0,0,1,0,0,0,0,1,0,0,0,0,0,0,0,0,0,0,4,17,0.108,0.31,779,2,0
0,0,0,1,1,0,1,1,0,0,0,0,0,1,1,1,1,1,0,0,7,12,0.725,0.536,1694,3,1
1,0,0,0,1,0,0,1,0,0,1,0,1,0,0,0,1,1,0,0,5,13,0.512,0.295,236,3,0
0,0,0,0,0,0,0,0,0,0,0,0,0,0,0,0,0,0,0,0,1,11,0.174,0.155,714,1,0
0,0,0,0,1,0,1,0,1,0,1,0,1,0,0,1,0,0,0,0,5,15,0.491,0.322,901,3,0
1,1,0,0,1,1,1,1,0,0,0,1,1,0,0,1,0,1,1,1,6,24,0.446,0.422,729,6,1
1,0,0,0,0,0,0,0,0,0,1,0,0,0,1,0,1,1,1,0,1,11,0.402,0.435,106,3,0
1,0,1,1,0,0,0,0,0,0,0,0,0,0,0,0,1,1,0,0,1,12,0.468,0.371,979,3,0
1,0,0,0,1,0,0,0,0,0,1,0,1,0,1,1,0,0,1,0,3,11,0.087,0.291,300,1,0
1,0,0,0,0,0,1,0,0,1,0,0,0,0,1,1,0,0,0,0,4,14,0.63,0.187,999,2,0
1,0,0,0,1,0,0,1,1,0,0,0,1,0,0,0,0,1,0,0,2,11,0.612,0.229,921,1,0
1,0,0,0,1,0,0,0,0,0,0,0,0,0,1,0,0,0,0,1,5,10,0.089,0.351,679,1,0
0,0,0,0,0,0,1,0,1,0,1,0,0,1,0,1,0,0,0,0,3,12,0.256,0.356,283,3,0
0,0,0,0,0,0,0,0,0,0,0,0,0,0,0,0,0,1,0,0,2,15,0.071,0.165,503,3,0
1,0,0,0,0,1,0,1,0,0,1,0,0,0,0,0,0,0,0,0,3,12,0.049,0.284,448,1,0
0,0,0,1,1,1,1,1,1,1,1,0,0,0,1,0,0,0,0,1,9,25,0.754,0.979,1463,2,1
0,0,0,0,0,0,0,0,0,0,0,0,0,0,0,0,0,1,0,0,5,9,0.634,0.364,209,2,0
1,0,0,0,0,1,0,1,0,0,0,0,0,0,1,0,1,0,0,0,10,21,0.815,0.399,1284,3,1
0,1,1,1,1,1,1,1,0,1,0,1,0,0,1,0,0,1,0,0,6,22,0.777,0.805,306,2,1
0,0,0,0,1,0,0,0,0,0,0,1,0,0,1,0,0,0,0,0,1,9,0.58,0.716,322,3,0
0,0,0,0,1,0,0,0,0,0,0,0,0,0,0,0,0,1,0,1,1,5,0.264,0.129,910,1,0
0,1,0,0,0,0,0,1,0,0,0,0,0,0,0,1,0,0,1,0,3,19,0.142,0.332,348,3,0
1,0,0,1,0,0,0,0,0,0,1,0,0,0,0,0,0,0,1,0,2,9,0.501,0.126,778,2,0
1,0,0,0,0,0,0,0,0,0,0,0,0,1,1,0,0,1,0,0,3,17,0.42,0.137,250,1,0
1,0,1,1,0,0,0,1,0,1,0,0,1,0,1,0,0,1,0,0,8,20,0.529,0.832,1623,5,1
1,0,1,0,0,0,0,0,0,0,0,0,0,0,0,0,0,0,0,0,3,9,0.097,0.232,357,3,0
1,0,0,0,0,0,0,0,0,0,0,0,0,0,0,1,1,1,1,0,3,15,0.784,0.081,987,3,0
0,1,0,1,0,0,0,0,1,0,0,0,0,0,0,1,1,1,0,0,5,8,0.279,0.194,796,1,0
1,0,0,0,1,0,0,0,0,1,0,0,1,0,0,0,0,0,1,1,3,11,0.341,0.179,474,3,0
1,1,1,0,1,1,0,1,1,1,0,1,1,0,1,0,1,1,1,0,9,19,0.821,0.942,1005,6,1
0,0,1,1,0,0,0,0,0,1,0,1,0,0,1,1,0,1,0,1,7,22,0.504,0.712,714,2,1
1,0,0,0,0,0,0,0,0,0,1,1,0,0,1,1,1,1,0,0,5,11,0.278,0.227,387,2,0
1,1,1,0,0,1,1,1,1,1,1,0,0,1,1,1,1,1,1,1,5,21,0.271,0.827,1699,6,1
1,0,0,1,0,0,0,0,0,0,1,0,0,1,0,0,0,1,1,0,3,8,0.429,0.256,118,3,0
1,1,1,0,1,0,0,0,1,1,0,1,0,0,0,0,1,1,0,0,7,20,0.636,0.478,1707,7,1
0,0,0,0,1,0,0,1,0,1,0,0,0,0,1,0,0,1,0,0,2,9,0.161,0.242,498,1,0
1,0,0,0,1,0,0,0,0,0,0,0,1,0,0,1,0,0,0,0,1,16,0.472,0.449,127,2,0
1,1,0,1,0,1,1,1,0,1,1,0,0,1,1,1,0,1,1,0,4,23,0.663,0.838,1481,5,1
1,1,1,0,1,1,0,0,1,0,0,0,1,1,1,0,0,1,1,0,4,20,0.567,0.646,583,2,1
1,0,0,0,0,0,0,0,1,0,0,0,0,0,1,0,0,0,0,0,1,8,0.181,0.72,768,3,0
1,0,0,0,0,0,0,0,0,0,1,0,0,0,0,1,0,0,0,0,4,14,0.119,0.444,871,2,0
0,0,1,0,1,0,0,0,0,0,0,0,0,0,0,0,0,0,1,0,5,21,0.783,0.84,1717,6,1
1,1,0,0,1,1,0,0,0,1,0,1,0,1,0,0,0,1,1,0,10,14,0.932,0.506,468,3,1
1,0,0,0,0,0,0,0,0,1,0,0,0,0,0,0,0,1,0,0,4,14,0.298,0.238,233,2,0
1,0,0,0,0,0,0,0,0,0,1,0,0,0,0,0,1,0,0,0,2,12,0.217,0.614,590,1,0
1,0,0,1,1,1,1,0,0,0,0,0,1,1,0,1,1,0,0,1,6,26,0.816,0.544,1456,3,1
1,0,0,0,1,1,0,1,1,0,1,1,0,0,1,1,1,1,0,0,6,19,0.829,0.641,2260,4,1
1,0,0,1,0,0,1,0,1,0,0,0,0,0,0,0,0,0,0,0,2,8,0.296,0.253,649,1,0
0,0,0,1,0,0,0,0,0,0,0,0,0,0,1,0,0,1,0,0,2,9,0.458,0.068,579,1,0
0,0,0,0,1,0,0,0,0,1,0,0,0,1,1,0,0,0,1,0,5,13,0.274,0.131,408,1,0
0,1,0,0,0,0,1,1,0,0,0,0,1,0,0,1,0,0,1,0,3,10,0.472,0.147,558,1,0
0,1,0,1,1,0,0,1,1,0,1,1,1,0,1,0,0,1,1,1,7,16,0.749,0.966,279,3,1
1,0,0,0,0,0,1,0,0,1,0,1,0,0,1,1,1,0,0,0,2,15,0.226,0.226,337,2,0
0,0,1,0,1,0,0,0,0,0,0,0,0,0,0,0,0,1,1,0,3,14,0.197,0.289,693,2,0
1,0,0,0,1,0,0,0,0,1,0,0,1,0,0,0,0,0,0,0,3,18,0.231,0.151,737,1,0
1,1,1,1,1,0,1,1,0,1,1,0,1,0,1,1,1,1,0,1,5,24,0.803,0.228,348,4,1
0,0,0,0,0,0,0,0,1,0,1,0,0,0,1,0,0,0,0,0,1,7,0.161,0.178,149,3,0
0,1,0,0,1,0,0,0,0,0,0,0,0,0,1,0,0,1,0,0,0,11,0.765,0.562,460,1,0
1,0,0,0,1,0,0,0,0,0,0,0,0,1,0,0,0,0,1,0,2,21,0.293,0.368,518,2,0
0,1,0,0,1,0,0,0,0,0,0,0,0,0,1,0,1,0,0,0,4,15,0.494,0.46,770,3,0
0,0,0,0,0,0,0,0,0,0,0,0,0,0,0,0,0,1,0,0,2,12,0.391,0.302,752,1,0
0,1,0,1,0,0,0,0,0,0,0,0,0,0,1,0,0,1,0,0,3,9,0.445,0.35,342,2,0
0,1,0,1,1,1,0,0,1,0,0,0,0,0,1,1,0,1,0,1,3,25,0.73,0.474,1884,2,1
1,1,0,0,0,0,0,0,0,0,0,0,0,1,0,1,1,0,0,0,3,13,0.18,0.25,188,1,0
1,0,0,1,1,0,0,0,0,0,0,0,0,1,0,1,1,1,1,0,7,11,0.778,0.565,1670,5,1
0,0,0,1,1,1,0,0,0,0,0,0,0,0,1,0,1,0,1,0,3,15,0.048,0.366,107,3,0
0,1,1,1,1,0,1,1,0,1,1,1,0,0,0,1,1,1,1,0,6,31,0.769,0.359,642,3,1
0,0,1,0,0,0,0,0,0,1,0,0,1,0,0,0,0,0,0,0,3,17,0.388,0.142,781,3,0
0,0,0,1,0,1,0,0,0,0,1,0,1,0,0,0,0,1,0,0,5,11,0.101,0.25,99,1,0
1,0,0,1,1,1,1,1,1,0,1,0,0,0,1,0,1,1,1,0,4,20,0.868,0.814,120,6,1
0,0,0,0,1,0,0,1,0,0,0,1,1,0,0,0,0,0,0,0,3,21,0.354,0.262,721,2,0
0,0,0,0,0,1,0,0,0,0,0,0,0,0,0,0,0,0,0,0,2,16,0.087,0.26,210,3,0
1,0,0,0,0,1,0,0,0,0,0,0,0,0,0,0,0,0,1,0,3,9,0.145,0.32,610,1,0
0,0,0,0,0,0,0,0,0,1,0,1,0,0,0,0,0,1,0,0,1,13,0.263,0.27,482,3,0
0,0,1,0,1,0,0,0,0,1,0,1,0,0,0,0,0,0,0,0,2,16,0.18,0.125,659,2,0
1,0,1,0,0,0,1,0,0,1,1,0,0,0,1,0,1,0,0,0,4,10,0.119,0.302,585,2,0
0,1,0,0,0,0,0,0,0,0,0,0,0,1,1,1,0,0,0,0,0,20,0.354,0.08,482,2,0
1,0,0,0,0,0,0,0,0,0,0,0,0,0,0,1,1,0,0,0,1,13,0.14,0.306,552,3,0
1,0,0,0,0,1,0,0,0,0,0,0,0,0,0,0,0,1,0,0,2,14,0.482,0.362,471,3,0
0,0,0,0,0,0,0,1,0,0,0,0,0,1,1,1,0,1,0,1,3,8,0.274,0.507,99,3,0
1,0,0,0,1,0,0,0,0,0,0,0,0,0,0,0,1,0,0,0,1,14,0.434,0.243,531,3,0
1,1,1,0,1,1,0,0,1,1,1,1,0,0,1,0,0,0,1,0,2,17,0.755,0.704,946,4,1
0,0,0,0,0,0,0,0,0,1,0,0,0,0,1,0,0,0,0,0,3,18,0.329,0.191,173,3,0
0,0,0,0,0,0,0,0,1,0,1,0,0,0,0,0,0,0,0,0,6,20,0.232,0.188,194,3,0
0,0,0,1,1,0,1,1,0,0,0,1,0,0,1,1,1,0,0,0,12,29,0.97,0.365,641,5,1
1,1,0,0,0,0,0,0,1,0,0,0,1,0,1,0,0,1,1,1,5,12,0.221,0.056,716,2,0
0,0,0,0,1,0,0,0,0,0,0,0,0,0,1,0,0,0,1,0,8,9,0.086,0.437,269,1,0
0,0,0,0,0,0,0,0,0,0,1,0,0,0,0,1,0,1,0,0,2,17,0.372,0.381,558,3,0
0,0,0,0,0,0,0,0,0,0,0,0,0,0,0,0,0,1,0,0,7,9,0.1,0.381,270,3,0
1,0,1,0,1,0,1,1,1,0,0,0,0,0,1,1,1,1,1,1,9,23,0.777,0.455,1740,3,1
0,0,0,0,1,0,1,0,0,0,0,0,0,0,0,1,0,0,0,0,6,14,0.16,0.301,691,1,0
0,1,1,0,1,1,1,0,0,0,0,1,1,0,0,1,0,1,0,0,8,22,0.539,0.711,390,3,1
0,0,1,0,1,0,0,0,0,0,0,0,1,1,0,0,0,0,0,0,2,23,0.101,0.335,333,3,0
0,0,0,0,0,1,0,0,1,1,0,0,0,0,1,0,1,1,1,0,7,18,0.967,0.642,609,3,1
0,0,0,0,1,1,0,0,0,0,0,0,0,0,1,1,0,0,0,0,1,12,0.579,0.138,243,2,0
1,1,0,0,0,0,0,0,0,0,1,0,0,1,1,0,0,0,0,1,4,8,0.27,0.568,923,2,0
0,1,0,1,1,0,0,0,0,0,1,1,0,0,1,1,1,1,0,0,5,22,0.796,0.492,1117,6,1
0,0,0,0,1,1,0,0,0,1,0,0,0,0,1,0,0,0,0,0,4,11,0.208,0.259,544,2,0
0,0,0,0,1,1,1,0,0,1,1,0,0,0,0,1,0,0,0,1,0,10,0.029,0.087,173,1,0
1,0,0,0,0,0,0,0,0,0,0,0,0,0,0,0,0,0,1,0,2,19,0.102,0.036,971,2,0
1,0,0,1,1,0,0,0,0,1,0,1,0,0,1,0,0,1,0,0,4,25,0.252,0.653,913,2,1
1,1,0,0,1,0,0,0,1,0,1,0,0,0,0,0,1,0,1,0,1,7,0.368,0.438,399,3,0
1,1,0,1,1,1,1,1,0,0,0,1,0,0,1,1,1,1,0,0,5,20,0.954,0.649,1983,7,1
0,0,0,0,0,1,0,0,1,0,0,1,1,0,0,0,0,0,0,0,5,12,0.593,0.154,203,3,0
1,1,1,0,1,0,1,0,1,1,0,0,0,0,1,1,0,0,1,0,6,19,0.551,0.701,1370,3,1
0,0,0,1,0,0,0,0,0,0,0,0,0,0,1,0,1,0,1,0,0,15,0.503,0.322,947,2,0
0,0,0,0,1,1,0,0,0,0,0,0,0,0,1,0,0,0,0,0,5,13,0.156,0.216,465,2,0
0,0,0,0,0,0,0,0,0,0,1,0,1,0,1,0,0,0,0,1,2,17,0.367,0.278,438,1,0
0,0,0,0,0,0,0,0,0,1,1,0,0,0,0,0,0,0,1,0,4,14,0.256,0.517,806,1,0
0,0,0,0,1,1,0,0,0,1,1,0,0,0,1,0,0,0,1,1,1,11,0.494,0.171,756,1,0
1,1,0,0,0,0,0,1,0,0,1,0,0,0,0,1,0,0,0,0,5,16,0.249,0.19,260,1,0
0,0,0,0,0,0,0,0,1,0,1,1,0,0,0,0,1,0,0,0,6,15,0.139,0.105,117,3,0
1,0,0,0,1,0,0,0,0,0,0,0,1,0,0,0,0,1,1,0,6,15,0.157,0.164,910,1,0
1,0,0,0,0,0,1,1,0,0,0,1,1,1,0,0,1,1,0,0,2,9,0.13,0.147,919,2,0
0,0,1,1,0,1,1,0,0,1,0,1,0,0,1,0,0,0,1,0,0,12,0.37,0.341,804,3,0
1,0,0,0,0,0,1,0,0,0,0,0,0,0,1,1,1,0,0,0,4,10,0.563,0.29,811,3,0
0,0,1,0,0,0,0,1,0,0,1,0,1,0,0,0,0,1,0,0,4,11,0.532,0.367,197,1,0
1,0,0,0,1,1,0,1,0,1,1,1,0,0,1,1,1,1,0,1,6,24,0.829,0.715,1318,6,1
0,0,1,0,0,0,0,0,0,0,1,0,1,0,0,0,0,1,0,0,6,19,0.492,0.395,328,1,0
1,1,0,1,0,1,0,0,0,1,0,1,0,0,1,1,1,0,0,0,8,29,0.617,0.792,482,5,1
0,0,0,0,0,0,0,0,1,1,0,0,0,0,0,1,0,0,0,0,3,12,0.254,0.492,885,1,0
0,0,0,0,0,0,0,1,0,0,0,1,0,0,0,0,0,0,1,0,5,9,0.531,0.127,885,1,0
0,0,0,0,1,0,0,0,0,0,0,0,0,0,0,0,0,0,0,0,8,14,0.246,0.162,927,1,0
1,0,0,1,0,0,0,0,0,1,0,1,0,0,1,0,0,0,1,0,1,14,0.055,0.436,173,2,0
1,0,0,0,0,0,1,0,1,0,1,1,0,0,0,0,0,0,0,0,3,12,0.243,0.164,906,2,0
0,0,0,0,0,0,0,1,0,0,1,0,1,0,0,0,0,0,0,0,3,12,0.103,0.095,619,1,0
1,0,0,0,1,0,1,0,0,0,1,0,0,0,0,0,0,1,0,0,4,12,0.314,0.253,827,1,0
0,0,1,0,0,0,0,0,0,0,0,0,0,0,0,1,0,0,0,0,1,12,0.479,0.134,264,1,0
0,1,1,0,1,0,0,1,1,0,1,0,0,0,0,0,0,0,0,0,3,15,0.163,0.114,184,1,0
1,0,1,1,0,1,0,1,0,1,1,0,0,0,1,1,1,1,1,0,5,19,0.967,0.657,855,4,1
0,0,0,0,0,0,0,0,0,0,0,0,0,0,0,1,0,0,0,0,2,8,0.172,0.233,880,2,0
1,0,0,0,0,1,0,0,0,0,1,0,0,0,0,1,0,1,0,1,1,16,0.096,0.271,557,2,0
1,1,0,0,0,0,0,1,0,0,0,1,0,0,1,0,0,0,0,0,4,10,0.136,0.023,612,1,0
0,1,0,0,1,0,1,0,1,1,1,0,0,1,0,0,1,1,0,0,6,21,0.452,0.693,177,3,1
0,0,0,0,0,0,0,0,1,1,0,0,0,0,0,1,0,0,0,0,2,12,0.265,0.569,512,1,0
0,0,0,0,0,0,0,1,0,0,0,0,0,0,0,0,1,1,1,0,4,6,0.371,0.356,373,1,0
1,1,0,0,0,1,0,1,0,0,1,1,0,1,0,0,0,0,0,0,2,15,0.113,0.59,781,2,0
0,1,0,1,0,0,0,0,0,0,0,1,0,1,0,0,0,0,0,0,1,14,0.41,0.416,384,3,0
0,0,0,0,1,1,0,1,1,0,0,1,0,0,1,1,0,0,0,0,3,24,0.84,0.843,1066,2,1
1,1,0,0,1,1,1,0,0,1,1,0,1,0,1,1,0,1,1,0,3,18,0.765,0.743,570,4,1
1,0,0,0,1,0,0,0,0,0,0,0,0,1,0,0,0,0,0,0,1,13,0.445,0.431,473,1,0
1,0,0,0,0,0,0,0,0,0,1,1,0,0,1,0,0,0,0,0,1,11,0.241,0.316,495,1,0
0,0,0,0,0,1,0,1,0,0,0,0,0,0,1,0,0,0,1,0,3,14,0.29,0.329,370,2,0
0,0,0,1,0,0,1,0,0,1,1,0,0,0,1,0,0,1,0,0,2,13,0.284,0.368,362,2,0
1,0,0,0,0,0,0,0,1,0,1,0,0,0,0,0,0,0,0,0,2,17,0.323,0.498,894,3,0
0,0,0,0,1,0,0,0,0,0,0,0,1,0,0,0,0,0,0,0,2,17,0.298,0.386,341,3,0
0,0,0,0,0,1,0,0,0,0,0,0,0,0,1,1,1,0,0,0,5,16,0.359,0.372,810,3,0
0,0,1,0,0,0,0,1,0,0,1,0,0,0,0,1,0,0,0,0,2,10,0.387,0.241,440,2,0
1,0,0,1,1,1,1,0,0,0,0,0,0,0,1,1,0,1,0,0,0,11,0.579,0.246,137,2,0
1,0,1,0,0,1,0,0,1,0,0,0,0,0,0,0,0,0,1,0,3,16,0.304,0.363,553,1,0
1,0,0,0,0,0,0,0,0,0,0,0,0,0,0,0,0,0,0,1,1,12,0.191,0.387,790,1,0
0,0,0,0,0,0,1,0,0,1,0,0,0,0,1,0,0,0,1,0,8,14,0.608,0.212,948,3,0
1,1,1,0,1,1,0,1,1,1,0,1,1,0,1,1,0,0,1,0,7,9,0.647,0.813,230,6,1
0,1,1,1,1,1,0,1,0,0,0,1,1,0,0,1,0,0,1,0,3,22,0.791,0.43,768,3,1
1,0,1,0,0,0,1,0,0,0,0,0,0,0,0,0,0,0,0,0,1,14,0.485,0.085,534,1,0
0,0,0,1,1,1,0,1,0,1,1,0,0,0,0,1,0,0,0,0,0,16,0.232,0.381,312,3,0
0,0,0,1,0,0,0,0,0,1,1,0,0,1,1,0,0,0,0,0,3,10,0.144,0.266,198,3,0
1,0,0,0,0,0,0,0,0,0,1,0,0,0,0,1,0,1,1,0,4,16,0.196,0.188,262,1,0
0,0,0,0,1,0,0,0,1,0,0,0,0,0,1,0,0,0,0,0,4,15,0.406,0.146,81,2,0
0,0,0,0,1,0,0,0,0,0,1,0,0,0,0,0,0,0,1,0,2,14,0.585,0.304,226,3,0
1,0,1,0,1,0,0,0,0,0,0,0,0,0,0,0,0,1,0,0,2,15,0.452,0.399,498,3,0
0,0,0,0,0,0,1,0,0,1,0,0,0,0,1,0,0,0,0,0,1,11,0.246,0.309,641,3,0
0,0,0,0,0,0,0,0,0,0,0,0,0,0,0,1,0,0,1,0,6,11,0.25,0.178,374,2,0
1,0,0,1,1,0,0,0,0,0,1,0,0,0,0,0,0,0,0,1,4,15,0.459,0.196,241,1,0
0,0,1,0,0,0,0,0,0,0,1,0,0,0,0,0,1,0,1,0,4,8,0.324,0.259,480,3,0
0,1,0,0,0,0,1,0,0,0,1,0,1,0,0,0,0,0,1,0,5,9,0.325,0.159,557,1,0
0,0,0,0,0,0,0,0,0,0,1,0,0,0,0,0,0,1,0,0,0,17,0.406,0.413,252,2,0
0,0,0,0,0,0,1,1,1,0,1,0,0,0,0,0,1,0,0,0,4,12,0.636,0.46,153,1,0
1,0,0,0,0,0,0,1,0,0,1,0,0,1,0,0,0,0,0,0,4,15,0.257,0.442,947,3,0
0,0,0,0,1,0,0,0,0,0,0,0,0,0,0,0,0,0,0,0,2,12,0.022,0.208,175,1,0
1,0,0,0,1,0,0,0,0,0,1,0,0,0,0,0,0,0,0,0,1,10,0.112,0.05,473,3,0
0,1,0,1,0,0,1,0,0,0,0,0,0,0,0,0,0,1,0,0,2,13,0.188,0.089,347,1,0
0,0,0,0,1,0,0,0,0,0,0,0,0,0,0,0,0,1,0,0,2,9,0.169,0.237,318,2,0
0,0,0,0,0,0,0,1,0,0,0,0,1,0,0,0,0,0,0,0,4,15,0.185,0.277,982,1,0
1,1,0,0,0,1,0,0,0,0,0,0,0,0,0,1,0,1,1,0,2,15,0.184,0.166,462,2,0
0,0,0,1,1,0,0,1,0,0,0,0,0,0,1,0,0,1,0,0,2,15,0.221,0.346,218,1,0
0,0,0,0,0,1,0,0,0,0,1,0,1,0,1,0,0,0,1,0,2,15,0.031,0.351,244,2,0
0,1,0,0,0,0,1,0,0,0,0,0,0,0,0,0,0,0,1,0,4,14,0.518,0.21,794,2,0
0,1,0,0,0,1,0,0,0,0,0,0,0,0,1,0,1,0,0,0,4,15,0.35,0.48,311,1,0
0,0,0,0,0,1,0,0,0,0,0,0,0,0,0,0,0,1,0,0,2,12,0.321,0.513,883,2,0
1,1,0,0,1,1,0,1,0,0,0,1,1,0,1,0,0,0,0,0,10,25,0.423,0.866,1707,7,1
0,1,1,0,0,0,0,0,0,0,0,0,1,0,0,1,0,1,0,0,0,11,0.121,0.11,548,3,0
1,0,0,0,0,1,0,0,0,1,0,0,0,1,1,0,1,1,0,0,5,14,0.178,0.383,584,2,0
1,1,1,0,1,1,1,0,0,0,0,0,0,0,1,1,0,0,0,0,0,15,0.03,0.215,342,3,0
0,0,0,0,1,0,0,0,0,0,1,0,0,0,1,0,0,0,0,0,2,10,0.186,0.096,104,1,0
0,0,0,0,1,0,0,0,0,0,0,0,0,0,1,0,0,1,0,0,3,17,0.472,0.332,925,2,0
0,0,0,0,1,0,0,0,0,0,0,0,0,0,0,1,1,0,0,0,1,10,0.133,0.154,469,3,0
1,0,0,0,0,1,0,0,0,0,0,0,1,1,0,0,1,0,0,0,3,17,0.242,0.236,209,3,0
0,0,0,0,0,0,0,0,1,0,0,1,0,0,1,1,0,1,0,0,2,9,0.296,0.168,854,1,0
0,0,0,0,0,0,0,1,0,0,0,1,0,0,0,0,0,0,0,1,6,12,0.173,0.065,767,3,0
1,1,0,1,0,1,0,1,1,1,0,0,1,0,1,0,1,1,1,0,10,18,0.92,0.902,407,2,1
0,0,0,1,1,0,0,0,0,0,0,1,0,1,1,1,0,0,1,0,4,17,0.202,0.363,843,2,0
1,0,0,1,0,1,0,0,1,0,0,0,0,0,0,0,1,1,0,0,2,20,0.427,0.298,859,3,0
0,0,0,1,1,1,0,1,0,0,1,1,0,0,1,0,0,1,0,0,3,21,0.506,0.527,1004,4,1
0,0,0,0,1,0,0,0,0,0,0,0,0,0,0,0,0,1,0,1,1,8,0.201,0.246,120,2,0
0,0,0,0,0,0,0,0,0,0,0,0,0,0,1,0,0,0,0,0,5,9,0.194,0.392,154,1,0
0,1,1,0,1,0,0,0,0,0,1,0,1,0,0,0,0,1,1,0,3,12,0.253,0.296,740,1,0
1,1,0,0,1,1,1,0,0,0,1,0,0,0,0,1,1,1,1,0,3,24,0.601,0.602,2257,5,1
1,0,0,0,1,0,1,0,0,0,0,0,0,0,0,0,0,0,0,0,6,9,0.266,0.667,446,3,0
0,0,0,0,0,0,0,0,0,0,1,0,0,0,1,0,0,0,0,0,3,17,0.129,0.29,266,2,0
1,1,0,0,1,0,0,0,0,1,0,0,0,0,1,0,0,1,0,0,2,13,0.11,0.615,768,2,0
1,0,0,0,1,0,0,0,0,1,0,0,0,0,1,0,1,0,1,0,3,8,0.686,0.221,493,3,0
1,0,0,1,0,0,0,0,0,0,0,0,0,0,0,0,0,0,0,1,6,7,0.1,0.216,807,3,0
0,1,1,0,1,1,1,0,0,1,1,0,0,0,1,1,1,1,1,0,8,21,0.802,0.642,2060,2,1
1,0,0,0,0,0,0,1,0,0,0,0,0,0,0,0,1,0,1,0,2,13,0.419,0.159,347,1,0
0,0,0,0,0,1,0,0,0,1,1,0,0,0,0,0,0,0,0,0,8,8,0.335,0.165,583,3,0
0,1,0,0,0,0,1,0,1,0,1,1,0,0,1,0,0,0,0,0,4,12,0.127,0.102,583,2,0
0,1,0,1,1,1,0,0,0,0,1,0,0,0,0,0,0,0,0,0,3,21,0.163,0.087,371,2,0
0,1,0,1,1,0,0,0,0,0,0,0,0,0,0,0,0,0,0,0,2,16,0.253,0.244,208,1,0
0,0,0,0,1,0,0,0,0,0,1,0,0,0,0,0,1,0,0,0,6,10,0.193,0.839,283,1,0
0,0,0,1,1,1,0,0,0,1,1,1,0,1,0,1,1,1,0,1,14,12,0.72,0.955,985,5,1
0,0,0,0,1,0,0,0,0,0,1,0,0,0,1,0,0,0,0,0,3,13,0.081,0.283,596,1,0
1,0,0,0,0,0,1,0,0,0,0,1,0,0,0,0,0,1,1,0,2,16,0.239,0.641,880,3,0
1,1,0,1,1,0,0,1,0,0,0,0,1,1,0,1,1,1,0,0,8,24,0.731,0.723,763,2,1
0,0,0,0,1,0,0,1,1,0,0,0,0,0,1,1,0,1,0,0,3,20,0.837,0.92,1060,3,1
0,0,1,0,1,0,0,0,0,0,0,0,0,0,1,0,0,0,0,0,3,16,0.169,0.37,520,3,0
0,0,0,1,0,0,0,0,1,1,0,1,0,0,1,1,0,1,0,0,4,21,0.783,0.669,404,3,1
0,0,1,0,0,0,0,1,0,1,0,0,0,0,1,0,0,0,0,0,2,10,0.305,0.206,665,2,0
0,0,0,1,0,1,0,1,1,1,0,0,0,0,0,0,1,1,0,0,7,25,0.674,0.542,294,5,1
1,0,0,0,0,1,0,0,0,0,0,0,0,0,0,0,0,0,1,0,4,12,0.276,0.119,828,3,0
0,0,0,0,0,0,0,1,0,0,0,0,0,0,1,0,0,1,0,0,3,10,0.114,0.318,311,2,0
0,1,1,1,1,1,1,0,0,0,0,1,0,1,1,0,0,1,1,1,8,20,0.546,0.606,687,2,1
0,0,0,1,1,1,0,0,0,0,0,0,0,1,0,1,0,1,0,0,5,23,0.591,0.402,1960,4,1
1,1,1,1,1,1,1,0,0,1,1,0,0,0,1,0,1,1,0,1,7,22,0.605,0.938,718,6,1
1,0,0,0,0,0,0,0,0,0,0,0,1,0,0,0,0,0,0,0,0,13,0.076,0.288,734,2,0
0,0,1,1,1,0,1,0,0,0,0,0,0,0,0,1,0,0,0,0,5,6,0.304,0.426,853,1,0
1,1,0,0,0,0,0,0,0,0,0,0,0,0,0,0,0,1,0,0,6,8,0.129,0.34,233,3,0
0,0,0,0,1,0,0,0,0,0,0,1,0,1,0,1,0,0,0,0,3,14,0.383,0.25,914,2,0
0,0,0,0,1,0,0,0,0,0,0,0,0,0,1,0,0,0,0,0,5,10,0.147,0.397,848,2,0
0,0,1,1,1,0,1,1,0,1,0,0,0,0,0,0,1,0,0,1,6,24,0.582,0.973,2064,3,1
1,1,1,0,1,0,0,1,1,1,0,1,0,1,0,0,1,1,1,0,7,18,0.725,0.651,1267,6,1
0,1,0,1,1,1,0,1,0,1,0,0,0,0,0,1,1,0,0,1,6,18,0.69,0.29,1469,5,1
1,0,1,1,1,0,1,1,0,0,1,0,0,0,1,1,0,1,0,1,5,27,0.816,0.305,1451,3,1
0,0,0,0,1,0,1,0,0,0,1,0,0,0,1,0,0,0,0,0,3,11,0.348,0.114,829,2,0
1,1,0,0,1,0,0,0,0,0,0,0,0,0,0,0,0,0,0,0,3,17,0.608,0.329,270,2,0
1,0,0,1,0,1,0,0,0,0,0,0,0,1,1,1,0,0,1,0,8,26,0.639,0.659,2352,3,1
1,1,0,0,0,0,0,0,0,0,1,0,0,0,1,0,0,1,1,0,3,10,0.321,0.149,844,1,0
0,0,0,0,0,1,0,0,0,0,0,0,1,0,0,0,0,1,0,0,3,12,0.044,0.459,106,2,0
0,1,0,1,1,1,0,1,1,0,1,0,0,0,0,0,0,0,1,0,5,12,0.379,0.24,189,2,0
0,1,0,1,0,1,0,1,0,0,0,1,1,0,1,0,1,1,1,1,3,20,0.608,0.652,1983,7,1
1,1,0,1,1,1,0,1,1,0,0,1,1,0,1,1,1,1,1,0,5,25,0.933,0.675,1713,4,1
0,0,0,0,0,0,0,0,0,1,0,0,0,0,0,1,0,1,1,0,2,8,0.417,0.493,753,2,0
1,1,0,0,1,0,0,0,0,0,1,1,1,0,0,1,1,1,0,0,10,17,0.829,0.852,317,7,1
1,0,0,1,0,0,0,0,0,1,1,1,0,0,0,1,1,0,0,0,1,12,0.203,0.234,246,2,0
0,0,0,0,0,0,1,0,1,1,1,0,0,0,1,0,0,0,0,0,5,21,0.31,0.415,496,1,0
1,1,1,1,0,1,1,0,0,1,0,0,0,1,0,1,0,1,0,0,8,28,0.698,0.333,237,6,1
0,0,0,0,0,1,1,0,1,0,0,0,0,0,1,0,0,1,0,0,2,17,0.302,0.331,478,2,0
0,0,0,0,0,1,0,1,1,0,0,0,0,0,0,0,0,0,0,0,2,15,0.22,0.219,288,3,0
1,0,0,1,1,1,0,1,1,1,0,0,0,0,1,0,1,1,0,0,10,29,0.783,0.755,484,3,1
0,0,0,0,0,0,0,0,0,0,0,1,0,0,1,1,0,1,0,1,3,19,0.242,0.128,204,1,0
0,0,0,1,1,1,0,0,0,0,1,1,0,1,0,0,0,0,1,0,4,17,0.368,0.112,929,1,0
1,0,1,0,0,0,0,1,1,0,0,1,1,0,1,0,1,0,1,0,2,13,0.482,0.593,694,1,0
1,1,1,1,0,1,0,1,1,0,0,0,0,0,1,1,0,1,0,0,8,24,0.76,0.238,2376,4,1
1,0,1,1,0,1,0,1,0,1,1,0,0,0,1,0,0,0,0,0,3,21,0.851,0.644,712,6,1
1,0,1,1,1,1,1,1,0,1,0,1,1,0,0,1,1,1,0,0,4,25,0.658,0.811,1284,4,1
0,0,0,1,0,1,0,0,0,1,0,0,0,0,1,0,0,1,0,0,2,21,0.555,0.11,861,3,0
0,0,0,0,0,0,0,0,1,0,0,0,1,0,0,0,0,0,0,0,1,14,0.134,0.283,852,3,0
0,0,0,1,1,0,0,0,0,0,0,0,0,0,0,0,0,0,0,0,7,8,0.218,0.412,478,3,0
1,0,0,1,0,1,1,0,1,0,1,0,0,0,1,1,0,1,0,0,7,21,0.786,0.771,644,4,1
0,0,0,0,1,0,0,0,0,0,1,0,0,0,1,1,0,0,0,0,2,9,0.4,0.323,606,1,0
0,0,0,0,0,0,1,0,1,0,1,0,1,0,0,0,0,0,0,0,1,10,0.5,0.343,324,3,0
1,0,0,1,0,0,0,0,0,0,0,0,0,0,1,0,0,0,0,0,3,19,0.255,0.159,290,1,0
1,0,0,1,0,0,0,0,0,0,0,1,0,0,1,1,1,1,0,1,3,17,0.638,0.716,1736,6,1
0,0,0,0,0,0,0,0,0,0,0,0,0,1,1,0,0,1,0,0,4,11,0.248,0.368,476,1,0
0,0,0,0,1,1,0,0,0,0,0,0,0,0,1,0,0,1,0,0,3,12,0.071,0.306,777,2,0
1,1,0,1,1,1,0,1,0,0,0,0,0,1,0,1,0,1,1,0,8,23,0.718,0.931,2180,4,1
1,0,0,1,1,1,1,0,1,1,0,1,0,0,0,0,0,1,1,1,9,26,0.79,0.627,1412,7,1
0,0,0,0,0,1,0,1,0,0,0,1,1,1,1,0,0,0,0,0,6,15,0.204,0.283,286,1,0
0,0,0,1,0,0,0,0,0,1,1,0,0,0,0,0,0,0,0,0,5,15,0.385,0.192,453,1,0
0,0,0,0,0,1,0,0,0,0,0,1,0,0,0,1,1,0,1,0,5,13,0.091,0.259,910,3,0
0,0,0,0,1,0,0,0,1,0,0,1,0,0,1,0,0,1,1,0,3,16,0.499,0.332,516,3,0
1,1,1,0,1,0,1,1,1,0,1,0,0,0,1,1,1,0,0,0,6,25,0.704,0.542,1446,2,1
1,0,0,0,0,0,1,0,0,1,0,1,0,0,0,0,1,1,1,0,2,10,0.602,0.313,441,2,0
0,0,0,0,0,0,0,0,0,0,0,0,1,0,0,0,0,0,0,0,7,10,0.15,0.262,965,3,0
0,0,0,0,0,0,0,1,0,1,1,0,1,1,1,0,0,1,1,1,4,12,0.341,0.023,553,1,0
0,0,1,0,0,0,1,1,0,0,0,0,0,0,1,0,0,0,0,0,3,17,0.132,0.259,980,3,0
0,0,0,0,0,0,0,1,0,1,1,0,0,0,1,0,0,1,0,0,2,19,0.331,0.606,450,1,0
0,1,0,1,1,0,1,0,1,0,0,0,1,0,1,0,1,1,1,0,5,23,0.81,0.812,1689,5,1
1,0,0,0,0,0,1,0,0,1,1,1,0,0,0,1,0,0,0,0,3,18,0.489,0.271,269,1,0
0,0,0,0,0,0,1,0,0,1,0,0,0,0,1,1,1,0,0,0,2,9,0.211,0.237,381,2,0
0,1,0,1,0,1,0,1,0,0,0,1,0,0,0,1,1,1,0,0,7,19,0.774,0.352,1321,4,1
0,0,0,0,0,1,0,0,0,0,0,0,0,0,1,0,0,1,0,0,3,13,0.201,0.255,442,1,0
1,1,0,0,1,0,0,1,0,0,0,0,1,1,0,0,1,1,0,0,2,8,0.053,0.146,297,2,0
1,0,0,1,0,0,0,0,0,1,1,0,0,0,0,0,1,0,1,0,1,14,0.19,0.113,931,2,0
1,1,0,1,1,1,0,1,0,1,0,0,0,1,1,1,1,0,0,0,5,25,0.865,0.576,2320,2,1
1,1,1,1,1,0,0,0,0,1,0,1,0,0,0,1,0,1,0,0,6,21,0.739,0.687,460,2,1
0,0,0,1,1,0,1,0,0,0,0,0,1,0,1,0,0,1,1,0,2,10,0.276,0.51,700,3,0
1,0,0,0,0,1,0,0,0,0,0,0,0,0,0,1,0,0,1,0,5,14,0.225,0.38,901,1,0
1,0,1,1,1,0,0,0,0,0,0,0,0,0,0,1,0,1,0,0,5,19,0.886,0.524,1843,2,1
1,0,0,1,1,0,1,1,0,1,1,1,0,0,0,1,1,1,0,1,2,27,0.667,0.381,2324,5,1
1,1,0,0,0,0,1,0,0,0,0,1,0,0,0,0,0,0,0,0,4,16,0.074,0.244,568,2,0
1,0,0,0,1,0,0,0,0,0,0,1,0,0,0,0,0,0,1,0,0,12,0.359,0.177,659,1,0
0,0,1,0,0,0,0,0,0,1,1,0,0,1,0,0,0,0,0,0,1,11,0.298,0.042,984,2,0
0,0,0,1,0,1,0,0,0,0,1,0,1,0,1,0,0,0,0,0,5,15,0.228,0.381,988,3,0
0,0,0,0,1,0,1,0,0,1,0,0,0,0,1,0,0,0,0,0,3,14,0.07,0.098,365,3,0
1,0,0,0,0,0,0,0,0,0,0,0,0,0,1,0,0,0,0,0,5,20,0.34,0.395,647,1,0
1,0,0,0,1,0,0,0,1,0,0,0,1,0,1,1,0,0,0,0,4,12,0.638,0.096,609,1,0
0,0,1,0,0,0,0,0,0,0,1,1,0,0,1,0,0,0,0,0,0,13,0.304,0.161,244,3,0
1,0,0,1,0,0,1,0,0,1,1,0,0,0,1,0,0,1,0,0,2,12,0.169,0.53,415,1,0
1,0,0,0,0,0,0,0,0,1,0,0,0,0,0,1,1,0,0,0,2,10,0.256,0.338,910,1,0
0,0,1,0,0,1,1,1,1,0,0,0,1,0,1,0,0,1,0,1,8,23,0.8,0.457,1124,2,1
0,0,0,0,0,1,0,0,0,0,0,0,0,0,1,0,1,1,0,0,4,13,0.289,0.161,861,2,0
1,0,0,0,0,0,0,0,0,0,0,0,0,0,0,0,0,0,1,0,4,15,0.015,0.573,216,2,0
0,1,1,1,1,0,0,0,0,1,0,0,0,1,0,1,0,1,0,0,4,7,0.027,0.462,139,1,0
0,0,0,0,0,0,0,0,0,0,0,0,0,0,0,0,0,1,0,0,4,16,0.468,0.56,671,1,0
0,0,0,0,1,0,0,0,0,0,0,0,0,0,1,0,1,1,0,0,6,22,0.188,0.046,522,3,0
0,0,0,0,0,0,1,0,0,1,0,1,0,0,0,0,0,0,1,0,7,16,0.374,0.218,181,2,0
0,1,1,1,1,1,1,0,0,0,1,0,0,0,0,1,1,1,0,0,4,22,0.473,0.576,2241,2,1
0,1,0,1,0,1,0,0,1,1,1,0,0,0,1,1,0,1,0,0,8,21,0.825,0.888,863,5,1
0,1,0,0,0,0,0,0,0,0,0,0,0,0,1,1,1,0,0,0,3,12,0.323,0.389,316,1,0
1,0,0,0,0,0,0,0,0,0,1,0,1,0,1,0,0,1,0,1,2,17,0.208,0.39,457,2,0
1,1,0,1,1,0,0,1,0,0,1,1,1,0,0,1,0,1,1,0,9,22,0.775,0.573,304,3,1
1,1,0,1,0,1,1,1,0,0,0,1,0,0,0,1,1,1,0,0,6,23,0.745,0.917,894,6,1
1,1,1,0,1,1,0,1,1,1,0,0,0,1,0,1,1,0,0,0,5,22,0.766,0.8,762,7,1
0,0,0,1,1,0,0,0,0,0,1,0,0,0,1,0,0,0,0,0,3,19,0.439,0.485,820,2,0
1,0,0,1,1,1,1,0,1,1,1,1,1,0,1,1,1,1,1,0,3,23,0.656,0.59,1358,7,1
1,0,0,0,1,1,1,0,1,0,1,0,0,0,0,0,0,0,0,0,5,15,0.269,0.137,802,2,0
1,1,0,0,0,0,0,0,1,1,0,0,1,0,0,1,1,0,1,0,6,18,0.812,0.901,272,4,1
1,1,0,0,0,0,0,0,0,0,0,0,0,0,0,0,1,0,1,0,2,12,0.545,0.142,171,2,0
1,0,0,0,0,0,1,0,0,1,0,0,0,0,0,0,0,1,0,0,2,11,0.152,0.242,590,2,0
1,0,0,1,1,1,0,0,0,0,0,0,0,1,0,1,0,0,1,0,4,25,0.603,0.854,2144,6,1
0,1,0,0,0,0,0,0,0,0,0,0,0,0,0,0,0,1,0,0,4,11,0.169,0.157,490,3,0
0,1,1,1,1,1,0,0,1,1,0,1,0,0,0,0,1,1,0,0,7,21,0.285,0.721,921,4,1
1,0,1,1,0,1,0,0,0,0,1,0,0,0,0,0,1,0,0,0,3,15,0.487,0.322,993,2,0
0,0,1,0,0,0,0,0,0,0,0,0,1,0,1,1,0,0,0,0,5,14,0.247,0.109,934,1,0
0,0,0,0,0,0,0,0,0,0,0,0,0,0,0,1,0,0,0,0,4,13,0.336,0.514,994,3,0
1,0,1,0,1,0,0,0,0,1,1,1,1,0,0,1,1,1,0,0,7,17,0.785,0.38,530,2,1
0,1,0,1,1,1,0,1,0,0,0,1,1,1,0,1,0,0,1,0,8,21,0.581,0.394,1656,5,1
0,0,0,0,1,0,0,0,0,1,0,0,0,0,1,1,0,0,0,0,2,9,0.058,0.258,390,2,0
1,1,0,1,1,0,0,0,0,0,1,0,0,0,1,0,0,0,0,1,2,16,0.171,0.674,983,2,0
0,0,0,0,0,0,0,0,1,0,1,0,1,0,0,0,0,0,1,0,3,16,0.63,0.279,256,2,0
1,1,0,0,0,1,0,0,0,0,0,0,0,0,0,0,0,0,1,0,1,13,0.421,0.174,154,1,0
0,1,0,0,0,0,0,0,0,0,0,0,0,0,0,0,0,0,0,0,2,15,0.194,0.248,101,1,0
1,0,0,0,0,0,0,0,0,0,0,0,0,0,1,0,0,0,0,0,3,16,0.561,0.157,760,1,0
0,1,0,0,0,1,0,0,0,0,1,0,0,0,0,0,0,0,0,0,1,10,0.205,0.494,815,2,0
1,1,1,0,1,0,0,0,1,0,0,0,0,1,1,0,0,1,0,1,7,24,0.8,0.773,1705,2,1
1,1,0,0,0,0,0,1,0,0,1,1,0,0,0,0,0,0,0,0,6,8,0.414,0.339,560,1,0
0,0,0,1,0,0,0,1,1,1,1,0,0,0,0,1,1,0,0,0,6,15,0.925,0.707,1931,7,1
1,0,0,1,1,0,0,0,1,0,0,0,0,0,0,1,0,0,0,0,3,14,0.417,0.323,429,3,0
1,1,1,0,0,0,0,0,0,0,1,0,0,0,0,0,0,0,0,0,0,13,0.05,0.154,914,2,0
0,1,0,0,0,0,0,0,0,1,0,1,0,0,1,0,0,1,0,0,4,10,0.344,0.214,901,3,0
1,0,0,1,0,0,0,0,0,0,1,0,0,0,0,0,0,0,0,0,2,12,0.204,0.014,384,3,0
1,0,0,0,0,0,0,0,0,0,0,0,0,0,1,1,1,0,0,1,4,12,0.153,0.231,767,1,0
0,1,0,0,1,0,0,0,0,1,1,0,0,1,1,1,0,0,0,1,4,12,0.094,0.137,598,3,0
0,0,0,0,1,0,1,0,0,0,1,0,0,1,0,0,0,0,1,1,6,11,0.364,0.13,425,1,0
0,1,0,1,0,0,1,0,1,0,1,1,1,0,0,1,0,0,0,0,6,8,0.093,0.37,999,1,0
0,0,0,1,1,0,0,0,1,1,0,1,0,0,1,1,0,1,0,0,5,16,0.852,0.926,494,3,1
0,0,0,0,0,1,0,0,0,0,0,0,0,0,1,0,0,1,1,0,4,11,0.239,0.434,288,1,0
0,0,0,0,0,0,0,0,0,0,1,1,0,0,0,0,0,0,0,0,4,9,0.474,0.227,550,3,0
0,1,0,0,0,0,0,0,1,1,0,0,0,0,0,1,0,0,0,0,2,11,0.375,0.224,93,2,0
0,1,0,1,0,0,0,0,0,0,1,0,0,0,0,0,0,1,0,0,4,16,0.059,0.484,488,3,0
0,0,1,0,1,1,0,1,1,1,0,0,0,0,0,1,1,0,1,0,5,15,0.922,0.446,2282,7,1
1,0,0,1,1,1,0,1,1,0,1,1,1,0,1,1,1,0,1,0,5,30,0.875,0.582,589,5,1
0,0,1,0,1,0,0,0,0,1,1,0,0,0,0,0,0,0,0,0,2,18,0.071,0.084,716,1,0
1,1,0,0,0,1,0,0,0,1,0,0,0,0,0,0,0,1,1,1,3,14,0.458,0.278,583,2,0
0,0,0,0,1,0,0,0,0,0,0,0,1,0,0,0,0,1,0,0,3,16,0.074,0.581,436,2,0
0,1,1,1,0,1,0,0,0,0,1,1,0,0,0,1,1,1,0,0,6,19,0.394,0.679,2020,3,1
1,1,0,0,0,0,0,0,0,0,0,0,0,0,0,1,1,0,0,0,1,13,0.087,0.196,310,3,0
1,0,0,1,1,1,0,1,1,0,1,0,1,0,1,0,0,1,0,0,10,25,0.747,0.543,1374,3,1
0,0,0,1,0,0,1,0,0,1,0,0,0,0,0,0,0,1,0,0,1,12,0.34,0.377,84,1,0
1,0,0,0,0,0,0,0,0,1,1,0,0,0,0,0,0,1,0,0,0,20,0.319,0.212,277,1,0
0,0,0,0,1,0,1,0,0,0,0,0,0,0,1,0,0,0,0,1,3,19,0.243,0.124,121,1,0
0,1,0,0,1,0,0,0,0,0,0,0,0,0,1,0,0,0,1,0,3,8,0.075,0.282,839,1,0
0,0,0,1,0,0,0,0,0,0,0,0,1,1,0,0,1,0,0,0,3,14,0.111,0.196,737,2,0
0,0,0,0,1,0,0,0,0,0,0,1,1,0,0,0,0,0,0,0,3,13,0.015,0.064,665,2,0
1,0,0,1,1,1,0,1,0,0,0,1,0,0,1,1,0,0,0,1,3,22,0.49,0.381,1917,7,1
1,0,0,0,1,0,0,0,0,0,0,1,0,1,0,0,0,1,0,0,5,10,0.528,0.046,358,1,0
1,0,1,1,1,0,0,1,0,0,0,0,0,0,0,1,0,0,0,0,3,11,0.216,0.292,184,3,0
1,1,0,0,0,0,0,1,0,0,1,0,0,0,1,1,1,1,0,0,3,27,0.881,0.516,864,7,1
1,0,0,1,0,1,0,0,0,0,0,0,0,0,0,1,0,0,0,1,3,9,0.431,0.39,372,2,0
0,0,1,0,0,0,0,1,0,0,0,0,0,1,0,1,0,0,0,0,2,10,0.162,0.232,316,2,0
1,1,0,0,0,0,0,0,0,0,1,0,1,0,0,0,0,0,0,0,2,11,0.034,0.511,475,3,0
1,1,0,0,0,0,0,1,0,1,0,0,1,1,0,0,0,0,1,0,2,13,0.264,0.451,689,2,0
0,0,0,0,0,0,0,0,0,0,0,0,0,0,0,0,0,1,0,0,1,16,0.45,0.528,254,3,0
0,0,1,0,0,0,0,1,0,0,0,0,0,0,0,0,0,0,0,1,6,15,0.312,0.386,483,3,0
0,0,0,0,0,0,0,0,0,1,0,0,0,0,0,0,0,1,0,0,3,12,0.064,0.256,678,1,0
0,1,0,0,0,0,0,0,0,1,0,0,0,0,0,0,0,0,0,0,1,11,0.294,0.158,700,2,0
0,0,0,0,0,0,0,0,0,0,1,0,0,0,0,0,0,0,1,0,0,13,0.523,0.395,905,1,0
1,1,1,1,1,0,0,0,0,1,0,1,0,0,1,1,1,1,0,1,7,16,0.825,0.888,2168,2,1
1,0,0,0,1,0,0,0,0,0,0,0,0,0,0,0,0,1,0,0,3,12,0.268,0.403,737,3,0
0,0,1,0,0,0,0,1,0,0,1,1,1,0,0,0,0,1,0,0,7,10,0.684,0.065,178,1,0
0,0,0,0,1,0,0,0,0,0,1,0,0,0,0,0,0,0,0,0,6,12,0.4,0.314,634,1,0
1,1,1,1,0,1,0,0,0,0,1,0,0,1,0,1,1,1,0,1,4,17,0.725,0.77,1489,5,1
1,0,1,1,0,1,0,1,0,1,0,0,0,0,1,1,1,1,1,1,2,26,0.807,0.46,956,4,1
0,0,1,0,0,0,0,0,0,0,1,0,0,0,0,0,0,1,0,0,4,14,0.156,0.424,900,2,0
1,1,1,1,1,0,0,1,0,1,1,0,1,0,0,1,0,1,0,1,5,16,0.781,0.696,2105,5,1
1,0,0,1,0,1,1,0,0,1,0,0,0,0,0,1,0,1,1,0,4,17,0.52,0.456,1896,5,1
1,1,0,0,1,1,0,1,1,0,1,1,0,0,1,0,1,1,0,0,7,19,0.969,0.484,1144,7,1
1,0,0,0,0,0,0,1,0,0,0,0,0,0,1,1,1,1,0,0,4,12,0.202,0.155,753,1,0
1,1,0,0,1,0,0,0,0,0,1,0,0,1,1,0,0,0,0,0,1,13,0.127,0.039,592,1,0
1,0,0,1,0,0,1,0,0,0,0,0,0,0,0,0,0,0,0,0,5,17,0.189,0.259,477,3,0
0,0,1,1,0,0,0,0,0,0,1,0,1,0,1,0,0,1,0,0,2,12,0.473,0.603,927,2,0
0,0,0,0,1,0,0,0,0,0,0,0,0,1,1,0,0,0,1,1,2,7,0.734,0.321,759,2,0
0,0,0,0,0,1,0,1,0,0,1,0,0,0,0,1,1,0,0,0,6,26,0.648,0.706,1621,3,1
1,0,0,1,1,0,1,0,1,0,1,0,0,0,0,0,0,1,0,0,4,12,0.174,0.199,304,3,0
0,0,0,0,0,0,1,0,0,0,1,0,0,0,1,0,0,0,0,0,2,11,0.425,0.152,94,3,0
0,0,0,0,0,1,0,0,0,0,0,0,0,0,1,1,0,0,0,0,4,16,0.096,0.318,244,2,0
1,0,0,1,0,0,0,0,1,0,1,1,0,1,1,1,0,0,0,0,6,26,0.708,0.702,1658,6,1
0,0,0,0,0,0,0,0,0,0,0,0,0,0,1,1,0,0,0,0,2,10,0.137,0.079,971,2,0
0,0,0,1,0,0,0,0,0,1,0,0,0,0,0,1,0,0,0,0,1,10,0.232,0.155,777,1,0
0,0,0,0,0,1,0,0,0,1,1,0,0,0,0,1,0,0,0,0,6,13,0.221,0.652,453,1,0
0,0,0,0,1,0,1,0,0,1,1,0,0,0,1,1,1,1,1,0,8,16,0.654,0.894,611,4,1
1,0,0,0,1,0,0,0,0,0,1,1,0,0,0,1,1,0,0,1,3,14,0.24,0.191,735,3,0
0,0,0,0,0,0,0,0,1,0,0,0,0,0,0,1,0,0,0,0,1,14,0.113,0.089,751,1,0
1,0,1,0,1,0,0,0,1,0,0,0,1,0,1,0,0,0,0,0,4,17,0.04,0.228,365,1,0
1,0,0,1,0,1,0,0,1,1,1,0,0,0,1,0,1,1,0,0,10,24,0.69,0.775,318,3,1
1,0,0,0,1,0,0,0,0,1,1,1,0,0,0,1,0,0,0,0,3,11,0.377,0.175,372,2,0
1,0,0,0,1,0,0,1,0,1,0,1,1,0,1,0,0,1,0,0,2,15,0.351,0.379,219,2,0
1,0,0,1,0,1,0,1,1,1,0,0,0,1,0,0,0,1,0,0,4,14,0.304,0.47,908,2,0
0,0,0,0,0,0,0,0,0,0,0,0,0,0,0,0,0,0,0,0,3,17,0.154,0.309,724,2,0
1,0,0,0,0,0,0,0,0,0,0,1,0,0,0,0,1,0,0,0,5,10,0.287,0.084,758,3,0
1,0,0,0,0,1,0,0,0,0,0,1,0,0,0,1,0,0,0,0,3,15,0.335,0.119,111,2,0
0,0,0,0,0,0,0,1,0,0,0,1,0,0,0,1,0,0,1,0,4,19,0.393,0.163,781,1,0
1,1,0,0,1,0,0,1,0,0,1,1,0,0,0,0,1,1,1,1,5,22,0.701,0.694,1845,6,1
1,0,0,0,0,0,0,0,0,0,0,1,0,0,1,1,0,0,0,0,2,7,0.095,0.372,990,1,0
1,0,0,0,1,0,0,0,0,0,0,0,0,0,1,0,0,1,0,0,4,9,0.179,0.149,755,2,0
0,0,0,0,1,1,1,0,1,0,0,0,1,0,0,0,0,0,0,1,2,16,0.231,0.032,304,1,0
1,1,0,0,1,1,0,1,0,1,0,0,1,0,1,1,1,1,1,1,9,20,0.642,0.627,1521,7,1
1,0,0,0,0,0,0,0,0,0,0,0,0,0,0,0,0,1,0,0,3,16,0.318,0.093,700,2,0
1,0,0,1,1,0,1,0,0,0,1,0,1,0,1,1,1,1,0,1,6,25,0.791,0.274,273,3,1
0,1,0,0,1,0,0,0,0,0,0,0,0,0,0,0,0,0,0,0,2,4,0.304,0.379,112,3,0
0,1,0,1,0,0,0,0,0,0,1,1,1,0,0,0,0,1,0,0,2,16,0.316,0.594,103,2,0
1,1,0,1,0,1,0,0,0,0,0,0,0,0,1,1,1,0,1,0,8,16,0.794,0.325,1401,7,1
0,0,0,0,1,1,0,0,0,0,0,0,0,0,0,0,0,1,1,0,3,8,0.204,0.134,124,1,0
0,0,0,1,1,1,0,0,0,0,1,0,0,0,1,0,0,1,0,0,2,22,0.951,0.722,1153,7,1
0,1,0,0,0,1,0,0,0,0,1,1,1,0,0,1,0,1,1,1,2,7,0.389,0.61,984,2,0
0,0,0,0,1,0,0,0,0,0,0,1,0,0,0,1,0,0,0,0,5,18,0.352,0.051,548,2,0
1,0,0,1,0,0,0,0,0,0,0,0,0,1,0,0,0,0,0,0,2,11,0.379,0.153,989,3,0
1,0,0,0,1,1,0,0,0,0,0,0,1,1,1,0,0,0,0,0,1,11,0.269,0.412,728,3,0
0,0,0,0,0,1,0,0,0,0,1,0,0,0,0,1,0,1,0,0,3,12,0.282,0.366,133,1,0
1,1,0,0,0,0,1,0,0,0,0,0,0,0,0,0,1,1,1,0,7,20,0.829,0.911,1064,6,1
1,1,0,1,1,1,0,0,0,0,0,0,1,0,1,1,1,0,1,0,3,19,0.669,0.856,1565,4,1
0,0,0,0,1,0,0,0,0,0,0,1,0,0,0,1,1,1,0,0,3,16,0.185,0.101,358,3,0
0,0,0,0,1,0,0,0,1,1,1,0,0,0,0,0,0,1,0,0,3,5,0.308,0.42,957,1,0
0,1,1,1,1,0,1,0,1,0,1,1,0,0,0,1,1,1,1,1,6,23,0.539,0.567,725,4,1
0,1,1,1,0,1,1,1,1,0,0,0,0,0,0,0,0,0,0,0,2,14,0.133,0.35,659,1,0
0,1,0,0,0,0,0,0,1,1,0,0,0,0,0,0,0,0,1,0,4,13,0.318,0.244,393,1,0
1,1,0,0,0,1,0,1,1,1,1,0,1,0,0,1,1,1,1,0,6,19,0.815,0.552,1093,2,1
0,0,0,0,0,0,0,0,1,0,1,0,0,0,0,0,0,1,0,0,3,10,0.292,0.188,116,1,0
1,1,0,1,1,1,1,1,1,1,1,1,0,0,0,1,0,1,0,1,8,29,0.794,0.717,813,5,1
0,1,0,0,1,1,1,1,1,0,0,0,0,1,0,1,0,0,0,0,8,23,0.698,0.459,1552,7,1
1,1,0,0,1,0,0,0,0,1,0,0,1,0,1,0,1,0,0,0,8,14,0.316,0.18,718,3,0
1,1,0,0,1,0,0,1,1,0,1,1,0,0,0,0,1,1,0,0,4,16,0.145,0.183,836,2,0
0,0,0,1,1,0,0,0,0,1,0,1,0,0,0,0,0,1,0,0,3,16,0.394,0.361,116,1,0
0,0,0,0,0,1,0,0,0,0,0,0,0,0,0,0,0,0,0,0,1,12,0.483,0.047,252,1,0
0,0,0,0,0,0,0,1,0,0,1,0,0,0,1,1,0,0,0,1,2,15,0.368,0.27,178,2,0
0,0,0,0,0,0,0,0,0,0,0,0,0,0,0,1,1,0,0,0,4,18,0.389,0.561,649,2,0
0,0,0,0,1,0,0,1,0,0,0,0,1,0,0,0,0,0,0,0,5,14,0.365,0.388,946,2,0
0,0,0,0,0,0,0,0,0,0,1,0,1,0,1,0,1,0,0,0,3,12,0.336,0.686,638,2,0
1,0,1,0,0,0,0,1,0,1,1,0,0,0,1,1,1,1,1,0,5,23,0.833,0.743,1471,2,1
0,0,0,0,0,0,1,0,0,0,1,0,0,0,0,0,0,0,0,0,1,16,0.314,0.095,184,2,0
1,1,1,1,1,0,1,1,0,1,1,0,0,0,1,0,1,1,0,1,4,21,0.638,0.928,1095,2,1
0,1,0,1,0,1,0,1,1,0,1,0,0,0,1,0,0,1,0,0,7,27,0.866,0.934,184,6,1
0,0,0,0,0,0,0,0,0,0,0,0,0,0,1,0,0,1,0,0,2,18,0.376,0.242,489,3,0
1,0,0,0,1,0,0,0,0,0,0,0,0,0,1,0,0,0,0,0,2,10,0.363,0.351,431,3,0
0,1,0,0,0,0,0,1,0,0,1,1,1,0,0,0,0,0,0,0,4,20,0.188,0.031,805,3,0
1,1,0,0,1,0,0,1,0,0,0,0,0,0,1,1,0,1,0,1,6,32,0.679,0.868,2118,6,1
0,0,0,0,1,0,0,0,0,0,1,0,0,1,0,0,0,0,1,0,6,13,0.379,0.346,939,2,0
0,0,0,0,1,0,1,0,0,0,0,0,0,0,0,1,0,0,0,0,4,9,0.391,0.424,656,1,0
0,0,0,0,0,1,1,0,0,0,0,0,0,0,1,0,0,0,0,0,3,17,0.597,0.173,644,1,0
0,0,0,0,1,0,0,0,0,0,0,0,0,0,0,1,0,0,0,0,4,24,0.067,0.478,125,3,0
0,1,0,1,1,1,0,1,0,1,0,1,0,0,1,1,1,1,0,0,4,17,0.619,0.615,409,4,1
1,1,0,1,1,1,0,1,0,1,1,0,0,0,1,1,0,0,1,1,10,21,0.789,0.392,1432,7,1
1,0,0,0,0,0,1,0,1,0,0,0,1,0,1,0,0,1,0,0,2,16,0.525,0.246,916,3,0
0,0,0,1,1,0,0,0,0,1,0,0,0,0,0,1,0,0,0,0,0,11,0.016,0.323,626,2,0
0,0,0,1,1,0,0,0,0,1,1,0,0,0,0,0,0,0,1,0,4,13,0.15,0.268,200,1,0
0,0,0,1,1,1,0,0,1,0,0,0,0,0,1,0,0,1,0,0,4,10,0.491,0.256,217,3,0
0,1,0,1,0,1,0,0,0,0,1,0,0,0,0,0,0,1,1,0,5,14,0.484,0.676,842,1,0
0,0,0,0,1,0,0,0,0,0,1,0,0,0,0,0,0,0,1,0,4,12,0.118,0.483,238,1,0
1,0,0,1,1,0,0,0,1,1,0,0,0,0,0,1,0,1,0,0,6,20,0.449,0.777,160,7,1
0,0,0,1,0,0,0,0,1,0,0,0,0,0,0,1,0,1,1,1,1,8,0.153,0.338,341,3,0
0,1,0,0,1,1,0,0,0,0,1,0,0,0,1,0,0,0,1,0,6,13,0.385,0.581,899,2,0
1,0,0,0,1,0,0,0,0,1,0,1,0,1,0,0,0,0,1,0,5,15,0.205,0.286,529,1,0
1,1,1,0,1,0,0,0,0,0,0,0,0,0,0,0,0,0,0,0,2,15,0.388,0.709,405,3,0
1,0,1,1,0,0,0,1,0,1,0,0,0,0,0,1,1,1,1,0,3,23,0.367,0.7,1423,2,1
1,0,1,1,1,1,0,1,0,1,0,0,0,0,1,1,0,1,0,0,1,17,0.628,0.6,363,7,1
1,1,1,1,0,0,0,0,0,0,0,0,0,0,0,0,0,0,0,0,1,15,0.368,0.199,993,3,0
1,0,1,0,0,1,0,0,0,0,0,1,0,0,1,1,1,1,1,0,5,21,0.863,0.499,1681,3,1
0,1,0,0,0,0,0,1,0,0,0,0,1,0,0,0,0,1,0,0,2,8,0.515,0.522,213,2,0
0,0,0,0,1,0,0,0,0,0,0,0,0,0,1,1,0,1,1,0,3,17,0.193,0.028,399,2,0
1,0,0,0,0,0,0,0,0,0,0,0,0,0,1,0,0,0,0,0,1,8,0.354,0.21,536,1,0
1,1,1,1,1,0,0,0,0,1,1,0,0,0,0,0,0,0,1,0,3,20,0.613,0.125,771,3,0
0,0,1,0,0,0,0,0,0,0,0,0,0,0,0,0,0,0,0,0,2,17,0.379,0.309,531,3,0
1,1,0,1,1,1,1,1,0,0,0,1,0,1,0,1,0,1,0,0,3,19,0.84,0.528,2318,7,1
1,0,0,0,0,0,0,0,0,0,0,0,0,0,0,0,0,1,0,0,0,13,0.337,0.347,399,3,0
0,0,0,0,0,0,0,0,0,0,0,0,1,0,1,1,0,1,0,0,2,17,0.711,0.149,211,1,0
1,0,0,0,1,0,0,0,0,1,0,0,1,0,0,0,0,1,0,0,1,10,0.668,0.034,681,2,0
1,0,1,0,1,1,0,1,1,1,0,0,0,0,0,1,1,1,0,1,6,20,0.945,0.759,2263,5,1
0,1,0,1,0,0,1,0,0,0,1,0,0,0,0,1,0,0,0,1,8,14,0.251,0.148,162,3,0
0,1,0,0,0,0,0,0,0,0,0,1,0,0,0,1,1,0,0,0,2,23,0.058,0.112,84,3,0
0,1,1,1,0,0,1,1,0,1,1,1,1,0,1,1,1,1,0,0,4,25,0.801,0.933,1554,2,1
0,0,0,0,1,0,1,0,0,0,0,0,0,0,0,1,0,0,0,0,2,18,0.172,0.351,383,2,0
1,1,1,1,1,1,1,0,0,0,1,1,1,0,1,1,0,1,1,1,6,15,0.551,0.8,2364,7,1
1,0,0,1,0,0,1,0,0,0,1,0,0,0,0,1,0,0,1,0,7,4,0.561,0.29,586,1,0
0,1,1,1,0,0,1,1,0,1,1,0,0,0,0,1,0,0,0,0,2,28,0.855,0.887,974,7,1
1,0,0,1,0,0,0,0,0,0,0,0,0,0,1,1,0,0,0,0,1,9,0.515,0.559,732,3,0
0,1,0,0,0,1,0,0,0,0,0,0,0,0,0,1,0,1,0,0,1,12,0.175,0.121,675,1,0
0,1,0,0,0,0,0,0,1,0,0,0,0,0,0,0,0,1,0,1,3,12,0.378,0.416,324,3,0
1,0,0,0,1,1,0,0,0,0,1,0,0,0,0,0,0,1,0,1,2,15,0.111,0.249,485,3,0
1,0,1,1,0,0,0,1,0,1,0,0,0,0,1,1,0,1,0,0,6,17,0.538,0.743,1099,7,1
0,0,0,1,0,0,0,0,0,1,0,0,0,0,1,1,0,0,0,0,2,12,0.321,0.152,963,2,0
1,0,0,1,0,1,1,0,0,1,1,1,0,0,1,0,0,1,1,0,6,18,0.581,0.892,264,3,1
0,0,0,0,1,0,1,1,0,1,1,1,0,0,1,0,0,0,0,0,3,20,0.863,0.485,439,4,1
0,1,1,1,0,0,0,1,0,1,1,1,1,0,0,0,0,1,0,0,6,25,0.437,0.75,1135,2,1
0,0,0,0,0,0,0,0,0,0,0,1,0,0,1,0,0,1,1,0,3,8,0.649,0.095,785,1,0
0,1,0,0,0,1,0,0,0,0,0,0,0,0,0,0,0,0,0,0,3,15,0.183,0.067,576,3,0
1,1,0,0,0,1,0,0,0,0,0,1,0,0,0,0,0,0,0,0,4,8,0.167,0.365,932,1,0
1,0,0,0,0,1,1,0,0,0,0,1,0,0,0,0,1,0,0,0,3,13,0.312,0.361,315,3,0
1,0,0,0,0,0,0,0,1,0,0,0,0,0,1,0,0,1,1,0,3,8,0.446,0.226,695,1,0
1,0,0,0,0,0,0,0,0,0,0,1,0,0,0,0,0,0,0,0,5,21,0.397,0.425,785,2,0
1,1,0,0,0,0,0,0,0,1,0,0,0,1,1,0,0,0,0,1,1,13,0.11,0.362,473,2,0
1,0,1,1,1,0,0,0,0,0,1,0,0,0,1,0,0,0,0,0,2,10,0.112,0.265,485,1,0
0,0,0,0,1,0,0,0,0,0,0,0,1,1,0,1,0,1,0,1,1,10,0.124,0.003,358,2,0
0,0,0,0,1,0,0,1,1,1,0,1,0,0,1,0,0,1,0,0,3,20,0.997,0.766,1335,5,1
1,0,0,1,1,1,0,1,0,0,1,0,1,0,1,1,1,1,0,0,1,22,0.806,0.603,1508,4,1
0,0,0,0,0,0,1,1,0,0,0,0,0,0,0,0,1,0,0,0,5,19,0.183,0.307,641,2,0
0,0,0,0,0,0,0,0,0,0,0,0,0,0,0,0,0,0,0,0,6,10,0.03,0.167,192,3,0
0,1,0,1,1,0,0,0,1,0,0,0,0,0,1,1,1,0,0,0,9,22,0.871,0.285,653,2,1
0,0,0,0,0,0,0,0,0,0,0,0,1,0,0,1,0,0,1,0,4,11,0.307,0.182,740,1,0
1,0,0,0,1,0,0,1,1,0,1,0,0,0,0,0,0,0,0,1,6,14,0.69,0.217,642,1,0
0,0,0,0,0,1,1,0,1,1,1,1,0,1,0,0,0,1,1,0,7,19,0.576,0.583,409,7,1
0,0,1,0,0,0,1,0,0,0,0,0,0,0,0,0,0,1,0,1,3,15,0.485,0.365,605,2,0
1,1,0,1,0,0,0,0,0,0,1,0,0,0,0,1,0,0,0,1,5,12,0.178,0.42,424,3,0
0,0,0,0,0,1,0,0,0,0,0,0,0,0,1,0,0,0,0,1,1,12,0.35,0.177,519,3,0
0,1,0,1,0,1,1,1,1,0,0,1,0,0,0,0,1,1,0,1,3,15,0.634,0.943,1700,4,1
1,0,0,0,0,0,0,0,0,0,0,0,0,0,0,1,0,0,1,0,1,13,0.276,0.175,82,1,0
0,0,0,0,1,0,1,0,0,0,0,0,0,0,1,0,0,0,0,0,1,17,0.294,0.22,763,2,0
1,1,0,1,0,1,1,0,1,0,0,0,0,1,0,0,0,1,0,0,7,22,0.779,0.866,2286,3,1
1,1,0,0,0,0,0,0,0,0,0,0,0,0,1,1,0,0,0,0,1,17,0.16,0.528,544,3,0
1,0,0,0,1,0,0,0,0,0,0,0,0,0,0,0,1,1,0,0,5,10,0.332,0.138,607,1,0
0,1,1,1,0,0,0,0,0,0,0,0,1,0,0,0,1,0,0,0,3,20,0.064,0.13,489,1,0
1,0,0,1,1,1,0,0,0,0,0,0,1,0,0,0,1,0,0,1,2,12,0.346,0.172,104,2,0
0,0,0,0,0,0,0,0,0,0,1,0,0,0,0,0,0,1,0,0,5,13,0.343,0.089,953,1,0
0,1,0,0,0,0,0,0,0,1,0,0,0,0,1,0,0,0,0,1,3,16,0.363,0.27,127,3,0
0,1,0,0,0,0,0,0,0,0,0,0,0,0,0,0,0,1,0,0,2,7,0.353,0.116,470,2,0
1,1,0,1,0,0,0,0,0,0,1,0,1,0,1,1,1,0,0,0,6,17,0.29,0.209,872,2,0
0,0,1,0,1,0,0,0,0,1,0,1,0,1,0,0,0,0,0,0,0,15,0.242,0.447,907,2,0
0,0,0,0,1,0,0,0,1,1,1,0,1,0,1,0,0,0,0,0,3,10,0.539,0.301,306,2,0
0,1,0,1,1,1,0,0,0,0,1,0,0,0,1,1,1,1,1,1,8,22,0.606,0.812,1292,3,1
0,0,1,0,1,1,0,0,0,0,0,0,0,0,0,1,0,0,1,0,4,16,0.214,0.061,903,3,0
0,1,1,1,1,1,0,1,1,0,1,1,0,1,1,0,0,1,0,1,8,22,0.872,0.591,743,5,1
0,1,0,1,0,0,1,1,0,0,0,0,0,0,1,1,1,0,1,0,6,18,0.405,0.855,2299,3,1
0,1,1,1,1,0,0,0,0,0,1,0,0,0,1,0,0,1,0,0,1,15,0.14,0.298,733,1,0
0,0,0,0,0,1,0,0,0,0,0,0,0,0,0,0,0,0,0,0,1,19,0.568,0.52,861,1,0
0,0,1,0,1,0,0,1,0,0,1,0,0,0,0,0,0,0,0,0,3,11,0.298,0.153,113,1,0
1,1,1,0,0,0,0,1,1,1,0,0,0,0,0,1,1,1,1,0,9,22,0.712,0.869,937,2,1
1,0,0,0,0,0,0,0,0,0,0,1,1,0,0,0,0,1,0,0,3,14,0.199,0.073,867,1,0
1,0,0,0,0,0,0,1,0,0,0,0,0,0,0,0,0,1,0,0,1,13,0.029,0.131,906,1,0
1,0,1,1,1,0,1,0,0,0,0,0,1,0,1,1,1,1,0,0,4,21,0.241,0.024,306,3,0
1,1,0,0,0,0,0,0,1,0,0,0,0,0,1,1,0,1,0,0,3,17,0.194,0.111,633,1,0
1,0,0,0,0,0,1,1,0,0,0,0,0,0,1,0,0,0,0,0,5,11,0.204,0.091,909,2,0
1,1,0,0,0,1,0,1,1,0,0,0,0,1,0,0,0,0,0,1,8,9,0.473,0.235,238,3,0
1,0,0,1,0,1,0,0,0,0,0,0,0,0,0,0,0,1,0,0,2,14,0.37,0.22,596,1,0
0,1,0,1,0,1,1,1,0,0,0,1,1,1,1,0,1,0,0,1,5,26,0.521,0.616,2064,4,1
1,0,0,1,0,1,1,1,1,0,1,1,1,0,1,1,0,1,1,0,6,23,0.781,0.816,1760,7,1
1,1,1,1,0,1,0,1,1,1,0,1,0,0,1,1,1,1,0,0,2,25,0.831,0.664,732,7,1
0,1,0,1,1,0,0,0,0,0,0,1,1,0,1,1,1,1,0,0,5,13,0.696,0.823,2257,7,1
0,0,1,1,0,1,1,0,0,0,0,1,0,0,0,0,0,1,0,0,11,18,0.691,0.582,921,6,1
0,1,0,0,1,0,0,0,1,0,1,0,0,0,1,1,0,0,0,0,2,15,0.033,0.188,175,1,0
1,1,1,0,1,1,0,1,1,1,1,0,0,0,1,0,1,1,1,0,2,28,0.449,0.706,2023,7,1
1,0,0,0,0,0,0,0,0,0,0,0,1,0,0,1,0,0,0,0,4,10,0.323,0.155,119,3,0
0,0,0,0,0,0,0,0,0,1,0,0,0,0,0,0,0,0,0,0,2,9,0.294,0.311,253,3,0
1,1,1,1,1,1,0,0,0,0,0,0,0,0,1,1,1,1,0,0,7,21,0.617,0.795,1829,6,1
0,0,0,1,0,1,0,1,1,1,1,0,0,1,1,0,0,0,0,0,3,29,0.828,0.719,2106,4,1
1,0,1,1,1,0,0,1,0,1,0,1,0,0,1,0,1,0,1,0,7,26,0.985,0.413,1321,6,1
0,1,0,0,0,0,0,0,0,0,0,1,0,0,0,0,0,1,0,0,5,12,0.272,0.244,939,3,0
0,0,0,0,0,0,0,0,0,0,0,0,0,0,0,0,0,0,0,0,3,18,0.531,0.183,335,1,0
0,0,0,0,0,1,0,0,0,0,0,0,0,0,1,0,0,1,0,1,2,9,0.559,0.196,418,2,0
1,0,1,0,1,1,0,0,1,0,0,0,0,1,0,1,0,1,0,0,2,13,0.088,0.342,150,1,0
1,1,0,0,0,1,0,0,0,0,0,0,0,0,1,0,0,0,0,0,1,11,0.625,0.456,642,3,0
1,0,0,1,1,0,1,1,0,1,1,0,1,0,1,0,1,1,0,0,5,22,0.817,0.874,1858,3,1
0,0,0,0,1,1,0,1,0,0,1,1,1,1,1,1,0,0,0,1,5,21,0.792,0.608,580,3,1
1,1,1,0,1,1,0,1,0,0,0,1,1,1,0,1,0,1,0,1,8,19,0.657,0.865,1889,4,1
0,1,0,1,0,0,0,0,0,0,0,0,0,0,0,0,0,1,1,0,3,11,0.539,0.313,215,3,0
0,0,1,0,0,1,0,0,0,0,0,0,0,0,0,0,1,0,0,0,3,11,0.514,0.055,962,1,0
0,0,0,0,0,0,1,0,0,0,0,0,0,1,1,0,0,0,0,0,3,9,0.309,0.221,261,2,0
1,1,0,1,1,1,0,1,1,1,1,0,1,0,1,1,1,0,0,0,9,18,0.621,0.558,613,5,1
1,0,0,0,0,0,0,0,1,0,0,0,0,0,1,0,1,0,0,0,4,13,0.049,0.056,870,2,0
0,1,0,0,1,0,1,0,0,1,1,1,0,1,0,1,0,1,0,0,4,28,0.913,0.299,1657,6,1
1,0,0,0,1,0,0,0,0,0,0,0,1,0,1,0,0,1,0,0,6,18,0.417,0.135,205,2,0
0,0,0,0,0,0,0,0,0,0,0,0,0,0,0,1,1,0,1,0,6,18,0.223,0.384,495,1,0
0,0,0,0,1,0,1,0,1,0,0,0,0,0,0,0,0,1,0,0,1,13,0.251,0.309,367,3,0
1,0,0,0,0,0,1,0,0,0,1,0,1,0,0,0,0,0,0,0,3,14,0.147,0.028,286,2,0
0,0,0,0,0,1,0,0,1,0,0,0,0,0,1,0,0,0,0,0,1,18,0.525,0.186,916,3,0
1,0,0,1,1,1,0,0,1,0,0,0,0,0,0,1,0,0,1,0,5,12,0.32,0.218,945,3,0
1,0,0,0,0,0,0,1,0,1,0,0,0,0,0,0,0,1,0,0,2,14,0.299,0.339,492,1,0
0,0,0,0,1,1,1,0,0,0,0,0,0,0,0,0,0,0,0,0,3,10,0.191,0.067,129,2,0
1,0,0,0,0,0,1,0,0,0,1,0,0,0,1,0,0,0,0,0,3,9,0.551,0.506,778,2,0
1,0,0,0,0,0,1,0,0,0,0,0,0,0,0,0,0,1,0,0,1,14,0.364,0.149,662,2,0
0,0,0,0,0,0,1,0,0,0,1,0,1,0,0,0,0,0,0,0,1,15,0.289,0.229,848,1,0
0,0,0,0,0,1,0,0,0,0,0,0,0,0,0,0,0,1,0,0,2,11,0.107,0.144,734,1,0
1,0,1,1,1,0,1,0,0,1,0,0,0,0,0,1,0,1,0,0,4,13,0.623,0.321,1751,4,1
1,0,0,1,1,0,1,1,1,0,1,1,0,0,1,0,1,1,0,0,5,19,0.61,0.775,2375,2,1
0,1,0,0,1,0,0,0,0,0,1,0,0,1,0,0,1,1,0,0,2,15,0.208,0.231,709,2,0
0,1,0,1,1,0,0,0,0,1,0,1,1,0,0,1,1,1,0,1,5,30,0.795,0.479,2025,3,1
0,0,0,0,1,0,0,0,0,0,0,0,0,0,1,0,0,0,0,0,4,18,0.281,0.24,962,3,0
0,0,0,0,1,0,1,0,0,1,0,0,0,1,0,0,0,0,1,0,4,14,0.209,0.128,616,2,0
0,0,0,0,0,0,0,0,0,1,0,0,0,0,1,1,0,0,0,0,1,15,0.57,0.301,660,1,0
0,0,0,0,0,0,0,0,0,0,0,0,0,0,1,1,0,0,0,0,4,20,0.098,0.535,818,3,0
1,1,0,0,1,0,0,0,1,0,0,1,0,0,1,1,0,0,1,0,3,14,0.445,0.135,702,2,0
1,0,1,0,1,1,0,0,0,0,0,0,0,0,0,1,0,0,0,0,1,14,0.232,0.111,672,3,0
0,1,0,0,0,0,1,0,0,1,1,0,1,0,1,0,0,0,1,1,2,13,0.229,0.22,588,1,0
1,1,0,0,1,1,1,0,1,1,1,0,1,1,0,1,0,1,1,1,3,28,0.506,0.419,1375,4,1
1,0,0,1,1,0,0,0,1,0,0,0,0,0,0,1,0,1,0,0,2,12,0.344,0.527,310,3,0
1,0,0,0,1,1,1,1,0,0,1,0,0,0,1,1,0,1,1,0,11,27,0.435,0.555,1510,3,1
1,0,0,1,1,0,0,0,0,0,0,1,0,0,0,0,1,0,0,0,3,12,0.494,0.139,765,3,0
1,0,0,0,1,0,0,0,1,0,1,1,0,0,0,1,0,0,0,0,1,17,0.246,0.44,845,1,0
0,1,0,0,0,1,0,1,1,0,0,0,0,0,1,0,1,0,0,0,5,15,0.405,0.427,736,1,0
1,0,0,0,0,0,0,0,0,1,0,0,0,0,0,0,0,1,0,0,3,6,0.128,0.312,770,1,0
0,1,0,0,0,0,0,1,0,0,1,0,0,0,0,1,1,1,0,1,2,13,0.343,0.327,806,2,0
1,0,1,1,1,1,0,1,0,1,1,0,1,1,0,0,1,0,1,0,1,20,0.931,0.955,736,3,1
0,0,0,0,1,1,0,0,1,1,0,0,0,0,0,1,0,0,0,0,3,12,0.467,0.193,217,1,0
1,0,0,1,1,0,1,0,0,0,0,1,0,0,1,1,1,1,0,0,5,25,0.75,0.681,897,2,1
0,1,0,0,1,0,0,0,1,0,1,0,0,0,0,0,1,0,0,0,5,11,0.224,0.269,924,1,0
1,0,1,1,0,1,0,0,0,1,1,0,0,0,1,1,1,1,0,0,2,21,0.965,0.557,2230,4,1
0,0,0,0,1,0,0,0,1,0,0,0,0,0,0,1,0,0,1,0,4,17,0.493,0.088,108,3,0
0,0,0,0,0,0,1,0,0,1,0,0,1,1,0,1,0,1,0,0,5,12,0.105,0.113,342,2,0
0,0,0,0,1,1,0,0,0,0,0,0,1,0,1,1,0,1,0,0,0,12,0.246,0.025,404,1,0
0,1,0,0,1,0,0,1,0,0,0,0,1,0,0,0,0,1,0,0,3,9,0.45,0.248,709,2,0
0,0,0,0,0,0,0,0,0,0,0,0,0,0,0,0,0,1,1,0,4,11,0.068,0.342,448,3,0
0,1,1,0,0,0,0,0,0,0,1,0,0,0,0,0,0,1,1,0,1,17,0.578,0.122,858,1,0
1,0,1,1,0,1,0,1,0,1,1,0,0,0,1,1,0,1,1,0,5,20,0.745,0.844,490,7,1
0,0,0,0,1,0,0,0,0,0,0,0,0,0,1,0,1,1,0,0,3,13,0.422,0.176,132,1,0
1,0,0,0,0,0,0,1,0,0,1,0,1,0,0,0,0,1,0,0,1,16,0.508,0.256,794,2,0
0,0,0,0,0,1,0,0,0,0,0,0,1,1,1,0,0,0,0,0,5,11,0.013,0.656,150,2,0
1,0,0,0,1,0,0,0,0,1,0,0,0,0,0,0,0,1,0,0,3,14,0.764,0.167,418,1,0
1,0,1,1,1,1,0,1,1,0,1,0,0,0,1,1,1,1,1,1,6,20,0.889,0.778,1887,5,1
0,0,0,0,0,0,0,1,0,0,1,1,0,0,1,1,0,0,0,0,5,12,0.168,0.3,462,2,0
1,1,0,0,1,0,0,0,0,0,0,0,0,0,0,0,0,1,0,0,3,9,0.026,0.422,596,1,0
1,0,0,1,1,1,1,1,0,0,0,1,0,0,0,0,1,1,0,0,6,20,0.705,0.241,794,7,1
0,1,0,0,0,1,0,1,0,1,1,1,1,0,1,0,0,1,0,1,3,21,0.48,0.815,1527,2,1
1,1,1,1,1,0,0,0,0,0,1,1,0,1,1,1,1,1,1,0,4,22,0.725,0.646,2145,6,1
0,0,0,0,0,1,0,1,0,0,1,0,0,0,0,0,0,0,0,0,2,15,0.159,0.319,785,3,0
1,1,1,1,0,1,1,1,0,0,1,0,0,1,0,0,1,0,0,0,4,24,0.521,0.215,663,4,1
0,1,1,0,1,1,0,0,1,1,1,1,0,1,1,0,0,0,1,1,9,21,0.856,0.772,1776,6,1
0,0,0,0,0,0,0,0,1,1,0,1,0,0,0,0,0,0,1,0,3,13,0.339,0.446,564,2,0
0,1,0,0,0,0,0,0,0,0,0,0,0,0,1,0,0,0,1,0,1,12,0.069,0.215,809,1,0
0,1,0,1,1,0,0,1,0,1,0,0,0,1,1,1,1,0,1,0,6,26,0.852,0.682,1174,5,1
0,1,0,0,1,0,1,0,0,1,0,1,0,0,1,1,1,1,0,0,3,28,0.563,0.664,1367,7,1
0,0,0,0,0,0,0,1,0,0,1,0,1,0,0,1,0,0,1,0,3,16,0.232,0.359,949,1,0
0,0,0,1,0,0,0,0,0,0,0,1,0,0,1,0,0,0,0,0,4,9,0.407,0.526,625,3,0
1,0,1,0,1,1,0,0,0,0,1,0,0,0,1,1,1,1,1,0,3,21,0.842,0.636,2278,2,1
1,0,0,0,0,0,0,0,0,0,0,0,0,0,0,0,1,1,0,0,3,19,0.266,0.144,163,1,0
0,0,0,0,0,0,0,0,0,0,1,0,0,0,0,0,0,0,1,0,0,22,0.085,0.042,822,1,0
0,0,0,0,0,0,1,0,0,0,0,0,0,0,0,0,0,1,0,0,2,10,0.183,0.495,551,1,0
0,1,0,1,0,0,0,1,0,1,1,0,1,0,1,0,0,0,1,1,4,17,0.294,0.322,797,1,0
0,0,0,0,1,0,0,1,0,0,0,0,0,0,1,0,0,0,1,0,2,13,0.22,0.181,719,3,0
0,0,0,0,1,0,0,0,0,1,0,0,0,0,0,0,0,0,1,0,3,17,0.111,0.107,194,3,0
0,0,0,0,0,0,0,0,0,0,0,0,0,1,0,0,0,0,1,0,2,15,0.183,0.564,642,3,0
1,1,0,0,1,0,0,0,0,0,1,0,0,1,1,1,0,0,0,0,2,8,0.112,0.232,537,2,0
1,0,1,0,1,1,1,1,0,1,1,0,0,0,0,1,0,1,0,1,3,24,0.756,0.624,1546,4,1
0,0,0,0,1,0,0,0,0,0,0,0,0,0,0,0,0,0,1,0,3,11,0.136,0.176,689,1,0
1,0,0,1,0,1,0,1,0,0,1,1,0,0,1,0,1,1,0,1,5,17,0.736,0.379,696,7,1
1,1,0,1,1,0,0,1,0,1,0,1,0,1,0,0,0,0,1,0,10,15,0.575,0.895,829,4,1
0,1,0,0,0,0,1,0,0,0,0,0,0,0,1,0,0,0,0,0,3,18,0.163,0.189,418,3,0
0,0,0,0,1,0,0,0,0,0,0,1,0,0,0,1,0,0,1,0,4,15,0.112,0.069,578,2,0
0,1,1,0,0,0,1,1,1,1,1,0,1,0,1,0,1,1,0,0,8,16,0.727,0.511,779,7,1
1,0,0,1,1,0,0,0,1,0,1,0,0,0,0,0,0,0,1,0,2,7,0.379,0.421,525,1,0
0,0,0,0,0,1,0,1,1,0,1,0,0,1,0,0,0,0,0,0,0,11,0.539,0.312,946,3,0
0,0,0,0,1,0,0,0,0,1,1,0,1,0,1,0,0,1,0,0,3,9,0.201,0.27,639,3,0
1,1,1,1,0,0,0,0,0,1,0,0,0,0,0,0,0,1,1,0,4,18,0.746,0.503,555,4,1
0,0,0,0,0,0,0,0,0,0,0,0,0,0,1,1,0,1,0,0,4,15,0.278,0.345,575,3,0
0,0,0,0,0,0,0,0,0,0,1,0,0,0,0,0,0,0,0,0,1,17,0.447,0.108,214,2,0
1,0,0,0,0,0,1,0,0,0,0,0,0,0,0,0,0,1,0,0,2,9,0.101,0.5,297,2,0
1,0,0,0,1,1,0,0,0,0,1,0,0,0,0,1,0,1,1,1,2,19,0.584,0.453,469,3,0
1,0,0,0,0,1,0,0,0,0,0,1,0,1,0,0,0,0,0,0,3,15,0.145,0.124,355,3,0
1,0,0,0,1,1,0,0,0,0,1,0,0,0,0,0,1,0,0,0,1,8,0.532,0.2,84,1,0
1,1,0,0,0,0,0,0,0,0,1,0,0,0,1,0,0,1,0,0,4,5,0.048,0.295,571,2,0
0,0,0,0,1,1,0,0,0,0,0,0,0,0,0,1,1,0,0,0,2,13,0.347,0.225,842,1,0
0,0,0,1,1,0,0,0,0,1,1,0,1,0,0,0,0,1,0,0,4,20,0.455,0.148,900,2,0
0,0,1,0,0,0,0,1,0,0,0,0,1,0,0,0,1,1,0,0,5,25,0.632,0.335,874,4,1
1,0,0,0,1,0,1,0,0,1,0,1,0,0,1,0,0,0,0,0,8,14,0.108,0.272,627,3,0
0,0,0,0,1,0,0,0,0,0,0,0,0,0,1,0,0,0,0,0,3,18,0.017,0.217,452,1,0
1,1,0,0,0,0,1,0,1,0,0,0,0,0,1,1,0,1,0,0,2,18,0.325,0.142,546,2,0
0,1,0,0,0,1,0,1,0,0,0,0,0,0,1,1,1,0,0,0,2,6,0.091,0.247,134,1,0
1,1,0,0,0,0,1,0,0,1,0,0,0,0,1,0,0,0,0,0,3,6,0.137,0.068,510,1,0
0,0,0,0,0,0,0,0,0,0,0,0,0,0,1,1,1,0,0,0,4,10,0.501,0.516,451,2,0
1,1,1,1,1,1,0,1,0,0,0,1,1,0,0,1,0,1,1,1,6,19,0.665,0.745,391,4,1
1,0,0,0,0,0,0,0,0,0,0,1,0,0,0,0,0,0,0,0,4,10,0.213,0.308,427,1,0
0,0,0,0,1,0,1,0,0,0,0,0,1,0,0,0,0,0,0,0,3,9,0.135,0.681,837,3,0
0,0,1,0,0,0,0,0,0,1,0,0,0,1,0,0,0,1,0,0,2,9,0.465,0.523,238,2,0
0,0,1,1,1,1,1,1,1,1,1,1,0,0,1,0,0,1,0,0,0,21,0.836,0.868,329,4,1
0,0,0,0,1,1,0,1,0,1,0,1,0,0,1,1,0,1,1,0,4,18,0.201,0.181,164,3,0
0,1,0,1,1,0,0,0,0,1,0,0,0,0,1,0,0,0,1,1,1,8,0.073,0.436,671,1,0
0,0,0,0,1,0,0,0,0,0,0,0,0,0,0,1,0,1,0,0,2,13,0.099,0.609,548,3,0
1,0,0,0,0,0,0,0,0,0,0,0,0,0,1,0,0,1,0,0,8,9,0.372,0.201,352,1,0
1,0,1,1,1,1,1,1,1,0,1,1,0,0,1,1,0,1,0,0,10,22,0.945,0.337,886,6,1
1,1,0,1,1,0,0,1,0,0,1,0,0,0,0,0,0,0,0,0,4,14,0.194,0.251,464,2,0
0,1,0,0,0,0,0,0,0,0,0,1,1,0,0,0,0,0,0,0,2,7,0.302,0.056,469,2,0
0,0,1,0,0,0,0,0,0,1,0,1,0,0,0,1,0,0,1,1,2,9,0.186,0.094,553,1,0
1,0,0,0,0,0,0,0,0,0,0,0,0,0,1,0,0,0,0,0,3,11,0.187,0.252,970,1,0
1,0,0,1,1,0,0,1,0,1,1,1,0,0,1,1,1,1,1,0,3,22,0.371,0.668,155,3,1
0,1,0,0,1,0,0,0,0,0,1,0,0,0,0,1,0,1,0,0,3,13,0.155,0.238,498,3,0
1,0,0,0,0,0,0,0,0,0,1,0,0,0,1,0,0,0,0,0,3,18,0.109,0.533,189,1,0
0,1,0,0,1,0,0,0,0,0,0,0,0,0,0,1,1,0,0,0,2,12,0.127,0.138,258,2,0
1,0,0,0,1,0,0,1,0,1,0,0,0,0,0,0,0,0,0,0,2,8,0.244,0.173,353,1,0
1,0,1,1,0,0,0,1,0,1,0,1,0,0,1,0,0,1,0,0,5,19,0.789,0.658,1241,2,1
1,1,0,0,1,0,0,0,0,0,0,0,0,1,1,0,0,0,0,0,3,13,0.197,0.295,805,2,0
1,1,0,1,1,0,0,0,1,0,1,0,0,0,1,0,1,0,0,0,4,14,0.246,0.241,100,2,0
1,1,0,0,0,0,1,0,0,0,0,0,0,0,0,1,1,1,0,0,4,15,0.527,0.325,190,3,0
0,1,0,0,0,1,1,0,0,1,0,1,0,1,1,0,0,1,0,0,6,11,0.26,0.274,262,1,0
0,0,0,1,1,1,0,1,0,0,0,0,0,0,0,0,0,0,0,1,8,20,0.292,0.29,482,3,0
1,0,1,1,1,1,1,1,1,0,0,1,0,0,1,1,0,1,0,0,3,24,0.849,0.775,2076,3,1
0,0,0,0,0,0,1,0,0,0,0,0,0,0,1,0,0,0,0,0,1,14,0.252,0.207,541,3,0
0,0,0,1,0,0,0,1,0,0,1,1,1,0,0,0,0,1,0,0,5,15,0.06,0.165,382,2,0
1,1,0,1,1,0,0,0,1,1,0,0,0,1,1,1,1,1,1,1,6,16,0.771,0.749,512,5,1
1,1,1,1,1,0,1,0,0,0,0,1,0,1,1,0,1,1,0,0,12,22,0.549,0.556,1263,2,1
0,0,0,0,1,0,1,0,0,1,0,1,1,0,0,1,0,1,1,1,6,19,0.326,0.512,734,3,1
0,0,1,1,1,0,0,1,1,0,0,0,1,0,0,0,0,0,1,0,3,14,0.09,0.112,298,1,0
0,0,0,0,0,0,0,1,0,0,1,0,0,0,1,0,0,1,0,0,1,10,0.209,0.261,332,3,0
1,1,0,0,0,1,1,1,0,0,0,1,0,0,1,0,1,1,1,0,0,26,0.697,0.849,1065,2,1
0,0,0,1,1,0,0,0,0,0,0,0,0,0,1,0,0,1,0,0,4,11,0.215,0.035,172,3,0
0,0,0,1,0,0,0,0,0,0,0,1,0,0,0,0,0,0,1,1,8,10,0.502,0.104,842,1,0
0,0,0,0,1,1,0,1,0,0,1,0,1,1,1,1,1,1,0,0,8,21,0.612,0.595,546,6,1
1,1,1,1,1,0,1,0,0,0,0,1,1,0,1,0,0,1,0,0,0,9,0.474,0.324,309,3,0
1,1,0,1,1,0,1,1,0,0,1,1,0,1,0,0,0,1,1,0,6,25,0.683,0.572,569,2,1
1,0,1,1,0,0,0,1,1,1,0,1,1,0,0,0,0,1,1,0,8,23,0.398,0.719,632,4,1
1,0,1,0,0,0,0,0,1,0,1,1,0,1,0,0,1,0,0,0,3,10,0.655,0.058,377,2,0
0,0,0,0,0,0,0,0,0,1,1,0,0,0,0,0,0,0,0,0,3,13,0.119,0.115,729,2,0
1,0,0,1,0,0,1,0,0,0,1,1,1,0,1,1,0,0,0,0,2,13,0.155,0.246,182,2,0
0,1,0,0,1,0,0,0,0,0,0,0,0,0,0,1,0,1,1,0,2,11,0.459,0.594,269,1,0
1,1,1,1,0,0,0,1,0,0,1,0,0,0,1,1,0,1,0,1,7,31,0.899,0.578,988,7,1
0,1,1,0,0,0,0,0,0,0,0,1,0,0,1,0,0,0,1,0,3,11,0.207,0.29,221,1,0
0,0,0,0,1,1,1,0,0,0,0,0,0,0,0,0,0,0,1,0,3,12,0.298,0.238,310,3,0
0,0,0,0,0,0,0,0,0,1,1,1,0,0,0,0,0,1,0,0,3,14,0.467,0.232,344,2,0
0,0,0,0,0,0,1,0,0,0,0,0,0,0,1,1,0,0,0,0,2,13,0.126,0.173,441,2,0
0,1,0,0,0,0,1,0,0,1,1,0,0,0,1,1,0,0,0,0,2,12,0.39,0.331,418,1,0
1,0,0,1,1,0,0,1,0,1,0,0,1,0,0,0,0,0,0,1,7,29,0.76,0.813,1003,7,1
1,0,0,0,1,1,0,0,0,1,0,0,0,0,0,1,0,0,0,0,2,20,0.571,0.479,238,3,0
1,1,1,1,1,1,0,0,0,0,0,0,0,0,1,0,1,1,0,0,7,22,0.619,0.283,1110,6,1
0,0,0,0,0,1,0,0,0,0,0,0,0,0,0,0,0,1,0,0,1,12,0.205,0.279,978,2,0
1,1,0,1,0,1,1,0,1,0,0,1,1,0,1,0,1,0,1,0,9,28,0.693,0.561,1448,4,1
0,1,0,0,1,1,1,0,0,0,0,0,0,0,0,0,0,0,0,0,3,15,0.242,0.147,558,3,0
0,1,0,0,0,1,0,0,0,0,0,1,0,0,1,0,1,0,0,0,4,13,0.121,0.101,474,3,0
0,0,0,1,1,1,0,0,0,0,0,1,0,0,0,0,0,0,0,1,3,8,0.48,0.085,532,2,0
0,0,0,0,1,0,0,0,0,0,1,0,1,0,0,0,0,1,0,0,3,16,0.047,0.552,944,3,0
0,0,0,1,1,1,0,0,0,0,0,1,0,0,0,1,0,1,0,0,4,15,0.563,0.624,445,3,0
1,0,1,0,1,1,1,0,0,1,0,0,0,0,0,0,0,0,0,1,1,30,0.643,0.886,2349,4,1
0,0,0,0,0,0,0,1,0,0,0,0,0,0,0,0,0,0,0,1,2,17,0.286,0.246,208,1,0
0,0,0,0,1,0,0,1,0,0,0,0,0,0,0,0,0,1,0,0,4,15,0.542,0.627,779,1,0
0,0,0,0,1,1,0,0,0,0,0,0,0,0,1,0,0,1,0,0,2,16,0.254,0.281,482,3,0
1,1,1,0,0,1,0,0,0,0,1,1,0,0,1,1,1,1,0,1,6,27,0.342,0.728,1354,4,1
0,0,0,0,0,0,0,0,0,0,0,0,0,0,0,0,0,0,1,0,2,9,0.19,0.208,347,3,0
0,0,1,0,0,0,1,1,1,1,0,0,0,0,1,0,0,0,0,0,7,14,0.191,0.371,153,2,0
1,0,0,0,1,0,0,0,0,0,1,0,0,0,0,0,0,0,0,0,2,12,0.283,0.174,916,3,0
1,0,0,1,0,0,0,0,0,1,0,1,0,1,0,0,1,0,0,0,3,11,0.556,0.371,839,2,0
1,0,1,1,1,1,0,1,1,0,1,0,1,0,1,1,0,1,1,0,5,14,0.579,0.696,253,3,1
0,0,0,0,1,0,0,0,0,1,1,1,0,0,1,1,0,0,0,0,3,16,0.597,0.302,920,2,0
1,0,0,0,1,1,0,1,0,0,1,0,0,1,0,1,1,1,1,0,7,19,0.719,0.595,300,2,1
1,0,0,0,1,1,1,0,0,0,0,0,0,0,1,0,1,0,0,0,3,7,0.172,0.275,225,2,0
0,0,0,0,0,0,0,0,0,0,0,0,0,0,0,1,0,0,0,0,5,7,0.292,0.039,491,1,0
0,0,0,0,1,0,0,0,0,1,1,0,0,0,0,0,0,0,0,1,3,15,0.347,0.225,840,3,0
0,0,0,0,0,0,0,0,0,0,0,0,0,0,1,0,1,0,0,0,5,12,0.44,0.345,702,1,0
0,0,1,0,1,0,0,0,0,0,0,1,1,0,1,0,0,0,0,1,1,14,0.581,0.371,641,3,0
1,0,0,1,1,1,0,1,0,0,1,0,1,1,0,1,1,1,0,0,7,22,0.732,0.904,1786,4,1
0,0,0,0,0,0,0,0,0,0,0,0,0,1,0,0,1,0,1,0,2,10,0.311,0.167,257,3,0
0,0,0,1,0,0,0,0,0,1,0,0,0,1,1,0,0,1,1,0,2,12,0.309,0.459,257,3,0
0,0,0,1,1,1,1,1,0,0,1,1,0,0,1,1,1,1,1,0,9,19,0.803,0.492,1080,4,1
0,1,0,1,0,0,0,0,0,0,0,0,0,0,0,1,0,0,1,0,3,14,0.309,0.476,492,3,0
1,0,0,1,0,0,1,0,0,0,0,0,0,0,0,0,0,0,0,0,2,19,0.201,0.203,783,1,0
1,0,0,0,0,0,0,1,0,0,0,0,0,0,0,1,0,0,1,0,5,11,0.253,0.107,549,1,0
1,1,1,1,1,0,1,0,0,1,1,1,0,0,1,1,1,1,0,0,5,16,0.647,0.761,2318,3,1
1,0,0,1,1,0,0,0,0,0,1,0,0,1,1,0,0,1,0,0,3,19,0.501,0.445,537,1,0
0,1,0,1,1,0,0,0,0,0,0,0,0,0,0,0,0,0,0,0,3,9,0.086,0.027,801,1,0
1,1,0,0,0,0,0,0,0,0,0,0,1,0,0,0,0,1,1,0,4,13,0.165,0.534,919,1,0
0,0,0,0,0,1,0,0,0,0,1,0,0,0,0,0,1,1,0,0,5,13,0.451,0.483,467,1,0
0,0,0,0,0,0,0,0,0,0,0,0,1,0,0,0,0,0,0,0,7,19,0.404,0.693,596,2,0
1,1,0,1,0,1,0,0,0,1,1,1,0,0,1,1,0,1,1,0,5,18,0.704,0.859,2246,4,1
0,0,0,0,1,1,0,0,0,0,0,0,1,0,0,0,1,1,0,0,1,4,0.264,0.523,190,3,0
1,1,0,0,1,0,1,0,1,1,0,1,0,0,1,1,1,1,0,0,5,25,0.511,0.727,624,4,1
0,0,1,0,0,0,0,0,0,0,0,1,0,0,1,1,0,0,1,0,3,13,0.42,0.573,691,2,0
0,0,1,1,1,1,1,1,0,1,1,1,1,0,1,1,0,0,1,1,9,20,0.701,0.249,498,3,1
0,0,0,0,0,0,0,1,0,0,0,0,1,0,0,0,0,1,0,0,2,8,0.575,0.662,881,3,0
0,0,0,1,0,0,0,0,0,0,1,0,0,0,0,0,0,0,0,0,2,10,0.306,0.334,124,2,0
0,0,0,0,0,1,0,1,0,0,1,0,1,0,0,0,0,0,0,0,0,11,0.107,0.175,492,3,0
1,0,0,0,0,1,0,0,0,0,1,0,0,0,0,0,0,1,0,0,2,15,0.212,0.309,119,2,0
0,0,0,0,1,1,0,0,0,1,0,0,0,0,0,0,0,0,0,0,1,18,0.247,0.417,405,3,0
0,1,0,0,1,0,0,0,0,0,0,0,0,0,0,0,0,0,0,0,4,8,0.074,0.261,907,3,0
1,0,1,0,0,0,0,1,0,1,1,0,0,0,1,0,1,1,1,0,7,23,0.58,0.406,386,4,1
0,0,0,0,0,1,0,1,0,0,0,0,0,0,0,0,0,0,0,1,3,10,0.16,0.097,365,3,0
0,0,0,0,1,0,0,0,0,0,1,0,0,0,0,0,1,0,0,0,1,8,0.293,0.294,744,1,0
0,0,0,0,1,1,0,0,1,0,0,0,0,0,0,0,0,0,1,0,1,12,0.464,0.553,727,3,0
1,0,0,0,0,0,0,1,0,0,0,0,0,0,0,0,0,0,0,0,2,15,0.461,0.217,191,1,0
1,1,1,1,0,0,1,0,0,1,0,0,1,0,0,1,1,1,0,0,9,35,0.675,0.693,1199,2,1
1,0,0,1,1,0,0,0,0,1,0,0,1,0,1,0,0,1,1,1,6,24,0.638,0.765,143,4,1
1,0,0,1,1,0,0,0,0,1,1,0,0,0,0,0,0,1,0,1,0,21,0.208,0.463,722,1,0
0,0,0,1,0,0,0,0,1,0,0,0,0,1,1,1,0,0,0,0,8,22,0.461,0.836,1497,5,1
1,0,0,0,0,1,0,0,0,1,0,0,1,0,0,0,0,0,1,0,3,10,0.305,0.287,768,2,0
0,0,1,0,0,0,1,0,0,0,1,0,0,0,0,0,0,0,0,0,2,16,0.187,0.421,672,1,0
0,1,1,0,0,0,1,0,0,0,0,0,0,0,0,1,1,0,0,0,2,12,0.166,0.216,546,3,0
0,0,0,0,1,0,1,0,0,0,0,1,0,0,0,0,1,0,0,0,3,15,0.508,0.372,526,2,0
0,0,0,0,1,1,1,1,0,1,1,0,0,1,0,1,1,0,0,0,6,20,0.97,0.54,1238,6,1
0,1,0,0,0,1,0,0,0,0,1,0,1,0,0,0,0,1,1,0,4,12,0.182,0.417,447,1,0
0,1,0,0,1,0,0,0,0,0,0,0,1,0,1,0,1,1,0,0,2,18,0.11,0.125,718,2,0
1,0,0,0,1,0,0,1,0,0,0,1,0,0,0,1,0,0,0,0,4,18,0.529,0.317,447,1,0
1,1,0,0,1,1,0,0,0,0,0,0,1,1,0,0,0,0,0,0,2,13,0.411,0.424,214,1,0
0,0,0,1,0,0,0,1,0,0,0,0,0,0,1,0,0,0,0,0,5,11,0.27,0.191,562,2,0
1,0,0,0,0,1,0,0,0,0,1,1,0,0,0,0,1,0,0,0,4,9,0.372,0.191,307,1,0
0,1,0,0,1,0,0,0,0,0,1,0,0,0,0,0,0,0,0,0,3,10,0.501,0.209,145,2,0
1,1,0,0,0,1,0,0,0,0,0,0,0,0,0,0,1,1,0,0,1,9,0.25,0.053,399,1,0
0,0,0,1,0,0,0,0,0,0,0,0,0,0,1,0,1,1,1,1,3,12,0.243,0.132,248,1,0
0,0,1,0,1,0,0,1,0,1,0,0,0,1,0,1,0,1,0,1,2,22,0.402,0.132,214,1,0
0,0,0,1,1,0,1,0,0,0,0,0,1,0,0,0,0,1,0,0,5,17,0.051,0.184,229,2,0
0,0,0,0,1,0,0,0,1,1,0,0,1,1,0,1,0,1,0,0,3,14,0.355,0.399,196,2,0
0,1,0,1,1,1,1,1,0,0,1,1,0,0,0,1,1,1,0,1,7,26,0.871,0.732,1991,2,1
0,0,1,1,1,0,0,1,1,0,1,0,0,0,1,0,0,1,1,0,8,20,0.394,0.488,2336,4,1
1,0,0,0,1,1,0,0,0,0,1,1,0,1,1,0,1,1,1,0,7,27,0.742,0.654,1070,6,1
1,0,0,0,0,0,0,0,0,0,1,1,0,0,0,0,0,1,0,0,5,15,0.379,0.32,682,1,0
0,0,0,0,0,0,0,0,0,0,0,0,0,0,1,1,0,0,1,0,4,9,0.197,0.385,822,3,0
1,1,0,1,1,0,0,0,0,1,1,0,1,1,0,0,0,1,0,0,1,16,0.404,0.243,408,3,0
1,0,0,1,1,1,0,0,0,0,0,0,0,0,1,0,0,1,0,1,0,14,0.26,0.599,349,2,0
1,1,0,0,0,0,0,0,0,1,0,0,0,0,0,1,0,1,1,0,5,12,0.19,0.07,487,1,0
1,0,0,0,1,0,0,0,0,0,0,0,1,0,1,0,0,0,0,0,0,11,0.614,0.48,504,3,0
1,0,0,0,0,1,0,0,0,0,0,0,0,0,0,0,0,0,0,0,4,7,0.1,0.529,414,2,0
1,1,0,0,1,1,1,1,1,0,1,0,0,1,1,1,0,1,0,0,8,19,0.596,0.413,1124,3,1
1,1,1,0,0,0,0,0,0,1,0,0,1,0,1,0,0,0,0,0,2,17,0.101,0.057,837,1,0
0,0,1,1,1,1,0,0,1,0,1,0,1,0,1,0,0,0,1,1,6,19,0.614,0.833,1877,3,1
0,1,1,0,1,1,0,1,0,1,0,0,0,0,1,1,0,1,0,1,7,21,0.881,0.518,2075,3,1
0,1,0,0,0,0,1,0,0,0,0,0,0,0,0,0,0,0,1,0,1,7,0.27,0.254,347,2,0
1,0,0,0,1,0,0,1,0,1,1,0,0,1,0,0,0,0,0,0,2,12,0.201,0.327,870,1,0
0,0,0,0,1,0,0,0,0,0,0,0,0,0,0,1,1,1,0,0,5,12,0.187,0.505,569,2,0
0,1,0,0,1,0,0,0,0,0,1,0,0,0,1,1,0,0,0,1,0,17,0.175,0.496,715,2,0
0,0,0,0,0,0,0,1,0,1,0,1,0,0,0,1,1,0,0,0,2,14,0.293,0.365,479,2,0
1,0,0,0,1,0,0,0,0,1,1,0,0,0,0,1,0,0,1,0,5,16,0.287,0.37,624,2,0
0,0,0,0,1,0,0,0,0,0,0,0,0,0,1,0,1,1,0,0,3,16,0.279,0.384,835,3,0
1,1,0,0,0,0,0,0,0,0,1,0,0,0,0,0,1,0,0,0,2,13,0.095,0.29,403,1,0
1,0,0,0,1,0,0,0,0,1,1,0,0,0,0,1,1,0,0,0,1,10,0.444,0.106,574,1,0
1,0,0,0,0,0,0,0,0,0,0,0,0,0,0,0,0,0,0,0,1,10,0.292,0.208,622,2,0
1,0,0,0,0,0,0,0,0,0,1,0,0,0,0,0,0,1,1,0,3,16,0.326,0.048,474,3,0
1,1,0,0,1,1,1,1,0,1,0,1,0,0,1,1,1,1,1,1,8,24,0.486,0.702,521,7,1
0,0,0,0,1,1,1,0,0,0,1,0,0,0,1,1,0,1,0,1,4,11,0.061,0.248,979,1,0
1,0,1,1,1,0,1,1,0,0,0,0,0,0,0,1,0,1,1,0,2,16,0.641,0.338,2125,2,1
1,1,1,1,1,1,1,1,0,1,0,0,0,0,1,0,1,1,1,1,4,23,0.642,0.739,530,7,1
1,0,0,0,1,1,0,0,0,0,0,0,0,0,1,0,0,1,0,0,6,11,0.205,0.424,631,2,0
1,0,1,0,0,0,0,0,0,0,0,0,0,0,0,1,1,0,1,0,2,14,0.123,0.222,101,2,0
1,0,0,1,1,0,0,0,0,0,0,0,1,0,1,0,0,0,1,0,4,3,0.656,0.293,194,1,0
1,0,0,0,0,0,0,0,0,0,0,0,1,0,1,0,0,0,0,0,1,10,0.299,0.331,159,3,0
0,0,0,0,0,0,0,0,0,0,1,0,0,0,1,0,0,1,0,1,0,19,0.057,0.305,748,2,0
0,0,0,0,0,1,0,1,0,0,0,0,0,0,1,0,0,0,0,0,2,16,0.348,0.387,947,1,0
1,0,1,1,0,0,1,1,1,1,0,0,1,0,1,1,1,1,0,0,5,25,0.785,0.443,813,2,1
0,0,0,0,0,0,0,1,0,1,1,0,0,0,0,0,1,0,1,0,2,12,0.322,0.367,337,2,0
1,1,1,0,1,1,0,0,1,0,1,1,1,0,0,1,1,1,1,1,3,26,0.348,0.333,2304,3,1
0,0,0,0,1,0,0,0,0,0,0,0,0,0,1,0,0,1,1,0,2,11,0.495,0.397,392,3,0
0,0,0,0,0,0,0,0,0,0,1,0,0,0,1,1,1,0,0,0,4,10,0.208,0.406,631,3,0
1,0,0,1,1,0,0,0,0,0,1,0,1,1,1,1,1,0,0,1,5,21,0.685,0.825,594,6,1
0,1,0,0,0,1,0,0,0,0,1,0,0,0,1,1,0,0,0,0,1,8,0.166,0.676,227,3,0
1,0,0,1,0,1,1,1,0,0,0,1,0,0,1,0,0,0,0,1,10,30,0.815,0.778,568,6,1
1,1,0,1,1,0,1,1,1,1,0,1,0,0,1,1,0,1,1,0,8,19,0.643,0.493,1530,2,1
1,0,0,0,1,0,0,1,0,0,0,0,0,0,0,0,0,1,0,0,3,15,0.429,0.34,708,1,0
0,1,0,0,1,1,0,1,0,1,1,0,0,0,1,1,0,1,1,0,6,21,0.764,0.271,142,6,1
0,0,0,0,0,0,0,0,0,0,1,0,0,0,1,0,0,0,1,0,4,14,0.308,0.406,212,2,0
1,0,0,1,1,0,1,0,0,1,1,1,0,1,0,1,1,1,0,0,8,23,0.841,0.517,2216,6,1
0,0,0,0,0,0,0,0,0,0,0,0,0,1,1,0,0,0,0,0,6,11,0.3,0.174,798,3,0
0,0,1,1,0,0,0,1,1,0,0,0,0,1,0,1,0,1,1,0,6,18,0.57,0.942,413,4,1
0,1,0,1,0,0,0,0,0,0,0,0,0,0,1,0,0,0,0,0,2,22,0.117,0.184,985,3,0
0,0,0,0,0,0,0,0,0,0,1,1,0,0,1,1,1,1,0,1,3,16,0.289,0.188,396,3,0
0,0,0,0,0,0,0,0,0,0,1,0,1,0,1,0,0,1,0,0,5,12,0.155,0.296,188,1,0
0,0,0,0,0,1,0,0,0,0,0,0,0,1,1,0,0,0,0,0,3,13,0.31,0.094,452,1,0
0,0,0,0,0,1,0,0,0,1,1,0,0,0,1,0,0,0,1,0,7,15,0.293,0.329,251,3,0
1,0,0,0,0,0,0,0,0,0,0,0,0,0,1,1,0,0,1,0,0,14,0.53,0.25,166,1,0
1,1,0,0,0,0,0,0,0,1,0,1,1,0,0,0,0,0,0,0,3,18,0.193,0.269,935,3,0
1,0,0,1,1,1,0,1,1,1,0,1,1,0,1,1,1,0,1,0,5,25,0.575,0.925,1050,5,1
1,0,1,0,1,0,1,1,0,1,0,0,1,0,0,1,1,1,1,0,7,23,0.553,0.86,283,3,1
0,1,1,0,0,0,0,0,0,0,0,0,0,0,0,0,0,0,0,0,1,13,0.251,0.179,820,3,0
1,0,0,0,0,0,0,0,0,0,1,0,0,0,0,0,0,0,0,0,2,12,0.236,0.081,452,2,0
0,0,0,1,1,0,0,0,0,0,0,0,0,1,0,0,0,0,0,0,2,11,0.344,0.207,411,3,0
1,0,1,1,0,1,0,1,1,1,0,1,0,0,0,0,1,1,0,1,5,16,0.575,0.784,533,7,1
0,0,0,0,0,0,0,1,0,0,1,0,0,0,0,0,0,1,0,0,2,11,0.368,0.396,573,2,0
1,0,0,0,0,1,1,0,0,1,0,1,0,0,0,0,0,1,0,0,5,13,0.089,0.223,611,3,0
1,0,0,0,1,1,0,1,0,1,0,1,0,0,1,0,1,1,1,0,6,20,0.909,0.759,2280,3,1
1,1,0,0,1,1,0,0,0,1,1,0,0,0,0,1,0,0,0,0,3,13,0.466,0.29,796,2,0
1,1,1,0,1,0,0,1,1,0,1,1,1,0,0,1,1,1,0,0,6,13,0.905,0.929,545,5,1
1,1,1,0,0,1,0,0,1,1,1,0,0,0,0,0,1,0,0,1,3,19,0.808,0.797,254,4,1
0,0,0,0,1,0,0,0,0,0,0,0,0,0,0,1,1,0,0,0,1,13,0.242,0.293,235,3,0
1,0,0,0,1,0,1,0,0,0,0,0,0,0,0,0,0,0,0,0,3,10,0.594,0.594,328,3,0
1,0,1,0,0,0,0,0,0,0,0,0,0,0,0,0,0,0,1,0,5,9,0.371,0.273,388,1,0
0,1,1,1,1,0,0,1,0,0,1,1,1,1,0,1,0,1,1,0,4,22,0.897,0.569,291,4,1
0,0,0,0,0,1,0,1,0,1,1,0,0,0,0,1,0,0,0,0,3,5,0.162,0.277,494,1,0
1,0,0,0,0,0,0,1,0,1,1,1,0,1,1,0,0,1,0,0,8,27,0.84,0.455,1632,7,1
0,0,1,0,1,0,0,1,0,0,1,0,0,1,0,0,0,1,1,0,6,25,0.52,0.49,367,1,0
1,1,1,1,1,1,0,1,0,0,1,1,0,0,1,1,1,0,1,0,5,22,0.772,0.579,1776,7,1
1,0,1,1,1,1,1,1,0,1,1,0,0,0,1,1,1,1,0,0,6,17,0.964,0.524,804,3,1
1,0,0,0,1,0,0,0,0,0,0,0,0,1,0,0,0,1,0,0,6,11,0.234,0.155,668,1,0
1,0,0,0,1,0,1,1,0,1,1,1,0,0,1,0,1,1,1,0,4,20,0.711,0.375,1546,5,1
0,0,1,0,1,0,0,0,0,1,0,0,0,0,0,0,0,0,1,0,2,11,0.282,0.169,109,1,0
0,1,1,0,1,0,0,0,0,1,0,0,0,0,1,1,1,0,0,0,3,13,0.529,0.155,918,2,0
1,0,0,0,1,1,1,0,0,0,1,0,0,1,0,0,0,0,0,0,4,5,0.015,0.08,246,1,0
0,1,0,0,1,0,0,0,0,0,0,0,0,0,1,0,0,1,0,0,3,12,0.313,0.332,185,2,0
1,0,1,1,1,1,0,1,1,1,1,0,1,0,1,0,1,1,0,0,7,18,0.441,0.649,930,6,1
1,0,1,0,0,0,0,0,0,0,0,0,0,0,1,0,0,0,0,1,2,8,0.294,0.178,908,2,0
1,0,0,1,1,0,0,0,0,1,1,1,0,0,1,0,0,1,0,0,5,19,0.798,0.761,722,5,1
1,1,0,0,0,0,0,0,1,1,0,0,0,0,1,1,0,1,0,0,3,16,0.17,0.191,709,1,0
0,0,0,1,1,0,1,0,0,0,0,1,0,0,0,0,0,0,0,0,9,10,0.138,0.033,485,1,0
0,1,0,0,0,0,0,0,0,0,1,0,0,0,0,0,0,1,0,0,4,8,0.353,0.298,430,1,0
0,1,0,0,0,1,0,0,1,0,0,0,0,0,0,0,1,0,0,1,4,16,0.471,0.137,948,3,0
0,0,0,0,1,0,0,0,0,0,0,0,0,0,0,0,0,1,1,0,5,12,0.288,0.154,572,1,0
0,0,0,0,0,0,0,0,0,0,1,0,0,0,0,0,0,0,0,1,6,9,0.289,0.181,742,1,0
0,0,0,0,0,0,0,0,0,0,0,1,0,0,0,0,0,0,1,0,3,12,0.412,0.044,696,3,0
1,0,1,0,1,0,1,1,1,1,1,1,0,0,1,1,0,0,0,0,3,23,0.509,0.865,463,7,1
0,0,0,0,0,0,1,0,0,0,1,0,0,0,1,0,0,0,0,0,3,14,0.353,0.172,432,3,0
1,1,0,0,0,0,0,0,0,0,0,0,0,0,1,0,0,0,0,0,6,11,0.424,0.114,716,1,0
0,0,0,0,0,1,0,1,0,0,0,1,1,0,0,0,0,0,0,0,0,10,0.329,0.166,838,3,0
0,0,0,0,1,0,0,0,0,1,0,1,0,1,0,0,0,0,0,0,1,20,0.28,0.195,757,1,0
0,1,0,1,1,0,0,0,0,1,0,0,0,0,1,1,0,1,0,0,2,25,0.261,0.263,782,3,0
0,1,1,1,0,1,0,0,1,1,1,0,0,0,1,0,0,1,1,0,5,16,0.872,0.982,248,4,1
1,0,0,0,1,0,0,0,0,1,1,0,1,0,0,1,1,1,0,1,8,28,0.476,0.733,1868,6,1
0,0,0,0,0,0,0,0,0,0,0,0,0,0,0,0,0,0,0,0,2,12,0.313,0.02,244,3,0
1,1,1,0,0,0,1,0,0,1,1,1,0,0,0,1,1,1,0,0,5,20,0.801,0.837,429,4,1
1,0,0,0,1,0,1,1,1,0,0,0,1,0,0,1,0,1,0,0,6,20,0.956,0.9,388,6,1
1,1,1,1,1,1,0,1,0,1,1,0,0,0,0,1,1,0,1,1,7,20,0.835,0.754,1624,7,1
1,1,0,0,0,0,0,1,0,0,0,0,1,1,1,0,1,1,1,0,5,27,0.973,0.478,494,7,1
1,0,0,1,0,0,1,0,0,0,1,1,0,1,0,0,0,0,1,1,1,8,0.066,0.341,345,1,0
0,0,1,1,1,1,1,1,0,0,0,0,0,0,0,0,0,0,1,0,3,17,0.585,0.296,716,1,0
1,0,0,0,0,0,1,1,0,0,1,0,0,0,1,0,1,1,0,0,4,11,0.288,0.586,417,1,0
0,1,0,0,0,0,0,0,0,0,0,1,1,0,1,0,0,1,0,0,5,17,0.098,0.277,152,1,0
0,0,1,1,1,1,1,1,0,1,1,1,1,0,0,1,1,1,0,1,5,25,0.253,0.253,187,4,1
0,0,1,0,0,1,0,0,0,1,0,0,0,1,1,1,0,1,0,0,1,13,0.164,0.463,510,3,0
1,1,0,1,1,0,1,0,0,0,0,0,0,0,0,0,0,0,0,0,4,11,0.402,0.41,615,2,0
0,1,0,0,0,1,1,0,0,1,1,0,1,1,0,1,0,0,0,0,4,14,0.433,0.279,985,1,0
1,0,0,1,0,0,0,0,1,1,0,1,0,0,0,1,0,1,1,0,3,15,0.034,0.067,924,2,0
0,0,1,1,1,1,1,1,0,0,1,1,0,0,1,1,0,1,1,0,6,24,0.713,0.563,2370,2,1
0,0,0,0,0,0,0,0,0,0,0,0,0,0,0,0,0,1,0,1,4,14,0.295,0.161,93,1,0
1,1,0,1,0,0,1,1,1,0,0,0,0,0,1,1,1,1,0,0,8,25,0.627,0.565,2231,5,1
0,0,0,0,1,0,0,0,0,1,0,0,1,0,0,1,0,0,1,0,2,16,0.239,0.606,297,3,0
1,1,0,0,0,0,0,0,0,0,0,0,0,0,0,0,1,1,0,0,4,11,0.189,0.177,417,3,0
0,0,1,1,0,1,0,0,0,0,1,0,0,0,0,1,1,1,1,0,11,24,0.824,0.826,1429,5,1
0,0,0,0,0,0,1,0,0,0,0,0,1,0,0,0,1,1,0,0,4,14,0.442,0.32,346,2,0
1,0,0,1,0,1,0,1,0,1,0,0,0,0,0,1,0,1,1,0,4,19,0.726,0.526,1445,2,1
0,0,0,1,1,0,0,1,0,0,0,1,0,0,1,1,0,0,0,0,2,23,0.679,0.784,319,6,1
0,0,0,0,1,0,0,0,0,0,1,0,0,0,0,0,0,0,0,0,4,13,0.675,0.449,973,1,0
0,1,1,1,0,0,0,0,0,1,1,1,1,0,0,1,1,1,0,1,6,20,0.758,0.911,832,7,1
1,1,1,0,0,1,1,0,0,1,1,1,0,0,1,1,0,1,0,1,11,24,0.635,0.866,327,4,1
1,0,0,1,1,1,1,1,0,1,0,1,0,0,1,1,1,1,1,1,9,25,0.807,0.787,1267,5,1
1,0,1,0,1,0,0,0,0,1,0,0,0,0,0,0,0,1,1,0,4,10,0.25,0.323,396,1,0
1,1,0,0,1,0,0,0,0,1,1,0,0,0,0,1,0,1,0,1,8,10,0.371,0.504,520,3,0
0,0,0,0,1,0,0,0,1,0,0,0,0,0,0,0,0,0,0,0,1,20,0.368,0.245,830,2,0
1,1,0,0,0,0,0,1,1,1,1,0,1,0,0,1,1,1,0,1,10,25,0.769,0.781,478,7,1
0,0,1,0,0,1,0,1,0,1,0,1,1,1,1,1,0,1,0,0,8,29,0.793,0.322,374,7,1
0,1,0,1,1,0,0,0,1,0,1,0,0,0,0,1,0,1,0,0,1,12,0.581,0.343,773,3,0
1,0,0,1,1,0,0,0,0,0,0,0,0,1,0,0,0,1,0,0,2,9,0.254,0.137,290,2,0
0,0,0,1,0,0,0,1,1,1,1,0,0,1,0,1,1,1,1,1,8,21,0.762,0.664,1646,5,1
0,1,1,0,1,1,0,0,0,1,0,0,1,0,0,0,1,0,0,1,10,25,0.961,0.648,1514,3,1
1,1,1,1,0,0,0,0,0,1,0,0,0,0,1,0,0,1,0,0,2,12,0.097,0.07,125,1,0
0,0,0,0,0,0,0,0,0,1,0,0,0,1,1,1,0,1,1,0,6,12,0.499,0.073,839,3,0
0,0,0,0,0,0,0,0,0,1,0,0,0,0,0,0,0,0,0,0,6,11,0.098,0.577,544,2,0
0,0,0,0,1,0,0,0,1,0,1,0,0,0,0,0,1,1,1,0,5,14,0.561,0.499,782,2,0
1,1,0,0,0,0,0,0,0,0,0,0,0,0,0,0,1,0,0,1,4,11,0.476,0.404,370,3,0
0,1,0,0,1,1,0,0,1,0,0,0,1,0,1,1,0,1,0,0,7,24,0.932,0.679,1987,4,1
1,1,1,1,1,0,1,1,0,0,0,1,0,0,0,1,0,1,1,1,14,17,0.779,0.596,757,6,1
1,0,1,1,1,0,0,1,0,0,1,0,0,0,1,1,1,1,1,0,9,15,0.522,0.598,1836,4,1
1,0,0,0,1,0,0,0,0,0,0,1,0,0,1,0,1,1,0,0,1,13,0.14,0.351,749,1,0
1,0,0,0,0,0,0,0,0,0,0,0,0,0,0,0,1,0,0,0,2,12,0.261,0.447,707,1,0
1,0,0,1,1,0,0,1,0,1,0,1,1,1,1,0,1,1,1,1,6,18,0.447,0.569,1491,4,1
1,0,0,0,1,0,0,0,0,0,1,0,0,0,0,0,1,0,0,0,3,10,0.388,0.181,575,3,0
0,1,1,0,0,1,0,0,0,1,0,0,0,1,0,0,0,0,1,0,2,14,0.252,0.354,334,2,0
0,0,1,0,1,0,0,0,0,0,0,0,0,0,0,1,0,0,0,0,5,15,0.439,0.181,578,3,0
1,1,0,1,1,1,0,0,0,1,0,0,0,0,0,1,1,0,0,0,7,23,0.888,0.793,2363,3,1
0,0,1,0,1,0,0,0,0,0,0,0,0,0,0,0,1,0,0,0,5,11,0.183,0.099,802,2,0
0,0,0,1,1,0,0,0,0,0,0,0,0,0,0,1,0,0,0,0,3,12,0.092,0.285,321,1,0
1,1,0,0,1,0,0,0,0,0,0,0,0,1,0,0,0,0,0,0,1,11,0.421,0.216,521,3,0
0,1,1,0,0,1,0,0,0,0,0,1,0,0,0,0,1,1,0,0,3,14,0.055,0.137,304,2,0
1,0,0,0,0,0,1,0,0,1,0,0,0,0,1,0,0,0,0,0,3,22,0.25,0.242,620,1,0
0,0,0,0,0,0,0,0,0,1,1,0,1,0,0,1,0,1,1,1,4,21,0.747,0.492,1725,3,1
0,0,0,0,0,0,0,0,0,0,1,0,0,0,0,0,0,0,0,0,2,7,0.106,0.514,877,2,0
0,0,0,0,0,0,0,1,1,0,0,0,0,0,1,0,1,0,0,0,4,15,0.199,0.086,650,1,0
1,1,0,1,1,0,1,0,0,1,0,1,0,0,1,1,0,0,0,0,1,21,0.569,0.642,236,3,0
0,1,0,0,0,0,0,0,0,0,0,1,0,1,0,1,0,1,1,0,2,14,0.68,0.281,380,2,0
1,1,0,1,0,1,1,0,0,0,1,0,0,0,1,1,1,1,0,0,5,23,0.585,0.6,2000,3,1
0,0,0,0,1,0,0,0,0,1,1,0,0,0,0,0,0,0,0,0,3,19,0.261,0.572,162,3,0
1,0,1,0,1,0,1,0,0,1,0,1,1,0,0,0,1,0,0,0,7,22,0.923,0.402,1004,6,1
0,0,0,0,0,1,0,0,1,1,1,0,0,0,1,1,1,0,0,0,5,15,0.18,0.271,700,2,0
1,0,0,0,1,1,0,0,0,0,1,0,0,1,0,0,0,0,0,0,3,12,0.228,0.262,679,1,0
1,0,0,0,0,0,1,0,1,1,0,0,0,0,1,1,1,1,0,0,2,15,0.472,0.068,928,2,0
1,0,0,1,1,1,1,1,0,1,1,0,1,0,0,0,0,1,1,1,11,21,0.682,0.647,1484,6,1
1,0,0,0,1,0,0,0,0,0,0,1,0,0,1,0,0,0,0,0,1,14,0.753,0.081,906,2,0
1,0,0,0,1,1,0,0,0,1,1,0,0,0,1,0,0,0,0,1,4,11,0.472,0.134,272,3,0
0,0,0,1,0,1,0,0,0,1,1,1,0,0,1,1,1,0,0,0,4,24,0.644,0.339,1995,3,1
1,1,0,0,0,0,0,0,0,0,1,0,0,0,0,0,0,0,0,0,3,11,0.215,0.147,462,3,0
1,0,1,0,1,1,0,1,0,1,1,0,0,0,0,1,0,0,0,1,7,24,0.579,0.68,2135,4,1
1,1,0,0,1,0,0,1,0,1,1,0,0,0,1,1,0,1,1,0,4,19,0.875,0.927,1879,3,1
1,0,1,0,0,0,1,0,0,0,0,0,0,0,1,0,1,0,0,0,5,13,0.681,0.324,322,1,0
1,0,0,0,0,0,0,0,0,1,0,1,0,0,0,0,0,0,0,0,7,11,0.44,0.173,998,2,0
1,0,1,1,1,1,0,0,0,1,1,1,1,0,0,0,0,1,0,1,7,12,0.824,0.863,1015,6,1
0,1,1,1,1,1,0,1,0,1,0,0,0,0,1,1,1,1,1,0,9,20,0.699,0.275,2366,4,1
0,0,0,0,0,0,1,0,0,0,0,1,0,0,0,0,0,0,0,0,1,13,0.182,0.539,312,2,0
0,0,1,0,1,0,1,0,0,0,0,0,1,0,0,1,1,1,0,0,7,21,0.582,0.974,2046,2,1
1,0,0,0,0,0,0,0,0,1,0,1,0,0,1,0,1,1,0,0,4,11,0.317,0.383,124,1,0
0,0,0,1,0,0,0,1,0,0,1,1,0,0,0,0,0,1,1,0,4,12,0.102,0.117,998,1,0
