owner,repo,vulnerable_hash,file_name,raw_url,patch_signif
authzed,spicedb,d002401b6b644edd24e8cc63d146d77e6df6a23a,internal/graph/check.go,https://github.com/authzed/spicedb/raw/15bba2e2d2a4bda336a37a7fe8ef8a35028cd970/internal%2Fgraph%2Fcheck.go,"['@@ -45,7 +45,9 @@']"
authzed,spicedb,d002401b6b644edd24e8cc63d146d77e6df6a23a,internal/graph/errors.go,https://github.com/authzed/spicedb/raw/15bba2e2d2a4bda336a37a7fe8ef8a35028cd970/internal%2Fgraph%2Ferrors.go,"['@@ -122,3 +122,15 @@']"
authzed,spicedb,d002401b6b644edd24e8cc63d146d77e6df6a23a,internal/graph/lookup.go,https://github.com/authzed/spicedb/raw/15bba2e2d2a4bda336a37a7fe8ef8a35028cd970/internal%2Fgraph%2Flookup.go,"['@@ -46,6 +47,10 @@', '@@ -115,9 +120,7 @@', '@@ -206,6 +209,46 @@']"
authzed,spicedb,d002401b6b644edd24e8cc63d146d77e6df6a23a,internal/membership/foundsubject.go,https://github.com/authzed/spicedb/raw/15bba2e2d2a4bda336a37a7fe8ef8a35028cd970/internal%2Fmembership%2Ffoundsubject.go,"['@@ -0,0 +1,142 @@']"
authzed,spicedb,d002401b6b644edd24e8cc63d146d77e6df6a23a,internal/membership/foundsubject_test.go,https://github.com/authzed/spicedb/raw/15bba2e2d2a4bda336a37a7fe8ef8a35028cd970/internal%2Fmembership%2Ffoundsubject_test.go,"['@@ -0,0 +1,62 @@']"
authzed,spicedb,d002401b6b644edd24e8cc63d146d77e6df6a23a,internal/membership/membership.go,https://github.com/authzed/spicedb/raw/15bba2e2d2a4bda336a37a7fe8ef8a35028cd970/internal%2Fmembership%2Fmembership.go,"['@@ -0,0 +1,140 @@']"
authzed,spicedb,d002401b6b644edd24e8cc63d146d77e6df6a23a,internal/membership/membership_test.go,https://github.com/authzed/spicedb/raw/15bba2e2d2a4bda336a37a7fe8ef8a35028cd970/internal%2Fmembership%2Fmembership_test.go,"['@@ -0,0 +1,383 @@']"
authzed,spicedb,d002401b6b644edd24e8cc63d146d77e6df6a23a,internal/membership/trackingsubjectset.go,https://github.com/authzed/spicedb/raw/15bba2e2d2a4bda336a37a7fe8ef8a35028cd970/internal%2Fmembership%2Ftrackingsubjectset.go,"['@@ -0,0 +1,185 @@']"
authzed,spicedb,d002401b6b644edd24e8cc63d146d77e6df6a23a,internal/membership/trackingsubjectset_test.go,https://github.com/authzed/spicedb/raw/15bba2e2d2a4bda336a37a7fe8ef8a35028cd970/internal%2Fmembership%2Ftrackingsubjectset_test.go,"['@@ -0,0 +1,342 @@']"
authzed,spicedb,d002401b6b644edd24e8cc63d146d77e6df6a23a,internal/services/consistency_test.go,https://github.com/authzed/spicedb/raw/15bba2e2d2a4bda336a37a7fe8ef8a35028cd970/internal%2Fservices%2Fconsistency_test.go,"['@@ -133,18 +133,36 @@', '@@ -241,12 +259,18 @@', '@@ -263,11 +287,18 @@', '@@ -325,20 +357,17 @@', '@@ -619,38 +649,76 @@']"
authzed,spicedb,d002401b6b644edd24e8cc63d146d77e6df6a23a,internal/services/v0/acl.go,https://github.com/authzed/spicedb/raw/15bba2e2d2a4bda336a37a7fe8ef8a35028cd970/internal%2Fservices%2Fv0%2Facl.go,"['@@ -433,6 +433,9 @@']"
authzed,spicedb,d002401b6b644edd24e8cc63d146d77e6df6a23a,internal/services/v0/acl_test.go,https://github.com/authzed/spicedb/raw/15bba2e2d2a4bda336a37a7fe8ef8a35028cd970/internal%2Fservices%2Fv0%2Facl_test.go,"['@@ -522,6 +522,13 @@', '@@ -643,7 +650,9 @@', '@@ -773,6 +782,12 @@']"
authzed,spicedb,d002401b6b644edd24e8cc63d146d77e6df6a23a,internal/services/v0/developer.go,https://github.com/authzed/spicedb/raw/15bba2e2d2a4bda336a37a7fe8ef8a35028cd970/internal%2Fservices%2Fv0%2Fdeveloper.go,"['@@ -482,6 +483,38 @@']"
authzed,spicedb,d002401b6b644edd24e8cc63d146d77e6df6a23a,internal/services/v0/developer_test.go,https://github.com/authzed/spicedb/raw/15bba2e2d2a4bda336a37a7fe8ef8a35028cd970/internal%2Fservices%2Fv0%2Fdeveloper_test.go,"['@@ -634,6 +634,59 @@']"
authzed,spicedb,d002401b6b644edd24e8cc63d146d77e6df6a23a,internal/services/v1/permissions_test.go,https://github.com/authzed/spicedb/raw/15bba2e2d2a4bda336a37a7fe8ef8a35028cd970/internal%2Fservices%2Fv1%2Fpermissions_test.go,"['@@ -228,6 +228,13 @@', '@@ -390,6 +397,12 @@']"
authzed,spicedb,d002401b6b644edd24e8cc63d146d77e6df6a23a,internal/services/v1/relationships.go,https://github.com/authzed/spicedb/raw/15bba2e2d2a4bda336a37a7fe8ef8a35028cd970/internal%2Fservices%2Fv1%2Frelationships.go,"['@@ -275,6 +275,9 @@']"
authzed,spicedb,d002401b6b644edd24e8cc63d146d77e6df6a23a,pkg/graph/tree.go,https://github.com/authzed/spicedb/raw/15bba2e2d2a4bda336a37a7fe8ef8a35028cd970/pkg%2Fgraph%2Ftree.go,"['@@ -1,81 +1,10 @@', '@@ -103,53 +32,17 @@']"
authzed,spicedb,d002401b6b644edd24e8cc63d146d77e6df6a23a,pkg/graph/tree_test.go,https://github.com/authzed/spicedb/raw/d002401b6b644edd24e8cc63d146d77e6df6a23a/pkg%2Fgraph%2Ftree_test.go,"['@@ -1,112 +0,0 @@']"
authzed,spicedb,d002401b6b644edd24e8cc63d146d77e6df6a23a,pkg/membership/membership.go,https://github.com/authzed/spicedb/raw/d002401b6b644edd24e8cc63d146d77e6df6a23a/pkg%2Fmembership%2Fmembership.go,"['@@ -1,238 +0,0 @@']"
authzed,spicedb,d002401b6b644edd24e8cc63d146d77e6df6a23a,pkg/membership/membership_test.go,https://github.com/authzed/spicedb/raw/d002401b6b644edd24e8cc63d146d77e6df6a23a/pkg%2Fmembership%2Fmembership_test.go,"['@@ -1,128 +0,0 @@']"
authzed,spicedb,d002401b6b644edd24e8cc63d146d77e6df6a23a,pkg/tuple/onrset.go,https://github.com/authzed/spicedb/raw/15bba2e2d2a4bda336a37a7fe8ef8a35028cd970/pkg%2Ftuple%2Fonrset.go,"['@@ -91,6 +91,18 @@']"
authzed,spicedb,d002401b6b644edd24e8cc63d146d77e6df6a23a,pkg/validationfile/fileformat.go,https://github.com/authzed/spicedb/raw/15bba2e2d2a4bda336a37a7fe8ef8a35028cd970/pkg%2Fvalidationfile%2Ffileformat.go,"['@@ -149,10 +149,20 @@', '@@ -170,17 +180,44 @@']"
authzed,spicedb,d002401b6b644edd24e8cc63d146d77e6df6a23a,pkg/validationfile/fileformat_test.go,https://github.com/authzed/spicedb/raw/15bba2e2d2a4bda336a37a7fe8ef8a35028cd970/pkg%2Fvalidationfile%2Ffileformat_test.go,"['@@ -65,18 +65,32 @@']"
graph-gophers,graphql-go,9d31459e3b5dee3cc34ff9733f9e8acbfe09242d,graphql_test.go,https://github.com/graph-gophers/graphql-go/raw/eae31ca73eb3473c544710955d1dbebc22605bfe/graphql_test.go,"['@@ -4297,3 +4297,32 @@']"
graph-gophers,graphql-go,9d31459e3b5dee3cc34ff9733f9e8acbfe09242d,internal/validation/validate_max_depth_test.go,https://github.com/graph-gophers/graphql-go/raw/eae31ca73eb3473c544710955d1dbebc22605bfe/internal%2Fvalidation%2Fvalidate_max_depth_test.go,"['@@ -43,12 +44,15 @@', '@@ -304,6 +309,64 @@']"
graph-gophers,graphql-go,9d31459e3b5dee3cc34ff9733f9e8acbfe09242d,internal/validation/validation.go,https://github.com/graph-gophers/graphql-go/raw/eae31ca73eb3473c544710955d1dbebc22605bfe/internal%2Fvalidation%2Fvalidation.go,"['@@ -235,13 +235,19 @@', '@@ -264,8 +271,15 @@']"
kubernetes,kubernetes,90f50488c7b1ab810dd98061d196568e61c47adb,staging/src/k8s.io/cli-runtime/pkg/printers/tableprinter.go,https://github.com/kubernetes/kubernetes/raw/dad0e937c0f76344363eb691b2668490ffef8537/staging%2Fsrc%2Fk8s.io%2Fcli-runtime%2Fpkg%2Fprinters%2Ftableprinter.go,[]
kubernetes,kubernetes,90f50488c7b1ab810dd98061d196568e61c47adb,staging/src/k8s.io/cli-runtime/pkg/printers/tableprinter_test.go,https://github.com/kubernetes/kubernetes/raw/dad0e937c0f76344363eb691b2668490ffef8537/staging%2Fsrc%2Fk8s.io%2Fcli-runtime%2Fpkg%2Fprinters%2Ftableprinter_test.go,"['@@ -769,6 +769,18 @@']"
kubernetes,kubernetes,90f50488c7b1ab810dd98061d196568e61c47adb,staging/src/k8s.io/cli-runtime/pkg/printers/terminal.go,https://github.com/kubernetes/kubernetes/raw/dad0e937c0f76344363eb691b2668490ffef8537/staging%2Fsrc%2Fk8s.io%2Fcli-runtime%2Fpkg%2Fprinters%2Fterminal.go,"['@@ -0,0 +1,39 @@']"
kubernetes,kubernetes,90f50488c7b1ab810dd98061d196568e61c47adb,staging/src/k8s.io/kubectl/pkg/cmd/events/event_printer.go,https://github.com/kubernetes/kubernetes/raw/dad0e937c0f76344363eb691b2668490ffef8537/staging%2Fsrc%2Fk8s.io%2Fkubectl%2Fpkg%2Fcmd%2Fevents%2Fevent_printer.go,[]
kubernetes,kubernetes,90f50488c7b1ab810dd98061d196568e61c47adb,staging/src/k8s.io/kubectl/pkg/cmd/events/event_printer_test.go,https://github.com/kubernetes/kubernetes/raw/dad0e937c0f76344363eb691b2668490ffef8537/staging%2Fsrc%2Fk8s.io%2Fkubectl%2Fpkg%2Fcmd%2Fevents%2Fevent_printer_test.go,"['@@ -208,6 +208,40 @@']"
kubernetes,kubernetes,90f50488c7b1ab810dd98061d196568e61c47adb,staging/src/k8s.io/kubectl/pkg/cmd/get/customcolumn.go,https://github.com/kubernetes/kubernetes/raw/dad0e937c0f76344363eb691b2668490ffef8537/staging%2Fsrc%2Fk8s.io%2Fkubectl%2Fpkg%2Fcmd%2Fget%2Fcustomcolumn.go,[]
kubernetes,kubernetes,90f50488c7b1ab810dd98061d196568e61c47adb,staging/src/k8s.io/kubectl/pkg/cmd/get/customcolumn_test.go,https://github.com/kubernetes/kubernetes/raw/dad0e937c0f76344363eb691b2668490ffef8537/staging%2Fsrc%2Fk8s.io%2Fkubectl%2Fpkg%2Fcmd%2Fget%2Fcustomcolumn_test.go,"['@@ -311,6 +311,22 @@']"
kubernetes,kubernetes,90f50488c7b1ab810dd98061d196568e61c47adb,staging/src/k8s.io/kubectl/pkg/describe/describe.go,https://github.com/kubernetes/kubernetes/raw/dad0e937c0f76344363eb691b2668490ffef8537/staging%2Fsrc%2Fk8s.io%2Fkubectl%2Fpkg%2Fdescribe%2Fdescribe.go,"['@@ -148,11 +149,13 @@']"
kubernetes,kubernetes,90f50488c7b1ab810dd98061d196568e61c47adb,staging/src/k8s.io/kubectl/pkg/describe/describe_test.go,https://github.com/kubernetes/kubernetes/raw/dad0e937c0f76344363eb691b2668490ffef8537/staging%2Fsrc%2Fk8s.io%2Fkubectl%2Fpkg%2Fdescribe%2Fdescribe_test.go,"['@@ -5507,3 +5507,22 @@']"
kataras,iris,25ad31be505a70189af6bb22804ad559d3dc6df6,context/context.go,https://github.com/kataras/iris/raw/e213dba0d32ff66653e0ef124bc5088817264b08/context%2Fcontext.go,"['@@ -2032,13 +2032,7 @@', '@@ -2100,13 +2094,9 @@']"
navidrome,navidrome,8c707b4e0ccfb5f05cea3c69a8ef51d0a63e15f1,model/criteria/criteria.go,https://github.com/navidrome/navidrome/raw/9e79b5cbf2a48c1e4344df00fea4ed3844ea965d/model%2Fcriteria%2Fcriteria.go,"['@@ -38,7 +38,11 @@']"
navidrome,navidrome,8c707b4e0ccfb5f05cea3c69a8ef51d0a63e15f1,scanner/tag_scanner.go,https://github.com/navidrome/navidrome/raw/9e79b5cbf2a48c1e4344df00fea4ed3844ea965d/scanner%2Ftag_scanner.go,[]
containerd,containerd,66fec3bbbf91520a1433faa16e99e5a314a61902,pkg/cri/opts/spec_linux.go,https://github.com/containerd/containerd/raw/a731039238c62be081eb8c31525b988415745eea/pkg%2Fcri%2Fopts%2Fspec_linux.go,"['@@ -242,6 +242,30 @@']"
containerd,containerd,66fec3bbbf91520a1433faa16e99e5a314a61902,pkg/cri/server/container_create_linux.go,https://github.com/containerd/containerd/raw/a731039238c62be081eb8c31525b988415745eea/pkg%2Fcri%2Fserver%2Fcontainer_create_linux.go,[]
dweomer,containerd,1650b138f713aa6962885ce431e627c6d875f3cf,pkg/cri/opts/spec_linux.go,https://github.com/dweomer/containerd/raw/f7f08f0e34fb97392b0d382e58916d6865100299/pkg%2Fcri%2Fopts%2Fspec_linux.go,"['@@ -225,30 +225,6 @@']"
dweomer,containerd,1650b138f713aa6962885ce431e627c6d875f3cf,pkg/cri/server/container_create_linux.go,https://github.com/dweomer/containerd/raw/f7f08f0e34fb97392b0d382e58916d6865100299/pkg%2Fcri%2Fserver%2Fcontainer_create_linux.go,[]
elastic,beats,6df850c259b98c00428527da5769f0a578ad91ac,packetbeat/protos/pgsql/parse.go,https://github.com/elastic/beats/raw/aeca65779d573976981587ca1d1461399e1b59dd/packetbeat%2Fprotos%2Fpgsql%2Fparse.go,"['@@ -377,6 +377,9 @@']"
kongchuanhujiao,server,ae4187b568c88fef812da3b4da0fa82fd44f55a1,internal/app/datahub/pkg/account/memory.go,https://github.com/kongchuanhujiao/ProvinceServer/raw/9a125624f219e496bdf4b07b404816d5a309bdc1/internal%2Fapp%2Fdatahub%2Fpkg%2Faccount%2Fmemory.go,"['@@ -1,15 +1,39 @@']"
kongchuanhujiao,server,ae4187b568c88fef812da3b4da0fa82fd44f55a1,internal/app/kongchuanhujiao/account/apis.go,https://github.com/kongchuanhujiao/ProvinceServer/raw/9a125624f219e496bdf4b07b404816d5a309bdc1/internal%2Fapp%2Fkongchuanhujiao%2Faccount%2Fapis.go,[]
kongchuanhujiao,server,ae4187b568c88fef812da3b4da0fa82fd44f55a1,internal/app/kongchuanhujiao/account/utils.go,https://github.com/kongchuanhujiao/ProvinceServer/raw/9a125624f219e496bdf4b07b404816d5a309bdc1/internal%2Fapp%2Fkongchuanhujiao%2Faccount%2Futils.go,"['@@ -2,10 +2,6 @@', '@@ -22,27 +18,14 @@']"
v2fly,v2ray-core,7b0699e8a5452522df5b875407412deef4c84960,proxy/vmess/encoding/commands.go,https://github.com/v2fly/v2ray-core/raw/c1af2bfd7aa59a4482aa7f6ec4b9208c1d350b5c/proxy%2Fvmess%2Fencoding%2Fcommands.go,[]
v2fly,v2ray-core,7b0699e8a5452522df5b875407412deef4c84960,proxy/vmess/encoding/commands_test.go,https://github.com/v2fly/v2ray-core/raw/c1af2bfd7aa59a4482aa7f6ec4b9208c1d350b5c/proxy%2Fvmess%2Fencoding%2Fcommands_test.go,"['@@ -35,3 +36,23 @@']"
gravitl,netmaker,5bf8cffd8a74863cca418d6186080f5440c8ad94,logic/jwts.go,https://github.com/gravitl/netmaker/raw/3d4f44ecfe8be4ca38920556ba3b90502ffb4fee/logic%2Fjwts.go,"['@@ -2,14 +2,29 @@', '@@ -19,6 +34,9 @@', '@@ -39,6 +57,9 @@']"
gravitl,netmaker,5bf8cffd8a74863cca418d6186080f5440c8ad94,logic/serverconf.go,https://github.com/gravitl/netmaker/raw/3d4f44ecfe8be4ca38920556ba3b90502ffb4fee/logic%2Fserverconf.go,"['@@ -43,3 +43,32 @@']"
gravitl,netmaker,5bf8cffd8a74863cca418d6186080f5440c8ad94,main.go,https://github.com/gravitl/netmaker/raw/3d4f44ecfe8be4ca38920556ba3b90502ffb4fee/main.go,[]
gravitl,netmaker,44688fe32ce8340914ba5a81f999b794a33b6712,logic/jwts.go,https://github.com/gravitl/netmaker/raw/e9bce264719f88c30e252ecc754d08f422f4c080/logic%2Fjwts.go,"['@@ -5,11 +5,29 @@']"
gravitl,netmaker,44688fe32ce8340914ba5a81f999b794a33b6712,logic/serverconf.go,https://github.com/gravitl/netmaker/raw/e9bce264719f88c30e252ecc754d08f422f4c080/logic%2Fserverconf.go,"['@@ -43,3 +43,32 @@']"
gravitl,netmaker,44688fe32ce8340914ba5a81f999b794a33b6712,logic/util.go,https://github.com/gravitl/netmaker/raw/e9bce264719f88c30e252ecc754d08f422f4c080/logic%2Futil.go,"['@@ -2,8 +2,10 @@', '@@ -289,6 +291,21 @@']"
gravitl,netmaker,44688fe32ce8340914ba5a81f999b794a33b6712,main.go,https://github.com/gravitl/netmaker/raw/e9bce264719f88c30e252ecc754d08f422f4c080/main.go,[]
docker,docker,662ca4114de579e53e670296615ceb49b8c32d75,daemon/daemon.go,https://github.com/moby/moby/raw/c9379eb3fbbc484c056f5a5e49d8d0b755a29c45/daemon%2Fdaemon.go,[]
docker,docker,662ca4114de579e53e670296615ceb49b8c32d75,daemon/daemon_unit_test.go,https://github.com/moby/moby/raw/c9379eb3fbbc484c056f5a5e49d8d0b755a29c45/daemon%2Fdaemon_unit_test.go,[]
docker,docker,662ca4114de579e53e670296615ceb49b8c32d75,daemon/start.go,https://github.com/moby/moby/raw/c9379eb3fbbc484c056f5a5e49d8d0b755a29c45/daemon%2Fstart.go,"['@@ -44,6 +44,9 @@']"
docker,docker,662ca4114de579e53e670296615ceb49b8c32d75,runconfig/config.go,https://github.com/moby/moby/raw/c9379eb3fbbc484c056f5a5e49d8d0b755a29c45/runconfig%2Fconfig.go,[]
docker,docker,662ca4114de579e53e670296615ceb49b8c32d75,runconfig/hostconfig.go,https://github.com/moby/moby/raw/c9379eb3fbbc484c056f5a5e49d8d0b755a29c45/runconfig%2Fhostconfig.go,[]
docker,docker,662ca4114de579e53e670296615ceb49b8c32d75,runconfig/parse.go,https://github.com/moby/moby/raw/c9379eb3fbbc484c056f5a5e49d8d0b755a29c45/runconfig%2Fparse.go,[]
deislabs,oras,200d032e6ec090d805709144fc740919d780f6d2,pkg/content/utils.go,https://github.com/oras-project/oras/raw/96cd90423303f1bb42bd043cb4c36085e6e91e8e/pkg%2Fcontent%2Futils.go,"['@@ -101,15 +101,24 @@', '@@ -132,6 +141,34 @@']"
deislabs,oras,200d032e6ec090d805709144fc740919d780f6d2,pkg/oras/oras_test.go,https://github.com/oras-project/oras/raw/96cd90423303f1bb42bd043cb4c36085e6e91e8e/pkg%2Foras%2Foras_test.go,"['@@ -1,8 +1,13 @@', '@@ -313,6 +319,129 @@']"
grafana,grafana,e5414f44aa2728cce0dbbc7698fddb514fa8193a,pkg/api/avatar/avatar.go,https://github.com/grafana/grafana/raw/ba953be95f0302c2ea80d23f1e5f2c1847365192/pkg%2Fapi%2Favatar%2Favatar.go,"['@@ -73,9 +73,15 @@']"
nats-io,nats-server,c0b574faf3b950121a465381b501fb7e1a5a5584,server/accounts.go,https://github.com/nats-io/nats-server/raw/9ff8bcde2e46009e98bd9e88f598af355f62c168/server%2Faccounts.go,[]
nats-io,nats-server,c0b574faf3b950121a465381b501fb7e1a5a5584,server/jwt_test.go,https://github.com/nats-io/nats-server/raw/9ff8bcde2e46009e98bd9e88f598af355f62c168/server%2Fjwt_test.go,[]
nats-io,nats-server,c0b574faf3b950121a465381b501fb7e1a5a5584,server/server.go,https://github.com/nats-io/nats-server/raw/9ff8bcde2e46009e98bd9e88f598af355f62c168/server%2Fserver.go,"['@@ -1083,6 +1083,9 @@']"
nats-io,nats-server,c0b574faf3b950121a465381b501fb7e1a5a5584,test/operator_test.go,https://github.com/nats-io/nats-server/raw/9ff8bcde2e46009e98bd9e88f598af355f62c168/test%2Foperator_test.go,"['@@ -155,7 +155,15 @@', '@@ -165,16 +173,18 @@', '@@ -215,11 +225,15 @@']"
nats-io,nats-server,c0b574faf3b950121a465381b501fb7e1a5a5584,vendor/github.com/nats-io/jwt/account_claims.go,https://github.com/nats-io/nats-server/raw/9ff8bcde2e46009e98bd9e88f598af355f62c168/vendor%2Fgithub.com%2Fnats-io%2Fjwt%2Faccount_claims.go,"['@@ -209,14 +210,23 @@']"
nats-io,nats-server,c0b574faf3b950121a465381b501fb7e1a5a5584,vendor/github.com/nats-io/jwt/creds_utils.go,https://github.com/nats-io/nats-server/raw/9ff8bcde2e46009e98bd9e88f598af355f62c168/vendor%2Fgithub.com%2Fnats-io%2Fjwt%2Fcreds_utils.go,[]
nats-io,nats-server,c0b574faf3b950121a465381b501fb7e1a5a5584,vendor/github.com/nats-io/jwt/exports.go,https://github.com/nats-io/nats-server/raw/9ff8bcde2e46009e98bd9e88f598af355f62c168/vendor%2Fgithub.com%2Fnats-io%2Fjwt%2Fexports.go,"['@@ -108,6 +108,10 @@', '@@ -199,6 +203,10 @@']"
nats-io,nats-server,c0b574faf3b950121a465381b501fb7e1a5a5584,vendor/github.com/nats-io/jwt/header.go,https://github.com/nats-io/nats-server/raw/9ff8bcde2e46009e98bd9e88f598af355f62c168/vendor%2Fgithub.com%2Fnats-io%2Fjwt%2Fheader.go,[]
nats-io,nats-server,c0b574faf3b950121a465381b501fb7e1a5a5584,vendor/github.com/nats-io/jwt/imports.go,https://github.com/nats-io/nats-server/raw/9ff8bcde2e46009e98bd9e88f598af355f62c168/vendor%2Fgithub.com%2Fnats-io%2Fjwt%2Fimports.go,"['@@ -53,6 +53,10 @@', '@@ -123,6 +127,10 @@']"
nats-io,nats-server,c0b574faf3b950121a465381b501fb7e1a5a5584,vendor/github.com/nats-io/jwt/operator_claims.go,https://github.com/nats-io/nats-server/raw/9ff8bcde2e46009e98bd9e88f598af355f62c168/vendor%2Fgithub.com%2Fnats-io%2Fjwt%2Foperator_claims.go,"['@@ -40,6 +40,8 @@', '@@ -63,6 +65,12 @@']"
nats-io,nats-server,c0b574faf3b950121a465381b501fb7e1a5a5584,vendor/github.com/nats-io/jwt/revocation_list.go,https://github.com/nats-io/nats-server/raw/9ff8bcde2e46009e98bd9e88f598af355f62c168/vendor%2Fgithub.com%2Fnats-io%2Fjwt%2Frevocation_list.go,[]
nats-io,nats-server,c0b574faf3b950121a465381b501fb7e1a5a5584,vendor/github.com/nats-io/jwt/types.go,https://github.com/nats-io/nats-server/raw/9ff8bcde2e46009e98bd9e88f598af355f62c168/vendor%2Fgithub.com%2Fnats-io%2Fjwt%2Ftypes.go,"['@@ -241,8 +241,6 @@']"
nats-io,nats-server,c0b574faf3b950121a465381b501fb7e1a5a5584,vendor/github.com/nats-io/jwt/user_claims.go,https://github.com/nats-io/nats-server/raw/9ff8bcde2e46009e98bd9e88f598af355f62c168/vendor%2Fgithub.com%2Fnats-io%2Fjwt%2Fuser_claims.go,"['@@ -25,12 +25,14 @@', '@@ -97,3 +99,8 @@']"
datacharmer,dbdeployer,9fb4cd3dda124d20151cc69a7d64219386eb1ce9,common/version.go,https://github.com/datacharmer/dbdeployer/raw/548e256c1de2f99746e861454e7714ec6bc9bb10/common%2Fversion.go,[]
datacharmer,dbdeployer,9fb4cd3dda124d20151cc69a7d64219386eb1ce9,unpack/unpack.go,https://github.com/datacharmer/dbdeployer/raw/548e256c1de2f99746e861454e7714ec6bc9bb10/unpack%2Funpack.go,"['@@ -57,14 +57,16 @@', '@@ -163,10 +165,15 @@', '@@ -267,6 +274,27 @@', '@@ -280,6 +308,12 @@']"
go-gitea,gitea,3abb25166c5da155b8ce1f708268aabf9ad9c9d7,integrations/release_test.go,https://github.com/go-gitea/gitea/raw/4cb18601ff33dda5edb47d5b452cc8f2dc39dd67/integrations%2Frelease_test.go,[]
go-gitea,gitea,3abb25166c5da155b8ce1f708268aabf9ad9c9d7,routers/routes/routes.go,https://github.com/go-gitea/gitea/raw/4cb18601ff33dda5edb47d5b452cc8f2dc39dd67/routers%2Froutes%2Froutes.go,[]
go-gitea,gitea,e4a876cee122de9126d640293c14841bcd0da745,integrations/signout_test.go,https://github.com/go-gitea/gitea/raw/6f5656ab0ebec03fe63898208dabc802c4be46ab/integrations%2Fsignout_test.go,[]
go-gitea,gitea,e4a876cee122de9126d640293c14841bcd0da745,routers/routes/routes.go,https://github.com/go-gitea/gitea/raw/6f5656ab0ebec03fe63898208dabc802c4be46ab/routers%2Froutes%2Froutes.go,[]
go-gitea,gitea,4cb18601ff33dda5edb47d5b452cc8f2dc39dd67,modules/auth/admin.go,https://github.com/go-gitea/gitea/raw/ed664a9e1dae4d4660e60c981173bbc5102e69ea/modules%2Fauth%2Fadmin.go,"['@@ -47,3 +47,13 @@']"
go-gitea,gitea,4cb18601ff33dda5edb47d5b452cc8f2dc39dd67,routers/admin/admin.go,https://github.com/go-gitea/gitea/raw/ed664a9e1dae4d4660e60c981173bbc5102e69ea/routers%2Fadmin%2Fadmin.go,"['@@ -144,14 +144,28 @@', '@@ -189,15 +203,9 @@']"
go-gitea,gitea,4cb18601ff33dda5edb47d5b452cc8f2dc39dd67,routers/routes/routes.go,https://github.com/go-gitea/gitea/raw/ed664a9e1dae4d4660e60c981173bbc5102e69ea/routers%2Froutes%2Froutes.go,[]
kubernetes,kubernetes,6a92f1944446a0c8067839e60ac3f2eaefdef502,pkg/kubelet/server/server.go,https://github.com/kubernetes/kubernetes/raw/9802bfcec0580169cffce2a3d468689a407fa7dc/pkg%2Fkubelet%2Fserver%2Fserver.go,"['@@ -280,14 +282,32 @@', '@@ -297,7 +317,14 @@', '@@ -321,12 +348,14 @@', '@@ -335,13 +364,15 @@', '@@ -443,8 +480,10 @@', '@@ -493,6 +533,14 @@']"
kubernetes,kubernetes,6a92f1944446a0c8067839e60ac3f2eaefdef502,pkg/kubelet/server/server_test.go,https://github.com/kubernetes/kubernetes/raw/9802bfcec0580169cffce2a3d468689a407fa7dc/pkg%2Fkubelet%2Fserver%2Fserver_test.go,"['@@ -1471,6 +1471,58 @@']"
hashicorp,nomad,e5c7638e629e749ad6d7409c08c22862a7adb7f6,client/allocdir/alloc_dir.go,https://github.com/hashicorp/nomad/raw/1aa46c3796e924b72eb45a7f02dae32df0c1179c/client%2Fallocdir%2Falloc_dir.go,[]
hashicorp,nomad,e5c7638e629e749ad6d7409c08c22862a7adb7f6,client/allocdir/alloc_dir_test.go,https://github.com/hashicorp/nomad/raw/1aa46c3796e924b72eb45a7f02dae32df0c1179c/client%2Fallocdir%2Falloc_dir_test.go,"['@@ -331,28 +331,30 @@']"
hashicorp,nomad,e5c7638e629e749ad6d7409c08c22862a7adb7f6,helper/escapingfs/escapes.go,https://github.com/hashicorp/nomad/raw/1aa46c3796e924b72eb45a7f02dae32df0c1179c/helper%2Fescapingfs%2Fescapes.go,"['@@ -0,0 +1,99 @@']"
hashicorp,nomad,e5c7638e629e749ad6d7409c08c22862a7adb7f6,helper/escapingfs/escapes_test.go,https://github.com/hashicorp/nomad/raw/1aa46c3796e924b72eb45a7f02dae32df0c1179c/helper%2Fescapingfs%2Fescapes_test.go,"['@@ -0,0 +1,162 @@']"
hashicorp,nomad,e5c7638e629e749ad6d7409c08c22862a7adb7f6,nomad/structs/structs.go,https://github.com/hashicorp/nomad/raw/1aa46c3796e924b72eb45a7f02dae32df0c1179c/nomad%2Fstructs%2Fstructs.go,"['@@ -8012,31 +8012,6 @@']"
hashicorp,nomad,6445da9baf6de1c66233d07a0cc04ad752cb7656,client/allocdir/alloc_dir.go,https://github.com/hashicorp/nomad/raw/b3c0e6a7a53d624003698b48b6c59739552c3721/client%2Fallocdir%2Falloc_dir.go,[]
hashicorp,nomad,6445da9baf6de1c66233d07a0cc04ad752cb7656,client/allocdir/alloc_dir_test.go,https://github.com/hashicorp/nomad/raw/b3c0e6a7a53d624003698b48b6c59739552c3721/client%2Fallocdir%2Falloc_dir_test.go,"['@@ -332,28 +332,30 @@']"
hashicorp,nomad,6445da9baf6de1c66233d07a0cc04ad752cb7656,helper/escapingfs/escapes.go,https://github.com/hashicorp/nomad/raw/b3c0e6a7a53d624003698b48b6c59739552c3721/helper%2Fescapingfs%2Fescapes.go,"['@@ -0,0 +1,99 @@']"
hashicorp,nomad,6445da9baf6de1c66233d07a0cc04ad752cb7656,helper/escapingfs/escapes_test.go,https://github.com/hashicorp/nomad/raw/b3c0e6a7a53d624003698b48b6c59739552c3721/helper%2Fescapingfs%2Fescapes_test.go,"['@@ -0,0 +1,162 @@']"
hashicorp,nomad,6445da9baf6de1c66233d07a0cc04ad752cb7656,nomad/structs/structs.go,https://github.com/hashicorp/nomad/raw/b3c0e6a7a53d624003698b48b6c59739552c3721/nomad%2Fstructs%2Fstructs.go,"['@@ -8333,31 +8333,6 @@']"
hashicorp,nomad,1064431c480b1e44a31abc16c6208941365e91e8,client/allocdir/alloc_dir.go,https://github.com/hashicorp/nomad/raw/fcb3a5d016a3dfcc63efcdb567373735a0703279/client%2Fallocdir%2Falloc_dir.go,[]
hashicorp,nomad,1064431c480b1e44a31abc16c6208941365e91e8,client/allocdir/alloc_dir_test.go,https://github.com/hashicorp/nomad/raw/fcb3a5d016a3dfcc63efcdb567373735a0703279/client%2Fallocdir%2Falloc_dir_test.go,"['@@ -331,28 +331,30 @@']"
hashicorp,nomad,1064431c480b1e44a31abc16c6208941365e91e8,helper/escapingfs/escapes.go,https://github.com/hashicorp/nomad/raw/fcb3a5d016a3dfcc63efcdb567373735a0703279/helper%2Fescapingfs%2Fescapes.go,"['@@ -0,0 +1,99 @@']"
hashicorp,nomad,1064431c480b1e44a31abc16c6208941365e91e8,helper/escapingfs/escapes_test.go,https://github.com/hashicorp/nomad/raw/fcb3a5d016a3dfcc63efcdb567373735a0703279/helper%2Fescapingfs%2Fescapes_test.go,"['@@ -0,0 +1,162 @@']"
hashicorp,nomad,1064431c480b1e44a31abc16c6208941365e91e8,nomad/structs/structs.go,https://github.com/hashicorp/nomad/raw/fcb3a5d016a3dfcc63efcdb567373735a0703279/nomad%2Fstructs%2Fstructs.go,"['@@ -8168,31 +8168,6 @@']"
nats-io,nats-server,4f8931e27fc4e5c58d5942fcba28af7e75544ff0,server/accounts.go,https://github.com/nats-io/nats-server/raw/423b79440c80c863de9f4e20548504e6c5d5e403/server%2Faccounts.go,"['@@ -3577,6 +3577,15 @@', '@@ -3609,7 +3618,9 @@', '@@ -3631,6 +3642,8 @@', '@@ -3865,6 +3878,8 @@', '@@ -3882,6 +3897,8 @@']"
nats-io,nats-server,4f8931e27fc4e5c58d5942fcba28af7e75544ff0,server/jwt_test.go,https://github.com/nats-io/nats-server/raw/423b79440c80c863de9f4e20548504e6c5d5e403/server%2Fjwt_test.go,"['@@ -4829,6 +4829,140 @@']"
nats-io,nats-server,4f8931e27fc4e5c58d5942fcba28af7e75544ff0,vendor/github.com/klauspost/compress/s2/cpuid_amd64.go,https://github.com/nats-io/nats-server/raw/4f8931e27fc4e5c58d5942fcba28af7e75544ff0/vendor%2Fgithub.com%2Fklauspost%2Fcompress%2Fs2%2Fcpuid_amd64.go,"['@@ -1,1194 +0,0 @@']"
nats-io,nats-server,4f8931e27fc4e5c58d5942fcba28af7e75544ff0,vendor/github.com/klauspost/compress/s2/decode.go,https://github.com/nats-io/nats-server/raw/423b79440c80c863de9f4e20548504e6c5d5e403/vendor%2Fgithub.com%2Fklauspost%2Fcompress%2Fs2%2Fdecode.go,"['@@ -82,7 +82,12 @@', '@@ -95,13 +100,33 @@', '@@ -113,12 +138,32 @@']"
nats-io,nats-server,4f8931e27fc4e5c58d5942fcba28af7e75544ff0,vendor/github.com/klauspost/compress/s2/decode_asm.go,https://github.com/nats-io/nats-server/raw/423b79440c80c863de9f4e20548504e6c5d5e403/vendor%2Fgithub.com%2Fklauspost%2Fcompress%2Fs2%2Fdecode_asm.go,[]
nats-io,nats-server,4f8931e27fc4e5c58d5942fcba28af7e75544ff0,vendor/github.com/klauspost/compress/s2/decode_other.go,https://github.com/nats-io/nats-server/raw/423b79440c80c863de9f4e20548504e6c5d5e403/vendor%2Fgithub.com%2Fklauspost%2Fcompress%2Fs2%2Fdecode_other.go,"['@@ -21,6 +21,110 @@']"
nats-io,nats-server,4f8931e27fc4e5c58d5942fcba28af7e75544ff0,vendor/github.com/klauspost/compress/s2/encode_amd64.go,https://github.com/nats-io/nats-server/raw/423b79440c80c863de9f4e20548504e6c5d5e403/vendor%2Fgithub.com%2Fklauspost%2Fcompress%2Fs2%2Fencode_amd64.go,"['@@ -21,9 +21,12 @@', '@@ -36,6 +39,41 @@']"
nats-io,nats-server,4f8931e27fc4e5c58d5942fcba28af7e75544ff0,vendor/github.com/klauspost/compress/s2/encode_better.go,https://github.com/nats-io/nats-server/raw/423b79440c80c863de9f4e20548504e6c5d5e403/vendor%2Fgithub.com%2Fklauspost%2Fcompress%2Fs2%2Fencode_better.go,"['@@ -183,18 +184,22 @@']"
nats-io,nats-server,4f8931e27fc4e5c58d5942fcba28af7e75544ff0,vendor/github.com/klauspost/compress/s2/encode_go.go,https://github.com/nats-io/nats-server/raw/423b79440c80c863de9f4e20548504e6c5d5e403/vendor%2Fgithub.com%2Fklauspost%2Fcompress%2Fs2%2Fencode_go.go,"['@@ -20,6 +20,16 @@']"
nats-io,nats-server,4f8931e27fc4e5c58d5942fcba28af7e75544ff0,vendor/github.com/klauspost/compress/s2/encodeblock_amd64.go,https://github.com/nats-io/nats-server/raw/423b79440c80c863de9f4e20548504e6c5d5e403/vendor%2Fgithub.com%2Fklauspost%2Fcompress%2Fs2%2Fencodeblock_amd64.go,"['@@ -13,6 +13,13 @@', '@@ -34,6 +41,41 @@']"
nats-io,nats-server,4f8931e27fc4e5c58d5942fcba28af7e75544ff0,vendor/github.com/minio/highwayhash/highwayhashAVX2_amd64.go,https://github.com/nats-io/nats-server/raw/4f8931e27fc4e5c58d5942fcba28af7e75544ff0/vendor%2Fgithub.com%2Fminio%2Fhighwayhash%2FhighwayhashAVX2_amd64.go,"['@@ -1,68 +0,0 @@']"
nats-io,nats-server,4f8931e27fc4e5c58d5942fcba28af7e75544ff0,vendor/github.com/minio/highwayhash/highwayhash_amd64.go,https://github.com/nats-io/nats-server/raw/423b79440c80c863de9f4e20548504e6c5d5e403/vendor%2Fgithub.com%2Fminio%2Fhighwayhash%2Fhighwayhash_amd64.go,"['@@ -2,49 +2,66 @@']"
nats-io,nats-server,4f8931e27fc4e5c58d5942fcba28af7e75544ff0,vendor/github.com/minio/highwayhash/highwayhash_arm64.go,https://github.com/nats-io/nats-server/raw/423b79440c80c863de9f4e20548504e6c5d5e403/vendor%2Fgithub.com%2Fminio%2Fhighwayhash%2Fhighwayhash_arm64.go,"['@@ -13,11 +13,21 @@', '@@ -29,5 +39,9 @@']"
nats-io,nats-server,4f8931e27fc4e5c58d5942fcba28af7e75544ff0,vendor/github.com/minio/highwayhash/highwayhash_ppc64le.go,https://github.com/nats-io/nats-server/raw/423b79440c80c863de9f4e20548504e6c5d5e403/vendor%2Fgithub.com%2Fminio%2Fhighwayhash%2Fhighwayhash_ppc64le.go,[]
nats-io,nats-server,4f8931e27fc4e5c58d5942fcba28af7e75544ff0,vendor/github.com/minio/highwayhash/highwayhash_ref.go,https://github.com/nats-io/nats-server/raw/423b79440c80c863de9f4e20548504e6c5d5e403/vendor%2Fgithub.com%2Fminio%2Fhighwayhash%2Fhighwayhash_ref.go,"['@@ -2,9 +2,7 @@']"
nats-io,nats-server,4f8931e27fc4e5c58d5942fcba28af7e75544ff0,vendor/github.com/nats-io/jwt/v2/header.go,https://github.com/nats-io/nats-server/raw/423b79440c80c863de9f4e20548504e6c5d5e403/vendor%2Fgithub.com%2Fnats-io%2Fjwt%2Fv2%2Fheader.go,[]
nats-io,nats-server,4f8931e27fc4e5c58d5942fcba28af7e75544ff0,vendor/github.com/nats-io/jwt/v2/imports.go,https://github.com/nats-io/nats-server/raw/423b79440c80c863de9f4e20548504e6c5d5e403/vendor%2Fgithub.com%2Fnats-io%2Fjwt%2Fv2%2Fimports.go,"['@@ -68,7 +68,11 @@', '@@ -88,19 +92,28 @@']"
nats-io,nats-server,4f8931e27fc4e5c58d5942fcba28af7e75544ff0,vendor/github.com/nats-io/jwt/v2/signingkeys.go,https://github.com/nats-io/nats-server/raw/423b79440c80c863de9f4e20548504e6c5d5e403/vendor%2Fgithub.com%2Fnats-io%2Fjwt%2Fv2%2Fsigningkeys.go,"['@@ -110,10 +110,7 @@']"
nats-io,nats-server,4f8931e27fc4e5c58d5942fcba28af7e75544ff0,vendor/github.com/nats-io/nkeys/main.go,https://github.com/nats-io/nats-server/raw/423b79440c80c863de9f4e20548504e6c5d5e403/vendor%2Fgithub.com%2Fnats-io%2Fnkeys%2Fmain.go,[]
nats-io,nats-server,4f8931e27fc4e5c58d5942fcba28af7e75544ff0,vendor/golang.org/x/crypto/ed25519/ed25519.go,https://github.com/nats-io/nats-server/raw/423b79440c80c863de9f4e20548504e6c5d5e403/vendor%2Fgolang.org%2Fx%2Fcrypto%2Fed25519%2Fed25519.go,[]
nats-io,nats-server,4f8931e27fc4e5c58d5942fcba28af7e75544ff0,vendor/golang.org/x/crypto/ed25519/ed25519_go113.go,https://github.com/nats-io/nats-server/raw/423b79440c80c863de9f4e20548504e6c5d5e403/vendor%2Fgolang.org%2Fx%2Fcrypto%2Fed25519%2Fed25519_go113.go,[]
nats-io,nats-server,4f8931e27fc4e5c58d5942fcba28af7e75544ff0,vendor/golang.org/x/sys/cpu/cpu_arm64.go,https://github.com/nats-io/nats-server/raw/423b79440c80c863de9f4e20548504e6c5d5e403/vendor%2Fgolang.org%2Fx%2Fsys%2Fcpu%2Fcpu_arm64.go,"['@@ -39,31 +39,34 @@', '@@ -121,8 +124,6 @@', '@@ -144,8 +145,6 @@']"
nats-io,nats-server,4f8931e27fc4e5c58d5942fcba28af7e75544ff0,vendor/golang.org/x/sys/cpu/cpu_gc_arm64.go,https://github.com/nats-io/nats-server/raw/423b79440c80c863de9f4e20548504e6c5d5e403/vendor%2Fgolang.org%2Fx%2Fsys%2Fcpu%2Fcpu_gc_arm64.go,[]
nats-io,nats-server,4f8931e27fc4e5c58d5942fcba28af7e75544ff0,vendor/golang.org/x/sys/cpu/cpu_gc_s390x.go,https://github.com/nats-io/nats-server/raw/423b79440c80c863de9f4e20548504e6c5d5e403/vendor%2Fgolang.org%2Fx%2Fsys%2Fcpu%2Fcpu_gc_s390x.go,[]
nats-io,nats-server,4f8931e27fc4e5c58d5942fcba28af7e75544ff0,vendor/golang.org/x/sys/cpu/cpu_gc_x86.go,https://github.com/nats-io/nats-server/raw/423b79440c80c863de9f4e20548504e6c5d5e403/vendor%2Fgolang.org%2Fx%2Fsys%2Fcpu%2Fcpu_gc_x86.go,[]
nats-io,nats-server,4f8931e27fc4e5c58d5942fcba28af7e75544ff0,vendor/golang.org/x/sys/cpu/cpu_linux_s390x.go,https://github.com/nats-io/nats-server/raw/423b79440c80c863de9f4e20548504e6c5d5e403/vendor%2Fgolang.org%2Fx%2Fsys%2Fcpu%2Fcpu_linux_s390x.go,"['@@ -17,86 +17,7 @@', '@@ -116,44 +37,4 @@']"
nats-io,nats-server,4f8931e27fc4e5c58d5942fcba28af7e75544ff0,vendor/golang.org/x/sys/cpu/cpu_netbsd_arm64.go,https://github.com/nats-io/nats-server/raw/423b79440c80c863de9f4e20548504e6c5d5e403/vendor%2Fgolang.org%2Fx%2Fsys%2Fcpu%2Fcpu_netbsd_arm64.go,"['@@ -0,0 +1,173 @@']"
nats-io,nats-server,4f8931e27fc4e5c58d5942fcba28af7e75544ff0,vendor/golang.org/x/sys/cpu/cpu_other_arm64.go,https://github.com/nats-io/nats-server/raw/423b79440c80c863de9f4e20548504e6c5d5e403/vendor%2Fgolang.org%2Fx%2Fsys%2Fcpu%2Fcpu_other_arm64.go,[]
nats-io,nats-server,4f8931e27fc4e5c58d5942fcba28af7e75544ff0,vendor/golang.org/x/sys/cpu/cpu_other_mips64x.go,https://github.com/nats-io/nats-server/raw/423b79440c80c863de9f4e20548504e6c5d5e403/vendor%2Fgolang.org%2Fx%2Fsys%2Fcpu%2Fcpu_other_mips64x.go,"['@@ -0,0 +1,12 @@']"
nats-io,nats-server,4f8931e27fc4e5c58d5942fcba28af7e75544ff0,vendor/golang.org/x/sys/cpu/cpu_s390x.go,https://github.com/nats-io/nats-server/raw/423b79440c80c863de9f4e20548504e6c5d5e403/vendor%2Fgolang.org%2Fx%2Fsys%2Fcpu%2Fcpu_s390x.go,"['@@ -28,3 +28,145 @@']"
nats-io,nats-server,4f8931e27fc4e5c58d5942fcba28af7e75544ff0,vendor/golang.org/x/sys/cpu/cpu_zos.go,https://github.com/nats-io/nats-server/raw/423b79440c80c863de9f4e20548504e6c5d5e403/vendor%2Fgolang.org%2Fx%2Fsys%2Fcpu%2Fcpu_zos.go,"['@@ -0,0 +1,10 @@']"
nats-io,nats-server,4f8931e27fc4e5c58d5942fcba28af7e75544ff0,vendor/golang.org/x/sys/cpu/cpu_zos_s390x.go,https://github.com/nats-io/nats-server/raw/423b79440c80c863de9f4e20548504e6c5d5e403/vendor%2Fgolang.org%2Fx%2Fsys%2Fcpu%2Fcpu_zos_s390x.go,"['@@ -0,0 +1,25 @@']"
nats-io,nats-server,4f8931e27fc4e5c58d5942fcba28af7e75544ff0,vendor/golang.org/x/sys/cpu/syscall_aix_ppc64_gc.go,https://github.com/nats-io/nats-server/raw/423b79440c80c863de9f4e20548504e6c5d5e403/vendor%2Fgolang.org%2Fx%2Fsys%2Fcpu%2Fsyscall_aix_ppc64_gc.go,[]
nats-io,nats-server,4f8931e27fc4e5c58d5942fcba28af7e75544ff0,vendor/golang.org/x/sys/unix/endian_big.go,https://github.com/nats-io/nats-server/raw/423b79440c80c863de9f4e20548504e6c5d5e403/vendor%2Fgolang.org%2Fx%2Fsys%2Funix%2Fendian_big.go,[]
nats-io,nats-server,4f8931e27fc4e5c58d5942fcba28af7e75544ff0,vendor/golang.org/x/sys/unix/endian_little.go,https://github.com/nats-io/nats-server/raw/423b79440c80c863de9f4e20548504e6c5d5e403/vendor%2Fgolang.org%2Fx%2Fsys%2Funix%2Fendian_little.go,[]
nats-io,nats-server,4f8931e27fc4e5c58d5942fcba28af7e75544ff0,vendor/golang.org/x/sys/unix/fcntl_linux_32bit.go,https://github.com/nats-io/nats-server/raw/423b79440c80c863de9f4e20548504e6c5d5e403/vendor%2Fgolang.org%2Fx%2Fsys%2Funix%2Ffcntl_linux_32bit.go,[]
nats-io,nats-server,4f8931e27fc4e5c58d5942fcba28af7e75544ff0,vendor/golang.org/x/sys/unix/syscall.go,https://github.com/nats-io/nats-server/raw/423b79440c80c863de9f4e20548504e6c5d5e403/vendor%2Fgolang.org%2Fx%2Fsys%2Funix%2Fsyscall.go,"['@@ -24,7 +24,13 @@', '@@ -49,5 +55,40 @@']"
nats-io,nats-server,4f8931e27fc4e5c58d5942fcba28af7e75544ff0,vendor/golang.org/x/sys/unix/syscall_aix.go,https://github.com/nats-io/nats-server/raw/423b79440c80c863de9f4e20548504e6c5d5e403/vendor%2Fgolang.org%2Fx%2Fsys%2Funix%2Fsyscall_aix.go,"['@@ -19,6 +19,22 @@']"
nats-io,nats-server,4f8931e27fc4e5c58d5942fcba28af7e75544ff0,vendor/golang.org/x/sys/unix/syscall_bsd.go,https://github.com/nats-io/nats-server/raw/423b79440c80c863de9f4e20548504e6c5d5e403/vendor%2Fgolang.org%2Fx%2Fsys%2Funix%2Fsyscall_bsd.go,[]
nats-io,nats-server,4f8931e27fc4e5c58d5942fcba28af7e75544ff0,vendor/golang.org/x/sys/unix/syscall_darwin.go,https://github.com/nats-io/nats-server/raw/423b79440c80c863de9f4e20548504e6c5d5e403/vendor%2Fgolang.org%2Fx%2Fsys%2Funix%2Fsyscall_darwin.go,"['@@ -30,10 +31,40 @@', '@@ -257,6 +288,35 @@']"
nats-io,nats-server,4f8931e27fc4e5c58d5942fcba28af7e75544ff0,vendor/golang.org/x/sys/unix/syscall_darwin_386.go,https://github.com/nats-io/nats-server/raw/423b79440c80c863de9f4e20548504e6c5d5e403/vendor%2Fgolang.org%2Fx%2Fsys%2Funix%2Fsyscall_darwin_386.go,"['@@ -6,11 +6,7 @@']"
nats-io,nats-server,4f8931e27fc4e5c58d5942fcba28af7e75544ff0,vendor/golang.org/x/sys/unix/syscall_darwin_amd64.go,https://github.com/nats-io/nats-server/raw/423b79440c80c863de9f4e20548504e6c5d5e403/vendor%2Fgolang.org%2Fx%2Fsys%2Funix%2Fsyscall_darwin_amd64.go,"['@@ -6,11 +6,7 @@']"
nats-io,nats-server,4f8931e27fc4e5c58d5942fcba28af7e75544ff0,vendor/golang.org/x/sys/unix/syscall_darwin_arm.go,https://github.com/nats-io/nats-server/raw/423b79440c80c863de9f4e20548504e6c5d5e403/vendor%2Fgolang.org%2Fx%2Fsys%2Funix%2Fsyscall_darwin_arm.go,"['@@ -4,9 +4,7 @@']"
nats-io,nats-server,4f8931e27fc4e5c58d5942fcba28af7e75544ff0,vendor/golang.org/x/sys/unix/syscall_darwin_arm64.go,https://github.com/nats-io/nats-server/raw/423b79440c80c863de9f4e20548504e6c5d5e403/vendor%2Fgolang.org%2Fx%2Fsys%2Funix%2Fsyscall_darwin_arm64.go,"['@@ -6,13 +6,7 @@']"
nats-io,nats-server,4f8931e27fc4e5c58d5942fcba28af7e75544ff0,vendor/golang.org/x/sys/unix/syscall_dragonfly.go,https://github.com/nats-io/nats-server/raw/423b79440c80c863de9f4e20548504e6c5d5e403/vendor%2Fgolang.org%2Fx%2Fsys%2Funix%2Fsyscall_dragonfly.go,"['@@ -47,6 +47,10 @@', '@@ -101,6 +105,19 @@']"
nats-io,nats-server,4f8931e27fc4e5c58d5942fcba28af7e75544ff0,vendor/golang.org/x/sys/unix/syscall_freebsd.go,https://github.com/nats-io/nats-server/raw/423b79440c80c863de9f4e20548504e6c5d5e403/vendor%2Fgolang.org%2Fx%2Fsys%2Funix%2Fsyscall_freebsd.go,"['@@ -54,6 +54,10 @@']"
nats-io,nats-server,4f8931e27fc4e5c58d5942fcba28af7e75544ff0,vendor/golang.org/x/sys/unix/syscall_linux.go,https://github.com/nats-io/nats-server/raw/423b79440c80c863de9f4e20548504e6c5d5e403/vendor%2Fgolang.org%2Fx%2Fsys%2Funix%2Fsyscall_linux.go,"['@@ -106,15 +106,24 @@', '@@ -128,15 +137,22 @@']"
nats-io,nats-server,4f8931e27fc4e5c58d5942fcba28af7e75544ff0,vendor/golang.org/x/sys/unix/syscall_linux_386.go,https://github.com/nats-io/nats-server/raw/423b79440c80c863de9f4e20548504e6c5d5e403/vendor%2Fgolang.org%2Fx%2Fsys%2Funix%2Fsyscall_linux_386.go,"['@@ -2,9 +2,6 @@']"
nats-io,nats-server,4f8931e27fc4e5c58d5942fcba28af7e75544ff0,vendor/golang.org/x/sys/unix/syscall_linux_amd64_gc.go,https://github.com/nats-io/nats-server/raw/423b79440c80c863de9f4e20548504e6c5d5e403/vendor%2Fgolang.org%2Fx%2Fsys%2Funix%2Fsyscall_linux_amd64_gc.go,[]
nats-io,nats-server,4f8931e27fc4e5c58d5942fcba28af7e75544ff0,vendor/golang.org/x/sys/unix/syscall_linux_gc.go,https://github.com/nats-io/nats-server/raw/423b79440c80c863de9f4e20548504e6c5d5e403/vendor%2Fgolang.org%2Fx%2Fsys%2Funix%2Fsyscall_linux_gc.go,[]
nats-io,nats-server,4f8931e27fc4e5c58d5942fcba28af7e75544ff0,vendor/golang.org/x/sys/unix/syscall_linux_gc_386.go,https://github.com/nats-io/nats-server/raw/423b79440c80c863de9f4e20548504e6c5d5e403/vendor%2Fgolang.org%2Fx%2Fsys%2Funix%2Fsyscall_linux_gc_386.go,[]
nats-io,nats-server,4f8931e27fc4e5c58d5942fcba28af7e75544ff0,vendor/golang.org/x/sys/unix/syscall_linux_gc_arm.go,https://github.com/nats-io/nats-server/raw/423b79440c80c863de9f4e20548504e6c5d5e403/vendor%2Fgolang.org%2Fx%2Fsys%2Funix%2Fsyscall_linux_gc_arm.go,[]
nats-io,nats-server,4f8931e27fc4e5c58d5942fcba28af7e75544ff0,vendor/golang.org/x/sys/unix/syscall_netbsd.go,https://github.com/nats-io/nats-server/raw/423b79440c80c863de9f4e20548504e6c5d5e403/vendor%2Fgolang.org%2Fx%2Fsys%2Funix%2Fsyscall_netbsd.go,"['@@ -31,6 +31,10 @@']"
nats-io,nats-server,4f8931e27fc4e5c58d5942fcba28af7e75544ff0,vendor/golang.org/x/sys/unix/syscall_openbsd.go,https://github.com/nats-io/nats-server/raw/423b79440c80c863de9f4e20548504e6c5d5e403/vendor%2Fgolang.org%2Fx%2Fsys%2Funix%2Fsyscall_openbsd.go,"['@@ -31,6 +31,10 @@']"
nats-io,nats-server,4f8931e27fc4e5c58d5942fcba28af7e75544ff0,vendor/golang.org/x/sys/unix/syscall_solaris.go,https://github.com/nats-io/nats-server/raw/423b79440c80c863de9f4e20548504e6c5d5e403/vendor%2Fgolang.org%2Fx%2Fsys%2Funix%2Fsyscall_solaris.go,"['@@ -553,8 +554,10 @@']"
nats-io,nats-server,4f8931e27fc4e5c58d5942fcba28af7e75544ff0,vendor/golang.org/x/sys/unix/syscall_unix_gc.go,https://github.com/nats-io/nats-server/raw/423b79440c80c863de9f4e20548504e6c5d5e403/vendor%2Fgolang.org%2Fx%2Fsys%2Funix%2Fsyscall_unix_gc.go,[]
nats-io,nats-server,4f8931e27fc4e5c58d5942fcba28af7e75544ff0,vendor/golang.org/x/sys/unix/syscall_unix_gc_ppc64x.go,https://github.com/nats-io/nats-server/raw/423b79440c80c863de9f4e20548504e6c5d5e403/vendor%2Fgolang.org%2Fx%2Fsys%2Funix%2Fsyscall_unix_gc_ppc64x.go,[]
nats-io,nats-server,4f8931e27fc4e5c58d5942fcba28af7e75544ff0,vendor/golang.org/x/sys/unix/zerrors_darwin_386.go,https://github.com/nats-io/nats-server/raw/423b79440c80c863de9f4e20548504e6c5d5e403/vendor%2Fgolang.org%2Fx%2Fsys%2Funix%2Fzerrors_darwin_386.go,[]
nats-io,nats-server,4f8931e27fc4e5c58d5942fcba28af7e75544ff0,vendor/golang.org/x/sys/unix/zerrors_darwin_amd64.go,https://github.com/nats-io/nats-server/raw/423b79440c80c863de9f4e20548504e6c5d5e403/vendor%2Fgolang.org%2Fx%2Fsys%2Funix%2Fzerrors_darwin_amd64.go,[]
nats-io,nats-server,4f8931e27fc4e5c58d5942fcba28af7e75544ff0,vendor/golang.org/x/sys/unix/zerrors_darwin_arm.go,https://github.com/nats-io/nats-server/raw/423b79440c80c863de9f4e20548504e6c5d5e403/vendor%2Fgolang.org%2Fx%2Fsys%2Funix%2Fzerrors_darwin_arm.go,[]
nats-io,nats-server,4f8931e27fc4e5c58d5942fcba28af7e75544ff0,vendor/golang.org/x/sys/unix/zerrors_darwin_arm64.go,https://github.com/nats-io/nats-server/raw/423b79440c80c863de9f4e20548504e6c5d5e403/vendor%2Fgolang.org%2Fx%2Fsys%2Funix%2Fzerrors_darwin_arm64.go,[]
nats-io,nats-server,4f8931e27fc4e5c58d5942fcba28af7e75544ff0,vendor/golang.org/x/sys/unix/zerrors_dragonfly_amd64.go,https://github.com/nats-io/nats-server/raw/423b79440c80c863de9f4e20548504e6c5d5e403/vendor%2Fgolang.org%2Fx%2Fsys%2Funix%2Fzerrors_dragonfly_amd64.go,"['@@ -62,19 +62,23 @@', '@@ -156,6 +163,12 @@', '@@ -184,22 +198,33 @@', '@@ -209,6 +234,8 @@', '@@ -218,18 +245,28 @@', '@@ -242,25 +279,40 @@', '@@ -269,22 +321,51 @@', '@@ -795,16 +876,22 @@', '@@ -1080,12 +1167,10 @@', '@@ -1233,6 +1321,9 @@', '@@ -1259,6 +1350,8 @@', '@@ -1326,6 +1417,8 @@', '@@ -1350,9 +1443,12 @@', '@@ -1452,11 +1548,6 @@', '@@ -1600,12 +1691,7 @@']"
nats-io,nats-server,4f8931e27fc4e5c58d5942fcba28af7e75544ff0,vendor/golang.org/x/sys/unix/zerrors_linux.go,https://github.com/nats-io/nats-server/raw/423b79440c80c863de9f4e20548504e6c5d5e403/vendor%2Fgolang.org%2Fx%2Fsys%2Funix%2Fzerrors_linux.go,"['@@ -679,7 +680,10 @@', '@@ -1213,6 +1217,12 @@', '@@ -1508,6 +1518,92 @@', '@@ -2357,6 +2455,23 @@']"
nats-io,nats-server,4f8931e27fc4e5c58d5942fcba28af7e75544ff0,vendor/golang.org/x/sys/unix/zerrors_solaris_amd64.go,https://github.com/nats-io/nats-server/raw/423b79440c80c863de9f4e20548504e6c5d5e403/vendor%2Fgolang.org%2Fx%2Fsys%2Funix%2Fzerrors_solaris_amd64.go,"['@@ -192,6 +192,12 @@', '@@ -645,6 +652,14 @@', '@@ -1076,6 +1094,8 @@']"
nats-io,nats-server,4f8931e27fc4e5c58d5942fcba28af7e75544ff0,vendor/golang.org/x/sys/unix/zsyscall_aix_ppc64_gc.go,https://github.com/nats-io/nats-server/raw/423b79440c80c863de9f4e20548504e6c5d5e403/vendor%2Fgolang.org%2Fx%2Fsys%2Funix%2Fzsyscall_aix_ppc64_gc.go,[]
nats-io,nats-server,4f8931e27fc4e5c58d5942fcba28af7e75544ff0,vendor/golang.org/x/sys/unix/zsyscall_darwin_386.go,https://github.com/nats-io/nats-server/raw/423b79440c80c863de9f4e20548504e6c5d5e403/vendor%2Fgolang.org%2Fx%2Fsys%2Funix%2Fzsyscall_darwin_386.go,"['@@ -2434,21 +2434,6 @@', '@@ -2535,6 +2520,21 @@']"
nats-io,nats-server,4f8931e27fc4e5c58d5942fcba28af7e75544ff0,vendor/golang.org/x/sys/unix/zsyscall_darwin_amd64.go,https://github.com/nats-io/nats-server/raw/423b79440c80c863de9f4e20548504e6c5d5e403/vendor%2Fgolang.org%2Fx%2Fsys%2Funix%2Fzsyscall_darwin_amd64.go,"['@@ -2434,21 +2434,6 @@', '@@ -2535,6 +2520,21 @@']"
nats-io,nats-server,4f8931e27fc4e5c58d5942fcba28af7e75544ff0,vendor/golang.org/x/sys/unix/zsyscall_darwin_arm64.go,https://github.com/nats-io/nats-server/raw/423b79440c80c863de9f4e20548504e6c5d5e403/vendor%2Fgolang.org%2Fx%2Fsys%2Funix%2Fzsyscall_darwin_arm64.go,"['@@ -2520,6 +2520,21 @@']"
nats-io,nats-server,4f8931e27fc4e5c58d5942fcba28af7e75544ff0,vendor/golang.org/x/sys/unix/zsyscall_dragonfly_amd64.go,https://github.com/nats-io/nats-server/raw/423b79440c80c863de9f4e20548504e6c5d5e403/vendor%2Fgolang.org%2Fx%2Fsys%2Funix%2Fzsyscall_dragonfly_amd64.go,"['@@ -214,22 +214,6 @@', '@@ -378,6 +362,16 @@', '@@ -439,6 +433,22 @@']"
nats-io,nats-server,4f8931e27fc4e5c58d5942fcba28af7e75544ff0,vendor/golang.org/x/sys/unix/zsysnum_darwin_386.go,https://github.com/nats-io/nats-server/raw/423b79440c80c863de9f4e20548504e6c5d5e403/vendor%2Fgolang.org%2Fx%2Fsys%2Funix%2Fzsysnum_darwin_386.go,"['@@ -0,0 +1,437 @@']"
nats-io,nats-server,4f8931e27fc4e5c58d5942fcba28af7e75544ff0,vendor/golang.org/x/sys/unix/zsysnum_darwin_amd64.go,https://github.com/nats-io/nats-server/raw/423b79440c80c863de9f4e20548504e6c5d5e403/vendor%2Fgolang.org%2Fx%2Fsys%2Funix%2Fzsysnum_darwin_amd64.go,"['@@ -0,0 +1,439 @@']"
nats-io,nats-server,4f8931e27fc4e5c58d5942fcba28af7e75544ff0,vendor/golang.org/x/sys/unix/zsysnum_darwin_arm.go,https://github.com/nats-io/nats-server/raw/423b79440c80c863de9f4e20548504e6c5d5e403/vendor%2Fgolang.org%2Fx%2Fsys%2Funix%2Fzsysnum_darwin_arm.go,"['@@ -0,0 +1,437 @@']"
nats-io,nats-server,4f8931e27fc4e5c58d5942fcba28af7e75544ff0,vendor/golang.org/x/sys/unix/zsysnum_darwin_arm64.go,https://github.com/nats-io/nats-server/raw/423b79440c80c863de9f4e20548504e6c5d5e403/vendor%2Fgolang.org%2Fx%2Fsys%2Funix%2Fzsysnum_darwin_arm64.go,"['@@ -0,0 +1,437 @@']"
nats-io,nats-server,4f8931e27fc4e5c58d5942fcba28af7e75544ff0,vendor/golang.org/x/sys/unix/zsysnum_dragonfly_amd64.go,https://github.com/nats-io/nats-server/raw/423b79440c80c863de9f4e20548504e6c5d5e403/vendor%2Fgolang.org%2Fx%2Fsys%2Funix%2Fzsysnum_dragonfly_amd64.go,"['@@ -6,129 +6,125 @@', '@@ -312,4 +308,9 @@']"
nats-io,nats-server,4f8931e27fc4e5c58d5942fcba28af7e75544ff0,vendor/golang.org/x/sys/unix/zsysnum_linux_386.go,https://github.com/nats-io/nats-server/raw/423b79440c80c863de9f4e20548504e6c5d5e403/vendor%2Fgolang.org%2Fx%2Fsys%2Funix%2Fzsysnum_linux_386.go,[]
nats-io,nats-server,4f8931e27fc4e5c58d5942fcba28af7e75544ff0,vendor/golang.org/x/sys/unix/zsysnum_linux_amd64.go,https://github.com/nats-io/nats-server/raw/423b79440c80c863de9f4e20548504e6c5d5e403/vendor%2Fgolang.org%2Fx%2Fsys%2Funix%2Fzsysnum_linux_amd64.go,[]
nats-io,nats-server,4f8931e27fc4e5c58d5942fcba28af7e75544ff0,vendor/golang.org/x/sys/unix/zsysnum_linux_arm.go,https://github.com/nats-io/nats-server/raw/423b79440c80c863de9f4e20548504e6c5d5e403/vendor%2Fgolang.org%2Fx%2Fsys%2Funix%2Fzsysnum_linux_arm.go,[]
nats-io,nats-server,4f8931e27fc4e5c58d5942fcba28af7e75544ff0,vendor/golang.org/x/sys/unix/zsysnum_linux_arm64.go,https://github.com/nats-io/nats-server/raw/423b79440c80c863de9f4e20548504e6c5d5e403/vendor%2Fgolang.org%2Fx%2Fsys%2Funix%2Fzsysnum_linux_arm64.go,[]
nats-io,nats-server,4f8931e27fc4e5c58d5942fcba28af7e75544ff0,vendor/golang.org/x/sys/unix/zsysnum_linux_mips.go,https://github.com/nats-io/nats-server/raw/423b79440c80c863de9f4e20548504e6c5d5e403/vendor%2Fgolang.org%2Fx%2Fsys%2Funix%2Fzsysnum_linux_mips.go,[]
nats-io,nats-server,4f8931e27fc4e5c58d5942fcba28af7e75544ff0,vendor/golang.org/x/sys/unix/zsysnum_linux_mips64.go,https://github.com/nats-io/nats-server/raw/423b79440c80c863de9f4e20548504e6c5d5e403/vendor%2Fgolang.org%2Fx%2Fsys%2Funix%2Fzsysnum_linux_mips64.go,[]
nats-io,nats-server,4f8931e27fc4e5c58d5942fcba28af7e75544ff0,vendor/golang.org/x/sys/unix/zsysnum_linux_mips64le.go,https://github.com/nats-io/nats-server/raw/423b79440c80c863de9f4e20548504e6c5d5e403/vendor%2Fgolang.org%2Fx%2Fsys%2Funix%2Fzsysnum_linux_mips64le.go,[]
nats-io,nats-server,4f8931e27fc4e5c58d5942fcba28af7e75544ff0,vendor/golang.org/x/sys/unix/zsysnum_linux_mipsle.go,https://github.com/nats-io/nats-server/raw/423b79440c80c863de9f4e20548504e6c5d5e403/vendor%2Fgolang.org%2Fx%2Fsys%2Funix%2Fzsysnum_linux_mipsle.go,[]
nats-io,nats-server,4f8931e27fc4e5c58d5942fcba28af7e75544ff0,vendor/golang.org/x/sys/unix/zsysnum_linux_ppc64.go,https://github.com/nats-io/nats-server/raw/423b79440c80c863de9f4e20548504e6c5d5e403/vendor%2Fgolang.org%2Fx%2Fsys%2Funix%2Fzsysnum_linux_ppc64.go,[]
nats-io,nats-server,4f8931e27fc4e5c58d5942fcba28af7e75544ff0,vendor/golang.org/x/sys/unix/zsysnum_linux_ppc64le.go,https://github.com/nats-io/nats-server/raw/423b79440c80c863de9f4e20548504e6c5d5e403/vendor%2Fgolang.org%2Fx%2Fsys%2Funix%2Fzsysnum_linux_ppc64le.go,[]
nats-io,nats-server,4f8931e27fc4e5c58d5942fcba28af7e75544ff0,vendor/golang.org/x/sys/unix/zsysnum_linux_riscv64.go,https://github.com/nats-io/nats-server/raw/423b79440c80c863de9f4e20548504e6c5d5e403/vendor%2Fgolang.org%2Fx%2Fsys%2Funix%2Fzsysnum_linux_riscv64.go,[]
nats-io,nats-server,4f8931e27fc4e5c58d5942fcba28af7e75544ff0,vendor/golang.org/x/sys/unix/zsysnum_linux_s390x.go,https://github.com/nats-io/nats-server/raw/423b79440c80c863de9f4e20548504e6c5d5e403/vendor%2Fgolang.org%2Fx%2Fsys%2Funix%2Fzsysnum_linux_s390x.go,[]
nats-io,nats-server,4f8931e27fc4e5c58d5942fcba28af7e75544ff0,vendor/golang.org/x/sys/unix/zsysnum_linux_sparc64.go,https://github.com/nats-io/nats-server/raw/423b79440c80c863de9f4e20548504e6c5d5e403/vendor%2Fgolang.org%2Fx%2Fsys%2Funix%2Fzsysnum_linux_sparc64.go,[]
nats-io,nats-server,4f8931e27fc4e5c58d5942fcba28af7e75544ff0,vendor/golang.org/x/sys/unix/ztypes_darwin_386.go,https://github.com/nats-io/nats-server/raw/423b79440c80c863de9f4e20548504e6c5d5e403/vendor%2Fgolang.org%2Fx%2Fsys%2Funix%2Fztypes_darwin_386.go,"['@@ -194,6 +194,15 @@', '@@ -501,3 +508,8 @@']"
nats-io,nats-server,4f8931e27fc4e5c58d5942fcba28af7e75544ff0,vendor/golang.org/x/sys/unix/ztypes_darwin_amd64.go,https://github.com/nats-io/nats-server/raw/423b79440c80c863de9f4e20548504e6c5d5e403/vendor%2Fgolang.org%2Fx%2Fsys%2Funix%2Fztypes_darwin_amd64.go,"['@@ -200,6 +199,15 @@', '@@ -225,10 +233,8 @@', '@@ -511,3 +513,8 @@']"
nats-io,nats-server,4f8931e27fc4e5c58d5942fcba28af7e75544ff0,vendor/golang.org/x/sys/unix/ztypes_darwin_arm.go,https://github.com/nats-io/nats-server/raw/423b79440c80c863de9f4e20548504e6c5d5e403/vendor%2Fgolang.org%2Fx%2Fsys%2Funix%2Fztypes_darwin_arm.go,"['@@ -195,6 +194,15 @@', '@@ -502,3 +508,8 @@']"
nats-io,nats-server,4f8931e27fc4e5c58d5942fcba28af7e75544ff0,vendor/golang.org/x/sys/unix/ztypes_darwin_arm64.go,https://github.com/nats-io/nats-server/raw/423b79440c80c863de9f4e20548504e6c5d5e403/vendor%2Fgolang.org%2Fx%2Fsys%2Funix%2Fztypes_darwin_arm64.go,"['@@ -200,6 +199,15 @@', '@@ -225,10 +233,8 @@', '@@ -511,3 +513,8 @@']"
nats-io,nats-server,4f8931e27fc4e5c58d5942fcba28af7e75544ff0,vendor/golang.org/x/sys/unix/ztypes_dragonfly_amd64.go,https://github.com/nats-io/nats-server/raw/423b79440c80c863de9f4e20548504e6c5d5e403/vendor%2Fgolang.org%2Fx%2Fsys%2Funix%2Fztypes_dragonfly_amd64.go,"['@@ -91,17 +91,15 @@', '@@ -202,10 +200,8 @@']"
nats-io,nats-server,4f8931e27fc4e5c58d5942fcba28af7e75544ff0,vendor/golang.org/x/sys/unix/ztypes_linux.go,https://github.com/nats-io/nats-server/raw/423b79440c80c863de9f4e20548504e6c5d5e403/vendor%2Fgolang.org%2Fx%2Fsys%2Funix%2Fztypes_linux.go,"['@@ -462,166 +462,107 @@', '@@ -823,8 +764,6 @@', '@@ -948,7 +887,10 @@', '@@ -1007,106 +949,163 @@', '@@ -1325,6 +1324,394 @@', '@@ -1851,9 +2238,12 @@', '@@ -2567,3 +2957,45 @@']"
nats-io,nats-server,4f8931e27fc4e5c58d5942fcba28af7e75544ff0,vendor/golang.org/x/sys/unix/ztypes_linux_386.go,https://github.com/nats-io/nats-server/raw/423b79440c80c863de9f4e20548504e6c5d5e403/vendor%2Fgolang.org%2Fx%2Fsys%2Funix%2Fztypes_linux_386.go,"['@@ -602,3 +602,18 @@']"
nats-io,nats-server,4f8931e27fc4e5c58d5942fcba28af7e75544ff0,vendor/golang.org/x/sys/unix/ztypes_linux_amd64.go,https://github.com/nats-io/nats-server/raw/423b79440c80c863de9f4e20548504e6c5d5e403/vendor%2Fgolang.org%2Fx%2Fsys%2Funix%2Fztypes_linux_amd64.go,"['@@ -619,3 +619,19 @@']"
nats-io,nats-server,4f8931e27fc4e5c58d5942fcba28af7e75544ff0,vendor/golang.org/x/sys/unix/ztypes_linux_arm.go,https://github.com/nats-io/nats-server/raw/423b79440c80c863de9f4e20548504e6c5d5e403/vendor%2Fgolang.org%2Fx%2Fsys%2Funix%2Fztypes_linux_arm.go,"['@@ -596,3 +596,19 @@']"
nats-io,nats-server,4f8931e27fc4e5c58d5942fcba28af7e75544ff0,vendor/golang.org/x/sys/unix/ztypes_linux_arm64.go,https://github.com/nats-io/nats-server/raw/423b79440c80c863de9f4e20548504e6c5d5e403/vendor%2Fgolang.org%2Fx%2Fsys%2Funix%2Fztypes_linux_arm64.go,"['@@ -598,3 +598,19 @@']"
nats-io,nats-server,4f8931e27fc4e5c58d5942fcba28af7e75544ff0,vendor/golang.org/x/sys/unix/ztypes_linux_mips.go,https://github.com/nats-io/nats-server/raw/423b79440c80c863de9f4e20548504e6c5d5e403/vendor%2Fgolang.org%2Fx%2Fsys%2Funix%2Fztypes_linux_mips.go,"['@@ -602,3 +602,19 @@']"
nats-io,nats-server,4f8931e27fc4e5c58d5942fcba28af7e75544ff0,vendor/golang.org/x/sys/unix/ztypes_linux_mips64.go,https://github.com/nats-io/nats-server/raw/423b79440c80c863de9f4e20548504e6c5d5e403/vendor%2Fgolang.org%2Fx%2Fsys%2Funix%2Fztypes_linux_mips64.go,"['@@ -601,3 +601,19 @@']"
nats-io,nats-server,4f8931e27fc4e5c58d5942fcba28af7e75544ff0,vendor/golang.org/x/sys/unix/ztypes_linux_mips64le.go,https://github.com/nats-io/nats-server/raw/423b79440c80c863de9f4e20548504e6c5d5e403/vendor%2Fgolang.org%2Fx%2Fsys%2Funix%2Fztypes_linux_mips64le.go,"['@@ -601,3 +601,19 @@']"
nats-io,nats-server,4f8931e27fc4e5c58d5942fcba28af7e75544ff0,vendor/golang.org/x/sys/unix/ztypes_linux_mipsle.go,https://github.com/nats-io/nats-server/raw/423b79440c80c863de9f4e20548504e6c5d5e403/vendor%2Fgolang.org%2Fx%2Fsys%2Funix%2Fztypes_linux_mipsle.go,"['@@ -602,3 +602,19 @@']"
nats-io,nats-server,4f8931e27fc4e5c58d5942fcba28af7e75544ff0,vendor/golang.org/x/sys/unix/ztypes_linux_ppc64.go,https://github.com/nats-io/nats-server/raw/423b79440c80c863de9f4e20548504e6c5d5e403/vendor%2Fgolang.org%2Fx%2Fsys%2Funix%2Fztypes_linux_ppc64.go,"['@@ -608,3 +608,19 @@']"
nats-io,nats-server,4f8931e27fc4e5c58d5942fcba28af7e75544ff0,vendor/golang.org/x/sys/unix/ztypes_linux_ppc64le.go,https://github.com/nats-io/nats-server/raw/423b79440c80c863de9f4e20548504e6c5d5e403/vendor%2Fgolang.org%2Fx%2Fsys%2Funix%2Fztypes_linux_ppc64le.go,"['@@ -608,3 +608,19 @@']"
nats-io,nats-server,4f8931e27fc4e5c58d5942fcba28af7e75544ff0,vendor/golang.org/x/sys/unix/ztypes_linux_riscv64.go,https://github.com/nats-io/nats-server/raw/423b79440c80c863de9f4e20548504e6c5d5e403/vendor%2Fgolang.org%2Fx%2Fsys%2Funix%2Fztypes_linux_riscv64.go,"['@@ -626,3 +626,19 @@']"
nats-io,nats-server,4f8931e27fc4e5c58d5942fcba28af7e75544ff0,vendor/golang.org/x/sys/unix/ztypes_linux_s390x.go,https://github.com/nats-io/nats-server/raw/423b79440c80c863de9f4e20548504e6c5d5e403/vendor%2Fgolang.org%2Fx%2Fsys%2Funix%2Fztypes_linux_s390x.go,"['@@ -622,3 +622,19 @@']"
nats-io,nats-server,4f8931e27fc4e5c58d5942fcba28af7e75544ff0,vendor/golang.org/x/sys/unix/ztypes_linux_sparc64.go,https://github.com/nats-io/nats-server/raw/423b79440c80c863de9f4e20548504e6c5d5e403/vendor%2Fgolang.org%2Fx%2Fsys%2Funix%2Fztypes_linux_sparc64.go,"['@@ -603,3 +603,19 @@']"
nats-io,nats-server,4f8931e27fc4e5c58d5942fcba28af7e75544ff0,vendor/golang.org/x/sys/unix/ztypes_solaris_amd64.go,https://github.com/nats-io/nats-server/raw/423b79440c80c863de9f4e20548504e6c5d5e403/vendor%2Fgolang.org%2Fx%2Fsys%2Funix%2Fztypes_solaris_amd64.go,"['@@ -88,15 +88,13 @@', '@@ -196,10 +194,8 @@', '@@ -291,15 +287,13 @@']"
nats-io,nats-server,4f8931e27fc4e5c58d5942fcba28af7e75544ff0,vendor/golang.org/x/sys/windows/dll_windows.go,https://github.com/nats-io/nats-server/raw/423b79440c80c863de9f4e20548504e6c5d5e403/vendor%2Fgolang.org%2Fx%2Fsys%2Fwindows%2Fdll_windows.go,"['@@ -32,6 +32,8 @@']"
nats-io,nats-server,4f8931e27fc4e5c58d5942fcba28af7e75544ff0,vendor/golang.org/x/sys/windows/memory_windows.go,https://github.com/nats-io/nats-server/raw/423b79440c80c863de9f4e20548504e6c5d5e403/vendor%2Fgolang.org%2Fx%2Fsys%2Fwindows%2Fmemory_windows.go,"['@@ -16,13 +16,19 @@']"
nats-io,nats-server,4f8931e27fc4e5c58d5942fcba28af7e75544ff0,vendor/golang.org/x/sys/windows/registry/zsyscall_windows.go,https://github.com/nats-io/nats-server/raw/423b79440c80c863de9f4e20548504e6c5d5e403/vendor%2Fgolang.org%2Fx%2Fsys%2Fwindows%2Fregistry%2Fzsyscall_windows.go,"['@@ -110,11 +111,7 @@']"
nats-io,nats-server,4f8931e27fc4e5c58d5942fcba28af7e75544ff0,vendor/golang.org/x/sys/windows/security_windows.go,https://github.com/nats-io/nats-server/raw/423b79440c80c863de9f4e20548504e6c5d5e403/vendor%2Fgolang.org%2Fx%2Fsys%2Fwindows%2Fsecurity_windows.go,[]
nats-io,nats-server,4f8931e27fc4e5c58d5942fcba28af7e75544ff0,vendor/golang.org/x/sys/windows/setupapierrors_windows.go,https://github.com/nats-io/nats-server/raw/423b79440c80c863de9f4e20548504e6c5d5e403/vendor%2Fgolang.org%2Fx%2Fsys%2Fwindows%2Fsetupapierrors_windows.go,"['@@ -0,0 +1,100 @@']"
nats-io,nats-server,4f8931e27fc4e5c58d5942fcba28af7e75544ff0,vendor/golang.org/x/sys/windows/svc/mgr/config.go,https://github.com/nats-io/nats-server/raw/423b79440c80c863de9f4e20548504e6c5d5e403/vendor%2Fgolang.org%2Fx%2Fsys%2Fwindows%2Fsvc%2Fmgr%2Fconfig.go,"['@@ -98,6 +98,12 @@']"
nats-io,nats-server,4f8931e27fc4e5c58d5942fcba28af7e75544ff0,vendor/golang.org/x/sys/windows/svc/security.go,https://github.com/nats-io/nats-server/raw/423b79440c80c863de9f4e20548504e6c5d5e403/vendor%2Fgolang.org%2Fx%2Fsys%2Fwindows%2Fsvc%2Fsecurity.go,"['@@ -7,6 +7,10 @@', '@@ -23,6 +27,8 @@', '@@ -57,3 +63,95 @@']"
nats-io,nats-server,4f8931e27fc4e5c58d5942fcba28af7e75544ff0,vendor/golang.org/x/sys/windows/syscall.go,https://github.com/nats-io/nats-server/raw/423b79440c80c863de9f4e20548504e6c5d5e403/vendor%2Fgolang.org%2Fx%2Fsys%2Fwindows%2Fsyscall.go,"['@@ -25,17 +25,20 @@', '@@ -53,6 +56,41 @@']"
nats-io,nats-server,4f8931e27fc4e5c58d5942fcba28af7e75544ff0,vendor/golang.org/x/sys/windows/syscall_windows.go,https://github.com/nats-io/nats-server/raw/423b79440c80c863de9f4e20548504e6c5d5e403/vendor%2Fgolang.org%2Fx%2Fsys%2Fwindows%2Fsyscall_windows.go,"['@@ -270,9 +274,11 @@', '@@ -388,11 +394,7 @@', '@@ -1089,11 +1091,7 @@', '@@ -1105,11 +1103,7 @@', '@@ -1488,3 +1482,7 @@']"
nats-io,nats-server,4f8931e27fc4e5c58d5942fcba28af7e75544ff0,vendor/golang.org/x/sys/windows/types_windows.go,https://github.com/nats-io/nats-server/raw/423b79440c80c863de9f4e20548504e6c5d5e403/vendor%2Fgolang.org%2Fx%2Fsys%2Fwindows%2Ftypes_windows.go,"['@@ -1772,3 +1772,32 @@']"
go-vela,compiler,adf85cc6f434c069476eb3401cb9d9c1ea854585,template/native/render.go,https://github.com/go-vela/compiler/raw/f1ace5f8a05c95c4d02264556e38a959ee2d9bda/template%2Fnative%2Frender.go,"['@@ -21,11 +21,18 @@']"
go-vela,compiler,adf85cc6f434c069476eb3401cb9d9c1ea854585,template/native/render_test.go,https://github.com/go-vela/compiler/raw/f1ace5f8a05c95c4d02264556e38a959ee2d9bda/template%2Fnative%2Frender_test.go,"['@@ -82,3 +83,43 @@']"
containers,image,8ad47b442feae0a21bff51a6058227fa1e45bb41,docker/docker_client.go,https://github.com/containers/image/raw/634605d06e738aec8332bcfd69162e7509ac7aaf/docker%2Fdocker_client.go,"['@@ -526,11 +526,7 @@']"
aws,aws-sdk-go,b811ea8391353a33585662f5f76d42acb7614bb6,aws/csm/reporter_test.go,https://github.com/aws/aws-sdk-go/raw/1e84382fa1c0086362b5a4b68e068d4f8518d40e/aws%2Fcsm%2Freporter_test.go,[]
aws,aws-sdk-go,b811ea8391353a33585662f5f76d42acb7614bb6,aws/ec2metadata/service.go,https://github.com/aws/aws-sdk-go/raw/1e84382fa1c0086362b5a4b68e068d4f8518d40e/aws%2Fec2metadata%2Fservice.go,[]
aws,aws-sdk-go,b811ea8391353a33585662f5f76d42acb7614bb6,service/s3/doc_custom.go,https://github.com/aws/aws-sdk-go/raw/1e84382fa1c0086362b5a4b68e068d4f8518d40e/service%2Fs3%2Fdoc_custom.go,"['@@ -104,19 +104,6 @@']"
aws,aws-sdk-go,b811ea8391353a33585662f5f76d42acb7614bb6,service/s3/s3crypto/aes_cbc_content_cipher.go,https://github.com/aws/aws-sdk-go/raw/1e84382fa1c0086362b5a4b68e068d4f8518d40e/service%2Fs3%2Fs3crypto%2Faes_cbc_content_cipher.go,"['@@ -15,18 +14,38 @@', '@@ -37,11 +56,22 @@', '@@ -77,3 +107,11 @@']"
aws,aws-sdk-go,b811ea8391353a33585662f5f76d42acb7614bb6,service/s3/s3crypto/aes_cbc_content_cipher_test.go,https://github.com/aws/aws-sdk-go/raw/1e84382fa1c0086362b5a4b68e068d4f8518d40e/service%2Fs3%2Fs3crypto%2Faes_cbc_content_cipher_test.go,"['@@ -18,3 +17,64 @@']"
aws,aws-sdk-go,b811ea8391353a33585662f5f76d42acb7614bb6,service/s3/s3crypto/aes_gcm_content_cipher.go,https://github.com/aws/aws-sdk-go/raw/1e84382fa1c0086362b5a4b68e068d4f8518d40e/service%2Fs3%2Fs3crypto%2Faes_gcm_content_cipher.go,"['@@ -11,21 +12,62 @@', '@@ -37,10 +79,6 @@', '@@ -53,6 +91,52 @@', '@@ -91,3 +175,25 @@']"
aws,aws-sdk-go,b811ea8391353a33585662f5f76d42acb7614bb6,service/s3/s3crypto/aes_gcm_content_cipher_test.go,https://github.com/aws/aws-sdk-go/raw/1e84382fa1c0086362b5a4b68e068d4f8518d40e/service%2Fs3%2Fs3crypto%2Faes_gcm_content_cipher_test.go,"['@@ -28,6 +29,111 @@']"
aws,aws-sdk-go,b811ea8391353a33585662f5f76d42acb7614bb6,service/s3/s3crypto/cipher_builder.go,https://github.com/aws/aws-sdk-go/raw/1e84382fa1c0086362b5a4b68e068d4f8518d40e/service%2Fs3%2Fs3crypto%2Fcipher_builder.go,"['@@ -39,3 +39,10 @@']"
aws,aws-sdk-go,b811ea8391353a33585662f5f76d42acb7614bb6,service/s3/s3crypto/cipher_util.go,https://github.com/aws/aws-sdk-go/raw/1e84382fa1c0086362b5a4b68e068d4f8518d40e/service%2Fs3%2Fs3crypto%2Fcipher_util.go,"['@@ -6,20 +6,18 @@']"
aws,aws-sdk-go,b811ea8391353a33585662f5f76d42acb7614bb6,service/s3/s3crypto/cipher_util_test.go,https://github.com/aws/aws-sdk-go/raw/1e84382fa1c0086362b5a4b68e068d4f8518d40e/service%2Fs3%2Fs3crypto%2Fcipher_util_test.go,"['@@ -108,17 +105,15 @@']"
aws,aws-sdk-go,b811ea8391353a33585662f5f76d42acb7614bb6,service/s3/s3crypto/crypto_registry.go,https://github.com/aws/aws-sdk-go/raw/1e84382fa1c0086362b5a4b68e068d4f8518d40e/service%2Fs3%2Fs3crypto%2Fcrypto_registry.go,"['@@ -0,0 +1,158 @@']"
aws,aws-sdk-go,b811ea8391353a33585662f5f76d42acb7614bb6,service/s3/s3crypto/crypto_registry_test.go,https://github.com/aws/aws-sdk-go/raw/1e84382fa1c0086362b5a4b68e068d4f8518d40e/service%2Fs3%2Fs3crypto%2Fcrypto_registry_test.go,"['@@ -0,0 +1,150 @@']"
aws,aws-sdk-go,b811ea8391353a33585662f5f76d42acb7614bb6,service/s3/s3crypto/decryption_client.go,https://github.com/aws/aws-sdk-go/raw/1e84382fa1c0086362b5a4b68e068d4f8518d40e/service%2Fs3%2Fs3crypto%2Fdecryption_client.go,"['@@ -1,8 +1,6 @@', '@@ -123,8 +121,6 @@']"
aws,aws-sdk-go,b811ea8391353a33585662f5f76d42acb7614bb6,service/s3/s3crypto/decryption_client_test.go,https://github.com/aws/aws-sdk-go/raw/1e84382fa1c0086362b5a4b68e068d4f8518d40e/service%2Fs3%2Fs3crypto%2Fdecryption_client_test.go,"['@@ -70,8 +70,6 @@', '@@ -139,8 +137,6 @@', '@@ -204,8 +200,6 @@', '@@ -248,3 +242,56 @@']"
aws,aws-sdk-go,b811ea8391353a33585662f5f76d42acb7614bb6,service/s3/s3crypto/decryption_client_v2.go,https://github.com/aws/aws-sdk-go/raw/1e84382fa1c0086362b5a4b68e068d4f8518d40e/service%2Fs3%2Fs3crypto%2Fdecryption_client_v2.go,"['@@ -1,12 +1,9 @@', '@@ -33,58 +30,61 @@']"
aws,aws-sdk-go,b811ea8391353a33585662f5f76d42acb7614bb6,service/s3/s3crypto/decryption_client_v2_test.go,https://github.com/aws/aws-sdk-go/raw/1e84382fa1c0086362b5a4b68e068d4f8518d40e/service%2Fs3%2Fs3crypto%2Fdecryption_client_v2_test.go,"['@@ -1,16 +1,28 @@', '@@ -29,11 +41,294 @@']"
aws,aws-sdk-go,b811ea8391353a33585662f5f76d42acb7614bb6,service/s3/s3crypto/deprecations.go,https://github.com/aws/aws-sdk-go/raw/b811ea8391353a33585662f5f76d42acb7614bb6/service%2Fs3%2Fs3crypto%2Fdeprecations.go,"['@@ -1,10 +0,0 @@']"
aws,aws-sdk-go,b811ea8391353a33585662f5f76d42acb7614bb6,service/s3/s3crypto/deprecations_test.go,https://github.com/aws/aws-sdk-go/raw/b811ea8391353a33585662f5f76d42acb7614bb6/service%2Fs3%2Fs3crypto%2Fdeprecations_test.go,"['@@ -1,51 +0,0 @@']"
aws,aws-sdk-go,b811ea8391353a33585662f5f76d42acb7614bb6,service/s3/s3crypto/doc.go,https://github.com/aws/aws-sdk-go/raw/1e84382fa1c0086362b5a4b68e068d4f8518d40e/service%2Fs3%2Fs3crypto%2Fdoc.go,"['@@ -16,20 +16,41 @@', '@@ -43,20 +64,39 @@', '@@ -69,27 +109,30 @@']"
aws,aws-sdk-go,b811ea8391353a33585662f5f76d42acb7614bb6,service/s3/s3crypto/encryption_client.go,https://github.com/aws/aws-sdk-go/raw/1e84382fa1c0086362b5a4b68e068d4f8518d40e/service%2Fs3%2Fs3crypto%2Fencryption_client.go,"['@@ -33,6 +34,19 @@', '@@ -67,23 +81,42 @@', '@@ -96,8 +129,11 @@']"
aws,aws-sdk-go,b811ea8391353a33585662f5f76d42acb7614bb6,service/s3/s3crypto/encryption_client_test.go,https://github.com/aws/aws-sdk-go/raw/1e84382fa1c0086362b5a4b68e068d4f8518d40e/service%2Fs3%2Fs3crypto%2Fencryption_client_test.go,"['@@ -109,3 +108,51 @@']"
aws,aws-sdk-go,b811ea8391353a33585662f5f76d42acb7614bb6,service/s3/s3crypto/encryption_client_v2.go,https://github.com/aws/aws-sdk-go/raw/1e84382fa1c0086362b5a4b68e068d4f8518d40e/service%2Fs3%2Fs3crypto%2Fencryption_client_v2.go,"['@@ -8,6 +8,8 @@', '@@ -56,17 +58,25 @@', '@@ -78,9 +88,6 @@']"
aws,aws-sdk-go,b811ea8391353a33585662f5f76d42acb7614bb6,service/s3/s3crypto/encryption_client_v2_test.go,https://github.com/aws/aws-sdk-go/raw/1e84382fa1c0086362b5a4b68e068d4f8518d40e/service%2Fs3%2Fs3crypto%2Fencryption_client_v2_test.go,"['@@ -0,0 +1,211 @@']"
aws,aws-sdk-go,b811ea8391353a33585662f5f76d42acb7614bb6,service/s3/s3crypto/envelope.go,https://github.com/aws/aws-sdk-go/raw/1e84382fa1c0086362b5a4b68e068d4f8518d40e/service%2Fs3%2Fs3crypto%2Fenvelope.go,"['@@ -34,11 +34,14 @@']"
aws,aws-sdk-go,b811ea8391353a33585662f5f76d42acb7614bb6,service/s3/s3crypto/errors.go,https://github.com/aws/aws-sdk-go/raw/1e84382fa1c0086362b5a4b68e068d4f8518d40e/service%2Fs3%2Fs3crypto%2Ferrors.go,"['@@ -0,0 +1,24 @@']"
aws,aws-sdk-go,b811ea8391353a33585662f5f76d42acb7614bb6,service/s3/s3crypto/fixture.go,https://github.com/aws/aws-sdk-go/raw/1e84382fa1c0086362b5a4b68e068d4f8518d40e/service%2Fs3%2Fs3crypto%2Ffixture.go,"['@@ -0,0 +1,27 @@']"
aws,aws-sdk-go,b811ea8391353a33585662f5f76d42acb7614bb6,service/s3/s3crypto/hash_io.go,https://github.com/aws/aws-sdk-go/raw/1e84382fa1c0086362b5a4b68e068d4f8518d40e/service%2Fs3%2Fs3crypto%2Fhash_io.go,"['@@ -1,19 +1,38 @@', '@@ -31,31 +50,3 @@']"
aws,aws-sdk-go,b811ea8391353a33585662f5f76d42acb7614bb6,service/s3/s3crypto/hash_io_test.go,https://github.com/aws/aws-sdk-go/raw/1e84382fa1c0086362b5a4b68e068d4f8518d40e/service%2Fs3%2Fs3crypto%2Fhash_io_test.go,"['@@ -3,6 +3,10 @@', '@@ -27,3 +31,52 @@']"
aws,aws-sdk-go,b811ea8391353a33585662f5f76d42acb7614bb6,service/s3/s3crypto/integration/main_test.go,https://github.com/aws/aws-sdk-go/raw/1e84382fa1c0086362b5a4b68e068d4f8518d40e/service%2Fs3%2Fs3crypto%2Fintegration%2Fmain_test.go,"['@@ -77,9 +77,27 @@', '@@ -102,20 +120,35 @@', '@@ -129,8 +162,11 @@']"
aws,aws-sdk-go,b811ea8391353a33585662f5f76d42acb7614bb6,service/s3/s3crypto/key_handler.go,https://github.com/aws/aws-sdk-go/raw/1e84382fa1c0086362b5a4b68e068d4f8518d40e/service%2Fs3%2Fs3crypto%2Fkey_handler.go,"['@@ -24,16 +24,7 @@']"
aws,aws-sdk-go,b811ea8391353a33585662f5f76d42acb7614bb6,service/s3/s3crypto/kms_context_key_handler.go,https://github.com/aws/aws-sdk-go/raw/1e84382fa1c0086362b5a4b68e068d4f8518d40e/service%2Fs3%2Fs3crypto%2Fkms_context_key_handler.go,"['@@ -0,0 +1,199 @@']"
aws,aws-sdk-go,b811ea8391353a33585662f5f76d42acb7614bb6,service/s3/s3crypto/kms_context_key_handler_test.go,https://github.com/aws/aws-sdk-go/raw/1e84382fa1c0086362b5a4b68e068d4f8518d40e/service%2Fs3%2Fs3crypto%2Fkms_context_key_handler_test.go,"['@@ -0,0 +1,265 @@']"
aws,aws-sdk-go,b811ea8391353a33585662f5f76d42acb7614bb6,service/s3/s3crypto/kms_key_handler.go,https://github.com/aws/aws-sdk-go/raw/1e84382fa1c0086362b5a4b68e068d4f8518d40e/service%2Fs3%2Fs3crypto%2Fkms_key_handler.go,"['@@ -1,8 +1,6 @@', '@@ -30,116 +27,118 @@', '@@ -151,17 +150,14 @@', '@@ -172,12 +168,18 @@', '@@ -190,31 +192,14 @@', '@@ -227,19 +212,21 @@']"
aws,aws-sdk-go,b811ea8391353a33585662f5f76d42acb7614bb6,service/s3/s3crypto/kms_key_handler_test.go,https://github.com/aws/aws-sdk-go/raw/1e84382fa1c0086362b5a4b68e068d4f8518d40e/service%2Fs3%2Fs3crypto%2Fkms_key_handler_test.go,"['@@ -77,10 +76,19 @@', '@@ -107,37 +115,22 @@', '@@ -148,79 +141,54 @@']"
aws,aws-sdk-go,b811ea8391353a33585662f5f76d42acb7614bb6,service/s3/s3crypto/mat_desc.go,https://github.com/aws/aws-sdk-go/raw/1e84382fa1c0086362b5a4b68e068d4f8518d40e/service%2Fs3%2Fs3crypto%2Fmat_desc.go,"['@@ -8,6 +8,18 @@', '@@ -16,3 +28,11 @@']"
aws,aws-sdk-go,b811ea8391353a33585662f5f76d42acb7614bb6,service/s3/s3crypto/mat_desc_test.go,https://github.com/aws/aws-sdk-go/raw/1e84382fa1c0086362b5a4b68e068d4f8518d40e/service%2Fs3%2Fs3crypto%2Fmat_desc_test.go,"['@@ -1,3 +1,5 @@', '@@ -33,3 +35,32 @@']"
aws,aws-sdk-go,b811ea8391353a33585662f5f76d42acb7614bb6,service/s3/s3crypto/migrations_test.go,https://github.com/aws/aws-sdk-go/raw/1e84382fa1c0086362b5a4b68e068d4f8518d40e/service%2Fs3%2Fs3crypto%2Fmigrations_test.go,"['@@ -98,7 +98,46 @@', '@@ -127,9 +166,27 @@']"
aws,aws-sdk-go,b811ea8391353a33585662f5f76d42acb7614bb6,service/s3/s3crypto/mock_test.go,https://github.com/aws/aws-sdk-go/raw/1e84382fa1c0086362b5a4b68e068d4f8518d40e/service%2Fs3%2Fs3crypto%2Fmock_test.go,"['@@ -1,50 +1,93 @@', '@@ -66,3 +109,22 @@']"
aws,aws-sdk-go,b811ea8391353a33585662f5f76d42acb7614bb6,service/s3/s3crypto/shared_client.go,https://github.com/aws/aws-sdk-go/raw/1e84382fa1c0086362b5a4b68e068d4f8518d40e/service%2Fs3%2Fs3crypto%2Fshared_client.go,"['@@ -13,6 +13,12 @@']"
aws,aws-sdk-go,b811ea8391353a33585662f5f76d42acb7614bb6,service/s3/s3crypto/strategy.go,https://github.com/aws/aws-sdk-go/raw/1e84382fa1c0086362b5a4b68e068d4f8518d40e/service%2Fs3%2Fs3crypto%2Fstrategy.go,[]
aws,aws-sdk-go,1e84382fa1c0086362b5a4b68e068d4f8518d40e,aws/endpoints/defaults.go,https://github.com/aws/aws-sdk-go/raw/ae9b9fd92af132cfd8d879809d8611825ba135f4/aws%2Fendpoints%2Fdefaults.go,"['@@ -3959,6 +3961,12 @@', '@@ -4031,6 +4039,12 @@']"
aws,aws-sdk-go,1e84382fa1c0086362b5a4b68e068d4f8518d40e,aws/version.go,https://github.com/aws/aws-sdk-go/raw/ae9b9fd92af132cfd8d879809d8611825ba135f4/aws%2Fversion.go,[]
aws,aws-sdk-go,1e84382fa1c0086362b5a4b68e068d4f8518d40e,service/glue/api.go,https://github.com/aws/aws-sdk-go/raw/ae9b9fd92af132cfd8d879809d8611825ba135f4/service%2Fglue%2Fapi.go,"['@@ -16459,6 +16459,9 @@', '@@ -31277,6 +31280,10 @@', '@@ -31295,6 +31302,12 @@', '@@ -37449,6 +37462,9 @@']"
aws,aws-sdk-go,1e84382fa1c0086362b5a4b68e068d4f8518d40e,service/organizations/api.go,https://github.com/aws/aws-sdk-go/raw/ae9b9fd92af132cfd8d879809d8611825ba135f4/service%2Forganizations%2Fapi.go,"['@@ -14842,6 +14842,9 @@', '@@ -14857,6 +14860,12 @@', '@@ -22127,6 +22136,12 @@']"
aws,aws-sdk-go,1e84382fa1c0086362b5a4b68e068d4f8518d40e,service/s3/api.go,https://github.com/aws/aws-sdk-go/raw/ae9b9fd92af132cfd8d879809d8611825ba135f4/service%2Fs3%2Fapi.go,"['@@ -7883,6 +7894,13 @@', '@@ -9543,16 +9566,18 @@', '@@ -22954,8 +22983,22 @@', '@@ -27907,7 +27951,10 @@']"
aws,aws-sdk-go,1e84382fa1c0086362b5a4b68e068d4f8518d40e,service/s3/examples_test.go,https://github.com/aws/aws-sdk-go/raw/ae9b9fd92af132cfd8d879809d8611825ba135f4/service%2Fs3%2Fexamples_test.go,"['@@ -1197,17 +1197,13 @@', '@@ -1228,13 +1224,17 @@', '@@ -1837,16 +1838,18 @@', '@@ -1930,20 +1931,17 @@']"
aws,aws-sdk-go,1e84382fa1c0086362b5a4b68e068d4f8518d40e,service/s3/s3manager/upload_input.go,https://github.com/aws/aws-sdk-go/raw/ae9b9fd92af132cfd8d879809d8611825ba135f4/service%2Fs3%2Fs3manager%2Fupload_input.go,[]
fleetdm,fleet,6e706bf037e39230b7bf79066e522ad4c522a53a,server/service/service_sessions.go,https://github.com/fleetdm/fleet/raw/35d5a7b285f15ddd47486fa656e8b1acf3d48374/server%2Fservice%2Fservice_sessions.go,"['@@ -156,7 +156,11 @@']"
fleetdm,fleet,6e706bf037e39230b7bf79066e522ad4c522a53a,server/sso/types.go,https://github.com/fleetdm/fleet/raw/35d5a7b285f15ddd47486fa656e8b1acf3d48374/server%2Fsso%2Ftypes.go,"['@@ -205,9 +205,14 @@']"
fleetdm,fleet,6e706bf037e39230b7bf79066e522ad4c522a53a,server/sso/validate.go,https://github.com/fleetdm/fleet/raw/35d5a7b285f15ddd47486fa656e8b1acf3d48374/server%2Fsso%2Fvalidate.go,"['@@ -35,6 +36,12 @@', '@@ -86,6 +93,18 @@']"
fleetdm,fleet,6e706bf037e39230b7bf79066e522ad4c522a53a,server/sso/validate_test.go,https://github.com/fleetdm/fleet/raw/35d5a7b285f15ddd47486fa656e8b1acf3d48374/server%2Fsso%2Fvalidate_test.go,"['@@ -49,19 +49,35 @@']"
ntbosscher,gobase,94022b23b906b2dd47ad04dc74af18ba9cba80a0,auth/httpauth/main.go,https://github.com/ntbosscher/gobase/raw/a8d40bce9c429d324122d18c446924dab809e812/auth%2Fhttpauth%2Fmain.go,"['@@ -106,6 +106,11 @@', '@@ -148,7 +152,14 @@', '@@ -163,18 +174,13 @@']"
go-gitea,gitea,5f938c0c7870a112aa9ab65b6f4fd1f47eb34f51,vendor/github.com/go-macaron/session/file.go,https://github.com/go-gitea/gitea/raw/aeb5655c25053bdcd7eee94ea37df88468374162/vendor%2Fgithub.com%2Fgo-macaron%2Fsession%2Ffile.go,[]
go-gitea,gitea,5f938c0c7870a112aa9ab65b6f4fd1f47eb34f51,vendor/github.com/go-macaron/session/session.go,https://github.com/go-gitea/gitea/raw/aeb5655c25053bdcd7eee94ea37df88468374162/vendor%2Fgithub.com%2Fgo-macaron%2Fsession%2Fsession.go,"['@@ -18,15 +18,17 @@', '@@ -282,6 +284,12 @@']"
coreos,etcd,f0eb772963f048cb91588f853a2037b83b9addde,embed/config.go,https://github.com/etcd-io/etcd/raw/a7e5790c82039945639798ae9a3289fe787f5e56/embed%2Fconfig.go,"['@@ -171,6 +172,32 @@']"
coreos,etcd,f0eb772963f048cb91588f853a2037b83b9addde,embed/etcd.go,https://github.com/etcd-io/etcd/raw/a7e5790c82039945639798ae9a3289fe787f5e56/embed%2Fetcd.go,"['@@ -174,9 +174,17 @@']"
coreos,etcd,f0eb772963f048cb91588f853a2037b83b9addde,embed/serve.go,https://github.com/etcd-io/etcd/raw/a7e5790c82039945639798ae9a3289fe787f5e56/embed%2Fserve.go,"['@@ -265,9 +268,35 @@']"
coreos,etcd,f0eb772963f048cb91588f853a2037b83b9addde,etcdmain/config.go,https://github.com/etcd-io/etcd/raw/a7e5790c82039945639798ae9a3289fe787f5e56/etcdmain%2Fconfig.go,"['@@ -275,6 +277,15 @@']"
coreos,etcd,f0eb772963f048cb91588f853a2037b83b9addde,etcdmain/help.go,https://github.com/etcd-io/etcd/raw/a7e5790c82039945639798ae9a3289fe787f5e56/etcdmain%2Fhelp.go,"['@@ -158,6 +158,8 @@']"
coreos,etcd,f0eb772963f048cb91588f853a2037b83b9addde,etcdserver/config.go,https://github.com/etcd-io/etcd/raw/a7e5790c82039945639798ae9a3289fe787f5e56/etcdserver%2Fconfig.go,"['@@ -47,6 +47,11 @@']"
coreos,etcd,f0eb772963f048cb91588f853a2037b83b9addde,etcdserver/server.go,https://github.com/etcd-io/etcd/raw/a7e5790c82039945639798ae9a3289fe787f5e56/etcdserver%2Fserver.go,"['@@ -251,6 +251,8 @@', '@@ -626,6 +629,16 @@']"
coreos,etcd,f0eb772963f048cb91588f853a2037b83b9addde,pkg/httputil/httputil.go,https://github.com/etcd-io/etcd/raw/a7e5790c82039945639798ae9a3289fe787f5e56/pkg%2Fhttputil%2Fhttputil.go,"['@@ -1,22 +1,50 @@']"
coreos,etcd,f0eb772963f048cb91588f853a2037b83b9addde,pkg/httputil/httputil_test.go,https://github.com/etcd-io/etcd/raw/a7e5790c82039945639798ae9a3289fe787f5e56/pkg%2Fhttputil%2Fhttputil_test.go,"['@@ -0,0 +1,50 @@']"
goharbor,harbor,3868d54b5c9532ecc94c59a9b5f652cda91a73c7,src/core/api/user.go,https://github.com/goharbor/harbor/raw/b6db8a8a106259ec9a2c48be8a380cb3b37cf517/src%2Fcore%2Fapi%2Fuser.go,"['@@ -324,6 +324,14 @@']"
goharbor,harbor,3868d54b5c9532ecc94c59a9b5f652cda91a73c7,src/core/api/user_test.go,https://github.com/goharbor/harbor/raw/b6db8a8a106259ec9a2c48be8a380cb3b37cf517/src%2Fcore%2Fapi%2Fuser_test.go,"['@@ -123,59 +123,71 @@']"
hashicorp,nomad,6c4863c5f61b0cdfb609927f6f67e17d90454197,client/allocrunner/taskrunner/template/template.go,https://github.com/hashicorp/nomad/raw/e8238305ef0b9ef37be3efd86a8d34bfbed5f63f/client%2Fallocrunner%2Ftaskrunner%2Ftemplate%2Ftemplate.go,"['@@ -508,8 +508,12 @@', '@@ -525,6 +529,20 @@']"
hashicorp,nomad,6c4863c5f61b0cdfb609927f6f67e17d90454197,client/allocrunner/taskrunner/template/template_test.go,https://github.com/hashicorp/nomad/raw/e8238305ef0b9ef37be3efd86a8d34bfbed5f63f/client%2Fallocrunner%2Ftaskrunner%2Ftemplate%2Ftemplate_test.go,"['@@ -1022,6 +1023,52 @@']"
heketi,heketi,9cccea26f4f8d988cb4308b8bec9fdbb9ab0afc0,apps/glusterfs/app_device.go,https://github.com/heketi/heketi/raw/787bae461b23003a4daa4d1d639016a754cf6b00/apps%2Fglusterfs%2Fapp_device.go,"['@@ -28,6 +28,13 @@', '@@ -323,6 +330,12 @@']"
heketi,heketi,9cccea26f4f8d988cb4308b8bec9fdbb9ab0afc0,apps/glusterfs/app_node.go,https://github.com/heketi/heketi/raw/787bae461b23003a4daa4d1d639016a754cf6b00/apps%2Fglusterfs%2Fapp_node.go,"['@@ -28,6 +28,13 @@', '@@ -330,6 +337,12 @@']"
heketi,heketi,9cccea26f4f8d988cb4308b8bec9fdbb9ab0afc0,apps/glusterfs/app_volume.go,https://github.com/heketi/heketi/raw/787bae461b23003a4daa4d1d639016a754cf6b00/apps%2Fglusterfs%2Fapp_volume.go,"['@@ -34,6 +34,12 @@', '@@ -287,6 +293,12 @@']"
heketi,heketi,9cccea26f4f8d988cb4308b8bec9fdbb9ab0afc0,executors/sshexec/device.go,https://github.com/heketi/heketi/raw/787bae461b23003a4daa4d1d639016a754cf6b00/executors%2Fsshexec%2Fdevice.go,[]
heketi,heketi,9cccea26f4f8d988cb4308b8bec9fdbb9ab0afc0,pkg/glusterfs/api/types.go,https://github.com/heketi/heketi/raw/787bae461b23003a4daa4d1d639016a754cf6b00/pkg%2Fglusterfs%2Fapi%2Ftypes.go,"['@@ -18,9 +18,36 @@', '@@ -31,6 +58,15 @@', '@@ -39,11 +75,26 @@', '@@ -56,6 +107,35 @@', '@@ -73,11 +153,24 @@', '@@ -97,6 +190,14 @@', '@@ -160,6 +261,20 @@', '@@ -186,6 +301,12 @@']"
github,git-sizer,25d20f909794832c75d56cfb0444535200925ed4,git/git.go,https://github.com/github/git-sizer/raw/38400d6ddd79325e956b00ff584cfcc8dd96d536/git%2Fgit.go,"['@@ -61,6 +61,10 @@', '@@ -73,28 +77,36 @@', '@@ -108,7 +120,10 @@']"
github,git-sizer,25d20f909794832c75d56cfb0444535200925ed4,git/git_bin.go,https://github.com/github/git-sizer/raw/38400d6ddd79325e956b00ff584cfcc8dd96d536/git%2Fgit_bin.go,"['@@ -0,0 +1,27 @@']"
hashicorp,consul,9eafa36fa9d64dced1d1cb7a2b282bd6924d02d3,agent/consul/discoverychain/compile.go,https://github.com/hashicorp/consul/raw/69b44fb9424cfdc05f1b7243876ab10d236ef1fc/agent%2Fconsul%2Fdiscoverychain%2Fcompile.go,"['@@ -552,7 +552,12 @@']"
hashicorp,consul,9eafa36fa9d64dced1d1cb7a2b282bd6924d02d3,agent/consul/discoverychain/compile_test.go,https://github.com/hashicorp/consul/raw/69b44fb9424cfdc05f1b7243876ab10d236ef1fc/agent%2Fconsul%2Fdiscoverychain%2Fcompile_test.go,"['@@ -184,6 +185,68 @@']"
Yubico,yubihsm-connector,33e94e9034ffc52e29639386a191abd9b455d84b,api.go,https://github.com/Yubico/yubihsm-connector/raw/82bdf202c53460bac9106cc9b4b34a0a16cae0ed/api.go,[]
docker,docker,83c5131acd40ec6207c863954cafb0d9e30a072c,daemon/execdriver/native/create.go,https://github.com/moby/moby/raw/d5ebb60bddbabea0439213501f4f6ed494b23cba/daemon%2Fexecdriver%2Fnative%2Fcreate.go,"['@@ -6,12 +6,10 @@', '@@ -228,21 +226,16 @@']"
docker,docker,83c5131acd40ec6207c863954cafb0d9e30a072c,integration-cli/docker_cli_run_test.go,https://github.com/moby/moby/raw/d5ebb60bddbabea0439213501f4f6ed494b23cba/integration-cli%2Fdocker_cli_run_test.go,"['@@ -3487,3 +3487,21 @@']"
russellhaering,gosaml2,7f4c424c1f90766ae32ca954e8f6958ec36c85ac,decode_response.go,https://github.com/russellhaering/gosaml2/raw/42606dafba60c58c458f14f75c4c230459672ab9/decode_response.go,"['@@ -355,9 +356,11 @@', '@@ -369,6 +372,12 @@']"
russellhaering,gosaml2,7f4c424c1f90766ae32ca954e8f6958ec36c85ac,decode_response_test.go,https://github.com/russellhaering/gosaml2/raw/42606dafba60c58c458f14f75c4c230459672ab9/decode_response_test.go,"['@@ -131,3 +131,13 @@']"
russellhaering,gosaml2,7f4c424c1f90766ae32ca954e8f6958ec36c85ac,test_constants.go,https://github.com/russellhaering/gosaml2/raw/42606dafba60c58c458f14f75c4c230459672ab9/test_constants.go,"['@@ -406,3 +406,13 @@']"
kubernetes,kubernetes,396271cf52af70bc96ed378dd9ce1a865cc99647,staging/src/k8s.io/apimachinery/pkg/util/proxy/upgradeaware.go,https://github.com/kubernetes/kubernetes/raw/2257c1ecbe3c0cf71dd50b82752ae189c94ec905/staging%2Fsrc%2Fk8s.io%2Fapimachinery%2Fpkg%2Futil%2Fproxy%2Fupgradeaware.go,"['@@ -271,6 +272,18 @@', '@@ -295,6 +308,17 @@', '@@ -356,6 +380,19 @@']"
containernetworking,plugins,f7a2fc97e4282bdf82754bd758d0a5f9d4d99525,pkg/ip/link_linux.go,https://github.com/containernetworking/plugins/raw/ad10b6fa91aacd720f1f9ab94341a97a82a24965/pkg%2Fip%2Flink_linux.go,"['@@ -21,10 +21,12 @@', '@@ -158,6 +160,9 @@']"
containernetworking,plugins,f7a2fc97e4282bdf82754bd758d0a5f9d4d99525,plugins/main/bridge/bridge.go,https://github.com/containernetworking/plugins/raw/ad10b6fa91aacd720f1f9ab94341a97a82a24965/plugins%2Fmain%2Fbridge%2Fbridge.go,"['@@ -248,6 +249,9 @@']"
moby,moby,3162024e28c401750388da3417a44a552c6d5011,daemon/execdriver/native/template/default_template.go,https://github.com/moby/moby/raw/545b440a80f676a506e5837678dd4c4f65e78660/daemon%2Fexecdriver%2Fnative%2Ftemplate%2Fdefault_template.go,[]
kubernetes,kubernetes,9f44f7ecc2c44cd2570ad7cc6851a052894471a6,staging/src/k8s.io/apiserver/pkg/endpoints/metrics/metrics.go,https://github.com/kubernetes/kubernetes/raw/5978856c4c7f10737a11c9540fe60b8475beecbb/staging%2Fsrc%2Fk8s.io%2Fapiserver%2Fpkg%2Fendpoints%2Fmetrics%2Fmetrics.go,"['@@ -376,19 +374,6 @@']"
kubernetes,kubernetes,9f44f7ecc2c44cd2570ad7cc6851a052894471a6,staging/src/k8s.io/apiserver/pkg/endpoints/metrics/metrics_test.go,https://github.com/kubernetes/kubernetes/raw/9f44f7ecc2c44cd2570ad7cc6851a052894471a6/staging%2Fsrc%2Fk8s.io%2Fapiserver%2Fpkg%2Fendpoints%2Fmetrics%2Fmetrics_test.go,"['@@ -1,54 +0,0 @@']"
kubernetes,kubernetes,9f44f7ecc2c44cd2570ad7cc6851a052894471a6,staging/src/k8s.io/apiserver/pkg/server/healthz/healthz_test.go,https://github.com/kubernetes/kubernetes/raw/5978856c4c7f10737a11c9540fe60b8475beecbb/staging%2Fsrc%2Fk8s.io%2Fapiserver%2Fpkg%2Fserver%2Fhealthz%2Fhealthz_test.go,[]
crosbymichael,runc,7507c64ff675606c5ff96b0dd8889a60c589f14d,libcontainer/container_linux.go,https://github.com/crosbymichael/runc/raw/78dce1cf1ec36bbe7fe6767bdb81f7cbf6d34d70/libcontainer%2Fcontainer_linux.go,[]
crosbymichael,runc,7507c64ff675606c5ff96b0dd8889a60c589f14d,libcontainer/mount/mount.go,https://github.com/crosbymichael/runc/raw/78dce1cf1ec36bbe7fe6767bdb81f7cbf6d34d70/libcontainer%2Fmount%2Fmount.go,"['@@ -1,5 +1,10 @@', '@@ -21,3 +26,20 @@']"
crosbymichael,runc,7507c64ff675606c5ff96b0dd8889a60c589f14d,libcontainer/rootfs_linux.go,https://github.com/crosbymichael/runc/raw/78dce1cf1ec36bbe7fe6767bdb81f7cbf6d34d70/libcontainer%2Frootfs_linux.go,"['@@ -461,12 +461,9 @@', '@@ -489,13 +486,23 @@']"
opencontainers,runc,84373aaa560b3f14cfda210b2f34ca14fd4b1fce,libcontainer/apparmor/apparmor.go,https://github.com/opencontainers/runc/raw/cad42f6e0932db0ce08c3a3d9e89e6063ec283e4/libcontainer%2Fapparmor%2Fapparmor.go,"['@@ -6,6 +6,8 @@', '@@ -30,14 +32,18 @@']"
opencontainers,runc,84373aaa560b3f14cfda210b2f34ca14fd4b1fce,libcontainer/utils/utils_unix.go,https://github.com/opencontainers/runc/raw/cad42f6e0932db0ce08c3a3d9e89e6063ec283e4/libcontainer%2Futils%2Futils_unix.go,"['@@ -3,33 +3,57 @@']"
opencontainers,runc,84373aaa560b3f14cfda210b2f34ca14fd4b1fce,vendor/github.com/opencontainers/selinux/go-selinux/label/label_selinux.go,https://github.com/opencontainers/runc/raw/cad42f6e0932db0ce08c3a3d9e89e6063ec283e4/vendor%2Fgithub.com%2Fopencontainers%2Fselinux%2Fgo-selinux%2Flabel%2Flabel_selinux.go,"['@@ -51,13 +52,16 @@']"
opencontainers,runc,84373aaa560b3f14cfda210b2f34ca14fd4b1fce,vendor/github.com/opencontainers/selinux/go-selinux/selinux_linux.go,https://github.com/opencontainers/runc/raw/cad42f6e0932db0ce08c3a3d9e89e6063ec283e4/vendor%2Fgithub.com%2Fopencontainers%2Fselinux%2Fgo-selinux%2Fselinux_linux.go,"['@@ -18,6 +18,8 @@', '@@ -252,6 +254,12 @@', '@@ -263,6 +271,12 @@', '@@ -345,6 +359,12 @@', '@@ -392,6 +412,14 @@', '@@ -403,6 +431,11 @@']"
opencontainers,runc,84373aaa560b3f14cfda210b2f34ca14fd4b1fce,vendor/github.com/opencontainers/selinux/go-selinux/selinux_stub.go,https://github.com/opencontainers/runc/raw/cad42f6e0932db0ce08c3a3d9e89e6063ec283e4/vendor%2Fgithub.com%2Fopencontainers%2Fselinux%2Fgo-selinux%2Fselinux_stub.go,"['@@ -96,6 +96,14 @@', '@@ -109,6 +117,11 @@']"
opencontainers,selinux,bd4431961747d849bd92a9853f63f05235344637,go-selinux/selinux_linux.go,https://github.com/opencontainers/selinux/raw/03b517dc4fd57245b1cf506e8ba7b817b6d309da/go-selinux%2Fselinux_linux.go,"['@@ -253,6 +254,12 @@', '@@ -264,6 +271,12 @@', '@@ -346,6 +359,12 @@']"
fleetdm,fleet,5b432cccee47ac603cd02d35b6e3b61ee8ed0c59,server/sso/validate.go,https://github.com/fleetdm/fleet/raw/57812a532e5f749c8e18c6f6a652eca65c083607/server%2Fsso%2Fvalidate.go,"['@@ -103,8 +105,16 @@']"
fleetdm,fleet,5b432cccee47ac603cd02d35b6e3b61ee8ed0c59,server/sso/validate_test.go,https://github.com/fleetdm/fleet/raw/57812a532e5f749c8e18c6f6a652eca65c083607/server%2Fsso%2Fvalidate_test.go,"['@@ -171,6 +171,48 @@']"
mellium,xmpp,938c44c344391cb952080fc966ce325b432286ed,websocket/ws.go,https://github.com/mellium/xmpp/raw/0d92aa486da69b71f2f4a30e62aa722c711b98ac/websocket%2Fws.go,[]
containerd,containerd,7f1f9b1cbcc4c3081581a1c89cf163f909cb5446,remotes/docker/fetcher.go,https://github.com/containerd/containerd/raw/1ead8d9deb3b175bf40413b8c47b3d19c2262726/remotes%2Fdocker%2Ffetcher.go,"['@@ -56,6 +56,23 @@', '@@ -142,14 +159,6 @@']"
containerd,containerd,7f1f9b1cbcc4c3081581a1c89cf163f909cb5446,remotes/docker/fetcher_test.go,https://github.com/containerd/containerd/raw/1ead8d9deb3b175bf40413b8c47b3d19c2262726/remotes%2Fdocker%2Ffetcher_test.go,"['@@ -23,7 +23,12 @@', '@@ -92,3 +97,135 @@']"
hashicorp,vault-ssh-helper,5ce0eccbaab562983a3c08083c723f4a1bd73c1b,helper/agent.go,https://github.com/hashicorp/vault-ssh-helper/raw/83effd08cbcbe4b993d776bd9b39465cd9e4603f/helper%2Fagent.go,"['@@ -10,6 +10,9 @@', '@@ -131,23 +134,20 @@']"
hashicorp,vault-ssh-helper,5ce0eccbaab562983a3c08083c723f4a1bd73c1b,helper/agent_test.go,https://github.com/hashicorp/vault-ssh-helper/raw/83effd08cbcbe4b993d776bd9b39465cd9e4603f/helper%2Fagent_test.go,"['@@ -5,6 +5,48 @@']"
github,gh-ost,1460aa1666616733dcad29732362f1a77f546b56,go/cmd/gh-ost/main.go,https://github.com/github/gh-ost/raw/a91ab042de013cfd8fbb633763438932d9080d8f/go%2Fcmd%2Fgh-ost%2Fmain.go,"['@@ -188,6 +189,11 @@']"
go-gitea,gitea,912953e82a851492c7fd1f2e9c10d3a1955b625c,models/issue_mail.go,https://github.com/go-gitea/gitea/raw/194a11eb110cd98fc2ba52861abf7770db6885a3/models%2Fissue_mail.go,"['@@ -87,7 +88,9 @@', '@@ -99,7 +102,12 @@']"
kubernetes,kubernetes,3bd855a342a1dc5583dcedc72b6b49f7b369cce7,pkg/api/rest/create.go,https://github.com/kubernetes/kubernetes/raw/37f730f68c7f06e060f90714439bfb0dbb2df5e7/pkg%2Fapi%2Frest%2Fcreate.go,"['@@ -68,6 +69,14 @@']"
kubernetes,kubernetes,3bd855a342a1dc5583dcedc72b6b49f7b369cce7,pkg/api/rest/resttest/resttest.go,https://github.com/kubernetes/kubernetes/raw/37f730f68c7f06e060f90714439bfb0dbb2df5e7/pkg%2Fapi%2Frest%2Fresttest%2Fresttest.go,"['@@ -346,6 +348,32 @@']"
kubernetes,kubernetes,3bd855a342a1dc5583dcedc72b6b49f7b369cce7,pkg/api/validation/name.go,https://github.com/kubernetes/kubernetes/raw/37f730f68c7f06e060f90714439bfb0dbb2df5e7/pkg%2Fapi%2Fvalidation%2Fname.go,"['@@ -0,0 +1,48 @@']"
kubernetes,kubernetes,3bd855a342a1dc5583dcedc72b6b49f7b369cce7,pkg/api/validation/name_test.go,https://github.com/kubernetes/kubernetes/raw/37f730f68c7f06e060f90714439bfb0dbb2df5e7/pkg%2Fapi%2Fvalidation%2Fname_test.go,"['@@ -0,0 +1,149 @@']"
kubernetes,kubernetes,3bd855a342a1dc5583dcedc72b6b49f7b369cce7,pkg/registry/generic/etcd/etcd.go,https://github.com/kubernetes/kubernetes/raw/37f730f68c7f06e060f90714439bfb0dbb2df5e7/pkg%2Fregistry%2Fgeneric%2Fetcd%2Fetcd.go,"['@@ -128,10 +129,25 @@']"
kubernetes,kubernetes,3bd855a342a1dc5583dcedc72b6b49f7b369cce7,pkg/registry/namespace/etcd/etcd.go,https://github.com/kubernetes/kubernetes/raw/37f730f68c7f06e060f90714439bfb0dbb2df5e7/pkg%2Fregistry%2Fnamespace%2Fetcd%2Fetcd.go,[]
kubernetes,kubernetes,3bd855a342a1dc5583dcedc72b6b49f7b369cce7,pkg/registry/node/etcd/etcd.go,https://github.com/kubernetes/kubernetes/raw/37f730f68c7f06e060f90714439bfb0dbb2df5e7/pkg%2Fregistry%2Fnode%2Fetcd%2Fetcd.go,[]
kubernetes,kubernetes,3bd855a342a1dc5583dcedc72b6b49f7b369cce7,pkg/registry/persistentvolume/etcd/etcd.go,https://github.com/kubernetes/kubernetes/raw/37f730f68c7f06e060f90714439bfb0dbb2df5e7/pkg%2Fregistry%2Fpersistentvolume%2Fetcd%2Fetcd.go,"['@@ -17,8 +17,6 @@']"
kubernetes,kubernetes,3bd855a342a1dc5583dcedc72b6b49f7b369cce7,pkg/storage/util.go,https://github.com/kubernetes/kubernetes/raw/37f730f68c7f06e060f90714439bfb0dbb2df5e7/pkg%2Fstorage%2Futil.go,"['@@ -17,10 +17,12 @@', '@@ -56,6 +58,10 @@', '@@ -64,5 +70,9 @@']"
kubernetes,kubernetes,054b779cebfa8952abef41048a79ad0cfa3a43ec,pkg/api/rest/create.go,https://github.com/kubernetes/kubernetes/raw/68f2add9bd5d43b9da1424d87d88f83d120e17d0/pkg%2Fapi%2Frest%2Fcreate.go,"['@@ -68,6 +69,14 @@']"
kubernetes,kubernetes,054b779cebfa8952abef41048a79ad0cfa3a43ec,pkg/api/rest/resttest/resttest.go,https://github.com/kubernetes/kubernetes/raw/68f2add9bd5d43b9da1424d87d88f83d120e17d0/pkg%2Fapi%2Frest%2Fresttest%2Fresttest.go,"['@@ -346,6 +348,32 @@']"
kubernetes,kubernetes,054b779cebfa8952abef41048a79ad0cfa3a43ec,pkg/api/validation/name.go,https://github.com/kubernetes/kubernetes/raw/68f2add9bd5d43b9da1424d87d88f83d120e17d0/pkg%2Fapi%2Fvalidation%2Fname.go,"['@@ -0,0 +1,48 @@']"
kubernetes,kubernetes,054b779cebfa8952abef41048a79ad0cfa3a43ec,pkg/api/validation/name_test.go,https://github.com/kubernetes/kubernetes/raw/68f2add9bd5d43b9da1424d87d88f83d120e17d0/pkg%2Fapi%2Fvalidation%2Fname_test.go,"['@@ -0,0 +1,149 @@']"
kubernetes,kubernetes,054b779cebfa8952abef41048a79ad0cfa3a43ec,pkg/registry/generic/etcd/etcd.go,https://github.com/kubernetes/kubernetes/raw/68f2add9bd5d43b9da1424d87d88f83d120e17d0/pkg%2Fregistry%2Fgeneric%2Fetcd%2Fetcd.go,"['@@ -128,10 +129,25 @@']"
kubernetes,kubernetes,054b779cebfa8952abef41048a79ad0cfa3a43ec,pkg/registry/namespace/etcd/etcd.go,https://github.com/kubernetes/kubernetes/raw/68f2add9bd5d43b9da1424d87d88f83d120e17d0/pkg%2Fregistry%2Fnamespace%2Fetcd%2Fetcd.go,[]
kubernetes,kubernetes,054b779cebfa8952abef41048a79ad0cfa3a43ec,pkg/registry/node/etcd/etcd.go,https://github.com/kubernetes/kubernetes/raw/68f2add9bd5d43b9da1424d87d88f83d120e17d0/pkg%2Fregistry%2Fnode%2Fetcd%2Fetcd.go,[]
kubernetes,kubernetes,054b779cebfa8952abef41048a79ad0cfa3a43ec,pkg/registry/persistentvolume/etcd/etcd.go,https://github.com/kubernetes/kubernetes/raw/68f2add9bd5d43b9da1424d87d88f83d120e17d0/pkg%2Fregistry%2Fpersistentvolume%2Fetcd%2Fetcd.go,"['@@ -17,8 +17,6 @@']"
kubernetes,kubernetes,054b779cebfa8952abef41048a79ad0cfa3a43ec,pkg/storage/util.go,https://github.com/kubernetes/kubernetes/raw/68f2add9bd5d43b9da1424d87d88f83d120e17d0/pkg%2Fstorage%2Futil.go,"['@@ -17,10 +17,12 @@', '@@ -56,6 +58,10 @@', '@@ -64,5 +70,9 @@']"
git-lfs,git-lfs,e896fc7af7db0990fa07de35d1c62e25189c3173,commands/commands.go,https://github.com/git-lfs/git-lfs/raw/fc664697ed2c2081ee9633010de0a7f9debea72a/commands%2Fcommands.go,[]
git-lfs,git-lfs,e896fc7af7db0990fa07de35d1c62e25189c3173,config/version.go,https://github.com/git-lfs/git-lfs/raw/fc664697ed2c2081ee9633010de0a7f9debea72a/config%2Fversion.go,[]
git-lfs,git-lfs,e896fc7af7db0990fa07de35d1c62e25189c3173,creds/creds.go,https://github.com/git-lfs/git-lfs/raw/fc664697ed2c2081ee9633010de0a7f9debea72a/creds%2Fcreds.go,[]
git-lfs,git-lfs,e896fc7af7db0990fa07de35d1c62e25189c3173,lfs/extension.go,https://github.com/git-lfs/git-lfs/raw/fc664697ed2c2081ee9633010de0a7f9debea72a/lfs%2Fextension.go,[]
git-lfs,git-lfs,e896fc7af7db0990fa07de35d1c62e25189c3173,lfshttp/ssh.go,https://github.com/git-lfs/git-lfs/raw/fc664697ed2c2081ee9633010de0a7f9debea72a/lfshttp%2Fssh.go,[]
kubernetes,client-go,e10a9b6eaa3995b70a47e04dd7dcc355181905d1,discovery/cached/disk/cached_discovery.go,https://github.com/kubernetes/client-go/raw/790a4f63632139cf6731014d00a9a8338f1fbd7d/discovery%2Fcached%2Fdisk%2Fcached_discovery.go,[]
kubernetes,client-go,e10a9b6eaa3995b70a47e04dd7dcc355181905d1,discovery/cached/disk/cached_discovery_test.go,https://github.com/kubernetes/client-go/raw/790a4f63632139cf6731014d00a9a8338f1fbd7d/discovery%2Fcached%2Fdisk%2Fcached_discovery_test.go,"['@@ -96,6 +97,32 @@']"
kubernetes,client-go,e10a9b6eaa3995b70a47e04dd7dcc355181905d1,discovery/cached/disk/round_tripper.go,https://github.com/kubernetes/client-go/raw/790a4f63632139cf6731014d00a9a8338f1fbd7d/discovery%2Fcached%2Fdisk%2Fround_tripper.go,"['@@ -35,6 +36,8 @@']"
kubernetes,client-go,e10a9b6eaa3995b70a47e04dd7dcc355181905d1,discovery/cached/disk/round_tripper_test.go,https://github.com/kubernetes/client-go/raw/790a4f63632139cf6731014d00a9a8338f1fbd7d/discovery%2Fcached%2Fdisk%2Fround_tripper_test.go,"['@@ -22,7 +22,10 @@', '@@ -93,3 +96,52 @@']"
google,fscrypt,1ab74f59b52ec244fee003effa8415c6c4038a54,actions/context.go,https://github.com/google/fscrypt/raw/91aa3ebf42032ca783c41f9ec25d885875f66ddb/actions%2Fcontext.go,"['@@ -58,6 +58,12 @@', '@@ -112,6 +118,16 @@']"
google,fscrypt,1ab74f59b52ec244fee003effa8415c6c4038a54,actions/context_test.go,https://github.com/google/fscrypt/raw/91aa3ebf42032ca783c41f9ec25d885875f66ddb/actions%2Fcontext_test.go,[]
google,fscrypt,1ab74f59b52ec244fee003effa8415c6c4038a54,actions/policy.go,https://github.com/google/fscrypt/raw/91aa3ebf42032ca783c41f9ec25d885875f66ddb/actions%2Fpolicy.go,"['@@ -210,6 +212,12 @@', '@@ -410,6 +418,25 @@', '@@ -427,8 +454,13 @@']"
google,fscrypt,1ab74f59b52ec244fee003effa8415c6c4038a54,actions/policy_test.go,https://github.com/google/fscrypt/raw/91aa3ebf42032ca783c41f9ec25d885875f66ddb/actions%2Fpolicy_test.go,[]
google,fscrypt,1ab74f59b52ec244fee003effa8415c6c4038a54,actions/protector.go,https://github.com/google/fscrypt/raw/91aa3ebf42032ca783c41f9ec25d885875f66ddb/actions%2Fprotector.go,[]
google,fscrypt,1ab74f59b52ec244fee003effa8415c6c4038a54,actions/protector_test.go,https://github.com/google/fscrypt/raw/91aa3ebf42032ca783c41f9ec25d885875f66ddb/actions%2Fprotector_test.go,[]
google,fscrypt,1ab74f59b52ec244fee003effa8415c6c4038a54,actions/recovery.go,https://github.com/google/fscrypt/raw/91aa3ebf42032ca783c41f9ec25d885875f66ddb/actions%2Frecovery.go,"['@@ -121,5 +122,10 @@']"
google,fscrypt,1ab74f59b52ec244fee003effa8415c6c4038a54,cmd/fscrypt/commands.go,https://github.com/google/fscrypt/raw/91aa3ebf42032ca783c41f9ec25d885875f66ddb/cmd%2Ffscrypt%2Fcommands.go,[]
google,fscrypt,1ab74f59b52ec244fee003effa8415c6c4038a54,cmd/fscrypt/errors.go,https://github.com/google/fscrypt/raw/91aa3ebf42032ca783c41f9ec25d885875f66ddb/cmd%2Ffscrypt%2Ferrors.go,"['@@ -232,6 +232,10 @@']"
google,fscrypt,1ab74f59b52ec244fee003effa8415c6c4038a54,cmd/fscrypt/flags.go,https://github.com/google/fscrypt/raw/91aa3ebf42032ca783c41f9ec25d885875f66ddb/cmd%2Ffscrypt%2Fflags.go,"['@@ -164,14 +165,23 @@']"
google,fscrypt,1ab74f59b52ec244fee003effa8415c6c4038a54,cmd/fscrypt/protector.go,https://github.com/google/fscrypt/raw/91aa3ebf42032ca783c41f9ec25d885875f66ddb/cmd%2Ffscrypt%2Fprotector.go,"['@@ -70,7 +70,11 @@']"
google,fscrypt,1ab74f59b52ec244fee003effa8415c6c4038a54,cmd/fscrypt/setup.go,https://github.com/google/fscrypt/raw/91aa3ebf42032ca783c41f9ec25d885875f66ddb/cmd%2Ffscrypt%2Fsetup.go,"['@@ -80,11 +81,47 @@']"
google,fscrypt,1ab74f59b52ec244fee003effa8415c6c4038a54,cmd/fscrypt/status.go,https://github.com/google/fscrypt/raw/91aa3ebf42032ca783c41f9ec25d885875f66ddb/cmd%2Ffscrypt%2Fstatus.go,"['@@ -114,8 +114,11 @@', '@@ -157,14 +160,27 @@']"
google,fscrypt,1ab74f59b52ec244fee003effa8415c6c4038a54,filesystem/filesystem.go,https://github.com/google/fscrypt/raw/91aa3ebf42032ca783c41f9ec25d885875f66ddb/filesystem%2Ffilesystem.go,"['@@ -34,13 +34,15 @@', '@@ -83,6 +85,17 @@', '@@ -94,6 +107,27 @@', '@@ -112,6 +146,17 @@', '@@ -207,12 +252,32 @@', '@@ -343,26 +408,94 @@', '@@ -372,18 +505,52 @@', '@@ -436,23 +603,59 @@', '@@ -492,29 +695,107 @@', '@@ -533,43 +814,36 @@', '@@ -590,38 +864,52 @@', '@@ -657,30 +945,28 @@', '@@ -764,7 +1048,41 @@']"
google,fscrypt,1ab74f59b52ec244fee003effa8415c6c4038a54,filesystem/filesystem_test.go,https://github.com/google/fscrypt/raw/91aa3ebf42032ca783c41f9ec25d885875f66ddb/filesystem%2Ffilesystem_test.go,"['@@ -21,12 +21,14 @@', '@@ -58,6 +60,19 @@', '@@ -110,16 +125,6 @@', '@@ -188,6 +193,57 @@', '@@ -313,6 +369,85 @@', '@@ -382,3 +517,95 @@']"
google,fscrypt,1ab74f59b52ec244fee003effa8415c6c4038a54,filesystem/mountpoint.go,https://github.com/google/fscrypt/raw/91aa3ebf42032ca783c41f9ec25d885875f66ddb/filesystem%2Fmountpoint.go,"['@@ -77,6 +77,21 @@']"
google,fscrypt,1ab74f59b52ec244fee003effa8415c6c4038a54,filesystem/mountpoint_test.go,https://github.com/google/fscrypt/raw/91aa3ebf42032ca783c41f9ec25d885875f66ddb/filesystem%2Fmountpoint_test.go,"['@@ -179,6 +179,21 @@']"
google,fscrypt,1ab74f59b52ec244fee003effa8415c6c4038a54,filesystem/path.go,https://github.com/google/fscrypt/raw/91aa3ebf42032ca783c41f9ec25d885875f66ddb/filesystem%2Fpath.go,"['@@ -38,9 +38,6 @@', '@@ -67,28 +64,22 @@']"
google,fscrypt,1ab74f59b52ec244fee003effa8415c6c4038a54,metadata/config_test.go,https://github.com/google/fscrypt/raw/91aa3ebf42032ca783c41f9ec25d885875f66ddb/metadata%2Fconfig_test.go,[]
google,fscrypt,1ab74f59b52ec244fee003effa8415c6c4038a54,metadata/metadata.pb.go,https://github.com/google/fscrypt/raw/91aa3ebf42032ca783c41f9ec25d885875f66ddb/metadata%2Fmetadata.pb.go,"['@@ -515,6 +516,13 @@', '@@ -527,53 +535,55 @@']"
google,fscrypt,1ab74f59b52ec244fee003effa8415c6c4038a54,pam_fscrypt/run_fscrypt.go,https://github.com/google/fscrypt/raw/91aa3ebf42032ca783c41f9ec25d885875f66ddb/pam_fscrypt%2Frun_fscrypt.go,"['@@ -57,6 +58,10 @@', '@@ -67,6 +72,14 @@', '@@ -85,7 +98,13 @@', '@@ -137,6 +156,13 @@', '@@ -164,10 +190,14 @@']"
clastix,capsule-proxy,e9fbcf4472fbc9432386f5137616069ab2f676be,internal/webserver/webserver.go,https://github.com/projectcapsule/capsule-proxy/raw/efe91f68ebf8a9e3d21491dc57da7b8a746415d8/internal%2Fwebserver%2Fwebserver.go,"['@@ -178,6 +180,9 @@', '@@ -355,3 +360,28 @@']"
casdoor,casdoor,051752340d21470db4020b9cf1b46fa50ae908a9,object/adapter.go,https://github.com/casdoor/casdoor/raw/5ec0c7a89005819960d8fe07f5ddda13d1371b8c/object%2Fadapter.go,"['@@ -190,12 +190,17 @@']"
casdoor,casdoor,051752340d21470db4020b9cf1b46fa50ae908a9,object/application.go,https://github.com/casdoor/casdoor/raw/5ec0c7a89005819960d8fe07f5ddda13d1371b8c/object%2Fapplication.go,"['@@ -56,10 +56,7 @@']"
casdoor,casdoor,051752340d21470db4020b9cf1b46fa50ae908a9,object/cert.go,https://github.com/casdoor/casdoor/raw/5ec0c7a89005819960d8fe07f5ddda13d1371b8c/object%2Fcert.go,"['@@ -53,10 +53,7 @@']"
casdoor,casdoor,051752340d21470db4020b9cf1b46fa50ae908a9,object/check.go,https://github.com/casdoor/casdoor/raw/5ec0c7a89005819960d8fe07f5ddda13d1371b8c/object%2Fcheck.go,"['@@ -23,10 +23,14 @@', '@@ -179,3 +183,7 @@']"
casdoor,casdoor,051752340d21470db4020b9cf1b46fa50ae908a9,object/organization.go,https://github.com/casdoor/casdoor/raw/5ec0c7a89005819960d8fe07f5ddda13d1371b8c/object%2Forganization.go,"['@@ -15,8 +15,6 @@', '@@ -39,10 +37,7 @@']"
casdoor,casdoor,051752340d21470db4020b9cf1b46fa50ae908a9,object/permission.go,https://github.com/casdoor/casdoor/raw/5ec0c7a89005819960d8fe07f5ddda13d1371b8c/object%2Fpermission.go,"['@@ -39,10 +39,7 @@']"
casdoor,casdoor,051752340d21470db4020b9cf1b46fa50ae908a9,object/provider.go,https://github.com/casdoor/casdoor/raw/5ec0c7a89005819960d8fe07f5ddda13d1371b8c/object%2Fprovider.go,"['@@ -81,10 +81,7 @@']"
casdoor,casdoor,051752340d21470db4020b9cf1b46fa50ae908a9,object/record.go,https://github.com/casdoor/casdoor/raw/5ec0c7a89005819960d8fe07f5ddda13d1371b8c/object%2Frecord.go,"['@@ -102,10 +102,7 @@']"
casdoor,casdoor,051752340d21470db4020b9cf1b46fa50ae908a9,object/resource.go,https://github.com/casdoor/casdoor/raw/5ec0c7a89005819960d8fe07f5ddda13d1371b8c/object%2Fresource.go,"['@@ -40,11 +40,8 @@']"
casdoor,casdoor,051752340d21470db4020b9cf1b46fa50ae908a9,object/role.go,https://github.com/casdoor/casdoor/raw/5ec0c7a89005819960d8fe07f5ddda13d1371b8c/object%2Frole.go,"['@@ -33,10 +33,7 @@']"
casdoor,casdoor,051752340d21470db4020b9cf1b46fa50ae908a9,object/syncer.go,https://github.com/casdoor/casdoor/raw/5ec0c7a89005819960d8fe07f5ddda13d1371b8c/object%2Fsyncer.go,"['@@ -56,10 +56,7 @@']"
casdoor,casdoor,051752340d21470db4020b9cf1b46fa50ae908a9,object/token.go,https://github.com/casdoor/casdoor/raw/5ec0c7a89005819960d8fe07f5ddda13d1371b8c/object%2Ftoken.go,"['@@ -57,10 +57,7 @@']"
casdoor,casdoor,051752340d21470db4020b9cf1b46fa50ae908a9,object/user.go,https://github.com/casdoor/casdoor/raw/5ec0c7a89005819960d8fe07f5ddda13d1371b8c/object%2Fuser.go,"['@@ -89,10 +89,7 @@', '@@ -123,10 +120,7 @@']"
casdoor,casdoor,051752340d21470db4020b9cf1b46fa50ae908a9,object/webhook.go,https://github.com/casdoor/casdoor/raw/5ec0c7a89005819960d8fe07f5ddda13d1371b8c/object%2Fwebhook.go,"['@@ -43,10 +43,7 @@']"
istio,istio,ca06fdad7d69dcdd5fda9a7c596ebf000c3bd8ce,pilot/pkg/model/context.go,https://github.com/istio/istio/raw/5f3b5ed958ae75156f8656fe7b3794f78e94db84/pilot%2Fpkg%2Fmodel%2Fcontext.go,[]
istio,istio,ca06fdad7d69dcdd5fda9a7c596ebf000c3bd8ce,pilot/pkg/model/context_test.go,https://github.com/istio/istio/raw/5f3b5ed958ae75156f8656fe7b3794f78e94db84/pilot%2Fpkg%2Fmodel%2Fcontext_test.go,"['@@ -145,13 +145,15 @@', '@@ -166,6 +168,9 @@']"
istio,istio,ca06fdad7d69dcdd5fda9a7c596ebf000c3bd8ce,pilot/pkg/networking/core/v1alpha3/cluster_builder_test.go,https://github.com/istio/istio/raw/5f3b5ed958ae75156f8656fe7b3794f78e94db84/pilot%2Fpkg%2Fnetworking%2Fcore%2Fv1alpha3%2Fcluster_builder_test.go,[]
istio,istio,ca06fdad7d69dcdd5fda9a7c596ebf000c3bd8ce,security/pkg/server/ca/authenticate/oidc.go,https://github.com/istio/istio/raw/5f3b5ed958ae75156f8656fe7b3794f78e94db84/security%2Fpkg%2Fserver%2Fca%2Fauthenticate%2Foidc.go,[]
istio,istio,ca06fdad7d69dcdd5fda9a7c596ebf000c3bd8ce,security/pkg/util/jwtutil.go,https://github.com/istio/istio/raw/5f3b5ed958ae75156f8656fe7b3794f78e94db84/security%2Fpkg%2Futil%2Fjwtutil.go,[]
istio,istio,ca06fdad7d69dcdd5fda9a7c596ebf000c3bd8ce,security/pkg/util/jwtutil_test.go,https://github.com/istio/istio/raw/5f3b5ed958ae75156f8656fe7b3794f78e94db84/security%2Fpkg%2Futil%2Fjwtutil_test.go,"['@@ -133,7 +133,9 @@']"
go-vela,server,5a3ffe34701a1451192376bb87e8a03ad361a5ed,source/github/authentication.go,https://github.com/go-vela/server/raw/cb4352918b8ecace9fe969b90404d337b0744d46/source%2Fgithub%2Fauthentication.go,"['@@ -9,10 +9,12 @@', '@@ -110,6 +112,49 @@']"
go-vela,server,5a3ffe34701a1451192376bb87e8a03ad361a5ed,source/github/authentication_test.go,https://github.com/go-vela/server/raw/cb4352918b8ecace9fe969b90404d337b0744d46/source%2Fgithub%2Fauthentication_test.go,"['@@ -384,6 +384,42 @@']"
argoproj,argo-cd,f4ced4670a09483741643aad53f00898e8c0f4e5,reposerver/repository/repository.go,https://github.com/argoproj/argo-cd/raw/78c2084f0febd159039ff785ddc2bd4ba1cecf88/reposerver%2Frepository%2Frepository.go,"['@@ -66,6 +65,9 @@', '@@ -554,6 +556,146 @@', '@@ -583,31 +725,14 @@']"
argoproj,argo-cd,f4ced4670a09483741643aad53f00898e8c0f4e5,reposerver/repository/repository_test.go,https://github.com/argoproj/argo-cd/raw/78c2084f0febd159039ff785ddc2bd4ba1cecf88/reposerver%2Frepository%2Frepository_test.go,"['@@ -777,33 +777,88 @@', '@@ -1631,3 +1686,178 @@']"
aws,aws-sdk-go,9dbc703df458bf0c6a62449bf1dae683b9e43c4a,internal/sync/singleflight/singleflight_test.go,https://github.com/aws/aws-sdk-go/raw/35fa6ddf45c061e0f08d3a3b5119f8f4da38f6d1/internal%2Fsync%2Fsingleflight%2Fsingleflight_test.go,[]
aws,aws-sdk-go,9dbc703df458bf0c6a62449bf1dae683b9e43c4a,service/s3/s3crypto/aes_cbc_content_cipher.go,https://github.com/aws/aws-sdk-go/raw/35fa6ddf45c061e0f08d3a3b5119f8f4da38f6d1/service%2Fs3%2Fs3crypto%2Faes_cbc_content_cipher.go,"['@@ -15,8 +15,14 @@']"
aws,aws-sdk-go,9dbc703df458bf0c6a62449bf1dae683b9e43c4a,service/s3/s3crypto/aes_gcm_content_cipher.go,https://github.com/aws/aws-sdk-go/raw/35fa6ddf45c061e0f08d3a3b5119f8f4da38f6d1/service%2Fs3%2Fs3crypto%2Faes_gcm_content_cipher.go,"['@@ -15,6 +15,13 @@', '@@ -29,9 +36,14 @@']"
aws,aws-sdk-go,9dbc703df458bf0c6a62449bf1dae683b9e43c4a,service/s3/s3crypto/aes_gcm_content_cipher_test.go,https://github.com/aws/aws-sdk-go/raw/35fa6ddf45c061e0f08d3a3b5119f8f4da38f6d1/service%2Fs3%2Fs3crypto%2Faes_gcm_content_cipher_test.go,"['@@ -26,3 +27,7 @@']"
aws,aws-sdk-go,9dbc703df458bf0c6a62449bf1dae683b9e43c4a,service/s3/s3crypto/aes_gcm_test.go,https://github.com/aws/aws-sdk-go/raw/35fa6ddf45c061e0f08d3a3b5119f8f4da38f6d1/service%2Fs3%2Fs3crypto%2Faes_gcm_test.go,"['@@ -1,8 +1,11 @@', '@@ -42,11 +45,62 @@', '@@ -105,6 +159,8 @@']"
aws,aws-sdk-go,9dbc703df458bf0c6a62449bf1dae683b9e43c4a,service/s3/s3crypto/cipher_util.go,https://github.com/aws/aws-sdk-go/raw/35fa6ddf45c061e0f08d3a3b5119f8f4da38f6d1/service%2Fs3%2Fs3crypto%2Fcipher_util.go,"['@@ -3,95 +3,15 @@']"
aws,aws-sdk-go,9dbc703df458bf0c6a62449bf1dae683b9e43c4a,service/s3/s3crypto/cipher_util_test.go,https://github.com/aws/aws-sdk-go/raw/35fa6ddf45c061e0f08d3a3b5119f8f4da38f6d1/service%2Fs3%2Fs3crypto%2Fcipher_util_test.go,[]
aws,aws-sdk-go,9dbc703df458bf0c6a62449bf1dae683b9e43c4a,service/s3/s3crypto/decryption_client.go,https://github.com/aws/aws-sdk-go/raw/35fa6ddf45c061e0f08d3a3b5119f8f4da38f6d1/service%2Fs3%2Fs3crypto%2Fdecryption_client.go,"['@@ -25,6 +25,8 @@', '@@ -45,6 +47,8 @@', '@@ -82,47 +86,24 @@', '@@ -132,9 +113,18 @@']"
aws,aws-sdk-go,9dbc703df458bf0c6a62449bf1dae683b9e43c4a,service/s3/s3crypto/decryption_client_v2.go,https://github.com/aws/aws-sdk-go/raw/35fa6ddf45c061e0f08d3a3b5119f8f4da38f6d1/service%2Fs3%2Fs3crypto%2Fdecryption_client_v2.go,"['@@ -0,0 +1,115 @@']"
aws,aws-sdk-go,9dbc703df458bf0c6a62449bf1dae683b9e43c4a,service/s3/s3crypto/decryption_client_v2_test.go,https://github.com/aws/aws-sdk-go/raw/35fa6ddf45c061e0f08d3a3b5119f8f4da38f6d1/service%2Fs3%2Fs3crypto%2Fdecryption_client_v2_test.go,"['@@ -0,0 +1,39 @@']"
aws,aws-sdk-go,9dbc703df458bf0c6a62449bf1dae683b9e43c4a,service/s3/s3crypto/deprecations.go,https://github.com/aws/aws-sdk-go/raw/35fa6ddf45c061e0f08d3a3b5119f8f4da38f6d1/service%2Fs3%2Fs3crypto%2Fdeprecations.go,"['@@ -0,0 +1,10 @@']"
aws,aws-sdk-go,9dbc703df458bf0c6a62449bf1dae683b9e43c4a,service/s3/s3crypto/deprecations_test.go,https://github.com/aws/aws-sdk-go/raw/35fa6ddf45c061e0f08d3a3b5119f8f4da38f6d1/service%2Fs3%2Fs3crypto%2Fdeprecations_test.go,"['@@ -0,0 +1,51 @@']"
aws,aws-sdk-go,9dbc703df458bf0c6a62449bf1dae683b9e43c4a,service/s3/s3crypto/doc.go,https://github.com/aws/aws-sdk-go/raw/35fa6ddf45c061e0f08d3a3b5119f8f4da38f6d1/service%2Fs3%2Fs3crypto%2Fdoc.go,"['@@ -15,29 +15,34 @@', '@@ -48,19 +53,43 @@']"
aws,aws-sdk-go,9dbc703df458bf0c6a62449bf1dae683b9e43c4a,service/s3/s3crypto/encryption_client.go,https://github.com/aws/aws-sdk-go/raw/35fa6ddf45c061e0f08d3a3b5119f8f4da38f6d1/service%2Fs3%2Fs3crypto%2Fencryption_client.go,"['@@ -1,13 +1,9 @@', '@@ -20,6 +16,8 @@', '@@ -39,9 +37,11 @@', '@@ -74,76 +74,17 @@', '@@ -153,9 +94,19 @@']"
aws,aws-sdk-go,9dbc703df458bf0c6a62449bf1dae683b9e43c4a,service/s3/s3crypto/encryption_client_v2.go,https://github.com/aws/aws-sdk-go/raw/35fa6ddf45c061e0f08d3a3b5119f8f4da38f6d1/service%2Fs3%2Fs3crypto%2Fencryption_client_v2.go,"['@@ -0,0 +1,108 @@']"
aws,aws-sdk-go,9dbc703df458bf0c6a62449bf1dae683b9e43c4a,service/s3/s3crypto/envelope.go,https://github.com/aws/aws-sdk-go/raw/35fa6ddf45c061e0f08d3a3b5119f8f4da38f6d1/service%2Fs3%2Fs3crypto%2Fenvelope.go,[]
aws,aws-sdk-go,9dbc703df458bf0c6a62449bf1dae683b9e43c4a,service/s3/s3crypto/integration/main_test.go,https://github.com/aws/aws-sdk-go/raw/35fa6ddf45c061e0f08d3a3b5119f8f4da38f6d1/service%2Fs3%2Fs3crypto%2Fintegration%2Fmain_test.go,"['@@ -0,0 +1,187 @@']"
aws,aws-sdk-go,9dbc703df458bf0c6a62449bf1dae683b9e43c4a,service/s3/s3crypto/key_handler.go,https://github.com/aws/aws-sdk-go/raw/35fa6ddf45c061e0f08d3a3b5119f8f4da38f6d1/service%2Fs3%2Fs3crypto%2Fkey_handler.go,"['@@ -20,6 +20,22 @@', '@@ -30,8 +46,11 @@']"
aws,aws-sdk-go,9dbc703df458bf0c6a62449bf1dae683b9e43c4a,service/s3/s3crypto/key_handler_test.go,https://github.com/aws/aws-sdk-go/raw/35fa6ddf45c061e0f08d3a3b5119f8f4da38f6d1/service%2Fs3%2Fs3crypto%2Fkey_handler_test.go,[]
aws,aws-sdk-go,9dbc703df458bf0c6a62449bf1dae683b9e43c4a,service/s3/s3crypto/kms_key_handler.go,https://github.com/aws/aws-sdk-go/raw/35fa6ddf45c061e0f08d3a3b5119f8f4da38f6d1/service%2Fs3%2Fs3crypto%2Fkms_key_handler.go,"['@@ -1,6 +1,8 @@', '@@ -10,12 +12,16 @@', '@@ -28,35 +34,73 @@', '@@ -67,6 +111,8 @@', '@@ -76,6 +122,26 @@', '@@ -86,13 +152,16 @@', '@@ -121,26 +190,56 @@']"
aws,aws-sdk-go,9dbc703df458bf0c6a62449bf1dae683b9e43c4a,service/s3/s3crypto/kms_key_handler_test.go,https://github.com/aws/aws-sdk-go/raw/35fa6ddf45c061e0f08d3a3b5119f8f4da38f6d1/service%2Fs3%2Fs3crypto%2Fkms_key_handler_test.go,"['@@ -4,7 +4,9 @@', '@@ -105,10 +107,98 @@', '@@ -120,9 +210,17 @@']"
aws,aws-sdk-go,9dbc703df458bf0c6a62449bf1dae683b9e43c4a,service/s3/s3crypto/migrations_test.go,https://github.com/aws/aws-sdk-go/raw/35fa6ddf45c061e0f08d3a3b5119f8f4da38f6d1/service%2Fs3%2Fs3crypto%2Fmigrations_test.go,"['@@ -0,0 +1,148 @@']"
aws,aws-sdk-go,9dbc703df458bf0c6a62449bf1dae683b9e43c4a,service/s3/s3crypto/mock_test.go,https://github.com/aws/aws-sdk-go/raw/35fa6ddf45c061e0f08d3a3b5119f8f4da38f6d1/service%2Fs3%2Fs3crypto%2Fmock_test.go,[]
aws,aws-sdk-go,9dbc703df458bf0c6a62449bf1dae683b9e43c4a,service/s3/s3crypto/shared_client.go,https://github.com/aws/aws-sdk-go/raw/35fa6ddf45c061e0f08d3a3b5119f8f4da38f6d1/service%2Fs3%2Fs3crypto%2Fshared_client.go,"['@@ -0,0 +1,210 @@']"
aws,aws-sdk-go,9dbc703df458bf0c6a62449bf1dae683b9e43c4a,service/s3/s3crypto/strategy.go,https://github.com/aws/aws-sdk-go/raw/35fa6ddf45c061e0f08d3a3b5119f8f4da38f6d1/service%2Fs3%2Fs3crypto%2Fstrategy.go,[]
aws,aws-sdk-go,9dbc703df458bf0c6a62449bf1dae683b9e43c4a,service/s3/s3crypto/strategy_test.go,https://github.com/aws/aws-sdk-go/raw/35fa6ddf45c061e0f08d3a3b5119f8f4da38f6d1/service%2Fs3%2Fs3crypto%2Fstrategy_test.go,"['@@ -1,11 +1,16 @@', '@@ -75,3 +78,103 @@']"
cosmos,ethermint,4a619b1e1b3124039d0ff9fde75d4e5d36013434,app/ante/eth.go,https://github.com/cosmos/ethermint/raw/d7bdbd7488644f0aaeee5cdcdc119c863f199f72/app%2Fante%2Feth.go,[]
cosmos,ethermint,4a619b1e1b3124039d0ff9fde75d4e5d36013434,rpc/namespaces/eth/api.go,https://github.com/cosmos/ethermint/raw/d7bdbd7488644f0aaeee5cdcdc119c863f199f72/rpc%2Fnamespaces%2Feth%2Fapi.go,[]
docker,docker,0357b26c1b5ecc3a4d0d1b2e7cf63ea8e5f70eba,builder/internals.go,https://github.com/moby/moby/raw/3ac6394b8082d4700483d52fbfe54914be537d9e/builder%2Finternals.go,[]
docker,docker,0357b26c1b5ecc3a4d0d1b2e7cf63ea8e5f70eba,graph/load.go,https://github.com/moby/moby/raw/3ac6394b8082d4700483d52fbfe54914be537d9e/graph%2Fload.go,[]
docker,docker,0357b26c1b5ecc3a4d0d1b2e7cf63ea8e5f70eba,pkg/chrootarchive/archive.go,https://github.com/moby/moby/raw/3ac6394b8082d4700483d52fbfe54914be537d9e/pkg%2Fchrootarchive%2Farchive.go,"['@@ -1,11 +1,14 @@', '@@ -22,7 +25,12 @@', '@@ -33,12 +41,18 @@']"
docker,docker,0357b26c1b5ecc3a4d0d1b2e7cf63ea8e5f70eba,pkg/chrootarchive/archive_test.go,https://github.com/moby/moby/raw/3ac6394b8082d4700483d52fbfe54914be537d9e/pkg%2Fchrootarchive%2Farchive_test.go,"['@@ -0,0 +1,39 @@']"
docker,docker,0357b26c1b5ecc3a4d0d1b2e7cf63ea8e5f70eba,pkg/chrootarchive/init.go,https://github.com/moby/moby/raw/3ac6394b8082d4700483d52fbfe54914be537d9e/pkg%2Fchrootarchive%2Finit.go,[]
grafana,grafana,7a06a47e63316d92eb477579469cdb4def46ee04,pkg/api/login.go,https://github.com/grafana/grafana/raw/7baecf0d0deae0d865e45cf03e082bc0db3f28c3/pkg%2Fapi%2Flogin.go,"['@@ -78,7 +78,14 @@']"
grafana,grafana,7a06a47e63316d92eb477579469cdb4def46ee04,pkg/services/sqlstore/migrations/user_mig.go,https://github.com/grafana/grafana/raw/7baecf0d0deae0d865e45cf03e082bc0db3f28c3/pkg%2Fservices%2Fsqlstore%2Fmigrations%2Fuser_mig.go,"['@@ -1,6 +1,11 @@', '@@ -107,4 +112,37 @@']"
grafana,grafana,7a06a47e63316d92eb477579469cdb4def46ee04,pkg/services/sqlstore/migrator/migrator.go,https://github.com/grafana/grafana/raw/7baecf0d0deae0d865e45cf03e082bc0db3f28c3/pkg%2Fservices%2Fsqlstore%2Fmigrator%2Fmigrator.go,"['@@ -120,15 +120,21 @@']"
grafana,grafana,7a06a47e63316d92eb477579469cdb4def46ee04,pkg/services/sqlstore/migrator/types.go,https://github.com/grafana/grafana/raw/7baecf0d0deae0d865e45cf03e082bc0db3f28c3/pkg%2Fservices%2Fsqlstore%2Fmigrator%2Ftypes.go,"['@@ -18,6 +19,11 @@']"
grafana,grafana,7a06a47e63316d92eb477579469cdb4def46ee04,pkg/services/sqlstore/user.go,https://github.com/grafana/grafana/raw/7baecf0d0deae0d865e45cf03e082bc0db3f28c3/pkg%2Fservices%2Fsqlstore%2Fuser.go,[]
grafana,grafana,7a06a47e63316d92eb477579469cdb4def46ee04,pkg/services/sqlstore/user_test.go,https://github.com/grafana/grafana/raw/7baecf0d0deae0d865e45cf03e082bc0db3f28c3/pkg%2Fservices%2Fsqlstore%2Fuser_test.go,"['@@ -14,6 +14,28 @@']"
grafana,grafana,aeaf7b23a6d31c9baaa1db2586562cc68284f966,pkg/api/login.go,https://github.com/grafana/grafana/raw/df83bf10a225811927644bdf6265fa80bdea9137/pkg%2Fapi%2Flogin.go,"['@@ -78,7 +78,13 @@']"
grafana,grafana,aeaf7b23a6d31c9baaa1db2586562cc68284f966,pkg/services/sqlstore/migrations/user_mig.go,https://github.com/grafana/grafana/raw/df83bf10a225811927644bdf6265fa80bdea9137/pkg%2Fservices%2Fsqlstore%2Fmigrations%2Fuser_mig.go,"['@@ -1,6 +1,12 @@', '@@ -107,4 +113,37 @@']"
grafana,grafana,aeaf7b23a6d31c9baaa1db2586562cc68284f966,pkg/services/sqlstore/migrator/migrator.go,https://github.com/grafana/grafana/raw/df83bf10a225811927644bdf6265fa80bdea9137/pkg%2Fservices%2Fsqlstore%2Fmigrator%2Fmigrator.go,"['@@ -122,15 +122,21 @@']"
grafana,grafana,aeaf7b23a6d31c9baaa1db2586562cc68284f966,pkg/services/sqlstore/migrator/types.go,https://github.com/grafana/grafana/raw/df83bf10a225811927644bdf6265fa80bdea9137/pkg%2Fservices%2Fsqlstore%2Fmigrator%2Ftypes.go,"['@@ -3,6 +3,8 @@', '@@ -19,6 +21,11 @@']"
grafana,grafana,aeaf7b23a6d31c9baaa1db2586562cc68284f966,pkg/services/sqlstore/user.go,https://github.com/grafana/grafana/raw/df83bf10a225811927644bdf6265fa80bdea9137/pkg%2Fservices%2Fsqlstore%2Fuser.go,[]
grafana,grafana,aeaf7b23a6d31c9baaa1db2586562cc68284f966,pkg/services/sqlstore/user_test.go,https://github.com/grafana/grafana/raw/df83bf10a225811927644bdf6265fa80bdea9137/pkg%2Fservices%2Fsqlstore%2Fuser_test.go,"['@@ -14,6 +14,28 @@']"
docker,docker,7d9ccc2636af30e45950b27d3f69cacb0ad43f40,api/server/server.go,https://github.com/moby/moby/raw/8caacb18f8019dfda30d79c327397e5f5783c068/api%2Fserver%2Fserver.go,"['@@ -1439,6 +1439,8 @@']"
docker,docker,7d9ccc2636af30e45950b27d3f69cacb0ad43f40,docker/docker.go,https://github.com/moby/moby/raw/8caacb18f8019dfda30d79c327397e5f5783c068/docker%2Fdocker.go,"['@@ -93,6 +93,8 @@']"
docker,docker,7d9ccc2636af30e45950b27d3f69cacb0ad43f40,registry/registry.go,https://github.com/moby/moby/raw/8caacb18f8019dfda30d79c327397e5f5783c068/registry%2Fregistry.go,"['@@ -37,7 +37,11 @@']"
gravitl,netmaker,3d4f44ecfe8be4ca38920556ba3b90502ffb4fee,logic/jwts.go,https://github.com/gravitl/netmaker/raw/9bee12642986cb9534e268447b70e6f0f03c59cf/logic%2Fjwts.go,"['@@ -17,7 +17,11 @@']"
gravitl,netmaker,3d4f44ecfe8be4ca38920556ba3b90502ffb4fee,logic/util.go,https://github.com/gravitl/netmaker/raw/9bee12642986cb9534e268447b70e6f0f03c59cf/logic%2Futil.go,"['@@ -2,9 +2,11 @@', '@@ -85,29 +87,20 @@']"
nats-io,jwt,e00ffcea7738196c757014b2a29505b765bded18,exports.go,https://github.com/nats-io/jwt/raw/e11ce317263cef69619fc1ca743b195d02aa1d8a/exports.go,[]
nats-io,jwt,e00ffcea7738196c757014b2a29505b765bded18,v2/exports.go,https://github.com/nats-io/jwt/raw/e11ce317263cef69619fc1ca743b195d02aa1d8a/v2%2Fexports.go,"['@@ -175,16 +175,20 @@']"
nats-io,jwt,e00ffcea7738196c757014b2a29505b765bded18,v2/exports_test.go,https://github.com/nats-io/jwt/raw/e11ce317263cef69619fc1ca743b195d02aa1d8a/v2%2Fexports_test.go,"['@@ -187,48 +187,61 @@']"
nats-io,nats-server,9ff8bcde2e46009e98bd9e88f598af355f62c168,server/accounts.go,https://github.com/nats-io/nats-server/raw/1e08b67f08e18cd844dce833a265aaa72500a12f/server%2Faccounts.go,"['@@ -1525,6 +1525,16 @@', '@@ -1567,13 +1577,7 @@', '@@ -1710,16 +1714,10 @@', '@@ -2010,6 +2008,8 @@']"
nats-io,nats-server,9ff8bcde2e46009e98bd9e88f598af355f62c168,server/auth.go,https://github.com/nats-io/nats-server/raw/1e08b67f08e18cd844dce833a265aaa72500a12f/server%2Fauth.go,[]
containous,traefik,cb6b94ff40af82e38676d5aa2ff7627e2c7bbac8,api/dashboard.go,https://github.com/traefik/traefik/raw/cfa04c300c5db95ae8a52c31a9d973b6dd9c2254/api%2Fdashboard.go,"['@@ -23,17 +24,35 @@']"
containous,traefik,cb6b94ff40af82e38676d5aa2ff7627e2c7bbac8,api/dashboard_test.go,https://github.com/traefik/traefik/raw/cfa04c300c5db95ae8a52c31a9d973b6dd9c2254/api%2Fdashboard_test.go,"['@@ -0,0 +1,54 @@']"
containous,traefik,a6c6127e3372d9b47d84a4cd574d52d2971c7bb8,pkg/api/dashboard.go,https://github.com/traefik/traefik/raw/e63db782c11c7b8bfce30be4c902e7ef8f9f33d2/pkg%2Fapi%2Fdashboard.go,"['@@ -23,11 +24,29 @@']"
containous,traefik,a6c6127e3372d9b47d84a4cd574d52d2971c7bb8,pkg/api/dashboard_test.go,https://github.com/traefik/traefik/raw/e63db782c11c7b8bfce30be4c902e7ef8f9f33d2/pkg%2Fapi%2Fdashboard_test.go,"['@@ -0,0 +1,54 @@']"
traefik,traefik,d0f3ad6024b973f4e107b7dd1973dc31232fb03c,api/dashboard.go,https://github.com/traefik/traefik/raw/e2c5f3712f68993de8ed3cb30da9ec0aa11acb09/api%2Fdashboard.go,[]
traefik,traefik,d0f3ad6024b973f4e107b7dd1973dc31232fb03c,integration/consul_test.go,https://github.com/traefik/traefik/raw/e2c5f3712f68993de8ed3cb30da9ec0aa11acb09/integration%2Fconsul_test.go,"['@@ -294,7 +294,10 @@']"
traefik,traefik,d0f3ad6024b973f4e107b7dd1973dc31232fb03c,integration/etcd3_test.go,https://github.com/traefik/traefik/raw/e2c5f3712f68993de8ed3cb30da9ec0aa11acb09/integration%2Fetcd3_test.go,[]
traefik,traefik,d0f3ad6024b973f4e107b7dd1973dc31232fb03c,integration/etcd_test.go,https://github.com/traefik/traefik/raw/e2c5f3712f68993de8ed3cb30da9ec0aa11acb09/integration%2Fetcd_test.go,[]
kubernetes,kubernetes,dc0afb24d138220cb53d9be3298f1539b0be4f7a,pkg/util/mount/mount_windows.go,https://github.com/kubernetes/kubernetes/raw/d65039c56ce4de5f2efdc38aa1284eeb95f89169/pkg%2Futil%2Fmount%2Fmount_windows.go,"['@@ -83,14 +83,20 @@']"
netlify,gotrue,195495cd917aa4a7c189121383c5b4fbacffba9e,api/provider/provider.go,https://github.com/netlify/gotrue/raw/4d8a3b39fe485a5f83c70617d594be01130c5b83/api%2Fprovider%2Fprovider.go,"['@@ -3,6 +3,8 @@', '@@ -49,6 +51,15 @@', '@@ -57,6 +68,14 @@']"
netlify,gotrue,195495cd917aa4a7c189121383c5b4fbacffba9e,api/provider/provider_test.go,https://github.com/netlify/gotrue/raw/4d8a3b39fe485a5f83c70617d594be01130c5b83/api%2Fprovider%2Fprovider_test.go,"['@@ -0,0 +1,44 @@']"
mholt,archiver,26cf5bb32d07aa4e8d0de15f56ce516f4641d7df,archiver.go,https://github.com/mholt/archiver/raw/e4ef56d48eb029648b0e895bb0b6a393ef0829c3/archiver.go,"['@@ -105,3 +106,14 @@']"
mholt,archiver,26cf5bb32d07aa4e8d0de15f56ce516f4641d7df,cmd/archiver/main.go,https://github.com/mholt/archiver/raw/e4ef56d48eb029648b0e895bb0b6a393ef0829c3/cmd%2Farchiver%2Fmain.go,"['@@ -27,7 +27,10 @@']"
mholt,archiver,26cf5bb32d07aa4e8d0de15f56ce516f4641d7df,rar.go,https://github.com/mholt/archiver/raw/e4ef56d48eb029648b0e895bb0b6a393ef0829c3/rar.go,"['@@ -72,8 +72,15 @@']"
mholt,archiver,26cf5bb32d07aa4e8d0de15f56ce516f4641d7df,tar.go,https://github.com/mholt/archiver/raw/e4ef56d48eb029648b0e895bb0b6a393ef0829c3/tar.go,"['@@ -219,15 +219,22 @@']"
mholt,archiver,26cf5bb32d07aa4e8d0de15f56ce516f4641d7df,zip.go,https://github.com/mholt/archiver/raw/e4ef56d48eb029648b0e895bb0b6a393ef0829c3/zip.go,"['@@ -187,6 +187,11 @@']"
distribution,distribution,6248a88d03badbe49c4969f802f5860b6fb2a685,manifest/manifestlist/manifestlist.go,https://github.com/distribution/distribution/raw/b59a6f827947f9e0e67df0cfb571046de4733586/manifest%2Fmanifestlist%2Fmanifestlist.go,"['@@ -54,6 +54,9 @@', '@@ -221,3 +224,23 @@']"
distribution,distribution,6248a88d03badbe49c4969f802f5860b6fb2a685,manifest/manifestlist/manifestlist_test.go,https://github.com/distribution/distribution/raw/b59a6f827947f9e0e67df0cfb571046de4733586/manifest%2Fmanifestlist%2Fmanifestlist_test.go,"['@@ -7,6 +7,8 @@', '@@ -327,3 +329,33 @@']"
distribution,distribution,6248a88d03badbe49c4969f802f5860b6fb2a685,manifest/ocischema/manifest.go,https://github.com/distribution/distribution/raw/b59a6f827947f9e0e67df0cfb571046de4733586/manifest%2Focischema%2Fmanifest.go,"['@@ -22,6 +22,9 @@', '@@ -122,3 +125,22 @@']"
distribution,distribution,6248a88d03badbe49c4969f802f5860b6fb2a685,manifest/ocischema/manifest_test.go,https://github.com/distribution/distribution/raw/b59a6f827947f9e0e67df0cfb571046de4733586/manifest%2Focischema%2Fmanifest_test.go,"['@@ -8,6 +8,8 @@', '@@ -182,3 +184,33 @@']"
cloudflare,cfrpki,69bf56a594a8eb3fecad18dec96e1c7e0e08400b,cmd/octorpki/octorpki.go,https://github.com/cloudflare/cfrpki/raw/a053a808feeb3115c76b6cc263ee55598ce6e8cd/cmd%2Foctorpki%2Foctorpki.go,"['@@ -314,6 +314,9 @@']"
cloudflare,cfrpki,69bf56a594a8eb3fecad18dec96e1c7e0e08400b,validator/pki/pki.go,https://github.com/cloudflare/cfrpki/raw/a053a808feeb3115c76b6cc263ee55598ce6e8cd/validator%2Fpki%2Fpki.go,"['@@ -7,8 +7,10 @@', '@@ -754,6 +756,9 @@']"
cloudflare,cfrpki,f5aeb07ff5802a6f307463e115b7afac3a1cbc19,cmd/octorpki/octorpki.go,https://github.com/cloudflare/cfrpki/raw/eb9cc4db7b7b79e44f56dfaa959fccdfb2af8284/cmd%2Foctorpki%2Foctorpki.go,"['@@ -316,8 +316,10 @@']"
cloudflare,cfrpki,f5aeb07ff5802a6f307463e115b7afac3a1cbc19,validator/pki/pki.go,https://github.com/cloudflare/cfrpki/raw/eb9cc4db7b7b79e44f56dfaa959fccdfb2af8284/validator%2Fpki%2Fpki.go,"['@@ -596,7 +596,10 @@', '@@ -751,22 +754,24 @@']"
google,fscrypt,1ab74f59b52ec244fee003effa8415c6c4038a54,actions/context.go,https://github.com/google/fscrypt/raw/91aa3ebf42032ca783c41f9ec25d885875f66ddb/actions%2Fcontext.go,"['@@ -58,6 +58,12 @@', '@@ -112,6 +118,16 @@']"
google,fscrypt,1ab74f59b52ec244fee003effa8415c6c4038a54,actions/context_test.go,https://github.com/google/fscrypt/raw/91aa3ebf42032ca783c41f9ec25d885875f66ddb/actions%2Fcontext_test.go,[]
google,fscrypt,1ab74f59b52ec244fee003effa8415c6c4038a54,actions/policy.go,https://github.com/google/fscrypt/raw/91aa3ebf42032ca783c41f9ec25d885875f66ddb/actions%2Fpolicy.go,"['@@ -210,6 +212,12 @@', '@@ -410,6 +418,25 @@', '@@ -427,8 +454,13 @@']"
google,fscrypt,1ab74f59b52ec244fee003effa8415c6c4038a54,actions/policy_test.go,https://github.com/google/fscrypt/raw/91aa3ebf42032ca783c41f9ec25d885875f66ddb/actions%2Fpolicy_test.go,[]
google,fscrypt,1ab74f59b52ec244fee003effa8415c6c4038a54,actions/protector.go,https://github.com/google/fscrypt/raw/91aa3ebf42032ca783c41f9ec25d885875f66ddb/actions%2Fprotector.go,[]
google,fscrypt,1ab74f59b52ec244fee003effa8415c6c4038a54,actions/protector_test.go,https://github.com/google/fscrypt/raw/91aa3ebf42032ca783c41f9ec25d885875f66ddb/actions%2Fprotector_test.go,[]
google,fscrypt,1ab74f59b52ec244fee003effa8415c6c4038a54,actions/recovery.go,https://github.com/google/fscrypt/raw/91aa3ebf42032ca783c41f9ec25d885875f66ddb/actions%2Frecovery.go,"['@@ -121,5 +122,10 @@']"
google,fscrypt,1ab74f59b52ec244fee003effa8415c6c4038a54,cmd/fscrypt/commands.go,https://github.com/google/fscrypt/raw/91aa3ebf42032ca783c41f9ec25d885875f66ddb/cmd%2Ffscrypt%2Fcommands.go,[]
google,fscrypt,1ab74f59b52ec244fee003effa8415c6c4038a54,cmd/fscrypt/errors.go,https://github.com/google/fscrypt/raw/91aa3ebf42032ca783c41f9ec25d885875f66ddb/cmd%2Ffscrypt%2Ferrors.go,"['@@ -232,6 +232,10 @@']"
google,fscrypt,1ab74f59b52ec244fee003effa8415c6c4038a54,cmd/fscrypt/flags.go,https://github.com/google/fscrypt/raw/91aa3ebf42032ca783c41f9ec25d885875f66ddb/cmd%2Ffscrypt%2Fflags.go,"['@@ -164,14 +165,23 @@']"
google,fscrypt,1ab74f59b52ec244fee003effa8415c6c4038a54,cmd/fscrypt/protector.go,https://github.com/google/fscrypt/raw/91aa3ebf42032ca783c41f9ec25d885875f66ddb/cmd%2Ffscrypt%2Fprotector.go,"['@@ -70,7 +70,11 @@']"
google,fscrypt,1ab74f59b52ec244fee003effa8415c6c4038a54,cmd/fscrypt/setup.go,https://github.com/google/fscrypt/raw/91aa3ebf42032ca783c41f9ec25d885875f66ddb/cmd%2Ffscrypt%2Fsetup.go,"['@@ -80,11 +81,47 @@']"
google,fscrypt,1ab74f59b52ec244fee003effa8415c6c4038a54,cmd/fscrypt/status.go,https://github.com/google/fscrypt/raw/91aa3ebf42032ca783c41f9ec25d885875f66ddb/cmd%2Ffscrypt%2Fstatus.go,"['@@ -114,8 +114,11 @@', '@@ -157,14 +160,27 @@']"
google,fscrypt,1ab74f59b52ec244fee003effa8415c6c4038a54,filesystem/filesystem.go,https://github.com/google/fscrypt/raw/91aa3ebf42032ca783c41f9ec25d885875f66ddb/filesystem%2Ffilesystem.go,"['@@ -34,13 +34,15 @@', '@@ -83,6 +85,17 @@', '@@ -94,6 +107,27 @@', '@@ -112,6 +146,17 @@', '@@ -207,12 +252,32 @@', '@@ -343,26 +408,94 @@', '@@ -372,18 +505,52 @@', '@@ -436,23 +603,59 @@', '@@ -492,29 +695,107 @@', '@@ -533,43 +814,36 @@', '@@ -590,38 +864,52 @@', '@@ -657,30 +945,28 @@', '@@ -764,7 +1048,41 @@']"
google,fscrypt,1ab74f59b52ec244fee003effa8415c6c4038a54,filesystem/filesystem_test.go,https://github.com/google/fscrypt/raw/91aa3ebf42032ca783c41f9ec25d885875f66ddb/filesystem%2Ffilesystem_test.go,"['@@ -21,12 +21,14 @@', '@@ -58,6 +60,19 @@', '@@ -110,16 +125,6 @@', '@@ -188,6 +193,57 @@', '@@ -313,6 +369,85 @@', '@@ -382,3 +517,95 @@']"
google,fscrypt,1ab74f59b52ec244fee003effa8415c6c4038a54,filesystem/mountpoint.go,https://github.com/google/fscrypt/raw/91aa3ebf42032ca783c41f9ec25d885875f66ddb/filesystem%2Fmountpoint.go,"['@@ -77,6 +77,21 @@']"
google,fscrypt,1ab74f59b52ec244fee003effa8415c6c4038a54,filesystem/mountpoint_test.go,https://github.com/google/fscrypt/raw/91aa3ebf42032ca783c41f9ec25d885875f66ddb/filesystem%2Fmountpoint_test.go,"['@@ -179,6 +179,21 @@']"
google,fscrypt,1ab74f59b52ec244fee003effa8415c6c4038a54,filesystem/path.go,https://github.com/google/fscrypt/raw/91aa3ebf42032ca783c41f9ec25d885875f66ddb/filesystem%2Fpath.go,"['@@ -38,9 +38,6 @@', '@@ -67,28 +64,22 @@']"
google,fscrypt,1ab74f59b52ec244fee003effa8415c6c4038a54,metadata/config_test.go,https://github.com/google/fscrypt/raw/91aa3ebf42032ca783c41f9ec25d885875f66ddb/metadata%2Fconfig_test.go,[]
google,fscrypt,1ab74f59b52ec244fee003effa8415c6c4038a54,metadata/metadata.pb.go,https://github.com/google/fscrypt/raw/91aa3ebf42032ca783c41f9ec25d885875f66ddb/metadata%2Fmetadata.pb.go,"['@@ -515,6 +516,13 @@', '@@ -527,53 +535,55 @@']"
google,fscrypt,1ab74f59b52ec244fee003effa8415c6c4038a54,pam_fscrypt/run_fscrypt.go,https://github.com/google/fscrypt/raw/91aa3ebf42032ca783c41f9ec25d885875f66ddb/pam_fscrypt%2Frun_fscrypt.go,"['@@ -57,6 +58,10 @@', '@@ -67,6 +72,14 @@', '@@ -85,7 +98,13 @@', '@@ -137,6 +156,13 @@', '@@ -164,10 +190,14 @@']"
google,go-attestation,21f642c3c7397d991e26e668b947d71da41abbf2,attest/attest.go,https://github.com/google/go-attestation/raw/82f2c9c2c76e1d3691d17ee78116d1d93a123788/attest%2Fattest.go,"['@@ -179,6 +180,16 @@', '@@ -290,7 +301,12 @@', '@@ -307,6 +323,27 @@']"
google,go-attestation,21f642c3c7397d991e26e668b947d71da41abbf2,attest/attest_fuzz.go,https://github.com/google/go-attestation/raw/82f2c9c2c76e1d3691d17ee78116d1d93a123788/attest%2Fattest_fuzz.go,[]
google,go-attestation,21f642c3c7397d991e26e668b947d71da41abbf2,attest/attest_simulated_tpm20_test.go,https://github.com/google/go-attestation/raw/82f2c9c2c76e1d3691d17ee78116d1d93a123788/attest%2Fattest_simulated_tpm20_test.go,"['@@ -160,9 +160,13 @@', '@@ -180,7 +184,14 @@', '@@ -205,10 +216,8 @@']"
google,go-attestation,21f642c3c7397d991e26e668b947d71da41abbf2,attest/eventlog.go,https://github.com/google/go-attestation/raw/82f2c9c2c76e1d3691d17ee78116d1d93a123788/attest%2Feventlog.go,"['@@ -320,6 +320,13 @@', '@@ -366,17 +373,33 @@']"
google,go-attestation,21f642c3c7397d991e26e668b947d71da41abbf2,attest/eventlog_fuzz.go,https://github.com/google/go-attestation/raw/82f2c9c2c76e1d3691d17ee78116d1d93a123788/attest%2Feventlog_fuzz.go,[]
google,go-attestation,21f642c3c7397d991e26e668b947d71da41abbf2,attest/key_linux.go,https://github.com/google/go-attestation/raw/82f2c9c2c76e1d3691d17ee78116d1d93a123788/attest%2Fkey_linux.go,[]
google,go-attestation,21f642c3c7397d991e26e668b947d71da41abbf2,attest/key_windows.go,https://github.com/google/go-attestation/raw/82f2c9c2c76e1d3691d17ee78116d1d93a123788/attest%2Fkey_windows.go,[]
google,go-attestation,21f642c3c7397d991e26e668b947d71da41abbf2,attest/pcp_windows.go,https://github.com/google/go-attestation/raw/82f2c9c2c76e1d3691d17ee78116d1d93a123788/attest%2Fpcp_windows.go,[]
google,go-attestation,21f642c3c7397d991e26e668b947d71da41abbf2,attest/secureboot.go,https://github.com/google/go-attestation/raw/82f2c9c2c76e1d3691d17ee78116d1d93a123788/attest%2Fsecureboot.go,[]
google,go-attestation,21f642c3c7397d991e26e668b947d71da41abbf2,attest/secureboot_test.go,https://github.com/google/go-attestation/raw/82f2c9c2c76e1d3691d17ee78116d1d93a123788/attest%2Fsecureboot_test.go,[]
google,go-attestation,21f642c3c7397d991e26e668b947d71da41abbf2,attest/tpm12_linux.go,https://github.com/google/go-attestation/raw/82f2c9c2c76e1d3691d17ee78116d1d93a123788/attest%2Ftpm12_linux.go,[]
google,go-attestation,21f642c3c7397d991e26e668b947d71da41abbf2,attest/tpm_linux.go,https://github.com/google/go-attestation/raw/82f2c9c2c76e1d3691d17ee78116d1d93a123788/attest%2Ftpm_linux.go,[]
google,go-attestation,21f642c3c7397d991e26e668b947d71da41abbf2,attest/tpm_other.go,https://github.com/google/go-attestation/raw/82f2c9c2c76e1d3691d17ee78116d1d93a123788/attest%2Ftpm_other.go,[]
google,go-attestation,21f642c3c7397d991e26e668b947d71da41abbf2,attest/tpm_windows.go,https://github.com/google/go-attestation/raw/82f2c9c2c76e1d3691d17ee78116d1d93a123788/attest%2Ftpm_windows.go,[]
mellium,xmpp,938c44c344391cb952080fc966ce325b432286ed,websocket/ws.go,https://github.com/mellium/xmpp/raw/0d92aa486da69b71f2f4a30e62aa722c711b98ac/websocket%2Fws.go,[]
couchbase,sync_gateway,fdc44dadee46a0e75f214e79ee945e31233f62b1,db/query.go,https://github.com/couchbase/sync_gateway/raw/97adb5b496aa96aa70398018ea96da913ffd8d8c/db%2Fquery.go,"['@@ -194,6 +194,11 @@', '@@ -249,14 +254,19 @@', '@@ -276,14 +286,18 @@', '@@ -320,9 +334,12 @@', '@@ -355,25 +372,11 @@', '@@ -448,28 +451,31 @@']"
couchbase,sync_gateway,fdc44dadee46a0e75f214e79ee945e31233f62b1,db/query_test.go,https://github.com/couchbase/sync_gateway/raw/97adb5b496aa96aa70398018ea96da913ffd8d8c/db%2Fquery_test.go,"['@@ -306,6 +307,172 @@']"
google,go-tpm,e82f64f63a319531e6363aa4d72cf71902add48e,tpm/commands.go,https://github.com/google/go-tpm/raw/d7806cce857a1a020190c03348e5361725d8f141/tpm%2Fcommands.go,"['@@ -103,6 +103,40 @@']"
google,go-tpm,e82f64f63a319531e6363aa4d72cf71902add48e,tpm/constants.go,https://github.com/google/go-tpm/raw/d7806cce857a1a020190c03348e5361725d8f141/tpm%2Fconstants.go,"['@@ -36,35 +36,39 @@', '@@ -294,6 +298,28 @@']"
google,go-tpm,e82f64f63a319531e6363aa4d72cf71902add48e,tpm/open_other.go,https://github.com/google/go-tpm/raw/d7806cce857a1a020190c03348e5361725d8f141/tpm%2Fopen_other.go,"['@@ -27,16 +27,27 @@']"
google,go-tpm,e82f64f63a319531e6363aa4d72cf71902add48e,tpm/structures.go,https://github.com/google/go-tpm/raw/d7806cce857a1a020190c03348e5361725d8f141/tpm%2Fstructures.go,"['@@ -283,6 +283,13 @@']"
google,go-tpm,e82f64f63a319531e6363aa4d72cf71902add48e,tpm/tpm.go,https://github.com/google/go-tpm/raw/d7806cce857a1a020190c03348e5361725d8f141/tpm%2Ftpm.go,"['@@ -256,18 +256,29 @@', '@@ -1294,15 +1305,7 @@', '@@ -1317,15 +1320,35 @@', '@@ -1379,13 +1402,142 @@', '@@ -1460,3 +1612,32 @@']"
google,go-tpm,e82f64f63a319531e6363aa4d72cf71902add48e,tpm/tpm_other_test.go,https://github.com/google/go-tpm/raw/d7806cce857a1a020190c03348e5361725d8f141/tpm%2Ftpm_other_test.go,[]
google,go-tpm,e82f64f63a319531e6363aa4d72cf71902add48e,tpm/tpm_test.go,https://github.com/google/go-tpm/raw/d7806cce857a1a020190c03348e5361725d8f141/tpm%2Ftpm_test.go,"['@@ -612,6 +615,12 @@', '@@ -688,3 +697,48 @@']"
istio,istio,2511ab8c8c59a203e77bb804846593c3690fcf4a,pilot/pkg/security/authz/matcher/string.go,https://github.com/istio/istio/raw/4c73414556b83f0e75c1b3a0a89a23103a71573c/pilot%2Fpkg%2Fsecurity%2Fauthz%2Fmatcher%2Fstring.go,"['@@ -49,11 +49,14 @@']"
istio,istio,2511ab8c8c59a203e77bb804846593c3690fcf4a,pilot/pkg/security/authz/matcher/string_test.go,https://github.com/istio/istio/raw/4c73414556b83f0e75c1b3a0a89a23103a71573c/pilot%2Fpkg%2Fsecurity%2Fauthz%2Fmatcher%2Fstring_test.go,"['@@ -23,36 +23,47 @@']"
istio,istio,2511ab8c8c59a203e77bb804846593c3690fcf4a,pilot/pkg/security/authz/model/generator.go,https://github.com/istio/istio/raw/4c73414556b83f0e75c1b3a0a89a23103a71573c/pilot%2Fpkg%2Fsecurity%2Fauthz%2Fmodel%2Fgenerator.go,"['@@ -116,15 +116,13 @@']"
istio,istio,2511ab8c8c59a203e77bb804846593c3690fcf4a,tests/integration/security/authorization_test.go,https://github.com/istio/istio/raw/4c73414556b83f0e75c1b3a0a89a23103a71573c/tests%2Fintegration%2Fsecurity%2Fauthorization_test.go,"['@@ -715,9 +715,17 @@']"
istio,istio,c0d01a01456166b74aaccd56b0b9631a2ae3e2da,pilot/pkg/security/authz/model/matcher/string.go,https://github.com/istio/istio/raw/72d2e135374f421b656d6f1a21f474db46134ace/pilot%2Fpkg%2Fsecurity%2Fauthz%2Fmodel%2Fmatcher%2Fstring.go,"['@@ -52,11 +52,14 @@']"
istio,istio,c0d01a01456166b74aaccd56b0b9631a2ae3e2da,pilot/pkg/security/authz/model/matcher/string_test.go,https://github.com/istio/istio/raw/72d2e135374f421b656d6f1a21f474db46134ace/pilot%2Fpkg%2Fsecurity%2Fauthz%2Fmodel%2Fmatcher%2Fstring_test.go,"['@@ -25,42 +25,53 @@']"
istio,istio,c0d01a01456166b74aaccd56b0b9631a2ae3e2da,pilot/pkg/security/authz/model/principal.go,https://github.com/istio/istio/raw/72d2e135374f421b656d6f1a21f474db46134ace/pilot%2Fpkg%2Fsecurity%2Fauthz%2Fmodel%2Fprincipal.go,"['@@ -253,15 +253,13 @@']"
istio,istio,c0d01a01456166b74aaccd56b0b9631a2ae3e2da,tests/integration/security/rbac_v1beta1_test.go,https://github.com/istio/istio/raw/72d2e135374f421b656d6f1a21f474db46134ace/tests%2Fintegration%2Fsecurity%2Frbac_v1beta1_test.go,"['@@ -684,10 +684,15 @@', '@@ -752,38 +757,46 @@']"
istio,istio,c0d01a01456166b74aaccd56b0b9631a2ae3e2da,tests/integration/security/util/rbac_util/util.go,https://github.com/istio/istio/raw/72d2e135374f421b656d6f1a21f474db46134ace/tests%2Fintegration%2Fsecurity%2Futil%2Frbac_util%2Futil.go,[]
kubernetes,kubernetes,7fbfe70147f963bc1fd2b0376d7efc116cc757a8,pkg/kubectl/cmd/cp/cp.go,https://github.com/kubernetes/kubernetes/raw/47063891dd782835170f500a83f37cc98c3c1013/pkg%2Fkubectl%2Fcmd%2Fcp%2Fcp.go,"['@@ -433,6 +433,12 @@', '@@ -457,8 +463,16 @@']"
kubernetes,kubernetes,7fbfe70147f963bc1fd2b0376d7efc116cc757a8,pkg/kubectl/cmd/cp/cp_test.go,https://github.com/kubernetes/kubernetes/raw/47063891dd782835170f500a83f37cc98c3c1013/pkg%2Fkubectl%2Fcmd%2Fcp%2Fcp_test.go,"['@@ -191,27 +191,33 @@', '@@ -236,7 +242,24 @@', '@@ -268,13 +291,15 @@', '@@ -286,7 +311,12 @@', '@@ -304,6 +334,38 @@']"
kubernetes-sigs,secrets-store-csi-driver,69c2fd5c9f20ef47b3b950c5b5bb8341b6024bcf,controllers/secretproviderclasspodstatus_controller.go,https://github.com/kubernetes-sigs/secrets-store-csi-driver/raw/c2cbb19e2eef16638fa0523383788a4bc22231fd/controllers%2Fsecretproviderclasspodstatus_controller.go,"['@@ -227,18 +227,34 @@', '@@ -401,31 +417,6 @@']"
kubernetes-sigs,secrets-store-csi-driver,69c2fd5c9f20ef47b3b950c5b5bb8341b6024bcf,controllers/secretproviderclasspodstatus_controller_test.go,https://github.com/kubernetes-sigs/secrets-store-csi-driver/raw/c2cbb19e2eef16638fa0523383788a4bc22231fd/controllers%2Fsecretproviderclasspodstatus_controller_test.go,"['@@ -172,49 +172,6 @@']"
kubernetes-sigs,secrets-store-csi-driver,69c2fd5c9f20ef47b3b950c5b5bb8341b6024bcf,pkg/errors/errors.go,https://github.com/kubernetes-sigs/secrets-store-csi-driver/raw/c2cbb19e2eef16638fa0523383788a4bc22231fd/pkg%2Ferrors%2Ferrors.go,"['@@ -40,4 +40,9 @@']"
kubernetes-sigs,secrets-store-csi-driver,69c2fd5c9f20ef47b3b950c5b5bb8341b6024bcf,pkg/rotation/reconciler.go,https://github.com/kubernetes-sigs/secrets-store-csi-driver/raw/c2cbb19e2eef16638fa0523383788a4bc22231fd/pkg%2Frotation%2Freconciler.go,"['@@ -196,6 +197,23 @@', '@@ -217,20 +235,7 @@']"
kubernetes-sigs,secrets-store-csi-driver,69c2fd5c9f20ef47b3b950c5b5bb8341b6024bcf,pkg/rotation/reconciler_test.go,https://github.com/kubernetes-sigs/secrets-store-csi-driver/raw/c2cbb19e2eef16638fa0523383788a4bc22231fd/pkg%2Frotation%2Freconciler_test.go,"['@@ -221,6 +224,152 @@', '@@ -571,3 +722,12 @@']"
kubernetes-sigs,secrets-store-csi-driver,69c2fd5c9f20ef47b3b950c5b5bb8341b6024bcf,pkg/secrets-store/nodeserver.go,https://github.com/kubernetes-sigs/secrets-store-csi-driver/raw/c2cbb19e2eef16638fa0523383788a4bc22231fd/pkg%2Fsecrets-store%2Fnodeserver.go,[]
kubernetes-sigs,secrets-store-csi-driver,69c2fd5c9f20ef47b3b950c5b5bb8341b6024bcf,pkg/secrets-store/nodeserver_test.go,https://github.com/kubernetes-sigs/secrets-store-csi-driver/raw/c2cbb19e2eef16638fa0523383788a4bc22231fd/pkg%2Fsecrets-store%2Fnodeserver_test.go,[]
kubernetes-sigs,secrets-store-csi-driver,69c2fd5c9f20ef47b3b950c5b5bb8341b6024bcf,pkg/secrets-store/utils.go,https://github.com/kubernetes-sigs/secrets-store-csi-driver/raw/c2cbb19e2eef16638fa0523383788a4bc22231fd/pkg%2Fsecrets-store%2Futils.go,"['@@ -20,14 +20,11 @@', '@@ -53,38 +50,6 @@']"
kubernetes-sigs,secrets-store-csi-driver,69c2fd5c9f20ef47b3b950c5b5bb8341b6024bcf,pkg/util/fileutil/filesystem.go,https://github.com/kubernetes-sigs/secrets-store-csi-driver/raw/c2cbb19e2eef16638fa0523383788a4bc22231fd/pkg%2Futil%2Ffileutil%2Ffilesystem.go,"['@@ -19,9 +19,14 @@', '@@ -42,3 +47,21 @@']"
kubernetes-sigs,secrets-store-csi-driver,69c2fd5c9f20ef47b3b950c5b5bb8341b6024bcf,pkg/util/fileutil/filesystem_test.go,https://github.com/kubernetes-sigs/secrets-store-csi-driver/raw/c2cbb19e2eef16638fa0523383788a4bc22231fd/pkg%2Futil%2Ffileutil%2Ffilesystem_test.go,"['@@ -55,3 +55,197 @@']"
kubernetes-sigs,secrets-store-csi-driver,69c2fd5c9f20ef47b3b950c5b5bb8341b6024bcf,pkg/util/k8sutil/volume.go,https://github.com/kubernetes-sigs/secrets-store-csi-driver/raw/c2cbb19e2eef16638fa0523383788a4bc22231fd/pkg%2Futil%2Fk8sutil%2Fvolume.go,"['@@ -0,0 +1,41 @@']"
kubernetes-sigs,secrets-store-csi-driver,69c2fd5c9f20ef47b3b950c5b5bb8341b6024bcf,pkg/util/k8sutil/volume_test.go,https://github.com/kubernetes-sigs/secrets-store-csi-driver/raw/c2cbb19e2eef16638fa0523383788a4bc22231fd/pkg%2Futil%2Fk8sutil%2Fvolume_test.go,"['@@ -0,0 +1,168 @@']"
Bytom,bytom,69b3d4c7cf41c6628efb34ed79ad35e9e22bbf82,p2p/discover/net.go,https://github.com/BytomDAO/bytom/raw/1ac3c8ac4f2b1e1df9675228290bda6b9586ba42/p2p%2Fdiscover%2Fnet.go,[]
docker,docker,d31ae5aed80eeb40a461930776ad2b507804bf4e,daemon/execdriver/lxc/driver.go,https://github.com/moby/moby/raw/707ef9618b3b26a0534a0af732a22f159eccfaa5/daemon%2Fexecdriver%2Flxc%2Fdriver.go,"['@@ -37,12 +36,6 @@']"
docker,docker,d31ae5aed80eeb40a461930776ad2b507804bf4e,daemon/execdriver/lxc/lxc_init_linux.go,https://github.com/moby/moby/raw/707ef9618b3b26a0534a0af732a22f159eccfaa5/daemon%2Fexecdriver%2Flxc%2Flxc_init_linux.go,"['@@ -18,6 +19,10 @@', '@@ -49,5 +54,9 @@']"
sigstore,cosign,2120bd95cf0cd793b40e65849e257e95f83c3bef,cmd/cosign/cli/verify/verify.go,https://github.com/sigstore/cosign/raw/96d410a6580e4e81d24d112a0855c70ca3fb5b49/cmd%2Fcosign%2Fcli%2Fverify%2Fverify.go,"['@@ -146,13 +146,20 @@', '@@ -195,7 +202,9 @@']"
sigstore,cosign,2120bd95cf0cd793b40e65849e257e95f83c3bef,cmd/cosign/cli/verify/verify_attestation.go,https://github.com/sigstore/cosign/raw/96d410a6580e4e81d24d112a0855c70ca3fb5b49/cmd%2Fcosign%2Fcli%2Fverify%2Fverify_attestation.go,"['@@ -127,6 +127,13 @@']"
sigstore,cosign,2120bd95cf0cd793b40e65849e257e95f83c3bef,pkg/cosign/verify.go,https://github.com/sigstore/cosign/raw/96d410a6580e4e81d24d112a0855c70ca3fb5b49/pkg%2Fcosign%2Fverify.go,"['@@ -586,6 +586,10 @@', '@@ -637,6 +641,31 @@', '@@ -698,6 +727,44 @@']"
sigstore,cosign,2120bd95cf0cd793b40e65849e257e95f83c3bef,pkg/cosign/verify_test.go,https://github.com/sigstore/cosign/raw/96d410a6580e4e81d24d112a0855c70ca3fb5b49/pkg%2Fcosign%2Fverify_test.go,"['@@ -196,3 +197,40 @@']"
sigstore,cosign,2120bd95cf0cd793b40e65849e257e95f83c3bef,pkg/sget/sget.go,https://github.com/sigstore/cosign/raw/96d410a6580e4e81d24d112a0855c70ca3fb5b49/pkg%2Fsget%2Fsget.go,"['@@ -83,13 +83,20 @@']"
sigstore,cosign,2120bd95cf0cd793b40e65849e257e95f83c3bef,test/e2e_test.go,https://github.com/sigstore/cosign/raw/96d410a6580e4e81d24d112a0855c70ca3fb5b49/test%2Fe2e_test.go,"['@@ -1156,3 +1157,94 @@']"
goharbor,harbor,c78731e479e0f9ef216af70152d703302393910b,src/server/middleware/pattern_test.go,https://github.com/goharbor/harbor/raw/3481722f140e1fdf6e6d290b0cd5c86e509feed4/src%2Fserver%2Fmiddleware%2Fpattern_test.go,"['@@ -0,0 +1,44 @@']"
goharbor,harbor,c78731e479e0f9ef216af70152d703302393910b,src/server/middleware/patterns.go,https://github.com/goharbor/harbor/raw/3481722f140e1fdf6e6d290b0cd5c86e509feed4/src%2Fserver%2Fmiddleware%2Fpatterns.go,[]
goharbor,harbor,2f64eb95b9518da7cf7989981a3ac881370b4560,src/lib/patterns.go,https://github.com/goharbor/harbor/raw/c7c409a8e5a8b3fd42841dda84759c9d77977853/src%2Flib%2Fpatterns.go,[]
goharbor,harbor,2f64eb95b9518da7cf7989981a3ac881370b4560,src/lib/patterns_test.go,https://github.com/goharbor/harbor/raw/c7c409a8e5a8b3fd42841dda84759c9d77977853/src%2Flib%2Fpatterns_test.go,"['@@ -66,3 +66,26 @@']"
concourse,concourse,fabee1733ee9d084604c909fff2a015dcb21dd8e,atc/db/build.go,https://github.com/concourse/concourse/raw/dc3d15ab6c3a69890c9985f9c875d4c2949be727/atc%2Fdb%2Fbuild.go,[]
concourse,concourse,fabee1733ee9d084604c909fff2a015dcb21dd8e,atc/db/resource_config_scope.go,https://github.com/concourse/concourse/raw/dc3d15ab6c3a69890c9985f9c875d4c2949be727/atc%2Fdb%2Fresource_config_scope.go,[]
open-policy-agent,opa,c4765bbf5533084961dbf4162e695f5301a9d288,format/format.go,https://github.com/open-policy-agent/opa/raw/2bd8edab9e10e2dc9cf76ae8335ced0c224f3055/format%2Fformat.go,"['@@ -904,6 +904,10 @@', '@@ -913,6 +917,13 @@']"
open-policy-agent,opa,c4765bbf5533084961dbf4162e695f5301a9d288,format/format_test.go,https://github.com/open-policy-agent/opa/raw/2bd8edab9e10e2dc9cf76ae8335ced0c224f3055/format%2Fformat_test.go,"['@@ -382,6 +382,23 @@']"
open-policy-agent,opa,d496d92b66c8614c4a03f4ab01e5a2c27218fb52,format/format.go,https://github.com/open-policy-agent/opa/raw/932e4ffc37a590ace79e9b75ca4340288c220239/format%2Fformat.go,"['@@ -14,6 +14,11 @@', '@@ -895,22 +900,27 @@']"
open-policy-agent,opa,d496d92b66c8614c4a03f4ab01e5a2c27218fb52,format/format_test.go,https://github.com/open-policy-agent/opa/raw/932e4ffc37a590ace79e9b75ca4340288c220239/format%2Fformat_test.go,"['@@ -336,6 +336,52 @@']"
open-policy-agent,opa,5c6efb047a71d64f0cbfdae31336e5862f93c798,format/format.go,https://github.com/open-policy-agent/opa/raw/bfd984ddf93ef2c4963a08d4fdadae0bcf1a3717/format%2Fformat.go,"['@@ -810,18 +810,25 @@']"
aws,aws-sdk-go,b811ea8391353a33585662f5f76d42acb7614bb6,aws/csm/reporter_test.go,https://github.com/aws/aws-sdk-go/raw/1e84382fa1c0086362b5a4b68e068d4f8518d40e/aws%2Fcsm%2Freporter_test.go,[]
aws,aws-sdk-go,b811ea8391353a33585662f5f76d42acb7614bb6,aws/ec2metadata/service.go,https://github.com/aws/aws-sdk-go/raw/1e84382fa1c0086362b5a4b68e068d4f8518d40e/aws%2Fec2metadata%2Fservice.go,[]
aws,aws-sdk-go,b811ea8391353a33585662f5f76d42acb7614bb6,service/s3/doc_custom.go,https://github.com/aws/aws-sdk-go/raw/1e84382fa1c0086362b5a4b68e068d4f8518d40e/service%2Fs3%2Fdoc_custom.go,"['@@ -104,19 +104,6 @@']"
aws,aws-sdk-go,b811ea8391353a33585662f5f76d42acb7614bb6,service/s3/s3crypto/aes_cbc_content_cipher.go,https://github.com/aws/aws-sdk-go/raw/1e84382fa1c0086362b5a4b68e068d4f8518d40e/service%2Fs3%2Fs3crypto%2Faes_cbc_content_cipher.go,"['@@ -15,18 +14,38 @@', '@@ -37,11 +56,22 @@', '@@ -77,3 +107,11 @@']"
aws,aws-sdk-go,b811ea8391353a33585662f5f76d42acb7614bb6,service/s3/s3crypto/aes_cbc_content_cipher_test.go,https://github.com/aws/aws-sdk-go/raw/1e84382fa1c0086362b5a4b68e068d4f8518d40e/service%2Fs3%2Fs3crypto%2Faes_cbc_content_cipher_test.go,"['@@ -18,3 +17,64 @@']"
aws,aws-sdk-go,b811ea8391353a33585662f5f76d42acb7614bb6,service/s3/s3crypto/aes_gcm_content_cipher.go,https://github.com/aws/aws-sdk-go/raw/1e84382fa1c0086362b5a4b68e068d4f8518d40e/service%2Fs3%2Fs3crypto%2Faes_gcm_content_cipher.go,"['@@ -11,21 +12,62 @@', '@@ -37,10 +79,6 @@', '@@ -53,6 +91,52 @@', '@@ -91,3 +175,25 @@']"
aws,aws-sdk-go,b811ea8391353a33585662f5f76d42acb7614bb6,service/s3/s3crypto/aes_gcm_content_cipher_test.go,https://github.com/aws/aws-sdk-go/raw/1e84382fa1c0086362b5a4b68e068d4f8518d40e/service%2Fs3%2Fs3crypto%2Faes_gcm_content_cipher_test.go,"['@@ -28,6 +29,111 @@']"
aws,aws-sdk-go,b811ea8391353a33585662f5f76d42acb7614bb6,service/s3/s3crypto/cipher_builder.go,https://github.com/aws/aws-sdk-go/raw/1e84382fa1c0086362b5a4b68e068d4f8518d40e/service%2Fs3%2Fs3crypto%2Fcipher_builder.go,"['@@ -39,3 +39,10 @@']"
aws,aws-sdk-go,b811ea8391353a33585662f5f76d42acb7614bb6,service/s3/s3crypto/cipher_util.go,https://github.com/aws/aws-sdk-go/raw/1e84382fa1c0086362b5a4b68e068d4f8518d40e/service%2Fs3%2Fs3crypto%2Fcipher_util.go,"['@@ -6,20 +6,18 @@']"
aws,aws-sdk-go,b811ea8391353a33585662f5f76d42acb7614bb6,service/s3/s3crypto/cipher_util_test.go,https://github.com/aws/aws-sdk-go/raw/1e84382fa1c0086362b5a4b68e068d4f8518d40e/service%2Fs3%2Fs3crypto%2Fcipher_util_test.go,"['@@ -108,17 +105,15 @@']"
aws,aws-sdk-go,b811ea8391353a33585662f5f76d42acb7614bb6,service/s3/s3crypto/crypto_registry.go,https://github.com/aws/aws-sdk-go/raw/1e84382fa1c0086362b5a4b68e068d4f8518d40e/service%2Fs3%2Fs3crypto%2Fcrypto_registry.go,"['@@ -0,0 +1,158 @@']"
aws,aws-sdk-go,b811ea8391353a33585662f5f76d42acb7614bb6,service/s3/s3crypto/crypto_registry_test.go,https://github.com/aws/aws-sdk-go/raw/1e84382fa1c0086362b5a4b68e068d4f8518d40e/service%2Fs3%2Fs3crypto%2Fcrypto_registry_test.go,"['@@ -0,0 +1,150 @@']"
aws,aws-sdk-go,b811ea8391353a33585662f5f76d42acb7614bb6,service/s3/s3crypto/decryption_client.go,https://github.com/aws/aws-sdk-go/raw/1e84382fa1c0086362b5a4b68e068d4f8518d40e/service%2Fs3%2Fs3crypto%2Fdecryption_client.go,"['@@ -1,8 +1,6 @@', '@@ -123,8 +121,6 @@']"
aws,aws-sdk-go,b811ea8391353a33585662f5f76d42acb7614bb6,service/s3/s3crypto/decryption_client_test.go,https://github.com/aws/aws-sdk-go/raw/1e84382fa1c0086362b5a4b68e068d4f8518d40e/service%2Fs3%2Fs3crypto%2Fdecryption_client_test.go,"['@@ -70,8 +70,6 @@', '@@ -139,8 +137,6 @@', '@@ -204,8 +200,6 @@', '@@ -248,3 +242,56 @@']"
aws,aws-sdk-go,b811ea8391353a33585662f5f76d42acb7614bb6,service/s3/s3crypto/decryption_client_v2.go,https://github.com/aws/aws-sdk-go/raw/1e84382fa1c0086362b5a4b68e068d4f8518d40e/service%2Fs3%2Fs3crypto%2Fdecryption_client_v2.go,"['@@ -1,12 +1,9 @@', '@@ -33,58 +30,61 @@']"
aws,aws-sdk-go,b811ea8391353a33585662f5f76d42acb7614bb6,service/s3/s3crypto/decryption_client_v2_test.go,https://github.com/aws/aws-sdk-go/raw/1e84382fa1c0086362b5a4b68e068d4f8518d40e/service%2Fs3%2Fs3crypto%2Fdecryption_client_v2_test.go,"['@@ -1,16 +1,28 @@', '@@ -29,11 +41,294 @@']"
aws,aws-sdk-go,b811ea8391353a33585662f5f76d42acb7614bb6,service/s3/s3crypto/deprecations.go,https://github.com/aws/aws-sdk-go/raw/b811ea8391353a33585662f5f76d42acb7614bb6/service%2Fs3%2Fs3crypto%2Fdeprecations.go,"['@@ -1,10 +0,0 @@']"
aws,aws-sdk-go,b811ea8391353a33585662f5f76d42acb7614bb6,service/s3/s3crypto/deprecations_test.go,https://github.com/aws/aws-sdk-go/raw/b811ea8391353a33585662f5f76d42acb7614bb6/service%2Fs3%2Fs3crypto%2Fdeprecations_test.go,"['@@ -1,51 +0,0 @@']"
aws,aws-sdk-go,b811ea8391353a33585662f5f76d42acb7614bb6,service/s3/s3crypto/doc.go,https://github.com/aws/aws-sdk-go/raw/1e84382fa1c0086362b5a4b68e068d4f8518d40e/service%2Fs3%2Fs3crypto%2Fdoc.go,"['@@ -16,20 +16,41 @@', '@@ -43,20 +64,39 @@', '@@ -69,27 +109,30 @@']"
aws,aws-sdk-go,b811ea8391353a33585662f5f76d42acb7614bb6,service/s3/s3crypto/encryption_client.go,https://github.com/aws/aws-sdk-go/raw/1e84382fa1c0086362b5a4b68e068d4f8518d40e/service%2Fs3%2Fs3crypto%2Fencryption_client.go,"['@@ -33,6 +34,19 @@', '@@ -67,23 +81,42 @@', '@@ -96,8 +129,11 @@']"
aws,aws-sdk-go,b811ea8391353a33585662f5f76d42acb7614bb6,service/s3/s3crypto/encryption_client_test.go,https://github.com/aws/aws-sdk-go/raw/1e84382fa1c0086362b5a4b68e068d4f8518d40e/service%2Fs3%2Fs3crypto%2Fencryption_client_test.go,"['@@ -109,3 +108,51 @@']"
aws,aws-sdk-go,b811ea8391353a33585662f5f76d42acb7614bb6,service/s3/s3crypto/encryption_client_v2.go,https://github.com/aws/aws-sdk-go/raw/1e84382fa1c0086362b5a4b68e068d4f8518d40e/service%2Fs3%2Fs3crypto%2Fencryption_client_v2.go,"['@@ -8,6 +8,8 @@', '@@ -56,17 +58,25 @@', '@@ -78,9 +88,6 @@']"
aws,aws-sdk-go,b811ea8391353a33585662f5f76d42acb7614bb6,service/s3/s3crypto/encryption_client_v2_test.go,https://github.com/aws/aws-sdk-go/raw/1e84382fa1c0086362b5a4b68e068d4f8518d40e/service%2Fs3%2Fs3crypto%2Fencryption_client_v2_test.go,"['@@ -0,0 +1,211 @@']"
aws,aws-sdk-go,b811ea8391353a33585662f5f76d42acb7614bb6,service/s3/s3crypto/envelope.go,https://github.com/aws/aws-sdk-go/raw/1e84382fa1c0086362b5a4b68e068d4f8518d40e/service%2Fs3%2Fs3crypto%2Fenvelope.go,"['@@ -34,11 +34,14 @@']"
aws,aws-sdk-go,b811ea8391353a33585662f5f76d42acb7614bb6,service/s3/s3crypto/errors.go,https://github.com/aws/aws-sdk-go/raw/1e84382fa1c0086362b5a4b68e068d4f8518d40e/service%2Fs3%2Fs3crypto%2Ferrors.go,"['@@ -0,0 +1,24 @@']"
aws,aws-sdk-go,b811ea8391353a33585662f5f76d42acb7614bb6,service/s3/s3crypto/fixture.go,https://github.com/aws/aws-sdk-go/raw/1e84382fa1c0086362b5a4b68e068d4f8518d40e/service%2Fs3%2Fs3crypto%2Ffixture.go,"['@@ -0,0 +1,27 @@']"
aws,aws-sdk-go,b811ea8391353a33585662f5f76d42acb7614bb6,service/s3/s3crypto/hash_io.go,https://github.com/aws/aws-sdk-go/raw/1e84382fa1c0086362b5a4b68e068d4f8518d40e/service%2Fs3%2Fs3crypto%2Fhash_io.go,"['@@ -1,19 +1,38 @@', '@@ -31,31 +50,3 @@']"
aws,aws-sdk-go,b811ea8391353a33585662f5f76d42acb7614bb6,service/s3/s3crypto/hash_io_test.go,https://github.com/aws/aws-sdk-go/raw/1e84382fa1c0086362b5a4b68e068d4f8518d40e/service%2Fs3%2Fs3crypto%2Fhash_io_test.go,"['@@ -3,6 +3,10 @@', '@@ -27,3 +31,52 @@']"
aws,aws-sdk-go,b811ea8391353a33585662f5f76d42acb7614bb6,service/s3/s3crypto/integration/main_test.go,https://github.com/aws/aws-sdk-go/raw/1e84382fa1c0086362b5a4b68e068d4f8518d40e/service%2Fs3%2Fs3crypto%2Fintegration%2Fmain_test.go,"['@@ -77,9 +77,27 @@', '@@ -102,20 +120,35 @@', '@@ -129,8 +162,11 @@']"
aws,aws-sdk-go,b811ea8391353a33585662f5f76d42acb7614bb6,service/s3/s3crypto/key_handler.go,https://github.com/aws/aws-sdk-go/raw/1e84382fa1c0086362b5a4b68e068d4f8518d40e/service%2Fs3%2Fs3crypto%2Fkey_handler.go,"['@@ -24,16 +24,7 @@']"
aws,aws-sdk-go,b811ea8391353a33585662f5f76d42acb7614bb6,service/s3/s3crypto/kms_context_key_handler.go,https://github.com/aws/aws-sdk-go/raw/1e84382fa1c0086362b5a4b68e068d4f8518d40e/service%2Fs3%2Fs3crypto%2Fkms_context_key_handler.go,"['@@ -0,0 +1,199 @@']"
aws,aws-sdk-go,b811ea8391353a33585662f5f76d42acb7614bb6,service/s3/s3crypto/kms_context_key_handler_test.go,https://github.com/aws/aws-sdk-go/raw/1e84382fa1c0086362b5a4b68e068d4f8518d40e/service%2Fs3%2Fs3crypto%2Fkms_context_key_handler_test.go,"['@@ -0,0 +1,265 @@']"
aws,aws-sdk-go,b811ea8391353a33585662f5f76d42acb7614bb6,service/s3/s3crypto/kms_key_handler.go,https://github.com/aws/aws-sdk-go/raw/1e84382fa1c0086362b5a4b68e068d4f8518d40e/service%2Fs3%2Fs3crypto%2Fkms_key_handler.go,"['@@ -1,8 +1,6 @@', '@@ -30,116 +27,118 @@', '@@ -151,17 +150,14 @@', '@@ -172,12 +168,18 @@', '@@ -190,31 +192,14 @@', '@@ -227,19 +212,21 @@']"
aws,aws-sdk-go,b811ea8391353a33585662f5f76d42acb7614bb6,service/s3/s3crypto/kms_key_handler_test.go,https://github.com/aws/aws-sdk-go/raw/1e84382fa1c0086362b5a4b68e068d4f8518d40e/service%2Fs3%2Fs3crypto%2Fkms_key_handler_test.go,"['@@ -77,10 +76,19 @@', '@@ -107,37 +115,22 @@', '@@ -148,79 +141,54 @@']"
aws,aws-sdk-go,b811ea8391353a33585662f5f76d42acb7614bb6,service/s3/s3crypto/mat_desc.go,https://github.com/aws/aws-sdk-go/raw/1e84382fa1c0086362b5a4b68e068d4f8518d40e/service%2Fs3%2Fs3crypto%2Fmat_desc.go,"['@@ -8,6 +8,18 @@', '@@ -16,3 +28,11 @@']"
aws,aws-sdk-go,b811ea8391353a33585662f5f76d42acb7614bb6,service/s3/s3crypto/mat_desc_test.go,https://github.com/aws/aws-sdk-go/raw/1e84382fa1c0086362b5a4b68e068d4f8518d40e/service%2Fs3%2Fs3crypto%2Fmat_desc_test.go,"['@@ -1,3 +1,5 @@', '@@ -33,3 +35,32 @@']"
aws,aws-sdk-go,b811ea8391353a33585662f5f76d42acb7614bb6,service/s3/s3crypto/migrations_test.go,https://github.com/aws/aws-sdk-go/raw/1e84382fa1c0086362b5a4b68e068d4f8518d40e/service%2Fs3%2Fs3crypto%2Fmigrations_test.go,"['@@ -98,7 +98,46 @@', '@@ -127,9 +166,27 @@']"
aws,aws-sdk-go,b811ea8391353a33585662f5f76d42acb7614bb6,service/s3/s3crypto/mock_test.go,https://github.com/aws/aws-sdk-go/raw/1e84382fa1c0086362b5a4b68e068d4f8518d40e/service%2Fs3%2Fs3crypto%2Fmock_test.go,"['@@ -1,50 +1,93 @@', '@@ -66,3 +109,22 @@']"
aws,aws-sdk-go,b811ea8391353a33585662f5f76d42acb7614bb6,service/s3/s3crypto/shared_client.go,https://github.com/aws/aws-sdk-go/raw/1e84382fa1c0086362b5a4b68e068d4f8518d40e/service%2Fs3%2Fs3crypto%2Fshared_client.go,"['@@ -13,6 +13,12 @@']"
aws,aws-sdk-go,b811ea8391353a33585662f5f76d42acb7614bb6,service/s3/s3crypto/strategy.go,https://github.com/aws/aws-sdk-go/raw/1e84382fa1c0086362b5a4b68e068d4f8518d40e/service%2Fs3%2Fs3crypto%2Fstrategy.go,[]
aws,aws-sdk-go,1e84382fa1c0086362b5a4b68e068d4f8518d40e,aws/endpoints/defaults.go,https://github.com/aws/aws-sdk-go/raw/ae9b9fd92af132cfd8d879809d8611825ba135f4/aws%2Fendpoints%2Fdefaults.go,"['@@ -3959,6 +3961,12 @@', '@@ -4031,6 +4039,12 @@']"
aws,aws-sdk-go,1e84382fa1c0086362b5a4b68e068d4f8518d40e,aws/version.go,https://github.com/aws/aws-sdk-go/raw/ae9b9fd92af132cfd8d879809d8611825ba135f4/aws%2Fversion.go,[]
aws,aws-sdk-go,1e84382fa1c0086362b5a4b68e068d4f8518d40e,service/glue/api.go,https://github.com/aws/aws-sdk-go/raw/ae9b9fd92af132cfd8d879809d8611825ba135f4/service%2Fglue%2Fapi.go,"['@@ -16459,6 +16459,9 @@', '@@ -31277,6 +31280,10 @@', '@@ -31295,6 +31302,12 @@', '@@ -37449,6 +37462,9 @@']"
aws,aws-sdk-go,1e84382fa1c0086362b5a4b68e068d4f8518d40e,service/organizations/api.go,https://github.com/aws/aws-sdk-go/raw/ae9b9fd92af132cfd8d879809d8611825ba135f4/service%2Forganizations%2Fapi.go,"['@@ -14842,6 +14842,9 @@', '@@ -14857,6 +14860,12 @@', '@@ -22127,6 +22136,12 @@']"
aws,aws-sdk-go,1e84382fa1c0086362b5a4b68e068d4f8518d40e,service/s3/api.go,https://github.com/aws/aws-sdk-go/raw/ae9b9fd92af132cfd8d879809d8611825ba135f4/service%2Fs3%2Fapi.go,"['@@ -7883,6 +7894,13 @@', '@@ -9543,16 +9566,18 @@', '@@ -22954,8 +22983,22 @@', '@@ -27907,7 +27951,10 @@']"
aws,aws-sdk-go,1e84382fa1c0086362b5a4b68e068d4f8518d40e,service/s3/examples_test.go,https://github.com/aws/aws-sdk-go/raw/ae9b9fd92af132cfd8d879809d8611825ba135f4/service%2Fs3%2Fexamples_test.go,"['@@ -1197,17 +1197,13 @@', '@@ -1228,13 +1224,17 @@', '@@ -1837,16 +1838,18 @@', '@@ -1930,20 +1931,17 @@']"
aws,aws-sdk-go,1e84382fa1c0086362b5a4b68e068d4f8518d40e,service/s3/s3manager/upload_input.go,https://github.com/aws/aws-sdk-go/raw/ae9b9fd92af132cfd8d879809d8611825ba135f4/service%2Fs3%2Fs3manager%2Fupload_input.go,[]
nats-io,jwt,a84d3be015f0691516204e7d112447ea22c9c194,activation_claims.go,https://github.com/nats-io/jwt/raw/6c72fdd73e82fa9ebb151d84773baf4e9164c4ab/activation_claims.go,"['@@ -102,7 +102,14 @@']"
nats-io,jwt,a84d3be015f0691516204e7d112447ea22c9c194,imports.go,https://github.com/nats-io/jwt/raw/6c72fdd73e82fa9ebb151d84773baf4e9164c4ab/imports.go,"['@@ -78,46 +78,53 @@']"
nats-io,jwt,a84d3be015f0691516204e7d112447ea22c9c194,imports_test.go,https://github.com/nats-io/jwt/raw/6c72fdd73e82fa9ebb151d84773baf4e9164c4ab/imports_test.go,"['@@ -34,29 +34,19 @@', '@@ -96,19 +86,15 @@', '@@ -127,15 +113,11 @@', '@@ -144,10 +126,6 @@', '@@ -210,10 +189,6 @@']"
nats-io,jwt,a84d3be015f0691516204e7d112447ea22c9c194,v2/account_claims_test.go,https://github.com/nats-io/jwt/raw/6c72fdd73e82fa9ebb151d84773baf4e9164c4ab/v2%2Faccount_claims_test.go,[]
nats-io,jwt,a84d3be015f0691516204e7d112447ea22c9c194,v2/imports.go,https://github.com/nats-io/jwt/raw/6c72fdd73e82fa9ebb151d84773baf4e9164c4ab/v2%2Fimports.go,"['@@ -68,7 +68,11 @@', '@@ -88,19 +92,28 @@']"
nats-io,jwt,a84d3be015f0691516204e7d112447ea22c9c194,v2/imports_test.go,https://github.com/nats-io/jwt/raw/6c72fdd73e82fa9ebb151d84773baf4e9164c4ab/v2%2Fimports_test.go,"['@@ -405,19 +403,17 @@']"
coreos,etcd,f0eb772963f048cb91588f853a2037b83b9addde,embed/config.go,https://github.com/etcd-io/etcd/raw/a7e5790c82039945639798ae9a3289fe787f5e56/embed%2Fconfig.go,"['@@ -171,6 +172,32 @@']"
coreos,etcd,f0eb772963f048cb91588f853a2037b83b9addde,embed/etcd.go,https://github.com/etcd-io/etcd/raw/a7e5790c82039945639798ae9a3289fe787f5e56/embed%2Fetcd.go,"['@@ -174,9 +174,17 @@']"
coreos,etcd,f0eb772963f048cb91588f853a2037b83b9addde,embed/serve.go,https://github.com/etcd-io/etcd/raw/a7e5790c82039945639798ae9a3289fe787f5e56/embed%2Fserve.go,"['@@ -265,9 +268,35 @@']"
coreos,etcd,f0eb772963f048cb91588f853a2037b83b9addde,etcdmain/config.go,https://github.com/etcd-io/etcd/raw/a7e5790c82039945639798ae9a3289fe787f5e56/etcdmain%2Fconfig.go,"['@@ -275,6 +277,15 @@']"
coreos,etcd,f0eb772963f048cb91588f853a2037b83b9addde,etcdmain/help.go,https://github.com/etcd-io/etcd/raw/a7e5790c82039945639798ae9a3289fe787f5e56/etcdmain%2Fhelp.go,"['@@ -158,6 +158,8 @@']"
coreos,etcd,f0eb772963f048cb91588f853a2037b83b9addde,etcdserver/config.go,https://github.com/etcd-io/etcd/raw/a7e5790c82039945639798ae9a3289fe787f5e56/etcdserver%2Fconfig.go,"['@@ -47,6 +47,11 @@']"
coreos,etcd,f0eb772963f048cb91588f853a2037b83b9addde,etcdserver/server.go,https://github.com/etcd-io/etcd/raw/a7e5790c82039945639798ae9a3289fe787f5e56/etcdserver%2Fserver.go,"['@@ -251,6 +251,8 @@', '@@ -626,6 +629,16 @@']"
coreos,etcd,f0eb772963f048cb91588f853a2037b83b9addde,pkg/httputil/httputil.go,https://github.com/etcd-io/etcd/raw/a7e5790c82039945639798ae9a3289fe787f5e56/pkg%2Fhttputil%2Fhttputil.go,"['@@ -1,22 +1,50 @@']"
coreos,etcd,f0eb772963f048cb91588f853a2037b83b9addde,pkg/httputil/httputil_test.go,https://github.com/etcd-io/etcd/raw/a7e5790c82039945639798ae9a3289fe787f5e56/pkg%2Fhttputil%2Fhttputil_test.go,"['@@ -0,0 +1,50 @@']"
opencontainers,umoci,07fa845e5b068dee64dcbf391b456a564a6fcfa6,oci/layer/tar_extract.go,https://github.com/opencontainers/umoci/raw/d9efc31daf2206f7d3fdb839863cf7a576a2eb57/oci%2Flayer%2Ftar_extract.go,"['@@ -404,6 +404,11 @@']"
filebrowser,filebrowser,6cb51b4eb4751b49e7d3458c4a23589ccf16790b,http/commands.go,https://github.com/filebrowser/filebrowser/raw/74b7cd8e81840537a8206317344f118093153e8d/http%2Fcommands.go,[]
go-ldap,ldap,37f35d7ffc6b8219cc62f5e182e258d143be670b,bind.go,https://github.com/go-ldap/ldap/raw/95ede1266b237bf8e9aa5dce0b3250e51bfefe66/bind.go,"['@@ -18,6 +18,9 @@', '@@ -47,6 +51,10 @@', '@@ -97,47 +105,33 @@']"
go-ldap,ldap,37f35d7ffc6b8219cc62f5e182e258d143be670b,error.go,https://github.com/go-ldap/ldap/raw/95ede1266b237bf8e9aa5dce0b3250e51bfefe66/error.go,[]
go-ldap,ldap,37f35d7ffc6b8219cc62f5e182e258d143be670b,ldap_test.go,https://github.com/go-ldap/ldap/raw/95ede1266b237bf8e9aa5dce0b3250e51bfefe66/ldap_test.go,"['@@ -1,11 +1,9 @@']"
facebook,fbthrift,41af43a0444be86894b0ffc1bf305b63300387d9,thrift/lib/go/thrift/binary_protocol_test.go,https://github.com/facebook/fbthrift/raw/c461c1bd1a3e130b181aa9c854da3030cd4b5156/thrift%2Flib%2Fgo%2Fthrift%2Fbinary_protocol_test.go,"['@@ -21,9 +21,31 @@']"
facebook,fbthrift,41af43a0444be86894b0ffc1bf305b63300387d9,thrift/lib/go/thrift/protocol.go,https://github.com/facebook/fbthrift/raw/c461c1bd1a3e130b181aa9c854da3030cd4b5156/thrift%2Flib%2Fgo%2Fthrift%2Fprotocol.go,"['@@ -127,8 +128,6 @@']"
docker,docker,83c5131acd40ec6207c863954cafb0d9e30a072c,daemon/execdriver/native/create.go,https://github.com/moby/moby/raw/d5ebb60bddbabea0439213501f4f6ed494b23cba/daemon%2Fexecdriver%2Fnative%2Fcreate.go,"['@@ -6,12 +6,10 @@', '@@ -228,21 +226,16 @@']"
docker,docker,83c5131acd40ec6207c863954cafb0d9e30a072c,integration-cli/docker_cli_run_test.go,https://github.com/moby/moby/raw/d5ebb60bddbabea0439213501f4f6ed494b23cba/integration-cli%2Fdocker_cli_run_test.go,"['@@ -3487,3 +3487,21 @@']"
gogs,gogs,91f2cde5e95f146bfe4765e837e7282df6c7cabb,internal/auth/pam/pam.go,https://github.com/gogs/gogs/raw/64102be2c90e1b47dbdd379873ba76c80d4b0e78/internal%2Fauth%2Fpam%2Fpam.go,[]
Xhofe,alist,5193b2aa7df73231ebf68e90b3295f2a5c0916a2,server/controllers/other.go,https://github.com/AlistGo/alist/raw/6af17e2509a400979420f613fd7f2f9721fdcd6e/server%2Fcontrollers%2Fother.go,"['@@ -24,11 +25,19 @@']"
gogs,gogs,91f2cde5e95f146bfe4765e837e7282df6c7cabb,internal/auth/pam/pam.go,https://github.com/gogs/gogs/raw/64102be2c90e1b47dbdd379873ba76c80d4b0e78/internal%2Fauth%2Fpam%2Fpam.go,[]
stripe,stripe-cli,caa092dd99cb13c3360b94b0a9100b1a919e2a99,pkg/config/config.go,https://github.com/stripe/stripe-cli/raw/be38da5c0191adb77f661f769ffff2fbc7ddf6cd/pkg%2Fconfig%2Fconfig.go,[]
stripe,stripe-cli,caa092dd99cb13c3360b94b0a9100b1a919e2a99,pkg/open/open.go,https://github.com/stripe/stripe-cli/raw/be38da5c0191adb77f661f769ffff2fbc7ddf6cd/pkg%2Fopen%2Fopen.go,[]
quay,claircore,94dd31beb122603b9b7b44847219387ca5e2b99a,rpm/packagescanner.go,https://github.com/quay/claircore/raw/691f2023a1720a0579e688b69a2f4bfe1f4b7821/rpm%2Fpackagescanner.go,"['@@ -469,3 +469,11 @@']"
quay,claircore,94dd31beb122603b9b7b44847219387ca5e2b99a,rpm/packagescanner_test.go,https://github.com/quay/claircore/raw/691f2023a1720a0579e688b69a2f4bfe1f4b7821/rpm%2Fpackagescanner_test.go,"['@@ -1636,3 +1637,39 @@']"
quay,claircore,968288909226c51216cb66ec5a1811acc97ecd7c,rpm/packagescanner.go,https://github.com/quay/claircore/raw/dff671c665141f126c072de8a744855d4916c9c7/rpm%2Fpackagescanner.go,"['@@ -422,3 +422,11 @@']"
quay,claircore,968288909226c51216cb66ec5a1811acc97ecd7c,rpm/packagescanner_test.go,https://github.com/quay/claircore/raw/dff671c665141f126c072de8a744855d4916c9c7/rpm%2Fpackagescanner_test.go,"['@@ -1636,3 +1637,39 @@']"
quay,claircore,3defe60ae6e1249fa0ec311b8ea2d89883b4fb88,rpm/packagescanner.go,https://github.com/quay/claircore/raw/ed5f52aec1c82746725e9cc23e98316eab8be25a/rpm%2Fpackagescanner.go,"['@@ -422,3 +422,11 @@']"
quay,claircore,3defe60ae6e1249fa0ec311b8ea2d89883b4fb88,rpm/packagescanner_test.go,https://github.com/quay/claircore/raw/ed5f52aec1c82746725e9cc23e98316eab8be25a/rpm%2Fpackagescanner_test.go,"['@@ -1636,3 +1637,39 @@']"
gogs,gogs,b3541030c3ae9796b7f9d6edbe94e6e87630a097,internal/form/repo.go,https://github.com/gogs/gogs/raw/91f2cde5e95f146bfe4765e837e7282df6c7cabb/internal%2Fform%2Frepo.go,"['@@ -67,6 +68,11 @@']"
gogs,gogs,b3541030c3ae9796b7f9d6edbe94e6e87630a097,internal/netutil/netutil.go,https://github.com/gogs/gogs/raw/91f2cde5e95f146bfe4765e837e7282df6c7cabb/internal%2Fnetutil%2Fnetutil.go,"['@@ -0,0 +1,64 @@']"
gogs,gogs,b3541030c3ae9796b7f9d6edbe94e6e87630a097,internal/netutil/netutil_test.go,https://github.com/gogs/gogs/raw/91f2cde5e95f146bfe4765e837e7282df6c7cabb/internal%2Fnetutil%2Fnetutil_test.go,"['@@ -0,0 +1,36 @@']"
gogs,gogs,b3541030c3ae9796b7f9d6edbe94e6e87630a097,internal/route/repo/webhook.go,https://github.com/gogs/gogs/raw/91f2cde5e95f146bfe4765e837e7282df6c7cabb/internal%2Froute%2Frepo%2Fwebhook.go,"['@@ -118,24 +119,7 @@']"
gogs,gogs,b3541030c3ae9796b7f9d6edbe94e6e87630a097,internal/route/repo/webhook_test.go,https://github.com/gogs/gogs/raw/91f2cde5e95f146bfe4765e837e7282df6c7cabb/internal%2Froute%2Frepo%2Fwebhook_test.go,"['@@ -13,25 +13,6 @@']"
go-gitea,gitea,7443213707bde01ee8343d49b26824dc50e1ac18,modules/auth/pam/pam.go,https://github.com/go-gitea/gitea/raw/1314f38b59748397b3429fb9bc9f9d6bac85d2f2/modules%2Fauth%2Fpam%2Fpam.go,"['@@ -34,6 +34,10 @@']"
go-gitea,gitea,4047c5c068b80b66e0e61247ec239dc388615a02,modules/auth/pam/pam.go,https://github.com/go-gitea/gitea/raw/3e5c844a7758fa29126d201f4f98bf21bca6d314/modules%2Fauth%2Fpam%2Fpam.go,"['@@ -35,6 +35,10 @@']"
gogo,protobuf,550e88954e617545f49920b752c154d72abf1d8d,plugin/unmarshal/unmarshal.go,https://github.com/gogo/protobuf/raw/b03c65ea87cdc3521ede29f62fe3ce239267c1bc/plugin%2Funmarshal%2Funmarshal.go,"['@@ -1484,12 +1484,7 @@', '@@ -1512,12 +1507,7 @@']"
gogo,protobuf,550e88954e617545f49920b752c154d72abf1d8d,test/asymetric-issue125/asym.pb.go,https://github.com/gogo/protobuf/raw/b03c65ea87cdc3521ede29f62fe3ce239267c1bc/test%2Fasymetric-issue125%2Fasym.pb.go,"['@@ -473,10 +473,7 @@', '@@ -527,10 +524,7 @@']"
gogo,protobuf,550e88954e617545f49920b752c154d72abf1d8d,test/casttype/combos/both/casttype.pb.go,https://github.com/gogo/protobuf/raw/b03c65ea87cdc3521ede29f62fe3ce239267c1bc/test%2Fcasttype%2Fcombos%2Fboth%2Fcasttype.pb.go,"['@@ -2457,10 +2457,7 @@', '@@ -2531,10 +2528,7 @@']"
gogo,protobuf,550e88954e617545f49920b752c154d72abf1d8d,test/casttype/combos/unmarshaler/casttype.pb.go,https://github.com/gogo/protobuf/raw/b03c65ea87cdc3521ede29f62fe3ce239267c1bc/test%2Fcasttype%2Fcombos%2Funmarshaler%2Fcasttype.pb.go,"['@@ -2223,10 +2223,7 @@', '@@ -2297,10 +2294,7 @@']"
gogo,protobuf,550e88954e617545f49920b752c154d72abf1d8d,test/castvalue/combos/both/castvalue.pb.go,https://github.com/gogo/protobuf/raw/b03c65ea87cdc3521ede29f62fe3ce239267c1bc/test%2Fcastvalue%2Fcombos%2Fboth%2Fcastvalue.pb.go,"['@@ -1300,10 +1300,7 @@', '@@ -1374,10 +1371,7 @@']"
gogo,protobuf,550e88954e617545f49920b752c154d72abf1d8d,test/castvalue/combos/unmarshaler/castvalue.pb.go,https://github.com/gogo/protobuf/raw/b03c65ea87cdc3521ede29f62fe3ce239267c1bc/test%2Fcastvalue%2Fcombos%2Funmarshaler%2Fcastvalue.pb.go,"['@@ -1168,10 +1168,7 @@', '@@ -1242,10 +1239,7 @@']"
gogo,protobuf,550e88954e617545f49920b752c154d72abf1d8d,test/combos/both/thetest.pb.go,https://github.com/gogo/protobuf/raw/b03c65ea87cdc3521ede29f62fe3ce239267c1bc/test%2Fcombos%2Fboth%2Fthetest.pb.go,"['@@ -32576,10 +32576,7 @@', '@@ -32909,10 +32906,7 @@', '@@ -33873,10 +33867,7 @@', '@@ -34837,10 +34828,7 @@', '@@ -35737,10 +35725,7 @@', '@@ -36637,10 +36622,7 @@', '@@ -36938,10 +36920,7 @@', '@@ -37253,10 +37232,7 @@', '@@ -37805,10 +37781,7 @@', '@@ -38357,10 +38330,7 @@', '@@ -38500,10 +38470,7 @@', '@@ -38647,10 +38614,7 @@', '@@ -38768,10 +38732,7 @@', '@@ -38892,10 +38853,7 @@', '@@ -39012,10 +38970,7 @@', '@@ -39101,10 +39056,7 @@', '@@ -39225,10 +39177,7 @@', '@@ -39349,10 +39298,7 @@', '@@ -39473,10 +39419,7 @@', '@@ -39719,10 +39662,7 @@', '@@ -39998,10 +39938,7 @@', '@@ -40145,10 +40082,7 @@', '@@ -40307,10 +40241,7 @@', '@@ -40469,10 +40400,7 @@', '@@ -40589,10 +40517,7 @@', '@@ -40709,10 +40634,7 @@', '@@ -40814,10 +40736,7 @@', '@@ -40976,10 +40895,7 @@', '@@ -41063,10 +40979,7 @@', '@@ -41183,10 +41096,7 @@', '@@ -41270,10 +41180,7 @@', '@@ -41324,10 +41231,7 @@', '@@ -41397,10 +41301,7 @@', '@@ -41511,10 +41412,7 @@', '@@ -41772,10 +41670,7 @@', '@@ -42033,10 +41928,7 @@', '@@ -42147,10 +42039,7 @@', '@@ -42261,10 +42150,7 @@', '@@ -42375,10 +42261,7 @@', '@@ -42483,10 +42366,7 @@', '@@ -42566,10 +42446,7 @@', '@@ -42583,10 +42460,7 @@', '@@ -42723,10 +42597,7 @@', '@@ -42740,10 +42611,7 @@', '@@ -42907,10 +42775,7 @@', '@@ -43008,10 +42873,7 @@', '@@ -43095,10 +42957,7 @@', '@@ -43241,10 +43100,7 @@', '@@ -43574,10 +43430,7 @@', '@@ -43661,10 +43514,7 @@', '@@ -43981,10 +43831,7 @@', '@@ -44314,10 +44161,7 @@', '@@ -45278,10 +45122,7 @@', '@@ -45591,10 +45432,7 @@', '@@ -45785,10 +45623,7 @@', '@@ -45932,10 +45767,7 @@', '@@ -46075,10 +45907,7 @@', '@@ -46158,10 +45987,7 @@', '@@ -46175,10 +46001,7 @@', '@@ -46263,10 +46086,7 @@', '@@ -46383,10 +46203,7 @@', '@@ -46457,10 +46274,7 @@', '@@ -46576,10 +46390,7 @@', '@@ -46650,10 +46461,7 @@', '@@ -46770,10 +46578,7 @@', '@@ -46860,10 +46665,7 @@', '@@ -46947,10 +46749,7 @@', '@@ -47037,10 +46836,7 @@', '@@ -47125,10 +46921,7 @@', '@@ -47213,10 +47006,7 @@', '@@ -47300,10 +47090,7 @@']"
gogo,protobuf,550e88954e617545f49920b752c154d72abf1d8d,test/combos/unmarshaler/thetest.pb.go,https://github.com/gogo/protobuf/raw/b03c65ea87cdc3521ede29f62fe3ce239267c1bc/test%2Fcombos%2Funmarshaler%2Fthetest.pb.go,"['@@ -27456,10 +27456,7 @@', '@@ -27789,10 +27786,7 @@', '@@ -28753,10 +28747,7 @@', '@@ -29717,10 +29708,7 @@', '@@ -30617,10 +30605,7 @@', '@@ -31517,10 +31502,7 @@', '@@ -31818,10 +31800,7 @@', '@@ -32133,10 +32112,7 @@', '@@ -32685,10 +32661,7 @@', '@@ -33237,10 +33210,7 @@', '@@ -33380,10 +33350,7 @@', '@@ -33527,10 +33494,7 @@', '@@ -33648,10 +33612,7 @@', '@@ -33772,10 +33733,7 @@', '@@ -33892,10 +33850,7 @@', '@@ -33981,10 +33936,7 @@', '@@ -34105,10 +34057,7 @@', '@@ -34229,10 +34178,7 @@', '@@ -34353,10 +34299,7 @@', '@@ -34599,10 +34542,7 @@', '@@ -34878,10 +34818,7 @@', '@@ -35025,10 +34962,7 @@', '@@ -35187,10 +35121,7 @@', '@@ -35349,10 +35280,7 @@', '@@ -35469,10 +35397,7 @@', '@@ -35589,10 +35514,7 @@', '@@ -35694,10 +35616,7 @@', '@@ -35856,10 +35775,7 @@', '@@ -35943,10 +35859,7 @@', '@@ -36063,10 +35976,7 @@', '@@ -36150,10 +36060,7 @@', '@@ -36204,10 +36111,7 @@', '@@ -36277,10 +36181,7 @@', '@@ -36391,10 +36292,7 @@', '@@ -36652,10 +36550,7 @@', '@@ -36913,10 +36808,7 @@', '@@ -37027,10 +36919,7 @@', '@@ -37141,10 +37030,7 @@', '@@ -37255,10 +37141,7 @@', '@@ -37363,10 +37246,7 @@', '@@ -37446,10 +37326,7 @@', '@@ -37463,10 +37340,7 @@', '@@ -37603,10 +37477,7 @@', '@@ -37620,10 +37491,7 @@', '@@ -37787,10 +37655,7 @@', '@@ -37888,10 +37753,7 @@', '@@ -37975,10 +37837,7 @@', '@@ -38121,10 +37980,7 @@', '@@ -38454,10 +38310,7 @@', '@@ -38541,10 +38394,7 @@', '@@ -38861,10 +38711,7 @@', '@@ -39194,10 +39041,7 @@', '@@ -40158,10 +40002,7 @@', '@@ -40471,10 +40312,7 @@', '@@ -40665,10 +40503,7 @@', '@@ -40812,10 +40647,7 @@', '@@ -40955,10 +40787,7 @@', '@@ -41038,10 +40867,7 @@', '@@ -41055,10 +40881,7 @@', '@@ -41143,10 +40966,7 @@', '@@ -41263,10 +41083,7 @@', '@@ -41337,10 +41154,7 @@', '@@ -41456,10 +41270,7 @@', '@@ -41530,10 +41341,7 @@', '@@ -41650,10 +41458,7 @@', '@@ -41740,10 +41545,7 @@', '@@ -41827,10 +41629,7 @@', '@@ -41917,10 +41716,7 @@', '@@ -42005,10 +41801,7 @@', '@@ -42093,10 +41886,7 @@', '@@ -42180,10 +41970,7 @@']"
gogo,protobuf,550e88954e617545f49920b752c154d72abf1d8d,test/custombytesnonstruct/proto.pb.go,https://github.com/gogo/protobuf/raw/b03c65ea87cdc3521ede29f62fe3ce239267c1bc/test%2Fcustombytesnonstruct%2Fproto.pb.go,"['@@ -179,10 +179,7 @@']"
gogo,protobuf,550e88954e617545f49920b752c154d72abf1d8d,test/data/data.pb.go,https://github.com/gogo/protobuf/raw/b03c65ea87cdc3521ede29f62fe3ce239267c1bc/test%2Fdata%2Fdata.pb.go,"['@@ -391,10 +391,7 @@']"
gogo,protobuf,550e88954e617545f49920b752c154d72abf1d8d,test/empty-issue70/empty.pb.go,https://github.com/gogo/protobuf/raw/b03c65ea87cdc3521ede29f62fe3ce239267c1bc/test%2Fempty-issue70%2Fempty.pb.go,"['@@ -103,10 +103,7 @@']"
gogo,protobuf,550e88954e617545f49920b752c154d72abf1d8d,test/enumdecl/enumdecl.pb.go,https://github.com/gogo/protobuf/raw/b03c65ea87cdc3521ede29f62fe3ce239267c1bc/test%2Fenumdecl%2Fenumdecl.pb.go,"['@@ -372,10 +372,7 @@']"
gogo,protobuf,550e88954e617545f49920b752c154d72abf1d8d,test/enumdecl_all/enumdeclall.pb.go,https://github.com/gogo/protobuf/raw/b03c65ea87cdc3521ede29f62fe3ce239267c1bc/test%2Fenumdecl_all%2Fenumdeclall.pb.go,"['@@ -444,10 +444,7 @@']"
gogo,protobuf,550e88954e617545f49920b752c154d72abf1d8d,test/example/example.pb.go,https://github.com/gogo/protobuf/raw/b03c65ea87cdc3521ede29f62fe3ce239267c1bc/test%2Fexample%2Fexample.pb.go,"['@@ -2118,10 +2118,7 @@', '@@ -2240,10 +2237,7 @@', '@@ -2314,10 +2308,7 @@', '@@ -2440,10 +2431,7 @@', '@@ -2503,10 +2491,7 @@', '@@ -2520,10 +2505,7 @@', '@@ -2595,10 +2577,7 @@', '@@ -2668,10 +2647,7 @@']"
gogo,protobuf,550e88954e617545f49920b752c154d72abf1d8d,test/fuzztests/fuzz.pb.go,https://github.com/gogo/protobuf/raw/b03c65ea87cdc3521ede29f62fe3ce239267c1bc/test%2Ffuzztests%2Ffuzz.pb.go,"['@@ -1403,10 +1403,7 @@', '@@ -2303,10 +2300,7 @@', '@@ -2636,10 +2630,7 @@', '@@ -2951,10 +2942,7 @@']"
gogo,protobuf,550e88954e617545f49920b752c154d72abf1d8d,test/importcustom-issue389/imported/a.pb.go,https://github.com/gogo/protobuf/raw/b03c65ea87cdc3521ede29f62fe3ce239267c1bc/test%2Fimportcustom-issue389%2Fimported%2Fa.pb.go,"['@@ -331,10 +331,7 @@']"
gogo,protobuf,550e88954e617545f49920b752c154d72abf1d8d,test/importcustom-issue389/importing/c.pb.go,https://github.com/gogo/protobuf/raw/b03c65ea87cdc3521ede29f62fe3ce239267c1bc/test%2Fimportcustom-issue389%2Fimporting%2Fc.pb.go,"['@@ -345,10 +345,7 @@']"
gogo,protobuf,550e88954e617545f49920b752c154d72abf1d8d,test/indeximport-issue72/index/index.pb.go,https://github.com/gogo/protobuf/raw/b03c65ea87cdc3521ede29f62fe3ce239267c1bc/test%2Findeximport-issue72%2Findex%2Findex.pb.go,"['@@ -407,10 +407,7 @@']"
gogo,protobuf,550e88954e617545f49920b752c154d72abf1d8d,test/indeximport-issue72/indeximport.pb.go,https://github.com/gogo/protobuf/raw/b03c65ea87cdc3521ede29f62fe3ce239267c1bc/test%2Findeximport-issue72%2Findeximport.pb.go,"['@@ -357,10 +357,7 @@']"
gogo,protobuf,550e88954e617545f49920b752c154d72abf1d8d,test/int64support/object.pb.go,https://github.com/gogo/protobuf/raw/b03c65ea87cdc3521ede29f62fe3ce239267c1bc/test%2Fint64support%2Fobject.pb.go,"['@@ -394,10 +394,7 @@']"
gogo,protobuf,550e88954e617545f49920b752c154d72abf1d8d,test/issue260/issue260.pb.go,https://github.com/gogo/protobuf/raw/b03c65ea87cdc3521ede29f62fe3ce239267c1bc/test%2Fissue260%2Fissue260.pb.go,"['@@ -755,10 +755,7 @@', '@@ -879,10 +876,7 @@', '@@ -983,10 +977,7 @@']"
gogo,protobuf,550e88954e617545f49920b752c154d72abf1d8d,test/issue261/issue261.pb.go,https://github.com/gogo/protobuf/raw/b03c65ea87cdc3521ede29f62fe3ce239267c1bc/test%2Fissue261%2Fissue261.pb.go,"['@@ -422,10 +422,7 @@']"
gogo,protobuf,550e88954e617545f49920b752c154d72abf1d8d,test/issue262/timefail.pb.go,https://github.com/gogo/protobuf/raw/b03c65ea87cdc3521ede29f62fe3ce239267c1bc/test%2Fissue262%2Ftimefail.pb.go,"['@@ -294,10 +294,7 @@']"
gogo,protobuf,550e88954e617545f49920b752c154d72abf1d8d,test/issue322/issue322.pb.go,https://github.com/gogo/protobuf/raw/b03c65ea87cdc3521ede29f62fe3ce239267c1bc/test%2Fissue322%2Fissue322.pb.go,"['@@ -546,10 +546,7 @@']"
gogo,protobuf,550e88954e617545f49920b752c154d72abf1d8d,test/issue330/issue330.pb.go,https://github.com/gogo/protobuf/raw/b03c65ea87cdc3521ede29f62fe3ce239267c1bc/test%2Fissue330%2Fissue330.pb.go,"['@@ -317,10 +317,7 @@']"
gogo,protobuf,550e88954e617545f49920b752c154d72abf1d8d,test/issue34/proto.pb.go,https://github.com/gogo/protobuf/raw/b03c65ea87cdc3521ede29f62fe3ce239267c1bc/test%2Fissue34%2Fproto.pb.go,"['@@ -186,10 +186,7 @@', '@@ -272,10 +269,7 @@']"
gogo,protobuf,550e88954e617545f49920b752c154d72abf1d8d,test/issue42order/issue42.pb.go,https://github.com/gogo/protobuf/raw/b03c65ea87cdc3521ede29f62fe3ce239267c1bc/test%2Fissue42order%2Fissue42.pb.go,"['@@ -460,10 +460,7 @@', '@@ -545,10 +542,7 @@']"
gogo,protobuf,550e88954e617545f49920b752c154d72abf1d8d,test/issue449/issue449.pb.go,https://github.com/gogo/protobuf/raw/b03c65ea87cdc3521ede29f62fe3ce239267c1bc/test%2Fissue449%2Fissue449.pb.go,"['@@ -476,10 +476,7 @@']"
gogo,protobuf,550e88954e617545f49920b752c154d72abf1d8d,test/issue498/issue498.pb.go,https://github.com/gogo/protobuf/raw/b03c65ea87cdc3521ede29f62fe3ce239267c1bc/test%2Fissue498%2Fissue498.pb.go,"['@@ -482,10 +482,7 @@']"
gogo,protobuf,550e88954e617545f49920b752c154d72abf1d8d,test/issue503/issue503.pb.go,https://github.com/gogo/protobuf/raw/b03c65ea87cdc3521ede29f62fe3ce239267c1bc/test%2Fissue503%2Fissue503.pb.go,"['@@ -733,10 +733,7 @@']"
gogo,protobuf,550e88954e617545f49920b752c154d72abf1d8d,test/issue530/issue530.pb.go,https://github.com/gogo/protobuf/raw/b03c65ea87cdc3521ede29f62fe3ce239267c1bc/test%2Fissue530%2Fissue530.pb.go,"['@@ -2788,10 +2788,7 @@', '@@ -2873,10 +2870,7 @@', '@@ -2959,10 +2953,7 @@', '@@ -3080,10 +3071,7 @@', '@@ -3165,10 +3153,7 @@', '@@ -3286,10 +3271,7 @@', '@@ -3472,10 +3454,7 @@', '@@ -3559,10 +3538,7 @@', '@@ -3644,10 +3620,7 @@']"
gogo,protobuf,550e88954e617545f49920b752c154d72abf1d8d,test/issue617/issue617.pb.go,https://github.com/gogo/protobuf/raw/b03c65ea87cdc3521ede29f62fe3ce239267c1bc/test%2Fissue617%2Fissue617.pb.go,"['@@ -368,10 +368,7 @@', '@@ -422,10 +419,7 @@']"
gogo,protobuf,550e88954e617545f49920b752c154d72abf1d8d,test/issue8/proto.pb.go,https://github.com/gogo/protobuf/raw/b03c65ea87cdc3521ede29f62fe3ce239267c1bc/test%2Fissue8%2Fproto.pb.go,"['@@ -251,10 +251,7 @@']"
gogo,protobuf,550e88954e617545f49920b752c154d72abf1d8d,test/mapdefaults/combos/both/map.pb.go,https://github.com/gogo/protobuf/raw/b03c65ea87cdc3521ede29f62fe3ce239267c1bc/test%2Fmapdefaults%2Fcombos%2Fboth%2Fmap.pb.go,"['@@ -1284,10 +1284,7 @@', '@@ -1372,10 +1369,7 @@', '@@ -1522,10 +1516,7 @@']"
gogo,protobuf,550e88954e617545f49920b752c154d72abf1d8d,test/mapdefaults/combos/unmarshaler/map.pb.go,https://github.com/gogo/protobuf/raw/b03c65ea87cdc3521ede29f62fe3ce239267c1bc/test%2Fmapdefaults%2Fcombos%2Funmarshaler%2Fmap.pb.go,"['@@ -1111,10 +1111,7 @@', '@@ -1199,10 +1196,7 @@', '@@ -1349,10 +1343,7 @@']"
gogo,protobuf,550e88954e617545f49920b752c154d72abf1d8d,test/mapsproto2/combos/both/mapsproto2.pb.go,https://github.com/gogo/protobuf/raw/b03c65ea87cdc3521ede29f62fe3ce239267c1bc/test%2Fmapsproto2%2Fcombos%2Fboth%2Fmapsproto2.pb.go,"['@@ -4719,10 +4719,7 @@', '@@ -5293,10 +5290,7 @@', '@@ -7089,10 +7083,7 @@', '@@ -8885,10 +8876,7 @@']"
gogo,protobuf,550e88954e617545f49920b752c154d72abf1d8d,test/mapsproto2/combos/unmarshaler/mapsproto2.pb.go,https://github.com/gogo/protobuf/raw/b03c65ea87cdc3521ede29f62fe3ce239267c1bc/test%2Fmapsproto2%2Fcombos%2Funmarshaler%2Fmapsproto2.pb.go,"['@@ -3767,10 +3767,7 @@', '@@ -4341,10 +4338,7 @@', '@@ -6137,10 +6131,7 @@', '@@ -7933,10 +7924,7 @@']"
gogo,protobuf,550e88954e617545f49920b752c154d72abf1d8d,test/nopackage/nopackage.pb.go,https://github.com/gogo/protobuf/raw/b03c65ea87cdc3521ede29f62fe3ce239267c1bc/test%2Fnopackage%2Fnopackage.pb.go,"['@@ -313,10 +313,7 @@']"
gogo,protobuf,550e88954e617545f49920b752c154d72abf1d8d,test/oneof/combos/both/one.pb.go,https://github.com/gogo/protobuf/raw/b03c65ea87cdc3521ede29f62fe3ce239267c1bc/test%2Foneof%2Fcombos%2Fboth%2Fone.pb.go,"['@@ -5730,10 +5730,7 @@', '@@ -6093,10 +6090,7 @@', '@@ -6289,10 +6283,7 @@', '@@ -6451,10 +6442,7 @@']"
gogo,protobuf,550e88954e617545f49920b752c154d72abf1d8d,test/oneof/combos/unmarshaler/one.pb.go,https://github.com/gogo/protobuf/raw/b03c65ea87cdc3521ede29f62fe3ce239267c1bc/test%2Foneof%2Fcombos%2Funmarshaler%2Fone.pb.go,"['@@ -5148,10 +5148,7 @@', '@@ -5511,10 +5508,7 @@', '@@ -5707,10 +5701,7 @@', '@@ -5869,10 +5860,7 @@']"
gogo,protobuf,550e88954e617545f49920b752c154d72abf1d8d,test/oneof3/combos/both/one.pb.go,https://github.com/gogo/protobuf/raw/b03c65ea87cdc3521ede29f62fe3ce239267c1bc/test%2Foneof3%2Fcombos%2Fboth%2Fone.pb.go,"['@@ -3481,10 +3481,7 @@', '@@ -3844,10 +3841,7 @@']"
gogo,protobuf,550e88954e617545f49920b752c154d72abf1d8d,test/oneof3/combos/unmarshaler/one.pb.go,https://github.com/gogo/protobuf/raw/b03c65ea87cdc3521ede29f62fe3ce239267c1bc/test%2Foneof3%2Fcombos%2Funmarshaler%2Fone.pb.go,"['@@ -3161,10 +3161,7 @@', '@@ -3524,10 +3521,7 @@']"
gogo,protobuf,550e88954e617545f49920b752c154d72abf1d8d,test/packed/packed.pb.go,https://github.com/gogo/protobuf/raw/b03c65ea87cdc3521ede29f62fe3ce239267c1bc/test%2Fpacked%2Fpacked.pb.go,"['@@ -2042,10 +2042,7 @@', '@@ -2942,10 +2939,7 @@', '@@ -3842,10 +3836,7 @@', '@@ -4742,10 +4733,7 @@']"
gogo,protobuf,550e88954e617545f49920b752c154d72abf1d8d,test/protosize/protosize.pb.go,https://github.com/gogo/protobuf/raw/b03c65ea87cdc3521ede29f62fe3ce239267c1bc/test%2Fprotosize%2Fprotosize.pb.go,"['@@ -504,10 +504,7 @@']"
gogo,protobuf,550e88954e617545f49920b752c154d72abf1d8d,test/required/requiredexample.pb.go,https://github.com/gogo/protobuf/raw/b03c65ea87cdc3521ede29f62fe3ce239267c1bc/test%2Frequired%2Frequiredexample.pb.go,"['@@ -1335,10 +1335,7 @@', '@@ -1674,10 +1671,7 @@', '@@ -2068,10 +2062,7 @@', '@@ -2201,10 +2192,7 @@']"
gogo,protobuf,550e88954e617545f49920b752c154d72abf1d8d,test/sizeunderscore/sizeunderscore.pb.go,https://github.com/gogo/protobuf/raw/b03c65ea87cdc3521ede29f62fe3ce239267c1bc/test%2Fsizeunderscore%2Fsizeunderscore.pb.go,"['@@ -451,10 +451,7 @@']"
gogo,protobuf,550e88954e617545f49920b752c154d72abf1d8d,test/theproto3/combos/both/theproto3.pb.go,https://github.com/gogo/protobuf/raw/b03c65ea87cdc3521ede29f62fe3ce239267c1bc/test%2Ftheproto3%2Fcombos%2Fboth%2Ftheproto3.pb.go,"['@@ -7187,10 +7187,7 @@', '@@ -7273,10 +7270,7 @@', '@@ -9069,10 +9063,7 @@', '@@ -10865,10 +10856,7 @@', '@@ -11266,10 +11254,7 @@', '@@ -11331,10 +11316,7 @@', '@@ -11453,10 +11435,7 @@', '@@ -11507,10 +11486,7 @@', '@@ -11667,10 +11643,7 @@', '@@ -11797,10 +11770,7 @@']"
gogo,protobuf,550e88954e617545f49920b752c154d72abf1d8d,test/theproto3/combos/unmarshaler/theproto3.pb.go,https://github.com/gogo/protobuf/raw/b03c65ea87cdc3521ede29f62fe3ce239267c1bc/test%2Ftheproto3%2Fcombos%2Funmarshaler%2Ftheproto3.pb.go,"['@@ -5866,10 +5866,7 @@', '@@ -5952,10 +5949,7 @@', '@@ -7748,10 +7742,7 @@', '@@ -9544,10 +9535,7 @@', '@@ -9945,10 +9933,7 @@', '@@ -10010,10 +9995,7 @@', '@@ -10132,10 +10114,7 @@', '@@ -10186,10 +10165,7 @@', '@@ -10346,10 +10322,7 @@', '@@ -10476,10 +10449,7 @@']"
gogo,protobuf,550e88954e617545f49920b752c154d72abf1d8d,test/typedecl/typedecl.pb.go,https://github.com/gogo/protobuf/raw/b03c65ea87cdc3521ede29f62fe3ce239267c1bc/test%2Ftypedecl%2Ftypedecl.pb.go,"['@@ -729,10 +729,7 @@', '@@ -820,10 +817,7 @@', '@@ -924,10 +918,7 @@']"
gogo,protobuf,550e88954e617545f49920b752c154d72abf1d8d,test/typedecl_all/typedeclall.pb.go,https://github.com/gogo/protobuf/raw/b03c65ea87cdc3521ede29f62fe3ce239267c1bc/test%2Ftypedecl_all%2Ftypedeclall.pb.go,"['@@ -729,10 +729,7 @@', '@@ -820,10 +817,7 @@', '@@ -924,10 +918,7 @@']"
gogo,protobuf,550e88954e617545f49920b752c154d72abf1d8d,test/types/combos/both/types.pb.go,https://github.com/gogo/protobuf/raw/b03c65ea87cdc3521ede29f62fe3ce239267c1bc/test%2Ftypes%2Fcombos%2Fboth%2Ftypes.pb.go,"['@@ -12117,10 +12117,7 @@', '@@ -12930,10 +12927,7 @@', '@@ -13743,10 +13737,7 @@', '@@ -14545,10 +14536,7 @@', '@@ -15347,10 +15335,7 @@', '@@ -17931,10 +17916,7 @@', '@@ -20493,10 +20475,7 @@', '@@ -20932,10 +20911,7 @@', '@@ -21371,10 +21347,7 @@']"
gogo,protobuf,550e88954e617545f49920b752c154d72abf1d8d,test/types/combos/unmarshaler/types.pb.go,https://github.com/gogo/protobuf/raw/b03c65ea87cdc3521ede29f62fe3ce239267c1bc/test%2Ftypes%2Fcombos%2Funmarshaler%2Ftypes.pb.go,"['@@ -9114,10 +9114,7 @@', '@@ -9927,10 +9924,7 @@', '@@ -10740,10 +10734,7 @@', '@@ -11542,10 +11533,7 @@', '@@ -12344,10 +12332,7 @@', '@@ -14928,10 +14913,7 @@', '@@ -17490,10 +17472,7 @@', '@@ -17929,10 +17908,7 @@', '@@ -18368,10 +18344,7 @@']"
gogo,protobuf,550e88954e617545f49920b752c154d72abf1d8d,test/unmarshalmerge/unmarshalmerge.pb.go,https://github.com/gogo/protobuf/raw/b03c65ea87cdc3521ede29f62fe3ce239267c1bc/test%2Funmarshalmerge%2Funmarshalmerge.pb.go,"['@@ -1054,10 +1054,7 @@', '@@ -1164,10 +1161,7 @@', '@@ -1238,10 +1232,7 @@', '@@ -1475,10 +1466,7 @@']"
gogo,protobuf,550e88954e617545f49920b752c154d72abf1d8d,test/unrecognized/unrecognized.pb.go,https://github.com/gogo/protobuf/raw/b03c65ea87cdc3521ede29f62fe3ce239267c1bc/test%2Funrecognized%2Funrecognized.pb.go,"['@@ -3273,10 +3273,7 @@', '@@ -3434,10 +3431,7 @@', '@@ -3508,10 +3502,7 @@', '@@ -3725,10 +3716,7 @@', '@@ -3853,10 +3841,7 @@', '@@ -3960,10 +3945,7 @@', '@@ -4085,10 +4067,7 @@', '@@ -4278,10 +4257,7 @@', '@@ -4419,10 +4395,7 @@']"
gogo,protobuf,550e88954e617545f49920b752c154d72abf1d8d,test/unrecognizedgroup/unrecognizedgroup.pb.go,https://github.com/gogo/protobuf/raw/b03c65ea87cdc3521ede29f62fe3ce239267c1bc/test%2Funrecognizedgroup%2Funrecognizedgroup.pb.go,"['@@ -1651,10 +1651,7 @@', '@@ -1725,10 +1722,7 @@']"
gogo,protobuf,550e88954e617545f49920b752c154d72abf1d8d,types/any.pb.go,https://github.com/gogo/protobuf/raw/b03c65ea87cdc3521ede29f62fe3ce239267c1bc/types%2Fany.pb.go,"['@@ -592,10 +592,7 @@']"
gogo,protobuf,550e88954e617545f49920b752c154d72abf1d8d,types/api.pb.go,https://github.com/gogo/protobuf/raw/b03c65ea87cdc3521ede29f62fe3ce239267c1bc/types%2Fapi.pb.go,"['@@ -1677,10 +1677,7 @@', '@@ -1920,10 +1917,7 @@', '@@ -2038,10 +2032,7 @@']"
gogo,protobuf,550e88954e617545f49920b752c154d72abf1d8d,types/duration.pb.go,https://github.com/gogo/protobuf/raw/b03c65ea87cdc3521ede29f62fe3ce239267c1bc/types%2Fduration.pb.go,"['@@ -415,10 +415,7 @@']"
gogo,protobuf,550e88954e617545f49920b752c154d72abf1d8d,types/empty.pb.go,https://github.com/gogo/protobuf/raw/b03c65ea87cdc3521ede29f62fe3ce239267c1bc/types%2Fempty.pb.go,"['@@ -360,10 +360,7 @@']"
gogo,protobuf,550e88954e617545f49920b752c154d72abf1d8d,types/field_mask.pb.go,https://github.com/gogo/protobuf/raw/b03c65ea87cdc3521ede29f62fe3ce239267c1bc/types%2Ffield_mask.pb.go,"['@@ -636,10 +636,7 @@']"
gogo,protobuf,550e88954e617545f49920b752c154d72abf1d8d,types/source_context.pb.go,https://github.com/gogo/protobuf/raw/b03c65ea87cdc3521ede29f62fe3ce239267c1bc/types%2Fsource_context.pb.go,"['@@ -422,10 +422,7 @@']"
gogo,protobuf,550e88954e617545f49920b752c154d72abf1d8d,types/struct.pb.go,https://github.com/gogo/protobuf/raw/b03c65ea87cdc3521ede29f62fe3ce239267c1bc/types%2Fstruct.pb.go,"['@@ -1879,10 +1879,7 @@', '@@ -2087,10 +2084,7 @@', '@@ -2175,10 +2169,7 @@']"
gogo,protobuf,550e88954e617545f49920b752c154d72abf1d8d,types/timestamp.pb.go,https://github.com/gogo/protobuf/raw/b03c65ea87cdc3521ede29f62fe3ce239267c1bc/types%2Ftimestamp.pb.go,"['@@ -437,10 +437,7 @@']"
gogo,protobuf,550e88954e617545f49920b752c154d72abf1d8d,types/type.pb.go,https://github.com/gogo/protobuf/raw/b03c65ea87cdc3521ede29f62fe3ce239267c1bc/types%2Ftype.pb.go,"['@@ -2483,10 +2483,7 @@', '@@ -2795,10 +2792,7 @@', '@@ -3004,10 +2998,7 @@', '@@ -3143,10 +3134,7 @@', '@@ -3265,10 +3253,7 @@']"
gogo,protobuf,550e88954e617545f49920b752c154d72abf1d8d,types/wrappers.pb.go,https://github.com/gogo/protobuf/raw/b03c65ea87cdc3521ede29f62fe3ce239267c1bc/types%2Fwrappers.pb.go,"['@@ -2020,10 +2020,7 @@', '@@ -2085,10 +2082,7 @@', '@@ -2158,10 +2152,7 @@', '@@ -2231,10 +2222,7 @@', '@@ -2304,10 +2292,7 @@', '@@ -2377,10 +2362,7 @@', '@@ -2451,10 +2433,7 @@', '@@ -2537,10 +2516,7 @@', '@@ -2625,10 +2601,7 @@']"
gogo,protobuf,550e88954e617545f49920b752c154d72abf1d8d,vanity/test/fast/gogovanity.pb.go,https://github.com/gogo/protobuf/raw/b03c65ea87cdc3521ede29f62fe3ce239267c1bc/vanity%2Ftest%2Ffast%2Fgogovanity.pb.go,"['@@ -299,10 +299,7 @@']"
gogo,protobuf,550e88954e617545f49920b752c154d72abf1d8d,vanity/test/fast/proto3.pb.go,https://github.com/gogo/protobuf/raw/b03c65ea87cdc3521ede29f62fe3ce239267c1bc/vanity%2Ftest%2Ffast%2Fproto3.pb.go,"['@@ -219,10 +219,7 @@']"
gogo,protobuf,550e88954e617545f49920b752c154d72abf1d8d,vanity/test/fast/vanity.pb.go,https://github.com/gogo/protobuf/raw/b03c65ea87cdc3521ede29f62fe3ce239267c1bc/vanity%2Ftest%2Ffast%2Fvanity.pb.go,"['@@ -262,10 +262,7 @@']"
gogo,protobuf,550e88954e617545f49920b752c154d72abf1d8d,vanity/test/faster/gogovanity.pb.go,https://github.com/gogo/protobuf/raw/b03c65ea87cdc3521ede29f62fe3ce239267c1bc/vanity%2Ftest%2Ffaster%2Fgogovanity.pb.go,"['@@ -285,10 +285,7 @@']"
gogo,protobuf,550e88954e617545f49920b752c154d72abf1d8d,vanity/test/faster/proto3.pb.go,https://github.com/gogo/protobuf/raw/b03c65ea87cdc3521ede29f62fe3ce239267c1bc/vanity%2Ftest%2Ffaster%2Fproto3.pb.go,"['@@ -209,10 +209,7 @@']"
gogo,protobuf,550e88954e617545f49920b752c154d72abf1d8d,vanity/test/faster/vanity.pb.go,https://github.com/gogo/protobuf/raw/b03c65ea87cdc3521ede29f62fe3ce239267c1bc/vanity%2Ftest%2Ffaster%2Fvanity.pb.go,"['@@ -241,10 +241,7 @@']"
gogo,protobuf,550e88954e617545f49920b752c154d72abf1d8d,vanity/test/slick/gogovanity.pb.go,https://github.com/gogo/protobuf/raw/b03c65ea87cdc3521ede29f62fe3ce239267c1bc/vanity%2Ftest%2Fslick%2Fgogovanity.pb.go,"['@@ -374,10 +374,7 @@']"
gogo,protobuf,550e88954e617545f49920b752c154d72abf1d8d,vanity/test/slick/proto3.pb.go,https://github.com/gogo/protobuf/raw/b03c65ea87cdc3521ede29f62fe3ce239267c1bc/vanity%2Ftest%2Fslick%2Fproto3.pb.go,"['@@ -272,10 +272,7 @@']"
gogo,protobuf,550e88954e617545f49920b752c154d72abf1d8d,vanity/test/slick/vanity.pb.go,https://github.com/gogo/protobuf/raw/b03c65ea87cdc3521ede29f62fe3ce239267c1bc/vanity%2Ftest%2Fslick%2Fvanity.pb.go,"['@@ -309,10 +309,7 @@']"
go-gitea,gitea,6fc73a84332643ffbd431f6e7fcb16942c505c04,modules/context/context.go,https://github.com/go-gitea/gitea/raw/e3d8e92bdc67562783de9a76b5b7842b68daeb48/modules%2Fcontext%2Fcontext.go,"['@@ -181,6 +181,12 @@']"
containerd,imgcrypt,f4400580b658c1fcb3cacc52dfb6104ea3c3aa82,images/encryption/encryption.go,https://github.com/containerd/imgcrypt/raw/6fdd9818a4d8142107b7ecd767d839c9707700d9/images%2Fencryption%2Fencryption.go,"['@@ -50,6 +50,13 @@', '@@ -380,6 +387,9 @@', '@@ -389,6 +399,9 @@']"
valyala,fasthttp,1116d034d5354b2975a6089aad66dea00da696f3,fs.go,https://github.com/valyala/fasthttp/raw/15262ecf3c602364639d465daba1e7f3604d00e8/fs.go,"['@@ -30,6 +30,10 @@', '@@ -43,6 +47,10 @@', '@@ -62,6 +70,10 @@', '@@ -79,6 +91,10 @@']"
valyala,fasthttp,1116d034d5354b2975a6089aad66dea00da696f3,server.go,https://github.com/valyala/fasthttp/raw/15262ecf3c602364639d465daba1e7f3604d00e8/server.go,"['@@ -1338,6 +1338,10 @@', '@@ -1349,6 +1353,10 @@']"
valyala,fasthttp,f0b0cfe9b2dcae6fa59ee5b18dc509cce2037efe,strings.go,https://github.com/valyala/fasthttp/raw/6b5bc7bb304975147b4af68df54ac214ed2554c1/strings.go,"['@@ -7,21 +7,25 @@']"
valyala,fasthttp,f0b0cfe9b2dcae6fa59ee5b18dc509cce2037efe,uri.go,https://github.com/valyala/fasthttp/raw/6b5bc7bb304975147b4af68df54ac214ed2554c1/uri.go,"['@@ -634,6 +635,60 @@']"
IceWhaleTech,CasaOS,26e5b18a5d265ec785a507f3e50dea06eb67b5dd,route/init.go,https://github.com/IceWhaleTech/CasaOS/raw/d060968b7ab08e7f8cbfe7ca9ccdfa47afe9bb06/route%2Finit.go,[]
IceWhaleTech,CasaOS,26e5b18a5d265ec785a507f3e50dea06eb67b5dd,route/v1/app.go,https://github.com/IceWhaleTech/CasaOS/raw/d060968b7ab08e7f8cbfe7ca9ccdfa47afe9bb06/route%2Fv1%2Fapp.go,[]
IceWhaleTech,CasaOS,26e5b18a5d265ec785a507f3e50dea06eb67b5dd,route/v1/disk.go,https://github.com/IceWhaleTech/CasaOS/raw/d060968b7ab08e7f8cbfe7ca9ccdfa47afe9bb06/route%2Fv1%2Fdisk.go,[]
IceWhaleTech,CasaOS,26e5b18a5d265ec785a507f3e50dea06eb67b5dd,route/v1/docker.go,https://github.com/IceWhaleTech/CasaOS/raw/d060968b7ab08e7f8cbfe7ca9ccdfa47afe9bb06/route%2Fv1%2Fdocker.go,[]
IceWhaleTech,CasaOS,26e5b18a5d265ec785a507f3e50dea06eb67b5dd,route/v1/system.go,https://github.com/IceWhaleTech/CasaOS/raw/d060968b7ab08e7f8cbfe7ca9ccdfa47afe9bb06/route%2Fv1%2Fsystem.go,[]
IceWhaleTech,CasaOS,26e5b18a5d265ec785a507f3e50dea06eb67b5dd,route/v1/zerotier.go,https://github.com/IceWhaleTech/CasaOS/raw/d060968b7ab08e7f8cbfe7ca9ccdfa47afe9bb06/route%2Fv1%2Fzerotier.go,"['@@ -432,11 +433,17 @@', '@@ -450,10 +457,19 @@']"
IceWhaleTech,CasaOS,26e5b18a5d265ec785a507f3e50dea06eb67b5dd,service/casa.go,https://github.com/IceWhaleTech/CasaOS/raw/d060968b7ab08e7f8cbfe7ca9ccdfa47afe9bb06/service%2Fcasa.go,[]
IceWhaleTech,CasaOS,26e5b18a5d265ec785a507f3e50dea06eb67b5dd,service/zerotier.go,https://github.com/IceWhaleTech/CasaOS/raw/d060968b7ab08e7f8cbfe7ca9ccdfa47afe9bb06/service%2Fzerotier.go,"['@@ -4,18 +4,20 @@', '@@ -333,6 +336,13 @@']"
IceWhaleTech,CasaOS,26e5b18a5d265ec785a507f3e50dea06eb67b5dd,types/system.go,https://github.com/IceWhaleTech/CasaOS/raw/d060968b7ab08e7f8cbfe7ca9ccdfa47afe9bb06/types%2Fsystem.go,[]
containerd,containerd,075cfdff68941fe30338ebe034fa67ce09fb4b55,version/version.go,https://github.com/containerd/containerd/raw/10f428dac7cec44c864e1b830a4623af27a9fc70/version%2Fversion.go,[]
argoproj,argo-cd,a6c664b2aefc513936e9f56c1a373bdbddcd5727,controller/appcontroller.go,https://github.com/argoproj/argo-cd/raw/af03b291d4b7e9d3ce9a6580ae9c8141af0e05cf/controller%2Fappcontroller.go,"['@@ -421,8 +422,12 @@', '@@ -432,16 +437,18 @@', '@@ -1291,6 +1298,13 @@']"
argoproj,argo-cd,a6c664b2aefc513936e9f56c1a373bdbddcd5727,controller/appcontroller_test.go,https://github.com/argoproj/argo-cd/raw/af03b291d4b7e9d3ce9a6580ae9c8141af0e05cf/controller%2Fappcontroller_test.go,[]
argoproj,argo-cd,a6c664b2aefc513936e9f56c1a373bdbddcd5727,controller/cache/cache.go,https://github.com/argoproj/argo-cd/raw/af03b291d4b7e9d3ce9a6580ae9c8141af0e05cf/controller%2Fcache%2Fcache.go,[]
argoproj,argo-cd,a6c664b2aefc513936e9f56c1a373bdbddcd5727,controller/cache/mocks/LiveStateCache.go,https://github.com/argoproj/argo-cd/raw/af03b291d4b7e9d3ce9a6580ae9c8141af0e05cf/controller%2Fcache%2Fmocks%2FLiveStateCache.go,[]
argoproj,argo-cd,a6c664b2aefc513936e9f56c1a373bdbddcd5727,pkg/apis/application/v1alpha1/app_project_types.go,https://github.com/argoproj/argo-cd/raw/af03b291d4b7e9d3ce9a6580ae9c8141af0e05cf/pkg%2Fapis%2Fapplication%2Fv1alpha1%2Fapp_project_types.go,"['@@ -313,11 +313,15 @@']"
argoproj,argo-cd,a6c664b2aefc513936e9f56c1a373bdbddcd5727,server/application/application.go,https://github.com/argoproj/argo-cd/raw/af03b291d4b7e9d3ce9a6580ae9c8141af0e05cf/server%2Fapplication%2Fapplication.go,"['@@ -488,6 +488,21 @@']"
argoproj,argo-cd,a6c664b2aefc513936e9f56c1a373bdbddcd5727,test/e2e/app_management_test.go,https://github.com/argoproj/argo-cd/raw/af03b291d4b7e9d3ce9a6580ae9c8141af0e05cf/test%2Fe2e%2Fapp_management_test.go,"['@@ -1046,64 +1046,125 @@']"
argoproj,argo-cd,a6c664b2aefc513936e9f56c1a373bdbddcd5727,test/e2e/fixture/project/actions.go,https://github.com/argoproj/argo-cd/raw/af03b291d4b7e9d3ce9a6580ae9c8141af0e05cf/test%2Fe2e%2Ffixture%2Fproject%2Factions.go,"['@@ -1,7 +1,12 @@', '@@ -34,6 +39,25 @@', '@@ -72,4 +96,7 @@']"
gogs,gogs,5aca56d2ddafad347dd670f4004ebf367c2c84ef,internal/db/repo_editor.go,https://github.com/gogs/gogs/raw/0fef3c9082269e9a4e817274942a5d7c50617284/internal%2Fdb%2Frepo_editor.go,"['@@ -16,16 +16,18 @@', '@@ -449,11 +451,16 @@', '@@ -487,7 +494,9 @@']"
usememos,memos,96798e10b488439c9dae38815844f8e253045b8c,server/common.go,https://github.com/usememos/memos/raw/46c13a4b7f675b92d297df6dabb4441f13c7cd9c/server%2Fcommon.go,"['@@ -1,6 +1,8 @@', '@@ -16,6 +18,10 @@']"
usememos,memos,96798e10b488439c9dae38815844f8e253045b8c,server/resource.go,https://github.com/usememos/memos/raw/46c13a4b7f675b92d297df6dabb4441f13c7cd9c/server%2Fresource.go,"['@@ -266,7 +267,11 @@']"
usememos,memos,96798e10b488439c9dae38815844f8e253045b8c,server/server.go,https://github.com/usememos/memos/raw/46c13a4b7f675b92d297df6dabb4441f13c7cd9c/server%2Fserver.go,"['@@ -64,7 +64,13 @@']"
usememos,memos,96798e10b488439c9dae38815844f8e253045b8c,server/version/version.go,https://github.com/usememos/memos/raw/46c13a4b7f675b92d297df6dabb4441f13c7cd9c/server%2Fversion%2Fversion.go,[]
usememos,memos,96798e10b488439c9dae38815844f8e253045b8c,server/version/version_test.go,https://github.com/usememos/memos/raw/46c13a4b7f675b92d297df6dabb4441f13c7cd9c/server%2Fversion%2Fversion_test.go,"['@@ -0,0 +1,33 @@']"
Velocidex,velociraptor,c6f11a7cbd401fbdc5c03e567b9787579d4e86e4,constants/constants.go,https://github.com/Velocidex/velociraptor/raw/4718bb0cb426564568abc77910e90a2c211a32e6/constants%2Fconstants.go,[]
Velocidex,velociraptor,c6f11a7cbd401fbdc5c03e567b9787579d4e86e4,paths/constants.go,https://github.com/Velocidex/velociraptor/raw/4718bb0cb426564568abc77910e90a2c211a32e6/paths%2Fconstants.go,[]
Velocidex,velociraptor,c6f11a7cbd401fbdc5c03e567b9787579d4e86e4,services/indexing/simple.go,https://github.com/Velocidex/velociraptor/raw/4718bb0cb426564568abc77910e90a2c211a32e6/services%2Findexing%2Fsimple.go,[]
Velocidex,velociraptor,c6f11a7cbd401fbdc5c03e567b9787579d4e86e4,services/launcher/launcher.go,https://github.com/Velocidex/velociraptor/raw/4718bb0cb426564568abc77910e90a2c211a32e6/services%2Flauncher%2Flauncher.go,"['@@ -539,6 +540,10 @@']"
Velocidex,velociraptor,c6f11a7cbd401fbdc5c03e567b9787579d4e86e4,utils/clientid.go,https://github.com/Velocidex/velociraptor/raw/4718bb0cb426564568abc77910e90a2c211a32e6/utils%2Fclientid.go,"['@@ -0,0 +1,12 @@']"
Velocidex,velociraptor,c6f11a7cbd401fbdc5c03e567b9787579d4e86e4,vql/filesystem/copy.go,https://github.com/Velocidex/velociraptor/raw/4718bb0cb426564568abc77910e90a2c211a32e6/vql%2Ffilesystem%2Fcopy.go,"['@@ -109,6 +110,14 @@']"
Velocidex,velociraptor,c6f11a7cbd401fbdc5c03e567b9787579d4e86e4,vql/server/compress.go,https://github.com/Velocidex/velociraptor/raw/4718bb0cb426564568abc77910e90a2c211a32e6/vql%2Fserver%2Fcompress.go,[]
KubeOperator,KubePi,eead48749050a1bc47c710acb8267211a387a85d,internal/api/v1/v1.go,https://github.com/1Panel-dev/KubePi/raw/0c6774bf5d9003ae4d60257a3f207c131ff4a6d6/internal%2Fapi%2Fv1%2Fv1.go,[]
KubeOperator,KubeOperator,8205703d0b66ba888ef8a7da0c800037fbf2ac72,pkg/router/v1/v1api.go,https://github.com/KubeOperator/KubeOperator/raw/7ef42bf1c16900d13e6376f8be5ecdbfdfb44aaf/pkg%2Frouter%2Fv1%2Fv1api.go,[]
agnivade,easy-scrypt,aef3aaddfb62000887aaf749241ffde97053b864,scrypt.go,https://github.com/agnivade/easy-scrypt/raw/477c10cf3b144ddf96526aa09f5fdea613f21812/scrypt.go,"['@@ -117,8 +118,12 @@']"
rancher,wrangler,cc833dd0d546fcd114f746af647c71f10e53d64e,pkg/git/git.go,https://github.com/rancher/wrangler/raw/341018c8fef3e12867c7cb2649bd2cecac75f287/pkg%2Fgit%2Fgit.go,[]
elgs,gosqljson,369dc4638820cfcfacb92193071313cdba358078,gosqljson.go,https://github.com/elgs/gosqljson/raw/2740b331546cb88eb61771df4c07d389e9f0363a/gosqljson.go,"['@@ -26,6 +26,9 @@', '@@ -73,6 +76,8 @@', '@@ -124,6 +129,8 @@', '@@ -137,3 +144,8 @@']"
usememos,memos,96798e10b488439c9dae38815844f8e253045b8c,server/common.go,https://github.com/usememos/memos/raw/46c13a4b7f675b92d297df6dabb4441f13c7cd9c/server%2Fcommon.go,"['@@ -1,6 +1,8 @@', '@@ -16,6 +18,10 @@']"
usememos,memos,96798e10b488439c9dae38815844f8e253045b8c,server/resource.go,https://github.com/usememos/memos/raw/46c13a4b7f675b92d297df6dabb4441f13c7cd9c/server%2Fresource.go,"['@@ -266,7 +267,11 @@']"
usememos,memos,96798e10b488439c9dae38815844f8e253045b8c,server/server.go,https://github.com/usememos/memos/raw/46c13a4b7f675b92d297df6dabb4441f13c7cd9c/server%2Fserver.go,"['@@ -64,7 +64,13 @@']"
usememos,memos,96798e10b488439c9dae38815844f8e253045b8c,server/version/version.go,https://github.com/usememos/memos/raw/46c13a4b7f675b92d297df6dabb4441f13c7cd9c/server%2Fversion%2Fversion.go,[]
usememos,memos,96798e10b488439c9dae38815844f8e253045b8c,server/version/version_test.go,https://github.com/usememos/memos/raw/46c13a4b7f675b92d297df6dabb4441f13c7cd9c/server%2Fversion%2Fversion_test.go,"['@@ -0,0 +1,33 @@']"
usememos,memos,96798e10b488439c9dae38815844f8e253045b8c,server/common.go,https://github.com/usememos/memos/raw/46c13a4b7f675b92d297df6dabb4441f13c7cd9c/server%2Fcommon.go,"['@@ -1,6 +1,8 @@', '@@ -16,6 +18,10 @@']"
usememos,memos,96798e10b488439c9dae38815844f8e253045b8c,server/resource.go,https://github.com/usememos/memos/raw/46c13a4b7f675b92d297df6dabb4441f13c7cd9c/server%2Fresource.go,"['@@ -266,7 +267,11 @@']"
usememos,memos,96798e10b488439c9dae38815844f8e253045b8c,server/server.go,https://github.com/usememos/memos/raw/46c13a4b7f675b92d297df6dabb4441f13c7cd9c/server%2Fserver.go,"['@@ -64,7 +64,13 @@']"
usememos,memos,96798e10b488439c9dae38815844f8e253045b8c,server/version/version.go,https://github.com/usememos/memos/raw/46c13a4b7f675b92d297df6dabb4441f13c7cd9c/server%2Fversion%2Fversion.go,[]
usememos,memos,96798e10b488439c9dae38815844f8e253045b8c,server/version/version_test.go,https://github.com/usememos/memos/raw/46c13a4b7f675b92d297df6dabb4441f13c7cd9c/server%2Fversion%2Fversion_test.go,"['@@ -0,0 +1,33 @@']"
ipld,go-ipld-prime,7548eb883bda4712355797547a0628a0ad1c00cb,codec/dagjson/marshal.go,https://github.com/ipld/go-ipld-prime/raw/146d1c8529676fe9ee0604f014656af2395505fc/codec%2Fdagjson%2Fmarshal.go,"['@@ -202,54 +202,50 @@']"
ipld,go-ipld-prime,7548eb883bda4712355797547a0628a0ad1c00cb,codec/dagjson/marshal_test.go,https://github.com/ipld/go-ipld-prime/raw/146d1c8529676fe9ee0604f014656af2395505fc/codec%2Fdagjson%2Fmarshal_test.go,"['@@ -23,3 +23,47 @@']"
ipld,go-ipld-prime,7548eb883bda4712355797547a0628a0ad1c00cb,codec/json/marshal_test.go,https://github.com/ipld/go-ipld-prime/raw/146d1c8529676fe9ee0604f014656af2395505fc/codec%2Fjson%2Fmarshal_test.go,"['@@ -0,0 +1,51 @@']"
nektos,act,efb12b7f122e1daa3fce410a0808098a23dad910,pkg/artifacts/server.go,https://github.com/nektos/act/raw/63ae215071f94569d910964bdee866d91d6e3a10/pkg%2Fartifacts%2Fserver.go,"['@@ -46,28 +45,34 @@', '@@ -77,13 +82,16 @@', '@@ -108,19 +116,15 @@', '@@ -170,11 +174,13 @@', '@@ -245,10 +251,12 @@']"
nektos,act,efb12b7f122e1daa3fce410a0808098a23dad910,pkg/artifacts/server_test.go,https://github.com/nektos/act/raw/63ae215071f94569d910964bdee866d91d6e3a10/pkg%2Fartifacts%2Fserver_test.go,"['@@ -310,3 +309,81 @@']"
openshift,apiserver-library-go,6006085c7412761f44b509fe7d2e787d963e3900,pkg/securitycontextconstraints/seccomp/strategy.go,https://github.com/openshift/apiserver-library-go/raw/30f75d79e424ca462c6de53ee8b93f91183763e6/pkg%2Fsecuritycontextconstraints%2Fseccomp%2Fstrategy.go,[]
openshift,apiserver-library-go,6006085c7412761f44b509fe7d2e787d963e3900,pkg/securitycontextconstraints/seccomp/strategy_test.go,https://github.com/openshift/apiserver-library-go/raw/30f75d79e424ca462c6de53ee8b93f91183763e6/pkg%2Fsecuritycontextconstraints%2Fseccomp%2Fstrategy_test.go,"['@@ -220,6 +220,11 @@', '@@ -325,6 +330,16 @@']"
zitadel,zitadel,4654e924679a3ad6b3b3e5435683b90b6fb18abf,internal/command/user.go,https://github.com/zitadel/zitadel/raw/301e22c4956ead6014a8179463c37263f7301a83/internal%2Fcommand%2Fuser.go,[]
zitadel,zitadel,4654e924679a3ad6b3b3e5435683b90b6fb18abf,internal/command/user_human_refresh_token_model.go,https://github.com/zitadel/zitadel/raw/301e22c4956ead6014a8179463c37263f7301a83/internal%2Fcommand%2Fuser_human_refresh_token_model.go,"['@@ -48,6 +49,8 @@', '@@ -61,14 +64,18 @@']"
zitadel,zitadel,4654e924679a3ad6b3b3e5435683b90b6fb18abf,internal/command/user_human_refresh_token_test.go,https://github.com/zitadel/zitadel/raw/301e22c4956ead6014a8179463c37263f7301a83/internal%2Fcommand%2Fuser_human_refresh_token_test.go,"['@@ -64,10 +64,16 @@', '@@ -912,6 +918,87 @@']"
zitadel,zitadel,4654e924679a3ad6b3b3e5435683b90b6fb18abf,internal/repository/user/human.go,https://github.com/zitadel/zitadel/raw/301e22c4956ead6014a8179463c37263f7301a83/internal%2Frepository%2Fuser%2Fhuman.go,"['@@ -396,7 +396,13 @@']"
zitadel,zitadel,dcec31227d9bf99e17bcf7c678565a9422f61675,internal/command/user.go,https://github.com/zitadel/zitadel/raw/fc892c52a10cd4ffdac395747494f3a93a7494c2/internal%2Fcommand%2Fuser.go,[]
zitadel,zitadel,dcec31227d9bf99e17bcf7c678565a9422f61675,internal/command/user_human_refresh_token_model.go,https://github.com/zitadel/zitadel/raw/fc892c52a10cd4ffdac395747494f3a93a7494c2/internal%2Fcommand%2Fuser_human_refresh_token_model.go,"['@@ -48,6 +49,8 @@', '@@ -61,14 +64,18 @@']"
zitadel,zitadel,dcec31227d9bf99e17bcf7c678565a9422f61675,internal/command/user_human_refresh_token_test.go,https://github.com/zitadel/zitadel/raw/fc892c52a10cd4ffdac395747494f3a93a7494c2/internal%2Fcommand%2Fuser_human_refresh_token_test.go,"['@@ -64,10 +64,16 @@', '@@ -912,6 +918,87 @@']"
zitadel,zitadel,dcec31227d9bf99e17bcf7c678565a9422f61675,internal/repository/user/human.go,https://github.com/zitadel/zitadel/raw/fc892c52a10cd4ffdac395747494f3a93a7494c2/internal%2Frepository%2Fuser%2Fhuman.go,"['@@ -396,7 +396,13 @@']"
sylabs,scs-library-client,54fbe14448fd902301ed40c4e3d7e81aeb7a3144,client/pull.go,https://github.com/sylabs/scs-library-client/raw/68ac4cab5cda0afd8758ff5b5e2e57be6a22fcfa/client%2Fpull.go,"['@@ -104,11 +104,15 @@']"
sylabs,scs-library-client,54ce11f51d78197106c415bb05593de0a3ddc1e3,client/pull.go,https://github.com/sylabs/scs-library-client/raw/b5db2aacba6bf1231f42dd475cc32e6355ab47b2/client%2Fpull.go,"['@@ -236,13 +236,28 @@']"
sylabs,scs-library-client,54ce11f51d78197106c415bb05593de0a3ddc1e3,client/pull.go,https://github.com/sylabs/scs-library-client/raw/eebd7caaab310b1fa803e55b8fc1acd9dcd2d00c/client%2Fpull.go,"['@@ -236,13 +236,28 @@']"
hakobe,paranoidhttp,a5a8577d76f0b1a4f76f7e1bfef66c876eefb15e,client.go,https://github.com/hakobe/paranoidhttp/raw/07f671da14ce63a80f4e52432b32e8d178d75fd3/client.go,[]
hakobe,paranoidhttp,a5a8577d76f0b1a4f76f7e1bfef66c876eefb15e,client_test.go,https://github.com/hakobe/paranoidhttp/raw/07f671da14ce63a80f4e52432b32e8d178d75fd3/client_test.go,"['@@ -19,6 +19,10 @@']"
square,squalor,afa27bf1201c5d7a66d5a3140e6d79db21d55576,ast.go,https://github.com/square/squalor/raw/f6f0a47cc344711042eb0970cb423e6950ba3f93/ast.go,"['@@ -1113,8 +1114,10 @@']"
square,squalor,afa27bf1201c5d7a66d5a3140e6d79db21d55576,table.go,https://github.com/square/squalor/raw/f6f0a47cc344711042eb0970cb423e6950ba3f93/table.go,"['@@ -355,10 +355,15 @@']"
square,squalor,afa27bf1201c5d7a66d5a3140e6d79db21d55576,table_test.go,https://github.com/square/squalor/raw/f6f0a47cc344711042eb0970cb423e6950ba3f93/table_test.go,"['@@ -36,6 +36,37 @@']"
KubeOperator,KubePi,0c6774bf5d9003ae4d60257a3f207c131ff4a6d6,internal/api/v1/session/profile.go,https://github.com/1Panel-dev/KubePi/raw/1e9c550356c1a425a742480efcf743d373e98dcb/internal%2Fapi%2Fv1%2Fsession%2Fprofile.go,[]
KubeOperator,KubePi,0c6774bf5d9003ae4d60257a3f207c131ff4a6d6,internal/api/v1/session/session.go,https://github.com/1Panel-dev/KubePi/raw/1e9c550356c1a425a742480efcf743d373e98dcb/internal%2Fapi%2Fv1%2Fsession%2Fsession.go,"['@@ -76,11 +76,6 @@', '@@ -167,8 +162,14 @@']"
KubeOperator,KubePi,0c6774bf5d9003ae4d60257a3f207c131ff4a6d6,internal/server/server.go,https://github.com/1Panel-dev/KubePi/raw/1e9c550356c1a425a742480efcf743d373e98dcb/internal%2Fserver%2Fserver.go,[]
rancher,wrangler,5bd357588083a8eaf98b342c43d3a561d6bed593,pkg/git/git.go,https://github.com/rancher/wrangler/raw/12397eec50155cb2d24aa70bdf9e90c5f3b9a727/pkg%2Fgit%2Fgit.go,"['@@ -96,7 +96,10 @@']"
rancher,wrangler,cc833dd0d546fcd114f746af647c71f10e53d64e,pkg/git/git.go,https://github.com/rancher/wrangler/raw/341018c8fef3e12867c7cb2649bd2cecac75f287/pkg%2Fgit%2Fgit.go,[]
rancher,wrangler,6970ad98ba7bd2755312ccfc6540a92bc9a9e316,pkg/git/git.go,https://github.com/rancher/wrangler/raw/5a387e13e8d51e3340d9e5012a1951f0cca5fc90/pkg%2Fgit%2Fgit.go,[]
rancher,wrangler,8247b506827aba5b9f7494f31d43d5b4aabfe6be,pkg/git/git.go,https://github.com/rancher/wrangler/raw/8649ecc062204f28764fd80157a621cbae89c9cf/pkg%2Fgit%2Fgit.go,[]
KubeOperator,KubePi,2fb4f6961217204561abb34952e9f05d9ca02476,internal/api/v1/session/session.go,https://github.com/1Panel-dev/KubePi/raw/3be58b8df5bc05d2343c30371dd5fcf6a9fbbf8b/internal%2Fapi%2Fv1%2Fsession%2Fsession.go,[]
KubeOperator,KubePi,2fb4f6961217204561abb34952e9f05d9ca02476,internal/api/v1/v1.go,https://github.com/1Panel-dev/KubePi/raw/3be58b8df5bc05d2343c30371dd5fcf6a9fbbf8b/internal%2Fapi%2Fv1%2Fv1.go,[]
KubeOperator,KubePi,2fb4f6961217204561abb34952e9f05d9ca02476,internal/config/config.go,https://github.com/1Panel-dev/KubePi/raw/3be58b8df5bc05d2343c30371dd5fcf6a9fbbf8b/internal%2Fconfig%2Fconfig.go,"['@@ -1,12 +1,15 @@', '@@ -41,19 +44,36 @@']"
KubeOperator,KubePi,2fb4f6961217204561abb34952e9f05d9ca02476,internal/model/v1/config/config.go,https://github.com/1Panel-dev/KubePi/raw/3be58b8df5bc05d2343c30371dd5fcf6a9fbbf8b/internal%2Fmodel%2Fv1%2Fconfig%2Fconfig.go,"['@@ -42,3 +43,7 @@']"
KubeOperator,KubePi,2fb4f6961217204561abb34952e9f05d9ca02476,internal/server/server.go,https://github.com/1Panel-dev/KubePi/raw/3be58b8df5bc05d2343c30371dd5fcf6a9fbbf8b/internal%2Fserver%2Fserver.go,[]
usememos,memos,96798e10b488439c9dae38815844f8e253045b8c,server/common.go,https://github.com/usememos/memos/raw/46c13a4b7f675b92d297df6dabb4441f13c7cd9c/server%2Fcommon.go,"['@@ -1,6 +1,8 @@', '@@ -16,6 +18,10 @@']"
usememos,memos,96798e10b488439c9dae38815844f8e253045b8c,server/resource.go,https://github.com/usememos/memos/raw/46c13a4b7f675b92d297df6dabb4441f13c7cd9c/server%2Fresource.go,"['@@ -266,7 +267,11 @@']"
usememos,memos,96798e10b488439c9dae38815844f8e253045b8c,server/server.go,https://github.com/usememos/memos/raw/46c13a4b7f675b92d297df6dabb4441f13c7cd9c/server%2Fserver.go,"['@@ -64,7 +64,13 @@']"
usememos,memos,96798e10b488439c9dae38815844f8e253045b8c,server/version/version.go,https://github.com/usememos/memos/raw/46c13a4b7f675b92d297df6dabb4441f13c7cd9c/server%2Fversion%2Fversion.go,[]
usememos,memos,96798e10b488439c9dae38815844f8e253045b8c,server/version/version_test.go,https://github.com/usememos/memos/raw/46c13a4b7f675b92d297df6dabb4441f13c7cd9c/server%2Fversion%2Fversion_test.go,"['@@ -0,0 +1,33 @@']"
gopistolet,gopistolet,6d89c2ebd11c5bdace5277c95e22a923a6593564,mta/mta.go,https://github.com/mistralmail/mistralmail/raw/b91aa4674d460993765884e8463c70e6d886bc90/mta%2Fmta.go,"['@@ -205,15 +205,32 @@']"
gopistolet,gopistolet,6d89c2ebd11c5bdace5277c95e22a923a6593564,mta/mta_test.go,https://github.com/mistralmail/mistralmail/raw/b91aa4674d460993765884e8463c70e6d886bc90/mta%2Fmta_test.go,"['@@ -1,7 +1,9 @@']"
gopistolet,gopistolet,6d89c2ebd11c5bdace5277c95e22a923a6593564,smtp/datareader_test.go,https://github.com/mistralmail/mistralmail/raw/b91aa4674d460993765884e8463c70e6d886bc90/smtp%2Fdatareader_test.go,"['@@ -0,0 +1,86 @@']"
gopistolet,gopistolet,6d89c2ebd11c5bdace5277c95e22a923a6593564,smtp/parser.go,https://github.com/mistralmail/mistralmail/raw/b91aa4674d460993765884e8463c70e6d886bc90/smtp%2Fparser.go,"['@@ -1,6 +1,9 @@', '@@ -21,20 +24,9 @@', '@@ -175,9 +168,16 @@']"
gopistolet,gopistolet,6d89c2ebd11c5bdace5277c95e22a923a6593564,smtp/parser_test.go,https://github.com/mistralmail/mistralmail/raw/b91aa4674d460993765884e8463c70e6d886bc90/smtp%2Fparser_test.go,"['@@ -59,8 +58,6 @@', '@@ -69,13 +66,6 @@']"
gopistolet,gopistolet,6d89c2ebd11c5bdace5277c95e22a923a6593564,smtp/protocol.go,https://github.com/mistralmail/mistralmail/raw/b91aa4674d460993765884e8463c70e6d886bc90/smtp%2Fprotocol.go,"['@@ -33,124 +32,164 @@']"
satori,go.uuid,36e9d2ebbde5e3f13ab2e25625fd453271d6522e,generator.go,https://github.com/satori/go.uuid/raw/75cca531ea763666bc46e531da3b4c3b95f64557/generator.go,[]
satori,go.uuid,36e9d2ebbde5e3f13ab2e25625fd453271d6522e,generator_test.go,https://github.com/satori/go.uuid/raw/75cca531ea763666bc46e531da3b4c3b95f64557/generator_test.go,"['@@ -22,9 +22,11 @@', '@@ -195,6 +197,20 @@']"
answerdev,answer,00e4f2c9dec913067ed5e996390479d9e8fc6dbb,internal/controller/user_controller.go,https://github.com/apache/answer/raw/c1fa2b13f6b547b96da60b23350bbe2b29de542d/internal%2Fcontroller%2Fuser_controller.go,[]
argoproj,argo-cd,974c2de1686521437fa755a180b8d0593e9c0533,common/common.go,https://github.com/argoproj/argo-cd/raw/fbb0b99b1ac3361b253052bd30259fa43a520945/common%2Fcommon.go,"['@@ -8,6 +8,8 @@', '@@ -316,3 +318,5 @@']"
argoproj,argo-cd,974c2de1686521437fa755a180b8d0593e9c0533,server/cluster/cluster.go,https://github.com/argoproj/argo-cd/raw/fbb0b99b1ac3361b253052bd30259fa43a520945/server%2Fcluster%2Fcluster.go,[]
argoproj,argo-cd,974c2de1686521437fa755a180b8d0593e9c0533,server/cluster/cluster_test.go,https://github.com/argoproj/argo-cd/raw/fbb0b99b1ac3361b253052bd30259fa43a520945/server%2Fcluster%2Fcluster_test.go,"['@@ -49,6 +50,117 @@']"
pterodactyl,wings,020abec6f2b4aef70c50a99570de30bb87f0bf67,server/filesystem/filesystem.go,https://github.com/pterodactyl/wings/raw/429ac62dba22997a278bc709df5ac00a5a25d83d/server%2Ffilesystem%2Ffilesystem.go,"['@@ -407,25 +406,65 @@']"
pterodactyl,wings,020abec6f2b4aef70c50a99570de30bb87f0bf67,server/filesystem/filesystem_test.go,https://github.com/pterodactyl/wings/raw/429ac62dba22997a278bc709df5ac00a5a25d83d/server%2Ffilesystem%2Ffilesystem_test.go,"['@@ -537,6 +537,80 @@']"
hashicorp,go-getter,78e6721a2a76266718dc92c3c03c1571dffdefdc,decompress.go,https://github.com/hashicorp/go-getter/raw/0edab85348271c843782993345b07b1ac98912e6/decompress.go,"['@@ -18,21 +18,24 @@', '@@ -42,11 +45,23 @@']"
hashicorp,go-getter,78e6721a2a76266718dc92c3c03c1571dffdefdc,decompress_test.go,https://github.com/hashicorp/go-getter/raw/0edab85348271c843782993345b07b1ac98912e6/decompress_test.go,"['@@ -0,0 +1,50 @@']"
hashicorp,go-getter,d229395f5a7d9f36340f313c7130ae3852cedc1a,decompress_bzip2.go,https://github.com/hashicorp/go-getter/raw/78e6721a2a76266718dc92c3c03c1571dffdefdc/decompress_bzip2.go,"['@@ -9,7 +9,12 @@']"
hashicorp,go-getter,d229395f5a7d9f36340f313c7130ae3852cedc1a,decompress_gzip.go,https://github.com/hashicorp/go-getter/raw/78e6721a2a76266718dc92c3c03c1571dffdefdc/decompress_gzip.go,"['@@ -9,7 +9,12 @@']"
hashicorp,go-getter,d229395f5a7d9f36340f313c7130ae3852cedc1a,decompress_tar.go,https://github.com/hashicorp/go-getter/raw/78e6721a2a76266718dc92c3c03c1571dffdefdc/decompress_tar.go,"['@@ -11,12 +11,25 @@', '@@ -45,7 +58,15 @@', '@@ -127,7 +148,19 @@']"
hashicorp,go-getter,d229395f5a7d9f36340f313c7130ae3852cedc1a,decompress_tar_test.go,https://github.com/hashicorp/go-getter/raw/78e6721a2a76266718dc92c3c03c1571dffdefdc/decompress_tar_test.go,"['@@ -1,10 +1,13 @@', '@@ -45,6 +48,86 @@']"
hashicorp,go-getter,d229395f5a7d9f36340f313c7130ae3852cedc1a,decompress_tbz2.go,https://github.com/hashicorp/go-getter/raw/78e6721a2a76266718dc92c3c03c1571dffdefdc/decompress_tbz2.go,"['@@ -8,7 +8,19 @@']"
hashicorp,go-getter,d229395f5a7d9f36340f313c7130ae3852cedc1a,decompress_tgz.go,https://github.com/hashicorp/go-getter/raw/78e6721a2a76266718dc92c3c03c1571dffdefdc/decompress_tgz.go,"['@@ -9,7 +9,19 @@']"
hashicorp,go-getter,d229395f5a7d9f36340f313c7130ae3852cedc1a,decompress_txz.go,https://github.com/hashicorp/go-getter/raw/78e6721a2a76266718dc92c3c03c1571dffdefdc/decompress_txz.go,"['@@ -10,7 +10,19 @@']"
hashicorp,go-getter,d229395f5a7d9f36340f313c7130ae3852cedc1a,decompress_tzst.go,https://github.com/hashicorp/go-getter/raw/78e6721a2a76266718dc92c3c03c1571dffdefdc/decompress_tzst.go,"['@@ -2,14 +2,27 @@']"
hashicorp,go-getter,d229395f5a7d9f36340f313c7130ae3852cedc1a,decompress_xz.go,https://github.com/hashicorp/go-getter/raw/78e6721a2a76266718dc92c3c03c1571dffdefdc/decompress_xz.go,"['@@ -10,7 +10,12 @@']"
hashicorp,go-getter,d229395f5a7d9f36340f313c7130ae3852cedc1a,decompress_zip.go,https://github.com/hashicorp/go-getter/raw/78e6721a2a76266718dc92c3c03c1571dffdefdc/decompress_zip.go,"['@@ -9,7 +9,19 @@', '@@ -37,6 +49,12 @@', '@@ -49,7 +67,15 @@']"
hashicorp,go-getter,d229395f5a7d9f36340f313c7130ae3852cedc1a,decompress_zip_test.go,https://github.com/hashicorp/go-getter/raw/78e6721a2a76266718dc92c3c03c1571dffdefdc/decompress_zip_test.go,"['@@ -129,3 +130,25 @@']"
hashicorp,go-getter,d229395f5a7d9f36340f313c7130ae3852cedc1a,decompress_zstd.go,https://github.com/hashicorp/go-getter/raw/78e6721a2a76266718dc92c3c03c1571dffdefdc/decompress_zstd.go,"['@@ -2,14 +2,20 @@']"
hashicorp,go-getter,d229395f5a7d9f36340f313c7130ae3852cedc1a,get_file_copy.go,https://github.com/hashicorp/go-getter/raw/78e6721a2a76266718dc92c3c03c1571dffdefdc/get_file_copy.go,"['@@ -31,13 +31,17 @@']"
hashicorp,go-getter,d229395f5a7d9f36340f313c7130ae3852cedc1a,get_gcs.go,https://github.com/hashicorp/go-getter/raw/78e6721a2a76266718dc92c3c03c1571dffdefdc/get_gcs.go,"['@@ -25,6 +25,12 @@']"
hashicorp,go-getter,d229395f5a7d9f36340f313c7130ae3852cedc1a,get_s3.go,https://github.com/hashicorp/go-getter/raw/78e6721a2a76266718dc92c3c03c1571dffdefdc/get_s3.go,"['@@ -23,7 +23,9 @@']"
helm,helm,472c5736ab01133de504a826bd9ee12cbe4e7904,cmd/helm/install.go,https://github.com/helm/helm/raw/293b50c65d4d56187cd4e2f390f0ada46b4c4737/cmd%2Fhelm%2Finstall.go,[]
helm,helm,472c5736ab01133de504a826bd9ee12cbe4e7904,cmd/helm/upgrade.go,https://github.com/helm/helm/raw/293b50c65d4d56187cd4e2f390f0ada46b4c4737/cmd%2Fhelm%2Fupgrade.go,[]
helm,helm,472c5736ab01133de504a826bd9ee12cbe4e7904,pkg/action/action.go,https://github.com/helm/helm/raw/293b50c65d4d56187cd4e2f390f0ada46b4c4737/pkg%2Faction%2Faction.go,"['@@ -130,9 +131,13 @@']"
helm,helm,472c5736ab01133de504a826bd9ee12cbe4e7904,pkg/action/install.go,https://github.com/helm/helm/raw/293b50c65d4d56187cd4e2f390f0ada46b4c4737/pkg%2Faction%2Finstall.go,"['@@ -97,6 +97,8 @@']"
helm,helm,472c5736ab01133de504a826bd9ee12cbe4e7904,pkg/action/upgrade.go,https://github.com/helm/helm/raw/293b50c65d4d56187cd4e2f390f0ada46b4c4737/pkg%2Faction%2Fupgrade.go,"['@@ -103,6 +103,8 @@']"
helm,helm,472c5736ab01133de504a826bd9ee12cbe4e7904,pkg/engine/engine.go,https://github.com/helm/helm/raw/293b50c65d4d56187cd4e2f390f0ada46b4c4737/pkg%2Fengine%2Fengine.go,"['@@ -42,6 +42,15 @@', '@@ -189,6 +198,14 @@']"
helm,helm,472c5736ab01133de504a826bd9ee12cbe4e7904,pkg/engine/engine_test.go,https://github.com/helm/helm/raw/293b50c65d4d56187cd4e2f390f0ada46b4c4737/pkg%2Fengine%2Fengine_test.go,"['@@ -200,6 +203,42 @@']"
helm,helm,5bf273d81ba7da1816a55983fae6a6cf4ca29af2,cmd/helm/install.go,https://github.com/helm/helm/raw/5abcf74227bfe8e5a3dbf105fe62e7b12deb58d2/cmd%2Fhelm%2Finstall.go,[]
helm,helm,5bf273d81ba7da1816a55983fae6a6cf4ca29af2,cmd/helm/upgrade.go,https://github.com/helm/helm/raw/5abcf74227bfe8e5a3dbf105fe62e7b12deb58d2/cmd%2Fhelm%2Fupgrade.go,[]
helm,helm,5bf273d81ba7da1816a55983fae6a6cf4ca29af2,pkg/action/action.go,https://github.com/helm/helm/raw/5abcf74227bfe8e5a3dbf105fe62e7b12deb58d2/pkg%2Faction%2Faction.go,"['@@ -130,9 +131,13 @@']"
helm,helm,5bf273d81ba7da1816a55983fae6a6cf4ca29af2,pkg/action/install.go,https://github.com/helm/helm/raw/5abcf74227bfe8e5a3dbf105fe62e7b12deb58d2/pkg%2Faction%2Finstall.go,"['@@ -97,6 +97,8 @@']"
helm,helm,5bf273d81ba7da1816a55983fae6a6cf4ca29af2,pkg/action/upgrade.go,https://github.com/helm/helm/raw/5abcf74227bfe8e5a3dbf105fe62e7b12deb58d2/pkg%2Faction%2Fupgrade.go,"['@@ -103,6 +103,8 @@']"
helm,helm,5bf273d81ba7da1816a55983fae6a6cf4ca29af2,pkg/engine/engine.go,https://github.com/helm/helm/raw/5abcf74227bfe8e5a3dbf105fe62e7b12deb58d2/pkg%2Fengine%2Fengine.go,"['@@ -42,6 +42,15 @@', '@@ -189,6 +198,14 @@']"
helm,helm,5bf273d81ba7da1816a55983fae6a6cf4ca29af2,pkg/engine/engine_test.go,https://github.com/helm/helm/raw/5abcf74227bfe8e5a3dbf105fe62e7b12deb58d2/pkg%2Fengine%2Fengine_test.go,"['@@ -200,6 +203,42 @@']"
answerdev,answer,921cd3465ff03c84c6f19f0804a1e4dba64b77bf,internal/base/validator/validator.go,https://github.com/apache/answer/raw/edc06942d51fa8e56a134c5c7e5c8826d9260da0/internal%2Fbase%2Fvalidator%2Fvalidator.go,"['@@ -116,10 +117,27 @@']"
answerdev,answer,921cd3465ff03c84c6f19f0804a1e4dba64b77bf,internal/controller_admin/siteinfo_controller.go,https://github.com/apache/answer/raw/edc06942d51fa8e56a134c5c7e5c8826d9260da0/internal%2Fcontroller_admin%2Fsiteinfo_controller.go,[]
answerdev,answer,921cd3465ff03c84c6f19f0804a1e4dba64b77bf,internal/schema/siteinfo_schema.go,https://github.com/apache/answer/raw/edc06942d51fa8e56a134c5c7e5c8826d9260da0/internal%2Fschema%2Fsiteinfo_schema.go,[]
answerdev,answer,198d293f0ca501b7b87c1ca1308919c0db2c8288,docs/docs.go,https://github.com/apache/answer/raw/1ee34b884b905d14d4db457563176b77a974b992/docs%2Fdocs.go,"['@@ -7507,11 +7507,6 @@']"
answerdev,answer,198d293f0ca501b7b87c1ca1308919c0db2c8288,internal/repo/collection/collection_repo.go,https://github.com/apache/answer/raw/1ee34b884b905d14d4db457563176b77a974b992/internal%2Frepo%2Fcollection%2Fcollection_repo.go,"['@@ -29,15 +30,28 @@']"
anchore,syft,b6a496f18c3faa5711dce3ca0a845edd1a8e37e6,internal/config/attest.go,https://github.com/anchore/syft/raw/9995950c70e849f9921919faffbfcf46401f71f3/internal%2Fconfig%2Fattest.go,[]
anchore,syft,b6a496f18c3faa5711dce3ca0a845edd1a8e37e6,test/cli/packages_cmd_test.go,https://github.com/anchore/syft/raw/9995950c70e849f9921919faffbfcf46401f71f3/test%2Fcli%2Fpackages_cmd_test.go,"['@@ -229,6 +229,20 @@']"
usememos,memos,e0f4cb06b3d8a600f5fd73fd26709b53b799506f,server/resource.go,https://github.com/usememos/memos/raw/b11d2130a084385eb65c3761a3c841ebe9f81ae8/server%2Fresource.go,"['@@ -38,6 +38,10 @@', '@@ -188,13 +192,7 @@']"
answerdev,answer,f93fb6b7093d6b70628a36ee489bd6e5d7d9710e,internal/base/middleware/avatar.go,https://github.com/apache/answer/raw/c3001de52af91f09c96e701facbce0b9fa0c98ad/internal%2Fbase%2Fmiddleware%2Favatar.go,"['@@ -53,13 +54,26 @@']"
answerdev,answer,f93fb6b7093d6b70628a36ee489bd6e5d7d9710e,internal/base/reason/reason.go,https://github.com/apache/answer/raw/c3001de52af91f09c96e701facbce0b9fa0c98ad/internal%2Fbase%2Freason%2Freason.go,[]
answerdev,answer,f93fb6b7093d6b70628a36ee489bd6e5d7d9710e,internal/base/translator/provider.go,https://github.com/apache/answer/raw/c3001de52af91f09c96e701facbce0b9fa0c98ad/internal%2Fbase%2Ftranslator%2Fprovider.go,"['@@ -68,12 +69,14 @@']"
answerdev,answer,f93fb6b7093d6b70628a36ee489bd6e5d7d9710e,internal/service/uploader/upload.go,https://github.com/apache/answer/raw/c3001de52af91f09c96e701facbce0b9fa0c98ad/internal%2Fservice%2Fuploader%2Fupload.go,"['@@ -74,13 +74,11 @@', '@@ -147,13 +145,11 @@', '@@ -167,14 +163,12 @@', '@@ -192,6 +186,17 @@']"
answerdev,answer,f93fb6b7093d6b70628a36ee489bd6e5d7d9710e,pkg/checker/file_type.go,https://github.com/apache/answer/raw/c3001de52af91f09c96e701facbce0b9fa0c98ad/pkg%2Fchecker%2Ffile_type.go,"['@@ -0,0 +1,29 @@']"
answerdev,answer,f93fb6b7093d6b70628a36ee489bd6e5d7d9710e,pkg/converter/markdown.go,https://github.com/apache/answer/raw/c3001de52af91f09c96e701facbce0b9fa0c98ad/pkg%2Fconverter%2Fmarkdown.go,"['@@ -57,6 +57,8 @@', '@@ -112,6 +115,31 @@']"
tidwall,gjson,9f58baa7a613f89dfdc764c39e47fd3a15606153,gjson.go,https://github.com/tidwall/gjson/raw/bf4efcb3c18d1825b2988603dea5909140a5302b/gjson.go,[]
tidwall,gjson,9f58baa7a613f89dfdc764c39e47fd3a15606153,gjson_test.go,https://github.com/tidwall/gjson/raw/bf4efcb3c18d1825b2988603dea5909140a5302b/gjson_test.go,"['@@ -2200,3 +2200,8 @@']"
kubernetes,client-go,ffaa1909813a6490df0788e7a09e7f31923bc9eb,transport/round_trippers.go,https://github.com/kubernetes/client-go/raw/19875a3d5a2e0d4f51c976a9e0662de3c2c011e3/transport%2Fround_trippers.go,[]
kubernetes,client-go,3214b668d125a1347f0b95b04dc2391ddb997428,transport/round_trippers.go,https://github.com/kubernetes/client-go/raw/1b8383fc150c9b816b0072032cca75754c2734d0/transport%2Fround_trippers.go,[]
kubernetes,client-go,6f060a2946c6b6c3b7fc2e3639c20d933dad0dcc,transport/round_trippers.go,https://github.com/kubernetes/client-go/raw/44e1a07f2d513e375c4b6ee6e890040b47befe86/transport%2Fround_trippers.go,[]
kubernetes,client-go,1c5be7dd5046fba8733f44618fd28fbb79e7db07,transport/round_trippers.go,https://github.com/kubernetes/client-go/raw/e8f871a2e5fadf90fc114565abc0963967f1a373/transport%2Fround_trippers.go,[]
kubernetes,kubernetes,777e84e184ceb176ffcf97ca60427e9a5e8cd31e,staging/src/k8s.io/client-go/transport/round_trippers.go,https://github.com/kubernetes/kubernetes/raw/e99df0e5a75eb6e86123b56d53e9b7ca0fd00419/staging%2Fsrc%2Fk8s.io%2Fclient-go%2Ftransport%2Fround_trippers.go,[]
pterodactyl,wings,519d38f2385e575f0554ca6e5dd867a67b330ef8,server/filesystem/filesystem.go,https://github.com/pterodactyl/wings/raw/dac9685298c3c1c49b3109fa4241aa88272b9f14/server%2Ffilesystem%2Ffilesystem.go,"['@@ -223,7 +223,12 @@']"
pterodactyl,wings,519d38f2385e575f0554ca6e5dd867a67b330ef8,server/filesystem/path.go,https://github.com/pterodactyl/wings/raw/dac9685298c3c1c49b3109fa4241aa88272b9f14/server%2Ffilesystem%2Fpath.go,"['@@ -33,8 +34,6 @@', '@@ -44,47 +43,24 @@']"
pterodactyl,wings,519d38f2385e575f0554ca6e5dd867a67b330ef8,server/filesystem/path_test.go,https://github.com/pterodactyl/wings/raw/dac9685298c3c1c49b3109fa4241aa88272b9f14/server%2Ffilesystem%2Fpath_test.go,"['@@ -115,6 +115,14 @@', '@@ -128,6 +136,22 @@']"
ipfs,go-unixfs,6609090f4bd166547fcaf5242055ede5c14f8f41,hamt/hamt.go,https://github.com/ipfs/go-unixfs/raw/467d139a640ecee4f2e74643dafcc58bb3b54175/hamt%2Fhamt.go,"['@@ -106,12 +106,16 @@', '@@ -765,11 +769,21 @@']"
ipfs,go-unixfs,6609090f4bd166547fcaf5242055ede5c14f8f41,hamt/hamt_test.go,https://github.com/ipfs/go-unixfs/raw/467d139a640ecee4f2e74643dafcc58bb3b54175/hamt%2Fhamt_test.go,"['@@ -737,8 +737,10 @@']"
containerd,containerd,9cec7a87c5537e7a02f83d0ae0a7af38f178c3d5,images/archive/importer.go,https://github.com/containerd/containerd/raw/0c314901076a74a7b797a545d2f462285fdbb8c4/images%2Farchive%2Fimporter.go,"['@@ -232,12 +232,14 @@']"
answerdev,answer,f93fb6b7093d6b70628a36ee489bd6e5d7d9710e,internal/base/middleware/avatar.go,https://github.com/apache/answer/raw/c3001de52af91f09c96e701facbce0b9fa0c98ad/internal%2Fbase%2Fmiddleware%2Favatar.go,"['@@ -53,13 +54,26 @@']"
answerdev,answer,f93fb6b7093d6b70628a36ee489bd6e5d7d9710e,internal/base/reason/reason.go,https://github.com/apache/answer/raw/c3001de52af91f09c96e701facbce0b9fa0c98ad/internal%2Fbase%2Freason%2Freason.go,[]
answerdev,answer,f93fb6b7093d6b70628a36ee489bd6e5d7d9710e,internal/base/translator/provider.go,https://github.com/apache/answer/raw/c3001de52af91f09c96e701facbce0b9fa0c98ad/internal%2Fbase%2Ftranslator%2Fprovider.go,"['@@ -68,12 +69,14 @@']"
answerdev,answer,f93fb6b7093d6b70628a36ee489bd6e5d7d9710e,internal/service/uploader/upload.go,https://github.com/apache/answer/raw/c3001de52af91f09c96e701facbce0b9fa0c98ad/internal%2Fservice%2Fuploader%2Fupload.go,"['@@ -74,13 +74,11 @@', '@@ -147,13 +145,11 @@', '@@ -167,14 +163,12 @@', '@@ -192,6 +186,17 @@']"
answerdev,answer,f93fb6b7093d6b70628a36ee489bd6e5d7d9710e,pkg/checker/file_type.go,https://github.com/apache/answer/raw/c3001de52af91f09c96e701facbce0b9fa0c98ad/pkg%2Fchecker%2Ffile_type.go,"['@@ -0,0 +1,29 @@']"
answerdev,answer,f93fb6b7093d6b70628a36ee489bd6e5d7d9710e,pkg/converter/markdown.go,https://github.com/apache/answer/raw/c3001de52af91f09c96e701facbce0b9fa0c98ad/pkg%2Fconverter%2Fmarkdown.go,"['@@ -57,6 +57,8 @@', '@@ -112,6 +115,31 @@']"
answerdev,answer,a8c2982a91d01cc9c2307031cd1edd0af77d450e,internal/base/middleware/avatar.go,https://github.com/apache/answer/raw/860b1a3bd8cfaa8827e6e6f50ab1d98fa4c2c816/internal%2Fbase%2Fmiddleware%2Favatar.go,"['@@ -53,13 +54,26 @@']"
openshift,source-to-image,2a50fd3a5116b6e02d60a118f5e3d86acdd98262,pkg/build/strategies/sti/sti.go,https://github.com/openshift/source-to-image/raw/f5cbcbc5cc6f8cc2f479a7302443bea407a700cb/pkg%2Fbuild%2Fstrategies%2Fsti%2Fsti.go,[]
openshift,source-to-image,2a50fd3a5116b6e02d60a118f5e3d86acdd98262,pkg/tar/tar.go,https://github.com/openshift/source-to-image/raw/f5cbcbc5cc6f8cc2f479a7302443bea407a700cb/pkg%2Ftar%2Ftar.go,"['@@ -141,12 +141,28 @@', '@@ -327,8 +343,27 @@', '@@ -376,6 +411,21 @@', '@@ -384,6 +434,13 @@']"
dhowden,tag,6b18201aa5c5535511802ddfb4e4117686b4866d,mp4.go,https://github.com/dhowden/tag/raw/4b595ed4fac79f467594aa92f8953f90f817116e/mp4.go,[]
dhowden,tag,53ee65d2aee8eadf4a15b02b7af98ecf26e1073c,id3v2frames.go,https://github.com/dhowden/tag/raw/6b18201aa5c5535511802ddfb4e4117686b4866d/id3v2frames.go,"['@@ -564,6 +564,10 @@']"
dhowden,tag,4b595ed4fac79f467594aa92f8953f90f817116e,id3v2frames.go,https://github.com/dhowden/tag/raw/a92213460e4838490ce3066ef11dc823cdc1740e/id3v2frames.go,"['@@ -608,8 +608,15 @@']"
dhowden,tag,a92213460e4838490ce3066ef11dc823cdc1740e,id3v2frames.go,https://github.com/dhowden/tag/raw/d52dcb253c63a153632bfee5f269dd411dcd8e96/id3v2frames.go,"['@@ -452,21 +452,24 @@']"
gogs,gogs,0f8c71d3b3fb55b2dad798dcd7594845e5dbe038,internal/db/repo_editor.go,https://github.com/gogs/gogs/raw/15d0d6a94be0098a8227b6b95bdf2daed105ec41/internal%2Fdb%2Frepo_editor.go,"['@@ -485,7 +485,10 @@']"
gogs,gogs,0f8c71d3b3fb55b2dad798dcd7594845e5dbe038,internal/db/repo_editor_test.go,https://github.com/gogs/gogs/raw/15d0d6a94be0098a8227b6b95bdf2daed105ec41/internal%2Fdb%2Frepo_editor_test.go,"['@@ -21,6 +21,13 @@']"
ipfs,go-unixfsnode,37b47f1f917f1b2f54c207682f38886e49896ef9,data/builder/dirshard.go,https://github.com/ipfs/go-unixfsnode/raw/59050ea8bc458ae55246ae09243e6e165923e076/data%2Fbuilder%2Fdirshard.go,"['@@ -133,23 +133,30 @@']"
ipfs,go-unixfsnode,37b47f1f917f1b2f54c207682f38886e49896ef9,hamt/shardeddir.go,https://github.com/ipfs/go-unixfsnode/raw/59050ea8bc458ae55246ae09243e6e165923e076/hamt%2Fshardeddir.go,"['@@ -42,7 +42,10 @@']"
ipfs,go-unixfsnode,37b47f1f917f1b2f54c207682f38886e49896ef9,hamt/shardeddir_test.go,https://github.com/ipfs/go-unixfsnode/raw/59050ea8bc458ae55246ae09243e6e165923e076/hamt%2Fshardeddir_test.go,"['@@ -42,7 +42,10 @@', '@@ -53,8 +56,11 @@']"
ipfs,go-unixfsnode,37b47f1f917f1b2f54c207682f38886e49896ef9,hamt/util.go,https://github.com/ipfs/go-unixfsnode/raw/59050ea8bc458ae55246ae09243e6e165923e076/hamt%2Futil.go,"['@@ -88,10 +88,19 @@']"
ipfs,go-unixfsnode,ad0a9a12b49cd45953fde42e339f67ae58eb065f,hamt/shardeddir.go,https://github.com/ipfs/go-unixfsnode/raw/91b3d39d33ef0cd2aff2c95d50b2329350944b68/hamt%2Fshardeddir.go,"['@@ -42,7 +42,10 @@']"
ipfs,go-unixfsnode,ad0a9a12b49cd45953fde42e339f67ae58eb065f,hamt/util.go,https://github.com/ipfs/go-unixfsnode/raw/91b3d39d33ef0cd2aff2c95d50b2329350944b68/hamt%2Futil.go,"['@@ -88,10 +88,16 @@']"
ipfs,go-unixfsnode,91b3d39d33ef0cd2aff2c95d50b2329350944b68,data/builder/dirshard.go,https://github.com/ipfs/go-unixfsnode/raw/a4ed723727e0bdc2277158337c2fc0d82802d122/data%2Fbuilder%2Fdirshard.go,"['@@ -133,23 +133,30 @@']"
ipfs,go-unixfsnode,91b3d39d33ef0cd2aff2c95d50b2329350944b68,hamt/shardeddir_test.go,https://github.com/ipfs/go-unixfsnode/raw/a4ed723727e0bdc2277158337c2fc0d82802d122/hamt%2Fshardeddir_test.go,"['@@ -42,7 +42,10 @@', '@@ -53,8 +56,11 @@']"
ipfs,go-unixfsnode,91b3d39d33ef0cd2aff2c95d50b2329350944b68,hamt/util.go,https://github.com/ipfs/go-unixfsnode/raw/a4ed723727e0bdc2277158337c2fc0d82802d122/hamt%2Futil.go,"['@@ -95,7 +95,10 @@']"
pion,dtls,8b8bc87428c161ff612a51c0ab0446636a235d52,pkg/protocol/handshake/message_server_hello.go,https://github.com/pion/dtls/raw/7a14903448b70069fd9e02adf210ca23083c56d2/pkg%2Fprotocol%2Fhandshake%2Fmessage_server_hello.go,"['@@ -88,11 +88,14 @@']"
ipfs,go-bitfield,2b62481dc44e084b218cb6dc2a485c7e9320ac3f,bitfield.go,https://github.com/ipfs/go-bitfield/raw/5e1d256fe043fc4163343ccca83862c69c52e579/bitfield.go,"['@@ -3,28 +3,33 @@']"
ipfs,go-bitfield,2b62481dc44e084b218cb6dc2a485c7e9320ac3f,bitfield_test.go,https://github.com/ipfs/go-bitfield/raw/5e1d256fe043fc4163343ccca83862c69c52e579/bitfield_test.go,"['@@ -91,10 +93,20 @@', '@@ -139,14 +152,16 @@', '@@ -180,3 +195,18 @@']"
nothub,mrpack-install,2b4e675a5e71f925cf42e416e9075af0e90129af,cmd/root.go,https://github.com/nothub/mrpack-install/raw/a1f424b6a616d2de95228781eef3b92b9769f23c/cmd%2Froot.go,"['@@ -180,6 +180,17 @@']"
nothub,mrpack-install,2b4e675a5e71f925cf42e416e9075af0e90129af,cmd/update.go,https://github.com/nothub/mrpack-install/raw/a1f424b6a616d2de95228781eef3b92b9769f23c/cmd%2Fupdate.go,"['@@ -147,6 +147,17 @@']"
nothub,mrpack-install,2b4e675a5e71f925cf42e416e9075af0e90129af,util/file.go,https://github.com/nothub/mrpack-install/raw/a1f424b6a616d2de95228781eef3b92b9769f23c/util%2Ffile.go,"['@@ -31,6 +31,20 @@']"
kubernetes,kubernetes,3a42886dee904cbbbbc593705a64501ec3cb76d5,pkg/credentialprovider/config.go,https://github.com/kubernetes/kubernetes/raw/11793434dac97a49bfed0150b56ac63e5dc34634/pkg%2Fcredentialprovider%2Fconfig.go,"['@@ -117,10 +117,14 @@', '@@ -230,17 +234,15 @@']"
kubernetes,kubernetes,3a42886dee904cbbbbc593705a64501ec3cb76d5,pkg/credentialprovider/config_test.go,https://github.com/kubernetes/kubernetes/raw/11793434dac97a49bfed0150b56ac63e5dc34634/pkg%2Fcredentialprovider%2Fconfig_test.go,"['@@ -309,3 +309,96 @@']"
pion,dtls,7a14903448b70069fd9e02adf210ca23083c56d2,pkg/protocol/handshake/message_hello_verify_request.go,https://github.com/pion/dtls/raw/a50d26c5e4eed2ca87509494ffef2d2ebd22b1eb/pkg%2Fprotocol%2Fhandshake%2Fmessage_hello_verify_request.go,[]
hashicorp,go-slug,dbc66eb36565a91ad0e3dd9ddec5e9446da6754c,slug.go,https://github.com/hashicorp/go-slug/raw/28cafc59c8da6126a3ae94dfa84181df4073454f/slug.go,"['@@ -230,6 +230,44 @@']"
hashicorp,go-slug,dbc66eb36565a91ad0e3dd9ddec5e9446da6754c,slug_test.go,https://github.com/hashicorp/go-slug/raw/28cafc59c8da6126a3ae94dfa84181df4073454f/slug_test.go,"['@@ -392,24 +392,104 @@', '@@ -435,14 +515,86 @@']"
hashicorp,go-slug,dbc66eb36565a91ad0e3dd9ddec5e9446da6754c,slug.go,https://github.com/hashicorp/go-slug/raw/764785bc4cbb9e600ad1cf1a6bd21b535c182983/slug.go,"['@@ -252,6 +252,18 @@']"
hashicorp,go-slug,dbc66eb36565a91ad0e3dd9ddec5e9446da6754c,slug_test.go,https://github.com/hashicorp/go-slug/raw/764785bc4cbb9e600ad1cf1a6bd21b535c182983/slug_test.go,"['@@ -391,25 +391,59 @@', '@@ -435,14 +469,16 @@']"
containerd,containerd,0c314901076a74a7b797a545d2f462285fdbb8c4,integration/addition_gids_test.go,https://github.com/containerd/containerd/raw/133f6bb6cd827ce35a5fb279c1ead12b9d21460a/integration%2Faddition_gids_test.go,"['@@ -31,49 +32,98 @@']"
containerd,containerd,0c314901076a74a7b797a545d2f462285fdbb8c4,integration/main_test.go,https://github.com/containerd/containerd/raw/133f6bb6cd827ce35a5fb279c1ead12b9d21460a/integration%2Fmain_test.go,"['@@ -311,6 +311,45 @@']"
containerd,containerd,0c314901076a74a7b797a545d2f462285fdbb8c4,oci/spec_opts.go,https://github.com/containerd/containerd/raw/133f6bb6cd827ce35a5fb279c1ead12b9d21460a/oci%2Fspec_opts.go,"['@@ -113,6 +113,17 @@', '@@ -522,7 +533,9 @@', '@@ -615,7 +628,9 @@', '@@ -645,7 +659,12 @@', '@@ -660,20 +679,7 @@', '@@ -700,6 +705,12 @@', '@@ -713,16 +724,7 @@', '@@ -742,7 +744,9 @@', '@@ -803,6 +807,68 @@']"
containerd,containerd,0c314901076a74a7b797a545d2f462285fdbb8c4,oci/spec_opts_linux_test.go,https://github.com/containerd/containerd/raw/133f6bb6cd827ce35a5fb279c1ead12b9d21460a/oci%2Fspec_opts_linux_test.go,"['@@ -18,15 +18,203 @@', '@@ -247,3 +435,84 @@']"
containerd,containerd,0c314901076a74a7b797a545d2f462285fdbb8c4,pkg/cri/server/container_create_linux.go,https://github.com/containerd/containerd/raw/133f6bb6cd827ce35a5fb279c1ead12b9d21460a/pkg%2Fcri%2Fserver%2Fcontainer_create_linux.go,[]
answerdev,answer,f93fb6b7093d6b70628a36ee489bd6e5d7d9710e,internal/base/middleware/avatar.go,https://github.com/apache/answer/raw/c3001de52af91f09c96e701facbce0b9fa0c98ad/internal%2Fbase%2Fmiddleware%2Favatar.go,"['@@ -53,13 +54,26 @@']"
answerdev,answer,f93fb6b7093d6b70628a36ee489bd6e5d7d9710e,internal/base/reason/reason.go,https://github.com/apache/answer/raw/c3001de52af91f09c96e701facbce0b9fa0c98ad/internal%2Fbase%2Freason%2Freason.go,[]
answerdev,answer,f93fb6b7093d6b70628a36ee489bd6e5d7d9710e,internal/base/translator/provider.go,https://github.com/apache/answer/raw/c3001de52af91f09c96e701facbce0b9fa0c98ad/internal%2Fbase%2Ftranslator%2Fprovider.go,"['@@ -68,12 +69,14 @@']"
answerdev,answer,f93fb6b7093d6b70628a36ee489bd6e5d7d9710e,internal/service/uploader/upload.go,https://github.com/apache/answer/raw/c3001de52af91f09c96e701facbce0b9fa0c98ad/internal%2Fservice%2Fuploader%2Fupload.go,"['@@ -74,13 +74,11 @@', '@@ -147,13 +145,11 @@', '@@ -167,14 +163,12 @@', '@@ -192,6 +186,17 @@']"
answerdev,answer,f93fb6b7093d6b70628a36ee489bd6e5d7d9710e,pkg/checker/file_type.go,https://github.com/apache/answer/raw/c3001de52af91f09c96e701facbce0b9fa0c98ad/pkg%2Fchecker%2Ffile_type.go,"['@@ -0,0 +1,29 @@']"
answerdev,answer,f93fb6b7093d6b70628a36ee489bd6e5d7d9710e,pkg/converter/markdown.go,https://github.com/apache/answer/raw/c3001de52af91f09c96e701facbce0b9fa0c98ad/pkg%2Fconverter%2Fmarkdown.go,"['@@ -57,6 +57,8 @@', '@@ -112,6 +115,31 @@']"
caddyserver,caddy,6f9b6ad78e6b9a40afbf12e53017e39abee90a6d,modules/caddyhttp/caddyhttp.go,https://github.com/caddyserver/caddy/raw/78b5356f2b1945a90de1ef7f2c7669d82098edbd/modules%2Fcaddyhttp%2Fcaddyhttp.go,[]
caddyserver,caddy,6f9b6ad78e6b9a40afbf12e53017e39abee90a6d,modules/caddyhttp/fileserver/browsetplcontext.go,https://github.com/caddyserver/caddy/raw/78b5356f2b1945a90de1ef7f2c7669d82098edbd/modules%2Fcaddyhttp%2Ffileserver%2Fbrowsetplcontext.go,"['@@ -43,11 +43,9 @@', '@@ -67,6 +65,8 @@']"
etcd-io,etcd,37ac22205bf3f724708aabda0b0e41d2406520ed,wal/decoder.go,https://github.com/etcd-io/etcd/raw/4571e528f49625d3de3170f219a45c3b3d38c675/wal%2Fdecoder.go,"['@@ -59,6 +59,11 @@', '@@ -79,6 +84,9 @@']"
etcd-io,etcd,37ac22205bf3f724708aabda0b0e41d2406520ed,wal/wal.go,https://github.com/etcd-io/etcd/raw/4571e528f49625d3de3170f219a45c3b3d38c675/wal%2Fwal.go,"['@@ -56,13 +56,15 @@', '@@ -447,8 +449,15 @@']"
etcd-io,etcd,37ac22205bf3f724708aabda0b0e41d2406520ed,wal/wal_test.go,https://github.com/etcd-io/etcd/raw/4571e528f49625d3de3170f219a45c3b3d38c675/wal%2Fwal_test.go,"['@@ -645,6 +645,35 @@']"
etcd-io,etcd,2369cb367873af35060fe8f02c4204d2127218d1,wal/decoder.go,https://github.com/etcd-io/etcd/raw/f4b650b51dc4a53a8700700dc12e1242ac56ba07/wal%2Fdecoder.go,"['@@ -59,6 +59,11 @@', '@@ -79,6 +84,9 @@']"
etcd-io,etcd,2369cb367873af35060fe8f02c4204d2127218d1,wal/wal.go,https://github.com/etcd-io/etcd/raw/f4b650b51dc4a53a8700700dc12e1242ac56ba07/wal%2Fwal.go,"['@@ -53,12 +53,14 @@', '@@ -411,8 +413,15 @@']"
etcd-io,etcd,2369cb367873af35060fe8f02c4204d2127218d1,wal/wal_test.go,https://github.com/etcd-io/etcd/raw/f4b650b51dc4a53a8700700dc12e1242ac56ba07/wal%2Fwal_test.go,"['@@ -645,6 +645,35 @@']"
golang,crypto,459e26527287adbc2adcc5d0d49abff9a5f315a7,ssh/agent/client_test.go,https://github.com/golang/crypto/raw/e4e2799dd7aab89f583e1d898300d96367750991/ssh%2Fagent%2Fclient_test.go,"['@@ -233,7 +233,9 @@']"
golang,crypto,459e26527287adbc2adcc5d0d49abff9a5f315a7,ssh/agent/example_test.go,https://github.com/golang/crypto/raw/e4e2799dd7aab89f583e1d898300d96367750991/ssh%2Fagent%2Fexample_test.go,[]
golang,crypto,459e26527287adbc2adcc5d0d49abff9a5f315a7,ssh/agent/server_test.go,https://github.com/golang/crypto/raw/e4e2799dd7aab89f583e1d898300d96367750991/ssh%2Fagent%2Fserver_test.go,"['@@ -56,7 +56,9 @@']"
golang,crypto,459e26527287adbc2adcc5d0d49abff9a5f315a7,ssh/certs.go,https://github.com/golang/crypto/raw/e4e2799dd7aab89f583e1d898300d96367750991/ssh%2Fcerts.go,[]
golang,crypto,459e26527287adbc2adcc5d0d49abff9a5f315a7,ssh/client.go,https://github.com/golang/crypto/raw/e4e2799dd7aab89f583e1d898300d96367750991/ssh%2Fclient.go,"['@@ -68,6 +69,11 @@', '@@ -173,6 +179,13 @@', '@@ -188,10 +201,12 @@', '@@ -209,3 +224,33 @@']"
golang,crypto,459e26527287adbc2adcc5d0d49abff9a5f315a7,ssh/client_auth_test.go,https://github.com/golang/crypto/raw/e4e2799dd7aab89f583e1d898300d96367750991/ssh%2Fclient_auth_test.go,[]
golang,crypto,459e26527287adbc2adcc5d0d49abff9a5f315a7,ssh/client_test.go,https://github.com/golang/crypto/raw/e4e2799dd7aab89f583e1d898300d96367750991/ssh%2Fclient_test.go,"['@@ -6,13 +6,15 @@', '@@ -37,3 +39,43 @@']"
golang,crypto,459e26527287adbc2adcc5d0d49abff9a5f315a7,ssh/doc.go,https://github.com/golang/crypto/raw/e4e2799dd7aab89f583e1d898300d96367750991/ssh%2Fdoc.go,"['@@ -14,5 +14,8 @@']"
golang,crypto,459e26527287adbc2adcc5d0d49abff9a5f315a7,ssh/example_test.go,https://github.com/golang/crypto/raw/e4e2799dd7aab89f583e1d898300d96367750991/ssh%2Fexample_test.go,"['@@ -5,12 +5,16 @@', '@@ -90,8 +94,6 @@', '@@ -131,16 +133,59 @@', '@@ -199,11 +246,13 @@', '@@ -226,12 +275,14 @@']"
golang,crypto,459e26527287adbc2adcc5d0d49abff9a5f315a7,ssh/handshake.go,https://github.com/golang/crypto/raw/e4e2799dd7aab89f583e1d898300d96367750991/ssh%2Fhandshake.go,"['@@ -614,11 +614,9 @@']"
golang,crypto,459e26527287adbc2adcc5d0d49abff9a5f315a7,ssh/handshake_test.go,https://github.com/golang/crypto/raw/e4e2799dd7aab89f583e1d898300d96367750991/ssh%2Fhandshake_test.go,[]
golang,crypto,459e26527287adbc2adcc5d0d49abff9a5f315a7,ssh/session_test.go,https://github.com/golang/crypto/raw/e4e2799dd7aab89f583e1d898300d96367750991/ssh%2Fsession_test.go,"['@@ -747,7 +749,9 @@']"
golang,crypto,459e26527287adbc2adcc5d0d49abff9a5f315a7,ssh/test/cert_test.go,https://github.com/golang/crypto/raw/e4e2799dd7aab89f583e1d898300d96367750991/ssh%2Ftest%2Fcert_test.go,[]
juju,juju,483e29100e97db682977810fae6efca0db21eabe,apiserver/apiserver.go,https://github.com/juju/juju/raw/ef803e2a13692d355b784b7da8b4b1f01dab1556/apiserver%2Fapiserver.go,[]
juju,juju,483e29100e97db682977810fae6efca0db21eabe,apiserver/backup.go,https://github.com/juju/juju/raw/ef803e2a13692d355b784b7da8b4b1f01dab1556/apiserver%2Fbackup.go,"['@@ -41,7 +42,25 @@']"
juju,juju,483e29100e97db682977810fae6efca0db21eabe,apiserver/backup_test.go,https://github.com/juju/juju/raw/ef803e2a13692d355b784b7da8b4b1f01dab1556/apiserver%2Fbackup_test.go,"['@@ -98,7 +98,10 @@']"
juju,juju,483e29100e97db682977810fae6efca0db21eabe,apiserver/facades/client/backups/backups.go,https://github.com/juju/juju/raw/ef803e2a13692d355b784b7da8b4b1f01dab1556/apiserver%2Ffacades%2Fclient%2Fbackups%2Fbackups.go,"['@@ -4,6 +4,8 @@', '@@ -109,6 +111,9 @@']"
juju,juju,483e29100e97db682977810fae6efca0db21eabe,apiserver/facades/client/backups/backups_test.go,https://github.com/juju/juju/raw/ef803e2a13692d355b784b7da8b4b1f01dab1556/apiserver%2Ffacades%2Fclient%2Fbackups%2Fbackups_test.go,[]
juju,juju,483e29100e97db682977810fae6efca0db21eabe,apiserver/facades/client/backups/create.go,https://github.com/juju/juju/raw/ef803e2a13692d355b784b7da8b4b1f01dab1556/apiserver%2Ffacades%2Fclient%2Fbackups%2Fcreate.go,[]
juju,juju,483e29100e97db682977810fae6efca0db21eabe,state/backups/backups.go,https://github.com/juju/juju/raw/ef803e2a13692d355b784b7da8b4b1f01dab1556/state%2Fbackups%2Fbackups.go,"['@@ -6,8 +6,10 @@', '@@ -46,17 +48,21 @@', '@@ -108,11 +114,7 @@', '@@ -171,8 +173,36 @@']"
juju,juju,483e29100e97db682977810fae6efca0db21eabe,state/backups/backups_test.go,https://github.com/juju/juju/raw/ef803e2a13692d355b784b7da8b4b1f01dab1556/state%2Fbackups%2Fbackups_test.go,"['@@ -37,7 +39,11 @@', '@@ -69,20 +74,18 @@', '@@ -198,15 +200,18 @@']"
juju,juju,483e29100e97db682977810fae6efca0db21eabe,state/backups/testing/fakes.go,https://github.com/juju/juju/raw/ef803e2a13692d355b784b7da8b4b1f01dab1556/state%2Fbackups%2Ftesting%2Ffakes.go,"['@@ -31,8 +31,6 @@', '@@ -51,12 +49,10 @@']"
FiloSottile,nistec,badd74860514ee9c8ab0339beb8227ab8b303050,nistec_test.go,https://github.com/FiloSottile/nistec/raw/c58aa1223ccf3943513e1e661cebce95af137244/nistec_test.go,"['@@ -163,6 +164,86 @@']"
FiloSottile,nistec,badd74860514ee9c8ab0339beb8227ab8b303050,p256_asm.go,https://github.com/FiloSottile/nistec/raw/c58aa1223ccf3943513e1e661cebce95af137244/p256_asm.go,"['@@ -364,6 +364,21 @@']"
FiloSottile,nistec,badd74860514ee9c8ab0339beb8227ab8b303050,p256_ordinv.go,https://github.com/FiloSottile/nistec/raw/c58aa1223ccf3943513e1e661cebce95af137244/p256_ordinv.go,[]
imgproxy,imgproxy,947d65cf29fe26e5e4d38ca8a17e44c7402e437c,svg/svg.go,https://github.com/imgproxy/imgproxy/raw/62f8d08a93d301285dcd1dabcc7ba10c6c65b689/svg%2Fsvg.go,"['@@ -35,6 +35,8 @@', '@@ -67,15 +69,28 @@']"
containers,podman,e8a8433641f892a8ce4e579e09ba005e5e3845cf,libpod/container_internal.go,https://github.com/containers/podman/raw/6ca857feb07a5fdc96fd947afef03916291673d8/libpod%2Fcontainer_internal.go,[]
containers,podman,e8a8433641f892a8ce4e579e09ba005e5e3845cf,utils/utils.go,https://github.com/containers/podman/raw/6ca857feb07a5fdc96fd947afef03916291673d8/utils%2Futils.go,"['@@ -87,6 +88,28 @@']"
tailscale,tailscale,aad01c81b1a5b75b4db184d9c2090ccd38ca2f7e,ssh/tailssh/incubator.go,https://github.com/tailscale/tailscale/raw/d00c046b723dff6e3775d7d35f891403ac21a47d/ssh%2Ftailssh%2Fincubator.go,"['@@ -244,22 +245,10 @@', '@@ -304,6 +293,108 @@']"
tailscale,tailscale,aad01c81b1a5b75b4db184d9c2090ccd38ca2f7e,ssh/tailssh/privs_test.go,https://github.com/tailscale/tailscale/raw/d00c046b723dff6e3775d7d35f891403ac21a47d/ssh%2Ftailssh%2Fprivs_test.go,"['@@ -0,0 +1,295 @@']"
answerdev,answer,4ca2429d190a6e614f5bbee1173c80a7cffcc568,internal/controller/user_controller.go,https://github.com/apache/answer/raw/1de3ec27e50ba7389c9449c59e8ea3a37a908ee4/internal%2Fcontroller%2Fuser_controller.go,[]
answerdev,answer,4ca2429d190a6e614f5bbee1173c80a7cffcc568,internal/service/user_service.go,https://github.com/apache/answer/raw/1de3ec27e50ba7389c9449c59e8ea3a37a908ee4/internal%2Fservice%2Fuser_service.go,[]
answerdev,answer,f80af9ffbebddb2bcae1cc1dd072e1f03a9ba2a1,internal/schema/tag_schema.go,https://github.com/apache/answer/raw/90bfa0dcc7b49482f1d1e31aee3ab073f3c13dd9/internal%2Fschema%2Ftag_schema.go,[]
grafana,grafana,0404d076666a487882aa34f9515a6c7b8ee49567,pkg/api/plugins.go,https://github.com/grafana/grafana/raw/db83d5f398caffe35c5846cfa7727d1a2a414165/pkg%2Fapi%2Fplugins.go,[]
answerdev,answer,9870ed87fb24ed468aaf1e169c2d028e0f375106,internal/repo/captcha/captcha.go,https://github.com/apache/answer/raw/813ad0b9894673b1bdd489a2e9ab60a44fe990af/internal%2Frepo%2Fcaptcha%2Fcaptcha.go,"['@@ -68,3 +68,11 @@']"
answerdev,answer,9870ed87fb24ed468aaf1e169c2d028e0f375106,internal/service/action/captcha_service.go,https://github.com/apache/answer/raw/813ad0b9894673b1bdd489a2e9ab60a44fe990af/internal%2Fservice%2Faction%2Fcaptcha_service.go,"['@@ -143,6 +144,12 @@']"
answerdev,answer,9870ed87fb24ed468aaf1e169c2d028e0f375106,internal/repo/captcha/captcha.go,https://github.com/apache/answer/raw/813ad0b9894673b1bdd489a2e9ab60a44fe990af/internal%2Frepo%2Fcaptcha%2Fcaptcha.go,"['@@ -68,3 +68,11 @@']"
answerdev,answer,9870ed87fb24ed468aaf1e169c2d028e0f375106,internal/service/action/captcha_service.go,https://github.com/apache/answer/raw/813ad0b9894673b1bdd489a2e9ab60a44fe990af/internal%2Fservice%2Faction%2Fcaptcha_service.go,"['@@ -143,6 +144,12 @@']"
kitabisa,teler-waf,e036517d0598a126d074fd835e268971c98ed7e0,analyze.go,https://github.com/teler-sh/teler-waf/raw/d1d49cfddfa3ec2adad962870f14b85cd1aaf739/analyze.go,[]
kitabisa,teler-waf,e036517d0598a126d074fd835e268971c98ed7e0,utils.go,https://github.com/teler-sh/teler-waf/raw/d1d49cfddfa3ec2adad962870f14b85cd1aaf739/utils.go,"['@@ -69,11 +70,24 @@']"
openshift,assisted-installer,8c2351a016d7e66f712ed77642c7cf9770c726d2,src/assisted_installer_controller/assisted_installer_controller.go,https://github.com/openshift/assisted-installer/raw/2403dad3795406f2c5d923af0894e07bc8b0bdc4/src%2Fassisted_installer_controller%2Fassisted_installer_controller.go,[]
openshift,assisted-installer,8c2351a016d7e66f712ed77642c7cf9770c726d2,src/ops/ops.go,https://github.com/openshift/assisted-installer/raw/2403dad3795406f2c5d923af0894e07bc8b0bdc4/src%2Fops%2Fops.go,[]
openshift,assisted-installer,99a632124fb2babb1557cf0f97b4af908a20f845,src/ops/ops.go,https://github.com/openshift/assisted-installer/raw/f3800cfa3d64ce6dcd6f7b73f0578bb99bfdaf7a/src%2Fops%2Fops.go,"['@@ -101,17 +101,20 @@']"
openshift,assisted-installer,99a632124fb2babb1557cf0f97b4af908a20f845,src/ops/ops_test.go,https://github.com/openshift/assisted-installer/raw/f3800cfa3d64ce6dcd6f7b73f0578bb99bfdaf7a/src%2Fops%2Fops_test.go,"['@@ -5,9 +5,13 @@']"
answerdev,answer,66510fcc290622d8548f72e5a8fa370a523f142b,internal/base/reason/reason.go,https://github.com/apache/answer/raw/15390adbfcd5fd37af4661f992f8873ae5a6b840/internal%2Fbase%2Freason%2Freason.go,[]
answerdev,answer,66510fcc290622d8548f72e5a8fa370a523f142b,internal/service/user_admin/user_backyard.go,https://github.com/apache/answer/raw/15390adbfcd5fd37af4661f992f8873ae5a6b840/internal%2Fservice%2Fuser_admin%2Fuser_backyard.go,"['@@ -153,6 +153,10 @@']"
kitabisa,teler-waf,cec32b7b4cb5d22425928d4f3add2f550a1181d0,analyze.go,https://github.com/teler-sh/teler-waf/raw/6e1b0e19b8adc1bbc3513a986025d4adf88d59f8/analyze.go,[]
dablelv,go-huge-util,4c79264b871c6efe61b09a20a6516395e9f078c6,file/file.go,https://github.com/dablelv/cyan/raw/0e308b0fac8973e6fa251b0ab095cdc5c1c0956b/file%2Ffile.go,"['@@ -123,17 +123,19 @@', '@@ -142,27 +144,37 @@', '@@ -260,3 +273,13 @@']"
dablelv,go-huge-util,4c79264b871c6efe61b09a20a6516395e9f078c6,zip/unzip.go,https://github.com/dablelv/cyan/raw/0e308b0fac8973e6fa251b0ab095cdc5c1c0956b/zip%2Funzip.go,"['@@ -26,8 +27,12 @@']"
dablelv,go-huge-util,4c79264b871c6efe61b09a20a6516395e9f078c6,zip/zip.go,https://github.com/dablelv/cyan/raw/0e308b0fac8973e6fa251b0ab095cdc5c1c0956b/zip%2Fzip.go,[]
answerdev,answer,f80af9ffbebddb2bcae1cc1dd072e1f03a9ba2a1,internal/schema/tag_schema.go,https://github.com/apache/answer/raw/90bfa0dcc7b49482f1d1e31aee3ab073f3c13dd9/internal%2Fschema%2Ftag_schema.go,[]
42Atomys,stud42,f7696e47de2a4129b79ad4b7533092286b9fc0da,cmd/api.go,https://github.com/42atomys/stud42/raw/a70bfc72fba721917bf681d72a58093fb9deee17/cmd%2Fapi.go,"['@@ -1,17 +1,21 @@', '@@ -67,12 +71,47 @@']"
42Atomys,stud42,f7696e47de2a4129b79ad4b7533092286b9fc0da,internal/api/api.resolvers.go,https://github.com/42atomys/stud42/raw/a70bfc72fba721917bf681d72a58093fb9deee17/internal%2Fapi%2Fapi.resolvers.go,"['@@ -245,10 +255,12 @@', '@@ -269,18 +281,22 @@', '@@ -472,23 +494,27 @@', '@@ -499,12 +525,14 @@']"
42Atomys,stud42,f7696e47de2a4129b79ad4b7533092286b9fc0da,internal/jwtks/http.go,https://github.com/42atomys/stud42/raw/a70bfc72fba721917bf681d72a58093fb9deee17/internal%2Fjwtks%2Fhttp.go,[]
play-with-docker,play-with-docker,2b95e660793b807e692476c7dc1f19849235eec8,handlers/bootstrap.go,https://github.com/play-with-docker/play-with-docker/raw/ed82247c9ab7990ad76ec2bf1498c2b2830b6f1a/handlers%2Fbootstrap.go,[]
answerdev,answer,9870ed87fb24ed468aaf1e169c2d028e0f375106,internal/repo/captcha/captcha.go,https://github.com/apache/answer/raw/813ad0b9894673b1bdd489a2e9ab60a44fe990af/internal%2Frepo%2Fcaptcha%2Fcaptcha.go,"['@@ -68,3 +68,11 @@']"
answerdev,answer,9870ed87fb24ed468aaf1e169c2d028e0f375106,internal/service/action/captcha_service.go,https://github.com/apache/answer/raw/813ad0b9894673b1bdd489a2e9ab60a44fe990af/internal%2Fservice%2Faction%2Fcaptcha_service.go,"['@@ -143,6 +144,12 @@']"
answerdev,answer,10dd9e23f41bdddecc622f512a5da31585c4f8bc,internal/install/install_req.go,https://github.com/apache/answer/raw/9870ed87fb24ed468aaf1e169c2d028e0f375106/internal%2Finstall%2Finstall_req.go,[]
moby,buildkit,e0fa100a290babe5a6df62dc6173730e31b9ef17,frontend/dockerfile/dockerfile_buildinfo_test.go,https://github.com/moby/buildkit/raw/75123c696506bdbca1ed69906479e200f1b62604/frontend%2Fdockerfile%2Fdockerfile_buildinfo_test.go,"['@@ -93,10 +93,15 @@', '@@ -110,7 +115,9 @@']"
moby,buildkit,e0fa100a290babe5a6df62dc6173730e31b9ef17,frontend/dockerfile/dockerfile_provenance_test.go,https://github.com/moby/buildkit/raw/75123c696506bdbca1ed69906479e200f1b62604/frontend%2Fdockerfile%2Fdockerfile_provenance_test.go,"['@@ -137,30 +138,32 @@', '@@ -265,6 +268,11 @@']"
moby,buildkit,e0fa100a290babe5a6df62dc6173730e31b9ef17,solver/llbsolver/provenance/capture.go,https://github.com/moby/buildkit/raw/75123c696506bdbca1ed69906479e200f1b62604/solver%2Fllbsolver%2Fprovenance%2Fcapture.go,[]
moby,buildkit,e0fa100a290babe5a6df62dc6173730e31b9ef17,solver/llbsolver/provenance/predicate.go,https://github.com/moby/buildkit/raw/75123c696506bdbca1ed69906479e200f1b62604/solver%2Fllbsolver%2Fprovenance%2Fpredicate.go,"['@@ -162,6 +164,9 @@', '@@ -231,6 +236,11 @@', '@@ -239,6 +249,9 @@']"
argoproj,argo-cd,a610fc159af8638e65347e08e9503a0c933f0391,cmd/argocd/commands/app.go,https://github.com/argoproj/argo-cd/raw/3a28c8a18cc2aa84fe81492625545d25c7a90bc3/cmd%2Fargocd%2Fcommands%2Fapp.go,"['@@ -165,7 +165,9 @@']"
argoproj,argo-cd,a610fc159af8638e65347e08e9503a0c933f0391,reposerver/apiclient/mocks/RepoServerService_GenerateManifestWithFilesClient.go,https://github.com/argoproj/argo-cd/raw/3a28c8a18cc2aa84fe81492625545d25c7a90bc3/reposerver%2Fapiclient%2Fmocks%2FRepoServerService_GenerateManifestWithFilesClient.go,"['@@ -0,0 +1,167 @@']"
argoproj,argo-cd,a610fc159af8638e65347e08e9503a0c933f0391,server/application/application.go,https://github.com/argoproj/argo-cd/raw/3a28c8a18cc2aa84fe81492625545d25c7a90bc3/server%2Fapplication%2Fapplication.go,"['@@ -108,7 +110,9 @@', '@@ -131,6 +135,61 @@', '@@ -318,13 +377,8 @@', '@@ -426,14 +480,8 @@', '@@ -538,14 +586,8 @@', '@@ -627,13 +669,8 @@', '@@ -807,21 +844,16 @@', '@@ -839,11 +871,9 @@', '@@ -1034,7 +1064,9 @@', '@@ -1138,22 +1170,16 @@', '@@ -1220,9 +1246,6 @@', '@@ -1234,6 +1257,9 @@', '@@ -1262,9 +1288,6 @@', '@@ -1288,28 +1311,17 @@', '@@ -1324,13 +1336,8 @@', '@@ -1365,22 +1372,17 @@', '@@ -1427,14 +1429,8 @@', '@@ -1625,12 +1621,9 @@', '@@ -1717,6 +1710,9 @@', '@@ -1734,14 +1730,8 @@', '@@ -1787,6 +1777,9 @@', '@@ -1796,24 +1789,9 @@', '@@ -1965,11 +1943,8 @@', '@@ -2227,15 +2201,8 @@']"
argoproj,argo-cd,a610fc159af8638e65347e08e9503a0c933f0391,server/application/application_test.go,https://github.com/argoproj/argo-cd/raw/3a28c8a18cc2aa84fe81492625545d25c7a90bc3/server%2Fapplication%2Fapplication_test.go,"['@@ -4,12 +4,15 @@', '@@ -18,13 +21,17 @@', '@@ -98,6 +106,11 @@', '@@ -202,15 +215,83 @@', '@@ -301,8 +382,428 @@', '@@ -655,20 +1156,9 @@', '@@ -785,64 +1275,71 @@']"
argoproj,argo-cd,a610fc159af8638e65347e08e9503a0c933f0391,server/application/broadcaster.go,https://github.com/argoproj/argo-cd/raw/3a28c8a18cc2aa84fe81492625545d25c7a90bc3/server%2Fapplication%2Fbroadcaster.go,"['@@ -23,6 +23,14 @@']"
argoproj,argo-cd,a610fc159af8638e65347e08e9503a0c933f0391,server/application/mocks/Broadcaster.go,https://github.com/argoproj/argo-cd/raw/3a28c8a18cc2aa84fe81492625545d25c7a90bc3/server%2Fapplication%2Fmocks%2FBroadcaster.go,"['@@ -0,0 +1,66 @@']"
argoproj,argo-cd,a610fc159af8638e65347e08e9503a0c933f0391,server/server.go,https://github.com/argoproj/argo-cd/raw/3a28c8a18cc2aa84fe81492625545d25c7a90bc3/server%2Fserver.go,[]
argoproj,argo-cd,a610fc159af8638e65347e08e9503a0c933f0391,test/e2e/app_management_ns_test.go,https://github.com/argoproj/argo-cd/raw/3a28c8a18cc2aa84fe81492625545d25c7a90bc3/test%2Fe2e%2Fapp_management_ns_test.go,"['@@ -429,7 +429,9 @@']"
argoproj,argo-cd,a610fc159af8638e65347e08e9503a0c933f0391,test/e2e/app_management_test.go,https://github.com/argoproj/argo-cd/raw/3a28c8a18cc2aa84fe81492625545d25c7a90bc3/test%2Fe2e%2Fapp_management_test.go,"['@@ -413,7 +413,9 @@']"
answerdev,answer,383cc103208d008e7e274eeba9ea73d81e639acf,internal/schema/user_schema.go,https://github.com/apache/answer/raw/71a4cdac81112975969129d308899edd155c0e80/internal%2Fschema%2Fuser_schema.go,[]
answerdev,answer,383cc103208d008e7e274eeba9ea73d81e639acf,pkg/converter/markdown.go,https://github.com/apache/answer/raw/71a4cdac81112975969129d308899edd155c0e80/pkg%2Fconverter%2Fmarkdown.go,"['@@ -35,6 +35,17 @@']"
cilium,cilium-cli,cf4b2cb094a1d5a582fbc57539e842c15803f553,clustermesh/clustermesh.go,https://github.com/cilium/cilium-cli/raw/fb1427025764e1eebc4a7710d902c4f22cae2610/clustermesh%2Fclustermesh.go,[]
answerdev,answer,10dd9e23f41bdddecc622f512a5da31585c4f8bc,internal/install/install_req.go,https://github.com/apache/answer/raw/9870ed87fb24ed468aaf1e169c2d028e0f375106/internal%2Finstall%2Finstall_req.go,[]
crossplane,crossplane-runtime,a47015271b8768dc15b930d20f12d2503d63baff,pkg/fieldpath/paved.go,https://github.com/crossplane/crossplane-runtime/raw/53508a9f4374604db140dd8ab2fa52276441e738/pkg%2Ffieldpath%2Fpaved.go,"['@@ -25,6 +25,9 @@', '@@ -46,19 +49,39 @@', '@@ -358,6 +381,10 @@']"
crossplane,crossplane-runtime,a47015271b8768dc15b930d20f12d2503d63baff,pkg/fieldpath/paved_test.go,https://github.com/crossplane/crossplane-runtime/raw/53508a9f4374604db140dd8ab2fa52276441e738/pkg%2Ffieldpath%2Fpaved_test.go,"['@@ -737,6 +739,38 @@']"
crossplane,crossplane-runtime,331b749555ff54321477c553a050cc6d1c401102,pkg/fieldpath/fieldpath.go,https://github.com/crossplane/crossplane-runtime/raw/f67177024d906aaf5e13ee7cd470b4e87a9fef40/pkg%2Ffieldpath%2Ffieldpath.go,"['@@ -0,0 +1,280 @@']"
crossplane,crossplane-runtime,331b749555ff54321477c553a050cc6d1c401102,pkg/fieldpath/fieldpath_test.go,https://github.com/crossplane/crossplane-runtime/raw/f67177024d906aaf5e13ee7cd470b4e87a9fef40/pkg%2Ffieldpath%2Ffieldpath_test.go,"['@@ -0,0 +1,283 @@']"
crossplane,crossplane-runtime,331b749555ff54321477c553a050cc6d1c401102,pkg/fieldpath/paved.go,https://github.com/crossplane/crossplane-runtime/raw/f67177024d906aaf5e13ee7cd470b4e87a9fef40/pkg%2Ffieldpath%2Fpaved.go,"['@@ -0,0 +1,307 @@']"
crossplane,crossplane-runtime,331b749555ff54321477c553a050cc6d1c401102,pkg/fieldpath/paved_test.go,https://github.com/crossplane/crossplane-runtime/raw/f67177024d906aaf5e13ee7cd470b4e87a9fef40/pkg%2Ffieldpath%2Fpaved_test.go,"['@@ -0,0 +1,616 @@']"
russellhaering,gosaml2,156f1b9e4068268e13eb80bdc165552c62f8dfc4,decode_logout_request.go,https://github.com/russellhaering/gosaml2/raw/f9d66040241093e8702649baff50cc70d2c683c0/decode_logout_request.go,[]
russellhaering,gosaml2,156f1b9e4068268e13eb80bdc165552c62f8dfc4,decode_response.go,https://github.com/russellhaering/gosaml2/raw/f9d66040241093e8702649baff50cc70d2c683c0/decode_response.go,"['@@ -21,15 +21,19 @@', '@@ -344,26 +348,37 @@']"
russellhaering,gosaml2,156f1b9e4068268e13eb80bdc165552c62f8dfc4,decode_response_test.go,https://github.com/russellhaering/gosaml2/raw/f9d66040241093e8702649baff50cc70d2c683c0/decode_response_test.go,"['@@ -203,4 +203,27 @@']"
russellhaering,gosaml2,156f1b9e4068268e13eb80bdc165552c62f8dfc4,saml.go,https://github.com/russellhaering/gosaml2/raw/f9d66040241093e8702649baff50cc70d2c683c0/saml.go,"['@@ -74,8 +74,14 @@']"
russellhaering,gosaml2,156f1b9e4068268e13eb80bdc165552c62f8dfc4,saml_test.go,https://github.com/russellhaering/gosaml2/raw/f9d66040241093e8702649baff50cc70d2c683c0/saml_test.go,[]
answerdev,answer,e184986459f4c92498826c43156592771730222c,pkg/converter/markdown.go,https://github.com/apache/answer/raw/c3743bad4f2a69f69f8f1e1e5b4b6524fc03da25/pkg%2Fconverter%2Fmarkdown.go,"['@@ -32,7 +32,10 @@']"
crewjam,saml,2aeb2efd8c405fb7b40aa75b591b0828ef552670,flate.go,https://github.com/crewjam/saml/raw/8e9236867d176ad6338c870a84e2039aef8a5021/flate.go,"['@@ -0,0 +1,31 @@']"
crewjam,saml,2aeb2efd8c405fb7b40aa75b591b0828ef552670,identity_provider.go,https://github.com/crewjam/saml/raw/8e9236867d176ad6338c870a84e2039aef8a5021/identity_provider.go,[]
crewjam,saml,2aeb2efd8c405fb7b40aa75b591b0828ef552670,identity_provider_test.go,https://github.com/crewjam/saml/raw/8e9236867d176ad6338c870a84e2039aef8a5021/identity_provider_test.go,"['@@ -1,6 +1,8 @@', '@@ -1013,3 +1015,29 @@']"
crewjam,saml,2aeb2efd8c405fb7b40aa75b591b0828ef552670,service_provider.go,https://github.com/crewjam/saml/raw/8e9236867d176ad6338c870a84e2039aef8a5021/service_provider.go,[]
answerdev,answer,e184986459f4c92498826c43156592771730222c,pkg/converter/markdown.go,https://github.com/apache/answer/raw/c3743bad4f2a69f69f8f1e1e5b4b6524fc03da25/pkg%2Fconverter%2Fmarkdown.go,"['@@ -32,7 +32,10 @@']"
gookit,goutil,965e4f0cd348b6576ef1fe2b4226a388269e619a,fsutil/operate.go,https://github.com/gookit/goutil/raw/d7b94fede71f018f129f7d21feb58c895d28dadc/fsutil%2Foperate.go,"['@@ -2,11 +2,13 @@', '@@ -317,7 +319,13 @@']"
foxcpp,maddy,3092ca0ca530ec78309a5f90d06f24bfcc3b4c6f,internal/auth/external/externalauth.go,https://github.com/foxcpp/maddy/raw/55a91a37b71210f34f98f4d327c30308fe24399a/internal%2Fauth%2Fexternal%2Fexternalauth.go,[]
foxcpp,maddy,3092ca0ca530ec78309a5f90d06f24bfcc3b4c6f,internal/auth/pam/module.go,https://github.com/foxcpp/maddy/raw/55a91a37b71210f34f98f4d327c30308fe24399a/internal%2Fauth%2Fpam%2Fmodule.go,[]
foxcpp,maddy,3092ca0ca530ec78309a5f90d06f24bfcc3b4c6f,internal/auth/plain_separate/plain_separate.go,https://github.com/foxcpp/maddy/raw/55a91a37b71210f34f98f4d327c30308fe24399a/internal%2Fauth%2Fplain_separate%2Fplain_separate.go,"['@@ -54,56 +53,32 @@']"
foxcpp,maddy,3092ca0ca530ec78309a5f90d06f24bfcc3b4c6f,internal/auth/plain_separate/plain_separate_test.go,https://github.com/foxcpp/maddy/raw/55a91a37b71210f34f98f4d327c30308fe24399a/internal%2Fauth%2Fplain_separate%2Fplain_separate_test.go,"['@@ -38,112 +37,100 @@']"
foxcpp,maddy,3092ca0ca530ec78309a5f90d06f24bfcc3b4c6f,internal/auth/sasl.go,https://github.com/foxcpp/maddy/raw/55a91a37b71210f34f98f4d327c30308fe24399a/internal%2Fauth%2Fsasl.go,"['@@ -39,85 +38,52 @@', '@@ -126,24 +92,20 @@']"
foxcpp,maddy,3092ca0ca530ec78309a5f90d06f24bfcc3b4c6f,internal/auth/sasl_test.go,https://github.com/foxcpp/maddy/raw/55a91a37b71210f34f98f4d327c30308fe24399a/internal%2Fauth%2Fsasl_test.go,"['@@ -3,101 +3,69 @@']"
foxcpp,maddy,3092ca0ca530ec78309a5f90d06f24bfcc3b4c6f,internal/auth/shadow/module.go,https://github.com/foxcpp/maddy/raw/55a91a37b71210f34f98f4d327c30308fe24399a/internal%2Fauth%2Fshadow%2Fmodule.go,[]
foxcpp,maddy,3092ca0ca530ec78309a5f90d06f24bfcc3b4c6f,internal/config/module/interfaces.go,https://github.com/foxcpp/maddy/raw/55a91a37b71210f34f98f4d327c30308fe24399a/internal%2Fconfig%2Fmodule%2Finterfaces.go,"['@@ -51,14 +51,6 @@']"
foxcpp,maddy,3092ca0ca530ec78309a5f90d06f24bfcc3b4c6f,internal/endpoint/imap/imap.go,https://github.com/foxcpp/maddy/raw/55a91a37b71210f34f98f4d327c30308fe24399a/internal%2Fendpoint%2Fimap%2Fimap.go,"['@@ -211,14 +211,12 @@']"
foxcpp,maddy,3092ca0ca530ec78309a5f90d06f24bfcc3b4c6f,internal/endpoint/smtp/smtp.go,https://github.com/foxcpp/maddy/raw/55a91a37b71210f34f98f4d327c30308fe24399a/internal%2Fendpoint%2Fsmtp%2Fsmtp.go,[]
foxcpp,maddy,3092ca0ca530ec78309a5f90d06f24bfcc3b4c6f,internal/module/auth.go,https://github.com/foxcpp/maddy/raw/55a91a37b71210f34f98f4d327c30308fe24399a/internal%2Fmodule%2Fauth.go,"['@@ -12,23 +12,5 @@']"
foxcpp,maddy,3092ca0ca530ec78309a5f90d06f24bfcc3b4c6f,internal/module/dummy.go,https://github.com/foxcpp/maddy/raw/55a91a37b71210f34f98f4d327c30308fe24399a/internal%2Fmodule%2Fdummy.go,"['@@ -16,12 +15,8 @@']"
foxcpp,maddy,3092ca0ca530ec78309a5f90d06f24bfcc3b4c6f,internal/storage/sql/sql.go,https://github.com/foxcpp/maddy/raw/55a91a37b71210f34f98f4d327c30308fe24399a/internal%2Fstorage%2Fsql%2Fsql.go,[]
foxcpp,maddy,ac4a75b7d54c20c131174aa55ccf63a18850b1b8,internal/auth/sasl.go,https://github.com/foxcpp/maddy/raw/9f58cb64b39cdc01928ec463bdb198c4c2313a9c/internal%2Fauth%2Fsasl.go,"['@@ -81,6 +81,9 @@']"
foxcpp,maddy,ac4a75b7d54c20c131174aa55ccf63a18850b1b8,internal/auth/sasl_test.go,https://github.com/foxcpp/maddy/raw/9f58cb64b39cdc01928ec463bdb198c4c2313a9c/internal%2Fauth%2Fsasl_test.go,[]
answerdev,answer,1de3ec27e50ba7389c9449c59e8ea3a37a908ee4,internal/controller/user_controller.go,https://github.com/apache/answer/raw/cd742b75605c99776f32d271c0a60e0f468e181c/internal%2Fcontroller%2Fuser_controller.go,[]
answerdev,answer,15390adbfcd5fd37af4661f992f8873ae5a6b840,internal/base/reason/reason.go,https://github.com/apache/answer/raw/4ca2429d190a6e614f5bbee1173c80a7cffcc568/internal%2Fbase%2Freason%2Freason.go,[]
answerdev,answer,15390adbfcd5fd37af4661f992f8873ae5a6b840,internal/controller_admin/user_backyard_controller.go,https://github.com/apache/answer/raw/4ca2429d190a6e614f5bbee1173c80a7cffcc568/internal%2Fcontroller_admin%2Fuser_backyard_controller.go,"['@@ -34,6 +34,8 @@']"
answerdev,answer,15390adbfcd5fd37af4661f992f8873ae5a6b840,internal/schema/backyard_user_schema.go,https://github.com/apache/answer/raw/4ca2429d190a6e614f5bbee1173c80a7cffcc568/internal%2Fschema%2Fbackyard_user_schema.go,[]
answerdev,answer,15390adbfcd5fd37af4661f992f8873ae5a6b840,internal/service/user_admin/user_backyard.go,https://github.com/apache/answer/raw/4ca2429d190a6e614f5bbee1173c80a7cffcc568/internal%2Fservice%2Fuser_admin%2Fuser_backyard.go,"['@@ -61,6 +61,10 @@']"
ansible-semaphore,semaphore,f62cea43537c22590a2cbdc2eb85dd2ae915f618,api/auth.go,https://github.com/semaphoreui/semaphore/raw/3e4a62b7f2b1ef0660c9fb839818a53c80a5a8b1/api%2Fauth.go,"['@@ -87,26 +87,29 @@', '@@ -115,10 +118,14 @@']"
ansible-semaphore,semaphore,f62cea43537c22590a2cbdc2eb85dd2ae915f618,api/router.go,https://github.com/semaphoreui/semaphore/raw/3e4a62b7f2b1ef0660c9fb839818a53c80a5a8b1/api%2Frouter.go,"['@@ -348,16 +348,8 @@']"
answerdev,answer,10dd9e23f41bdddecc622f512a5da31585c4f8bc,internal/install/install_req.go,https://github.com/apache/answer/raw/9870ed87fb24ed468aaf1e169c2d028e0f375106/internal%2Finstall%2Finstall_req.go,[]
opencontainers,runc,7f3f4bee8a29b30b7f6a4cd897a35a01c2a8f29f,libcontainer/rootfs_linux.go,https://github.com/opencontainers/runc/raw/0d62b950e60f6980b54fe3bafd9a9c608dc1df17/libcontainer%2Frootfs_linux.go,"['@@ -306,26 +306,41 @@']"
answerdev,answer,f80af9ffbebddb2bcae1cc1dd072e1f03a9ba2a1,internal/schema/tag_schema.go,https://github.com/apache/answer/raw/90bfa0dcc7b49482f1d1e31aee3ab073f3c13dd9/internal%2Fschema%2Ftag_schema.go,[]
hashicorp,vault,4d4a2f1f3a3322967b116452e58f29f56217261f,vault/logical_system_helpers.go,https://github.com/hashicorp/vault/raw/09f9068e22f762da123160233518b440e00bdb3b/vault%2Flogical_system_helpers.go,"['@@ -92,10 +92,6 @@']"
hashicorp,vault,4d4a2f1f3a3322967b116452e58f29f56217261f,vault/logical_system_raft.go,https://github.com/hashicorp/vault/raw/09f9068e22f762da123160233518b440e00bdb3b/vault%2Flogical_system_raft.go,[]
gravitational,teleport,e40303189d67d3cd3e4f386a7f9758569768b54b,lib/reversetunnel/agent.go,https://github.com/gravitational/teleport/raw/bb2d67d357e868254a21ed7cb132030d7bf9fcbc/lib%2Freversetunnel%2Fagent.go,"['@@ -579,12 +579,10 @@']"
gravitational,teleport,e40303189d67d3cd3e4f386a7f9758569768b54b,lib/reversetunnel/agent_test.go,https://github.com/gravitational/teleport/raw/bb2d67d357e868254a21ed7cb132030d7bf9fcbc/lib%2Freversetunnel%2Fagent_test.go,[]
gravitational,teleport,e40303189d67d3cd3e4f386a7f9758569768b54b,lib/reversetunnel/agentpool.go,https://github.com/gravitational/teleport/raw/bb2d67d357e868254a21ed7cb132030d7bf9fcbc/lib%2Freversetunnel%2Fagentpool.go,"['@@ -515,8 +517,13 @@', '@@ -540,11 +547,63 @@']"
gravitational,teleport,e40303189d67d3cd3e4f386a7f9758569768b54b,lib/reversetunnel/srv.go,https://github.com/gravitational/teleport/raw/bb2d67d357e868254a21ed7cb132030d7bf9fcbc/lib%2Freversetunnel%2Fsrv.go,"['@@ -669,28 +670,92 @@']"
gravitational,teleport,e40303189d67d3cd3e4f386a7f9758569768b54b,lib/reversetunnel/srv_test.go,https://github.com/gravitational/teleport/raw/bb2d67d357e868254a21ed7cb132030d7bf9fcbc/lib%2Freversetunnel%2Fsrv_test.go,"['@@ -20,14 +20,18 @@', '@@ -269,3 +273,144 @@']"
hashicorp,vault,199ef39d7fe6e970932729c5d63ba3eb813cf15c,helper/testhelpers/ldap/ldaphelper.go,https://github.com/hashicorp/vault/raw/18485ee9d4352ac8e8396c580b5941ccf8e5b31a/helper%2Ftesthelpers%2Fldap%2Fldaphelper.go,[]
hashicorp,vault,199ef39d7fe6e970932729c5d63ba3eb813cf15c,vault/expiration.go,https://github.com/hashicorp/vault/raw/18485ee9d4352ac8e8396c580b5941ccf8e5b31a/vault%2Fexpiration.go,"['@@ -1004,9 +1004,7 @@']"
hashicorp,vault,199ef39d7fe6e970932729c5d63ba3eb813cf15c,vault/external_tests/identity/identity_test.go,https://github.com/hashicorp/vault/raw/18485ee9d4352ac8e8396c580b5941ccf8e5b31a/vault%2Fexternal_tests%2Fidentity%2Fidentity_test.go,"['@@ -11,11 +12,15 @@', '@@ -189,60 +194,13 @@', '@@ -359,3 +317,246 @@']"
hashicorp,vault,199ef39d7fe6e970932729c5d63ba3eb813cf15c,vault/request_handling.go,https://github.com/hashicorp/vault/raw/18485ee9d4352ac8e8396c580b5941ccf8e5b31a/vault%2Frequest_handling.go,"['@@ -1077,13 +1077,11 @@']"
cri-o,cri-o,e8f2aa618d728a4cd9fbbecf872bda6d25427f88,pkg/config/workloads.go,https://github.com/cri-o/cri-o/raw/75effcb1a25851a736e82dba1f7d8cee93ee159e/pkg%2Fconfig%2Fworkloads.go,[]
dexidp,dex,7ca42d7f6e88b8ebdf3cc3fb04c19a97e75bc208,cmd/dex/config.go,https://github.com/dexidp/dex/raw/5bbdb4420254ba73b9c4df4775fe7bdacf233b17/cmd%2Fdex%2Fconfig.go,"['@@ -64,10 +64,16 @@', '@@ -149,6 +155,8 @@', '@@ -163,11 +171,13 @@']"
dexidp,dex,7ca42d7f6e88b8ebdf3cc3fb04c19a97e75bc208,cmd/dex/config_test.go,https://github.com/dexidp/dex/raw/5bbdb4420254ba73b9c4df4775fe7bdacf233b17/cmd%2Fdex%2Fconfig_test.go,"['@@ -71,7 +71,9 @@', '@@ -144,7 +146,9 @@']"
dexidp,dex,7ca42d7f6e88b8ebdf3cc3fb04c19a97e75bc208,cmd/dex/serve.go,https://github.com/dexidp/dex/raw/5bbdb4420254ba73b9c4df4775fe7bdacf233b17/cmd%2Fdex%2Fserve.go,"['@@ -145,9 +145,23 @@', '@@ -422,8 +436,18 @@']"
grafana,grafana,8cf75b4e75be0a3561c4ff1b1cfc884206b30745,pkg/tsdb/mysql/mysql.go,https://github.com/grafana/grafana/raw/19dbd27c5caa1a160bd5854b65a4e1fe2a8a4f00/pkg%2Ftsdb%2Fmysql%2Fmysql.go,"['@@ -24,19 +24,24 @@']"
mattermost,mattermost,688c31d59c5313070be12d4d32ef9789f0683a39,server/channels/app/platform/session.go,https://github.com/mattermost/mattermost/raw/61dd452fb2fcd3ac6f7b2e050f7f0a93a92d95fc/server%2Fchannels%2Fapp%2Fplatform%2Fsession.go,"['@@ -223,8 +223,13 @@']"
mattermost,mattermost,688c31d59c5313070be12d4d32ef9789f0683a39,server/channels/app/platform/session_test.go,https://github.com/mattermost/mattermost/raw/61dd452fb2fcd3ac6f7b2e050f7f0a93a92d95fc/server%2Fchannels%2Fapp%2Fplatform%2Fsession_test.go,"['@@ -132,3 +133,59 @@']"
mattermost,mattermost,688c31d59c5313070be12d4d32ef9789f0683a39,server/channels/app/user.go,https://github.com/mattermost/mattermost/raw/61dd452fb2fcd3ac6f7b2e050f7f0a93a92d95fc/server%2Fchannels%2Fapp%2Fuser.go,[]
hashicorp,consul,0de23419d65c43a53c590842b233404a284b4420,agent/consul/connect_ca_endpoint.go,https://github.com/hashicorp/consul/raw/ff5215d882ac51b49c2647aac46b42aa9c890ce3/agent%2Fconsul%2Fconnect_ca_endpoint.go,[]
hashicorp,consul,0de23419d65c43a53c590842b233404a284b4420,agent/consul/connect_ca_endpoint_test.go,https://github.com/hashicorp/consul/raw/ff5215d882ac51b49c2647aac46b42aa9c890ce3/agent%2Fconsul%2Fconnect_ca_endpoint_test.go,"['@@ -144,6 +144,93 @@']"
cometbft,cometbft,e65a966827e0b2fd6a0aa0f247d96aeb5bbd6689,types/params.go,https://github.com/cometbft/cometbft/raw/5fbc97378b94b0945febe9549399e7c9c5df13ed/types%2Fparams.go,"['@@ -205,27 +205,58 @@']"
cometbft,cometbft,e65a966827e0b2fd6a0aa0f247d96aeb5bbd6689,types/params_test.go,https://github.com/cometbft/cometbft/raw/5fbc97378b94b0945febe9549399e7c9c5df13ed/types%2Fparams_test.go,"['@@ -154,63 +154,78 @@']"
cometbft,cometbft,e65a966827e0b2fd6a0aa0f247d96aeb5bbd6689,version/version.go,https://github.com/cometbft/cometbft/raw/5fbc97378b94b0945febe9549399e7c9c5df13ed/version%2Fversion.go,[]
cubefs,cubefs,30b1778f54664ef588483541c87577b7ab2fbfee,master/gapi_user.go,https://github.com/cubefs/cubefs/raw/6a0d5fa45a77ff20c752fa9e44738bf5d86c84bd/master%2Fgapi_user.go,"['@@ -2,6 +2,8 @@', '@@ -347,8 +349,13 @@']"
cubefs,cubefs,f9ea047b863571bef47102e2e3084ac3b2e578be,master/gapi_user.go,https://github.com/cubefs/cubefs/raw/c21d034d2fcd051ffd64afeafc68cbcb39d26551/master%2Fgapi_user.go,"['@@ -2,6 +2,8 @@', '@@ -347,8 +349,13 @@']"
cubefs,cubefs,c21d034d2fcd051ffd64afeafc68cbcb39d26551,master/user.go,https://github.com/cubefs/cubefs/raw/8dccce6ac8dff3db44d7e9074094c7303a5ff5dd/master%2Fuser.go,[]
0xJacky,nginx-ui,f20d97a9fdc2a83809498b35b6abc0239ec7fdda,api/nginx/nginx_log.go,https://github.com/0xJacky/nginx-ui/raw/d70e37c8575e25b3da7203ff06da5e16c77a42d1/api%2Fnginx%2Fnginx_log.go,"['@@ -50,15 +49,21 @@', '@@ -188,8 +193,16 @@']"
mattermost,mattermost,e073aaa00cbe06f64f1998191518600749923e0c,server/channels/app/notification.go,https://github.com/mattermost/mattermost/raw/851515be222160bee0a495c0d411056b19ed4111/server%2Fchannels%2Fapp%2Fnotification.go,[]
mattermost,mattermost,e073aaa00cbe06f64f1998191518600749923e0c,server/channels/app/notification_test.go,https://github.com/mattermost/mattermost/raw/851515be222160bee0a495c0d411056b19ed4111/server%2Fchannels%2Fapp%2Fnotification_test.go,"['@@ -4,15 +4,20 @@', '@@ -165,6 +170,314 @@']"
mattermost,mattermost,e073aaa00cbe06f64f1998191518600749923e0c,server/channels/app/platform/helper_test.go,https://github.com/mattermost/mattermost/raw/851515be222160bee0a495c0d411056b19ed4111/server%2Fchannels%2Fapp%2Fplatform%2Fhelper_test.go,[]
mattermost,mattermost,e073aaa00cbe06f64f1998191518600749923e0c,server/channels/app/platform/service.go,https://github.com/mattermost/mattermost/raw/851515be222160bee0a495c0d411056b19ed4111/server%2Fchannels%2Fapp%2Fplatform%2Fservice.go,[]
mattermost,mattermost,e073aaa00cbe06f64f1998191518600749923e0c,server/channels/app/platform/web_broadcast_hook.go,https://github.com/mattermost/mattermost/raw/851515be222160bee0a495c0d411056b19ed4111/server%2Fchannels%2Fapp%2Fplatform%2Fweb_broadcast_hook.go,"['@@ -0,0 +1,87 @@']"
mattermost,mattermost,e073aaa00cbe06f64f1998191518600749923e0c,server/channels/app/platform/web_broadcast_hook_test.go,https://github.com/mattermost/mattermost/raw/851515be222160bee0a495c0d411056b19ed4111/server%2Fchannels%2Fapp%2Fplatform%2Fweb_broadcast_hook_test.go,"['@@ -0,0 +1,206 @@']"
mattermost,mattermost,e073aaa00cbe06f64f1998191518600749923e0c,server/channels/app/platform/web_hub.go,https://github.com/mattermost/mattermost/raw/851515be222160bee0a495c0d411056b19ed4111/server%2Fchannels%2Fapp%2Fplatform%2Fweb_hub.go,"['@@ -491,14 +493,19 @@']"
mattermost,mattermost,e073aaa00cbe06f64f1998191518600749923e0c,server/channels/app/platform/web_hub_test.go,https://github.com/mattermost/mattermost/raw/851515be222160bee0a495c0d411056b19ed4111/server%2Fchannels%2Fapp%2Fplatform%2Fweb_hub_test.go,"['@@ -618,3 +619,54 @@']"
mattermost,mattermost,e073aaa00cbe06f64f1998191518600749923e0c,server/channels/app/server.go,https://github.com/mattermost/mattermost/raw/851515be222160bee0a495c0d411056b19ed4111/server%2Fchannels%2Fapp%2Fserver.go,[]
mattermost,mattermost,e073aaa00cbe06f64f1998191518600749923e0c,server/channels/app/web_broadcast_hooks.go,https://github.com/mattermost/mattermost/raw/851515be222160bee0a495c0d411056b19ed4111/server%2Fchannels%2Fapp%2Fweb_broadcast_hooks.go,"['@@ -0,0 +1,96 @@']"
mattermost,mattermost,e073aaa00cbe06f64f1998191518600749923e0c,server/channels/app/web_broadcast_hooks_test.go,https://github.com/mattermost/mattermost/raw/851515be222160bee0a495c0d411056b19ed4111/server%2Fchannels%2Fapp%2Fweb_broadcast_hooks_test.go,"['@@ -0,0 +1,114 @@']"
mattermost,mattermost,e073aaa00cbe06f64f1998191518600749923e0c,server/public/model/websocket_message.go,https://github.com/mattermost/mattermost/raw/851515be222160bee0a495c0d411056b19ed4111/server%2Fpublic%2Fmodel%2Fwebsocket_message.go,"['@@ -103,6 +103,17 @@', '@@ -123,10 +134,17 @@', '@@ -189,6 +207,32 @@']"
mattermost,mattermost,e073aaa00cbe06f64f1998191518600749923e0c,server/public/utils/utils.go,https://github.com/mattermost/mattermost/raw/851515be222160bee0a495c0d411056b19ed4111/server%2Fpublic%2Futils%2Futils.go,"['@@ -0,0 +1,14 @@']"
mattermost,mattermost,e073aaa00cbe06f64f1998191518600749923e0c,server/public/utils/utils_test.go,https://github.com/mattermost/mattermost/raw/851515be222160bee0a495c0d411056b19ed4111/server%2Fpublic%2Futils%2Futils_test.go,"['@@ -0,0 +1,388 @@']"
quic-go,quic-go,d22854641ace1792ca27d7d911a6d62c0075e2c2,framer.go,https://github.com/quic-go/quic-go/raw/17fc98c2d81dbe685c19702dc694a9d606ac56dc/framer.go,"['@@ -23,6 +23,8 @@', '@@ -52,20 +55,43 @@']"
quic-go,quic-go,d22854641ace1792ca27d7d911a6d62c0075e2c2,framer_test.go,https://github.com/quic-go/quic-go/raw/17fc98c2d81dbe685c19702dc694a9d606ac56dc/framer_test.go,"['@@ -111,6 +112,55 @@']"
quic-go,quic-go,d7aa627ebde91cf799ada2a07443faa9b1e5abb8,packet_packer.go,https://github.com/quic-go/quic-go/raw/21609ddfeff93668c7625a85eb09f1541fdad965/packet_packer.go,"['@@ -626,7 +626,13 @@']"
quic-go,quic-go,d7aa627ebde91cf799ada2a07443faa9b1e5abb8,packet_packer_test.go,https://github.com/quic-go/quic-go/raw/21609ddfeff93668c7625a85eb09f1541fdad965/packet_packer_test.go,"['@@ -562,6 +562,37 @@']"
quic-go,quic-go,a3603549eebd4e22fd8ea4d4fe0c9011bc08daa4,framer.go,https://github.com/quic-go/quic-go/raw/3a9c18bcd27a01c551ac9bf8bd2b4bded77c189a/framer.go,"['@@ -23,6 +23,8 @@', '@@ -52,20 +55,43 @@']"
quic-go,quic-go,a3603549eebd4e22fd8ea4d4fe0c9011bc08daa4,framer_test.go,https://github.com/quic-go/quic-go/raw/3a9c18bcd27a01c551ac9bf8bd2b4bded77c189a/framer_test.go,"['@@ -110,6 +111,55 @@']"
quic-go,quic-go,3a9c18bcd27a01c551ac9bf8bd2b4bded77c189a,packet_packer.go,https://github.com/quic-go/quic-go/raw/554d543b50b917369fb1394cc5396d928166cf49/packet_packer.go,"['@@ -640,7 +640,13 @@']"
quic-go,quic-go,3a9c18bcd27a01c551ac9bf8bd2b4bded77c189a,packet_packer_test.go,https://github.com/quic-go/quic-go/raw/554d543b50b917369fb1394cc5396d928166cf49/packet_packer_test.go,"['@@ -562,6 +562,37 @@']"
quic-go,quic-go,a0ffa757499913f7be69aa78f573a6aee3430ae4,packet_packer.go,https://github.com/quic-go/quic-go/raw/6cc3d58935426191296171a6c0d1ee965e10534e/packet_packer.go,"['@@ -640,7 +640,13 @@']"
quic-go,quic-go,a0ffa757499913f7be69aa78f573a6aee3430ae4,packet_packer_test.go,https://github.com/quic-go/quic-go/raw/6cc3d58935426191296171a6c0d1ee965e10534e/packet_packer_test.go,"['@@ -562,6 +562,37 @@']"
quic-go,quic-go,17fc98c2d81dbe685c19702dc694a9d606ac56dc,packet_packer.go,https://github.com/quic-go/quic-go/raw/9aaefe19fc3dc8c8917cc87e6128bb56d9e9e6cc/packet_packer.go,"['@@ -626,7 +626,13 @@']"
quic-go,quic-go,17fc98c2d81dbe685c19702dc694a9d606ac56dc,packet_packer_test.go,https://github.com/quic-go/quic-go/raw/9aaefe19fc3dc8c8917cc87e6128bb56d9e9e6cc/packet_packer_test.go,"['@@ -563,6 +563,37 @@']"
quic-go,quic-go,7da12a670eafbbdc32c9613826cc03e447b4d21d,framer.go,https://github.com/quic-go/quic-go/raw/a0ffa757499913f7be69aa78f573a6aee3430ae4/framer.go,"['@@ -23,6 +23,8 @@', '@@ -52,20 +55,43 @@']"
quic-go,quic-go,7da12a670eafbbdc32c9613826cc03e447b4d21d,framer_test.go,https://github.com/quic-go/quic-go/raw/a0ffa757499913f7be69aa78f573a6aee3430ae4/framer_test.go,"['@@ -110,6 +111,55 @@']"
quic-go,quic-go,e2c360ceec4689af76720ce79d3c2aeb1569694f,framer.go,https://github.com/quic-go/quic-go/raw/d7aa627ebde91cf799ada2a07443faa9b1e5abb8/framer.go,"['@@ -23,6 +23,8 @@', '@@ -52,20 +55,43 @@']"
quic-go,quic-go,e2c360ceec4689af76720ce79d3c2aeb1569694f,framer_test.go,https://github.com/quic-go/quic-go/raw/d7aa627ebde91cf799ada2a07443faa9b1e5abb8/framer_test.go,"['@@ -111,6 +112,55 @@']"
gravitational,teleport,bb2d67d357e868254a21ed7cb132030d7bf9fcbc,integration/integration_test.go,https://github.com/gravitational/teleport/raw/1c77fc49944ebcded32bbdd77c3e1f4f8a1c130d/integration%2Fintegration_test.go,"['@@ -7876,7 +7876,9 @@', '@@ -7885,13 +7887,25 @@']"
gravitational,teleport,bb2d67d357e868254a21ed7cb132030d7bf9fcbc,lib/srv/regular/sshserver.go,https://github.com/gravitational/teleport/raw/1c77fc49944ebcded32bbdd77c3e1f4f8a1c130d/lib%2Fsrv%2Fregular%2Fsshserver.go,"['@@ -2192,11 +2192,18 @@']"
gravitational,teleport,bb2d67d357e868254a21ed7cb132030d7bf9fcbc,lib/srv/regular/sshserver_test.go,https://github.com/gravitational/teleport/raw/1c77fc49944ebcded32bbdd77c3e1f4f8a1c130d/lib%2Fsrv%2Fregular%2Fsshserver_test.go,"['@@ -2232,6 +2232,212 @@']"
etcd-io,etcd,cdc1c8f02ff14060f567884bf51b3a947ecac98f,pkg/fileutil/dir_unix.go,https://github.com/etcd-io/etcd/raw/6be5c54c94298ae6746a574d2af8227d0c9a998b/pkg%2Ffileutil%2Fdir_unix.go,"['@@ -18,5 +18,10 @@']"
etcd-io,etcd,cdc1c8f02ff14060f567884bf51b3a947ecac98f,pkg/fileutil/dir_windows.go,https://github.com/etcd-io/etcd/raw/6be5c54c94298ae6746a574d2af8227d0c9a998b/pkg%2Ffileutil%2Fdir_windows.go,"['@@ -21,6 +21,11 @@']"
etcd-io,etcd,cdc1c8f02ff14060f567884bf51b3a947ecac98f,pkg/fileutil/fileutil.go,https://github.com/etcd-io/etcd/raw/6be5c54c94298ae6746a574d2af8227d0c9a998b/pkg%2Ffileutil%2Ffileutil.go,"['@@ -29,8 +29,6 @@']"
etcd-io,etcd,31e49a4df30f6fe82535de392f6a32a20fbc1463,pkg/fileutil/dir_unix.go,https://github.com/etcd-io/etcd/raw/e5424fc474b274c9e6b5205165015bc2035745f2/pkg%2Ffileutil%2Fdir_unix.go,"['@@ -18,5 +18,10 @@']"
etcd-io,etcd,31e49a4df30f6fe82535de392f6a32a20fbc1463,pkg/fileutil/dir_windows.go,https://github.com/etcd-io/etcd/raw/e5424fc474b274c9e6b5205165015bc2035745f2/pkg%2Ffileutil%2Fdir_windows.go,"['@@ -21,6 +21,11 @@']"
etcd-io,etcd,31e49a4df30f6fe82535de392f6a32a20fbc1463,pkg/fileutil/fileutil.go,https://github.com/etcd-io/etcd/raw/e5424fc474b274c9e6b5205165015bc2035745f2/pkg%2Ffileutil%2Ffileutil.go,"['@@ -27,8 +27,6 @@']"
0xJacky,nginx-ui,0a9e23daf4068f5559785e8ae80c098824855325,api/system/settings.go,https://github.com/0xJacky/nginx-ui/raw/827e76c46e63c52114a62a899f61313039c754e3/api%2Fsystem%2Fsettings.go,"['@@ -1,42 +1,57 @@']"
0xJacky,nginx-ui,0a9e23daf4068f5559785e8ae80c098824855325,settings/nginx.go,https://github.com/0xJacky/nginx-ui/raw/827e76c46e63c52114a62a899f61313039c754e3/settings%2Fnginx.go,[]
0xJacky,nginx-ui,0a9e23daf4068f5559785e8ae80c098824855325,settings/server.go,https://github.com/0xJacky/nginx-ui/raw/827e76c46e63c52114a62a899f61313039c754e3/settings%2Fserver.go,[]
albertito,chasquid,e03594a2c79498eb7889d895e4a21872a8d7a11e,internal/courier/mda.go,https://github.com/albertito/chasquid/raw/a996106eeebe81a292ecba838c7503cac7493e74/internal%2Fcourier%2Fmda.go,"['@@ -60,7 +61,12 @@']"
albertito,chasquid,e03594a2c79498eb7889d895e4a21872a8d7a11e,internal/normalize/normalize.go,https://github.com/albertito/chasquid/raw/a996106eeebe81a292ecba838c7503cac7493e74/internal%2Fnormalize%2Fnormalize.go,"['@@ -72,3 +73,23 @@']"
albertito,chasquid,e03594a2c79498eb7889d895e4a21872a8d7a11e,internal/normalize/normalize_test.go,https://github.com/albertito/chasquid/raw/a996106eeebe81a292ecba838c7503cac7493e74/internal%2Fnormalize%2Fnormalize_test.go,"['@@ -129,6 +129,22 @@']"
albertito,chasquid,e03594a2c79498eb7889d895e4a21872a8d7a11e,internal/smtpsrv/conn.go,https://github.com/albertito/chasquid/raw/a996106eeebe81a292ecba838c7503cac7493e74/internal%2Fsmtpsrv%2Fconn.go,"['@@ -312,6 +311,12 @@', '@@ -952,24 +957,6 @@']"
albertito,chasquid,e03594a2c79498eb7889d895e4a21872a8d7a11e,internal/smtpsrv/conn_test.go,https://github.com/albertito/chasquid/raw/a996106eeebe81a292ecba838c7503cac7493e74/internal%2Fsmtpsrv%2Fconn_test.go,"['@@ -1,10 +1,8 @@', '@@ -87,57 +85,6 @@']"
albertito,chasquid,e03594a2c79498eb7889d895e4a21872a8d7a11e,internal/smtpsrv/dotreader.go,https://github.com/albertito/chasquid/raw/a996106eeebe81a292ecba838c7503cac7493e74/internal%2Fsmtpsrv%2Fdotreader.go,"['@@ -0,0 +1,111 @@']"
albertito,chasquid,e03594a2c79498eb7889d895e4a21872a8d7a11e,internal/smtpsrv/dotreader_test.go,https://github.com/albertito/chasquid/raw/a996106eeebe81a292ecba838c7503cac7493e74/internal%2Fsmtpsrv%2Fdotreader_test.go,"['@@ -0,0 +1,89 @@']"
cubefs,cubefs,972f0275ee8d5dbba4b1530da7c145c269b31ef5,objectnode/api_handler_bucket.go,https://github.com/cubefs/cubefs/raw/dd46c24873c8f3df48d0a598b704ef9bd24b1ec1/objectnode%2Fapi_handler_bucket.go,"['@@ -397,6 +395,10 @@']"
cubefs,cubefs,972f0275ee8d5dbba4b1530da7c145c269b31ef5,objectnode/api_handler_multipart.go,https://github.com/cubefs/cubefs/raw/dd46c24873c8f3df48d0a598b704ef9bd24b1ec1/objectnode%2Fapi_handler_multipart.go,"['@@ -651,8 +651,11 @@']"
cubefs,cubefs,972f0275ee8d5dbba4b1530da7c145c269b31ef5,objectnode/api_handler_object.go,https://github.com/cubefs/cubefs/raw/dd46c24873c8f3df48d0a598b704ef9bd24b1ec1/objectnode%2Fapi_handler_object.go,"['@@ -557,8 +557,11 @@', '@@ -1552,6 +1555,10 @@', '@@ -1660,6 +1667,10 @@', '@@ -1962,3 +1973,21 @@']"
cubefs,cubefs,972f0275ee8d5dbba4b1530da7c145c269b31ef5,objectnode/const.go,https://github.com/cubefs/cubefs/raw/dd46c24873c8f3df48d0a598b704ef9bd24b1ec1/objectnode%2Fconst.go,[]
cubefs,cubefs,972f0275ee8d5dbba4b1530da7c145c269b31ef5,objectnode/lifecycle_handler.go,https://github.com/cubefs/cubefs/raw/dd46c24873c8f3df48d0a598b704ef9bd24b1ec1/objectnode%2Flifecycle_handler.go,"['@@ -106,6 +106,10 @@']"
0xJacky,nginx-ui,d67b8428e44d61ea280e96d918ca1b552fd7ea7f,api/api.go,https://github.com/0xJacky/nginx-ui/raw/8581bdd3c6f49ab345b773517ba9173fa7fc6199/api%2Fapi.go,"['@@ -4,28 +4,12 @@', '@@ -54,11 +38,18 @@', '@@ -75,11 +66,7 @@']"
0xJacky,nginx-ui,d67b8428e44d61ea280e96d918ca1b552fd7ea7f,api/certificate/certificate.go,https://github.com/0xJacky/nginx-ui/raw/8581bdd3c6f49ab345b773517ba9173fa7fc6199/api%2Fcertificate%2Fcertificate.go,[]
0xJacky,nginx-ui,d67b8428e44d61ea280e96d918ca1b552fd7ea7f,internal/cert/helper.go,https://github.com/0xJacky/nginx-ui/raw/8581bdd3c6f49ab345b773517ba9173fa7fc6199/internal%2Fcert%2Fhelper.go,"['@@ -0,0 +1,70 @@']"
0xJacky,nginx-ui,d67b8428e44d61ea280e96d918ca1b552fd7ea7f,internal/kernal/boot.go,https://github.com/0xJacky/nginx-ui/raw/8581bdd3c6f49ab345b773517ba9173fa7fc6199/internal%2Fkernal%2Fboot.go,[]
0xJacky,nginx-ui,d67b8428e44d61ea280e96d918ca1b552fd7ea7f,internal/validation/alphanumdash.go,https://github.com/0xJacky/nginx-ui/raw/8581bdd3c6f49ab345b773517ba9173fa7fc6199/internal%2Fvalidation%2Falphanumdash.go,"['@@ -0,0 +1,10 @@']"
0xJacky,nginx-ui,d67b8428e44d61ea280e96d918ca1b552fd7ea7f,internal/validation/certificate.go,https://github.com/0xJacky/nginx-ui/raw/8581bdd3c6f49ab345b773517ba9173fa7fc6199/internal%2Fvalidation%2Fcertificate.go,"['@@ -0,0 +1,22 @@']"
0xJacky,nginx-ui,d67b8428e44d61ea280e96d918ca1b552fd7ea7f,internal/validation/validation.go,https://github.com/0xJacky/nginx-ui/raw/8581bdd3c6f49ab345b773517ba9173fa7fc6199/internal%2Fvalidation%2Fvalidation.go,"['@@ -0,0 +1,46 @@']"
openfga,openfga,4f230965882bc7052930d96f1ae59c708415a2fc,pkg/server/commands/list_objects.go,https://github.com/openfga/openfga/raw/908ac85c8b7769c8042cca31886df8db01976c39/pkg%2Fserver%2Fcommands%2Flist_objects.go,"['@@ -148,6 +148,14 @@', '@@ -218,7 +226,9 @@', '@@ -228,18 +238,23 @@', '@@ -250,64 +265,71 @@', '@@ -358,48 +380,36 @@', '@@ -424,37 +434,25 @@']"
openfga,openfga,4f230965882bc7052930d96f1ae59c708415a2fc,pkg/server/commands/reverseexpand/reverse_expand.go,https://github.com/openfga/openfga/raw/908ac85c8b7769c8042cca31886df8db01976c39/pkg%2Fserver%2Fcommands%2Freverseexpand%2Freverse_expand.go,[]
openfga,openfga,4f230965882bc7052930d96f1ae59c708415a2fc,pkg/server/commands/reverseexpand/reverse_expand_test.go,https://github.com/openfga/openfga/raw/908ac85c8b7769c8042cca31886df8db01976c39/pkg%2Fserver%2Fcommands%2Freverseexpand%2Freverse_expand_test.go,"['@@ -16,11 +16,78 @@', '@@ -75,7 +141,10 @@', '@@ -85,15 +154,13 @@', '@@ -137,18 +204,20 @@', '@@ -201,20 +271,84 @@']"
openfga,openfga,4f230965882bc7052930d96f1ae59c708415a2fc,pkg/server/server_test.go,https://github.com/openfga/openfga/raw/908ac85c8b7769c8042cca31886df8db01976c39/pkg%2Fserver%2Fserver_test.go,[]
openfga,openfga,4f230965882bc7052930d96f1ae59c708415a2fc,pkg/server/test/list_objects.go,https://github.com/openfga/openfga/raw/908ac85c8b7769c8042cca31886df8db01976c39/pkg%2Fserver%2Ftest%2Flist_objects.go,"['@@ -520,11 +520,22 @@']"
openfga,openfga,4f230965882bc7052930d96f1ae59c708415a2fc,pkg/server/test/reverse_expand.go,https://github.com/openfga/openfga/raw/908ac85c8b7769c8042cca31886df8db01976c39/pkg%2Fserver%2Ftest%2Freverse_expand.go,"['@@ -1215,18 +1215,16 @@', '@@ -1243,35 +1241,37 @@']"
openfga,openfga,4f230965882bc7052930d96f1ae59c708415a2fc,pkg/testfixtures/storage/mysql.go,https://github.com/openfga/openfga/raw/908ac85c8b7769c8042cca31886df8db01976c39/pkg%2Ftestfixtures%2Fstorage%2Fmysql.go,"['@@ -140,16 +139,14 @@', '@@ -167,9 +164,6 @@']"
openfga,openfga,4f230965882bc7052930d96f1ae59c708415a2fc,pkg/testfixtures/storage/postgres.go,https://github.com/openfga/openfga/raw/908ac85c8b7769c8042cca31886df8db01976c39/pkg%2Ftestfixtures%2Fstorage%2Fpostgres.go,"['@@ -160,9 +161,6 @@']"
openfga,openfga,4f230965882bc7052930d96f1ae59c708415a2fc,tests/listobjects/listobjects_test.go,https://github.com/openfga/openfga/raw/908ac85c8b7769c8042cca31886df8db01976c39/tests%2Flistobjects%2Flistobjects_test.go,[]
kudelskisecurity,crystals-go,56534a791e8e4a161b30c6e066239e9bce6e82d6,crystals-kyber/poly.go,https://github.com/kudelskisecurity/crystals-go/raw/2a6ca2d4e64d18dd6e8fbb4e48e22c2510118505/crystals-kyber%2Fpoly.go,"['@@ -186,18 +186,24 @@', '@@ -207,11 +213,17 @@', '@@ -222,11 +234,17 @@', '@@ -238,11 +256,17 @@', '@@ -252,11 +276,17 @@', '@@ -267,11 +297,17 @@']"
moby,moby,2bd6213363ae760b9cad4fa96a1ba265d5f7b03f,builder/builder-next/adapters/containerimage/pull.go,https://github.com/moby/moby/raw/8d3179546e79065adefa67cc697c09d0ab137d30/builder%2Fbuilder-next%2Fadapters%2Fcontainerimage%2Fpull.go,"['@@ -524,6 +524,9 @@']"
moby,moby,2bd6213363ae760b9cad4fa96a1ba265d5f7b03f,distribution/pull_v2.go,https://github.com/moby/moby/raw/8d3179546e79065adefa67cc697c09d0ab137d30/distribution%2Fpull_v2.go,"['@@ -528,6 +528,9 @@', '@@ -626,6 +629,9 @@']"
containerd,containerd,a22f1f642e2993b8525ec13e6784d14c1f35bc6a,version/version.go,https://github.com/containerd/containerd/raw/05f951a3781f4f2c1911b05e61c160e9c30eaa8e/version%2Fversion.go,[]
containerd,containerd,3405c1d6179e81defa278b27f956ce323825512c,vendor/github.com/containerd/cri/pkg/seccomp/seccomp_linux.go,https://github.com/containerd/containerd/raw/2d9c8aa4b3f4313982c5c999af57212a1c5d144b/vendor%2Fgithub.com%2Fcontainerd%2Fcri%2Fpkg%2Fseccomp%2Fseccomp_linux.go,"['@@ -0,0 +1,88 @@']"
containerd,containerd,3405c1d6179e81defa278b27f956ce323825512c,vendor/github.com/containerd/cri/pkg/seccomp/seccomp_unsupported.go,https://github.com/containerd/containerd/raw/2d9c8aa4b3f4313982c5c999af57212a1c5d144b/vendor%2Fgithub.com%2Fcontainerd%2Fcri%2Fpkg%2Fseccomp%2Fseccomp_unsupported.go,"['@@ -0,0 +1,23 @@']"
containerd,containerd,3405c1d6179e81defa278b27f956ce323825512c,vendor/github.com/containerd/cri/pkg/server/container_create.go,https://github.com/containerd/containerd/raw/2d9c8aa4b3f4313982c5c999af57212a1c5d144b/vendor%2Fgithub.com%2Fcontainerd%2Fcri%2Fpkg%2Fserver%2Fcontainer_create.go,[]
containerd,containerd,3405c1d6179e81defa278b27f956ce323825512c,vendor/github.com/containerd/cri/pkg/server/image_pull.go,https://github.com/containerd/containerd/raw/2d9c8aa4b3f4313982c5c999af57212a1c5d144b/vendor%2Fgithub.com%2Fcontainerd%2Fcri%2Fpkg%2Fserver%2Fimage_pull.go,[]
containerd,containerd,3405c1d6179e81defa278b27f956ce323825512c,vendor/github.com/containerd/cri/pkg/server/service.go,https://github.com/containerd/containerd/raw/2d9c8aa4b3f4313982c5c999af57212a1c5d144b/vendor%2Fgithub.com%2Fcontainerd%2Fcri%2Fpkg%2Fserver%2Fservice.go,[]
containerd,containerd,3405c1d6179e81defa278b27f956ce323825512c,vendor/github.com/opencontainers/runc/libcontainer/seccomp/config.go,https://github.com/containerd/containerd/raw/3405c1d6179e81defa278b27f956ce323825512c/vendor%2Fgithub.com%2Fopencontainers%2Frunc%2Flibcontainer%2Fseccomp%2Fconfig.go,"['@@ -1,77 +0,0 @@']"
containerd,containerd,3405c1d6179e81defa278b27f956ce323825512c,vendor/github.com/opencontainers/runc/libcontainer/seccomp/seccomp_linux.go,https://github.com/containerd/containerd/raw/3405c1d6179e81defa278b27f956ce323825512c/vendor%2Fgithub.com%2Fopencontainers%2Frunc%2Flibcontainer%2Fseccomp%2Fseccomp_linux.go,"['@@ -1,261 +0,0 @@']"
containerd,containerd,3405c1d6179e81defa278b27f956ce323825512c,vendor/github.com/opencontainers/runc/libcontainer/seccomp/seccomp_unsupported.go,https://github.com/containerd/containerd/raw/3405c1d6179e81defa278b27f956ce323825512c/vendor%2Fgithub.com%2Fopencontainers%2Frunc%2Flibcontainer%2Fseccomp%2Fseccomp_unsupported.go,"['@@ -1,24 +0,0 @@']"
containerd,containerd,3405c1d6179e81defa278b27f956ce323825512c,vendor/github.com/seccomp/libseccomp-golang/seccomp.go,https://github.com/containerd/containerd/raw/3405c1d6179e81defa278b27f956ce323825512c/vendor%2Fgithub.com%2Fseccomp%2Flibseccomp-golang%2Fseccomp.go,"['@@ -1,935 +0,0 @@']"
containerd,containerd,3405c1d6179e81defa278b27f956ce323825512c,vendor/github.com/seccomp/libseccomp-golang/seccomp_internal.go,https://github.com/containerd/containerd/raw/3405c1d6179e81defa278b27f956ce323825512c/vendor%2Fgithub.com%2Fseccomp%2Flibseccomp-golang%2Fseccomp_internal.go,"['@@ -1,571 +0,0 @@']"
containerd,containerd,da919aa2afbb4f334d7eee2364c438accdc6fcec,vendor/github.com/containerd/cri/pkg/api/runtimeoptions/v1/api.pb.go,https://github.com/containerd/containerd/raw/cbcb2f57fbe221986f96b552855eb802f63193de/vendor%2Fgithub.com%2Fcontainerd%2Fcri%2Fpkg%2Fapi%2Fruntimeoptions%2Fv1%2Fapi.pb.go,"['@@ -16,26 +16,18 @@', '@@ -46,19 +38,49 @@', '@@ -77,46 +99,77 @@', '@@ -131,14 +184,7 @@', '@@ -215,6 +261,9 @@', '@@ -244,6 +293,9 @@', '@@ -304,10 +357,8 @@', '@@ -324,71 +375,34 @@']"
containerd,containerd,da919aa2afbb4f334d7eee2364c438accdc6fcec,vendor/github.com/containerd/cri/pkg/config/config.go,https://github.com/containerd/containerd/raw/cbcb2f57fbe221986f96b552855eb802f63193de/vendor%2Fgithub.com%2Fcontainerd%2Fcri%2Fpkg%2Fconfig%2Fconfig.go,"['@@ -352,6 +353,15 @@']"
containerd,containerd,da919aa2afbb4f334d7eee2364c438accdc6fcec,vendor/github.com/containerd/cri/pkg/server/container_create_unix.go,https://github.com/containerd/containerd/raw/cbcb2f57fbe221986f96b552855eb802f63193de/vendor%2Fgithub.com%2Fcontainerd%2Fcri%2Fpkg%2Fserver%2Fcontainer_create_unix.go,[]
containerd,containerd,da919aa2afbb4f334d7eee2364c438accdc6fcec,vendor/github.com/containerd/cri/pkg/server/container_create_windows.go,https://github.com/containerd/containerd/raw/cbcb2f57fbe221986f96b552855eb802f63193de/vendor%2Fgithub.com%2Fcontainerd%2Fcri%2Fpkg%2Fserver%2Fcontainer_create_windows.go,[]
containerd,containerd,da919aa2afbb4f334d7eee2364c438accdc6fcec,vendor/github.com/containerd/cri/pkg/server/helpers_unix.go,https://github.com/containerd/containerd/raw/cbcb2f57fbe221986f96b552855eb802f63193de/vendor%2Fgithub.com%2Fcontainerd%2Fcri%2Fpkg%2Fserver%2Fhelpers_unix.go,"['@@ -151,6 +151,9 @@']"
anchore,stereoscope,eb656fc717935ad5abeb8e1379a5c4e11c957120,pkg/file/tarutil.go,https://github.com/anchore/stereoscope/raw/09dacab4d9ee65ee8bc7af8ebf4aa7b5aaa36204/pkg%2Ffile%2Ftarutil.go,"['@@ -6,8 +6,10 @@', '@@ -124,40 +126,61 @@']"
anchore,stereoscope,eb656fc717935ad5abeb8e1379a5c4e11c957120,pkg/file/tarutil_test.go,https://github.com/anchore/stereoscope/raw/09dacab4d9ee65ee8bc7af8ebf4aa7b5aaa36204/pkg%2Ffile%2Ftarutil_test.go,"['@@ -4,17 +4,24 @@', '@@ -181,3 +188,217 @@']"
cloudflare,circl,899732a43256a5d6fb779917f597b32939ca4ba4,pke/kyber/internal/common/poly.go,https://github.com/cloudflare/circl/raw/75ef91e8a2f438e6ce2b6e620d236add8be1887d/pke%2Fkyber%2Finternal%2Fcommon%2Fpoly.go,"['@@ -244,20 +244,28 @@']"
cloudflare,circl,899732a43256a5d6fb779917f597b32939ca4ba4,pke/kyber/internal/common/poly_test.go,https://github.com/cloudflare/circl/raw/75ef91e8a2f438e6ce2b6e620d236add8be1887d/pke%2Fkyber%2Finternal%2Fcommon%2Fpoly_test.go,"['@@ -273,3 +274,107 @@']"
argoproj,argo-cd,c80e77165c33a45f6bffd9cc33a38847934cd838,cmd/argocd-server/commands/argocd_server.go,https://github.com/argoproj/argo-cd/raw/0b459f224b3186707809be8240dfc3a6028f42a0/cmd%2Fargocd-server%2Fcommands%2Fargocd_server.go,[]
argoproj,argo-cd,c80e77165c33a45f6bffd9cc33a38847934cd838,server/server.go,https://github.com/argoproj/argo-cd/raw/0b459f224b3186707809be8240dfc3a6028f42a0/server%2Fserver.go,"['@@ -974,6 +975,9 @@', '@@ -1040,6 +1044,20 @@']"
argoproj,argo-cd,c80e77165c33a45f6bffd9cc33a38847934cd838,test/e2e/fixture/http.go,https://github.com/argoproj/argo-cd/raw/0b459f224b3186707809be8240dfc3a6028f42a0/test%2Fe2e%2Ffixture%2Fhttp.go,"['@@ -27,7 +28,15 @@']"
argoproj,argo-cd,1b69ce6e0b6e72fe5ccd40294bcda2e1b674d87c,cmd/argocd-server/commands/argocd_server.go,https://github.com/argoproj/argo-cd/raw/13fe3ca589f6f2ded6001ce114e354602ed058b3/cmd%2Fargocd-server%2Fcommands%2Fargocd_server.go,[]
argoproj,argo-cd,1b69ce6e0b6e72fe5ccd40294bcda2e1b674d87c,server/server.go,https://github.com/argoproj/argo-cd/raw/13fe3ca589f6f2ded6001ce114e354602ed058b3/server%2Fserver.go,"['@@ -960,6 +961,9 @@', '@@ -1026,6 +1030,20 @@']"
argoproj,argo-cd,1b69ce6e0b6e72fe5ccd40294bcda2e1b674d87c,test/e2e/fixture/http.go,https://github.com/argoproj/argo-cd/raw/13fe3ca589f6f2ded6001ce114e354602ed058b3/test%2Fe2e%2Ffixture%2Fhttp.go,"['@@ -27,7 +28,15 @@']"
argoproj,argo-cd,12f2252700dd57c60255c74523debe32ee07481f,cmd/argocd-server/commands/argocd_server.go,https://github.com/argoproj/argo-cd/raw/3c5878ecf41581942281e9c95745f073bdfbf9c3/cmd%2Fargocd-server%2Fcommands%2Fargocd_server.go,[]
argoproj,argo-cd,12f2252700dd57c60255c74523debe32ee07481f,server/server.go,https://github.com/argoproj/argo-cd/raw/3c5878ecf41581942281e9c95745f073bdfbf9c3/server%2Fserver.go,"['@@ -989,6 +990,9 @@', '@@ -1055,6 +1059,20 @@']"
argoproj,argo-cd,12f2252700dd57c60255c74523debe32ee07481f,test/e2e/fixture/http.go,https://github.com/argoproj/argo-cd/raw/3c5878ecf41581942281e9c95745f073bdfbf9c3/test%2Fe2e%2Ffixture%2Fhttp.go,[]
argoproj,argo-cd,dac68ac5939477b7870563c7e70826c44f19a82e,cmd/argocd-server/commands/argocd_server.go,https://github.com/argoproj/argo-cd/raw/f569aa105e0fe5940bc736c68e2fc90ee4a6ed94/cmd%2Fargocd-server%2Fcommands%2Fargocd_server.go,[]
argoproj,argo-cd,dac68ac5939477b7870563c7e70826c44f19a82e,server/server.go,https://github.com/argoproj/argo-cd/raw/f569aa105e0fe5940bc736c68e2fc90ee4a6ed94/server%2Fserver.go,"['@@ -989,6 +990,9 @@', '@@ -1055,6 +1059,20 @@']"
argoproj,argo-cd,dac68ac5939477b7870563c7e70826c44f19a82e,test/e2e/fixture/http.go,https://github.com/argoproj/argo-cd/raw/f569aa105e0fe5940bc736c68e2fc90ee4a6ed94/test%2Fe2e%2Ffixture%2Fhttp.go,"['@@ -27,7 +28,15 @@']"
moby,moby,3e0025e2fc137f51e95758618e1b42627fe6ea1c,daemon/container_operations_unix.go,https://github.com/moby/moby/raw/64bd4485b3a66a597c02c95f5776395e540b2c7c/daemon%2Fcontainer_operations_unix.go,[]
moby,moby,3e0025e2fc137f51e95758618e1b42627fe6ea1c,daemon/create.go,https://github.com/moby/moby/raw/64bd4485b3a66a597c02c95f5776395e540b2c7c/daemon%2Fcreate.go,"['@@ -194,12 +194,10 @@']"
moby,moby,3e0025e2fc137f51e95758618e1b42627fe6ea1c,daemon/daemon.go,https://github.com/moby/moby/raw/64bd4485b3a66a597c02c95f5776395e540b2c7c/daemon%2Fdaemon.go,"['@@ -1392,9 +1392,7 @@']"
moby,moby,3e0025e2fc137f51e95758618e1b42627fe6ea1c,daemon/daemon_unix.go,https://github.com/moby/moby/raw/64bd4485b3a66a597c02c95f5776395e540b2c7c/daemon%2Fdaemon_unix.go,"['@@ -1221,10 +1221,16 @@']"
moby,moby,3e0025e2fc137f51e95758618e1b42627fe6ea1c,daemon/graphdriver/aufs/aufs.go,https://github.com/moby/moby/raw/64bd4485b3a66a597c02c95f5776395e540b2c7c/daemon%2Fgraphdriver%2Faufs%2Faufs.go,"['@@ -129,18 +129,15 @@']"
moby,moby,3e0025e2fc137f51e95758618e1b42627fe6ea1c,daemon/graphdriver/btrfs/btrfs.go,https://github.com/moby/moby/raw/64bd4485b3a66a597c02c95f5776395e540b2c7c/daemon%2Fgraphdriver%2Fbtrfs%2Fbtrfs.go,"['@@ -70,11 +70,7 @@']"
moby,moby,3e0025e2fc137f51e95758618e1b42627fe6ea1c,daemon/graphdriver/fuse-overlayfs/fuseoverlayfs.go,https://github.com/moby/moby/raw/64bd4485b3a66a597c02c95f5776395e540b2c7c/daemon%2Fgraphdriver%2Ffuse-overlayfs%2Ffuseoverlayfs.go,"['@@ -88,12 +88,7 @@']"
moby,moby,3e0025e2fc137f51e95758618e1b42627fe6ea1c,daemon/graphdriver/overlay/overlay.go,https://github.com/moby/moby/raw/64bd4485b3a66a597c02c95f5776395e540b2c7c/daemon%2Fgraphdriver%2Foverlay%2Foverlay.go,"['@@ -156,12 +156,8 @@']"
moby,moby,3e0025e2fc137f51e95758618e1b42627fe6ea1c,daemon/graphdriver/overlay2/overlay.go,https://github.com/moby/moby/raw/64bd4485b3a66a597c02c95f5776395e540b2c7c/daemon%2Fgraphdriver%2Foverlay2%2Foverlay.go,"['@@ -165,12 +165,7 @@']"
moby,moby,3e0025e2fc137f51e95758618e1b42627fe6ea1c,daemon/graphdriver/vfs/driver.go,https://github.com/moby/moby/raw/64bd4485b3a66a597c02c95f5776395e540b2c7c/daemon%2Fgraphdriver%2Fvfs%2Fdriver.go,[]
moby,moby,3e0025e2fc137f51e95758618e1b42627fe6ea1c,daemon/graphdriver/zfs/zfs.go,https://github.com/moby/moby/raw/64bd4485b3a66a597c02c95f5776395e540b2c7c/daemon%2Fgraphdriver%2Fzfs%2Fzfs.go,"['@@ -104,11 +104,7 @@']"
moby,moby,3e0025e2fc137f51e95758618e1b42627fe6ea1c,pkg/idtools/idtools.go,https://github.com/moby/moby/raw/64bd4485b3a66a597c02c95f5776395e540b2c7c/pkg%2Fidtools%2Fidtools.go,"['@@ -234,3 +234,8 @@']"
moby,moby,3e0025e2fc137f51e95758618e1b42627fe6ea1c,pkg/idtools/idtools_unix.go,https://github.com/moby/moby/raw/64bd4485b3a66a597c02c95f5776395e540b2c7c/pkg%2Fidtools%2Fidtools_unix.go,"['@@ -213,17 +213,23 @@']"
moby,moby,3e0025e2fc137f51e95758618e1b42627fe6ea1c,volume/local/local.go,https://github.com/moby/moby/raw/64bd4485b3a66a597c02c95f5776395e540b2c7c/volume%2Flocal%2Flocal.go,"['@@ -153,8 +153,15 @@']"
opencontainers,runc,8454bbb6132e972a1fc8d34598ef84712208858d,libcontainer/cgroups/file.go,https://github.com/opencontainers/runc/raw/02120488a4c0fc487d1ed2867e901eeed7ce8ecf/libcontainer%2Fcgroups%2Ffile.go,[]
opencontainers,runc,8454bbb6132e972a1fc8d34598ef84712208858d,libcontainer/container_linux.go,https://github.com/opencontainers/runc/raw/02120488a4c0fc487d1ed2867e901eeed7ce8ecf/libcontainer%2Fcontainer_linux.go,"['@@ -332,6 +332,15 @@']"
opencontainers,runc,8454bbb6132e972a1fc8d34598ef84712208858d,libcontainer/init_linux.go,https://github.com/opencontainers/runc/raw/02120488a4c0fc487d1ed2867e901eeed7ce8ecf/libcontainer%2Finit_linux.go,"['@@ -274,6 +275,32 @@', '@@ -332,6 +359,10 @@']"
opencontainers,runc,8454bbb6132e972a1fc8d34598ef84712208858d,libcontainer/integration/seccomp_test.go,https://github.com/opencontainers/runc/raw/02120488a4c0fc487d1ed2867e901eeed7ce8ecf/libcontainer%2Fintegration%2Fseccomp_test.go,[]
opencontainers,runc,8454bbb6132e972a1fc8d34598ef84712208858d,libcontainer/setns_init_linux.go,https://github.com/opencontainers/runc/raw/02120488a4c0fc487d1ed2867e901eeed7ce8ecf/libcontainer%2Fsetns_init_linux.go,"['@@ -138,5 +139,23 @@']"
opencontainers,runc,8454bbb6132e972a1fc8d34598ef84712208858d,libcontainer/standard_init_linux.go,https://github.com/opencontainers/runc/raw/02120488a4c0fc487d1ed2867e901eeed7ce8ecf/libcontainer%2Fstandard_init_linux.go,"['@@ -281,5 +281,23 @@']"
opencontainers,runc,8454bbb6132e972a1fc8d34598ef84712208858d,libcontainer/utils/utils_unix.go,https://github.com/opencontainers/runc/raw/02120488a4c0fc487d1ed2867e901eeed7ce8ecf/libcontainer%2Futils%2Futils_unix.go,"['@@ -53,14 +54,11 @@', '@@ -88,15 +86,67 @@']"
0xJacky,nginx-ui,0a9e23daf4068f5559785e8ae80c098824855325,api/system/settings.go,https://github.com/0xJacky/nginx-ui/raw/827e76c46e63c52114a62a899f61313039c754e3/api%2Fsystem%2Fsettings.go,"['@@ -1,42 +1,57 @@']"
0xJacky,nginx-ui,0a9e23daf4068f5559785e8ae80c098824855325,settings/nginx.go,https://github.com/0xJacky/nginx-ui/raw/827e76c46e63c52114a62a899f61313039c754e3/settings%2Fnginx.go,[]
0xJacky,nginx-ui,0a9e23daf4068f5559785e8ae80c098824855325,settings/server.go,https://github.com/0xJacky/nginx-ui/raw/827e76c46e63c52114a62a899f61313039c754e3/settings%2Fserver.go,[]
karmada-io,karmada,a4b14442a70c90f07db9ae12368e498fbb1bd69c,operator/pkg/controlplane/apiserver/mainfests.go,https://github.com/karmada-io/karmada/raw/98e655fc552b2987c3f2d2a061007889ce8be536/operator%2Fpkg%2Fcontrolplane%2Fapiserver%2Fmainfests.go,[]
karmada-io,karmada,a4b14442a70c90f07db9ae12368e498fbb1bd69c,operator/pkg/controlplane/metricsadapter/mainfests.go,https://github.com/karmada-io/karmada/raw/98e655fc552b2987c3f2d2a061007889ce8be536/operator%2Fpkg%2Fcontrolplane%2Fmetricsadapter%2Fmainfests.go,[]
karmada-io,karmada,e99df8ee54c4ed6e961ed58968cd15a4324c7c94,pkg/karmadactl/addons/metricsadapter/manifests.go,https://github.com/karmada-io/karmada/raw/c3c376605403e07ca0ed2dc39c9e0f3c38f8e29d/pkg%2Fkarmadactl%2Faddons%2Fmetricsadapter%2Fmanifests.go,[]
karmada-io,karmada,e99df8ee54c4ed6e961ed58968cd15a4324c7c94,pkg/karmadactl/addons/search/manifests.go,https://github.com/karmada-io/karmada/raw/c3c376605403e07ca0ed2dc39c9e0f3c38f8e29d/pkg%2Fkarmadactl%2Faddons%2Fsearch%2Fmanifests.go,[]
moby,buildkit,7718bd5c3dc8fc5cd246a30cc41766e7a53c043c,cmd/buildkitd/main.go,https://github.com/moby/buildkit/raw/5026d95aa3336e97cfe46e3764f52d08bac7a10e/cmd%2Fbuildkitd%2Fmain.go,[]
moby,buildkit,7718bd5c3dc8fc5cd246a30cc41766e7a53c043c,executor/executor.go,https://github.com/moby/buildkit/raw/5026d95aa3336e97cfe46e3764f52d08bac7a10e/executor%2Fexecutor.go,"['@@ -28,8 +29,13 @@']"
moby,buildkit,7718bd5c3dc8fc5cd246a30cc41766e7a53c043c,frontend/frontend.go,https://github.com/moby/buildkit/raw/5026d95aa3336e97cfe46e3764f52d08bac7a10e/frontend%2Ffrontend.go,[]
moby,buildkit,7718bd5c3dc8fc5cd246a30cc41766e7a53c043c,frontend/gateway/container/container.go,https://github.com/moby/buildkit/raw/5026d95aa3336e97cfe46e3764f52d08bac7a10e/frontend%2Fgateway%2Fcontainer%2Fcontainer.go,[]
moby,buildkit,7718bd5c3dc8fc5cd246a30cc41766e7a53c043c,frontend/gateway/forwarder/forward.go,https://github.com/moby/buildkit/raw/5026d95aa3336e97cfe46e3764f52d08bac7a10e/frontend%2Fgateway%2Fforwarder%2Fforward.go,[]
moby,buildkit,7718bd5c3dc8fc5cd246a30cc41766e7a53c043c,frontend/gateway/forwarder/frontend.go,https://github.com/moby/buildkit/raw/5026d95aa3336e97cfe46e3764f52d08bac7a10e/frontend%2Fgateway%2Fforwarder%2Ffrontend.go,[]
moby,buildkit,7718bd5c3dc8fc5cd246a30cc41766e7a53c043c,frontend/gateway/gateway.go,https://github.com/moby/buildkit/raw/5026d95aa3336e97cfe46e3764f52d08bac7a10e/frontend%2Fgateway%2Fgateway.go,"['@@ -281,18 +281,13 @@']"
moby,buildkit,7718bd5c3dc8fc5cd246a30cc41766e7a53c043c,snapshot/snapshotter.go,https://github.com/moby/buildkit/raw/5026d95aa3336e97cfe46e3764f52d08bac7a10e/snapshot%2Fsnapshotter.go,"['@@ -10,14 +10,11 @@']"
moby,buildkit,7718bd5c3dc8fc5cd246a30cc41766e7a53c043c,solver/llbsolver/bridge.go,https://github.com/moby/buildkit/raw/5026d95aa3336e97cfe46e3764f52d08bac7a10e/solver%2Fllbsolver%2Fbridge.go,"['@@ -11,6 +11,8 @@', '@@ -39,6 +41,10 @@', '@@ -159,6 +165,32 @@']"
moby,buildkit,7718bd5c3dc8fc5cd246a30cc41766e7a53c043c,solver/llbsolver/provenance.go,https://github.com/moby/buildkit/raw/5026d95aa3336e97cfe46e3764f52d08bac7a10e/solver%2Fllbsolver%2Fprovenance.go,[]
moby,buildkit,7718bd5c3dc8fc5cd246a30cc41766e7a53c043c,solver/llbsolver/solver.go,https://github.com/moby/buildkit/raw/5026d95aa3336e97cfe46e3764f52d08bac7a10e/solver%2Fllbsolver%2Fsolver.go,[]
moby,buildkit,7718bd5c3dc8fc5cd246a30cc41766e7a53c043c,worker/worker.go,https://github.com/moby/buildkit/raw/5026d95aa3336e97cfe46e3764f52d08bac7a10e/worker%2Fworker.go,[]
moby,buildkit,7718bd5c3dc8fc5cd246a30cc41766e7a53c043c,worker/workercontroller.go,https://github.com/moby/buildkit/raw/5026d95aa3336e97cfe46e3764f52d08bac7a10e/worker%2Fworkercontroller.go,"['@@ -81,3 +82,25 @@']"
moby,buildkit,5026d95aa3336e97cfe46e3764f52d08bac7a10e,client/build_test.go,https://github.com/moby/buildkit/raw/92cc595cfb12891d4b3ae476e067c74250e4b71e/client%2Fbuild_test.go,"['@@ -1836,9 +1838,17 @@', '@@ -1865,6 +1875,9 @@', '@@ -1881,6 +1894,9 @@', '@@ -1930,6 +1946,12 @@', '@@ -1944,7 +1966,13 @@', '@@ -2020,7 +2048,15 @@', '@@ -2041,6 +2077,9 @@', '@@ -2099,7 +2138,12 @@']"
moby,buildkit,5026d95aa3336e97cfe46e3764f52d08bac7a10e,solver/llbsolver/bridge.go,https://github.com/moby/buildkit/raw/92cc595cfb12891d4b3ae476e067c74250e4b71e/solver%2Fllbsolver%2Fbridge.go,"['@@ -165,14 +166,34 @@']"
moby,buildkit,5026d95aa3336e97cfe46e3764f52d08bac7a10e,solver/llbsolver/vertex.go,https://github.com/moby/buildkit/raw/92cc595cfb12891d4b3ae476e067c74250e4b71e/solver%2Fllbsolver%2Fvertex.go,"['@@ -101,16 +101,12 @@']"
moby,buildkit,5026d95aa3336e97cfe46e3764f52d08bac7a10e,util/entitlements/entitlements.go,https://github.com/moby/buildkit/raw/92cc595cfb12891d4b3ae476e067c74250e4b71e/util%2Fentitlements%2Fentitlements.go,"['@@ -58,3 +58,23 @@']"
goreleaser,goreleaser,75c6d1a580e4ec0b83fb52d7c53587d8113648f7,internal/exec/exec.go,https://github.com/goreleaser/goreleaser/raw/d5b6a533ca1dc3366983d5d31ee2d2b6232b83c0/internal%2Fexec%2Fexec.go,[]
goreleaser,goreleaser,75c6d1a580e4ec0b83fb52d7c53587d8113648f7,internal/pipe/sbom/sbom.go,https://github.com/goreleaser/goreleaser/raw/d5b6a533ca1dc3366983d5d31ee2d2b6232b83c0/internal%2Fpipe%2Fsbom%2Fsbom.go,[]
goreleaser,goreleaser,75c6d1a580e4ec0b83fb52d7c53587d8113648f7,internal/shell/shell.go,https://github.com/goreleaser/goreleaser/raw/d5b6a533ca1dc3366983d5d31ee2d2b6232b83c0/internal%2Fshell%2Fshell.go,[]
moby,moby,20255ade2965440d22e149cdd7c32e207f6918ba,cmd/dockerd/daemon.go,https://github.com/moby/moby/raw/190c6e8cf8b893874a33d83f78307f1bed0bfbcd/cmd%2Fdockerd%2Fdaemon.go,[]
moby,moby,20255ade2965440d22e149cdd7c32e207f6918ba,integration-cli/docker_cli_daemon_test.go,https://github.com/moby/moby/raw/190c6e8cf8b893874a33d83f78307f1bed0bfbcd/integration-cli%2Fdocker_cli_daemon_test.go,"['@@ -21,9 +21,14 @@', '@@ -1717,6 +1722,33 @@']"
cubefs,cubefs,71cbf46aaecfe93f8cfe002ffed85783c3dfaa13,proto/packet.go,https://github.com/cubefs/cubefs/raw/8555c6402794cabdf2cc025c8bea1576122c07ba/proto%2Fpacket.go,"['@@ -596,6 +596,8 @@']"
cubefs,cubefs,71cbf46aaecfe93f8cfe002ffed85783c3dfaa13,sdk/data/stream/stream_writer.go,https://github.com/cubefs/cubefs/raw/8555c6402794cabdf2cc025c8bea1576122c07ba/sdk%2Fdata%2Fstream%2Fstream_writer.go,[]
cubefs,cubefs,71cbf46aaecfe93f8cfe002ffed85783c3dfaa13,util/string.go,https://github.com/cubefs/cubefs/raw/8555c6402794cabdf2cc025c8bea1576122c07ba/util%2Fstring.go,[]
lestrrat-go,jwx,ea7088668dcd8b6e22d1d3d31d341fb95451c0f1,jws/jws_test.go,https://github.com/lestrrat-go/jwx/raw/0e8802ce6842625845d651456493e7c87625601f/jws%2Fjws_test.go,"['@@ -1835,3 +1835,55 @@']"
lestrrat-go,jwx,ea7088668dcd8b6e22d1d3d31d341fb95451c0f1,jws/message.go,https://github.com/lestrrat-go/jwx/raw/0e8802ce6842625845d651456493e7c87625601f/jws%2Fmessage.go,"['@@ -278,6 +278,11 @@', '@@ -313,6 +318,11 @@']"
lestrrat-go,jwx,611567baacc0ef42263708892a08533812324a14,jws/jws_test.go,https://github.com/lestrrat-go/jwx/raw/8c53d0ae52d5ab1e2b37c5abb67def9e7958fd65/jws%2Fjws_test.go,"['@@ -1795,3 +1796,55 @@']"
lestrrat-go,jwx,611567baacc0ef42263708892a08533812324a14,jws/message.go,https://github.com/lestrrat-go/jwx/raw/8c53d0ae52d5ab1e2b37c5abb67def9e7958fd65/jws%2Fmessage.go,"['@@ -91,11 +91,13 @@', '@@ -282,6 +284,11 @@', '@@ -317,6 +324,11 @@']"
lestrrat-go,jwx,e75b7c8dcbf8e56ecfbeb17b8b3ffaa81a96914f,jws/jws.go,https://github.com/lestrrat-go/jwx/raw/d69a721931a5c48b9850a42404f18e143704adcd/jws%2Fjws.go,"['@@ -477,6 +477,19 @@']"
lestrrat-go,jwx,e75b7c8dcbf8e56ecfbeb17b8b3ffaa81a96914f,jws/jws_test.go,https://github.com/lestrrat-go/jwx/raw/d69a721931a5c48b9850a42404f18e143704adcd/jws%2Fjws_test.go,"['@@ -48,18 +48,10 @@', '@@ -68,25 +60,19 @@', '@@ -106,9 +92,7 @@', '@@ -124,9 +108,7 @@', '@@ -142,9 +124,7 @@', '@@ -160,9 +140,7 @@', '@@ -207,9 +185,7 @@', '@@ -246,9 +222,7 @@', '@@ -261,13 +235,8 @@', '@@ -276,13 +245,8 @@', '@@ -313,9 +277,7 @@', '@@ -333,9 +295,7 @@', '@@ -353,9 +313,7 @@', '@@ -386,28 +344,19 @@', '@@ -423,9 +372,7 @@', '@@ -439,14 +386,10 @@', '@@ -456,33 +399,23 @@', '@@ -500,9 +433,7 @@', '@@ -511,9 +442,7 @@', '@@ -527,9 +456,7 @@', '@@ -546,15 +473,11 @@', '@@ -578,19 +501,13 @@', '@@ -602,9 +519,7 @@', '@@ -615,33 +530,22 @@', '@@ -655,19 +559,13 @@', '@@ -679,13 +577,9 @@', '@@ -700,27 +594,19 @@', '@@ -735,24 +621,16 @@', '@@ -765,9 +643,7 @@', '@@ -782,69 +658,45 @@', '@@ -865,18 +717,11 @@', '@@ -896,17 +741,11 @@', '@@ -920,13 +759,8 @@', '@@ -970,18 +804,10 @@', '@@ -990,21 +816,15 @@', '@@ -1019,47 +839,32 @@', '@@ -1073,14 +878,10 @@', '@@ -1178,80 +979,52 @@', '@@ -1267,88 +1040,56 @@', '@@ -1357,9 +1098,7 @@', '@@ -1368,9 +1107,7 @@', '@@ -1379,9 +1116,7 @@', '@@ -1417,19 +1152,11 @@', '@@ -1493,16 +1220,11 @@', '@@ -1520,35 +1242,23 @@', '@@ -1623,9 +1333,7 @@', '@@ -1638,16 +1346,10 @@', '@@ -1660,19 +1362,15 @@', '@@ -1682,12 +1380,8 @@', '@@ -1705,9 +1399,7 @@', '@@ -1750,9 +1442,7 @@', '@@ -1762,14 +1452,10 @@', '@@ -1778,22 +1464,14 @@', '@@ -1891,37 +1569,27 @@', '@@ -2167,3 +1835,55 @@']"
lestrrat-go,jwx,e75b7c8dcbf8e56ecfbeb17b8b3ffaa81a96914f,jws/message.go,https://github.com/lestrrat-go/jwx/raw/d69a721931a5c48b9850a42404f18e143704adcd/jws%2Fmessage.go,"['@@ -278,6 +278,11 @@', '@@ -313,6 +318,11 @@']"
0xJacky,nginx-ui,827e76c46e63c52114a62a899f61313039c754e3,api/cosy/sort.go,https://github.com/0xJacky/nginx-ui/raw/ec93ab05a3ecbb6bcf464d9dca48d74452df8a5b/api%2Fcosy%2Fsort.go,"['@@ -2,27 +2,39 @@']"
0xJacky,nginx-ui,827e76c46e63c52114a62a899f61313039c754e3,model/model.go,https://github.com/0xJacky/nginx-ui/raw/ec93ab05a3ecbb6bcf464d9dca48d74452df8a5b/model%2Fmodel.go,"['@@ -10,8 +10,10 @@', '@@ -100,9 +102,19 @@']"
hashicorp,vault,199ef39d7fe6e970932729c5d63ba3eb813cf15c,helper/testhelpers/ldap/ldaphelper.go,https://github.com/hashicorp/vault/raw/18485ee9d4352ac8e8396c580b5941ccf8e5b31a/helper%2Ftesthelpers%2Fldap%2Fldaphelper.go,[]
hashicorp,vault,199ef39d7fe6e970932729c5d63ba3eb813cf15c,vault/expiration.go,https://github.com/hashicorp/vault/raw/18485ee9d4352ac8e8396c580b5941ccf8e5b31a/vault%2Fexpiration.go,"['@@ -1004,9 +1004,7 @@']"
hashicorp,vault,199ef39d7fe6e970932729c5d63ba3eb813cf15c,vault/external_tests/identity/identity_test.go,https://github.com/hashicorp/vault/raw/18485ee9d4352ac8e8396c580b5941ccf8e5b31a/vault%2Fexternal_tests%2Fidentity%2Fidentity_test.go,"['@@ -11,11 +12,15 @@', '@@ -189,60 +194,13 @@', '@@ -359,3 +317,246 @@']"
hashicorp,vault,199ef39d7fe6e970932729c5d63ba3eb813cf15c,vault/request_handling.go,https://github.com/hashicorp/vault/raw/18485ee9d4352ac8e8396c580b5941ccf8e5b31a/vault%2Frequest_handling.go,"['@@ -1077,13 +1077,11 @@']"
gofiber,template,fd5a1ab847ebbf537447561827f310ba70fd0998,django/django.go,https://github.com/gofiber/template/raw/28cff3ac4d4c117ab25b5396954676d624b6cb46/django%2Fdjango.go,"['@@ -21,6 +21,8 @@', '@@ -207,6 +213,11 @@', '@@ -231,7 +242,16 @@']"
gofiber,template,fd5a1ab847ebbf537447561827f310ba70fd0998,django/django_test.go,https://github.com/gofiber/template/raw/28cff3ac4d4c117ab25b5396954676d624b6cb46/django%2Fdjango_test.go,"['@@ -311,6 +311,37 @@']"
moby,buildkit,83edaef59d545b93e2750f1f85675a3764593fee,client/client_test.go,https://github.com/moby/buildkit/raw/481d9c45f473c58537f39694a38d7995cc656987/client%2Fclient_test.go,[]
moby,buildkit,83edaef59d545b93e2750f1f85675a3764593fee,client/validation_test.go,https://github.com/moby/buildkit/raw/481d9c45f473c58537f39694a38d7995cc656987/client%2Fvalidation_test.go,"['@@ -2,12 +2,14 @@', '@@ -48,3 +50,49 @@']"
moby,buildkit,83edaef59d545b93e2750f1f85675a3764593fee,exporter/containerimage/writer.go,https://github.com/moby/buildkit/raw/481d9c45f473c58537f39694a38d7995cc656987/exporter%2Fcontainerimage%2Fwriter.go,"['@@ -583,6 +583,13 @@']"
moby,buildkit,e1924dc32da35bfb0bfdbb9d0fc7bca25e552330,client/validation_test.go,https://github.com/moby/buildkit/raw/7718bd5c3dc8fc5cd246a30cc41766e7a53c043c/client%2Fvalidation_test.go,[]
moby,buildkit,e1924dc32da35bfb0bfdbb9d0fc7bca25e552330,control/control.go,https://github.com/moby/buildkit/raw/7718bd5c3dc8fc5cd246a30cc41766e7a53c043c/control%2Fcontrol.go,"['@@ -405,6 +405,9 @@']"
moby,buildkit,e1924dc32da35bfb0bfdbb9d0fc7bca25e552330,frontend/gateway/client/attestation.go,https://github.com/moby/buildkit/raw/7718bd5c3dc8fc5cd246a30cc41766e7a53c043c/frontend%2Fgateway%2Fclient%2Fattestation.go,"['@@ -30,8 +30,14 @@']"
moby,buildkit,e1924dc32da35bfb0bfdbb9d0fc7bca25e552330,frontend/gateway/gateway.go,https://github.com/moby/buildkit/raw/7718bd5c3dc8fc5cd246a30cc41766e7a53c043c/frontend%2Fgateway%2Fgateway.go,"['@@ -646,12 +646,21 @@', '@@ -1077,6 +1086,12 @@']"
moby,buildkit,e1924dc32da35bfb0bfdbb9d0fc7bca25e552330,util/tracing/transform/attribute.go,https://github.com/moby/buildkit/raw/7718bd5c3dc8fc5cd246a30cc41766e7a53c043c/util%2Ftracing%2Ftransform%2Fattribute.go,"['@@ -13,6 +13,9 @@', '@@ -42,37 +45,45 @@']"
moby,buildkit,e1924dc32da35bfb0bfdbb9d0fc7bca25e552330,util/tracing/transform/span.go,https://github.com/moby/buildkit/raw/7718bd5c3dc8fc5cd246a30cc41766e7a53c043c/util%2Ftracing%2Ftransform%2Fspan.go,"['@@ -32,14 +32,20 @@', '@@ -170,6 +176,9 @@', '@@ -186,6 +195,9 @@', '@@ -226,6 +238,9 @@']"
moby,buildkit,369b8505c8e5cb454de2921b86bbd64e1903bf43,client/client_test.go,https://github.com/moby/buildkit/raw/83edaef59d545b93e2750f1f85675a3764593fee/client%2Fclient_test.go,[]
moby,buildkit,369b8505c8e5cb454de2921b86bbd64e1903bf43,client/validation_test.go,https://github.com/moby/buildkit/raw/83edaef59d545b93e2750f1f85675a3764593fee/client%2Fvalidation_test.go,"['@@ -0,0 +1,50 @@']"
moby,buildkit,369b8505c8e5cb454de2921b86bbd64e1903bf43,exporter/containerimage/writer.go,https://github.com/moby/buildkit/raw/83edaef59d545b93e2750f1f85675a3764593fee/exporter%2Fcontainerimage%2Fwriter.go,"['@@ -569,11 +569,20 @@']"
moby,buildkit,481d9c45f473c58537f39694a38d7995cc656987,client/client_test.go,https://github.com/moby/buildkit/raw/96663dd35bf3787d7efb1ee7fd9ac7fe533582ae/client%2Fclient_test.go,"['@@ -208,6 +208,8 @@']"
moby,buildkit,481d9c45f473c58537f39694a38d7995cc656987,client/validation_test.go,https://github.com/moby/buildkit/raw/96663dd35bf3787d7efb1ee7fd9ac7fe533582ae/client%2Fvalidation_test.go,"['@@ -96,3 +97,110 @@']"
moby,buildkit,481d9c45f473c58537f39694a38d7995cc656987,exporter/containerimage/exptypes/parse.go,https://github.com/moby/buildkit/raw/96663dd35bf3787d7efb1ee7fd9ac7fe533582ae/exporter%2Fcontainerimage%2Fexptypes%2Fparse.go,"['@@ -17,6 +17,18 @@', '@@ -36,6 +48,8 @@']"
moby,buildkit,96663dd35bf3787d7efb1ee7fd9ac7fe533582ae,client/client_test.go,https://github.com/moby/buildkit/raw/e1924dc32da35bfb0bfdbb9d0fc7bca25e552330/client%2Fclient_test.go,[]
moby,buildkit,96663dd35bf3787d7efb1ee7fd9ac7fe533582ae,client/validation_test.go,https://github.com/moby/buildkit/raw/e1924dc32da35bfb0bfdbb9d0fc7bca25e552330/client%2Fvalidation_test.go,"['@@ -204,3 +205,104 @@']"
moby,buildkit,96663dd35bf3787d7efb1ee7fd9ac7fe533582ae,solver/llbsolver/bridge.go,https://github.com/moby/buildkit/raw/e1924dc32da35bfb0bfdbb9d0fc7bca25e552330/solver%2Fllbsolver%2Fbridge.go,"['@@ -79,6 +79,14 @@']"
moby,buildkit,96663dd35bf3787d7efb1ee7fd9ac7fe533582ae,solver/llbsolver/solver.go,https://github.com/moby/buildkit/raw/e1924dc32da35bfb0bfdbb9d0fc7bca25e552330/solver%2Fllbsolver%2Fsolver.go,"['@@ -447,6 +447,9 @@', '@@ -595,6 +598,23 @@', '@@ -991,6 +1011,9 @@']"
moby,buildkit,96663dd35bf3787d7efb1ee7fd9ac7fe533582ae,sourcepolicy/matcher.go,https://github.com/moby/buildkit/raw/e1924dc32da35bfb0bfdbb9d0fc7bca25e552330/sourcepolicy%2Fmatcher.go,"['@@ -10,6 +10,9 @@']"
snapcore,snapd,6226cdc57052f4b7057d92f2e549aa169e35cd2d,cmd/snap-update-ns/system.go,https://github.com/canonical/snapd/raw/21ebc51f00b8a1417888faa2e83a372fd29d0f5e/cmd%2Fsnap-update-ns%2Fsystem.go,[]
snapcore,snapd,6226cdc57052f4b7057d92f2e549aa169e35cd2d,cmd/snap-update-ns/system_test.go,https://github.com/canonical/snapd/raw/21ebc51f00b8a1417888faa2e83a372fd29d0f5e/cmd%2Fsnap-update-ns%2Fsystem_test.go,[]
snapcore,snapd,6226cdc57052f4b7057d92f2e549aa169e35cd2d,interfaces/builtin/x11.go,https://github.com/canonical/snapd/raw/21ebc51f00b8a1417888faa2e83a372fd29d0f5e/interfaces%2Fbuiltin%2Fx11.go,[]
snapcore,snapd,6226cdc57052f4b7057d92f2e549aa169e35cd2d,interfaces/builtin/x11_test.go,https://github.com/canonical/snapd/raw/21ebc51f00b8a1417888faa2e83a372fd29d0f5e/interfaces%2Fbuiltin%2Fx11_test.go,[]
cubefs,cubefs,45442918591d25e7ab555469df384df468df5dbc,blobstore/access/server.go,https://github.com/cubefs/cubefs/raw/972f0275ee8d5dbba4b1530da7c145c269b31ef5/blobstore%2Faccess%2Fserver.go,"['@@ -78,8 +78,6 @@']"
gravitational,teleport,1c77fc49944ebcded32bbdd77c3e1f4f8a1c130d,lib/srv/exec_linux_test.go,https://github.com/gravitational/teleport/raw/fcc97de9f99dfec8696ecfd620672a26f29cf9ac/lib%2Fsrv%2Fexec_linux_test.go,"['@@ -115,6 +115,23 @@']"
gravitational,teleport,1c77fc49944ebcded32bbdd77c3e1f4f8a1c130d,lib/srv/reexec.go,https://github.com/gravitational/teleport/raw/fcc97de9f99dfec8696ecfd620672a26f29cf9ac/lib%2Fsrv%2Freexec.go,[]
gravitational,teleport,1c77fc49944ebcded32bbdd77c3e1f4f8a1c130d,lib/utils/envutils/environment.go,https://github.com/gravitational/teleport/raw/fcc97de9f99dfec8696ecfd620672a26f29cf9ac/lib%2Futils%2Fenvutils%2Fenvironment.go,"['@@ -91,25 +91,13 @@', '@@ -158,22 +146,24 @@']"
moby,moby,d24c6dc5cf5e68dfb30027b2db454099566a9b9e,daemon/container_operations_unix.go,https://github.com/moby/moby/raw/f0ab919f518c47240ea0e72d0999576bb8008e64/daemon%2Fcontainer_operations_unix.go,[]
moby,moby,d24c6dc5cf5e68dfb30027b2db454099566a9b9e,daemon/create.go,https://github.com/moby/moby/raw/f0ab919f518c47240ea0e72d0999576bb8008e64/daemon%2Fcreate.go,[]
moby,moby,d24c6dc5cf5e68dfb30027b2db454099566a9b9e,daemon/daemon.go,https://github.com/moby/moby/raw/f0ab919f518c47240ea0e72d0999576bb8008e64/daemon%2Fdaemon.go,"['@@ -861,7 +861,10 @@']"
moby,moby,d24c6dc5cf5e68dfb30027b2db454099566a9b9e,daemon/daemon_unix.go,https://github.com/moby/moby/raw/f0ab919f518c47240ea0e72d0999576bb8008e64/daemon%2Fdaemon_unix.go,[]
moby,moby,d24c6dc5cf5e68dfb30027b2db454099566a9b9e,daemon/graphdriver/aufs/aufs.go,https://github.com/moby/moby/raw/f0ab919f518c47240ea0e72d0999576bb8008e64/daemon%2Fgraphdriver%2Faufs%2Faufs.go,"['@@ -130,14 +130,23 @@']"
moby,moby,d24c6dc5cf5e68dfb30027b2db454099566a9b9e,daemon/graphdriver/btrfs/btrfs.go,https://github.com/moby/moby/raw/f0ab919f518c47240ea0e72d0999576bb8008e64/daemon%2Fgraphdriver%2Fbtrfs%2Fbtrfs.go,"['@@ -70,7 +70,14 @@', '@@ -521,7 +528,14 @@']"
moby,moby,d24c6dc5cf5e68dfb30027b2db454099566a9b9e,daemon/graphdriver/fuse-overlayfs/fuseoverlayfs.go,https://github.com/moby/moby/raw/f0ab919f518c47240ea0e72d0999576bb8008e64/daemon%2Fgraphdriver%2Ffuse-overlayfs%2Ffuseoverlayfs.go,"['@@ -88,7 +88,17 @@', '@@ -173,11 +183,15 @@']"
moby,moby,d24c6dc5cf5e68dfb30027b2db454099566a9b9e,daemon/graphdriver/overlay/overlay.go,https://github.com/moby/moby/raw/f0ab919f518c47240ea0e72d0999576bb8008e64/daemon%2Fgraphdriver%2Foverlay%2Foverlay.go,"['@@ -156,11 +156,20 @@']"
moby,moby,d24c6dc5cf5e68dfb30027b2db454099566a9b9e,daemon/graphdriver/overlay2/overlay.go,https://github.com/moby/moby/raw/f0ab919f518c47240ea0e72d0999576bb8008e64/daemon%2Fgraphdriver%2Foverlay2%2Foverlay.go,"['@@ -165,7 +165,20 @@', '@@ -344,12 +357,15 @@']"
moby,moby,d24c6dc5cf5e68dfb30027b2db454099566a9b9e,daemon/graphdriver/vfs/driver.go,https://github.com/moby/moby/raw/f0ab919f518c47240ea0e72d0999576bb8008e64/daemon%2Fgraphdriver%2Fvfs%2Fdriver.go,"['@@ -37,8 +37,16 @@', '@@ -140,7 +148,12 @@']"
moby,moby,d24c6dc5cf5e68dfb30027b2db454099566a9b9e,daemon/graphdriver/zfs/zfs.go,https://github.com/moby/moby/raw/f0ab919f518c47240ea0e72d0999576bb8008e64/daemon%2Fgraphdriver%2Fzfs%2Fzfs.go,"['@@ -104,7 +104,16 @@']"
treeverse,lakeFS,689c5876410f2958d87c028e09530bfbe3d14e05,pkg/api/controller.go,https://github.com/treeverse/lakeFS/raw/56556ee5406fc5425b9302cd08a8d412635fdcd7/pkg%2Fapi%2Fcontroller.go,[]
moby,moby,f42b8ae8db5914b99de52a3c4439be46d28325d3,builder/builder.go,https://github.com/moby/moby/raw/3e230cfdcc989dc524882f6579f9e0dac77400ae/builder%2Fbuilder.go,[]
moby,moby,f42b8ae8db5914b99de52a3c4439be46d28325d3,builder/dockerfile/copy.go,https://github.com/moby/moby/raw/3e230cfdcc989dc524882f6579f9e0dac77400ae/builder%2Fdockerfile%2Fcopy.go,"['@@ -83,19 +82,7 @@']"
moby,moby,f42b8ae8db5914b99de52a3c4439be46d28325d3,builder/dockerfile/dispatchers.go,https://github.com/moby/moby/raw/3e230cfdcc989dc524882f6579f9e0dac77400ae/builder%2Fdockerfile%2Fdispatchers.go,"['@@ -348,9 +348,16 @@']"
moby,moby,f42b8ae8db5914b99de52a3c4439be46d28325d3,builder/dockerfile/imageprobe.go,https://github.com/moby/moby/raw/3e230cfdcc989dc524882f6579f9e0dac77400ae/builder%2Fdockerfile%2Fimageprobe.go,[]
moby,moby,f42b8ae8db5914b99de52a3c4439be46d28325d3,builder/dockerfile/internals.go,https://github.com/moby/moby/raw/3e230cfdcc989dc524882f6579f9e0dac77400ae/builder%2Fdockerfile%2Finternals.go,"['@@ -388,3 +389,17 @@']"
moby,moby,f42b8ae8db5914b99de52a3c4439be46d28325d3,builder/dockerfile/mockbackend_test.go,https://github.com/moby/moby/raw/3e230cfdcc989dc524882f6579f9e0dac77400ae/builder%2Fdockerfile%2Fmockbackend_test.go,[]
moby,moby,f42b8ae8db5914b99de52a3c4439be46d28325d3,daemon/containerd/cache.go,https://github.com/moby/moby/raw/3e230cfdcc989dc524882f6579f9e0dac77400ae/daemon%2Fcontainerd%2Fcache.go,"['@@ -98,9 +99,12 @@', '@@ -206,61 +210,3 @@']"
moby,moby,f42b8ae8db5914b99de52a3c4439be46d28325d3,daemon/images/image_builder.go,https://github.com/moby/moby/raw/3e230cfdcc989dc524882f6579f9e0dac77400ae/daemon%2Fimages%2Fimage_builder.go,"['@@ -254,6 +254,9 @@']"
moby,moby,f42b8ae8db5914b99de52a3c4439be46d28325d3,daemon/images/image_commit.go,https://github.com/moby/moby/raw/3e230cfdcc989dc524882f6579f9e0dac77400ae/daemon%2Fimages%2Fimage_commit.go,"['@@ -62,6 +62,9 @@']"
moby,moby,f42b8ae8db5914b99de52a3c4439be46d28325d3,image/cache/cache.go,https://github.com/moby/moby/raw/3e230cfdcc989dc524882f6579f9e0dac77400ae/image%2Fcache%2Fcache.go,"['@@ -1,15 +1,19 @@', '@@ -215,7 +219,23 @@', '@@ -225,6 +245,19 @@', '@@ -238,11 +271,29 @@', '@@ -251,3 +302,15 @@']"
moby,moby,f42b8ae8db5914b99de52a3c4439be46d28325d3,image/cache/compare.go,https://github.com/moby/moby/raw/3e230cfdcc989dc524882f6579f9e0dac77400ae/image%2Fcache%2Fcompare.go,"['@@ -4,42 +4,69 @@', '@@ -48,16 +75,87 @@']"
moby,moby,f42b8ae8db5914b99de52a3c4439be46d28325d3,image/store.go,https://github.com/moby/moby/raw/3e230cfdcc989dc524882f6579f9e0dac77400ae/image%2Fstore.go,"['@@ -24,6 +25,8 @@', '@@ -295,6 +298,23 @@']"
moby,moby,f78a7726d747847e443a5a5a4b4ad8ab31d87d78,builder/builder.go,https://github.com/moby/moby/raw/fca702de7f71362c8d103073c7e4a1d0a467fadd/builder%2Fbuilder.go,[]
moby,moby,f78a7726d747847e443a5a5a4b4ad8ab31d87d78,builder/dockerfile/copy.go,https://github.com/moby/moby/raw/fca702de7f71362c8d103073c7e4a1d0a467fadd/builder%2Fdockerfile%2Fcopy.go,"['@@ -83,19 +82,7 @@']"
moby,moby,f78a7726d747847e443a5a5a4b4ad8ab31d87d78,builder/dockerfile/dispatchers.go,https://github.com/moby/moby/raw/fca702de7f71362c8d103073c7e4a1d0a467fadd/builder%2Fdockerfile%2Fdispatchers.go,"['@@ -349,9 +349,16 @@']"
moby,moby,f78a7726d747847e443a5a5a4b4ad8ab31d87d78,builder/dockerfile/imageprobe.go,https://github.com/moby/moby/raw/fca702de7f71362c8d103073c7e4a1d0a467fadd/builder%2Fdockerfile%2Fimageprobe.go,[]
moby,moby,f78a7726d747847e443a5a5a4b4ad8ab31d87d78,builder/dockerfile/internals.go,https://github.com/moby/moby/raw/fca702de7f71362c8d103073c7e4a1d0a467fadd/builder%2Fdockerfile%2Finternals.go,"['@@ -388,3 +389,17 @@']"
moby,moby,f78a7726d747847e443a5a5a4b4ad8ab31d87d78,builder/dockerfile/mockbackend_test.go,https://github.com/moby/moby/raw/fca702de7f71362c8d103073c7e4a1d0a467fadd/builder%2Fdockerfile%2Fmockbackend_test.go,[]
moby,moby,f78a7726d747847e443a5a5a4b4ad8ab31d87d78,daemon/containerd/cache.go,https://github.com/moby/moby/raw/fca702de7f71362c8d103073c7e4a1d0a467fadd/daemon%2Fcontainerd%2Fcache.go,"['@@ -8,7 +8,9 @@', '@@ -29,16 +31,19 @@', '@@ -54,8 +59,11 @@']"
moby,moby,f78a7726d747847e443a5a5a4b4ad8ab31d87d78,daemon/images/image_builder.go,https://github.com/moby/moby/raw/fca702de7f71362c8d103073c7e4a1d0a467fadd/daemon%2Fimages%2Fimage_builder.go,"['@@ -257,6 +257,9 @@']"
moby,moby,f78a7726d747847e443a5a5a4b4ad8ab31d87d78,daemon/images/image_commit.go,https://github.com/moby/moby/raw/fca702de7f71362c8d103073c7e4a1d0a467fadd/daemon%2Fimages%2Fimage_commit.go,"['@@ -62,6 +62,9 @@']"
moby,moby,f78a7726d747847e443a5a5a4b4ad8ab31d87d78,image/cache/cache.go,https://github.com/moby/moby/raw/fca702de7f71362c8d103073c7e4a1d0a467fadd/image%2Fcache%2Fcache.go,"['@@ -6,11 +6,14 @@', '@@ -215,7 +218,23 @@', '@@ -225,6 +244,25 @@', '@@ -238,11 +276,29 @@', '@@ -251,3 +307,15 @@']"
moby,moby,f78a7726d747847e443a5a5a4b4ad8ab31d87d78,image/cache/compare.go,https://github.com/moby/moby/raw/fca702de7f71362c8d103073c7e4a1d0a467fadd/image%2Fcache%2Fcompare.go,"['@@ -4,42 +4,69 @@', '@@ -48,16 +75,84 @@']"
moby,moby,f78a7726d747847e443a5a5a4b4ad8ab31d87d78,image/store.go,https://github.com/moby/moby/raw/fca702de7f71362c8d103073c7e4a1d0a467fadd/image%2Fstore.go,"['@@ -24,6 +25,8 @@', '@@ -295,6 +298,23 @@']"
moby,moby,d838e683006765c9c862c0f8b569ffaf6073f61f,builder/builder.go,https://github.com/moby/moby/raw/fce6e0ca9bc000888de3daa157af14fa41fcd0ff/builder%2Fbuilder.go,[]
moby,moby,d838e683006765c9c862c0f8b569ffaf6073f61f,builder/dockerfile/copy.go,https://github.com/moby/moby/raw/fce6e0ca9bc000888de3daa157af14fa41fcd0ff/builder%2Fdockerfile%2Fcopy.go,"['@@ -83,19 +82,7 @@']"
moby,moby,d838e683006765c9c862c0f8b569ffaf6073f61f,builder/dockerfile/dispatchers.go,https://github.com/moby/moby/raw/fce6e0ca9bc000888de3daa157af14fa41fcd0ff/builder%2Fdockerfile%2Fdispatchers.go,"['@@ -348,9 +348,16 @@']"
moby,moby,d838e683006765c9c862c0f8b569ffaf6073f61f,builder/dockerfile/imageprobe.go,https://github.com/moby/moby/raw/fce6e0ca9bc000888de3daa157af14fa41fcd0ff/builder%2Fdockerfile%2Fimageprobe.go,[]
moby,moby,d838e683006765c9c862c0f8b569ffaf6073f61f,builder/dockerfile/internals.go,https://github.com/moby/moby/raw/fce6e0ca9bc000888de3daa157af14fa41fcd0ff/builder%2Fdockerfile%2Finternals.go,"['@@ -388,3 +389,17 @@']"
moby,moby,d838e683006765c9c862c0f8b569ffaf6073f61f,builder/dockerfile/mockbackend_test.go,https://github.com/moby/moby/raw/fce6e0ca9bc000888de3daa157af14fa41fcd0ff/builder%2Fdockerfile%2Fmockbackend_test.go,[]
moby,moby,d838e683006765c9c862c0f8b569ffaf6073f61f,daemon/containerd/cache.go,https://github.com/moby/moby/raw/fce6e0ca9bc000888de3daa157af14fa41fcd0ff/daemon%2Fcontainerd%2Fcache.go,"['@@ -98,9 +99,12 @@', '@@ -206,61 +210,3 @@']"
moby,moby,d838e683006765c9c862c0f8b569ffaf6073f61f,daemon/images/image_builder.go,https://github.com/moby/moby/raw/fce6e0ca9bc000888de3daa157af14fa41fcd0ff/daemon%2Fimages%2Fimage_builder.go,"['@@ -255,6 +255,9 @@']"
moby,moby,d838e683006765c9c862c0f8b569ffaf6073f61f,daemon/images/image_commit.go,https://github.com/moby/moby/raw/fce6e0ca9bc000888de3daa157af14fa41fcd0ff/daemon%2Fimages%2Fimage_commit.go,"['@@ -62,6 +62,9 @@']"
moby,moby,d838e683006765c9c862c0f8b569ffaf6073f61f,image/cache/cache.go,https://github.com/moby/moby/raw/fce6e0ca9bc000888de3daa157af14fa41fcd0ff/image%2Fcache%2Fcache.go,"['@@ -1,15 +1,19 @@', '@@ -215,7 +219,23 @@', '@@ -225,6 +245,19 @@', '@@ -238,11 +271,29 @@', '@@ -251,3 +302,15 @@']"
moby,moby,d838e683006765c9c862c0f8b569ffaf6073f61f,image/cache/compare.go,https://github.com/moby/moby/raw/fce6e0ca9bc000888de3daa157af14fa41fcd0ff/image%2Fcache%2Fcompare.go,"['@@ -4,42 +4,69 @@', '@@ -48,16 +75,87 @@']"
moby,moby,d838e683006765c9c862c0f8b569ffaf6073f61f,image/store.go,https://github.com/moby/moby/raw/fce6e0ca9bc000888de3daa157af14fa41fcd0ff/image%2Fstore.go,"['@@ -24,6 +25,8 @@', '@@ -295,6 +298,23 @@']"
rancher,apiserver,c17b7df705a55bc9d960262e43f7a7bc5c7403aa,pkg/server/server_test.go,https://github.com/rancher/apiserver/raw/4df268e250f625fa323349062636496e0aeff4e4/pkg%2Fserver%2Fserver_test.go,"['@@ -0,0 +1,139 @@']"
rancher,apiserver,c17b7df705a55bc9d960262e43f7a7bc5c7403aa,pkg/urlbuilder/base.go,https://github.com/rancher/apiserver/raw/4df268e250f625fa323349062636496e0aeff4e4/pkg%2Furlbuilder%2Fbase.go,[]
rancher,apiserver,c17b7df705a55bc9d960262e43f7a7bc5c7403aa,pkg/writer/html.go,https://github.com/rancher/apiserver/raw/4df268e250f625fa323349062636496e0aeff4e4/pkg%2Fwriter%2Fhtml.go,"['@@ -71,6 +72,11 @@', '@@ -89,3 +95,25 @@']"
rancher,apiserver,48d53835ea4ee6ab51f0ec21a26c5012c68d5a2d,pkg/server/server_test.go,https://github.com/rancher/apiserver/raw/4e102cf0d07b1af3d10d82c3e5a751a869b8a6c7/pkg%2Fserver%2Fserver_test.go,"['@@ -2,18 +2,24 @@', '@@ -360,3 +366,127 @@']"
rancher,apiserver,48d53835ea4ee6ab51f0ec21a26c5012c68d5a2d,pkg/urlbuilder/base.go,https://github.com/rancher/apiserver/raw/4e102cf0d07b1af3d10d82c3e5a751a869b8a6c7/pkg%2Furlbuilder%2Fbase.go,[]
rancher,apiserver,48d53835ea4ee6ab51f0ec21a26c5012c68d5a2d,pkg/writer/html.go,https://github.com/rancher/apiserver/raw/4e102cf0d07b1af3d10d82c3e5a751a869b8a6c7/pkg%2Fwriter%2Fhtml.go,"['@@ -71,6 +72,11 @@', '@@ -89,3 +95,25 @@']"
rancher,apiserver,14e7493da5d36fee01cc6bcdcebb7f11452ecac4,pkg/server/server_test.go,https://github.com/rancher/apiserver/raw/4fd7d821d952510bfe38c9d4a3e2a65157f50525/pkg%2Fserver%2Fserver_test.go,"['@@ -2,18 +2,24 @@', '@@ -360,3 +366,127 @@']"
rancher,apiserver,14e7493da5d36fee01cc6bcdcebb7f11452ecac4,pkg/urlbuilder/base.go,https://github.com/rancher/apiserver/raw/4fd7d821d952510bfe38c9d4a3e2a65157f50525/pkg%2Furlbuilder%2Fbase.go,[]
rancher,apiserver,14e7493da5d36fee01cc6bcdcebb7f11452ecac4,pkg/writer/html.go,https://github.com/rancher/apiserver/raw/4fd7d821d952510bfe38c9d4a3e2a65157f50525/pkg%2Fwriter%2Fhtml.go,"['@@ -71,6 +72,11 @@', '@@ -89,3 +95,25 @@']"
rancher,apiserver,bc0ceaaef7dffe6dadc1803b79266d33e388bd0e,pkg/server/server_test.go,https://github.com/rancher/apiserver/raw/69b3c2b56f3fa5a421889c533dada8cd08783cda/pkg%2Fserver%2Fserver_test.go,"['@@ -2,18 +2,24 @@', '@@ -360,3 +366,127 @@']"
rancher,apiserver,bc0ceaaef7dffe6dadc1803b79266d33e388bd0e,pkg/urlbuilder/base.go,https://github.com/rancher/apiserver/raw/69b3c2b56f3fa5a421889c533dada8cd08783cda/pkg%2Furlbuilder%2Fbase.go,[]
rancher,apiserver,bc0ceaaef7dffe6dadc1803b79266d33e388bd0e,pkg/writer/html.go,https://github.com/rancher/apiserver/raw/69b3c2b56f3fa5a421889c533dada8cd08783cda/pkg%2Fwriter%2Fhtml.go,"['@@ -71,6 +72,11 @@', '@@ -89,3 +95,25 @@']"
rancher,apiserver,c3b182bdbf7d11b3b27b48f2a7ca60d07bfb1492,pkg/server/server_test.go,https://github.com/rancher/apiserver/raw/97a10a30200cb851afd8ee85ee6b2295c4b6e5ee/pkg%2Fserver%2Fserver_test.go,"['@@ -2,18 +2,24 @@', '@@ -360,3 +366,127 @@']"
rancher,apiserver,c3b182bdbf7d11b3b27b48f2a7ca60d07bfb1492,pkg/urlbuilder/base.go,https://github.com/rancher/apiserver/raw/97a10a30200cb851afd8ee85ee6b2295c4b6e5ee/pkg%2Furlbuilder%2Fbase.go,[]
rancher,apiserver,c3b182bdbf7d11b3b27b48f2a7ca60d07bfb1492,pkg/writer/html.go,https://github.com/rancher/apiserver/raw/97a10a30200cb851afd8ee85ee6b2295c4b6e5ee/pkg%2Fwriter%2Fhtml.go,"['@@ -71,6 +72,11 @@', '@@ -89,3 +95,25 @@']"
rancher,apiserver,120e615b17baff0946c4c882cc25f049b51d080f,pkg/server/server_test.go,https://github.com/rancher/apiserver/raw/a3b9e3721c1b558ee63aec9594e37c223a5c8437/pkg%2Fserver%2Fserver_test.go,"['@@ -2,18 +2,24 @@', '@@ -360,3 +366,127 @@']"
rancher,apiserver,120e615b17baff0946c4c882cc25f049b51d080f,pkg/urlbuilder/base.go,https://github.com/rancher/apiserver/raw/a3b9e3721c1b558ee63aec9594e37c223a5c8437/pkg%2Furlbuilder%2Fbase.go,[]
rancher,apiserver,120e615b17baff0946c4c882cc25f049b51d080f,pkg/writer/html.go,https://github.com/rancher/apiserver/raw/a3b9e3721c1b558ee63aec9594e37c223a5c8437/pkg%2Fwriter%2Fhtml.go,"['@@ -71,6 +72,11 @@', '@@ -89,3 +95,25 @@']"
gofiber,fiber,5e30112d08b1a76f38f838a175988a3712846bd7,middleware/cors/cors.go,https://github.com/gofiber/fiber/raw/f0cd3b44b086544a37886232d0530601f2406c23/middleware%2Fcors%2Fcors.go,"['@@ -16,12 +16,14 @@', '@@ -105,6 +108,26 @@', '@@ -123,22 +146,18 @@', '@@ -173,9 +192,17 @@']"
gofiber,fiber,5e30112d08b1a76f38f838a175988a3712846bd7,middleware/cors/cors_test.go,https://github.com/gofiber/fiber/raw/f0cd3b44b086544a37886232d0530601f2406c23/middleware%2Fcors%2Fcors_test.go,"['@@ -72,7 +72,46 @@', '@@ -105,6 +144,57 @@', '@@ -193,12 +283,9 @@', '@@ -488,37 +576,55 @@', '@@ -536,9 +642,7 @@']"
gofiber,fiber,5e30112d08b1a76f38f838a175988a3712846bd7,middleware/cors/utils.go,https://github.com/gofiber/fiber/raw/f0cd3b44b086544a37886232d0530601f2406c23/middleware%2Fcors%2Futils.go,"['@@ -1,56 +1,83 @@']"
gofiber,fiber,5e30112d08b1a76f38f838a175988a3712846bd7,middleware/cors/utils_test.go,https://github.com/gofiber/fiber/raw/f0cd3b44b086544a37886232d0530601f2406c23/middleware%2Fcors%2Futils_test.go,"['@@ -0,0 +1,145 @@']"
rancher,rancher,fa9e804ff2d72258612f3558104d9e5cf6f68659,pkg/auth/audit/audit.go,https://github.com/rancher/rancher/raw/2f7113dc32d4f1f5375a1ae09b65be58f6801a15/pkg%2Fauth%2Faudit%2Faudit.go,[]
rancher,rancher,fa9e804ff2d72258612f3558104d9e5cf6f68659,pkg/auth/audit/audit_test.go,https://github.com/rancher/rancher/raw/2f7113dc32d4f1f5375a1ae09b65be58f6801a15/pkg%2Fauth%2Faudit%2Faudit_test.go,"['@@ -199,6 +199,11 @@', '@@ -437,6 +442,18 @@', '@@ -454,6 +471,11 @@']"
rancher,rancher,fa9e804ff2d72258612f3558104d9e5cf6f68659,pkg/client/generated/management/v3/zz_generated_aci_network_provider.go,https://github.com/rancher/rancher/raw/2f7113dc32d4f1f5375a1ae09b65be58f6801a15/pkg%2Fclient%2Fgenerated%2Fmanagement%2Fv3%2Fzz_generated_aci_network_provider.go,"['@@ -3,18 +3,15 @@', '@@ -68,10 +67,12 @@', '@@ -110,18 +112,15 @@', '@@ -175,10 +176,12 @@']"
rancher,rancher,fa9e804ff2d72258612f3558104d9e5cf6f68659,pkg/controllers/managementuser/rbac/handler_base_test.go,https://github.com/rancher/rancher/raw/2f7113dc32d4f1f5375a1ae09b65be58f6801a15/pkg%2Fcontrollers%2Fmanagementuser%2Frbac%2Fhandler_base_test.go,"['@@ -4,32 +4,180 @@', '@@ -81,14 +229,3 @@']"
rancher,rancher,fa9e804ff2d72258612f3558104d9e5cf6f68659,pkg/controllers/managementuser/rbac/namespace_handler.go,https://github.com/rancher/rancher/raw/2f7113dc32d4f1f5375a1ae09b65be58f6801a15/pkg%2Fcontrollers%2Fmanagementuser%2Frbac%2Fnamespace_handler.go,[]
rancher,rancher,fa9e804ff2d72258612f3558104d9e5cf6f68659,pkg/controllers/managementuser/rbac/namespace_handler_test.go,https://github.com/rancher/rancher/raw/2f7113dc32d4f1f5375a1ae09b65be58f6801a15/pkg%2Fcontrollers%2Fmanagementuser%2Frbac%2Fnamespace_handler_test.go,"['@@ -6,11 +6,13 @@', '@@ -177,31 +179,6 @@', '@@ -218,13 +195,34 @@', '@@ -253,6 +251,115 @@']"
rancher,rancher,fa9e804ff2d72258612f3558104d9e5cf6f68659,pkg/controllers/managementuser/rbac/project_handler_test.go,https://github.com/rancher/rancher/raw/2f7113dc32d4f1f5375a1ae09b65be58f6801a15/pkg%2Fcontrollers%2Fmanagementuser%2Frbac%2Fproject_handler_test.go,"['@@ -103,17 +102,13 @@', '@@ -288,6 +283,13 @@', '@@ -296,19 +298,6 @@']"
rancher,rancher,fa9e804ff2d72258612f3558104d9e5cf6f68659,pkg/controllers/managementuser/rbac/prtb_handler.go,https://github.com/rancher/rancher/raw/2f7113dc32d4f1f5375a1ae09b65be58f6801a15/pkg%2Fcontrollers%2Fmanagementuser%2Frbac%2Fprtb_handler.go,"['@@ -161,7 +162,11 @@', '@@ -465,3 +470,11 @@']"
rancher,rancher,fa9e804ff2d72258612f3558104d9e5cf6f68659,pkg/controllers/managementuser/rbac/reconcile_roletemplate.go,https://github.com/rancher/rancher/raw/2f7113dc32d4f1f5375a1ae09b65be58f6801a15/pkg%2Fcontrollers%2Fmanagementuser%2Frbac%2Freconcile_roletemplate.go,"['@@ -13,68 +12,13 @@', '@@ -147,3 +91,62 @@']"
rancher,rancher,fa9e804ff2d72258612f3558104d9e5cf6f68659,pkg/controllers/managementuser/rbac/reconcile_roletemplate_test.go,https://github.com/rancher/rancher/raw/2f7113dc32d4f1f5375a1ae09b65be58f6801a15/pkg%2Fcontrollers%2Fmanagementuser%2Frbac%2Freconcile_roletemplate_test.go,"['@@ -0,0 +1,255 @@']"
rancher,rancher,fa9e804ff2d72258612f3558104d9e5cf6f68659,pkg/controllers/managementuser/rbac/roletemplate_handler.go,https://github.com/rancher/rancher/raw/2f7113dc32d4f1f5375a1ae09b65be58f6801a15/pkg%2Fcontrollers%2Fmanagementuser%2Frbac%2Froletemplate_handler.go,"['@@ -102,6 +102,10 @@']"
rancher,rancher,fa9e804ff2d72258612f3558104d9e5cf6f68659,pkg/settings/setting.go,https://github.com/rancher/rancher/raw/2f7113dc32d4f1f5375a1ae09b65be58f6801a15/pkg%2Fsettings%2Fsetting.go,[]
rancher,rancher,fa9e804ff2d72258612f3558104d9e5cf6f68659,tests/framework/clients/rancher/generated/management/v3/zz_generated_aci_network_provider.go,https://github.com/rancher/rancher/raw/2f7113dc32d4f1f5375a1ae09b65be58f6801a15/tests%2Fframework%2Fclients%2Francher%2Fgenerated%2Fmanagement%2Fv3%2Fzz_generated_aci_network_provider.go,"['@@ -3,18 +3,15 @@', '@@ -68,10 +67,12 @@', '@@ -110,18 +112,15 @@', '@@ -175,10 +176,12 @@']"
rancher,rancher,0c020f0c6846ddfe1c66e2a9f8ac1ebef3b171c6,pkg/apis/catalog.cattle.io/v1/doc.go,https://github.com/rancher/rancher/raw/649fdad268d8ecc748e9fdcca2ddcfdc900f9eaa/pkg%2Fapis%2Fcatalog.cattle.io%2Fv1%2Fdoc.go,[]
rancher,rancher,0c020f0c6846ddfe1c66e2a9f8ac1ebef3b171c6,pkg/apis/catalog.cattle.io/v1/zz_generated_deepcopy.go,https://github.com/rancher/rancher/raw/649fdad268d8ecc748e9fdcca2ddcfdc900f9eaa/pkg%2Fapis%2Fcatalog.cattle.io%2Fv1%2Fzz_generated_deepcopy.go,[]
rancher,rancher,0c020f0c6846ddfe1c66e2a9f8ac1ebef3b171c6,pkg/apis/catalog.cattle.io/v1/zz_generated_list_types.go,https://github.com/rancher/rancher/raw/649fdad268d8ecc748e9fdcca2ddcfdc900f9eaa/pkg%2Fapis%2Fcatalog.cattle.io%2Fv1%2Fzz_generated_list_types.go,[]
rancher,rancher,0c020f0c6846ddfe1c66e2a9f8ac1ebef3b171c6,pkg/apis/catalog.cattle.io/v1/zz_generated_register.go,https://github.com/rancher/rancher/raw/649fdad268d8ecc748e9fdcca2ddcfdc900f9eaa/pkg%2Fapis%2Fcatalog.cattle.io%2Fv1%2Fzz_generated_register.go,[]
rancher,rancher,0c020f0c6846ddfe1c66e2a9f8ac1ebef3b171c6,pkg/apis/catalog.cattle.io/zz_generated_register.go,https://github.com/rancher/rancher/raw/649fdad268d8ecc748e9fdcca2ddcfdc900f9eaa/pkg%2Fapis%2Fcatalog.cattle.io%2Fzz_generated_register.go,[]
rancher,rancher,0c020f0c6846ddfe1c66e2a9f8ac1ebef3b171c6,pkg/apis/cluster.cattle.io/v3/doc.go,https://github.com/rancher/rancher/raw/649fdad268d8ecc748e9fdcca2ddcfdc900f9eaa/pkg%2Fapis%2Fcluster.cattle.io%2Fv3%2Fdoc.go,[]
rancher,rancher,0c020f0c6846ddfe1c66e2a9f8ac1ebef3b171c6,pkg/apis/cluster.cattle.io/v3/zz_generated_deepcopy.go,https://github.com/rancher/rancher/raw/649fdad268d8ecc748e9fdcca2ddcfdc900f9eaa/pkg%2Fapis%2Fcluster.cattle.io%2Fv3%2Fzz_generated_deepcopy.go,[]
rancher,rancher,0c020f0c6846ddfe1c66e2a9f8ac1ebef3b171c6,pkg/apis/cluster.cattle.io/v3/zz_generated_list_types.go,https://github.com/rancher/rancher/raw/649fdad268d8ecc748e9fdcca2ddcfdc900f9eaa/pkg%2Fapis%2Fcluster.cattle.io%2Fv3%2Fzz_generated_list_types.go,[]
rancher,rancher,0c020f0c6846ddfe1c66e2a9f8ac1ebef3b171c6,pkg/apis/cluster.cattle.io/v3/zz_generated_register.go,https://github.com/rancher/rancher/raw/649fdad268d8ecc748e9fdcca2ddcfdc900f9eaa/pkg%2Fapis%2Fcluster.cattle.io%2Fv3%2Fzz_generated_register.go,[]
rancher,rancher,0c020f0c6846ddfe1c66e2a9f8ac1ebef3b171c6,pkg/apis/cluster.cattle.io/zz_generated_register.go,https://github.com/rancher/rancher/raw/649fdad268d8ecc748e9fdcca2ddcfdc900f9eaa/pkg%2Fapis%2Fcluster.cattle.io%2Fzz_generated_register.go,[]
rancher,rancher,0c020f0c6846ddfe1c66e2a9f8ac1ebef3b171c6,pkg/apis/management.cattle.io/v3/doc.go,https://github.com/rancher/rancher/raw/649fdad268d8ecc748e9fdcca2ddcfdc900f9eaa/pkg%2Fapis%2Fmanagement.cattle.io%2Fv3%2Fdoc.go,[]
rancher,rancher,0c020f0c6846ddfe1c66e2a9f8ac1ebef3b171c6,pkg/apis/management.cattle.io/v3/zz_generated_deepcopy.go,https://github.com/rancher/rancher/raw/649fdad268d8ecc748e9fdcca2ddcfdc900f9eaa/pkg%2Fapis%2Fmanagement.cattle.io%2Fv3%2Fzz_generated_deepcopy.go,[]
rancher,rancher,0c020f0c6846ddfe1c66e2a9f8ac1ebef3b171c6,pkg/apis/management.cattle.io/v3/zz_generated_list_types.go,https://github.com/rancher/rancher/raw/649fdad268d8ecc748e9fdcca2ddcfdc900f9eaa/pkg%2Fapis%2Fmanagement.cattle.io%2Fv3%2Fzz_generated_list_types.go,[]
rancher,rancher,0c020f0c6846ddfe1c66e2a9f8ac1ebef3b171c6,pkg/apis/management.cattle.io/v3/zz_generated_register.go,https://github.com/rancher/rancher/raw/649fdad268d8ecc748e9fdcca2ddcfdc900f9eaa/pkg%2Fapis%2Fmanagement.cattle.io%2Fv3%2Fzz_generated_register.go,[]
rancher,rancher,0c020f0c6846ddfe1c66e2a9f8ac1ebef3b171c6,pkg/apis/management.cattle.io/zz_generated_register.go,https://github.com/rancher/rancher/raw/649fdad268d8ecc748e9fdcca2ddcfdc900f9eaa/pkg%2Fapis%2Fmanagement.cattle.io%2Fzz_generated_register.go,[]
rancher,rancher,0c020f0c6846ddfe1c66e2a9f8ac1ebef3b171c6,pkg/apis/project.cattle.io/v3/doc.go,https://github.com/rancher/rancher/raw/649fdad268d8ecc748e9fdcca2ddcfdc900f9eaa/pkg%2Fapis%2Fproject.cattle.io%2Fv3%2Fdoc.go,[]
rancher,rancher,0c020f0c6846ddfe1c66e2a9f8ac1ebef3b171c6,pkg/apis/project.cattle.io/v3/zz_generated_deepcopy.go,https://github.com/rancher/rancher/raw/649fdad268d8ecc748e9fdcca2ddcfdc900f9eaa/pkg%2Fapis%2Fproject.cattle.io%2Fv3%2Fzz_generated_deepcopy.go,[]
rancher,rancher,0c020f0c6846ddfe1c66e2a9f8ac1ebef3b171c6,pkg/apis/project.cattle.io/v3/zz_generated_list_types.go,https://github.com/rancher/rancher/raw/649fdad268d8ecc748e9fdcca2ddcfdc900f9eaa/pkg%2Fapis%2Fproject.cattle.io%2Fv3%2Fzz_generated_list_types.go,[]
rancher,rancher,0c020f0c6846ddfe1c66e2a9f8ac1ebef3b171c6,pkg/apis/project.cattle.io/v3/zz_generated_register.go,https://github.com/rancher/rancher/raw/649fdad268d8ecc748e9fdcca2ddcfdc900f9eaa/pkg%2Fapis%2Fproject.cattle.io%2Fv3%2Fzz_generated_register.go,[]
rancher,rancher,0c020f0c6846ddfe1c66e2a9f8ac1ebef3b171c6,pkg/apis/project.cattle.io/zz_generated_register.go,https://github.com/rancher/rancher/raw/649fdad268d8ecc748e9fdcca2ddcfdc900f9eaa/pkg%2Fapis%2Fproject.cattle.io%2Fzz_generated_register.go,[]
rancher,rancher,0c020f0c6846ddfe1c66e2a9f8ac1ebef3b171c6,pkg/apis/provisioning.cattle.io/v1/doc.go,https://github.com/rancher/rancher/raw/649fdad268d8ecc748e9fdcca2ddcfdc900f9eaa/pkg%2Fapis%2Fprovisioning.cattle.io%2Fv1%2Fdoc.go,[]
rancher,rancher,0c020f0c6846ddfe1c66e2a9f8ac1ebef3b171c6,pkg/apis/provisioning.cattle.io/v1/zz_generated_deepcopy.go,https://github.com/rancher/rancher/raw/649fdad268d8ecc748e9fdcca2ddcfdc900f9eaa/pkg%2Fapis%2Fprovisioning.cattle.io%2Fv1%2Fzz_generated_deepcopy.go,[]
rancher,rancher,0c020f0c6846ddfe1c66e2a9f8ac1ebef3b171c6,pkg/apis/provisioning.cattle.io/v1/zz_generated_list_types.go,https://github.com/rancher/rancher/raw/649fdad268d8ecc748e9fdcca2ddcfdc900f9eaa/pkg%2Fapis%2Fprovisioning.cattle.io%2Fv1%2Fzz_generated_list_types.go,[]
rancher,rancher,0c020f0c6846ddfe1c66e2a9f8ac1ebef3b171c6,pkg/apis/provisioning.cattle.io/v1/zz_generated_register.go,https://github.com/rancher/rancher/raw/649fdad268d8ecc748e9fdcca2ddcfdc900f9eaa/pkg%2Fapis%2Fprovisioning.cattle.io%2Fv1%2Fzz_generated_register.go,[]
rancher,rancher,0c020f0c6846ddfe1c66e2a9f8ac1ebef3b171c6,pkg/apis/provisioning.cattle.io/zz_generated_register.go,https://github.com/rancher/rancher/raw/649fdad268d8ecc748e9fdcca2ddcfdc900f9eaa/pkg%2Fapis%2Fprovisioning.cattle.io%2Fzz_generated_register.go,[]
rancher,rancher,0c020f0c6846ddfe1c66e2a9f8ac1ebef3b171c6,pkg/apis/rke.cattle.io/v1/doc.go,https://github.com/rancher/rancher/raw/649fdad268d8ecc748e9fdcca2ddcfdc900f9eaa/pkg%2Fapis%2Frke.cattle.io%2Fv1%2Fdoc.go,[]
rancher,rancher,0c020f0c6846ddfe1c66e2a9f8ac1ebef3b171c6,pkg/apis/rke.cattle.io/v1/zz_generated_deepcopy.go,https://github.com/rancher/rancher/raw/649fdad268d8ecc748e9fdcca2ddcfdc900f9eaa/pkg%2Fapis%2Frke.cattle.io%2Fv1%2Fzz_generated_deepcopy.go,[]
rancher,rancher,0c020f0c6846ddfe1c66e2a9f8ac1ebef3b171c6,pkg/apis/rke.cattle.io/v1/zz_generated_list_types.go,https://github.com/rancher/rancher/raw/649fdad268d8ecc748e9fdcca2ddcfdc900f9eaa/pkg%2Fapis%2Frke.cattle.io%2Fv1%2Fzz_generated_list_types.go,[]
rancher,rancher,0c020f0c6846ddfe1c66e2a9f8ac1ebef3b171c6,pkg/apis/rke.cattle.io/v1/zz_generated_register.go,https://github.com/rancher/rancher/raw/649fdad268d8ecc748e9fdcca2ddcfdc900f9eaa/pkg%2Fapis%2Frke.cattle.io%2Fv1%2Fzz_generated_register.go,[]
rancher,rancher,0c020f0c6846ddfe1c66e2a9f8ac1ebef3b171c6,pkg/apis/rke.cattle.io/zz_generated_register.go,https://github.com/rancher/rancher/raw/649fdad268d8ecc748e9fdcca2ddcfdc900f9eaa/pkg%2Fapis%2Frke.cattle.io%2Fzz_generated_register.go,[]
rancher,rancher,0c020f0c6846ddfe1c66e2a9f8ac1ebef3b171c6,pkg/apis/ui.cattle.io/v1/doc.go,https://github.com/rancher/rancher/raw/649fdad268d8ecc748e9fdcca2ddcfdc900f9eaa/pkg%2Fapis%2Fui.cattle.io%2Fv1%2Fdoc.go,[]
rancher,rancher,0c020f0c6846ddfe1c66e2a9f8ac1ebef3b171c6,pkg/apis/ui.cattle.io/v1/zz_generated_deepcopy.go,https://github.com/rancher/rancher/raw/649fdad268d8ecc748e9fdcca2ddcfdc900f9eaa/pkg%2Fapis%2Fui.cattle.io%2Fv1%2Fzz_generated_deepcopy.go,[]
rancher,rancher,0c020f0c6846ddfe1c66e2a9f8ac1ebef3b171c6,pkg/apis/ui.cattle.io/v1/zz_generated_list_types.go,https://github.com/rancher/rancher/raw/649fdad268d8ecc748e9fdcca2ddcfdc900f9eaa/pkg%2Fapis%2Fui.cattle.io%2Fv1%2Fzz_generated_list_types.go,[]
rancher,rancher,0c020f0c6846ddfe1c66e2a9f8ac1ebef3b171c6,pkg/apis/ui.cattle.io/v1/zz_generated_register.go,https://github.com/rancher/rancher/raw/649fdad268d8ecc748e9fdcca2ddcfdc900f9eaa/pkg%2Fapis%2Fui.cattle.io%2Fv1%2Fzz_generated_register.go,[]
rancher,rancher,0c020f0c6846ddfe1c66e2a9f8ac1ebef3b171c6,pkg/apis/ui.cattle.io/zz_generated_register.go,https://github.com/rancher/rancher/raw/649fdad268d8ecc748e9fdcca2ddcfdc900f9eaa/pkg%2Fapis%2Fui.cattle.io%2Fzz_generated_register.go,[]
rancher,rancher,0c020f0c6846ddfe1c66e2a9f8ac1ebef3b171c6,pkg/auth/audit/audit.go,https://github.com/rancher/rancher/raw/649fdad268d8ecc748e9fdcca2ddcfdc900f9eaa/pkg%2Fauth%2Faudit%2Faudit.go,[]
rancher,rancher,0c020f0c6846ddfe1c66e2a9f8ac1ebef3b171c6,pkg/auth/audit/audit_test.go,https://github.com/rancher/rancher/raw/649fdad268d8ecc748e9fdcca2ddcfdc900f9eaa/pkg%2Fauth%2Faudit%2Faudit_test.go,"['@@ -199,6 +199,11 @@', '@@ -437,6 +442,18 @@', '@@ -454,6 +471,11 @@']"
rancher,rancher,0c020f0c6846ddfe1c66e2a9f8ac1ebef3b171c6,pkg/client/generated/management/v3/zz_generated_aci_network_provider.go,https://github.com/rancher/rancher/raw/649fdad268d8ecc748e9fdcca2ddcfdc900f9eaa/pkg%2Fclient%2Fgenerated%2Fmanagement%2Fv3%2Fzz_generated_aci_network_provider.go,"['@@ -3,18 +3,15 @@', '@@ -68,10 +67,12 @@', '@@ -110,18 +112,15 @@', '@@ -175,10 +176,12 @@']"
rancher,rancher,0c020f0c6846ddfe1c66e2a9f8ac1ebef3b171c6,pkg/controllers/managementuser/rbac/handler_base_test.go,https://github.com/rancher/rancher/raw/649fdad268d8ecc748e9fdcca2ddcfdc900f9eaa/pkg%2Fcontrollers%2Fmanagementuser%2Frbac%2Fhandler_base_test.go,"['@@ -4,32 +4,180 @@', '@@ -81,14 +229,3 @@']"
rancher,rancher,0c020f0c6846ddfe1c66e2a9f8ac1ebef3b171c6,pkg/controllers/managementuser/rbac/namespace_handler.go,https://github.com/rancher/rancher/raw/649fdad268d8ecc748e9fdcca2ddcfdc900f9eaa/pkg%2Fcontrollers%2Fmanagementuser%2Frbac%2Fnamespace_handler.go,[]
rancher,rancher,0c020f0c6846ddfe1c66e2a9f8ac1ebef3b171c6,pkg/controllers/managementuser/rbac/namespace_handler_test.go,https://github.com/rancher/rancher/raw/649fdad268d8ecc748e9fdcca2ddcfdc900f9eaa/pkg%2Fcontrollers%2Fmanagementuser%2Frbac%2Fnamespace_handler_test.go,"['@@ -6,11 +6,13 @@', '@@ -177,31 +179,6 @@', '@@ -218,13 +195,34 @@', '@@ -253,6 +251,116 @@']"
rancher,rancher,0c020f0c6846ddfe1c66e2a9f8ac1ebef3b171c6,pkg/controllers/managementuser/rbac/project_handler_test.go,https://github.com/rancher/rancher/raw/649fdad268d8ecc748e9fdcca2ddcfdc900f9eaa/pkg%2Fcontrollers%2Fmanagementuser%2Frbac%2Fproject_handler_test.go,"['@@ -103,17 +102,13 @@', '@@ -288,6 +283,13 @@', '@@ -296,19 +298,6 @@']"
rancher,rancher,0c020f0c6846ddfe1c66e2a9f8ac1ebef3b171c6,pkg/controllers/managementuser/rbac/prtb_handler.go,https://github.com/rancher/rancher/raw/649fdad268d8ecc748e9fdcca2ddcfdc900f9eaa/pkg%2Fcontrollers%2Fmanagementuser%2Frbac%2Fprtb_handler.go,"['@@ -161,7 +162,11 @@', '@@ -465,3 +470,11 @@']"
rancher,rancher,0c020f0c6846ddfe1c66e2a9f8ac1ebef3b171c6,pkg/controllers/managementuser/rbac/reconcile_roletemplate.go,https://github.com/rancher/rancher/raw/649fdad268d8ecc748e9fdcca2ddcfdc900f9eaa/pkg%2Fcontrollers%2Fmanagementuser%2Frbac%2Freconcile_roletemplate.go,"['@@ -13,68 +12,13 @@', '@@ -147,3 +91,62 @@']"
rancher,rancher,0c020f0c6846ddfe1c66e2a9f8ac1ebef3b171c6,pkg/controllers/managementuser/rbac/reconcile_roletemplate_test.go,https://github.com/rancher/rancher/raw/649fdad268d8ecc748e9fdcca2ddcfdc900f9eaa/pkg%2Fcontrollers%2Fmanagementuser%2Frbac%2Freconcile_roletemplate_test.go,"['@@ -0,0 +1,255 @@']"
rancher,rancher,0c020f0c6846ddfe1c66e2a9f8ac1ebef3b171c6,pkg/controllers/managementuser/rbac/roletemplate_handler.go,https://github.com/rancher/rancher/raw/649fdad268d8ecc748e9fdcca2ddcfdc900f9eaa/pkg%2Fcontrollers%2Fmanagementuser%2Frbac%2Froletemplate_handler.go,"['@@ -102,6 +102,10 @@']"
rancher,rancher,0c020f0c6846ddfe1c66e2a9f8ac1ebef3b171c6,pkg/generated/clientset/versioned/clientset.go,https://github.com/rancher/rancher/raw/649fdad268d8ecc748e9fdcca2ddcfdc900f9eaa/pkg%2Fgenerated%2Fclientset%2Fversioned%2Fclientset.go,[]
rancher,rancher,0c020f0c6846ddfe1c66e2a9f8ac1ebef3b171c6,pkg/generated/clientset/versioned/doc.go,https://github.com/rancher/rancher/raw/649fdad268d8ecc748e9fdcca2ddcfdc900f9eaa/pkg%2Fgenerated%2Fclientset%2Fversioned%2Fdoc.go,[]
rancher,rancher,0c020f0c6846ddfe1c66e2a9f8ac1ebef3b171c6,pkg/generated/clientset/versioned/fake/clientset_generated.go,https://github.com/rancher/rancher/raw/649fdad268d8ecc748e9fdcca2ddcfdc900f9eaa/pkg%2Fgenerated%2Fclientset%2Fversioned%2Ffake%2Fclientset_generated.go,[]
rancher,rancher,0c020f0c6846ddfe1c66e2a9f8ac1ebef3b171c6,pkg/generated/clientset/versioned/fake/doc.go,https://github.com/rancher/rancher/raw/649fdad268d8ecc748e9fdcca2ddcfdc900f9eaa/pkg%2Fgenerated%2Fclientset%2Fversioned%2Ffake%2Fdoc.go,[]
rancher,rancher,0c020f0c6846ddfe1c66e2a9f8ac1ebef3b171c6,pkg/generated/clientset/versioned/fake/register.go,https://github.com/rancher/rancher/raw/649fdad268d8ecc748e9fdcca2ddcfdc900f9eaa/pkg%2Fgenerated%2Fclientset%2Fversioned%2Ffake%2Fregister.go,[]
rancher,rancher,0c020f0c6846ddfe1c66e2a9f8ac1ebef3b171c6,pkg/generated/clientset/versioned/scheme/doc.go,https://github.com/rancher/rancher/raw/649fdad268d8ecc748e9fdcca2ddcfdc900f9eaa/pkg%2Fgenerated%2Fclientset%2Fversioned%2Fscheme%2Fdoc.go,[]
rancher,rancher,0c020f0c6846ddfe1c66e2a9f8ac1ebef3b171c6,pkg/generated/clientset/versioned/scheme/register.go,https://github.com/rancher/rancher/raw/649fdad268d8ecc748e9fdcca2ddcfdc900f9eaa/pkg%2Fgenerated%2Fclientset%2Fversioned%2Fscheme%2Fregister.go,[]
rancher,rancher,0c020f0c6846ddfe1c66e2a9f8ac1ebef3b171c6,pkg/generated/clientset/versioned/typed/catalog.cattle.io/v1/app.go,https://github.com/rancher/rancher/raw/649fdad268d8ecc748e9fdcca2ddcfdc900f9eaa/pkg%2Fgenerated%2Fclientset%2Fversioned%2Ftyped%2Fcatalog.cattle.io%2Fv1%2Fapp.go,[]
rancher,rancher,0c020f0c6846ddfe1c66e2a9f8ac1ebef3b171c6,pkg/generated/clientset/versioned/typed/catalog.cattle.io/v1/catalog.cattle.io_client.go,https://github.com/rancher/rancher/raw/649fdad268d8ecc748e9fdcca2ddcfdc900f9eaa/pkg%2Fgenerated%2Fclientset%2Fversioned%2Ftyped%2Fcatalog.cattle.io%2Fv1%2Fcatalog.cattle.io_client.go,[]
rancher,rancher,0c020f0c6846ddfe1c66e2a9f8ac1ebef3b171c6,pkg/generated/clientset/versioned/typed/catalog.cattle.io/v1/clusterrepo.go,https://github.com/rancher/rancher/raw/649fdad268d8ecc748e9fdcca2ddcfdc900f9eaa/pkg%2Fgenerated%2Fclientset%2Fversioned%2Ftyped%2Fcatalog.cattle.io%2Fv1%2Fclusterrepo.go,[]
rancher,rancher,0c020f0c6846ddfe1c66e2a9f8ac1ebef3b171c6,pkg/generated/clientset/versioned/typed/catalog.cattle.io/v1/doc.go,https://github.com/rancher/rancher/raw/649fdad268d8ecc748e9fdcca2ddcfdc900f9eaa/pkg%2Fgenerated%2Fclientset%2Fversioned%2Ftyped%2Fcatalog.cattle.io%2Fv1%2Fdoc.go,[]
rancher,rancher,0c020f0c6846ddfe1c66e2a9f8ac1ebef3b171c6,pkg/generated/clientset/versioned/typed/catalog.cattle.io/v1/fake/doc.go,https://github.com/rancher/rancher/raw/649fdad268d8ecc748e9fdcca2ddcfdc900f9eaa/pkg%2Fgenerated%2Fclientset%2Fversioned%2Ftyped%2Fcatalog.cattle.io%2Fv1%2Ffake%2Fdoc.go,[]
rancher,rancher,0c020f0c6846ddfe1c66e2a9f8ac1ebef3b171c6,pkg/generated/clientset/versioned/typed/catalog.cattle.io/v1/fake/fake_app.go,https://github.com/rancher/rancher/raw/649fdad268d8ecc748e9fdcca2ddcfdc900f9eaa/pkg%2Fgenerated%2Fclientset%2Fversioned%2Ftyped%2Fcatalog.cattle.io%2Fv1%2Ffake%2Ffake_app.go,[]
rancher,rancher,0c020f0c6846ddfe1c66e2a9f8ac1ebef3b171c6,pkg/generated/clientset/versioned/typed/catalog.cattle.io/v1/fake/fake_catalog.cattle.io_client.go,https://github.com/rancher/rancher/raw/649fdad268d8ecc748e9fdcca2ddcfdc900f9eaa/pkg%2Fgenerated%2Fclientset%2Fversioned%2Ftyped%2Fcatalog.cattle.io%2Fv1%2Ffake%2Ffake_catalog.cattle.io_client.go,[]
rancher,rancher,0c020f0c6846ddfe1c66e2a9f8ac1ebef3b171c6,pkg/generated/clientset/versioned/typed/catalog.cattle.io/v1/fake/fake_clusterrepo.go,https://github.com/rancher/rancher/raw/649fdad268d8ecc748e9fdcca2ddcfdc900f9eaa/pkg%2Fgenerated%2Fclientset%2Fversioned%2Ftyped%2Fcatalog.cattle.io%2Fv1%2Ffake%2Ffake_clusterrepo.go,[]
rancher,rancher,0c020f0c6846ddfe1c66e2a9f8ac1ebef3b171c6,pkg/generated/clientset/versioned/typed/catalog.cattle.io/v1/fake/fake_operation.go,https://github.com/rancher/rancher/raw/649fdad268d8ecc748e9fdcca2ddcfdc900f9eaa/pkg%2Fgenerated%2Fclientset%2Fversioned%2Ftyped%2Fcatalog.cattle.io%2Fv1%2Ffake%2Ffake_operation.go,[]
rancher,rancher,0c020f0c6846ddfe1c66e2a9f8ac1ebef3b171c6,pkg/generated/clientset/versioned/typed/catalog.cattle.io/v1/generated_expansion.go,https://github.com/rancher/rancher/raw/649fdad268d8ecc748e9fdcca2ddcfdc900f9eaa/pkg%2Fgenerated%2Fclientset%2Fversioned%2Ftyped%2Fcatalog.cattle.io%2Fv1%2Fgenerated_expansion.go,[]
rancher,rancher,0c020f0c6846ddfe1c66e2a9f8ac1ebef3b171c6,pkg/generated/clientset/versioned/typed/catalog.cattle.io/v1/operation.go,https://github.com/rancher/rancher/raw/649fdad268d8ecc748e9fdcca2ddcfdc900f9eaa/pkg%2Fgenerated%2Fclientset%2Fversioned%2Ftyped%2Fcatalog.cattle.io%2Fv1%2Foperation.go,[]
rancher,rancher,0c020f0c6846ddfe1c66e2a9f8ac1ebef3b171c6,pkg/generated/clientset/versioned/typed/provisioning.cattle.io/v1/cluster.go,https://github.com/rancher/rancher/raw/649fdad268d8ecc748e9fdcca2ddcfdc900f9eaa/pkg%2Fgenerated%2Fclientset%2Fversioned%2Ftyped%2Fprovisioning.cattle.io%2Fv1%2Fcluster.go,[]
rancher,rancher,0c020f0c6846ddfe1c66e2a9f8ac1ebef3b171c6,pkg/generated/clientset/versioned/typed/provisioning.cattle.io/v1/doc.go,https://github.com/rancher/rancher/raw/649fdad268d8ecc748e9fdcca2ddcfdc900f9eaa/pkg%2Fgenerated%2Fclientset%2Fversioned%2Ftyped%2Fprovisioning.cattle.io%2Fv1%2Fdoc.go,[]
rancher,rancher,0c020f0c6846ddfe1c66e2a9f8ac1ebef3b171c6,pkg/generated/clientset/versioned/typed/provisioning.cattle.io/v1/fake/doc.go,https://github.com/rancher/rancher/raw/649fdad268d8ecc748e9fdcca2ddcfdc900f9eaa/pkg%2Fgenerated%2Fclientset%2Fversioned%2Ftyped%2Fprovisioning.cattle.io%2Fv1%2Ffake%2Fdoc.go,[]
rancher,rancher,0c020f0c6846ddfe1c66e2a9f8ac1ebef3b171c6,pkg/generated/clientset/versioned/typed/provisioning.cattle.io/v1/fake/fake_cluster.go,https://github.com/rancher/rancher/raw/649fdad268d8ecc748e9fdcca2ddcfdc900f9eaa/pkg%2Fgenerated%2Fclientset%2Fversioned%2Ftyped%2Fprovisioning.cattle.io%2Fv1%2Ffake%2Ffake_cluster.go,[]
rancher,rancher,0c020f0c6846ddfe1c66e2a9f8ac1ebef3b171c6,pkg/generated/clientset/versioned/typed/provisioning.cattle.io/v1/fake/fake_provisioning.cattle.io_client.go,https://github.com/rancher/rancher/raw/649fdad268d8ecc748e9fdcca2ddcfdc900f9eaa/pkg%2Fgenerated%2Fclientset%2Fversioned%2Ftyped%2Fprovisioning.cattle.io%2Fv1%2Ffake%2Ffake_provisioning.cattle.io_client.go,[]
rancher,rancher,0c020f0c6846ddfe1c66e2a9f8ac1ebef3b171c6,pkg/generated/clientset/versioned/typed/provisioning.cattle.io/v1/generated_expansion.go,https://github.com/rancher/rancher/raw/649fdad268d8ecc748e9fdcca2ddcfdc900f9eaa/pkg%2Fgenerated%2Fclientset%2Fversioned%2Ftyped%2Fprovisioning.cattle.io%2Fv1%2Fgenerated_expansion.go,[]
rancher,rancher,0c020f0c6846ddfe1c66e2a9f8ac1ebef3b171c6,pkg/generated/clientset/versioned/typed/provisioning.cattle.io/v1/provisioning.cattle.io_client.go,https://github.com/rancher/rancher/raw/649fdad268d8ecc748e9fdcca2ddcfdc900f9eaa/pkg%2Fgenerated%2Fclientset%2Fversioned%2Ftyped%2Fprovisioning.cattle.io%2Fv1%2Fprovisioning.cattle.io_client.go,[]
rancher,rancher,0c020f0c6846ddfe1c66e2a9f8ac1ebef3b171c6,pkg/generated/clientset/versioned/typed/rke.cattle.io/v1/custommachine.go,https://github.com/rancher/rancher/raw/649fdad268d8ecc748e9fdcca2ddcfdc900f9eaa/pkg%2Fgenerated%2Fclientset%2Fversioned%2Ftyped%2Frke.cattle.io%2Fv1%2Fcustommachine.go,[]
rancher,rancher,0c020f0c6846ddfe1c66e2a9f8ac1ebef3b171c6,pkg/generated/clientset/versioned/typed/rke.cattle.io/v1/doc.go,https://github.com/rancher/rancher/raw/649fdad268d8ecc748e9fdcca2ddcfdc900f9eaa/pkg%2Fgenerated%2Fclientset%2Fversioned%2Ftyped%2Frke.cattle.io%2Fv1%2Fdoc.go,[]
rancher,rancher,0c020f0c6846ddfe1c66e2a9f8ac1ebef3b171c6,pkg/generated/clientset/versioned/typed/rke.cattle.io/v1/etcdsnapshot.go,https://github.com/rancher/rancher/raw/649fdad268d8ecc748e9fdcca2ddcfdc900f9eaa/pkg%2Fgenerated%2Fclientset%2Fversioned%2Ftyped%2Frke.cattle.io%2Fv1%2Fetcdsnapshot.go,[]
rancher,rancher,0c020f0c6846ddfe1c66e2a9f8ac1ebef3b171c6,pkg/generated/clientset/versioned/typed/rke.cattle.io/v1/fake/doc.go,https://github.com/rancher/rancher/raw/649fdad268d8ecc748e9fdcca2ddcfdc900f9eaa/pkg%2Fgenerated%2Fclientset%2Fversioned%2Ftyped%2Frke.cattle.io%2Fv1%2Ffake%2Fdoc.go,[]
rancher,rancher,0c020f0c6846ddfe1c66e2a9f8ac1ebef3b171c6,pkg/generated/clientset/versioned/typed/rke.cattle.io/v1/fake/fake_custommachine.go,https://github.com/rancher/rancher/raw/649fdad268d8ecc748e9fdcca2ddcfdc900f9eaa/pkg%2Fgenerated%2Fclientset%2Fversioned%2Ftyped%2Frke.cattle.io%2Fv1%2Ffake%2Ffake_custommachine.go,[]
rancher,rancher,0c020f0c6846ddfe1c66e2a9f8ac1ebef3b171c6,pkg/generated/clientset/versioned/typed/rke.cattle.io/v1/fake/fake_etcdsnapshot.go,https://github.com/rancher/rancher/raw/649fdad268d8ecc748e9fdcca2ddcfdc900f9eaa/pkg%2Fgenerated%2Fclientset%2Fversioned%2Ftyped%2Frke.cattle.io%2Fv1%2Ffake%2Ffake_etcdsnapshot.go,[]
rancher,rancher,0c020f0c6846ddfe1c66e2a9f8ac1ebef3b171c6,pkg/generated/clientset/versioned/typed/rke.cattle.io/v1/fake/fake_rke.cattle.io_client.go,https://github.com/rancher/rancher/raw/649fdad268d8ecc748e9fdcca2ddcfdc900f9eaa/pkg%2Fgenerated%2Fclientset%2Fversioned%2Ftyped%2Frke.cattle.io%2Fv1%2Ffake%2Ffake_rke.cattle.io_client.go,[]
rancher,rancher,0c020f0c6846ddfe1c66e2a9f8ac1ebef3b171c6,pkg/generated/clientset/versioned/typed/rke.cattle.io/v1/fake/fake_rkebootstrap.go,https://github.com/rancher/rancher/raw/649fdad268d8ecc748e9fdcca2ddcfdc900f9eaa/pkg%2Fgenerated%2Fclientset%2Fversioned%2Ftyped%2Frke.cattle.io%2Fv1%2Ffake%2Ffake_rkebootstrap.go,[]
rancher,rancher,0c020f0c6846ddfe1c66e2a9f8ac1ebef3b171c6,pkg/generated/clientset/versioned/typed/rke.cattle.io/v1/fake/fake_rkebootstraptemplate.go,https://github.com/rancher/rancher/raw/649fdad268d8ecc748e9fdcca2ddcfdc900f9eaa/pkg%2Fgenerated%2Fclientset%2Fversioned%2Ftyped%2Frke.cattle.io%2Fv1%2Ffake%2Ffake_rkebootstraptemplate.go,[]
rancher,rancher,0c020f0c6846ddfe1c66e2a9f8ac1ebef3b171c6,pkg/generated/clientset/versioned/typed/rke.cattle.io/v1/fake/fake_rkecluster.go,https://github.com/rancher/rancher/raw/649fdad268d8ecc748e9fdcca2ddcfdc900f9eaa/pkg%2Fgenerated%2Fclientset%2Fversioned%2Ftyped%2Frke.cattle.io%2Fv1%2Ffake%2Ffake_rkecluster.go,[]
rancher,rancher,0c020f0c6846ddfe1c66e2a9f8ac1ebef3b171c6,pkg/generated/clientset/versioned/typed/rke.cattle.io/v1/fake/fake_rkecontrolplane.go,https://github.com/rancher/rancher/raw/649fdad268d8ecc748e9fdcca2ddcfdc900f9eaa/pkg%2Fgenerated%2Fclientset%2Fversioned%2Ftyped%2Frke.cattle.io%2Fv1%2Ffake%2Ffake_rkecontrolplane.go,[]
rancher,rancher,0c020f0c6846ddfe1c66e2a9f8ac1ebef3b171c6,pkg/generated/clientset/versioned/typed/rke.cattle.io/v1/generated_expansion.go,https://github.com/rancher/rancher/raw/649fdad268d8ecc748e9fdcca2ddcfdc900f9eaa/pkg%2Fgenerated%2Fclientset%2Fversioned%2Ftyped%2Frke.cattle.io%2Fv1%2Fgenerated_expansion.go,[]
rancher,rancher,0c020f0c6846ddfe1c66e2a9f8ac1ebef3b171c6,pkg/generated/clientset/versioned/typed/rke.cattle.io/v1/rke.cattle.io_client.go,https://github.com/rancher/rancher/raw/649fdad268d8ecc748e9fdcca2ddcfdc900f9eaa/pkg%2Fgenerated%2Fclientset%2Fversioned%2Ftyped%2Frke.cattle.io%2Fv1%2Frke.cattle.io_client.go,[]
rancher,rancher,0c020f0c6846ddfe1c66e2a9f8ac1ebef3b171c6,pkg/generated/clientset/versioned/typed/rke.cattle.io/v1/rkebootstrap.go,https://github.com/rancher/rancher/raw/649fdad268d8ecc748e9fdcca2ddcfdc900f9eaa/pkg%2Fgenerated%2Fclientset%2Fversioned%2Ftyped%2Frke.cattle.io%2Fv1%2Frkebootstrap.go,[]
rancher,rancher,0c020f0c6846ddfe1c66e2a9f8ac1ebef3b171c6,pkg/generated/clientset/versioned/typed/rke.cattle.io/v1/rkebootstraptemplate.go,https://github.com/rancher/rancher/raw/649fdad268d8ecc748e9fdcca2ddcfdc900f9eaa/pkg%2Fgenerated%2Fclientset%2Fversioned%2Ftyped%2Frke.cattle.io%2Fv1%2Frkebootstraptemplate.go,[]
rancher,rancher,0c020f0c6846ddfe1c66e2a9f8ac1ebef3b171c6,pkg/generated/clientset/versioned/typed/rke.cattle.io/v1/rkecluster.go,https://github.com/rancher/rancher/raw/649fdad268d8ecc748e9fdcca2ddcfdc900f9eaa/pkg%2Fgenerated%2Fclientset%2Fversioned%2Ftyped%2Frke.cattle.io%2Fv1%2Frkecluster.go,[]
rancher,rancher,0c020f0c6846ddfe1c66e2a9f8ac1ebef3b171c6,pkg/generated/clientset/versioned/typed/rke.cattle.io/v1/rkecontrolplane.go,https://github.com/rancher/rancher/raw/649fdad268d8ecc748e9fdcca2ddcfdc900f9eaa/pkg%2Fgenerated%2Fclientset%2Fversioned%2Ftyped%2Frke.cattle.io%2Fv1%2Frkecontrolplane.go,[]
rancher,rancher,0c020f0c6846ddfe1c66e2a9f8ac1ebef3b171c6,pkg/generated/clientset/versioned/typed/upgrade.cattle.io/v1/doc.go,https://github.com/rancher/rancher/raw/649fdad268d8ecc748e9fdcca2ddcfdc900f9eaa/pkg%2Fgenerated%2Fclientset%2Fversioned%2Ftyped%2Fupgrade.cattle.io%2Fv1%2Fdoc.go,[]
rancher,rancher,0c020f0c6846ddfe1c66e2a9f8ac1ebef3b171c6,pkg/generated/clientset/versioned/typed/upgrade.cattle.io/v1/fake/doc.go,https://github.com/rancher/rancher/raw/649fdad268d8ecc748e9fdcca2ddcfdc900f9eaa/pkg%2Fgenerated%2Fclientset%2Fversioned%2Ftyped%2Fupgrade.cattle.io%2Fv1%2Ffake%2Fdoc.go,[]
rancher,rancher,0c020f0c6846ddfe1c66e2a9f8ac1ebef3b171c6,pkg/generated/clientset/versioned/typed/upgrade.cattle.io/v1/fake/fake_plan.go,https://github.com/rancher/rancher/raw/649fdad268d8ecc748e9fdcca2ddcfdc900f9eaa/pkg%2Fgenerated%2Fclientset%2Fversioned%2Ftyped%2Fupgrade.cattle.io%2Fv1%2Ffake%2Ffake_plan.go,[]
rancher,rancher,0c020f0c6846ddfe1c66e2a9f8ac1ebef3b171c6,pkg/generated/clientset/versioned/typed/upgrade.cattle.io/v1/fake/fake_upgrade.cattle.io_client.go,https://github.com/rancher/rancher/raw/649fdad268d8ecc748e9fdcca2ddcfdc900f9eaa/pkg%2Fgenerated%2Fclientset%2Fversioned%2Ftyped%2Fupgrade.cattle.io%2Fv1%2Ffake%2Ffake_upgrade.cattle.io_client.go,[]
rancher,rancher,0c020f0c6846ddfe1c66e2a9f8ac1ebef3b171c6,pkg/generated/clientset/versioned/typed/upgrade.cattle.io/v1/generated_expansion.go,https://github.com/rancher/rancher/raw/649fdad268d8ecc748e9fdcca2ddcfdc900f9eaa/pkg%2Fgenerated%2Fclientset%2Fversioned%2Ftyped%2Fupgrade.cattle.io%2Fv1%2Fgenerated_expansion.go,[]
rancher,rancher,0c020f0c6846ddfe1c66e2a9f8ac1ebef3b171c6,pkg/generated/clientset/versioned/typed/upgrade.cattle.io/v1/plan.go,https://github.com/rancher/rancher/raw/649fdad268d8ecc748e9fdcca2ddcfdc900f9eaa/pkg%2Fgenerated%2Fclientset%2Fversioned%2Ftyped%2Fupgrade.cattle.io%2Fv1%2Fplan.go,[]
rancher,rancher,0c020f0c6846ddfe1c66e2a9f8ac1ebef3b171c6,pkg/generated/clientset/versioned/typed/upgrade.cattle.io/v1/upgrade.cattle.io_client.go,https://github.com/rancher/rancher/raw/649fdad268d8ecc748e9fdcca2ddcfdc900f9eaa/pkg%2Fgenerated%2Fclientset%2Fversioned%2Ftyped%2Fupgrade.cattle.io%2Fv1%2Fupgrade.cattle.io_client.go,[]
rancher,rancher,0c020f0c6846ddfe1c66e2a9f8ac1ebef3b171c6,pkg/generated/controllers/catalog.cattle.io/factory.go,https://github.com/rancher/rancher/raw/649fdad268d8ecc748e9fdcca2ddcfdc900f9eaa/pkg%2Fgenerated%2Fcontrollers%2Fcatalog.cattle.io%2Ffactory.go,[]
rancher,rancher,0c020f0c6846ddfe1c66e2a9f8ac1ebef3b171c6,pkg/generated/controllers/catalog.cattle.io/interface.go,https://github.com/rancher/rancher/raw/649fdad268d8ecc748e9fdcca2ddcfdc900f9eaa/pkg%2Fgenerated%2Fcontrollers%2Fcatalog.cattle.io%2Finterface.go,[]
rancher,rancher,0c020f0c6846ddfe1c66e2a9f8ac1ebef3b171c6,pkg/generated/controllers/catalog.cattle.io/v1/app.go,https://github.com/rancher/rancher/raw/649fdad268d8ecc748e9fdcca2ddcfdc900f9eaa/pkg%2Fgenerated%2Fcontrollers%2Fcatalog.cattle.io%2Fv1%2Fapp.go,[]
rancher,rancher,0c020f0c6846ddfe1c66e2a9f8ac1ebef3b171c6,pkg/generated/controllers/catalog.cattle.io/v1/clusterrepo.go,https://github.com/rancher/rancher/raw/649fdad268d8ecc748e9fdcca2ddcfdc900f9eaa/pkg%2Fgenerated%2Fcontrollers%2Fcatalog.cattle.io%2Fv1%2Fclusterrepo.go,[]
rancher,rancher,0c020f0c6846ddfe1c66e2a9f8ac1ebef3b171c6,pkg/generated/controllers/catalog.cattle.io/v1/interface.go,https://github.com/rancher/rancher/raw/649fdad268d8ecc748e9fdcca2ddcfdc900f9eaa/pkg%2Fgenerated%2Fcontrollers%2Fcatalog.cattle.io%2Fv1%2Finterface.go,[]
rancher,rancher,0c020f0c6846ddfe1c66e2a9f8ac1ebef3b171c6,pkg/generated/controllers/catalog.cattle.io/v1/operation.go,https://github.com/rancher/rancher/raw/649fdad268d8ecc748e9fdcca2ddcfdc900f9eaa/pkg%2Fgenerated%2Fcontrollers%2Fcatalog.cattle.io%2Fv1%2Foperation.go,[]
rancher,rancher,0c020f0c6846ddfe1c66e2a9f8ac1ebef3b171c6,pkg/generated/controllers/cluster.cattle.io/factory.go,https://github.com/rancher/rancher/raw/649fdad268d8ecc748e9fdcca2ddcfdc900f9eaa/pkg%2Fgenerated%2Fcontrollers%2Fcluster.cattle.io%2Ffactory.go,[]
rancher,rancher,0c020f0c6846ddfe1c66e2a9f8ac1ebef3b171c6,pkg/generated/controllers/cluster.cattle.io/interface.go,https://github.com/rancher/rancher/raw/649fdad268d8ecc748e9fdcca2ddcfdc900f9eaa/pkg%2Fgenerated%2Fcontrollers%2Fcluster.cattle.io%2Finterface.go,[]
rancher,rancher,0c020f0c6846ddfe1c66e2a9f8ac1ebef3b171c6,pkg/generated/controllers/cluster.cattle.io/v3/clusterauthtoken.go,https://github.com/rancher/rancher/raw/649fdad268d8ecc748e9fdcca2ddcfdc900f9eaa/pkg%2Fgenerated%2Fcontrollers%2Fcluster.cattle.io%2Fv3%2Fclusterauthtoken.go,[]
rancher,rancher,0c020f0c6846ddfe1c66e2a9f8ac1ebef3b171c6,pkg/generated/controllers/cluster.cattle.io/v3/clusteruserattribute.go,https://github.com/rancher/rancher/raw/649fdad268d8ecc748e9fdcca2ddcfdc900f9eaa/pkg%2Fgenerated%2Fcontrollers%2Fcluster.cattle.io%2Fv3%2Fclusteruserattribute.go,[]
rancher,rancher,0c020f0c6846ddfe1c66e2a9f8ac1ebef3b171c6,pkg/generated/controllers/cluster.cattle.io/v3/interface.go,https://github.com/rancher/rancher/raw/649fdad268d8ecc748e9fdcca2ddcfdc900f9eaa/pkg%2Fgenerated%2Fcontrollers%2Fcluster.cattle.io%2Fv3%2Finterface.go,[]
rancher,rancher,0c020f0c6846ddfe1c66e2a9f8ac1ebef3b171c6,pkg/generated/controllers/cluster.x-k8s.io/factory.go,https://github.com/rancher/rancher/raw/649fdad268d8ecc748e9fdcca2ddcfdc900f9eaa/pkg%2Fgenerated%2Fcontrollers%2Fcluster.x-k8s.io%2Ffactory.go,[]
rancher,rancher,0c020f0c6846ddfe1c66e2a9f8ac1ebef3b171c6,pkg/generated/controllers/cluster.x-k8s.io/interface.go,https://github.com/rancher/rancher/raw/649fdad268d8ecc748e9fdcca2ddcfdc900f9eaa/pkg%2Fgenerated%2Fcontrollers%2Fcluster.x-k8s.io%2Finterface.go,[]
rancher,rancher,0c020f0c6846ddfe1c66e2a9f8ac1ebef3b171c6,pkg/generated/controllers/cluster.x-k8s.io/v1beta1/cluster.go,https://github.com/rancher/rancher/raw/649fdad268d8ecc748e9fdcca2ddcfdc900f9eaa/pkg%2Fgenerated%2Fcontrollers%2Fcluster.x-k8s.io%2Fv1beta1%2Fcluster.go,[]
rancher,rancher,0c020f0c6846ddfe1c66e2a9f8ac1ebef3b171c6,pkg/generated/controllers/cluster.x-k8s.io/v1beta1/interface.go,https://github.com/rancher/rancher/raw/649fdad268d8ecc748e9fdcca2ddcfdc900f9eaa/pkg%2Fgenerated%2Fcontrollers%2Fcluster.x-k8s.io%2Fv1beta1%2Finterface.go,[]
rancher,rancher,0c020f0c6846ddfe1c66e2a9f8ac1ebef3b171c6,pkg/generated/controllers/cluster.x-k8s.io/v1beta1/machine.go,https://github.com/rancher/rancher/raw/649fdad268d8ecc748e9fdcca2ddcfdc900f9eaa/pkg%2Fgenerated%2Fcontrollers%2Fcluster.x-k8s.io%2Fv1beta1%2Fmachine.go,[]
rancher,rancher,0c020f0c6846ddfe1c66e2a9f8ac1ebef3b171c6,pkg/generated/controllers/cluster.x-k8s.io/v1beta1/machinedeployment.go,https://github.com/rancher/rancher/raw/649fdad268d8ecc748e9fdcca2ddcfdc900f9eaa/pkg%2Fgenerated%2Fcontrollers%2Fcluster.x-k8s.io%2Fv1beta1%2Fmachinedeployment.go,[]
rancher,rancher,0c020f0c6846ddfe1c66e2a9f8ac1ebef3b171c6,pkg/generated/controllers/cluster.x-k8s.io/v1beta1/machineset.go,https://github.com/rancher/rancher/raw/649fdad268d8ecc748e9fdcca2ddcfdc900f9eaa/pkg%2Fgenerated%2Fcontrollers%2Fcluster.x-k8s.io%2Fv1beta1%2Fmachineset.go,[]
rancher,rancher,0c020f0c6846ddfe1c66e2a9f8ac1ebef3b171c6,pkg/generated/controllers/fleet.cattle.io/factory.go,https://github.com/rancher/rancher/raw/649fdad268d8ecc748e9fdcca2ddcfdc900f9eaa/pkg%2Fgenerated%2Fcontrollers%2Ffleet.cattle.io%2Ffactory.go,[]
rancher,rancher,0c020f0c6846ddfe1c66e2a9f8ac1ebef3b171c6,pkg/generated/controllers/fleet.cattle.io/interface.go,https://github.com/rancher/rancher/raw/649fdad268d8ecc748e9fdcca2ddcfdc900f9eaa/pkg%2Fgenerated%2Fcontrollers%2Ffleet.cattle.io%2Finterface.go,[]
rancher,rancher,0c020f0c6846ddfe1c66e2a9f8ac1ebef3b171c6,pkg/generated/controllers/fleet.cattle.io/v1alpha1/bundle.go,https://github.com/rancher/rancher/raw/649fdad268d8ecc748e9fdcca2ddcfdc900f9eaa/pkg%2Fgenerated%2Fcontrollers%2Ffleet.cattle.io%2Fv1alpha1%2Fbundle.go,[]
rancher,rancher,0c020f0c6846ddfe1c66e2a9f8ac1ebef3b171c6,pkg/generated/controllers/fleet.cattle.io/v1alpha1/cluster.go,https://github.com/rancher/rancher/raw/649fdad268d8ecc748e9fdcca2ddcfdc900f9eaa/pkg%2Fgenerated%2Fcontrollers%2Ffleet.cattle.io%2Fv1alpha1%2Fcluster.go,[]
rancher,rancher,0c020f0c6846ddfe1c66e2a9f8ac1ebef3b171c6,pkg/generated/controllers/fleet.cattle.io/v1alpha1/clustergroup.go,https://github.com/rancher/rancher/raw/649fdad268d8ecc748e9fdcca2ddcfdc900f9eaa/pkg%2Fgenerated%2Fcontrollers%2Ffleet.cattle.io%2Fv1alpha1%2Fclustergroup.go,[]
rancher,rancher,0c020f0c6846ddfe1c66e2a9f8ac1ebef3b171c6,pkg/generated/controllers/fleet.cattle.io/v1alpha1/interface.go,https://github.com/rancher/rancher/raw/649fdad268d8ecc748e9fdcca2ddcfdc900f9eaa/pkg%2Fgenerated%2Fcontrollers%2Ffleet.cattle.io%2Fv1alpha1%2Finterface.go,[]
rancher,rancher,0c020f0c6846ddfe1c66e2a9f8ac1ebef3b171c6,pkg/generated/controllers/management.cattle.io/factory.go,https://github.com/rancher/rancher/raw/649fdad268d8ecc748e9fdcca2ddcfdc900f9eaa/pkg%2Fgenerated%2Fcontrollers%2Fmanagement.cattle.io%2Ffactory.go,[]
rancher,rancher,0c020f0c6846ddfe1c66e2a9f8ac1ebef3b171c6,pkg/generated/controllers/management.cattle.io/interface.go,https://github.com/rancher/rancher/raw/649fdad268d8ecc748e9fdcca2ddcfdc900f9eaa/pkg%2Fgenerated%2Fcontrollers%2Fmanagement.cattle.io%2Finterface.go,[]
rancher,rancher,0c020f0c6846ddfe1c66e2a9f8ac1ebef3b171c6,pkg/generated/controllers/management.cattle.io/v3/activedirectoryprovider.go,https://github.com/rancher/rancher/raw/649fdad268d8ecc748e9fdcca2ddcfdc900f9eaa/pkg%2Fgenerated%2Fcontrollers%2Fmanagement.cattle.io%2Fv3%2Factivedirectoryprovider.go,[]
rancher,rancher,0c020f0c6846ddfe1c66e2a9f8ac1ebef3b171c6,pkg/generated/controllers/management.cattle.io/v3/apiservice.go,https://github.com/rancher/rancher/raw/649fdad268d8ecc748e9fdcca2ddcfdc900f9eaa/pkg%2Fgenerated%2Fcontrollers%2Fmanagement.cattle.io%2Fv3%2Fapiservice.go,[]
rancher,rancher,0c020f0c6846ddfe1c66e2a9f8ac1ebef3b171c6,pkg/generated/controllers/management.cattle.io/v3/authconfig.go,https://github.com/rancher/rancher/raw/649fdad268d8ecc748e9fdcca2ddcfdc900f9eaa/pkg%2Fgenerated%2Fcontrollers%2Fmanagement.cattle.io%2Fv3%2Fauthconfig.go,[]
rancher,rancher,0c020f0c6846ddfe1c66e2a9f8ac1ebef3b171c6,pkg/generated/controllers/management.cattle.io/v3/authprovider.go,https://github.com/rancher/rancher/raw/649fdad268d8ecc748e9fdcca2ddcfdc900f9eaa/pkg%2Fgenerated%2Fcontrollers%2Fmanagement.cattle.io%2Fv3%2Fauthprovider.go,[]
rancher,rancher,0c020f0c6846ddfe1c66e2a9f8ac1ebef3b171c6,pkg/generated/controllers/management.cattle.io/v3/authtoken.go,https://github.com/rancher/rancher/raw/649fdad268d8ecc748e9fdcca2ddcfdc900f9eaa/pkg%2Fgenerated%2Fcontrollers%2Fmanagement.cattle.io%2Fv3%2Fauthtoken.go,[]
rancher,rancher,0c020f0c6846ddfe1c66e2a9f8ac1ebef3b171c6,pkg/generated/controllers/management.cattle.io/v3/azureadprovider.go,https://github.com/rancher/rancher/raw/649fdad268d8ecc748e9fdcca2ddcfdc900f9eaa/pkg%2Fgenerated%2Fcontrollers%2Fmanagement.cattle.io%2Fv3%2Fazureadprovider.go,[]
rancher,rancher,0c020f0c6846ddfe1c66e2a9f8ac1ebef3b171c6,pkg/generated/controllers/management.cattle.io/v3/catalog.go,https://github.com/rancher/rancher/raw/649fdad268d8ecc748e9fdcca2ddcfdc900f9eaa/pkg%2Fgenerated%2Fcontrollers%2Fmanagement.cattle.io%2Fv3%2Fcatalog.go,[]
rancher,rancher,0c020f0c6846ddfe1c66e2a9f8ac1ebef3b171c6,pkg/generated/controllers/management.cattle.io/v3/catalogtemplate.go,https://github.com/rancher/rancher/raw/649fdad268d8ecc748e9fdcca2ddcfdc900f9eaa/pkg%2Fgenerated%2Fcontrollers%2Fmanagement.cattle.io%2Fv3%2Fcatalogtemplate.go,[]
rancher,rancher,0c020f0c6846ddfe1c66e2a9f8ac1ebef3b171c6,pkg/generated/controllers/management.cattle.io/v3/catalogtemplateversion.go,https://github.com/rancher/rancher/raw/649fdad268d8ecc748e9fdcca2ddcfdc900f9eaa/pkg%2Fgenerated%2Fcontrollers%2Fmanagement.cattle.io%2Fv3%2Fcatalogtemplateversion.go,[]
rancher,rancher,0c020f0c6846ddfe1c66e2a9f8ac1ebef3b171c6,pkg/generated/controllers/management.cattle.io/v3/cloudcredential.go,https://github.com/rancher/rancher/raw/649fdad268d8ecc748e9fdcca2ddcfdc900f9eaa/pkg%2Fgenerated%2Fcontrollers%2Fmanagement.cattle.io%2Fv3%2Fcloudcredential.go,[]
rancher,rancher,0c020f0c6846ddfe1c66e2a9f8ac1ebef3b171c6,pkg/generated/controllers/management.cattle.io/v3/cluster.go,https://github.com/rancher/rancher/raw/649fdad268d8ecc748e9fdcca2ddcfdc900f9eaa/pkg%2Fgenerated%2Fcontrollers%2Fmanagement.cattle.io%2Fv3%2Fcluster.go,[]
rancher,rancher,0c020f0c6846ddfe1c66e2a9f8ac1ebef3b171c6,pkg/generated/controllers/management.cattle.io/v3/clusteralert.go,https://github.com/rancher/rancher/raw/649fdad268d8ecc748e9fdcca2ddcfdc900f9eaa/pkg%2Fgenerated%2Fcontrollers%2Fmanagement.cattle.io%2Fv3%2Fclusteralert.go,[]
rancher,rancher,0c020f0c6846ddfe1c66e2a9f8ac1ebef3b171c6,pkg/generated/controllers/management.cattle.io/v3/clusteralertgroup.go,https://github.com/rancher/rancher/raw/649fdad268d8ecc748e9fdcca2ddcfdc900f9eaa/pkg%2Fgenerated%2Fcontrollers%2Fmanagement.cattle.io%2Fv3%2Fclusteralertgroup.go,[]
rancher,rancher,0c020f0c6846ddfe1c66e2a9f8ac1ebef3b171c6,pkg/generated/controllers/management.cattle.io/v3/clusteralertrule.go,https://github.com/rancher/rancher/raw/649fdad268d8ecc748e9fdcca2ddcfdc900f9eaa/pkg%2Fgenerated%2Fcontrollers%2Fmanagement.cattle.io%2Fv3%2Fclusteralertrule.go,[]
rancher,rancher,0c020f0c6846ddfe1c66e2a9f8ac1ebef3b171c6,pkg/generated/controllers/management.cattle.io/v3/clustercatalog.go,https://github.com/rancher/rancher/raw/649fdad268d8ecc748e9fdcca2ddcfdc900f9eaa/pkg%2Fgenerated%2Fcontrollers%2Fmanagement.cattle.io%2Fv3%2Fclustercatalog.go,[]
rancher,rancher,0c020f0c6846ddfe1c66e2a9f8ac1ebef3b171c6,pkg/generated/controllers/management.cattle.io/v3/clusterlogging.go,https://github.com/rancher/rancher/raw/649fdad268d8ecc748e9fdcca2ddcfdc900f9eaa/pkg%2Fgenerated%2Fcontrollers%2Fmanagement.cattle.io%2Fv3%2Fclusterlogging.go,[]
rancher,rancher,0c020f0c6846ddfe1c66e2a9f8ac1ebef3b171c6,pkg/generated/controllers/management.cattle.io/v3/clustermonitorgraph.go,https://github.com/rancher/rancher/raw/649fdad268d8ecc748e9fdcca2ddcfdc900f9eaa/pkg%2Fgenerated%2Fcontrollers%2Fmanagement.cattle.io%2Fv3%2Fclustermonitorgraph.go,[]
rancher,rancher,0c020f0c6846ddfe1c66e2a9f8ac1ebef3b171c6,pkg/generated/controllers/management.cattle.io/v3/clusterregistrationtoken.go,https://github.com/rancher/rancher/raw/649fdad268d8ecc748e9fdcca2ddcfdc900f9eaa/pkg%2Fgenerated%2Fcontrollers%2Fmanagement.cattle.io%2Fv3%2Fclusterregistrationtoken.go,[]
rancher,rancher,0c020f0c6846ddfe1c66e2a9f8ac1ebef3b171c6,pkg/generated/controllers/management.cattle.io/v3/clusterroletemplatebinding.go,https://github.com/rancher/rancher/raw/649fdad268d8ecc748e9fdcca2ddcfdc900f9eaa/pkg%2Fgenerated%2Fcontrollers%2Fmanagement.cattle.io%2Fv3%2Fclusterroletemplatebinding.go,[]
rancher,rancher,0c020f0c6846ddfe1c66e2a9f8ac1ebef3b171c6,pkg/generated/controllers/management.cattle.io/v3/clustertemplate.go,https://github.com/rancher/rancher/raw/649fdad268d8ecc748e9fdcca2ddcfdc900f9eaa/pkg%2Fgenerated%2Fcontrollers%2Fmanagement.cattle.io%2Fv3%2Fclustertemplate.go,[]
rancher,rancher,0c020f0c6846ddfe1c66e2a9f8ac1ebef3b171c6,pkg/generated/controllers/management.cattle.io/v3/clustertemplaterevision.go,https://github.com/rancher/rancher/raw/649fdad268d8ecc748e9fdcca2ddcfdc900f9eaa/pkg%2Fgenerated%2Fcontrollers%2Fmanagement.cattle.io%2Fv3%2Fclustertemplaterevision.go,[]
rancher,rancher,0c020f0c6846ddfe1c66e2a9f8ac1ebef3b171c6,pkg/generated/controllers/management.cattle.io/v3/composeconfig.go,https://github.com/rancher/rancher/raw/649fdad268d8ecc748e9fdcca2ddcfdc900f9eaa/pkg%2Fgenerated%2Fcontrollers%2Fmanagement.cattle.io%2Fv3%2Fcomposeconfig.go,[]
rancher,rancher,0c020f0c6846ddfe1c66e2a9f8ac1ebef3b171c6,pkg/generated/controllers/management.cattle.io/v3/dynamicschema.go,https://github.com/rancher/rancher/raw/649fdad268d8ecc748e9fdcca2ddcfdc900f9eaa/pkg%2Fgenerated%2Fcontrollers%2Fmanagement.cattle.io%2Fv3%2Fdynamicschema.go,[]
rancher,rancher,0c020f0c6846ddfe1c66e2a9f8ac1ebef3b171c6,pkg/generated/controllers/management.cattle.io/v3/etcdbackup.go,https://github.com/rancher/rancher/raw/649fdad268d8ecc748e9fdcca2ddcfdc900f9eaa/pkg%2Fgenerated%2Fcontrollers%2Fmanagement.cattle.io%2Fv3%2Fetcdbackup.go,[]
rancher,rancher,0c020f0c6846ddfe1c66e2a9f8ac1ebef3b171c6,pkg/generated/controllers/management.cattle.io/v3/feature.go,https://github.com/rancher/rancher/raw/649fdad268d8ecc748e9fdcca2ddcfdc900f9eaa/pkg%2Fgenerated%2Fcontrollers%2Fmanagement.cattle.io%2Fv3%2Ffeature.go,[]
rancher,rancher,0c020f0c6846ddfe1c66e2a9f8ac1ebef3b171c6,pkg/generated/controllers/management.cattle.io/v3/fleetworkspace.go,https://github.com/rancher/rancher/raw/649fdad268d8ecc748e9fdcca2ddcfdc900f9eaa/pkg%2Fgenerated%2Fcontrollers%2Fmanagement.cattle.io%2Fv3%2Ffleetworkspace.go,[]
rancher,rancher,0c020f0c6846ddfe1c66e2a9f8ac1ebef3b171c6,pkg/generated/controllers/management.cattle.io/v3/freeipaprovider.go,https://github.com/rancher/rancher/raw/649fdad268d8ecc748e9fdcca2ddcfdc900f9eaa/pkg%2Fgenerated%2Fcontrollers%2Fmanagement.cattle.io%2Fv3%2Ffreeipaprovider.go,[]
rancher,rancher,0c020f0c6846ddfe1c66e2a9f8ac1ebef3b171c6,pkg/generated/controllers/management.cattle.io/v3/githubprovider.go,https://github.com/rancher/rancher/raw/649fdad268d8ecc748e9fdcca2ddcfdc900f9eaa/pkg%2Fgenerated%2Fcontrollers%2Fmanagement.cattle.io%2Fv3%2Fgithubprovider.go,[]
rancher,rancher,0c020f0c6846ddfe1c66e2a9f8ac1ebef3b171c6,pkg/generated/controllers/management.cattle.io/v3/globaldns.go,https://github.com/rancher/rancher/raw/649fdad268d8ecc748e9fdcca2ddcfdc900f9eaa/pkg%2Fgenerated%2Fcontrollers%2Fmanagement.cattle.io%2Fv3%2Fglobaldns.go,[]
rancher,rancher,0c020f0c6846ddfe1c66e2a9f8ac1ebef3b171c6,pkg/generated/controllers/management.cattle.io/v3/globaldnsprovider.go,https://github.com/rancher/rancher/raw/649fdad268d8ecc748e9fdcca2ddcfdc900f9eaa/pkg%2Fgenerated%2Fcontrollers%2Fmanagement.cattle.io%2Fv3%2Fglobaldnsprovider.go,[]
rancher,rancher,0c020f0c6846ddfe1c66e2a9f8ac1ebef3b171c6,pkg/generated/controllers/management.cattle.io/v3/globalrole.go,https://github.com/rancher/rancher/raw/649fdad268d8ecc748e9fdcca2ddcfdc900f9eaa/pkg%2Fgenerated%2Fcontrollers%2Fmanagement.cattle.io%2Fv3%2Fglobalrole.go,[]
rancher,rancher,0c020f0c6846ddfe1c66e2a9f8ac1ebef3b171c6,pkg/generated/controllers/management.cattle.io/v3/globalrolebinding.go,https://github.com/rancher/rancher/raw/649fdad268d8ecc748e9fdcca2ddcfdc900f9eaa/pkg%2Fgenerated%2Fcontrollers%2Fmanagement.cattle.io%2Fv3%2Fglobalrolebinding.go,[]
rancher,rancher,0c020f0c6846ddfe1c66e2a9f8ac1ebef3b171c6,pkg/generated/controllers/management.cattle.io/v3/googleoauthprovider.go,https://github.com/rancher/rancher/raw/649fdad268d8ecc748e9fdcca2ddcfdc900f9eaa/pkg%2Fgenerated%2Fcontrollers%2Fmanagement.cattle.io%2Fv3%2Fgoogleoauthprovider.go,[]
rancher,rancher,0c020f0c6846ddfe1c66e2a9f8ac1ebef3b171c6,pkg/generated/controllers/management.cattle.io/v3/group.go,https://github.com/rancher/rancher/raw/649fdad268d8ecc748e9fdcca2ddcfdc900f9eaa/pkg%2Fgenerated%2Fcontrollers%2Fmanagement.cattle.io%2Fv3%2Fgroup.go,[]
rancher,rancher,0c020f0c6846ddfe1c66e2a9f8ac1ebef3b171c6,pkg/generated/controllers/management.cattle.io/v3/groupmember.go,https://github.com/rancher/rancher/raw/649fdad268d8ecc748e9fdcca2ddcfdc900f9eaa/pkg%2Fgenerated%2Fcontrollers%2Fmanagement.cattle.io%2Fv3%2Fgroupmember.go,[]
rancher,rancher,0c020f0c6846ddfe1c66e2a9f8ac1ebef3b171c6,pkg/generated/controllers/management.cattle.io/v3/interface.go,https://github.com/rancher/rancher/raw/649fdad268d8ecc748e9fdcca2ddcfdc900f9eaa/pkg%2Fgenerated%2Fcontrollers%2Fmanagement.cattle.io%2Fv3%2Finterface.go,[]
rancher,rancher,0c020f0c6846ddfe1c66e2a9f8ac1ebef3b171c6,pkg/generated/controllers/management.cattle.io/v3/kontainerdriver.go,https://github.com/rancher/rancher/raw/649fdad268d8ecc748e9fdcca2ddcfdc900f9eaa/pkg%2Fgenerated%2Fcontrollers%2Fmanagement.cattle.io%2Fv3%2Fkontainerdriver.go,[]
rancher,rancher,0c020f0c6846ddfe1c66e2a9f8ac1ebef3b171c6,pkg/generated/controllers/management.cattle.io/v3/localprovider.go,https://github.com/rancher/rancher/raw/649fdad268d8ecc748e9fdcca2ddcfdc900f9eaa/pkg%2Fgenerated%2Fcontrollers%2Fmanagement.cattle.io%2Fv3%2Flocalprovider.go,[]
rancher,rancher,0c020f0c6846ddfe1c66e2a9f8ac1ebef3b171c6,pkg/generated/controllers/management.cattle.io/v3/managedchart.go,https://github.com/rancher/rancher/raw/649fdad268d8ecc748e9fdcca2ddcfdc900f9eaa/pkg%2Fgenerated%2Fcontrollers%2Fmanagement.cattle.io%2Fv3%2Fmanagedchart.go,[]
rancher,rancher,0c020f0c6846ddfe1c66e2a9f8ac1ebef3b171c6,pkg/generated/controllers/management.cattle.io/v3/monitormetric.go,https://github.com/rancher/rancher/raw/649fdad268d8ecc748e9fdcca2ddcfdc900f9eaa/pkg%2Fgenerated%2Fcontrollers%2Fmanagement.cattle.io%2Fv3%2Fmonitormetric.go,[]
rancher,rancher,0c020f0c6846ddfe1c66e2a9f8ac1ebef3b171c6,pkg/generated/controllers/management.cattle.io/v3/multiclusterapp.go,https://github.com/rancher/rancher/raw/649fdad268d8ecc748e9fdcca2ddcfdc900f9eaa/pkg%2Fgenerated%2Fcontrollers%2Fmanagement.cattle.io%2Fv3%2Fmulticlusterapp.go,[]
rancher,rancher,0c020f0c6846ddfe1c66e2a9f8ac1ebef3b171c6,pkg/generated/controllers/management.cattle.io/v3/multiclusterapprevision.go,https://github.com/rancher/rancher/raw/649fdad268d8ecc748e9fdcca2ddcfdc900f9eaa/pkg%2Fgenerated%2Fcontrollers%2Fmanagement.cattle.io%2Fv3%2Fmulticlusterapprevision.go,[]
rancher,rancher,0c020f0c6846ddfe1c66e2a9f8ac1ebef3b171c6,pkg/generated/controllers/management.cattle.io/v3/node.go,https://github.com/rancher/rancher/raw/649fdad268d8ecc748e9fdcca2ddcfdc900f9eaa/pkg%2Fgenerated%2Fcontrollers%2Fmanagement.cattle.io%2Fv3%2Fnode.go,[]
rancher,rancher,0c020f0c6846ddfe1c66e2a9f8ac1ebef3b171c6,pkg/generated/controllers/management.cattle.io/v3/nodedriver.go,https://github.com/rancher/rancher/raw/649fdad268d8ecc748e9fdcca2ddcfdc900f9eaa/pkg%2Fgenerated%2Fcontrollers%2Fmanagement.cattle.io%2Fv3%2Fnodedriver.go,[]
rancher,rancher,0c020f0c6846ddfe1c66e2a9f8ac1ebef3b171c6,pkg/generated/controllers/management.cattle.io/v3/nodepool.go,https://github.com/rancher/rancher/raw/649fdad268d8ecc748e9fdcca2ddcfdc900f9eaa/pkg%2Fgenerated%2Fcontrollers%2Fmanagement.cattle.io%2Fv3%2Fnodepool.go,[]
rancher,rancher,0c020f0c6846ddfe1c66e2a9f8ac1ebef3b171c6,pkg/generated/controllers/management.cattle.io/v3/nodetemplate.go,https://github.com/rancher/rancher/raw/649fdad268d8ecc748e9fdcca2ddcfdc900f9eaa/pkg%2Fgenerated%2Fcontrollers%2Fmanagement.cattle.io%2Fv3%2Fnodetemplate.go,[]
rancher,rancher,0c020f0c6846ddfe1c66e2a9f8ac1ebef3b171c6,pkg/generated/controllers/management.cattle.io/v3/notifier.go,https://github.com/rancher/rancher/raw/649fdad268d8ecc748e9fdcca2ddcfdc900f9eaa/pkg%2Fgenerated%2Fcontrollers%2Fmanagement.cattle.io%2Fv3%2Fnotifier.go,[]
rancher,rancher,0c020f0c6846ddfe1c66e2a9f8ac1ebef3b171c6,pkg/generated/controllers/management.cattle.io/v3/oidcprovider.go,https://github.com/rancher/rancher/raw/649fdad268d8ecc748e9fdcca2ddcfdc900f9eaa/pkg%2Fgenerated%2Fcontrollers%2Fmanagement.cattle.io%2Fv3%2Foidcprovider.go,[]
rancher,rancher,0c020f0c6846ddfe1c66e2a9f8ac1ebef3b171c6,pkg/generated/controllers/management.cattle.io/v3/openldapprovider.go,https://github.com/rancher/rancher/raw/649fdad268d8ecc748e9fdcca2ddcfdc900f9eaa/pkg%2Fgenerated%2Fcontrollers%2Fmanagement.cattle.io%2Fv3%2Fopenldapprovider.go,[]
rancher,rancher,0c020f0c6846ddfe1c66e2a9f8ac1ebef3b171c6,pkg/generated/controllers/management.cattle.io/v3/podsecurityadmissionconfigurationtemplate.go,https://github.com/rancher/rancher/raw/649fdad268d8ecc748e9fdcca2ddcfdc900f9eaa/pkg%2Fgenerated%2Fcontrollers%2Fmanagement.cattle.io%2Fv3%2Fpodsecurityadmissionconfigurationtemplate.go,[]
rancher,rancher,0c020f0c6846ddfe1c66e2a9f8ac1ebef3b171c6,pkg/generated/controllers/management.cattle.io/v3/podsecuritypolicytemplate.go,https://github.com/rancher/rancher/raw/649fdad268d8ecc748e9fdcca2ddcfdc900f9eaa/pkg%2Fgenerated%2Fcontrollers%2Fmanagement.cattle.io%2Fv3%2Fpodsecuritypolicytemplate.go,[]
rancher,rancher,0c020f0c6846ddfe1c66e2a9f8ac1ebef3b171c6,pkg/generated/controllers/management.cattle.io/v3/podsecuritypolicytemplateprojectbinding.go,https://github.com/rancher/rancher/raw/649fdad268d8ecc748e9fdcca2ddcfdc900f9eaa/pkg%2Fgenerated%2Fcontrollers%2Fmanagement.cattle.io%2Fv3%2Fpodsecuritypolicytemplateprojectbinding.go,[]
rancher,rancher,0c020f0c6846ddfe1c66e2a9f8ac1ebef3b171c6,pkg/generated/controllers/management.cattle.io/v3/preference.go,https://github.com/rancher/rancher/raw/649fdad268d8ecc748e9fdcca2ddcfdc900f9eaa/pkg%2Fgenerated%2Fcontrollers%2Fmanagement.cattle.io%2Fv3%2Fpreference.go,[]
rancher,rancher,0c020f0c6846ddfe1c66e2a9f8ac1ebef3b171c6,pkg/generated/controllers/management.cattle.io/v3/principal.go,https://github.com/rancher/rancher/raw/649fdad268d8ecc748e9fdcca2ddcfdc900f9eaa/pkg%2Fgenerated%2Fcontrollers%2Fmanagement.cattle.io%2Fv3%2Fprincipal.go,[]
rancher,rancher,0c020f0c6846ddfe1c66e2a9f8ac1ebef3b171c6,pkg/generated/controllers/management.cattle.io/v3/project.go,https://github.com/rancher/rancher/raw/649fdad268d8ecc748e9fdcca2ddcfdc900f9eaa/pkg%2Fgenerated%2Fcontrollers%2Fmanagement.cattle.io%2Fv3%2Fproject.go,[]
rancher,rancher,0c020f0c6846ddfe1c66e2a9f8ac1ebef3b171c6,pkg/generated/controllers/management.cattle.io/v3/projectalert.go,https://github.com/rancher/rancher/raw/649fdad268d8ecc748e9fdcca2ddcfdc900f9eaa/pkg%2Fgenerated%2Fcontrollers%2Fmanagement.cattle.io%2Fv3%2Fprojectalert.go,[]
rancher,rancher,0c020f0c6846ddfe1c66e2a9f8ac1ebef3b171c6,pkg/generated/controllers/management.cattle.io/v3/projectalertgroup.go,https://github.com/rancher/rancher/raw/649fdad268d8ecc748e9fdcca2ddcfdc900f9eaa/pkg%2Fgenerated%2Fcontrollers%2Fmanagement.cattle.io%2Fv3%2Fprojectalertgroup.go,[]
rancher,rancher,0c020f0c6846ddfe1c66e2a9f8ac1ebef3b171c6,pkg/generated/controllers/management.cattle.io/v3/projectalertrule.go,https://github.com/rancher/rancher/raw/649fdad268d8ecc748e9fdcca2ddcfdc900f9eaa/pkg%2Fgenerated%2Fcontrollers%2Fmanagement.cattle.io%2Fv3%2Fprojectalertrule.go,[]
rancher,rancher,0c020f0c6846ddfe1c66e2a9f8ac1ebef3b171c6,pkg/generated/controllers/management.cattle.io/v3/projectcatalog.go,https://github.com/rancher/rancher/raw/649fdad268d8ecc748e9fdcca2ddcfdc900f9eaa/pkg%2Fgenerated%2Fcontrollers%2Fmanagement.cattle.io%2Fv3%2Fprojectcatalog.go,[]
rancher,rancher,0c020f0c6846ddfe1c66e2a9f8ac1ebef3b171c6,pkg/generated/controllers/management.cattle.io/v3/projectlogging.go,https://github.com/rancher/rancher/raw/649fdad268d8ecc748e9fdcca2ddcfdc900f9eaa/pkg%2Fgenerated%2Fcontrollers%2Fmanagement.cattle.io%2Fv3%2Fprojectlogging.go,[]
rancher,rancher,0c020f0c6846ddfe1c66e2a9f8ac1ebef3b171c6,pkg/generated/controllers/management.cattle.io/v3/projectmonitorgraph.go,https://github.com/rancher/rancher/raw/649fdad268d8ecc748e9fdcca2ddcfdc900f9eaa/pkg%2Fgenerated%2Fcontrollers%2Fmanagement.cattle.io%2Fv3%2Fprojectmonitorgraph.go,[]
rancher,rancher,0c020f0c6846ddfe1c66e2a9f8ac1ebef3b171c6,pkg/generated/controllers/management.cattle.io/v3/projectnetworkpolicy.go,https://github.com/rancher/rancher/raw/649fdad268d8ecc748e9fdcca2ddcfdc900f9eaa/pkg%2Fgenerated%2Fcontrollers%2Fmanagement.cattle.io%2Fv3%2Fprojectnetworkpolicy.go,[]
rancher,rancher,0c020f0c6846ddfe1c66e2a9f8ac1ebef3b171c6,pkg/generated/controllers/management.cattle.io/v3/projectroletemplatebinding.go,https://github.com/rancher/rancher/raw/649fdad268d8ecc748e9fdcca2ddcfdc900f9eaa/pkg%2Fgenerated%2Fcontrollers%2Fmanagement.cattle.io%2Fv3%2Fprojectroletemplatebinding.go,[]
rancher,rancher,0c020f0c6846ddfe1c66e2a9f8ac1ebef3b171c6,pkg/generated/controllers/management.cattle.io/v3/rancherusernotification.go,https://github.com/rancher/rancher/raw/649fdad268d8ecc748e9fdcca2ddcfdc900f9eaa/pkg%2Fgenerated%2Fcontrollers%2Fmanagement.cattle.io%2Fv3%2Francherusernotification.go,[]
rancher,rancher,0c020f0c6846ddfe1c66e2a9f8ac1ebef3b171c6,pkg/generated/controllers/management.cattle.io/v3/rkeaddon.go,https://github.com/rancher/rancher/raw/649fdad268d8ecc748e9fdcca2ddcfdc900f9eaa/pkg%2Fgenerated%2Fcontrollers%2Fmanagement.cattle.io%2Fv3%2Frkeaddon.go,[]
rancher,rancher,0c020f0c6846ddfe1c66e2a9f8ac1ebef3b171c6,pkg/generated/controllers/management.cattle.io/v3/rkek8sserviceoption.go,https://github.com/rancher/rancher/raw/649fdad268d8ecc748e9fdcca2ddcfdc900f9eaa/pkg%2Fgenerated%2Fcontrollers%2Fmanagement.cattle.io%2Fv3%2Frkek8sserviceoption.go,[]
rancher,rancher,0c020f0c6846ddfe1c66e2a9f8ac1ebef3b171c6,pkg/generated/controllers/management.cattle.io/v3/rkek8ssystemimage.go,https://github.com/rancher/rancher/raw/649fdad268d8ecc748e9fdcca2ddcfdc900f9eaa/pkg%2Fgenerated%2Fcontrollers%2Fmanagement.cattle.io%2Fv3%2Frkek8ssystemimage.go,[]
rancher,rancher,0c020f0c6846ddfe1c66e2a9f8ac1ebef3b171c6,pkg/generated/controllers/management.cattle.io/v3/roletemplate.go,https://github.com/rancher/rancher/raw/649fdad268d8ecc748e9fdcca2ddcfdc900f9eaa/pkg%2Fgenerated%2Fcontrollers%2Fmanagement.cattle.io%2Fv3%2Froletemplate.go,[]
rancher,rancher,0c020f0c6846ddfe1c66e2a9f8ac1ebef3b171c6,pkg/generated/controllers/management.cattle.io/v3/samlprovider.go,https://github.com/rancher/rancher/raw/649fdad268d8ecc748e9fdcca2ddcfdc900f9eaa/pkg%2Fgenerated%2Fcontrollers%2Fmanagement.cattle.io%2Fv3%2Fsamlprovider.go,[]
rancher,rancher,0c020f0c6846ddfe1c66e2a9f8ac1ebef3b171c6,pkg/generated/controllers/management.cattle.io/v3/samltoken.go,https://github.com/rancher/rancher/raw/649fdad268d8ecc748e9fdcca2ddcfdc900f9eaa/pkg%2Fgenerated%2Fcontrollers%2Fmanagement.cattle.io%2Fv3%2Fsamltoken.go,[]
rancher,rancher,0c020f0c6846ddfe1c66e2a9f8ac1ebef3b171c6,pkg/generated/controllers/management.cattle.io/v3/setting.go,https://github.com/rancher/rancher/raw/649fdad268d8ecc748e9fdcca2ddcfdc900f9eaa/pkg%2Fgenerated%2Fcontrollers%2Fmanagement.cattle.io%2Fv3%2Fsetting.go,[]
rancher,rancher,0c020f0c6846ddfe1c66e2a9f8ac1ebef3b171c6,pkg/generated/controllers/management.cattle.io/v3/template.go,https://github.com/rancher/rancher/raw/649fdad268d8ecc748e9fdcca2ddcfdc900f9eaa/pkg%2Fgenerated%2Fcontrollers%2Fmanagement.cattle.io%2Fv3%2Ftemplate.go,[]
rancher,rancher,0c020f0c6846ddfe1c66e2a9f8ac1ebef3b171c6,pkg/generated/controllers/management.cattle.io/v3/templatecontent.go,https://github.com/rancher/rancher/raw/649fdad268d8ecc748e9fdcca2ddcfdc900f9eaa/pkg%2Fgenerated%2Fcontrollers%2Fmanagement.cattle.io%2Fv3%2Ftemplatecontent.go,[]
rancher,rancher,0c020f0c6846ddfe1c66e2a9f8ac1ebef3b171c6,pkg/generated/controllers/management.cattle.io/v3/templateversion.go,https://github.com/rancher/rancher/raw/649fdad268d8ecc748e9fdcca2ddcfdc900f9eaa/pkg%2Fgenerated%2Fcontrollers%2Fmanagement.cattle.io%2Fv3%2Ftemplateversion.go,[]
rancher,rancher,0c020f0c6846ddfe1c66e2a9f8ac1ebef3b171c6,pkg/generated/controllers/management.cattle.io/v3/token.go,https://github.com/rancher/rancher/raw/649fdad268d8ecc748e9fdcca2ddcfdc900f9eaa/pkg%2Fgenerated%2Fcontrollers%2Fmanagement.cattle.io%2Fv3%2Ftoken.go,[]
rancher,rancher,0c020f0c6846ddfe1c66e2a9f8ac1ebef3b171c6,pkg/generated/controllers/management.cattle.io/v3/user.go,https://github.com/rancher/rancher/raw/649fdad268d8ecc748e9fdcca2ddcfdc900f9eaa/pkg%2Fgenerated%2Fcontrollers%2Fmanagement.cattle.io%2Fv3%2Fuser.go,[]
rancher,rancher,0c020f0c6846ddfe1c66e2a9f8ac1ebef3b171c6,pkg/generated/controllers/management.cattle.io/v3/userattribute.go,https://github.com/rancher/rancher/raw/649fdad268d8ecc748e9fdcca2ddcfdc900f9eaa/pkg%2Fgenerated%2Fcontrollers%2Fmanagement.cattle.io%2Fv3%2Fuserattribute.go,[]
rancher,rancher,0c020f0c6846ddfe1c66e2a9f8ac1ebef3b171c6,pkg/generated/controllers/project.cattle.io/factory.go,https://github.com/rancher/rancher/raw/649fdad268d8ecc748e9fdcca2ddcfdc900f9eaa/pkg%2Fgenerated%2Fcontrollers%2Fproject.cattle.io%2Ffactory.go,[]
rancher,rancher,0c020f0c6846ddfe1c66e2a9f8ac1ebef3b171c6,pkg/generated/controllers/project.cattle.io/interface.go,https://github.com/rancher/rancher/raw/649fdad268d8ecc748e9fdcca2ddcfdc900f9eaa/pkg%2Fgenerated%2Fcontrollers%2Fproject.cattle.io%2Finterface.go,[]
rancher,rancher,0c020f0c6846ddfe1c66e2a9f8ac1ebef3b171c6,pkg/generated/controllers/project.cattle.io/v3/app.go,https://github.com/rancher/rancher/raw/649fdad268d8ecc748e9fdcca2ddcfdc900f9eaa/pkg%2Fgenerated%2Fcontrollers%2Fproject.cattle.io%2Fv3%2Fapp.go,[]
rancher,rancher,0c020f0c6846ddfe1c66e2a9f8ac1ebef3b171c6,pkg/generated/controllers/project.cattle.io/v3/apprevision.go,https://github.com/rancher/rancher/raw/649fdad268d8ecc748e9fdcca2ddcfdc900f9eaa/pkg%2Fgenerated%2Fcontrollers%2Fproject.cattle.io%2Fv3%2Fapprevision.go,[]
rancher,rancher,0c020f0c6846ddfe1c66e2a9f8ac1ebef3b171c6,pkg/generated/controllers/project.cattle.io/v3/basicauth.go,https://github.com/rancher/rancher/raw/649fdad268d8ecc748e9fdcca2ddcfdc900f9eaa/pkg%2Fgenerated%2Fcontrollers%2Fproject.cattle.io%2Fv3%2Fbasicauth.go,[]
rancher,rancher,0c020f0c6846ddfe1c66e2a9f8ac1ebef3b171c6,pkg/generated/controllers/project.cattle.io/v3/certificate.go,https://github.com/rancher/rancher/raw/649fdad268d8ecc748e9fdcca2ddcfdc900f9eaa/pkg%2Fgenerated%2Fcontrollers%2Fproject.cattle.io%2Fv3%2Fcertificate.go,[]
rancher,rancher,0c020f0c6846ddfe1c66e2a9f8ac1ebef3b171c6,pkg/generated/controllers/project.cattle.io/v3/dockercredential.go,https://github.com/rancher/rancher/raw/649fdad268d8ecc748e9fdcca2ddcfdc900f9eaa/pkg%2Fgenerated%2Fcontrollers%2Fproject.cattle.io%2Fv3%2Fdockercredential.go,[]
rancher,rancher,0c020f0c6846ddfe1c66e2a9f8ac1ebef3b171c6,pkg/generated/controllers/project.cattle.io/v3/interface.go,https://github.com/rancher/rancher/raw/649fdad268d8ecc748e9fdcca2ddcfdc900f9eaa/pkg%2Fgenerated%2Fcontrollers%2Fproject.cattle.io%2Fv3%2Finterface.go,[]
rancher,rancher,0c020f0c6846ddfe1c66e2a9f8ac1ebef3b171c6,pkg/generated/controllers/project.cattle.io/v3/namespacedbasicauth.go,https://github.com/rancher/rancher/raw/649fdad268d8ecc748e9fdcca2ddcfdc900f9eaa/pkg%2Fgenerated%2Fcontrollers%2Fproject.cattle.io%2Fv3%2Fnamespacedbasicauth.go,[]
rancher,rancher,0c020f0c6846ddfe1c66e2a9f8ac1ebef3b171c6,pkg/generated/controllers/project.cattle.io/v3/namespacedcertificate.go,https://github.com/rancher/rancher/raw/649fdad268d8ecc748e9fdcca2ddcfdc900f9eaa/pkg%2Fgenerated%2Fcontrollers%2Fproject.cattle.io%2Fv3%2Fnamespacedcertificate.go,[]
rancher,rancher,0c020f0c6846ddfe1c66e2a9f8ac1ebef3b171c6,pkg/generated/controllers/project.cattle.io/v3/namespaceddockercredential.go,https://github.com/rancher/rancher/raw/649fdad268d8ecc748e9fdcca2ddcfdc900f9eaa/pkg%2Fgenerated%2Fcontrollers%2Fproject.cattle.io%2Fv3%2Fnamespaceddockercredential.go,[]
rancher,rancher,0c020f0c6846ddfe1c66e2a9f8ac1ebef3b171c6,pkg/generated/controllers/project.cattle.io/v3/namespacedserviceaccounttoken.go,https://github.com/rancher/rancher/raw/649fdad268d8ecc748e9fdcca2ddcfdc900f9eaa/pkg%2Fgenerated%2Fcontrollers%2Fproject.cattle.io%2Fv3%2Fnamespacedserviceaccounttoken.go,[]
rancher,rancher,0c020f0c6846ddfe1c66e2a9f8ac1ebef3b171c6,pkg/generated/controllers/project.cattle.io/v3/namespacedsshauth.go,https://github.com/rancher/rancher/raw/649fdad268d8ecc748e9fdcca2ddcfdc900f9eaa/pkg%2Fgenerated%2Fcontrollers%2Fproject.cattle.io%2Fv3%2Fnamespacedsshauth.go,[]
rancher,rancher,0c020f0c6846ddfe1c66e2a9f8ac1ebef3b171c6,pkg/generated/controllers/project.cattle.io/v3/serviceaccounttoken.go,https://github.com/rancher/rancher/raw/649fdad268d8ecc748e9fdcca2ddcfdc900f9eaa/pkg%2Fgenerated%2Fcontrollers%2Fproject.cattle.io%2Fv3%2Fserviceaccounttoken.go,[]
rancher,rancher,0c020f0c6846ddfe1c66e2a9f8ac1ebef3b171c6,pkg/generated/controllers/project.cattle.io/v3/sshauth.go,https://github.com/rancher/rancher/raw/649fdad268d8ecc748e9fdcca2ddcfdc900f9eaa/pkg%2Fgenerated%2Fcontrollers%2Fproject.cattle.io%2Fv3%2Fsshauth.go,[]
rancher,rancher,0c020f0c6846ddfe1c66e2a9f8ac1ebef3b171c6,pkg/generated/controllers/project.cattle.io/v3/workload.go,https://github.com/rancher/rancher/raw/649fdad268d8ecc748e9fdcca2ddcfdc900f9eaa/pkg%2Fgenerated%2Fcontrollers%2Fproject.cattle.io%2Fv3%2Fworkload.go,[]
rancher,rancher,0c020f0c6846ddfe1c66e2a9f8ac1ebef3b171c6,pkg/generated/controllers/provisioning.cattle.io/factory.go,https://github.com/rancher/rancher/raw/649fdad268d8ecc748e9fdcca2ddcfdc900f9eaa/pkg%2Fgenerated%2Fcontrollers%2Fprovisioning.cattle.io%2Ffactory.go,[]
rancher,rancher,0c020f0c6846ddfe1c66e2a9f8ac1ebef3b171c6,pkg/generated/controllers/provisioning.cattle.io/interface.go,https://github.com/rancher/rancher/raw/649fdad268d8ecc748e9fdcca2ddcfdc900f9eaa/pkg%2Fgenerated%2Fcontrollers%2Fprovisioning.cattle.io%2Finterface.go,[]
rancher,rancher,0c020f0c6846ddfe1c66e2a9f8ac1ebef3b171c6,pkg/generated/controllers/provisioning.cattle.io/v1/cluster.go,https://github.com/rancher/rancher/raw/649fdad268d8ecc748e9fdcca2ddcfdc900f9eaa/pkg%2Fgenerated%2Fcontrollers%2Fprovisioning.cattle.io%2Fv1%2Fcluster.go,[]
rancher,rancher,0c020f0c6846ddfe1c66e2a9f8ac1ebef3b171c6,pkg/generated/controllers/provisioning.cattle.io/v1/interface.go,https://github.com/rancher/rancher/raw/649fdad268d8ecc748e9fdcca2ddcfdc900f9eaa/pkg%2Fgenerated%2Fcontrollers%2Fprovisioning.cattle.io%2Fv1%2Finterface.go,[]
rancher,rancher,0c020f0c6846ddfe1c66e2a9f8ac1ebef3b171c6,pkg/generated/controllers/rke.cattle.io/factory.go,https://github.com/rancher/rancher/raw/649fdad268d8ecc748e9fdcca2ddcfdc900f9eaa/pkg%2Fgenerated%2Fcontrollers%2Frke.cattle.io%2Ffactory.go,[]
rancher,rancher,0c020f0c6846ddfe1c66e2a9f8ac1ebef3b171c6,pkg/generated/controllers/rke.cattle.io/interface.go,https://github.com/rancher/rancher/raw/649fdad268d8ecc748e9fdcca2ddcfdc900f9eaa/pkg%2Fgenerated%2Fcontrollers%2Frke.cattle.io%2Finterface.go,[]
rancher,rancher,0c020f0c6846ddfe1c66e2a9f8ac1ebef3b171c6,pkg/generated/controllers/rke.cattle.io/v1/custommachine.go,https://github.com/rancher/rancher/raw/649fdad268d8ecc748e9fdcca2ddcfdc900f9eaa/pkg%2Fgenerated%2Fcontrollers%2Frke.cattle.io%2Fv1%2Fcustommachine.go,[]
rancher,rancher,0c020f0c6846ddfe1c66e2a9f8ac1ebef3b171c6,pkg/generated/controllers/rke.cattle.io/v1/etcdsnapshot.go,https://github.com/rancher/rancher/raw/649fdad268d8ecc748e9fdcca2ddcfdc900f9eaa/pkg%2Fgenerated%2Fcontrollers%2Frke.cattle.io%2Fv1%2Fetcdsnapshot.go,[]
rancher,rancher,0c020f0c6846ddfe1c66e2a9f8ac1ebef3b171c6,pkg/generated/controllers/rke.cattle.io/v1/interface.go,https://github.com/rancher/rancher/raw/649fdad268d8ecc748e9fdcca2ddcfdc900f9eaa/pkg%2Fgenerated%2Fcontrollers%2Frke.cattle.io%2Fv1%2Finterface.go,[]
rancher,rancher,0c020f0c6846ddfe1c66e2a9f8ac1ebef3b171c6,pkg/generated/controllers/rke.cattle.io/v1/rkebootstrap.go,https://github.com/rancher/rancher/raw/649fdad268d8ecc748e9fdcca2ddcfdc900f9eaa/pkg%2Fgenerated%2Fcontrollers%2Frke.cattle.io%2Fv1%2Frkebootstrap.go,[]
rancher,rancher,0c020f0c6846ddfe1c66e2a9f8ac1ebef3b171c6,pkg/generated/controllers/rke.cattle.io/v1/rkebootstraptemplate.go,https://github.com/rancher/rancher/raw/649fdad268d8ecc748e9fdcca2ddcfdc900f9eaa/pkg%2Fgenerated%2Fcontrollers%2Frke.cattle.io%2Fv1%2Frkebootstraptemplate.go,[]
rancher,rancher,0c020f0c6846ddfe1c66e2a9f8ac1ebef3b171c6,pkg/generated/controllers/rke.cattle.io/v1/rkecluster.go,https://github.com/rancher/rancher/raw/649fdad268d8ecc748e9fdcca2ddcfdc900f9eaa/pkg%2Fgenerated%2Fcontrollers%2Frke.cattle.io%2Fv1%2Frkecluster.go,[]
rancher,rancher,0c020f0c6846ddfe1c66e2a9f8ac1ebef3b171c6,pkg/generated/controllers/rke.cattle.io/v1/rkecontrolplane.go,https://github.com/rancher/rancher/raw/649fdad268d8ecc748e9fdcca2ddcfdc900f9eaa/pkg%2Fgenerated%2Fcontrollers%2Frke.cattle.io%2Fv1%2Frkecontrolplane.go,[]
rancher,rancher,0c020f0c6846ddfe1c66e2a9f8ac1ebef3b171c6,pkg/generated/controllers/ui.cattle.io/factory.go,https://github.com/rancher/rancher/raw/649fdad268d8ecc748e9fdcca2ddcfdc900f9eaa/pkg%2Fgenerated%2Fcontrollers%2Fui.cattle.io%2Ffactory.go,[]
rancher,rancher,0c020f0c6846ddfe1c66e2a9f8ac1ebef3b171c6,pkg/generated/controllers/ui.cattle.io/interface.go,https://github.com/rancher/rancher/raw/649fdad268d8ecc748e9fdcca2ddcfdc900f9eaa/pkg%2Fgenerated%2Fcontrollers%2Fui.cattle.io%2Finterface.go,[]
rancher,rancher,0c020f0c6846ddfe1c66e2a9f8ac1ebef3b171c6,pkg/generated/controllers/ui.cattle.io/v1/interface.go,https://github.com/rancher/rancher/raw/649fdad268d8ecc748e9fdcca2ddcfdc900f9eaa/pkg%2Fgenerated%2Fcontrollers%2Fui.cattle.io%2Fv1%2Finterface.go,[]
rancher,rancher,0c020f0c6846ddfe1c66e2a9f8ac1ebef3b171c6,pkg/generated/controllers/ui.cattle.io/v1/navlink.go,https://github.com/rancher/rancher/raw/649fdad268d8ecc748e9fdcca2ddcfdc900f9eaa/pkg%2Fgenerated%2Fcontrollers%2Fui.cattle.io%2Fv1%2Fnavlink.go,[]
rancher,rancher,0c020f0c6846ddfe1c66e2a9f8ac1ebef3b171c6,pkg/generated/controllers/upgrade.cattle.io/factory.go,https://github.com/rancher/rancher/raw/649fdad268d8ecc748e9fdcca2ddcfdc900f9eaa/pkg%2Fgenerated%2Fcontrollers%2Fupgrade.cattle.io%2Ffactory.go,[]
rancher,rancher,0c020f0c6846ddfe1c66e2a9f8ac1ebef3b171c6,pkg/generated/controllers/upgrade.cattle.io/interface.go,https://github.com/rancher/rancher/raw/649fdad268d8ecc748e9fdcca2ddcfdc900f9eaa/pkg%2Fgenerated%2Fcontrollers%2Fupgrade.cattle.io%2Finterface.go,[]
rancher,rancher,0c020f0c6846ddfe1c66e2a9f8ac1ebef3b171c6,pkg/generated/controllers/upgrade.cattle.io/v1/interface.go,https://github.com/rancher/rancher/raw/649fdad268d8ecc748e9fdcca2ddcfdc900f9eaa/pkg%2Fgenerated%2Fcontrollers%2Fupgrade.cattle.io%2Fv1%2Finterface.go,[]
rancher,rancher,0c020f0c6846ddfe1c66e2a9f8ac1ebef3b171c6,pkg/generated/controllers/upgrade.cattle.io/v1/plan.go,https://github.com/rancher/rancher/raw/649fdad268d8ecc748e9fdcca2ddcfdc900f9eaa/pkg%2Fgenerated%2Fcontrollers%2Fupgrade.cattle.io%2Fv1%2Fplan.go,[]
rancher,rancher,0c020f0c6846ddfe1c66e2a9f8ac1ebef3b171c6,pkg/settings/setting.go,https://github.com/rancher/rancher/raw/649fdad268d8ecc748e9fdcca2ddcfdc900f9eaa/pkg%2Fsettings%2Fsetting.go,[]
rancher,rancher,0c020f0c6846ddfe1c66e2a9f8ac1ebef3b171c6,tests/framework/clients/rancher/generated/management/v3/zz_generated_aci_network_provider.go,https://github.com/rancher/rancher/raw/649fdad268d8ecc748e9fdcca2ddcfdc900f9eaa/tests%2Fframework%2Fclients%2Francher%2Fgenerated%2Fmanagement%2Fv3%2Fzz_generated_aci_network_provider.go,"['@@ -3,18 +3,15 @@', '@@ -68,10 +67,12 @@', '@@ -110,18 +112,15 @@', '@@ -175,10 +176,12 @@']"
rancher,rancher,e91bb053386b32864bbbb306f39061e9f2e287ae,pkg/apis/catalog.cattle.io/v1/doc.go,https://github.com/rancher/rancher/raw/d4a0ff5e779e3cc5f14d77ce57620e1326ab1c22/pkg%2Fapis%2Fcatalog.cattle.io%2Fv1%2Fdoc.go,[]
rancher,rancher,e91bb053386b32864bbbb306f39061e9f2e287ae,pkg/apis/catalog.cattle.io/v1/zz_generated_deepcopy.go,https://github.com/rancher/rancher/raw/d4a0ff5e779e3cc5f14d77ce57620e1326ab1c22/pkg%2Fapis%2Fcatalog.cattle.io%2Fv1%2Fzz_generated_deepcopy.go,[]
rancher,rancher,e91bb053386b32864bbbb306f39061e9f2e287ae,pkg/apis/catalog.cattle.io/v1/zz_generated_list_types.go,https://github.com/rancher/rancher/raw/d4a0ff5e779e3cc5f14d77ce57620e1326ab1c22/pkg%2Fapis%2Fcatalog.cattle.io%2Fv1%2Fzz_generated_list_types.go,[]
rancher,rancher,e91bb053386b32864bbbb306f39061e9f2e287ae,pkg/apis/catalog.cattle.io/v1/zz_generated_register.go,https://github.com/rancher/rancher/raw/d4a0ff5e779e3cc5f14d77ce57620e1326ab1c22/pkg%2Fapis%2Fcatalog.cattle.io%2Fv1%2Fzz_generated_register.go,[]
rancher,rancher,e91bb053386b32864bbbb306f39061e9f2e287ae,pkg/apis/catalog.cattle.io/zz_generated_register.go,https://github.com/rancher/rancher/raw/d4a0ff5e779e3cc5f14d77ce57620e1326ab1c22/pkg%2Fapis%2Fcatalog.cattle.io%2Fzz_generated_register.go,[]
rancher,rancher,e91bb053386b32864bbbb306f39061e9f2e287ae,pkg/apis/cluster.cattle.io/v3/doc.go,https://github.com/rancher/rancher/raw/d4a0ff5e779e3cc5f14d77ce57620e1326ab1c22/pkg%2Fapis%2Fcluster.cattle.io%2Fv3%2Fdoc.go,[]
rancher,rancher,e91bb053386b32864bbbb306f39061e9f2e287ae,pkg/apis/cluster.cattle.io/v3/zz_generated_deepcopy.go,https://github.com/rancher/rancher/raw/d4a0ff5e779e3cc5f14d77ce57620e1326ab1c22/pkg%2Fapis%2Fcluster.cattle.io%2Fv3%2Fzz_generated_deepcopy.go,[]
rancher,rancher,e91bb053386b32864bbbb306f39061e9f2e287ae,pkg/apis/cluster.cattle.io/v3/zz_generated_list_types.go,https://github.com/rancher/rancher/raw/d4a0ff5e779e3cc5f14d77ce57620e1326ab1c22/pkg%2Fapis%2Fcluster.cattle.io%2Fv3%2Fzz_generated_list_types.go,[]
rancher,rancher,e91bb053386b32864bbbb306f39061e9f2e287ae,pkg/apis/cluster.cattle.io/v3/zz_generated_register.go,https://github.com/rancher/rancher/raw/d4a0ff5e779e3cc5f14d77ce57620e1326ab1c22/pkg%2Fapis%2Fcluster.cattle.io%2Fv3%2Fzz_generated_register.go,[]
rancher,rancher,e91bb053386b32864bbbb306f39061e9f2e287ae,pkg/apis/cluster.cattle.io/zz_generated_register.go,https://github.com/rancher/rancher/raw/d4a0ff5e779e3cc5f14d77ce57620e1326ab1c22/pkg%2Fapis%2Fcluster.cattle.io%2Fzz_generated_register.go,[]
rancher,rancher,e91bb053386b32864bbbb306f39061e9f2e287ae,pkg/apis/management.cattle.io/v3/doc.go,https://github.com/rancher/rancher/raw/d4a0ff5e779e3cc5f14d77ce57620e1326ab1c22/pkg%2Fapis%2Fmanagement.cattle.io%2Fv3%2Fdoc.go,[]
rancher,rancher,e91bb053386b32864bbbb306f39061e9f2e287ae,pkg/apis/management.cattle.io/v3/zz_generated_deepcopy.go,https://github.com/rancher/rancher/raw/d4a0ff5e779e3cc5f14d77ce57620e1326ab1c22/pkg%2Fapis%2Fmanagement.cattle.io%2Fv3%2Fzz_generated_deepcopy.go,[]
rancher,rancher,e91bb053386b32864bbbb306f39061e9f2e287ae,pkg/apis/management.cattle.io/v3/zz_generated_list_types.go,https://github.com/rancher/rancher/raw/d4a0ff5e779e3cc5f14d77ce57620e1326ab1c22/pkg%2Fapis%2Fmanagement.cattle.io%2Fv3%2Fzz_generated_list_types.go,[]
rancher,rancher,e91bb053386b32864bbbb306f39061e9f2e287ae,pkg/apis/management.cattle.io/v3/zz_generated_register.go,https://github.com/rancher/rancher/raw/d4a0ff5e779e3cc5f14d77ce57620e1326ab1c22/pkg%2Fapis%2Fmanagement.cattle.io%2Fv3%2Fzz_generated_register.go,[]
rancher,rancher,e91bb053386b32864bbbb306f39061e9f2e287ae,pkg/apis/management.cattle.io/zz_generated_register.go,https://github.com/rancher/rancher/raw/d4a0ff5e779e3cc5f14d77ce57620e1326ab1c22/pkg%2Fapis%2Fmanagement.cattle.io%2Fzz_generated_register.go,[]
rancher,rancher,e91bb053386b32864bbbb306f39061e9f2e287ae,pkg/apis/project.cattle.io/v3/doc.go,https://github.com/rancher/rancher/raw/d4a0ff5e779e3cc5f14d77ce57620e1326ab1c22/pkg%2Fapis%2Fproject.cattle.io%2Fv3%2Fdoc.go,[]
rancher,rancher,e91bb053386b32864bbbb306f39061e9f2e287ae,pkg/apis/project.cattle.io/v3/zz_generated_deepcopy.go,https://github.com/rancher/rancher/raw/d4a0ff5e779e3cc5f14d77ce57620e1326ab1c22/pkg%2Fapis%2Fproject.cattle.io%2Fv3%2Fzz_generated_deepcopy.go,[]
rancher,rancher,e91bb053386b32864bbbb306f39061e9f2e287ae,pkg/apis/project.cattle.io/v3/zz_generated_list_types.go,https://github.com/rancher/rancher/raw/d4a0ff5e779e3cc5f14d77ce57620e1326ab1c22/pkg%2Fapis%2Fproject.cattle.io%2Fv3%2Fzz_generated_list_types.go,[]
rancher,rancher,e91bb053386b32864bbbb306f39061e9f2e287ae,pkg/apis/project.cattle.io/v3/zz_generated_register.go,https://github.com/rancher/rancher/raw/d4a0ff5e779e3cc5f14d77ce57620e1326ab1c22/pkg%2Fapis%2Fproject.cattle.io%2Fv3%2Fzz_generated_register.go,[]
rancher,rancher,e91bb053386b32864bbbb306f39061e9f2e287ae,pkg/apis/project.cattle.io/zz_generated_register.go,https://github.com/rancher/rancher/raw/d4a0ff5e779e3cc5f14d77ce57620e1326ab1c22/pkg%2Fapis%2Fproject.cattle.io%2Fzz_generated_register.go,[]
rancher,rancher,e91bb053386b32864bbbb306f39061e9f2e287ae,pkg/apis/provisioning.cattle.io/v1/doc.go,https://github.com/rancher/rancher/raw/d4a0ff5e779e3cc5f14d77ce57620e1326ab1c22/pkg%2Fapis%2Fprovisioning.cattle.io%2Fv1%2Fdoc.go,[]
rancher,rancher,e91bb053386b32864bbbb306f39061e9f2e287ae,pkg/apis/provisioning.cattle.io/v1/zz_generated_deepcopy.go,https://github.com/rancher/rancher/raw/d4a0ff5e779e3cc5f14d77ce57620e1326ab1c22/pkg%2Fapis%2Fprovisioning.cattle.io%2Fv1%2Fzz_generated_deepcopy.go,[]
rancher,rancher,e91bb053386b32864bbbb306f39061e9f2e287ae,pkg/apis/provisioning.cattle.io/v1/zz_generated_list_types.go,https://github.com/rancher/rancher/raw/d4a0ff5e779e3cc5f14d77ce57620e1326ab1c22/pkg%2Fapis%2Fprovisioning.cattle.io%2Fv1%2Fzz_generated_list_types.go,[]
rancher,rancher,e91bb053386b32864bbbb306f39061e9f2e287ae,pkg/apis/provisioning.cattle.io/v1/zz_generated_register.go,https://github.com/rancher/rancher/raw/d4a0ff5e779e3cc5f14d77ce57620e1326ab1c22/pkg%2Fapis%2Fprovisioning.cattle.io%2Fv1%2Fzz_generated_register.go,[]
rancher,rancher,e91bb053386b32864bbbb306f39061e9f2e287ae,pkg/apis/provisioning.cattle.io/zz_generated_register.go,https://github.com/rancher/rancher/raw/d4a0ff5e779e3cc5f14d77ce57620e1326ab1c22/pkg%2Fapis%2Fprovisioning.cattle.io%2Fzz_generated_register.go,[]
rancher,rancher,e91bb053386b32864bbbb306f39061e9f2e287ae,pkg/apis/rke.cattle.io/v1/doc.go,https://github.com/rancher/rancher/raw/d4a0ff5e779e3cc5f14d77ce57620e1326ab1c22/pkg%2Fapis%2Frke.cattle.io%2Fv1%2Fdoc.go,[]
rancher,rancher,e91bb053386b32864bbbb306f39061e9f2e287ae,pkg/apis/rke.cattle.io/v1/zz_generated_deepcopy.go,https://github.com/rancher/rancher/raw/d4a0ff5e779e3cc5f14d77ce57620e1326ab1c22/pkg%2Fapis%2Frke.cattle.io%2Fv1%2Fzz_generated_deepcopy.go,[]
rancher,rancher,e91bb053386b32864bbbb306f39061e9f2e287ae,pkg/apis/rke.cattle.io/v1/zz_generated_list_types.go,https://github.com/rancher/rancher/raw/d4a0ff5e779e3cc5f14d77ce57620e1326ab1c22/pkg%2Fapis%2Frke.cattle.io%2Fv1%2Fzz_generated_list_types.go,[]
rancher,rancher,e91bb053386b32864bbbb306f39061e9f2e287ae,pkg/apis/rke.cattle.io/v1/zz_generated_register.go,https://github.com/rancher/rancher/raw/d4a0ff5e779e3cc5f14d77ce57620e1326ab1c22/pkg%2Fapis%2Frke.cattle.io%2Fv1%2Fzz_generated_register.go,[]
rancher,rancher,e91bb053386b32864bbbb306f39061e9f2e287ae,pkg/apis/rke.cattle.io/zz_generated_register.go,https://github.com/rancher/rancher/raw/d4a0ff5e779e3cc5f14d77ce57620e1326ab1c22/pkg%2Fapis%2Frke.cattle.io%2Fzz_generated_register.go,[]
rancher,rancher,e91bb053386b32864bbbb306f39061e9f2e287ae,pkg/apis/ui.cattle.io/v1/doc.go,https://github.com/rancher/rancher/raw/d4a0ff5e779e3cc5f14d77ce57620e1326ab1c22/pkg%2Fapis%2Fui.cattle.io%2Fv1%2Fdoc.go,[]
rancher,rancher,e91bb053386b32864bbbb306f39061e9f2e287ae,pkg/apis/ui.cattle.io/v1/zz_generated_deepcopy.go,https://github.com/rancher/rancher/raw/d4a0ff5e779e3cc5f14d77ce57620e1326ab1c22/pkg%2Fapis%2Fui.cattle.io%2Fv1%2Fzz_generated_deepcopy.go,[]
rancher,rancher,e91bb053386b32864bbbb306f39061e9f2e287ae,pkg/apis/ui.cattle.io/v1/zz_generated_list_types.go,https://github.com/rancher/rancher/raw/d4a0ff5e779e3cc5f14d77ce57620e1326ab1c22/pkg%2Fapis%2Fui.cattle.io%2Fv1%2Fzz_generated_list_types.go,[]
rancher,rancher,e91bb053386b32864bbbb306f39061e9f2e287ae,pkg/apis/ui.cattle.io/v1/zz_generated_register.go,https://github.com/rancher/rancher/raw/d4a0ff5e779e3cc5f14d77ce57620e1326ab1c22/pkg%2Fapis%2Fui.cattle.io%2Fv1%2Fzz_generated_register.go,[]
rancher,rancher,e91bb053386b32864bbbb306f39061e9f2e287ae,pkg/apis/ui.cattle.io/zz_generated_register.go,https://github.com/rancher/rancher/raw/d4a0ff5e779e3cc5f14d77ce57620e1326ab1c22/pkg%2Fapis%2Fui.cattle.io%2Fzz_generated_register.go,[]
rancher,rancher,e91bb053386b32864bbbb306f39061e9f2e287ae,pkg/auth/audit/audit.go,https://github.com/rancher/rancher/raw/d4a0ff5e779e3cc5f14d77ce57620e1326ab1c22/pkg%2Fauth%2Faudit%2Faudit.go,[]
rancher,rancher,e91bb053386b32864bbbb306f39061e9f2e287ae,pkg/auth/audit/audit_test.go,https://github.com/rancher/rancher/raw/d4a0ff5e779e3cc5f14d77ce57620e1326ab1c22/pkg%2Fauth%2Faudit%2Faudit_test.go,"['@@ -199,6 +199,11 @@', '@@ -437,6 +442,18 @@', '@@ -454,6 +471,11 @@']"
rancher,rancher,e91bb053386b32864bbbb306f39061e9f2e287ae,pkg/client/generated/management/v3/zz_generated_aci_network_provider.go,https://github.com/rancher/rancher/raw/d4a0ff5e779e3cc5f14d77ce57620e1326ab1c22/pkg%2Fclient%2Fgenerated%2Fmanagement%2Fv3%2Fzz_generated_aci_network_provider.go,"['@@ -1,172 +1,216 @@']"
rancher,rancher,e91bb053386b32864bbbb306f39061e9f2e287ae,pkg/controllers/managementuser/rbac/cluster_handler.go,https://github.com/rancher/rancher/raw/d4a0ff5e779e3cc5f14d77ce57620e1326ab1c22/pkg%2Fcontrollers%2Fmanagementuser%2Frbac%2Fcluster_handler.go,"['@@ -9,16 +9,23 @@']"
rancher,rancher,e91bb053386b32864bbbb306f39061e9f2e287ae,pkg/controllers/managementuser/rbac/handler_base_test.go,https://github.com/rancher/rancher/raw/d4a0ff5e779e3cc5f14d77ce57620e1326ab1c22/pkg%2Fcontrollers%2Fmanagementuser%2Frbac%2Fhandler_base_test.go,"['@@ -4,32 +4,180 @@', '@@ -81,14 +229,3 @@']"
rancher,rancher,e91bb053386b32864bbbb306f39061e9f2e287ae,pkg/controllers/managementuser/rbac/namespace_handler.go,https://github.com/rancher/rancher/raw/d4a0ff5e779e3cc5f14d77ce57620e1326ab1c22/pkg%2Fcontrollers%2Fmanagementuser%2Frbac%2Fnamespace_handler.go,[]
rancher,rancher,e91bb053386b32864bbbb306f39061e9f2e287ae,pkg/controllers/managementuser/rbac/namespace_handler_test.go,https://github.com/rancher/rancher/raw/d4a0ff5e779e3cc5f14d77ce57620e1326ab1c22/pkg%2Fcontrollers%2Fmanagementuser%2Frbac%2Fnamespace_handler_test.go,"['@@ -6,11 +6,13 @@', '@@ -177,31 +179,6 @@', '@@ -218,13 +195,34 @@', '@@ -253,6 +251,115 @@']"
rancher,rancher,e91bb053386b32864bbbb306f39061e9f2e287ae,pkg/controllers/managementuser/rbac/project_handler_test.go,https://github.com/rancher/rancher/raw/d4a0ff5e779e3cc5f14d77ce57620e1326ab1c22/pkg%2Fcontrollers%2Fmanagementuser%2Frbac%2Fproject_handler_test.go,"['@@ -103,17 +102,13 @@', '@@ -288,6 +283,13 @@', '@@ -296,19 +298,6 @@']"
rancher,rancher,e91bb053386b32864bbbb306f39061e9f2e287ae,pkg/controllers/managementuser/rbac/prtb_handler.go,https://github.com/rancher/rancher/raw/d4a0ff5e779e3cc5f14d77ce57620e1326ab1c22/pkg%2Fcontrollers%2Fmanagementuser%2Frbac%2Fprtb_handler.go,"['@@ -161,7 +162,11 @@', '@@ -465,3 +470,11 @@']"
rancher,rancher,e91bb053386b32864bbbb306f39061e9f2e287ae,pkg/controllers/managementuser/rbac/reconcile_roletemplate.go,https://github.com/rancher/rancher/raw/d4a0ff5e779e3cc5f14d77ce57620e1326ab1c22/pkg%2Fcontrollers%2Fmanagementuser%2Frbac%2Freconcile_roletemplate.go,"['@@ -13,68 +12,13 @@', '@@ -147,3 +91,62 @@']"
rancher,rancher,e91bb053386b32864bbbb306f39061e9f2e287ae,pkg/controllers/managementuser/rbac/reconcile_roletemplate_test.go,https://github.com/rancher/rancher/raw/d4a0ff5e779e3cc5f14d77ce57620e1326ab1c22/pkg%2Fcontrollers%2Fmanagementuser%2Frbac%2Freconcile_roletemplate_test.go,"['@@ -0,0 +1,255 @@']"
rancher,rancher,e91bb053386b32864bbbb306f39061e9f2e287ae,pkg/controllers/managementuser/rbac/roletemplate_handler.go,https://github.com/rancher/rancher/raw/d4a0ff5e779e3cc5f14d77ce57620e1326ab1c22/pkg%2Fcontrollers%2Fmanagementuser%2Frbac%2Froletemplate_handler.go,"['@@ -88,6 +88,10 @@']"
rancher,rancher,e91bb053386b32864bbbb306f39061e9f2e287ae,pkg/generated/clientset/versioned/clientset.go,https://github.com/rancher/rancher/raw/d4a0ff5e779e3cc5f14d77ce57620e1326ab1c22/pkg%2Fgenerated%2Fclientset%2Fversioned%2Fclientset.go,[]
rancher,rancher,e91bb053386b32864bbbb306f39061e9f2e287ae,pkg/generated/clientset/versioned/doc.go,https://github.com/rancher/rancher/raw/d4a0ff5e779e3cc5f14d77ce57620e1326ab1c22/pkg%2Fgenerated%2Fclientset%2Fversioned%2Fdoc.go,[]
rancher,rancher,e91bb053386b32864bbbb306f39061e9f2e287ae,pkg/generated/clientset/versioned/fake/clientset_generated.go,https://github.com/rancher/rancher/raw/d4a0ff5e779e3cc5f14d77ce57620e1326ab1c22/pkg%2Fgenerated%2Fclientset%2Fversioned%2Ffake%2Fclientset_generated.go,[]
rancher,rancher,e91bb053386b32864bbbb306f39061e9f2e287ae,pkg/generated/clientset/versioned/fake/doc.go,https://github.com/rancher/rancher/raw/d4a0ff5e779e3cc5f14d77ce57620e1326ab1c22/pkg%2Fgenerated%2Fclientset%2Fversioned%2Ffake%2Fdoc.go,[]
rancher,rancher,e91bb053386b32864bbbb306f39061e9f2e287ae,pkg/generated/clientset/versioned/fake/register.go,https://github.com/rancher/rancher/raw/d4a0ff5e779e3cc5f14d77ce57620e1326ab1c22/pkg%2Fgenerated%2Fclientset%2Fversioned%2Ffake%2Fregister.go,[]
rancher,rancher,e91bb053386b32864bbbb306f39061e9f2e287ae,pkg/generated/clientset/versioned/scheme/doc.go,https://github.com/rancher/rancher/raw/d4a0ff5e779e3cc5f14d77ce57620e1326ab1c22/pkg%2Fgenerated%2Fclientset%2Fversioned%2Fscheme%2Fdoc.go,[]
rancher,rancher,e91bb053386b32864bbbb306f39061e9f2e287ae,pkg/generated/clientset/versioned/scheme/register.go,https://github.com/rancher/rancher/raw/d4a0ff5e779e3cc5f14d77ce57620e1326ab1c22/pkg%2Fgenerated%2Fclientset%2Fversioned%2Fscheme%2Fregister.go,[]
rancher,rancher,e91bb053386b32864bbbb306f39061e9f2e287ae,pkg/generated/clientset/versioned/typed/catalog.cattle.io/v1/app.go,https://github.com/rancher/rancher/raw/d4a0ff5e779e3cc5f14d77ce57620e1326ab1c22/pkg%2Fgenerated%2Fclientset%2Fversioned%2Ftyped%2Fcatalog.cattle.io%2Fv1%2Fapp.go,[]
rancher,rancher,e91bb053386b32864bbbb306f39061e9f2e287ae,pkg/generated/clientset/versioned/typed/catalog.cattle.io/v1/catalog.cattle.io_client.go,https://github.com/rancher/rancher/raw/d4a0ff5e779e3cc5f14d77ce57620e1326ab1c22/pkg%2Fgenerated%2Fclientset%2Fversioned%2Ftyped%2Fcatalog.cattle.io%2Fv1%2Fcatalog.cattle.io_client.go,[]
rancher,rancher,e91bb053386b32864bbbb306f39061e9f2e287ae,pkg/generated/clientset/versioned/typed/catalog.cattle.io/v1/clusterrepo.go,https://github.com/rancher/rancher/raw/d4a0ff5e779e3cc5f14d77ce57620e1326ab1c22/pkg%2Fgenerated%2Fclientset%2Fversioned%2Ftyped%2Fcatalog.cattle.io%2Fv1%2Fclusterrepo.go,[]
rancher,rancher,e91bb053386b32864bbbb306f39061e9f2e287ae,pkg/generated/clientset/versioned/typed/catalog.cattle.io/v1/doc.go,https://github.com/rancher/rancher/raw/d4a0ff5e779e3cc5f14d77ce57620e1326ab1c22/pkg%2Fgenerated%2Fclientset%2Fversioned%2Ftyped%2Fcatalog.cattle.io%2Fv1%2Fdoc.go,[]
rancher,rancher,e91bb053386b32864bbbb306f39061e9f2e287ae,pkg/generated/clientset/versioned/typed/catalog.cattle.io/v1/fake/doc.go,https://github.com/rancher/rancher/raw/d4a0ff5e779e3cc5f14d77ce57620e1326ab1c22/pkg%2Fgenerated%2Fclientset%2Fversioned%2Ftyped%2Fcatalog.cattle.io%2Fv1%2Ffake%2Fdoc.go,[]
rancher,rancher,e91bb053386b32864bbbb306f39061e9f2e287ae,pkg/generated/clientset/versioned/typed/catalog.cattle.io/v1/fake/fake_app.go,https://github.com/rancher/rancher/raw/d4a0ff5e779e3cc5f14d77ce57620e1326ab1c22/pkg%2Fgenerated%2Fclientset%2Fversioned%2Ftyped%2Fcatalog.cattle.io%2Fv1%2Ffake%2Ffake_app.go,[]
rancher,rancher,e91bb053386b32864bbbb306f39061e9f2e287ae,pkg/generated/clientset/versioned/typed/catalog.cattle.io/v1/fake/fake_catalog.cattle.io_client.go,https://github.com/rancher/rancher/raw/d4a0ff5e779e3cc5f14d77ce57620e1326ab1c22/pkg%2Fgenerated%2Fclientset%2Fversioned%2Ftyped%2Fcatalog.cattle.io%2Fv1%2Ffake%2Ffake_catalog.cattle.io_client.go,[]
rancher,rancher,e91bb053386b32864bbbb306f39061e9f2e287ae,pkg/generated/clientset/versioned/typed/catalog.cattle.io/v1/fake/fake_clusterrepo.go,https://github.com/rancher/rancher/raw/d4a0ff5e779e3cc5f14d77ce57620e1326ab1c22/pkg%2Fgenerated%2Fclientset%2Fversioned%2Ftyped%2Fcatalog.cattle.io%2Fv1%2Ffake%2Ffake_clusterrepo.go,[]
rancher,rancher,e91bb053386b32864bbbb306f39061e9f2e287ae,pkg/generated/clientset/versioned/typed/catalog.cattle.io/v1/fake/fake_operation.go,https://github.com/rancher/rancher/raw/d4a0ff5e779e3cc5f14d77ce57620e1326ab1c22/pkg%2Fgenerated%2Fclientset%2Fversioned%2Ftyped%2Fcatalog.cattle.io%2Fv1%2Ffake%2Ffake_operation.go,[]
rancher,rancher,e91bb053386b32864bbbb306f39061e9f2e287ae,pkg/generated/clientset/versioned/typed/catalog.cattle.io/v1/generated_expansion.go,https://github.com/rancher/rancher/raw/d4a0ff5e779e3cc5f14d77ce57620e1326ab1c22/pkg%2Fgenerated%2Fclientset%2Fversioned%2Ftyped%2Fcatalog.cattle.io%2Fv1%2Fgenerated_expansion.go,[]
rancher,rancher,e91bb053386b32864bbbb306f39061e9f2e287ae,pkg/generated/clientset/versioned/typed/catalog.cattle.io/v1/operation.go,https://github.com/rancher/rancher/raw/d4a0ff5e779e3cc5f14d77ce57620e1326ab1c22/pkg%2Fgenerated%2Fclientset%2Fversioned%2Ftyped%2Fcatalog.cattle.io%2Fv1%2Foperation.go,[]
rancher,rancher,e91bb053386b32864bbbb306f39061e9f2e287ae,pkg/generated/clientset/versioned/typed/provisioning.cattle.io/v1/cluster.go,https://github.com/rancher/rancher/raw/d4a0ff5e779e3cc5f14d77ce57620e1326ab1c22/pkg%2Fgenerated%2Fclientset%2Fversioned%2Ftyped%2Fprovisioning.cattle.io%2Fv1%2Fcluster.go,[]
rancher,rancher,e91bb053386b32864bbbb306f39061e9f2e287ae,pkg/generated/clientset/versioned/typed/provisioning.cattle.io/v1/doc.go,https://github.com/rancher/rancher/raw/d4a0ff5e779e3cc5f14d77ce57620e1326ab1c22/pkg%2Fgenerated%2Fclientset%2Fversioned%2Ftyped%2Fprovisioning.cattle.io%2Fv1%2Fdoc.go,[]
rancher,rancher,e91bb053386b32864bbbb306f39061e9f2e287ae,pkg/generated/clientset/versioned/typed/provisioning.cattle.io/v1/fake/doc.go,https://github.com/rancher/rancher/raw/d4a0ff5e779e3cc5f14d77ce57620e1326ab1c22/pkg%2Fgenerated%2Fclientset%2Fversioned%2Ftyped%2Fprovisioning.cattle.io%2Fv1%2Ffake%2Fdoc.go,[]
rancher,rancher,e91bb053386b32864bbbb306f39061e9f2e287ae,pkg/generated/clientset/versioned/typed/provisioning.cattle.io/v1/fake/fake_cluster.go,https://github.com/rancher/rancher/raw/d4a0ff5e779e3cc5f14d77ce57620e1326ab1c22/pkg%2Fgenerated%2Fclientset%2Fversioned%2Ftyped%2Fprovisioning.cattle.io%2Fv1%2Ffake%2Ffake_cluster.go,[]
rancher,rancher,e91bb053386b32864bbbb306f39061e9f2e287ae,pkg/generated/clientset/versioned/typed/provisioning.cattle.io/v1/fake/fake_provisioning.cattle.io_client.go,https://github.com/rancher/rancher/raw/d4a0ff5e779e3cc5f14d77ce57620e1326ab1c22/pkg%2Fgenerated%2Fclientset%2Fversioned%2Ftyped%2Fprovisioning.cattle.io%2Fv1%2Ffake%2Ffake_provisioning.cattle.io_client.go,[]
rancher,rancher,e91bb053386b32864bbbb306f39061e9f2e287ae,pkg/generated/clientset/versioned/typed/provisioning.cattle.io/v1/generated_expansion.go,https://github.com/rancher/rancher/raw/d4a0ff5e779e3cc5f14d77ce57620e1326ab1c22/pkg%2Fgenerated%2Fclientset%2Fversioned%2Ftyped%2Fprovisioning.cattle.io%2Fv1%2Fgenerated_expansion.go,[]
rancher,rancher,e91bb053386b32864bbbb306f39061e9f2e287ae,pkg/generated/clientset/versioned/typed/provisioning.cattle.io/v1/provisioning.cattle.io_client.go,https://github.com/rancher/rancher/raw/d4a0ff5e779e3cc5f14d77ce57620e1326ab1c22/pkg%2Fgenerated%2Fclientset%2Fversioned%2Ftyped%2Fprovisioning.cattle.io%2Fv1%2Fprovisioning.cattle.io_client.go,[]
rancher,rancher,e91bb053386b32864bbbb306f39061e9f2e287ae,pkg/generated/clientset/versioned/typed/rke.cattle.io/v1/custommachine.go,https://github.com/rancher/rancher/raw/d4a0ff5e779e3cc5f14d77ce57620e1326ab1c22/pkg%2Fgenerated%2Fclientset%2Fversioned%2Ftyped%2Frke.cattle.io%2Fv1%2Fcustommachine.go,[]
rancher,rancher,e91bb053386b32864bbbb306f39061e9f2e287ae,pkg/generated/clientset/versioned/typed/rke.cattle.io/v1/doc.go,https://github.com/rancher/rancher/raw/d4a0ff5e779e3cc5f14d77ce57620e1326ab1c22/pkg%2Fgenerated%2Fclientset%2Fversioned%2Ftyped%2Frke.cattle.io%2Fv1%2Fdoc.go,[]
rancher,rancher,e91bb053386b32864bbbb306f39061e9f2e287ae,pkg/generated/clientset/versioned/typed/rke.cattle.io/v1/etcdsnapshot.go,https://github.com/rancher/rancher/raw/d4a0ff5e779e3cc5f14d77ce57620e1326ab1c22/pkg%2Fgenerated%2Fclientset%2Fversioned%2Ftyped%2Frke.cattle.io%2Fv1%2Fetcdsnapshot.go,[]
rancher,rancher,e91bb053386b32864bbbb306f39061e9f2e287ae,pkg/generated/clientset/versioned/typed/rke.cattle.io/v1/fake/doc.go,https://github.com/rancher/rancher/raw/d4a0ff5e779e3cc5f14d77ce57620e1326ab1c22/pkg%2Fgenerated%2Fclientset%2Fversioned%2Ftyped%2Frke.cattle.io%2Fv1%2Ffake%2Fdoc.go,[]
rancher,rancher,e91bb053386b32864bbbb306f39061e9f2e287ae,pkg/generated/clientset/versioned/typed/rke.cattle.io/v1/fake/fake_custommachine.go,https://github.com/rancher/rancher/raw/d4a0ff5e779e3cc5f14d77ce57620e1326ab1c22/pkg%2Fgenerated%2Fclientset%2Fversioned%2Ftyped%2Frke.cattle.io%2Fv1%2Ffake%2Ffake_custommachine.go,[]
rancher,rancher,e91bb053386b32864bbbb306f39061e9f2e287ae,pkg/generated/clientset/versioned/typed/rke.cattle.io/v1/fake/fake_etcdsnapshot.go,https://github.com/rancher/rancher/raw/d4a0ff5e779e3cc5f14d77ce57620e1326ab1c22/pkg%2Fgenerated%2Fclientset%2Fversioned%2Ftyped%2Frke.cattle.io%2Fv1%2Ffake%2Ffake_etcdsnapshot.go,[]
rancher,rancher,e91bb053386b32864bbbb306f39061e9f2e287ae,pkg/generated/clientset/versioned/typed/rke.cattle.io/v1/fake/fake_rke.cattle.io_client.go,https://github.com/rancher/rancher/raw/d4a0ff5e779e3cc5f14d77ce57620e1326ab1c22/pkg%2Fgenerated%2Fclientset%2Fversioned%2Ftyped%2Frke.cattle.io%2Fv1%2Ffake%2Ffake_rke.cattle.io_client.go,[]
rancher,rancher,e91bb053386b32864bbbb306f39061e9f2e287ae,pkg/generated/clientset/versioned/typed/rke.cattle.io/v1/fake/fake_rkebootstrap.go,https://github.com/rancher/rancher/raw/d4a0ff5e779e3cc5f14d77ce57620e1326ab1c22/pkg%2Fgenerated%2Fclientset%2Fversioned%2Ftyped%2Frke.cattle.io%2Fv1%2Ffake%2Ffake_rkebootstrap.go,[]
rancher,rancher,e91bb053386b32864bbbb306f39061e9f2e287ae,pkg/generated/clientset/versioned/typed/rke.cattle.io/v1/fake/fake_rkebootstraptemplate.go,https://github.com/rancher/rancher/raw/d4a0ff5e779e3cc5f14d77ce57620e1326ab1c22/pkg%2Fgenerated%2Fclientset%2Fversioned%2Ftyped%2Frke.cattle.io%2Fv1%2Ffake%2Ffake_rkebootstraptemplate.go,[]
rancher,rancher,e91bb053386b32864bbbb306f39061e9f2e287ae,pkg/generated/clientset/versioned/typed/rke.cattle.io/v1/fake/fake_rkecluster.go,https://github.com/rancher/rancher/raw/d4a0ff5e779e3cc5f14d77ce57620e1326ab1c22/pkg%2Fgenerated%2Fclientset%2Fversioned%2Ftyped%2Frke.cattle.io%2Fv1%2Ffake%2Ffake_rkecluster.go,[]
rancher,rancher,e91bb053386b32864bbbb306f39061e9f2e287ae,pkg/generated/clientset/versioned/typed/rke.cattle.io/v1/fake/fake_rkecontrolplane.go,https://github.com/rancher/rancher/raw/d4a0ff5e779e3cc5f14d77ce57620e1326ab1c22/pkg%2Fgenerated%2Fclientset%2Fversioned%2Ftyped%2Frke.cattle.io%2Fv1%2Ffake%2Ffake_rkecontrolplane.go,[]
rancher,rancher,e91bb053386b32864bbbb306f39061e9f2e287ae,pkg/generated/clientset/versioned/typed/rke.cattle.io/v1/generated_expansion.go,https://github.com/rancher/rancher/raw/d4a0ff5e779e3cc5f14d77ce57620e1326ab1c22/pkg%2Fgenerated%2Fclientset%2Fversioned%2Ftyped%2Frke.cattle.io%2Fv1%2Fgenerated_expansion.go,[]
rancher,rancher,e91bb053386b32864bbbb306f39061e9f2e287ae,pkg/generated/clientset/versioned/typed/rke.cattle.io/v1/rke.cattle.io_client.go,https://github.com/rancher/rancher/raw/d4a0ff5e779e3cc5f14d77ce57620e1326ab1c22/pkg%2Fgenerated%2Fclientset%2Fversioned%2Ftyped%2Frke.cattle.io%2Fv1%2Frke.cattle.io_client.go,[]
rancher,rancher,e91bb053386b32864bbbb306f39061e9f2e287ae,pkg/generated/clientset/versioned/typed/rke.cattle.io/v1/rkebootstrap.go,https://github.com/rancher/rancher/raw/d4a0ff5e779e3cc5f14d77ce57620e1326ab1c22/pkg%2Fgenerated%2Fclientset%2Fversioned%2Ftyped%2Frke.cattle.io%2Fv1%2Frkebootstrap.go,[]
rancher,rancher,e91bb053386b32864bbbb306f39061e9f2e287ae,pkg/generated/clientset/versioned/typed/rke.cattle.io/v1/rkebootstraptemplate.go,https://github.com/rancher/rancher/raw/d4a0ff5e779e3cc5f14d77ce57620e1326ab1c22/pkg%2Fgenerated%2Fclientset%2Fversioned%2Ftyped%2Frke.cattle.io%2Fv1%2Frkebootstraptemplate.go,[]
rancher,rancher,e91bb053386b32864bbbb306f39061e9f2e287ae,pkg/generated/clientset/versioned/typed/rke.cattle.io/v1/rkecluster.go,https://github.com/rancher/rancher/raw/d4a0ff5e779e3cc5f14d77ce57620e1326ab1c22/pkg%2Fgenerated%2Fclientset%2Fversioned%2Ftyped%2Frke.cattle.io%2Fv1%2Frkecluster.go,[]
rancher,rancher,e91bb053386b32864bbbb306f39061e9f2e287ae,pkg/generated/clientset/versioned/typed/rke.cattle.io/v1/rkecontrolplane.go,https://github.com/rancher/rancher/raw/d4a0ff5e779e3cc5f14d77ce57620e1326ab1c22/pkg%2Fgenerated%2Fclientset%2Fversioned%2Ftyped%2Frke.cattle.io%2Fv1%2Frkecontrolplane.go,[]
rancher,rancher,e91bb053386b32864bbbb306f39061e9f2e287ae,pkg/generated/clientset/versioned/typed/upgrade.cattle.io/v1/doc.go,https://github.com/rancher/rancher/raw/d4a0ff5e779e3cc5f14d77ce57620e1326ab1c22/pkg%2Fgenerated%2Fclientset%2Fversioned%2Ftyped%2Fupgrade.cattle.io%2Fv1%2Fdoc.go,[]
rancher,rancher,e91bb053386b32864bbbb306f39061e9f2e287ae,pkg/generated/clientset/versioned/typed/upgrade.cattle.io/v1/fake/doc.go,https://github.com/rancher/rancher/raw/d4a0ff5e779e3cc5f14d77ce57620e1326ab1c22/pkg%2Fgenerated%2Fclientset%2Fversioned%2Ftyped%2Fupgrade.cattle.io%2Fv1%2Ffake%2Fdoc.go,[]
rancher,rancher,e91bb053386b32864bbbb306f39061e9f2e287ae,pkg/generated/clientset/versioned/typed/upgrade.cattle.io/v1/fake/fake_plan.go,https://github.com/rancher/rancher/raw/d4a0ff5e779e3cc5f14d77ce57620e1326ab1c22/pkg%2Fgenerated%2Fclientset%2Fversioned%2Ftyped%2Fupgrade.cattle.io%2Fv1%2Ffake%2Ffake_plan.go,[]
rancher,rancher,e91bb053386b32864bbbb306f39061e9f2e287ae,pkg/generated/clientset/versioned/typed/upgrade.cattle.io/v1/fake/fake_upgrade.cattle.io_client.go,https://github.com/rancher/rancher/raw/d4a0ff5e779e3cc5f14d77ce57620e1326ab1c22/pkg%2Fgenerated%2Fclientset%2Fversioned%2Ftyped%2Fupgrade.cattle.io%2Fv1%2Ffake%2Ffake_upgrade.cattle.io_client.go,[]
rancher,rancher,e91bb053386b32864bbbb306f39061e9f2e287ae,pkg/generated/clientset/versioned/typed/upgrade.cattle.io/v1/generated_expansion.go,https://github.com/rancher/rancher/raw/d4a0ff5e779e3cc5f14d77ce57620e1326ab1c22/pkg%2Fgenerated%2Fclientset%2Fversioned%2Ftyped%2Fupgrade.cattle.io%2Fv1%2Fgenerated_expansion.go,[]
rancher,rancher,e91bb053386b32864bbbb306f39061e9f2e287ae,pkg/generated/clientset/versioned/typed/upgrade.cattle.io/v1/plan.go,https://github.com/rancher/rancher/raw/d4a0ff5e779e3cc5f14d77ce57620e1326ab1c22/pkg%2Fgenerated%2Fclientset%2Fversioned%2Ftyped%2Fupgrade.cattle.io%2Fv1%2Fplan.go,[]
rancher,rancher,e91bb053386b32864bbbb306f39061e9f2e287ae,pkg/generated/clientset/versioned/typed/upgrade.cattle.io/v1/upgrade.cattle.io_client.go,https://github.com/rancher/rancher/raw/d4a0ff5e779e3cc5f14d77ce57620e1326ab1c22/pkg%2Fgenerated%2Fclientset%2Fversioned%2Ftyped%2Fupgrade.cattle.io%2Fv1%2Fupgrade.cattle.io_client.go,[]
rancher,rancher,e91bb053386b32864bbbb306f39061e9f2e287ae,pkg/generated/controllers/catalog.cattle.io/factory.go,https://github.com/rancher/rancher/raw/d4a0ff5e779e3cc5f14d77ce57620e1326ab1c22/pkg%2Fgenerated%2Fcontrollers%2Fcatalog.cattle.io%2Ffactory.go,[]
rancher,rancher,e91bb053386b32864bbbb306f39061e9f2e287ae,pkg/generated/controllers/catalog.cattle.io/interface.go,https://github.com/rancher/rancher/raw/d4a0ff5e779e3cc5f14d77ce57620e1326ab1c22/pkg%2Fgenerated%2Fcontrollers%2Fcatalog.cattle.io%2Finterface.go,[]
rancher,rancher,e91bb053386b32864bbbb306f39061e9f2e287ae,pkg/generated/controllers/catalog.cattle.io/v1/app.go,https://github.com/rancher/rancher/raw/d4a0ff5e779e3cc5f14d77ce57620e1326ab1c22/pkg%2Fgenerated%2Fcontrollers%2Fcatalog.cattle.io%2Fv1%2Fapp.go,[]
rancher,rancher,e91bb053386b32864bbbb306f39061e9f2e287ae,pkg/generated/controllers/catalog.cattle.io/v1/clusterrepo.go,https://github.com/rancher/rancher/raw/d4a0ff5e779e3cc5f14d77ce57620e1326ab1c22/pkg%2Fgenerated%2Fcontrollers%2Fcatalog.cattle.io%2Fv1%2Fclusterrepo.go,[]
rancher,rancher,e91bb053386b32864bbbb306f39061e9f2e287ae,pkg/generated/controllers/catalog.cattle.io/v1/interface.go,https://github.com/rancher/rancher/raw/d4a0ff5e779e3cc5f14d77ce57620e1326ab1c22/pkg%2Fgenerated%2Fcontrollers%2Fcatalog.cattle.io%2Fv1%2Finterface.go,[]
rancher,rancher,e91bb053386b32864bbbb306f39061e9f2e287ae,pkg/generated/controllers/catalog.cattle.io/v1/operation.go,https://github.com/rancher/rancher/raw/d4a0ff5e779e3cc5f14d77ce57620e1326ab1c22/pkg%2Fgenerated%2Fcontrollers%2Fcatalog.cattle.io%2Fv1%2Foperation.go,[]
rancher,rancher,e91bb053386b32864bbbb306f39061e9f2e287ae,pkg/generated/controllers/cluster.cattle.io/factory.go,https://github.com/rancher/rancher/raw/d4a0ff5e779e3cc5f14d77ce57620e1326ab1c22/pkg%2Fgenerated%2Fcontrollers%2Fcluster.cattle.io%2Ffactory.go,[]
rancher,rancher,e91bb053386b32864bbbb306f39061e9f2e287ae,pkg/generated/controllers/cluster.cattle.io/interface.go,https://github.com/rancher/rancher/raw/d4a0ff5e779e3cc5f14d77ce57620e1326ab1c22/pkg%2Fgenerated%2Fcontrollers%2Fcluster.cattle.io%2Finterface.go,[]
rancher,rancher,e91bb053386b32864bbbb306f39061e9f2e287ae,pkg/generated/controllers/cluster.cattle.io/v3/clusterauthtoken.go,https://github.com/rancher/rancher/raw/d4a0ff5e779e3cc5f14d77ce57620e1326ab1c22/pkg%2Fgenerated%2Fcontrollers%2Fcluster.cattle.io%2Fv3%2Fclusterauthtoken.go,[]
rancher,rancher,e91bb053386b32864bbbb306f39061e9f2e287ae,pkg/generated/controllers/cluster.cattle.io/v3/clusteruserattribute.go,https://github.com/rancher/rancher/raw/d4a0ff5e779e3cc5f14d77ce57620e1326ab1c22/pkg%2Fgenerated%2Fcontrollers%2Fcluster.cattle.io%2Fv3%2Fclusteruserattribute.go,[]
rancher,rancher,e91bb053386b32864bbbb306f39061e9f2e287ae,pkg/generated/controllers/cluster.cattle.io/v3/interface.go,https://github.com/rancher/rancher/raw/d4a0ff5e779e3cc5f14d77ce57620e1326ab1c22/pkg%2Fgenerated%2Fcontrollers%2Fcluster.cattle.io%2Fv3%2Finterface.go,[]
rancher,rancher,e91bb053386b32864bbbb306f39061e9f2e287ae,pkg/generated/controllers/cluster.x-k8s.io/factory.go,https://github.com/rancher/rancher/raw/d4a0ff5e779e3cc5f14d77ce57620e1326ab1c22/pkg%2Fgenerated%2Fcontrollers%2Fcluster.x-k8s.io%2Ffactory.go,[]
rancher,rancher,e91bb053386b32864bbbb306f39061e9f2e287ae,pkg/generated/controllers/cluster.x-k8s.io/interface.go,https://github.com/rancher/rancher/raw/d4a0ff5e779e3cc5f14d77ce57620e1326ab1c22/pkg%2Fgenerated%2Fcontrollers%2Fcluster.x-k8s.io%2Finterface.go,[]
rancher,rancher,e91bb053386b32864bbbb306f39061e9f2e287ae,pkg/generated/controllers/cluster.x-k8s.io/v1beta1/cluster.go,https://github.com/rancher/rancher/raw/d4a0ff5e779e3cc5f14d77ce57620e1326ab1c22/pkg%2Fgenerated%2Fcontrollers%2Fcluster.x-k8s.io%2Fv1beta1%2Fcluster.go,[]
rancher,rancher,e91bb053386b32864bbbb306f39061e9f2e287ae,pkg/generated/controllers/cluster.x-k8s.io/v1beta1/interface.go,https://github.com/rancher/rancher/raw/d4a0ff5e779e3cc5f14d77ce57620e1326ab1c22/pkg%2Fgenerated%2Fcontrollers%2Fcluster.x-k8s.io%2Fv1beta1%2Finterface.go,[]
rancher,rancher,e91bb053386b32864bbbb306f39061e9f2e287ae,pkg/generated/controllers/cluster.x-k8s.io/v1beta1/machine.go,https://github.com/rancher/rancher/raw/d4a0ff5e779e3cc5f14d77ce57620e1326ab1c22/pkg%2Fgenerated%2Fcontrollers%2Fcluster.x-k8s.io%2Fv1beta1%2Fmachine.go,[]
rancher,rancher,e91bb053386b32864bbbb306f39061e9f2e287ae,pkg/generated/controllers/cluster.x-k8s.io/v1beta1/machinedeployment.go,https://github.com/rancher/rancher/raw/d4a0ff5e779e3cc5f14d77ce57620e1326ab1c22/pkg%2Fgenerated%2Fcontrollers%2Fcluster.x-k8s.io%2Fv1beta1%2Fmachinedeployment.go,[]
rancher,rancher,e91bb053386b32864bbbb306f39061e9f2e287ae,pkg/generated/controllers/cluster.x-k8s.io/v1beta1/machineset.go,https://github.com/rancher/rancher/raw/d4a0ff5e779e3cc5f14d77ce57620e1326ab1c22/pkg%2Fgenerated%2Fcontrollers%2Fcluster.x-k8s.io%2Fv1beta1%2Fmachineset.go,[]
rancher,rancher,e91bb053386b32864bbbb306f39061e9f2e287ae,pkg/generated/controllers/fleet.cattle.io/factory.go,https://github.com/rancher/rancher/raw/d4a0ff5e779e3cc5f14d77ce57620e1326ab1c22/pkg%2Fgenerated%2Fcontrollers%2Ffleet.cattle.io%2Ffactory.go,[]
rancher,rancher,e91bb053386b32864bbbb306f39061e9f2e287ae,pkg/generated/controllers/fleet.cattle.io/interface.go,https://github.com/rancher/rancher/raw/d4a0ff5e779e3cc5f14d77ce57620e1326ab1c22/pkg%2Fgenerated%2Fcontrollers%2Ffleet.cattle.io%2Finterface.go,[]
rancher,rancher,e91bb053386b32864bbbb306f39061e9f2e287ae,pkg/generated/controllers/fleet.cattle.io/v1alpha1/bundle.go,https://github.com/rancher/rancher/raw/d4a0ff5e779e3cc5f14d77ce57620e1326ab1c22/pkg%2Fgenerated%2Fcontrollers%2Ffleet.cattle.io%2Fv1alpha1%2Fbundle.go,[]
rancher,rancher,e91bb053386b32864bbbb306f39061e9f2e287ae,pkg/generated/controllers/fleet.cattle.io/v1alpha1/cluster.go,https://github.com/rancher/rancher/raw/d4a0ff5e779e3cc5f14d77ce57620e1326ab1c22/pkg%2Fgenerated%2Fcontrollers%2Ffleet.cattle.io%2Fv1alpha1%2Fcluster.go,[]
rancher,rancher,e91bb053386b32864bbbb306f39061e9f2e287ae,pkg/generated/controllers/fleet.cattle.io/v1alpha1/interface.go,https://github.com/rancher/rancher/raw/d4a0ff5e779e3cc5f14d77ce57620e1326ab1c22/pkg%2Fgenerated%2Fcontrollers%2Ffleet.cattle.io%2Fv1alpha1%2Finterface.go,[]
rancher,rancher,e91bb053386b32864bbbb306f39061e9f2e287ae,pkg/generated/controllers/management.cattle.io/factory.go,https://github.com/rancher/rancher/raw/d4a0ff5e779e3cc5f14d77ce57620e1326ab1c22/pkg%2Fgenerated%2Fcontrollers%2Fmanagement.cattle.io%2Ffactory.go,[]
rancher,rancher,e91bb053386b32864bbbb306f39061e9f2e287ae,pkg/generated/controllers/management.cattle.io/interface.go,https://github.com/rancher/rancher/raw/d4a0ff5e779e3cc5f14d77ce57620e1326ab1c22/pkg%2Fgenerated%2Fcontrollers%2Fmanagement.cattle.io%2Finterface.go,[]
rancher,rancher,e91bb053386b32864bbbb306f39061e9f2e287ae,pkg/generated/controllers/management.cattle.io/v3/activedirectoryprovider.go,https://github.com/rancher/rancher/raw/d4a0ff5e779e3cc5f14d77ce57620e1326ab1c22/pkg%2Fgenerated%2Fcontrollers%2Fmanagement.cattle.io%2Fv3%2Factivedirectoryprovider.go,[]
rancher,rancher,e91bb053386b32864bbbb306f39061e9f2e287ae,pkg/generated/controllers/management.cattle.io/v3/apiservice.go,https://github.com/rancher/rancher/raw/d4a0ff5e779e3cc5f14d77ce57620e1326ab1c22/pkg%2Fgenerated%2Fcontrollers%2Fmanagement.cattle.io%2Fv3%2Fapiservice.go,[]
rancher,rancher,e91bb053386b32864bbbb306f39061e9f2e287ae,pkg/generated/controllers/management.cattle.io/v3/authconfig.go,https://github.com/rancher/rancher/raw/d4a0ff5e779e3cc5f14d77ce57620e1326ab1c22/pkg%2Fgenerated%2Fcontrollers%2Fmanagement.cattle.io%2Fv3%2Fauthconfig.go,[]
rancher,rancher,e91bb053386b32864bbbb306f39061e9f2e287ae,pkg/generated/controllers/management.cattle.io/v3/authprovider.go,https://github.com/rancher/rancher/raw/d4a0ff5e779e3cc5f14d77ce57620e1326ab1c22/pkg%2Fgenerated%2Fcontrollers%2Fmanagement.cattle.io%2Fv3%2Fauthprovider.go,[]
rancher,rancher,e91bb053386b32864bbbb306f39061e9f2e287ae,pkg/generated/controllers/management.cattle.io/v3/authtoken.go,https://github.com/rancher/rancher/raw/d4a0ff5e779e3cc5f14d77ce57620e1326ab1c22/pkg%2Fgenerated%2Fcontrollers%2Fmanagement.cattle.io%2Fv3%2Fauthtoken.go,[]
rancher,rancher,e91bb053386b32864bbbb306f39061e9f2e287ae,pkg/generated/controllers/management.cattle.io/v3/azureadprovider.go,https://github.com/rancher/rancher/raw/d4a0ff5e779e3cc5f14d77ce57620e1326ab1c22/pkg%2Fgenerated%2Fcontrollers%2Fmanagement.cattle.io%2Fv3%2Fazureadprovider.go,[]
rancher,rancher,e91bb053386b32864bbbb306f39061e9f2e287ae,pkg/generated/controllers/management.cattle.io/v3/catalog.go,https://github.com/rancher/rancher/raw/d4a0ff5e779e3cc5f14d77ce57620e1326ab1c22/pkg%2Fgenerated%2Fcontrollers%2Fmanagement.cattle.io%2Fv3%2Fcatalog.go,[]
rancher,rancher,e91bb053386b32864bbbb306f39061e9f2e287ae,pkg/generated/controllers/management.cattle.io/v3/catalogtemplate.go,https://github.com/rancher/rancher/raw/d4a0ff5e779e3cc5f14d77ce57620e1326ab1c22/pkg%2Fgenerated%2Fcontrollers%2Fmanagement.cattle.io%2Fv3%2Fcatalogtemplate.go,[]
rancher,rancher,e91bb053386b32864bbbb306f39061e9f2e287ae,pkg/generated/controllers/management.cattle.io/v3/catalogtemplateversion.go,https://github.com/rancher/rancher/raw/d4a0ff5e779e3cc5f14d77ce57620e1326ab1c22/pkg%2Fgenerated%2Fcontrollers%2Fmanagement.cattle.io%2Fv3%2Fcatalogtemplateversion.go,[]
rancher,rancher,e91bb053386b32864bbbb306f39061e9f2e287ae,pkg/generated/controllers/management.cattle.io/v3/cisbenchmarkversion.go,https://github.com/rancher/rancher/raw/d4a0ff5e779e3cc5f14d77ce57620e1326ab1c22/pkg%2Fgenerated%2Fcontrollers%2Fmanagement.cattle.io%2Fv3%2Fcisbenchmarkversion.go,[]
rancher,rancher,e91bb053386b32864bbbb306f39061e9f2e287ae,pkg/generated/controllers/management.cattle.io/v3/cisconfig.go,https://github.com/rancher/rancher/raw/d4a0ff5e779e3cc5f14d77ce57620e1326ab1c22/pkg%2Fgenerated%2Fcontrollers%2Fmanagement.cattle.io%2Fv3%2Fcisconfig.go,[]
rancher,rancher,e91bb053386b32864bbbb306f39061e9f2e287ae,pkg/generated/controllers/management.cattle.io/v3/cloudcredential.go,https://github.com/rancher/rancher/raw/d4a0ff5e779e3cc5f14d77ce57620e1326ab1c22/pkg%2Fgenerated%2Fcontrollers%2Fmanagement.cattle.io%2Fv3%2Fcloudcredential.go,[]
rancher,rancher,e91bb053386b32864bbbb306f39061e9f2e287ae,pkg/generated/controllers/management.cattle.io/v3/cluster.go,https://github.com/rancher/rancher/raw/d4a0ff5e779e3cc5f14d77ce57620e1326ab1c22/pkg%2Fgenerated%2Fcontrollers%2Fmanagement.cattle.io%2Fv3%2Fcluster.go,[]
rancher,rancher,e91bb053386b32864bbbb306f39061e9f2e287ae,pkg/generated/controllers/management.cattle.io/v3/clusteralert.go,https://github.com/rancher/rancher/raw/d4a0ff5e779e3cc5f14d77ce57620e1326ab1c22/pkg%2Fgenerated%2Fcontrollers%2Fmanagement.cattle.io%2Fv3%2Fclusteralert.go,[]
rancher,rancher,e91bb053386b32864bbbb306f39061e9f2e287ae,pkg/generated/controllers/management.cattle.io/v3/clusteralertgroup.go,https://github.com/rancher/rancher/raw/d4a0ff5e779e3cc5f14d77ce57620e1326ab1c22/pkg%2Fgenerated%2Fcontrollers%2Fmanagement.cattle.io%2Fv3%2Fclusteralertgroup.go,[]
rancher,rancher,e91bb053386b32864bbbb306f39061e9f2e287ae,pkg/generated/controllers/management.cattle.io/v3/clusteralertrule.go,https://github.com/rancher/rancher/raw/d4a0ff5e779e3cc5f14d77ce57620e1326ab1c22/pkg%2Fgenerated%2Fcontrollers%2Fmanagement.cattle.io%2Fv3%2Fclusteralertrule.go,[]
rancher,rancher,e91bb053386b32864bbbb306f39061e9f2e287ae,pkg/generated/controllers/management.cattle.io/v3/clustercatalog.go,https://github.com/rancher/rancher/raw/d4a0ff5e779e3cc5f14d77ce57620e1326ab1c22/pkg%2Fgenerated%2Fcontrollers%2Fmanagement.cattle.io%2Fv3%2Fclustercatalog.go,[]
rancher,rancher,e91bb053386b32864bbbb306f39061e9f2e287ae,pkg/generated/controllers/management.cattle.io/v3/clusterlogging.go,https://github.com/rancher/rancher/raw/d4a0ff5e779e3cc5f14d77ce57620e1326ab1c22/pkg%2Fgenerated%2Fcontrollers%2Fmanagement.cattle.io%2Fv3%2Fclusterlogging.go,[]
rancher,rancher,e91bb053386b32864bbbb306f39061e9f2e287ae,pkg/generated/controllers/management.cattle.io/v3/clustermonitorgraph.go,https://github.com/rancher/rancher/raw/d4a0ff5e779e3cc5f14d77ce57620e1326ab1c22/pkg%2Fgenerated%2Fcontrollers%2Fmanagement.cattle.io%2Fv3%2Fclustermonitorgraph.go,[]
rancher,rancher,e91bb053386b32864bbbb306f39061e9f2e287ae,pkg/generated/controllers/management.cattle.io/v3/clusterregistrationtoken.go,https://github.com/rancher/rancher/raw/d4a0ff5e779e3cc5f14d77ce57620e1326ab1c22/pkg%2Fgenerated%2Fcontrollers%2Fmanagement.cattle.io%2Fv3%2Fclusterregistrationtoken.go,[]
rancher,rancher,e91bb053386b32864bbbb306f39061e9f2e287ae,pkg/generated/controllers/management.cattle.io/v3/clusterroletemplatebinding.go,https://github.com/rancher/rancher/raw/d4a0ff5e779e3cc5f14d77ce57620e1326ab1c22/pkg%2Fgenerated%2Fcontrollers%2Fmanagement.cattle.io%2Fv3%2Fclusterroletemplatebinding.go,[]
rancher,rancher,e91bb053386b32864bbbb306f39061e9f2e287ae,pkg/generated/controllers/management.cattle.io/v3/clusterscan.go,https://github.com/rancher/rancher/raw/d4a0ff5e779e3cc5f14d77ce57620e1326ab1c22/pkg%2Fgenerated%2Fcontrollers%2Fmanagement.cattle.io%2Fv3%2Fclusterscan.go,[]
rancher,rancher,e91bb053386b32864bbbb306f39061e9f2e287ae,pkg/generated/controllers/management.cattle.io/v3/clustertemplate.go,https://github.com/rancher/rancher/raw/d4a0ff5e779e3cc5f14d77ce57620e1326ab1c22/pkg%2Fgenerated%2Fcontrollers%2Fmanagement.cattle.io%2Fv3%2Fclustertemplate.go,[]
rancher,rancher,e91bb053386b32864bbbb306f39061e9f2e287ae,pkg/generated/controllers/management.cattle.io/v3/clustertemplaterevision.go,https://github.com/rancher/rancher/raw/d4a0ff5e779e3cc5f14d77ce57620e1326ab1c22/pkg%2Fgenerated%2Fcontrollers%2Fmanagement.cattle.io%2Fv3%2Fclustertemplaterevision.go,[]
rancher,rancher,e91bb053386b32864bbbb306f39061e9f2e287ae,pkg/generated/controllers/management.cattle.io/v3/composeconfig.go,https://github.com/rancher/rancher/raw/d4a0ff5e779e3cc5f14d77ce57620e1326ab1c22/pkg%2Fgenerated%2Fcontrollers%2Fmanagement.cattle.io%2Fv3%2Fcomposeconfig.go,[]
rancher,rancher,e91bb053386b32864bbbb306f39061e9f2e287ae,pkg/generated/controllers/management.cattle.io/v3/dynamicschema.go,https://github.com/rancher/rancher/raw/d4a0ff5e779e3cc5f14d77ce57620e1326ab1c22/pkg%2Fgenerated%2Fcontrollers%2Fmanagement.cattle.io%2Fv3%2Fdynamicschema.go,[]
rancher,rancher,e91bb053386b32864bbbb306f39061e9f2e287ae,pkg/generated/controllers/management.cattle.io/v3/etcdbackup.go,https://github.com/rancher/rancher/raw/d4a0ff5e779e3cc5f14d77ce57620e1326ab1c22/pkg%2Fgenerated%2Fcontrollers%2Fmanagement.cattle.io%2Fv3%2Fetcdbackup.go,[]
rancher,rancher,e91bb053386b32864bbbb306f39061e9f2e287ae,pkg/generated/controllers/management.cattle.io/v3/feature.go,https://github.com/rancher/rancher/raw/d4a0ff5e779e3cc5f14d77ce57620e1326ab1c22/pkg%2Fgenerated%2Fcontrollers%2Fmanagement.cattle.io%2Fv3%2Ffeature.go,[]
rancher,rancher,e91bb053386b32864bbbb306f39061e9f2e287ae,pkg/generated/controllers/management.cattle.io/v3/fleetworkspace.go,https://github.com/rancher/rancher/raw/d4a0ff5e779e3cc5f14d77ce57620e1326ab1c22/pkg%2Fgenerated%2Fcontrollers%2Fmanagement.cattle.io%2Fv3%2Ffleetworkspace.go,[]
rancher,rancher,e91bb053386b32864bbbb306f39061e9f2e287ae,pkg/generated/controllers/management.cattle.io/v3/freeipaprovider.go,https://github.com/rancher/rancher/raw/d4a0ff5e779e3cc5f14d77ce57620e1326ab1c22/pkg%2Fgenerated%2Fcontrollers%2Fmanagement.cattle.io%2Fv3%2Ffreeipaprovider.go,[]
rancher,rancher,e91bb053386b32864bbbb306f39061e9f2e287ae,pkg/generated/controllers/management.cattle.io/v3/githubprovider.go,https://github.com/rancher/rancher/raw/d4a0ff5e779e3cc5f14d77ce57620e1326ab1c22/pkg%2Fgenerated%2Fcontrollers%2Fmanagement.cattle.io%2Fv3%2Fgithubprovider.go,[]
rancher,rancher,e91bb053386b32864bbbb306f39061e9f2e287ae,pkg/generated/controllers/management.cattle.io/v3/globaldns.go,https://github.com/rancher/rancher/raw/d4a0ff5e779e3cc5f14d77ce57620e1326ab1c22/pkg%2Fgenerated%2Fcontrollers%2Fmanagement.cattle.io%2Fv3%2Fglobaldns.go,[]
rancher,rancher,e91bb053386b32864bbbb306f39061e9f2e287ae,pkg/generated/controllers/management.cattle.io/v3/globaldnsprovider.go,https://github.com/rancher/rancher/raw/d4a0ff5e779e3cc5f14d77ce57620e1326ab1c22/pkg%2Fgenerated%2Fcontrollers%2Fmanagement.cattle.io%2Fv3%2Fglobaldnsprovider.go,[]
rancher,rancher,e91bb053386b32864bbbb306f39061e9f2e287ae,pkg/generated/controllers/management.cattle.io/v3/globalrole.go,https://github.com/rancher/rancher/raw/d4a0ff5e779e3cc5f14d77ce57620e1326ab1c22/pkg%2Fgenerated%2Fcontrollers%2Fmanagement.cattle.io%2Fv3%2Fglobalrole.go,[]
rancher,rancher,e91bb053386b32864bbbb306f39061e9f2e287ae,pkg/generated/controllers/management.cattle.io/v3/globalrolebinding.go,https://github.com/rancher/rancher/raw/d4a0ff5e779e3cc5f14d77ce57620e1326ab1c22/pkg%2Fgenerated%2Fcontrollers%2Fmanagement.cattle.io%2Fv3%2Fglobalrolebinding.go,[]
rancher,rancher,e91bb053386b32864bbbb306f39061e9f2e287ae,pkg/generated/controllers/management.cattle.io/v3/googleoauthprovider.go,https://github.com/rancher/rancher/raw/d4a0ff5e779e3cc5f14d77ce57620e1326ab1c22/pkg%2Fgenerated%2Fcontrollers%2Fmanagement.cattle.io%2Fv3%2Fgoogleoauthprovider.go,[]
rancher,rancher,e91bb053386b32864bbbb306f39061e9f2e287ae,pkg/generated/controllers/management.cattle.io/v3/group.go,https://github.com/rancher/rancher/raw/d4a0ff5e779e3cc5f14d77ce57620e1326ab1c22/pkg%2Fgenerated%2Fcontrollers%2Fmanagement.cattle.io%2Fv3%2Fgroup.go,[]
rancher,rancher,e91bb053386b32864bbbb306f39061e9f2e287ae,pkg/generated/controllers/management.cattle.io/v3/groupmember.go,https://github.com/rancher/rancher/raw/d4a0ff5e779e3cc5f14d77ce57620e1326ab1c22/pkg%2Fgenerated%2Fcontrollers%2Fmanagement.cattle.io%2Fv3%2Fgroupmember.go,[]
rancher,rancher,e91bb053386b32864bbbb306f39061e9f2e287ae,pkg/generated/controllers/management.cattle.io/v3/interface.go,https://github.com/rancher/rancher/raw/d4a0ff5e779e3cc5f14d77ce57620e1326ab1c22/pkg%2Fgenerated%2Fcontrollers%2Fmanagement.cattle.io%2Fv3%2Finterface.go,[]
rancher,rancher,e91bb053386b32864bbbb306f39061e9f2e287ae,pkg/generated/controllers/management.cattle.io/v3/kontainerdriver.go,https://github.com/rancher/rancher/raw/d4a0ff5e779e3cc5f14d77ce57620e1326ab1c22/pkg%2Fgenerated%2Fcontrollers%2Fmanagement.cattle.io%2Fv3%2Fkontainerdriver.go,[]
rancher,rancher,e91bb053386b32864bbbb306f39061e9f2e287ae,pkg/generated/controllers/management.cattle.io/v3/localprovider.go,https://github.com/rancher/rancher/raw/d4a0ff5e779e3cc5f14d77ce57620e1326ab1c22/pkg%2Fgenerated%2Fcontrollers%2Fmanagement.cattle.io%2Fv3%2Flocalprovider.go,[]
rancher,rancher,e91bb053386b32864bbbb306f39061e9f2e287ae,pkg/generated/controllers/management.cattle.io/v3/managedchart.go,https://github.com/rancher/rancher/raw/d4a0ff5e779e3cc5f14d77ce57620e1326ab1c22/pkg%2Fgenerated%2Fcontrollers%2Fmanagement.cattle.io%2Fv3%2Fmanagedchart.go,[]
rancher,rancher,e91bb053386b32864bbbb306f39061e9f2e287ae,pkg/generated/controllers/management.cattle.io/v3/monitormetric.go,https://github.com/rancher/rancher/raw/d4a0ff5e779e3cc5f14d77ce57620e1326ab1c22/pkg%2Fgenerated%2Fcontrollers%2Fmanagement.cattle.io%2Fv3%2Fmonitormetric.go,[]
rancher,rancher,e91bb053386b32864bbbb306f39061e9f2e287ae,pkg/generated/controllers/management.cattle.io/v3/multiclusterapp.go,https://github.com/rancher/rancher/raw/d4a0ff5e779e3cc5f14d77ce57620e1326ab1c22/pkg%2Fgenerated%2Fcontrollers%2Fmanagement.cattle.io%2Fv3%2Fmulticlusterapp.go,[]
rancher,rancher,e91bb053386b32864bbbb306f39061e9f2e287ae,pkg/generated/controllers/management.cattle.io/v3/multiclusterapprevision.go,https://github.com/rancher/rancher/raw/d4a0ff5e779e3cc5f14d77ce57620e1326ab1c22/pkg%2Fgenerated%2Fcontrollers%2Fmanagement.cattle.io%2Fv3%2Fmulticlusterapprevision.go,[]
rancher,rancher,e91bb053386b32864bbbb306f39061e9f2e287ae,pkg/generated/controllers/management.cattle.io/v3/node.go,https://github.com/rancher/rancher/raw/d4a0ff5e779e3cc5f14d77ce57620e1326ab1c22/pkg%2Fgenerated%2Fcontrollers%2Fmanagement.cattle.io%2Fv3%2Fnode.go,[]
rancher,rancher,e91bb053386b32864bbbb306f39061e9f2e287ae,pkg/generated/controllers/management.cattle.io/v3/nodedriver.go,https://github.com/rancher/rancher/raw/d4a0ff5e779e3cc5f14d77ce57620e1326ab1c22/pkg%2Fgenerated%2Fcontrollers%2Fmanagement.cattle.io%2Fv3%2Fnodedriver.go,[]
rancher,rancher,e91bb053386b32864bbbb306f39061e9f2e287ae,pkg/generated/controllers/management.cattle.io/v3/nodepool.go,https://github.com/rancher/rancher/raw/d4a0ff5e779e3cc5f14d77ce57620e1326ab1c22/pkg%2Fgenerated%2Fcontrollers%2Fmanagement.cattle.io%2Fv3%2Fnodepool.go,[]
rancher,rancher,e91bb053386b32864bbbb306f39061e9f2e287ae,pkg/generated/controllers/management.cattle.io/v3/nodetemplate.go,https://github.com/rancher/rancher/raw/d4a0ff5e779e3cc5f14d77ce57620e1326ab1c22/pkg%2Fgenerated%2Fcontrollers%2Fmanagement.cattle.io%2Fv3%2Fnodetemplate.go,[]
rancher,rancher,e91bb053386b32864bbbb306f39061e9f2e287ae,pkg/generated/controllers/management.cattle.io/v3/notifier.go,https://github.com/rancher/rancher/raw/d4a0ff5e779e3cc5f14d77ce57620e1326ab1c22/pkg%2Fgenerated%2Fcontrollers%2Fmanagement.cattle.io%2Fv3%2Fnotifier.go,[]
rancher,rancher,e91bb053386b32864bbbb306f39061e9f2e287ae,pkg/generated/controllers/management.cattle.io/v3/oidcprovider.go,https://github.com/rancher/rancher/raw/d4a0ff5e779e3cc5f14d77ce57620e1326ab1c22/pkg%2Fgenerated%2Fcontrollers%2Fmanagement.cattle.io%2Fv3%2Foidcprovider.go,[]
rancher,rancher,e91bb053386b32864bbbb306f39061e9f2e287ae,pkg/generated/controllers/management.cattle.io/v3/openldapprovider.go,https://github.com/rancher/rancher/raw/d4a0ff5e779e3cc5f14d77ce57620e1326ab1c22/pkg%2Fgenerated%2Fcontrollers%2Fmanagement.cattle.io%2Fv3%2Fopenldapprovider.go,[]
rancher,rancher,e91bb053386b32864bbbb306f39061e9f2e287ae,pkg/generated/controllers/management.cattle.io/v3/podsecuritypolicytemplate.go,https://github.com/rancher/rancher/raw/d4a0ff5e779e3cc5f14d77ce57620e1326ab1c22/pkg%2Fgenerated%2Fcontrollers%2Fmanagement.cattle.io%2Fv3%2Fpodsecuritypolicytemplate.go,[]
rancher,rancher,e91bb053386b32864bbbb306f39061e9f2e287ae,pkg/generated/controllers/management.cattle.io/v3/podsecuritypolicytemplateprojectbinding.go,https://github.com/rancher/rancher/raw/d4a0ff5e779e3cc5f14d77ce57620e1326ab1c22/pkg%2Fgenerated%2Fcontrollers%2Fmanagement.cattle.io%2Fv3%2Fpodsecuritypolicytemplateprojectbinding.go,[]
rancher,rancher,e91bb053386b32864bbbb306f39061e9f2e287ae,pkg/generated/controllers/management.cattle.io/v3/preference.go,https://github.com/rancher/rancher/raw/d4a0ff5e779e3cc5f14d77ce57620e1326ab1c22/pkg%2Fgenerated%2Fcontrollers%2Fmanagement.cattle.io%2Fv3%2Fpreference.go,[]
rancher,rancher,e91bb053386b32864bbbb306f39061e9f2e287ae,pkg/generated/controllers/management.cattle.io/v3/principal.go,https://github.com/rancher/rancher/raw/d4a0ff5e779e3cc5f14d77ce57620e1326ab1c22/pkg%2Fgenerated%2Fcontrollers%2Fmanagement.cattle.io%2Fv3%2Fprincipal.go,[]
rancher,rancher,e91bb053386b32864bbbb306f39061e9f2e287ae,pkg/generated/controllers/management.cattle.io/v3/project.go,https://github.com/rancher/rancher/raw/d4a0ff5e779e3cc5f14d77ce57620e1326ab1c22/pkg%2Fgenerated%2Fcontrollers%2Fmanagement.cattle.io%2Fv3%2Fproject.go,[]
rancher,rancher,e91bb053386b32864bbbb306f39061e9f2e287ae,pkg/generated/controllers/management.cattle.io/v3/projectalert.go,https://github.com/rancher/rancher/raw/d4a0ff5e779e3cc5f14d77ce57620e1326ab1c22/pkg%2Fgenerated%2Fcontrollers%2Fmanagement.cattle.io%2Fv3%2Fprojectalert.go,[]
rancher,rancher,e91bb053386b32864bbbb306f39061e9f2e287ae,pkg/generated/controllers/management.cattle.io/v3/projectalertgroup.go,https://github.com/rancher/rancher/raw/d4a0ff5e779e3cc5f14d77ce57620e1326ab1c22/pkg%2Fgenerated%2Fcontrollers%2Fmanagement.cattle.io%2Fv3%2Fprojectalertgroup.go,[]
rancher,rancher,e91bb053386b32864bbbb306f39061e9f2e287ae,pkg/generated/controllers/management.cattle.io/v3/projectalertrule.go,https://github.com/rancher/rancher/raw/d4a0ff5e779e3cc5f14d77ce57620e1326ab1c22/pkg%2Fgenerated%2Fcontrollers%2Fmanagement.cattle.io%2Fv3%2Fprojectalertrule.go,[]
rancher,rancher,e91bb053386b32864bbbb306f39061e9f2e287ae,pkg/generated/controllers/management.cattle.io/v3/projectcatalog.go,https://github.com/rancher/rancher/raw/d4a0ff5e779e3cc5f14d77ce57620e1326ab1c22/pkg%2Fgenerated%2Fcontrollers%2Fmanagement.cattle.io%2Fv3%2Fprojectcatalog.go,[]
rancher,rancher,e91bb053386b32864bbbb306f39061e9f2e287ae,pkg/generated/controllers/management.cattle.io/v3/projectlogging.go,https://github.com/rancher/rancher/raw/d4a0ff5e779e3cc5f14d77ce57620e1326ab1c22/pkg%2Fgenerated%2Fcontrollers%2Fmanagement.cattle.io%2Fv3%2Fprojectlogging.go,[]
rancher,rancher,e91bb053386b32864bbbb306f39061e9f2e287ae,pkg/generated/controllers/management.cattle.io/v3/projectmonitorgraph.go,https://github.com/rancher/rancher/raw/d4a0ff5e779e3cc5f14d77ce57620e1326ab1c22/pkg%2Fgenerated%2Fcontrollers%2Fmanagement.cattle.io%2Fv3%2Fprojectmonitorgraph.go,[]
rancher,rancher,e91bb053386b32864bbbb306f39061e9f2e287ae,pkg/generated/controllers/management.cattle.io/v3/projectnetworkpolicy.go,https://github.com/rancher/rancher/raw/d4a0ff5e779e3cc5f14d77ce57620e1326ab1c22/pkg%2Fgenerated%2Fcontrollers%2Fmanagement.cattle.io%2Fv3%2Fprojectnetworkpolicy.go,[]
rancher,rancher,e91bb053386b32864bbbb306f39061e9f2e287ae,pkg/generated/controllers/management.cattle.io/v3/projectroletemplatebinding.go,https://github.com/rancher/rancher/raw/d4a0ff5e779e3cc5f14d77ce57620e1326ab1c22/pkg%2Fgenerated%2Fcontrollers%2Fmanagement.cattle.io%2Fv3%2Fprojectroletemplatebinding.go,[]
rancher,rancher,e91bb053386b32864bbbb306f39061e9f2e287ae,pkg/generated/controllers/management.cattle.io/v3/rancherusernotification.go,https://github.com/rancher/rancher/raw/d4a0ff5e779e3cc5f14d77ce57620e1326ab1c22/pkg%2Fgenerated%2Fcontrollers%2Fmanagement.cattle.io%2Fv3%2Francherusernotification.go,[]
rancher,rancher,e91bb053386b32864bbbb306f39061e9f2e287ae,pkg/generated/controllers/management.cattle.io/v3/rkeaddon.go,https://github.com/rancher/rancher/raw/d4a0ff5e779e3cc5f14d77ce57620e1326ab1c22/pkg%2Fgenerated%2Fcontrollers%2Fmanagement.cattle.io%2Fv3%2Frkeaddon.go,[]
rancher,rancher,e91bb053386b32864bbbb306f39061e9f2e287ae,pkg/generated/controllers/management.cattle.io/v3/rkek8sserviceoption.go,https://github.com/rancher/rancher/raw/d4a0ff5e779e3cc5f14d77ce57620e1326ab1c22/pkg%2Fgenerated%2Fcontrollers%2Fmanagement.cattle.io%2Fv3%2Frkek8sserviceoption.go,[]
rancher,rancher,e91bb053386b32864bbbb306f39061e9f2e287ae,pkg/generated/controllers/management.cattle.io/v3/rkek8ssystemimage.go,https://github.com/rancher/rancher/raw/d4a0ff5e779e3cc5f14d77ce57620e1326ab1c22/pkg%2Fgenerated%2Fcontrollers%2Fmanagement.cattle.io%2Fv3%2Frkek8ssystemimage.go,[]
rancher,rancher,e91bb053386b32864bbbb306f39061e9f2e287ae,pkg/generated/controllers/management.cattle.io/v3/roletemplate.go,https://github.com/rancher/rancher/raw/d4a0ff5e779e3cc5f14d77ce57620e1326ab1c22/pkg%2Fgenerated%2Fcontrollers%2Fmanagement.cattle.io%2Fv3%2Froletemplate.go,[]
rancher,rancher,e91bb053386b32864bbbb306f39061e9f2e287ae,pkg/generated/controllers/management.cattle.io/v3/samlprovider.go,https://github.com/rancher/rancher/raw/d4a0ff5e779e3cc5f14d77ce57620e1326ab1c22/pkg%2Fgenerated%2Fcontrollers%2Fmanagement.cattle.io%2Fv3%2Fsamlprovider.go,[]
rancher,rancher,e91bb053386b32864bbbb306f39061e9f2e287ae,pkg/generated/controllers/management.cattle.io/v3/samltoken.go,https://github.com/rancher/rancher/raw/d4a0ff5e779e3cc5f14d77ce57620e1326ab1c22/pkg%2Fgenerated%2Fcontrollers%2Fmanagement.cattle.io%2Fv3%2Fsamltoken.go,[]
rancher,rancher,e91bb053386b32864bbbb306f39061e9f2e287ae,pkg/generated/controllers/management.cattle.io/v3/setting.go,https://github.com/rancher/rancher/raw/d4a0ff5e779e3cc5f14d77ce57620e1326ab1c22/pkg%2Fgenerated%2Fcontrollers%2Fmanagement.cattle.io%2Fv3%2Fsetting.go,[]
rancher,rancher,e91bb053386b32864bbbb306f39061e9f2e287ae,pkg/generated/controllers/management.cattle.io/v3/template.go,https://github.com/rancher/rancher/raw/d4a0ff5e779e3cc5f14d77ce57620e1326ab1c22/pkg%2Fgenerated%2Fcontrollers%2Fmanagement.cattle.io%2Fv3%2Ftemplate.go,[]
rancher,rancher,e91bb053386b32864bbbb306f39061e9f2e287ae,pkg/generated/controllers/management.cattle.io/v3/templatecontent.go,https://github.com/rancher/rancher/raw/d4a0ff5e779e3cc5f14d77ce57620e1326ab1c22/pkg%2Fgenerated%2Fcontrollers%2Fmanagement.cattle.io%2Fv3%2Ftemplatecontent.go,[]
rancher,rancher,e91bb053386b32864bbbb306f39061e9f2e287ae,pkg/generated/controllers/management.cattle.io/v3/templateversion.go,https://github.com/rancher/rancher/raw/d4a0ff5e779e3cc5f14d77ce57620e1326ab1c22/pkg%2Fgenerated%2Fcontrollers%2Fmanagement.cattle.io%2Fv3%2Ftemplateversion.go,[]
rancher,rancher,e91bb053386b32864bbbb306f39061e9f2e287ae,pkg/generated/controllers/management.cattle.io/v3/token.go,https://github.com/rancher/rancher/raw/d4a0ff5e779e3cc5f14d77ce57620e1326ab1c22/pkg%2Fgenerated%2Fcontrollers%2Fmanagement.cattle.io%2Fv3%2Ftoken.go,[]
rancher,rancher,e91bb053386b32864bbbb306f39061e9f2e287ae,pkg/generated/controllers/management.cattle.io/v3/user.go,https://github.com/rancher/rancher/raw/d4a0ff5e779e3cc5f14d77ce57620e1326ab1c22/pkg%2Fgenerated%2Fcontrollers%2Fmanagement.cattle.io%2Fv3%2Fuser.go,[]
rancher,rancher,e91bb053386b32864bbbb306f39061e9f2e287ae,pkg/generated/controllers/management.cattle.io/v3/userattribute.go,https://github.com/rancher/rancher/raw/d4a0ff5e779e3cc5f14d77ce57620e1326ab1c22/pkg%2Fgenerated%2Fcontrollers%2Fmanagement.cattle.io%2Fv3%2Fuserattribute.go,[]
rancher,rancher,e91bb053386b32864bbbb306f39061e9f2e287ae,pkg/generated/controllers/project.cattle.io/factory.go,https://github.com/rancher/rancher/raw/d4a0ff5e779e3cc5f14d77ce57620e1326ab1c22/pkg%2Fgenerated%2Fcontrollers%2Fproject.cattle.io%2Ffactory.go,[]
rancher,rancher,e91bb053386b32864bbbb306f39061e9f2e287ae,pkg/generated/controllers/project.cattle.io/interface.go,https://github.com/rancher/rancher/raw/d4a0ff5e779e3cc5f14d77ce57620e1326ab1c22/pkg%2Fgenerated%2Fcontrollers%2Fproject.cattle.io%2Finterface.go,[]
rancher,rancher,e91bb053386b32864bbbb306f39061e9f2e287ae,pkg/generated/controllers/project.cattle.io/v3/app.go,https://github.com/rancher/rancher/raw/d4a0ff5e779e3cc5f14d77ce57620e1326ab1c22/pkg%2Fgenerated%2Fcontrollers%2Fproject.cattle.io%2Fv3%2Fapp.go,[]
rancher,rancher,e91bb053386b32864bbbb306f39061e9f2e287ae,pkg/generated/controllers/project.cattle.io/v3/apprevision.go,https://github.com/rancher/rancher/raw/d4a0ff5e779e3cc5f14d77ce57620e1326ab1c22/pkg%2Fgenerated%2Fcontrollers%2Fproject.cattle.io%2Fv3%2Fapprevision.go,[]
rancher,rancher,e91bb053386b32864bbbb306f39061e9f2e287ae,pkg/generated/controllers/project.cattle.io/v3/basicauth.go,https://github.com/rancher/rancher/raw/d4a0ff5e779e3cc5f14d77ce57620e1326ab1c22/pkg%2Fgenerated%2Fcontrollers%2Fproject.cattle.io%2Fv3%2Fbasicauth.go,[]
rancher,rancher,e91bb053386b32864bbbb306f39061e9f2e287ae,pkg/generated/controllers/project.cattle.io/v3/certificate.go,https://github.com/rancher/rancher/raw/d4a0ff5e779e3cc5f14d77ce57620e1326ab1c22/pkg%2Fgenerated%2Fcontrollers%2Fproject.cattle.io%2Fv3%2Fcertificate.go,[]
rancher,rancher,e91bb053386b32864bbbb306f39061e9f2e287ae,pkg/generated/controllers/project.cattle.io/v3/dockercredential.go,https://github.com/rancher/rancher/raw/d4a0ff5e779e3cc5f14d77ce57620e1326ab1c22/pkg%2Fgenerated%2Fcontrollers%2Fproject.cattle.io%2Fv3%2Fdockercredential.go,[]
rancher,rancher,e91bb053386b32864bbbb306f39061e9f2e287ae,pkg/generated/controllers/project.cattle.io/v3/interface.go,https://github.com/rancher/rancher/raw/d4a0ff5e779e3cc5f14d77ce57620e1326ab1c22/pkg%2Fgenerated%2Fcontrollers%2Fproject.cattle.io%2Fv3%2Finterface.go,[]
rancher,rancher,e91bb053386b32864bbbb306f39061e9f2e287ae,pkg/generated/controllers/project.cattle.io/v3/namespacedbasicauth.go,https://github.com/rancher/rancher/raw/d4a0ff5e779e3cc5f14d77ce57620e1326ab1c22/pkg%2Fgenerated%2Fcontrollers%2Fproject.cattle.io%2Fv3%2Fnamespacedbasicauth.go,[]
rancher,rancher,e91bb053386b32864bbbb306f39061e9f2e287ae,pkg/generated/controllers/project.cattle.io/v3/namespacedcertificate.go,https://github.com/rancher/rancher/raw/d4a0ff5e779e3cc5f14d77ce57620e1326ab1c22/pkg%2Fgenerated%2Fcontrollers%2Fproject.cattle.io%2Fv3%2Fnamespacedcertificate.go,[]
rancher,rancher,e91bb053386b32864bbbb306f39061e9f2e287ae,pkg/generated/controllers/project.cattle.io/v3/namespaceddockercredential.go,https://github.com/rancher/rancher/raw/d4a0ff5e779e3cc5f14d77ce57620e1326ab1c22/pkg%2Fgenerated%2Fcontrollers%2Fproject.cattle.io%2Fv3%2Fnamespaceddockercredential.go,[]
rancher,rancher,e91bb053386b32864bbbb306f39061e9f2e287ae,pkg/generated/controllers/project.cattle.io/v3/namespacedserviceaccounttoken.go,https://github.com/rancher/rancher/raw/d4a0ff5e779e3cc5f14d77ce57620e1326ab1c22/pkg%2Fgenerated%2Fcontrollers%2Fproject.cattle.io%2Fv3%2Fnamespacedserviceaccounttoken.go,[]
rancher,rancher,e91bb053386b32864bbbb306f39061e9f2e287ae,pkg/generated/controllers/project.cattle.io/v3/namespacedsshauth.go,https://github.com/rancher/rancher/raw/d4a0ff5e779e3cc5f14d77ce57620e1326ab1c22/pkg%2Fgenerated%2Fcontrollers%2Fproject.cattle.io%2Fv3%2Fnamespacedsshauth.go,[]
rancher,rancher,e91bb053386b32864bbbb306f39061e9f2e287ae,pkg/generated/controllers/project.cattle.io/v3/pipeline.go,https://github.com/rancher/rancher/raw/d4a0ff5e779e3cc5f14d77ce57620e1326ab1c22/pkg%2Fgenerated%2Fcontrollers%2Fproject.cattle.io%2Fv3%2Fpipeline.go,[]
rancher,rancher,e91bb053386b32864bbbb306f39061e9f2e287ae,pkg/generated/controllers/project.cattle.io/v3/pipelineexecution.go,https://github.com/rancher/rancher/raw/d4a0ff5e779e3cc5f14d77ce57620e1326ab1c22/pkg%2Fgenerated%2Fcontrollers%2Fproject.cattle.io%2Fv3%2Fpipelineexecution.go,[]
rancher,rancher,e91bb053386b32864bbbb306f39061e9f2e287ae,pkg/generated/controllers/project.cattle.io/v3/pipelinesetting.go,https://github.com/rancher/rancher/raw/d4a0ff5e779e3cc5f14d77ce57620e1326ab1c22/pkg%2Fgenerated%2Fcontrollers%2Fproject.cattle.io%2Fv3%2Fpipelinesetting.go,[]
rancher,rancher,e91bb053386b32864bbbb306f39061e9f2e287ae,pkg/generated/controllers/project.cattle.io/v3/serviceaccounttoken.go,https://github.com/rancher/rancher/raw/d4a0ff5e779e3cc5f14d77ce57620e1326ab1c22/pkg%2Fgenerated%2Fcontrollers%2Fproject.cattle.io%2Fv3%2Fserviceaccounttoken.go,[]
rancher,rancher,e91bb053386b32864bbbb306f39061e9f2e287ae,pkg/generated/controllers/project.cattle.io/v3/sourcecodecredential.go,https://github.com/rancher/rancher/raw/d4a0ff5e779e3cc5f14d77ce57620e1326ab1c22/pkg%2Fgenerated%2Fcontrollers%2Fproject.cattle.io%2Fv3%2Fsourcecodecredential.go,[]
rancher,rancher,e91bb053386b32864bbbb306f39061e9f2e287ae,pkg/generated/controllers/project.cattle.io/v3/sourcecodeprovider.go,https://github.com/rancher/rancher/raw/d4a0ff5e779e3cc5f14d77ce57620e1326ab1c22/pkg%2Fgenerated%2Fcontrollers%2Fproject.cattle.io%2Fv3%2Fsourcecodeprovider.go,[]
rancher,rancher,e91bb053386b32864bbbb306f39061e9f2e287ae,pkg/generated/controllers/project.cattle.io/v3/sourcecodeproviderconfig.go,https://github.com/rancher/rancher/raw/d4a0ff5e779e3cc5f14d77ce57620e1326ab1c22/pkg%2Fgenerated%2Fcontrollers%2Fproject.cattle.io%2Fv3%2Fsourcecodeproviderconfig.go,[]
rancher,rancher,e91bb053386b32864bbbb306f39061e9f2e287ae,pkg/generated/controllers/project.cattle.io/v3/sourcecoderepository.go,https://github.com/rancher/rancher/raw/d4a0ff5e779e3cc5f14d77ce57620e1326ab1c22/pkg%2Fgenerated%2Fcontrollers%2Fproject.cattle.io%2Fv3%2Fsourcecoderepository.go,[]
rancher,rancher,e91bb053386b32864bbbb306f39061e9f2e287ae,pkg/generated/controllers/project.cattle.io/v3/sshauth.go,https://github.com/rancher/rancher/raw/d4a0ff5e779e3cc5f14d77ce57620e1326ab1c22/pkg%2Fgenerated%2Fcontrollers%2Fproject.cattle.io%2Fv3%2Fsshauth.go,[]
rancher,rancher,e91bb053386b32864bbbb306f39061e9f2e287ae,pkg/generated/controllers/project.cattle.io/v3/workload.go,https://github.com/rancher/rancher/raw/d4a0ff5e779e3cc5f14d77ce57620e1326ab1c22/pkg%2Fgenerated%2Fcontrollers%2Fproject.cattle.io%2Fv3%2Fworkload.go,[]
rancher,rancher,e91bb053386b32864bbbb306f39061e9f2e287ae,pkg/generated/controllers/provisioning.cattle.io/factory.go,https://github.com/rancher/rancher/raw/d4a0ff5e779e3cc5f14d77ce57620e1326ab1c22/pkg%2Fgenerated%2Fcontrollers%2Fprovisioning.cattle.io%2Ffactory.go,[]
rancher,rancher,e91bb053386b32864bbbb306f39061e9f2e287ae,pkg/generated/controllers/provisioning.cattle.io/interface.go,https://github.com/rancher/rancher/raw/d4a0ff5e779e3cc5f14d77ce57620e1326ab1c22/pkg%2Fgenerated%2Fcontrollers%2Fprovisioning.cattle.io%2Finterface.go,[]
rancher,rancher,e91bb053386b32864bbbb306f39061e9f2e287ae,pkg/generated/controllers/provisioning.cattle.io/v1/cluster.go,https://github.com/rancher/rancher/raw/d4a0ff5e779e3cc5f14d77ce57620e1326ab1c22/pkg%2Fgenerated%2Fcontrollers%2Fprovisioning.cattle.io%2Fv1%2Fcluster.go,[]
rancher,rancher,e91bb053386b32864bbbb306f39061e9f2e287ae,pkg/generated/controllers/provisioning.cattle.io/v1/interface.go,https://github.com/rancher/rancher/raw/d4a0ff5e779e3cc5f14d77ce57620e1326ab1c22/pkg%2Fgenerated%2Fcontrollers%2Fprovisioning.cattle.io%2Fv1%2Finterface.go,[]
rancher,rancher,e91bb053386b32864bbbb306f39061e9f2e287ae,pkg/generated/controllers/rke.cattle.io/factory.go,https://github.com/rancher/rancher/raw/d4a0ff5e779e3cc5f14d77ce57620e1326ab1c22/pkg%2Fgenerated%2Fcontrollers%2Frke.cattle.io%2Ffactory.go,[]
rancher,rancher,e91bb053386b32864bbbb306f39061e9f2e287ae,pkg/generated/controllers/rke.cattle.io/interface.go,https://github.com/rancher/rancher/raw/d4a0ff5e779e3cc5f14d77ce57620e1326ab1c22/pkg%2Fgenerated%2Fcontrollers%2Frke.cattle.io%2Finterface.go,[]
rancher,rancher,e91bb053386b32864bbbb306f39061e9f2e287ae,pkg/generated/controllers/rke.cattle.io/v1/custommachine.go,https://github.com/rancher/rancher/raw/d4a0ff5e779e3cc5f14d77ce57620e1326ab1c22/pkg%2Fgenerated%2Fcontrollers%2Frke.cattle.io%2Fv1%2Fcustommachine.go,[]
rancher,rancher,e91bb053386b32864bbbb306f39061e9f2e287ae,pkg/generated/controllers/rke.cattle.io/v1/etcdsnapshot.go,https://github.com/rancher/rancher/raw/d4a0ff5e779e3cc5f14d77ce57620e1326ab1c22/pkg%2Fgenerated%2Fcontrollers%2Frke.cattle.io%2Fv1%2Fetcdsnapshot.go,[]
rancher,rancher,e91bb053386b32864bbbb306f39061e9f2e287ae,pkg/generated/controllers/rke.cattle.io/v1/interface.go,https://github.com/rancher/rancher/raw/d4a0ff5e779e3cc5f14d77ce57620e1326ab1c22/pkg%2Fgenerated%2Fcontrollers%2Frke.cattle.io%2Fv1%2Finterface.go,[]
rancher,rancher,e91bb053386b32864bbbb306f39061e9f2e287ae,pkg/generated/controllers/rke.cattle.io/v1/rkebootstrap.go,https://github.com/rancher/rancher/raw/d4a0ff5e779e3cc5f14d77ce57620e1326ab1c22/pkg%2Fgenerated%2Fcontrollers%2Frke.cattle.io%2Fv1%2Frkebootstrap.go,[]
rancher,rancher,e91bb053386b32864bbbb306f39061e9f2e287ae,pkg/generated/controllers/rke.cattle.io/v1/rkebootstraptemplate.go,https://github.com/rancher/rancher/raw/d4a0ff5e779e3cc5f14d77ce57620e1326ab1c22/pkg%2Fgenerated%2Fcontrollers%2Frke.cattle.io%2Fv1%2Frkebootstraptemplate.go,[]
rancher,rancher,e91bb053386b32864bbbb306f39061e9f2e287ae,pkg/generated/controllers/rke.cattle.io/v1/rkecluster.go,https://github.com/rancher/rancher/raw/d4a0ff5e779e3cc5f14d77ce57620e1326ab1c22/pkg%2Fgenerated%2Fcontrollers%2Frke.cattle.io%2Fv1%2Frkecluster.go,[]
rancher,rancher,e91bb053386b32864bbbb306f39061e9f2e287ae,pkg/generated/controllers/rke.cattle.io/v1/rkecontrolplane.go,https://github.com/rancher/rancher/raw/d4a0ff5e779e3cc5f14d77ce57620e1326ab1c22/pkg%2Fgenerated%2Fcontrollers%2Frke.cattle.io%2Fv1%2Frkecontrolplane.go,[]
rancher,rancher,e91bb053386b32864bbbb306f39061e9f2e287ae,pkg/generated/controllers/ui.cattle.io/factory.go,https://github.com/rancher/rancher/raw/d4a0ff5e779e3cc5f14d77ce57620e1326ab1c22/pkg%2Fgenerated%2Fcontrollers%2Fui.cattle.io%2Ffactory.go,[]
rancher,rancher,e91bb053386b32864bbbb306f39061e9f2e287ae,pkg/generated/controllers/ui.cattle.io/interface.go,https://github.com/rancher/rancher/raw/d4a0ff5e779e3cc5f14d77ce57620e1326ab1c22/pkg%2Fgenerated%2Fcontrollers%2Fui.cattle.io%2Finterface.go,[]
rancher,rancher,e91bb053386b32864bbbb306f39061e9f2e287ae,pkg/generated/controllers/ui.cattle.io/v1/interface.go,https://github.com/rancher/rancher/raw/d4a0ff5e779e3cc5f14d77ce57620e1326ab1c22/pkg%2Fgenerated%2Fcontrollers%2Fui.cattle.io%2Fv1%2Finterface.go,[]
rancher,rancher,e91bb053386b32864bbbb306f39061e9f2e287ae,pkg/generated/controllers/ui.cattle.io/v1/navlink.go,https://github.com/rancher/rancher/raw/d4a0ff5e779e3cc5f14d77ce57620e1326ab1c22/pkg%2Fgenerated%2Fcontrollers%2Fui.cattle.io%2Fv1%2Fnavlink.go,[]
rancher,rancher,e91bb053386b32864bbbb306f39061e9f2e287ae,pkg/generated/controllers/upgrade.cattle.io/factory.go,https://github.com/rancher/rancher/raw/d4a0ff5e779e3cc5f14d77ce57620e1326ab1c22/pkg%2Fgenerated%2Fcontrollers%2Fupgrade.cattle.io%2Ffactory.go,[]
rancher,rancher,e91bb053386b32864bbbb306f39061e9f2e287ae,pkg/generated/controllers/upgrade.cattle.io/interface.go,https://github.com/rancher/rancher/raw/d4a0ff5e779e3cc5f14d77ce57620e1326ab1c22/pkg%2Fgenerated%2Fcontrollers%2Fupgrade.cattle.io%2Finterface.go,[]
rancher,rancher,e91bb053386b32864bbbb306f39061e9f2e287ae,pkg/generated/controllers/upgrade.cattle.io/v1/interface.go,https://github.com/rancher/rancher/raw/d4a0ff5e779e3cc5f14d77ce57620e1326ab1c22/pkg%2Fgenerated%2Fcontrollers%2Fupgrade.cattle.io%2Fv1%2Finterface.go,[]
rancher,rancher,e91bb053386b32864bbbb306f39061e9f2e287ae,pkg/generated/controllers/upgrade.cattle.io/v1/plan.go,https://github.com/rancher/rancher/raw/d4a0ff5e779e3cc5f14d77ce57620e1326ab1c22/pkg%2Fgenerated%2Fcontrollers%2Fupgrade.cattle.io%2Fv1%2Fplan.go,[]
rancher,rancher,e91bb053386b32864bbbb306f39061e9f2e287ae,pkg/settings/setting.go,https://github.com/rancher/rancher/raw/d4a0ff5e779e3cc5f14d77ce57620e1326ab1c22/pkg%2Fsettings%2Fsetting.go,[]
rancher,rancher,e91bb053386b32864bbbb306f39061e9f2e287ae,tests/framework/clients/rancher/generated/management/v3/zz_generated_aci_network_provider.go,https://github.com/rancher/rancher/raw/d4a0ff5e779e3cc5f14d77ce57620e1326ab1c22/tests%2Fframework%2Fclients%2Francher%2Fgenerated%2Fmanagement%2Fv3%2Fzz_generated_aci_network_provider.go,"['@@ -1,156 +1,216 @@']"
rancher,rancher,e91bb053386b32864bbbb306f39061e9f2e287ae,tests/framework/clients/rancher/generated/management/v3/zz_generated_azure_cloud_provider.go,https://github.com/rancher/rancher/raw/d4a0ff5e779e3cc5f14d77ce57620e1326ab1c22/tests%2Fframework%2Fclients%2Francher%2Fgenerated%2Fmanagement%2Fv3%2Fzz_generated_azure_cloud_provider.go,[]
rancher,rancher,e91bb053386b32864bbbb306f39061e9f2e287ae,tests/framework/clients/rancher/generated/management/v3/zz_generated_cloud_provider.go,https://github.com/rancher/rancher/raw/d4a0ff5e779e3cc5f14d77ce57620e1326ab1c22/tests%2Fframework%2Fclients%2Francher%2Fgenerated%2Fmanagement%2Fv3%2Fzz_generated_cloud_provider.go,"['@@ -1,22 +1,24 @@']"
rancher,rancher,e91bb053386b32864bbbb306f39061e9f2e287ae,tests/framework/clients/rancher/generated/management/v3/zz_generated_cluster_secrets.go,https://github.com/rancher/rancher/raw/d4a0ff5e779e3cc5f14d77ce57620e1326ab1c22/tests%2Fframework%2Fclients%2Francher%2Fgenerated%2Fmanagement%2Fv3%2Fzz_generated_cluster_secrets.go,"['@@ -1,26 +1,40 @@']"
rancher,rancher,e91bb053386b32864bbbb306f39061e9f2e287ae,tests/framework/clients/rancher/generated/management/v3/zz_generated_cluster_template_revision.go,https://github.com/rancher/rancher/raw/d4a0ff5e779e3cc5f14d77ce57620e1326ab1c22/tests%2Fframework%2Fclients%2Francher%2Fgenerated%2Fmanagement%2Fv3%2Fzz_generated_cluster_template_revision.go,"['@@ -5,59 +5,73 @@']"
rancher,rancher,e91bb053386b32864bbbb306f39061e9f2e287ae,tests/framework/clients/rancher/generated/management/v3/zz_generated_cluster_template_revision_status.go,https://github.com/rancher/rancher/raw/d4a0ff5e779e3cc5f14d77ce57620e1326ab1c22/tests%2Fframework%2Fclients%2Francher%2Fgenerated%2Fmanagement%2Fv3%2Fzz_generated_cluster_template_revision_status.go,"['@@ -1,26 +1,40 @@']"
devfile,registry-support,f66264f22310c3c93bf0c77db5f4cd4b560aba5e,registry-library/library/util.go,https://github.com/devfile/registry-support/raw/0e44b9ca6d03fac4fc3f77d37656d56dc5defe0d/registry-library%2Flibrary%2Futil.go,"['@@ -192,3 +191,10 @@']"
devfile,registry-support,f66264f22310c3c93bf0c77db5f4cd4b560aba5e,registry-library/library/util_test.go,https://github.com/devfile/registry-support/raw/0e44b9ca6d03fac4fc3f77d37656d56dc5defe0d/registry-library%2Flibrary%2Futil_test.go,"['@@ -130,3 +131,82 @@']"
hashicorp,nomad,7dcdbf377036cbb8876f3310fd35ff230f8b1ea0,client/allocwatcher/alloc_watcher.go,https://github.com/hashicorp/nomad/raw/b3209cbc6921e703b0e9984ce70c10b378665834/client%2Fallocwatcher%2Falloc_watcher.go,"['@@ -606,36 +607,45 @@']"
hashicorp,nomad,7dcdbf377036cbb8876f3310fd35ff230f8b1ea0,client/allocwatcher/alloc_watcher_unix_test.go,https://github.com/hashicorp/nomad/raw/b3209cbc6921e703b0e9984ce70c10b378665834/client%2Fallocwatcher%2Falloc_watcher_unix_test.go,"['@@ -32,47 +33,90 @@', '@@ -118,45 +162,9 @@']"
hashicorp,nomad,7dcdbf377036cbb8876f3310fd35ff230f8b1ea0,helper/escapingfs/escapes.go,https://github.com/hashicorp/nomad/raw/b3209cbc6921e703b0e9984ce70c10b378665834/helper%2Fescapingfs%2Fescapes.go,"['@@ -52,16 +52,19 @@']"
hashicorp,nomad,7dcdbf377036cbb8876f3310fd35ff230f8b1ea0,helper/escapingfs/escapes_test.go,https://github.com/hashicorp/nomad/raw/b3209cbc6921e703b0e9984ce70c10b378665834/helper%2Fescapingfs%2Fescapes_test.go,"['@@ -229,3 +230,55 @@']"
hashicorp,nomad,3b0bd146bcb289ecdbcba49e85c4b81b0c825380,client/allocwatcher/alloc_watcher.go,https://github.com/hashicorp/nomad/raw/d1721c7a6fc1833778086603f818a822a34f445a/client%2Fallocwatcher%2Falloc_watcher.go,"['@@ -606,36 +607,45 @@']"
hashicorp,nomad,3b0bd146bcb289ecdbcba49e85c4b81b0c825380,client/allocwatcher/alloc_watcher_unix_test.go,https://github.com/hashicorp/nomad/raw/d1721c7a6fc1833778086603f818a822a34f445a/client%2Fallocwatcher%2Falloc_watcher_unix_test.go,"['@@ -32,47 +33,90 @@', '@@ -118,45 +162,9 @@']"
hashicorp,nomad,3b0bd146bcb289ecdbcba49e85c4b81b0c825380,helper/escapingfs/escapes.go,https://github.com/hashicorp/nomad/raw/d1721c7a6fc1833778086603f818a822a34f445a/helper%2Fescapingfs%2Fescapes.go,"['@@ -52,16 +52,19 @@']"
hashicorp,nomad,3b0bd146bcb289ecdbcba49e85c4b81b0c825380,helper/escapingfs/escapes_test.go,https://github.com/hashicorp/nomad/raw/d1721c7a6fc1833778086603f818a822a34f445a/helper%2Fescapingfs%2Fescapes_test.go,"['@@ -229,3 +230,55 @@']"
hashicorp,nomad,6c828c4cebb1d111defc79b546326910dbb45aa5,client/allocwatcher/alloc_watcher.go,https://github.com/hashicorp/nomad/raw/de55da677a21ac7572c0f4a8cd9abd5473c47a70/client%2Fallocwatcher%2Falloc_watcher.go,"['@@ -606,36 +607,45 @@']"
hashicorp,nomad,6c828c4cebb1d111defc79b546326910dbb45aa5,client/allocwatcher/alloc_watcher_unix_test.go,https://github.com/hashicorp/nomad/raw/de55da677a21ac7572c0f4a8cd9abd5473c47a70/client%2Fallocwatcher%2Falloc_watcher_unix_test.go,"['@@ -32,47 +33,90 @@', '@@ -118,45 +162,9 @@']"
hashicorp,nomad,6c828c4cebb1d111defc79b546326910dbb45aa5,helper/escapingfs/escapes.go,https://github.com/hashicorp/nomad/raw/de55da677a21ac7572c0f4a8cd9abd5473c47a70/helper%2Fescapingfs%2Fescapes.go,"['@@ -52,16 +52,19 @@']"
hashicorp,nomad,6c828c4cebb1d111defc79b546326910dbb45aa5,helper/escapingfs/escapes_test.go,https://github.com/hashicorp/nomad/raw/de55da677a21ac7572c0f4a8cd9abd5473c47a70/helper%2Fescapingfs%2Fescapes_test.go,"['@@ -229,3 +230,55 @@']"
1Panel-dev,1Panel,c169f211a023045a3d3dd938891bb2af4610f71c,backend/app/service/auth.go,https://github.com/1Panel-dev/1Panel/raw/1169648162c4b9b48e0b4aa508f9dea4d6bc50d5/backend%2Fapp%2Fservice%2Fauth.go,"['@@ -109,6 +109,10 @@', '@@ -144,9 +148,13 @@']"
1Panel-dev,1Panel,c169f211a023045a3d3dd938891bb2af4610f71c,backend/app/service/setting.go,https://github.com/1Panel-dev/1Panel/raw/1169648162c4b9b48e0b4aa508f9dea4d6bc50d5/backend%2Fapp%2Fservice%2Fsetting.go,"['@@ -198,6 +198,9 @@', '@@ -289,6 +292,9 @@']"
mattermost,mattermost-plugin-jira,0ba44b364bb443f5cf33409c5b777f58e2f922b2,server/issue.go,https://github.com/mattermost/mattermost-plugin-jira/raw/5f5e084d169bf6b82d5c46a7a7eb033e1a01c6de/server%2Fissue.go,[]
mattermost,mattermost-plugin-jira,0ba44b364bb443f5cf33409c5b777f58e2f922b2,server/issue_test.go,https://github.com/mattermost/mattermost-plugin-jira/raw/5f5e084d169bf6b82d5c46a7a7eb033e1a01c6de/server%2Fissue_test.go,"['@@ -85,6 +86,28 @@']"
mattermost,mattermost-plugin-jira,0ba44b364bb443f5cf33409c5b777f58e2f922b2,server/plugin.go,https://github.com/mattermost/mattermost-plugin-jira/raw/5f5e084d169bf6b82d5c46a7a7eb033e1a01c6de/server%2Fplugin.go,"['@@ -70,6 +70,9 @@']"
mattermost,mattermost-plugin-jira,0ba44b364bb443f5cf33409c5b777f58e2f922b2,server/subscribe.go,https://github.com/mattermost/mattermost-plugin-jira/raw/5f5e084d169bf6b82d5c46a7a7eb033e1a01c6de/server%2Fsubscribe.go,"['@@ -15,6 +15,8 @@', '@@ -140,37 +142,61 @@', '@@ -298,6 +324,37 @@', '@@ -319,6 +375,47 @@']"
mattermost,mattermost-plugin-jira,0ba44b364bb443f5cf33409c5b777f58e2f922b2,server/subscribe_test.go,https://github.com/mattermost/mattermost-plugin-jira/raw/5f5e084d169bf6b82d5c46a7a7eb033e1a01c6de/server%2Fsubscribe_test.go,"['@@ -20,6 +20,199 @@', '@@ -1360,12 +1554,90 @@']"
mattermost,mattermost-plugin-jira,0ba44b364bb443f5cf33409c5b777f58e2f922b2,server/user.go,https://github.com/mattermost/mattermost-plugin-jira/raw/5f5e084d169bf6b82d5c46a7a7eb033e1a01c6de/server%2Fuser.go,"['@@ -190,10 +190,13 @@']"
helm,helm,c7f318ca4c0687292e258474134afec691054cd1,pkg/plugin/plugin.go,https://github.com/helm/helm/raw/bb4cc9125503a923afb7988f3eb478722a8580af/pkg%2Fplugin%2Fplugin.go,"['@@ -175,6 +175,10 @@']"
helm,helm,c7f318ca4c0687292e258474134afec691054cd1,pkg/plugin/plugin_test.go,https://github.com/helm/helm/raw/bb4cc9125503a923afb7988f3eb478722a8580af/pkg%2Fplugin%2Fplugin_test.go,"['@@ -353,6 +353,11 @@']"
helm,helm,c7f318ca4c0687292e258474134afec691054cd1,pkg/repo/index.go,https://github.com/helm/helm/raw/bb4cc9125503a923afb7988f3eb478722a8580af/pkg%2Frepo%2Findex.go,"['@@ -359,6 +359,10 @@']"
helm,helm,c7f318ca4c0687292e258474134afec691054cd1,pkg/repo/index_test.go,https://github.com/helm/helm/raw/bb4cc9125503a923afb7988f3eb478722a8580af/pkg%2Frepo%2Findex_test.go,"['@@ -70,6 +70,10 @@']"
mattermost,mattermost,5dd18986cf328f68ea7da29f56ac0dc07a0c0a39,server/channels/api4/reaction_test.go,https://github.com/mattermost/mattermost/raw/64cb0ca8af2dbda1afcddd1604460591a4799b81/server%2Fchannels%2Fapi4%2Freaction_test.go,[]
mattermost,mattermost,5dd18986cf328f68ea7da29f56ac0dc07a0c0a39,server/channels/app/export_test.go,https://github.com/mattermost/mattermost/raw/64cb0ca8af2dbda1afcddd1604460591a4799b81/server%2Fchannels%2Fapp%2Fexport_test.go,"['@@ -29,18 +29,20 @@']"
mattermost,mattermost,5dd18986cf328f68ea7da29f56ac0dc07a0c0a39,server/channels/app/reaction.go,https://github.com/mattermost/mattermost/raw/64cb0ca8af2dbda1afcddd1604460591a4799b81/server%2Fchannels%2Fapp%2Freaction.go,"['@@ -20,6 +20,30 @@']"
mattermost,mattermost,5dd18986cf328f68ea7da29f56ac0dc07a0c0a39,server/channels/app/reaction_test.go,https://github.com/mattermost/mattermost/raw/64cb0ca8af2dbda1afcddd1604460591a4799b81/server%2Fchannels%2Fapp%2Freaction_test.go,"['@@ -14,6 +14,89 @@', '@@ -429,3 +512,15 @@']"
mattermost,mattermost,5dd18986cf328f68ea7da29f56ac0dc07a0c0a39,server/channels/store/opentracinglayer/opentracinglayer.go,https://github.com/mattermost/mattermost/raw/64cb0ca8af2dbda1afcddd1604460591a4799b81/server%2Fchannels%2Fstore%2Fopentracinglayer%2Fopentracinglayer.go,"['@@ -7317,6 +7317,24 @@', '@@ -7389,6 +7407,24 @@']"
mattermost,mattermost,5dd18986cf328f68ea7da29f56ac0dc07a0c0a39,server/channels/store/retrylayer/retrylayer.go,https://github.com/mattermost/mattermost/raw/64cb0ca8af2dbda1afcddd1604460591a4799b81/server%2Fchannels%2Fstore%2Fretrylayer%2Fretrylayer.go,"['@@ -8306,6 +8306,27 @@', '@@ -8390,6 +8411,27 @@']"
mattermost,mattermost,5dd18986cf328f68ea7da29f56ac0dc07a0c0a39,server/channels/store/sqlstore/reaction_store.go,https://github.com/mattermost/mattermost/raw/64cb0ca8af2dbda1afcddd1604460591a4799b81/server%2Fchannels%2Fstore%2Fsqlstore%2Freaction_store.go,"['@@ -107,6 +108,25 @@', '@@ -138,6 +158,21 @@']"
mattermost,mattermost,5dd18986cf328f68ea7da29f56ac0dc07a0c0a39,server/channels/store/store.go,https://github.com/mattermost/mattermost/raw/64cb0ca8af2dbda1afcddd1604460591a4799b81/server%2Fchannels%2Fstore%2Fstore.go,"['@@ -724,6 +724,8 @@']"
mattermost,mattermost,5dd18986cf328f68ea7da29f56ac0dc07a0c0a39,server/channels/store/storetest/mocks/ReactionStore.go,https://github.com/mattermost/mattermost/raw/64cb0ca8af2dbda1afcddd1604460591a4799b81/server%2Fchannels%2Fstore%2Fstoretest%2Fmocks%2FReactionStore.go,"['@@ -94,6 +94,30 @@', '@@ -198,6 +222,30 @@']"
mattermost,mattermost,5dd18986cf328f68ea7da29f56ac0dc07a0c0a39,server/channels/store/storetest/reaction_store.go,https://github.com/mattermost/mattermost/raw/64cb0ca8af2dbda1afcddd1604460591a4799b81/server%2Fchannels%2Fstore%2Fstoretest%2Freaction_store.go,"['@@ -28,6 +28,8 @@', '@@ -876,3 +878,66 @@']"
mattermost,mattermost,5dd18986cf328f68ea7da29f56ac0dc07a0c0a39,server/channels/store/timerlayer/timerlayer.go,https://github.com/mattermost/mattermost/raw/64cb0ca8af2dbda1afcddd1604460591a4799b81/server%2Fchannels%2Fstore%2Ftimerlayer%2Ftimerlayer.go,"['@@ -6612,6 +6612,22 @@', '@@ -6676,6 +6692,22 @@']"
mattermost,mattermost,5dd18986cf328f68ea7da29f56ac0dc07a0c0a39,server/config/client.go,https://github.com/mattermost/mattermost/raw/64cb0ca8af2dbda1afcddd1604460591a4799b81/server%2Fconfig%2Fclient.go,[]
mattermost,mattermost,5dd18986cf328f68ea7da29f56ac0dc07a0c0a39,server/public/model/config.go,https://github.com/mattermost/mattermost/raw/64cb0ca8af2dbda1afcddd1604460591a4799b81/server%2Fpublic%2Fmodel%2Fconfig.go,"['@@ -100,19 +100,21 @@', '@@ -896,6 +899,14 @@']"
mattermost,mattermost,d15632d4d470e14577b7af5ac91ad81ada91bce0,server/channels/api4/reaction_test.go,https://github.com/mattermost/mattermost/raw/6d2440de9fd774b67e65e3aac4ab8b6ef9aba2d8/server%2Fchannels%2Fapi4%2Freaction_test.go,[]
mattermost,mattermost,d15632d4d470e14577b7af5ac91ad81ada91bce0,server/channels/app/export_test.go,https://github.com/mattermost/mattermost/raw/6d2440de9fd774b67e65e3aac4ab8b6ef9aba2d8/server%2Fchannels%2Fapp%2Fexport_test.go,"['@@ -29,18 +29,20 @@']"
mattermost,mattermost,d15632d4d470e14577b7af5ac91ad81ada91bce0,server/channels/app/reaction.go,https://github.com/mattermost/mattermost/raw/6d2440de9fd774b67e65e3aac4ab8b6ef9aba2d8/server%2Fchannels%2Fapp%2Freaction.go,"['@@ -20,6 +20,30 @@']"
mattermost,mattermost,d15632d4d470e14577b7af5ac91ad81ada91bce0,server/channels/app/reaction_test.go,https://github.com/mattermost/mattermost/raw/6d2440de9fd774b67e65e3aac4ab8b6ef9aba2d8/server%2Fchannels%2Fapp%2Freaction_test.go,"['@@ -13,6 +13,89 @@', '@@ -84,3 +167,15 @@']"
mattermost,mattermost,d15632d4d470e14577b7af5ac91ad81ada91bce0,server/channels/store/opentracinglayer/opentracinglayer.go,https://github.com/mattermost/mattermost/raw/6d2440de9fd774b67e65e3aac4ab8b6ef9aba2d8/server%2Fchannels%2Fstore%2Fopentracinglayer%2Fopentracinglayer.go,"['@@ -7345,6 +7345,24 @@', '@@ -7381,6 +7399,24 @@']"
mattermost,mattermost,d15632d4d470e14577b7af5ac91ad81ada91bce0,server/channels/store/retrylayer/retrylayer.go,https://github.com/mattermost/mattermost/raw/6d2440de9fd774b67e65e3aac4ab8b6ef9aba2d8/server%2Fchannels%2Fstore%2Fretrylayer%2Fretrylayer.go,"['@@ -8338,6 +8338,27 @@', '@@ -8380,6 +8401,27 @@']"
mattermost,mattermost,d15632d4d470e14577b7af5ac91ad81ada91bce0,server/channels/store/sqlstore/reaction_store.go,https://github.com/mattermost/mattermost/raw/6d2440de9fd774b67e65e3aac4ab8b6ef9aba2d8/server%2Fchannels%2Fstore%2Fsqlstore%2Freaction_store.go,"['@@ -107,6 +108,25 @@', '@@ -138,6 +158,21 @@']"
mattermost,mattermost,d15632d4d470e14577b7af5ac91ad81ada91bce0,server/channels/store/store.go,https://github.com/mattermost/mattermost/raw/6d2440de9fd774b67e65e3aac4ab8b6ef9aba2d8/server%2Fchannels%2Fstore%2Fstore.go,"['@@ -720,6 +720,8 @@']"
mattermost,mattermost,d15632d4d470e14577b7af5ac91ad81ada91bce0,server/channels/store/storetest/mocks/ReactionStore.go,https://github.com/mattermost/mattermost/raw/6d2440de9fd774b67e65e3aac4ab8b6ef9aba2d8/server%2Fchannels%2Fstore%2Fstoretest%2Fmocks%2FReactionStore.go,"['@@ -94,6 +94,30 @@', '@@ -146,6 +170,30 @@']"
mattermost,mattermost,d15632d4d470e14577b7af5ac91ad81ada91bce0,server/channels/store/storetest/reaction_store.go,https://github.com/mattermost/mattermost/raw/6d2440de9fd774b67e65e3aac4ab8b6ef9aba2d8/server%2Fchannels%2Fstore%2Fstoretest%2Freaction_store.go,"['@@ -28,6 +28,8 @@', '@@ -872,3 +874,66 @@']"
mattermost,mattermost,d15632d4d470e14577b7af5ac91ad81ada91bce0,server/channels/store/timerlayer/timerlayer.go,https://github.com/mattermost/mattermost/raw/6d2440de9fd774b67e65e3aac4ab8b6ef9aba2d8/server%2Fchannels%2Fstore%2Ftimerlayer%2Ftimerlayer.go,"['@@ -6639,6 +6639,22 @@', '@@ -6671,6 +6687,22 @@']"
mattermost,mattermost,d15632d4d470e14577b7af5ac91ad81ada91bce0,server/config/client.go,https://github.com/mattermost/mattermost/raw/6d2440de9fd774b67e65e3aac4ab8b6ef9aba2d8/server%2Fconfig%2Fclient.go,[]
mattermost,mattermost,d15632d4d470e14577b7af5ac91ad81ada91bce0,server/public/model/config.go,https://github.com/mattermost/mattermost/raw/6d2440de9fd774b67e65e3aac4ab8b6ef9aba2d8/server%2Fpublic%2Fmodel%2Fconfig.go,"['@@ -100,17 +100,19 @@', '@@ -884,6 +887,14 @@']"
mattermost,mattermost,130245726791a620385e4563b92350b73a62fe14,server/channels/api4/reaction_test.go,https://github.com/mattermost/mattermost/raw/81190e2da128a6985914ea7023a69ac400513fc4/server%2Fchannels%2Fapi4%2Freaction_test.go,[]
mattermost,mattermost,130245726791a620385e4563b92350b73a62fe14,server/channels/app/export_test.go,https://github.com/mattermost/mattermost/raw/81190e2da128a6985914ea7023a69ac400513fc4/server%2Fchannels%2Fapp%2Fexport_test.go,"['@@ -29,18 +29,20 @@']"
mattermost,mattermost,130245726791a620385e4563b92350b73a62fe14,server/channels/app/reaction.go,https://github.com/mattermost/mattermost/raw/81190e2da128a6985914ea7023a69ac400513fc4/server%2Fchannels%2Fapp%2Freaction.go,"['@@ -20,6 +20,30 @@']"
mattermost,mattermost,130245726791a620385e4563b92350b73a62fe14,server/channels/app/reaction_test.go,https://github.com/mattermost/mattermost/raw/81190e2da128a6985914ea7023a69ac400513fc4/server%2Fchannels%2Fapp%2Freaction_test.go,"['@@ -13,6 +13,89 @@', '@@ -84,3 +167,15 @@']"
mattermost,mattermost,130245726791a620385e4563b92350b73a62fe14,server/channels/store/opentracinglayer/opentracinglayer.go,https://github.com/mattermost/mattermost/raw/81190e2da128a6985914ea7023a69ac400513fc4/server%2Fchannels%2Fstore%2Fopentracinglayer%2Fopentracinglayer.go,"['@@ -7345,6 +7345,24 @@', '@@ -7381,6 +7399,24 @@']"
mattermost,mattermost,130245726791a620385e4563b92350b73a62fe14,server/channels/store/retrylayer/retrylayer.go,https://github.com/mattermost/mattermost/raw/81190e2da128a6985914ea7023a69ac400513fc4/server%2Fchannels%2Fstore%2Fretrylayer%2Fretrylayer.go,"['@@ -8338,6 +8338,27 @@', '@@ -8380,6 +8401,27 @@']"
mattermost,mattermost,130245726791a620385e4563b92350b73a62fe14,server/channels/store/sqlstore/reaction_store.go,https://github.com/mattermost/mattermost/raw/81190e2da128a6985914ea7023a69ac400513fc4/server%2Fchannels%2Fstore%2Fsqlstore%2Freaction_store.go,"['@@ -107,6 +108,25 @@', '@@ -138,6 +158,21 @@']"
mattermost,mattermost,130245726791a620385e4563b92350b73a62fe14,server/channels/store/store.go,https://github.com/mattermost/mattermost/raw/81190e2da128a6985914ea7023a69ac400513fc4/server%2Fchannels%2Fstore%2Fstore.go,"['@@ -722,6 +722,8 @@']"
mattermost,mattermost,130245726791a620385e4563b92350b73a62fe14,server/channels/store/storetest/mocks/ReactionStore.go,https://github.com/mattermost/mattermost/raw/81190e2da128a6985914ea7023a69ac400513fc4/server%2Fchannels%2Fstore%2Fstoretest%2Fmocks%2FReactionStore.go,"['@@ -94,6 +94,30 @@', '@@ -146,6 +170,30 @@']"
mattermost,mattermost,130245726791a620385e4563b92350b73a62fe14,server/channels/store/storetest/reaction_store.go,https://github.com/mattermost/mattermost/raw/81190e2da128a6985914ea7023a69ac400513fc4/server%2Fchannels%2Fstore%2Fstoretest%2Freaction_store.go,"['@@ -28,6 +28,8 @@', '@@ -876,3 +878,66 @@']"
mattermost,mattermost,130245726791a620385e4563b92350b73a62fe14,server/channels/store/timerlayer/timerlayer.go,https://github.com/mattermost/mattermost/raw/81190e2da128a6985914ea7023a69ac400513fc4/server%2Fchannels%2Fstore%2Ftimerlayer%2Ftimerlayer.go,"['@@ -6639,6 +6639,22 @@', '@@ -6671,6 +6687,22 @@']"
mattermost,mattermost,130245726791a620385e4563b92350b73a62fe14,server/config/client.go,https://github.com/mattermost/mattermost/raw/81190e2da128a6985914ea7023a69ac400513fc4/server%2Fconfig%2Fclient.go,[]
mattermost,mattermost,130245726791a620385e4563b92350b73a62fe14,server/public/model/config.go,https://github.com/mattermost/mattermost/raw/81190e2da128a6985914ea7023a69ac400513fc4/server%2Fpublic%2Fmodel%2Fconfig.go,"['@@ -100,17 +100,19 @@', '@@ -884,6 +887,14 @@']"
cosmos,cosmos-sdk,18ea4c52004525df3d3ecf4928a37e3e90444356,x/auth/vesting/msg_server.go,https://github.com/cosmos/cosmos-sdk/raw/7dbed2fc0c3ed7c285645e21cb1037d8810372ae/x%2Fauth%2Fvesting%2Fmsg_server.go,"['@@ -183,6 +183,10 @@']"
cosmos,cosmos-sdk,18ea4c52004525df3d3ecf4928a37e3e90444356,x/auth/vesting/msg_server_test.go,https://github.com/cosmos/cosmos-sdk/raw/7dbed2fc0c3ed7c285645e21cb1037d8810372ae/x%2Fauth%2Fvesting%2Fmsg_server_test.go,"['@@ -136,6 +136,21 @@', '@@ -235,6 +250,22 @@', '@@ -376,10 +408,34 @@']"
cosmos,cosmos-sdk,792b6dafdf1608b486e70de9c13e5617bd5e1048,testutil/sims/app_helpers.go,https://github.com/cosmos/cosmos-sdk/raw/d1b5b0c5ae2c51206cc1849e09e4d59986742cc3/testutil%2Fsims%2Fapp_helpers.go,"['@@ -106,6 +106,21 @@']"
cosmos,cosmos-sdk,792b6dafdf1608b486e70de9c13e5617bd5e1048,x/slashing/keeper/slash_redelegation_test.go,https://github.com/cosmos/cosmos-sdk/raw/d1b5b0c5ae2c51206cc1849e09e4d59986742cc3/x%2Fslashing%2Fkeeper%2Fslash_redelegation_test.go,"['@@ -0,0 +1,159 @@']"
cosmos,cosmos-sdk,792b6dafdf1608b486e70de9c13e5617bd5e1048,x/staking/keeper/slash.go,https://github.com/cosmos/cosmos-sdk/raw/d1b5b0c5ae2c51206cc1849e09e4d59986742cc3/x%2Fstaking%2Fkeeper%2Fslash.go,"['@@ -260,9 +260,46 @@']"
grafana,grafana,a2ad0a0fb61b969ecf31b6cc9df3964cccf3e313,pkg/api/plugins.go,https://github.com/grafana/grafana/raw/c798c0e958d15d9cc7f27c72113d572fa58545ce/pkg%2Fapi%2Fplugins.go,"['@@ -289,14 +289,27 @@']"
grafana,grafana,a2ad0a0fb61b969ecf31b6cc9df3964cccf3e313,pkg/api/plugins_test.go,https://github.com/grafana/grafana/raw/c798c0e958d15d9cc7f27c72113d572fa58545ce/pkg%2Fapi%2Fplugins_test.go,"['@@ -23,9 +23,13 @@', '@@ -61,6 +65,29 @@']"
hashicorp,vault,aa769f0cb76bf65b3dc44180344b8a425b78d3e3,audit/entry_formatter.go,https://github.com/hashicorp/vault/raw/2a72f2a8a5b57de88c22a2a94c4a5f08c6f3770b/audit%2Fentry_formatter.go,"['@@ -155,10 +155,26 @@']"
hashicorp,vault,aa769f0cb76bf65b3dc44180344b8a425b78d3e3,audit/entry_formatter_test.go,https://github.com/hashicorp/vault/raw/2a72f2a8a5b57de88c22a2a94c4a5f08c6f3770b/audit%2Fentry_formatter_test.go,"['@@ -5,49 +5,23 @@', '@@ -317,18 +291,16 @@', '@@ -381,20 +353,413 @@']"
hashicorp,vault,aa769f0cb76bf65b3dc44180344b8a425b78d3e3,audit/event.go,https://github.com/hashicorp/vault/raw/2a72f2a8a5b57de88c22a2a94c4a5f08c6f3770b/audit%2Fevent.go,[]
hashicorp,vault,aa769f0cb76bf65b3dc44180344b8a425b78d3e3,audit/event_test.go,https://github.com/hashicorp/vault/raw/2a72f2a8a5b57de88c22a2a94c4a5f08c6f3770b/audit%2Fevent_test.go,[]
hashicorp,vault,aa769f0cb76bf65b3dc44180344b8a425b78d3e3,audit/sink_wrapper.go,https://github.com/hashicorp/vault/raw/2a72f2a8a5b57de88c22a2a94c4a5f08c6f3770b/audit%2Fsink_wrapper.go,[]
hashicorp,vault,aa769f0cb76bf65b3dc44180344b8a425b78d3e3,audit/types.go,https://github.com/hashicorp/vault/raw/2a72f2a8a5b57de88c22a2a94c4a5f08c6f3770b/audit%2Ftypes.go,[]
hashicorp,vault,aa769f0cb76bf65b3dc44180344b8a425b78d3e3,internal/observability/event/sink_socket.go,https://github.com/hashicorp/vault/raw/2a72f2a8a5b57de88c22a2a94c4a5f08c6f3770b/internal%2Fobservability%2Fevent%2Fsink_socket.go,[]
hashicorp,vault,aa769f0cb76bf65b3dc44180344b8a425b78d3e3,internal/observability/event/sink_stdout.go,https://github.com/hashicorp/vault/raw/2a72f2a8a5b57de88c22a2a94c4a5f08c6f3770b/internal%2Fobservability%2Fevent%2Fsink_stdout.go,[]
hashicorp,vault,aa769f0cb76bf65b3dc44180344b8a425b78d3e3,internal/observability/event/sink_syslog.go,https://github.com/hashicorp/vault/raw/2a72f2a8a5b57de88c22a2a94c4a5f08c6f3770b/internal%2Fobservability%2Fevent%2Fsink_syslog.go,[]
rancher,norman,a182097c02292aabfcb8b57e7a78d14a51478aaf,api/server_test.go,https://github.com/rancher/norman/raw/3bb70b772b52297feac64f5fdeb1b13c06c37e39/api%2Fserver_test.go,"['@@ -0,0 +1,137 @@']"
rancher,norman,a182097c02292aabfcb8b57e7a78d14a51478aaf,api/writer/html.go,https://github.com/rancher/norman/raw/3bb70b772b52297feac64f5fdeb1b13c06c37e39/api%2Fwriter%2Fhtml.go,"['@@ -65,6 +66,11 @@', '@@ -79,3 +85,25 @@']"
rancher,norman,a182097c02292aabfcb8b57e7a78d14a51478aaf,urlbuilder/url.go,https://github.com/rancher/norman/raw/3bb70b772b52297feac64f5fdeb1b13c06c37e39/urlbuilder%2Furl.go,"['@@ -37,12 +36,14 @@']"
rancher,norman,d3552b018687c088f2d833e50c6884d6af3e54dd,api/server_test.go,https://github.com/rancher/norman/raw/7b2b467995e6dfab6d4a5dee8dffc15033ae8269/api%2Fserver_test.go,"['@@ -0,0 +1,137 @@']"
rancher,norman,d3552b018687c088f2d833e50c6884d6af3e54dd,api/writer/html.go,https://github.com/rancher/norman/raw/7b2b467995e6dfab6d4a5dee8dffc15033ae8269/api%2Fwriter%2Fhtml.go,"['@@ -65,6 +66,11 @@', '@@ -79,3 +85,25 @@']"
rancher,norman,d3552b018687c088f2d833e50c6884d6af3e54dd,urlbuilder/url.go,https://github.com/rancher/norman/raw/7b2b467995e6dfab6d4a5dee8dffc15033ae8269/urlbuilder%2Furl.go,"['@@ -37,12 +36,14 @@']"
rancher,norman,5de27f66385d72084a81fb3bf972dd89dd2fff77,api/server_test.go,https://github.com/rancher/norman/raw/a6a6cf5696088c32002953d36b75bdcc84f2399e/api%2Fserver_test.go,"['@@ -0,0 +1,137 @@']"
rancher,norman,5de27f66385d72084a81fb3bf972dd89dd2fff77,api/writer/html.go,https://github.com/rancher/norman/raw/a6a6cf5696088c32002953d36b75bdcc84f2399e/api%2Fwriter%2Fhtml.go,"['@@ -65,6 +66,11 @@', '@@ -79,3 +85,25 @@']"
rancher,norman,5de27f66385d72084a81fb3bf972dd89dd2fff77,urlbuilder/url.go,https://github.com/rancher/norman/raw/a6a6cf5696088c32002953d36b75bdcc84f2399e/urlbuilder%2Furl.go,"['@@ -37,12 +36,14 @@']"
rancher,norman,18989f78fc0aa167c5a580ca53588d0c61ce9ff5,api/server_test.go,https://github.com/rancher/norman/raw/bd13c653293b9b5e0b37e8a6ccd1c3277f4623ed/api%2Fserver_test.go,"['@@ -0,0 +1,137 @@']"
rancher,norman,18989f78fc0aa167c5a580ca53588d0c61ce9ff5,api/writer/html.go,https://github.com/rancher/norman/raw/bd13c653293b9b5e0b37e8a6ccd1c3277f4623ed/api%2Fwriter%2Fhtml.go,"['@@ -65,6 +66,11 @@', '@@ -79,3 +85,25 @@']"
rancher,norman,18989f78fc0aa167c5a580ca53588d0c61ce9ff5,urlbuilder/url.go,https://github.com/rancher/norman/raw/bd13c653293b9b5e0b37e8a6ccd1c3277f4623ed/urlbuilder%2Furl.go,"['@@ -37,12 +36,14 @@']"
rancher,norman,f4006b7033e87a7c183e85972bfc0bcd9159b77b,api/server_test.go,https://github.com/rancher/norman/raw/cb54924f25c7666511a913cd41834299ef22dba4/api%2Fserver_test.go,"['@@ -0,0 +1,137 @@']"
rancher,norman,f4006b7033e87a7c183e85972bfc0bcd9159b77b,api/writer/html.go,https://github.com/rancher/norman/raw/cb54924f25c7666511a913cd41834299ef22dba4/api%2Fwriter%2Fhtml.go,"['@@ -65,6 +66,11 @@', '@@ -79,3 +85,25 @@']"
rancher,norman,f4006b7033e87a7c183e85972bfc0bcd9159b77b,urlbuilder/url.go,https://github.com/rancher/norman/raw/cb54924f25c7666511a913cd41834299ef22dba4/urlbuilder%2Furl.go,"['@@ -37,12 +36,14 @@']"
edgelesssys,marblerun,e5bcfe32883d22f3d87ffc9400f9fdb5ecbe3200,cmd/premain-libos/main.go,https://github.com/edgelesssys/marblerun/raw/0330ced092253613a07abe7b330ff6ac6fc6e9c6/cmd%2Fpremain-libos%2Fmain.go,[]
edgelesssys,marblerun,e5bcfe32883d22f3d87ffc9400f9fdb5ecbe3200,marble/premain/gramine.go,https://github.com/edgelesssys/marblerun/raw/0330ced092253613a07abe7b330ff6ac6fc6e9c6/marble%2Fpremain%2Fgramine.go,[]
edgelesssys,marblerun,e5bcfe32883d22f3d87ffc9400f9fdb5ecbe3200,marble/premain/premain.go,https://github.com/edgelesssys/marblerun/raw/0330ced092253613a07abe7b330ff6ac6fc6e9c6/marble%2Fpremain%2Fpremain.go,"['@@ -200,8 +202,20 @@']"
edgelesssys,marblerun,0ec7ed9008a11d8ba14ff2a662f692fb70396efc,coordinator/core/marbleapi.go,https://github.com/edgelesssys/marblerun/raw/e5bcfe32883d22f3d87ffc9400f9fdb5ecbe3200/coordinator%2Fcore%2Fmarbleapi.go,[]
edgelesssys,marblerun,0ec7ed9008a11d8ba14ff2a662f692fb70396efc,coordinator/core/marbleapi_test.go,https://github.com/edgelesssys/marblerun/raw/e5bcfe32883d22f3d87ffc9400f9fdb5ecbe3200/coordinator%2Fcore%2Fmarbleapi_test.go,"['@@ -590,3 +592,64 @@']"
edgelesssys,marblerun,0ec7ed9008a11d8ba14ff2a662f692fb70396efc,internal/constants/constants.go,https://github.com/edgelesssys/marblerun/raw/e5bcfe32883d22f3d87ffc9400f9fdb5ecbe3200/internal%2Fconstants%2Fconstants.go,"['@@ -0,0 +1,12 @@']"
cosmos,cosmos-sdk,c8836248d16e6a4e3f0ba012d5a7f67796c8a640,x/auth/vesting/msg_server.go,https://github.com/cosmos/cosmos-sdk/raw/c05850241e2d615721e3492d15fee4e1deec082b/x%2Fauth%2Fvesting%2Fmsg_server.go,"['@@ -193,6 +193,10 @@']"
cosmos,cosmos-sdk,c8836248d16e6a4e3f0ba012d5a7f67796c8a640,x/auth/vesting/msg_server_test.go,https://github.com/cosmos/cosmos-sdk/raw/c05850241e2d615721e3492d15fee4e1deec082b/x%2Fauth%2Fvesting%2Fmsg_server_test.go,"['@@ -138,6 +138,21 @@', '@@ -237,6 +252,22 @@', '@@ -378,10 +410,34 @@']"
stacklok,minder,08790d29e0026b6c09f899ab6340d7e6de80a69b,internal/controlplane/handlers_githubwebhooks.go,https://github.com/mindersec/minder/raw/53868a878e93f29c43437f96dbc990b548e48d1d/internal%2Fcontrolplane%2Fhandlers_githubwebhooks.go,"['@@ -236,6 +236,12 @@']"
cosmos,cosmos-sdk,c8836248d16e6a4e3f0ba012d5a7f67796c8a640,x/auth/vesting/msg_server.go,https://github.com/cosmos/cosmos-sdk/raw/c05850241e2d615721e3492d15fee4e1deec082b/x%2Fauth%2Fvesting%2Fmsg_server.go,"['@@ -193,6 +193,10 @@']"
cosmos,cosmos-sdk,c8836248d16e6a4e3f0ba012d5a7f67796c8a640,x/auth/vesting/msg_server_test.go,https://github.com/cosmos/cosmos-sdk/raw/c05850241e2d615721e3492d15fee4e1deec082b/x%2Fauth%2Fvesting%2Fmsg_server_test.go,"['@@ -138,6 +138,21 @@', '@@ -237,6 +252,22 @@', '@@ -378,10 +410,34 @@']"
cosmos,cosmos-sdk,5617c10798c513c0d42fbb204d3929ad4c1aa348,baseapp/abci_utils.go,https://github.com/cosmos/cosmos-sdk/raw/fe32bcc1d65412c9b5737672956f0638c729ab7d/baseapp%2Fabci_utils.go,"['@@ -157,17 +157,19 @@', '@@ -227,8 +229,40 @@', '@@ -245,6 +279,16 @@']"
cosmos,cosmos-sdk,5617c10798c513c0d42fbb204d3929ad4c1aa348,baseapp/abci_utils_test.go,https://github.com/cosmos/cosmos-sdk/raw/fe32bcc1d65412c9b5737672956f0638c729ab7d/baseapp%2Fabci_utils_test.go,"['@@ -2,17 +2,19 @@', '@@ -21,10 +23,13 @@', '@@ -415,6 +420,162 @@', '@@ -423,3 +584,41 @@']"
minio,minio,4cd777a5e0e389fac74a7fd0ddbda833fc8d258f,cmd/admin-handlers-users.go,https://github.com/minio/minio/raw/0ae4915a9391ef4b3ec80f5fcdcf24ee6884e776/cmd%2Fadmin-handlers-users.go,"['@@ -774,6 +774,16 @@', '@@ -782,15 +792,8 @@']"
minio,minio,4cd777a5e0e389fac74a7fd0ddbda833fc8d258f,cmd/admin-handlers-users_test.go,https://github.com/minio/minio/raw/0ae4915a9391ef4b3ec80f5fcdcf24ee6884e776/cmd%2Fadmin-handlers-users_test.go,"['@@ -896,14 +897,6 @@', '@@ -979,6 +972,95 @@']"
minio,minio,4cd777a5e0e389fac74a7fd0ddbda833fc8d258f,cmd/auth-handler.go,https://github.com/minio/minio/raw/0ae4915a9391ef4b3ec80f5fcdcf24ee6884e776/cmd%2Fauth-handler.go,[]
minio,minio,4cd777a5e0e389fac74a7fd0ddbda833fc8d258f,cmd/iam.go,https://github.com/minio/minio/raw/0ae4915a9391ef4b3ec80f5fcdcf24ee6884e776/cmd%2Fiam.go,"['@@ -1848,37 +1848,14 @@', '@@ -2000,8 +1977,14 @@']"
minio,minio,4cd777a5e0e389fac74a7fd0ddbda833fc8d258f,cmd/signature-v4-utils.go,https://github.com/minio/minio/raw/0ae4915a9391ef4b3ec80f5fcdcf24ee6884e776/cmd%2Fsignature-v4-utils.go,[]
minio,minio,4cd777a5e0e389fac74a7fd0ddbda833fc8d258f,cmd/sts-handlers_test.go,https://github.com/minio/minio/raw/0ae4915a9391ef4b3ec80f5fcdcf24ee6884e776/cmd%2Fsts-handlers_test.go,"['@@ -909,14 +909,6 @@', '@@ -1101,14 +1093,6 @@', '@@ -1358,14 +1342,6 @@', '@@ -1658,14 +1634,6 @@']"
greenpau,go-authcrunch,e626f47f4b47792b8edab8ebfbe75ae7aa44d8ac,internal/tests/random.go,https://github.com/greenpau/go-authcrunch/raw/ecd3725baf2683eb1519bb3c81ae41085fbf7dc2/internal%2Ftests%2Frandom.go,"['@@ -15,8 +15,10 @@', '@@ -28,12 +30,24 @@']"
greenpau,go-authcrunch,e626f47f4b47792b8edab8ebfbe75ae7aa44d8ac,pkg/identity/api_key.go,https://github.com/greenpau/go-authcrunch/raw/ecd3725baf2683eb1519bb3c81ae41085fbf7dc2/pkg%2Fidentity%2Fapi_key.go,[]
greenpau,go-authcrunch,e626f47f4b47792b8edab8ebfbe75ae7aa44d8ac,pkg/identity/api_key_test.go,https://github.com/greenpau/go-authcrunch/raw/ecd3725baf2683eb1519bb3c81ae41085fbf7dc2/pkg%2Fidentity%2Fapi_key_test.go,[]
greenpau,go-authcrunch,e626f47f4b47792b8edab8ebfbe75ae7aa44d8ac,pkg/identity/database.go,https://github.com/greenpau/go-authcrunch/raw/ecd3725baf2683eb1519bb3c81ae41085fbf7dc2/pkg%2Fidentity%2Fdatabase.go,[]
greenpau,go-authcrunch,e626f47f4b47792b8edab8ebfbe75ae7aa44d8ac,pkg/identity/mfa_token.go,https://github.com/greenpau/go-authcrunch/raw/ecd3725baf2683eb1519bb3c81ae41085fbf7dc2/pkg%2Fidentity%2Fmfa_token.go,[]
greenpau,go-authcrunch,e626f47f4b47792b8edab8ebfbe75ae7aa44d8ac,pkg/identity/public_key.go,https://github.com/greenpau/go-authcrunch/raw/ecd3725baf2683eb1519bb3c81ae41085fbf7dc2/pkg%2Fidentity%2Fpublic_key.go,[]
greenpau,go-authcrunch,e626f47f4b47792b8edab8ebfbe75ae7aa44d8ac,pkg/identity/random.go,https://github.com/greenpau/go-authcrunch/raw/e626f47f4b47792b8edab8ebfbe75ae7aa44d8ac/pkg%2Fidentity%2Frandom.go,"['@@ -1,55 +0,0 @@']"
greenpau,go-authcrunch,e626f47f4b47792b8edab8ebfbe75ae7aa44d8ac,pkg/util/random.go,https://github.com/greenpau/go-authcrunch/raw/ecd3725baf2683eb1519bb3c81ae41085fbf7dc2/pkg%2Futil%2Frandom.go,"['@@ -15,9 +15,12 @@', '@@ -33,15 +36,32 @@']"
swaggo,http-swagger,25e73d277c448b1ef8abffc51d8275d22d81d2b5,swagger.go,https://github.com/swaggo/http-swagger/raw/b7d83e8fba85a7a51aa7e45e8244b4173f15049e/swagger.go,"['@@ -122,6 +122,10 @@']"
swaggo,http-swagger,25e73d277c448b1ef8abffc51d8275d22d81d2b5,swagger_test.go,https://github.com/swaggo/http-swagger/raw/b7d83e8fba85a7a51aa7e45e8244b4173f15049e/swagger_test.go,[]
dvsekhvalnov,jose2go,c5d6a57d4843d9cc91403187d16eea0a70f64db4,jose_test.go,https://github.com/dvsekhvalnov/jose2go/raw/a4584e9dd7128608fedbc67892eba9697f0d5317/jose_test.go,"['@@ -1634,6 +1634,40 @@']"
dvsekhvalnov,jose2go,c5d6a57d4843d9cc91403187d16eea0a70f64db4,pbse2_hmac_aeskw.go,https://github.com/dvsekhvalnov/jose2go/raw/a4584e9dd7128608fedbc67892eba9697f0d5317/pbse2_hmac_aeskw.go,"['@@ -12,15 +13,28 @@', '@@ -46,6 +60,21 @@', '@@ -69,8 +98,18 @@']"
mattermost,mattermost-plugin-jira,57856e4749346fdda37e27d5bebd9754a1e0c6b9,server/http.go,https://github.com/mattermost/mattermost-plugin-jira/raw/f4cf4c6de017ef6aa4428d393b78f418dd84cd8e/server%2Fhttp.go,[]
mattermost,mattermost-plugin-jira,57856e4749346fdda37e27d5bebd9754a1e0c6b9,server/user_server.go,https://github.com/mattermost/mattermost-plugin-jira/raw/f4cf4c6de017ef6aa4428d393b78f418dd84cd8e/server%2Fuser_server.go,"['@@ -121,10 +121,13 @@']"
helm,helm,e81f6140ddb22bc99a08f7409522a8dbe5338ee3,pkg/chart/metadata.go,https://github.com/helm/helm/raw/0d0f91d1ce277b2c8766cdc4c7aa04dbafbf2503/pkg%2Fchart%2Fmetadata.go,"['@@ -110,6 +111,11 @@']"
helm,helm,e81f6140ddb22bc99a08f7409522a8dbe5338ee3,pkg/chart/metadata_test.go,https://github.com/helm/helm/raw/0d0f91d1ce277b2c8766cdc4c7aa04dbafbf2503/pkg%2Fchart%2Fmetadata_test.go,"['@@ -40,6 +40,11 @@']"
helm,helm,e81f6140ddb22bc99a08f7409522a8dbe5338ee3,pkg/chartutil/errors.go,https://github.com/helm/helm/raw/0d0f91d1ce277b2c8766cdc4c7aa04dbafbf2503/pkg%2Fchartutil%2Ferrors.go,"['@@ -33,3 +33,11 @@']"
helm,helm,e81f6140ddb22bc99a08f7409522a8dbe5338ee3,pkg/chartutil/save.go,https://github.com/helm/helm/raw/0d0f91d1ce277b2c8766cdc4c7aa04dbafbf2503/pkg%2Fchartutil%2Fsave.go,"['@@ -39,6 +39,10 @@', '@@ -149,6 +153,10 @@', '@@ -242,3 +250,15 @@']"
helm,helm,e81f6140ddb22bc99a08f7409522a8dbe5338ee3,pkg/chartutil/save_test.go,https://github.com/helm/helm/raw/0d0f91d1ce277b2c8766cdc4c7aa04dbafbf2503/pkg%2Fchartutil%2Fsave_test.go,"['@@ -106,6 +106,24 @@', '@@ -232,4 +250,15 @@']"
helm,helm,e81f6140ddb22bc99a08f7409522a8dbe5338ee3,pkg/downloader/manager_test.go,https://github.com/helm/helm/raw/0d0f91d1ce277b2c8766cdc4c7aa04dbafbf2503/pkg%2Fdownloader%2Fmanager_test.go,"['@@ -262,6 +262,32 @@']"
helm,helm,e81f6140ddb22bc99a08f7409522a8dbe5338ee3,pkg/lint/rules/chartfile.go,https://github.com/helm/helm/raw/0d0f91d1ce277b2c8766cdc4c7aa04dbafbf2503/pkg%2Flint%2Frules%2Fchartfile.go,"['@@ -106,6 +106,10 @@']"
helm,helm,e81f6140ddb22bc99a08f7409522a8dbe5338ee3,pkg/lint/rules/chartfile_test.go,https://github.com/helm/helm/raw/0d0f91d1ce277b2c8766cdc4c7aa04dbafbf2503/pkg%2Flint%2Frules%2Fchartfile_test.go,"['@@ -30,16 +30,19 @@', '@@ -69,6 +72,11 @@']"
cilium,cilium,a6bbecffa9047db8a0fd3912585b22c00d3b33ac,pkg/datapath/linux/ipsec/ipsec_linux.go,https://github.com/cilium/cilium/raw/311fbce5280491cddceab178d83b06fa23688c72/pkg%2Fdatapath%2Flinux%2Fipsec%2Fipsec_linux.go,"['@@ -152,14 +152,26 @@', '@@ -169,6 +181,9 @@']"
cilium,cilium,f0c68f9b0e03b6e29ee0b0f666fc1cd642c04aeb,pkg/datapath/linux/ipsec/ipsec_linux.go,https://github.com/cilium/cilium/raw/a1742b478306fa256cd27df1039dfae0537b4149/pkg%2Fdatapath%2Flinux%2Fipsec%2Fipsec_linux.go,"['@@ -150,14 +150,26 @@', '@@ -167,6 +179,9 @@']"
cilium,cilium,5b04f09b6290705abd12c91c31200b6dee232b08,pkg/datapath/linux/ipsec/ipsec_linux.go,https://github.com/cilium/cilium/raw/a652c123331852cca90c74202f993d4170fd37fa/pkg%2Fdatapath%2Flinux%2Fipsec%2Fipsec_linux.go,"['@@ -150,14 +150,26 @@', '@@ -167,6 +179,9 @@']"
argoproj,argo-cd,4df9a46e7224db12bed71c238ea8a6cfd942a6e2,util/session/sessionmanager.go,https://github.com/argoproj/argo-cd/raw/17b0df1168a4c535f6f37e95f25ed7cd81e1fa4d/util%2Fsession%2Fsessionmanager.go,"['@@ -310,6 +310,22 @@', '@@ -327,23 +343,13 @@']"
argoproj,argo-cd,4df9a46e7224db12bed71c238ea8a6cfd942a6e2,util/session/sessionmanager_test.go,https://github.com/argoproj/argo-cd/raw/17b0df1168a4c535f6f37e95f25ed7cd81e1fa4d/util%2Fsession%2Fsessionmanager_test.go,"['@@ -1188,3 +1188,42 @@']"
argoproj,argo-cd,c415d3f3d5b8c1873fa8117d21e5262f109586fb,util/session/sessionmanager.go,https://github.com/argoproj/argo-cd/raw/6e181d72b31522f886a2afa029d5b26d7912ec7b/util%2Fsession%2Fsessionmanager.go,"['@@ -310,6 +310,22 @@', '@@ -327,23 +343,13 @@']"
argoproj,argo-cd,c415d3f3d5b8c1873fa8117d21e5262f109586fb,util/session/sessionmanager_test.go,https://github.com/argoproj/argo-cd/raw/6e181d72b31522f886a2afa029d5b26d7912ec7b/util%2Fsession%2Fsessionmanager_test.go,"['@@ -1173,3 +1173,42 @@']"
argoproj,argo-cd,ab7e45da13501cba8ef56e81f2b9f37ef615a6e1,util/session/sessionmanager.go,https://github.com/argoproj/argo-cd/raw/cebb6538f7944c87ca2fecb5d17f8baacc431456/util%2Fsession%2Fsessionmanager.go,"['@@ -310,6 +310,22 @@', '@@ -327,23 +343,13 @@']"
argoproj,argo-cd,ab7e45da13501cba8ef56e81f2b9f37ef615a6e1,util/session/sessionmanager_test.go,https://github.com/argoproj/argo-cd/raw/cebb6538f7944c87ca2fecb5d17f8baacc431456/util%2Fsession%2Fsessionmanager_test.go,"['@@ -1173,3 +1173,42 @@']"
go-vela,cli,466fd184077e660443ecb4b1f8c370ccc09d31c2,action/secret/add.go,https://github.com/go-vela/cli/raw/0349a2060c35722e341bf65a4215592c6c4bc5b4/action%2Fsecret%2Fadd.go,[]
go-vela,cli,466fd184077e660443ecb4b1f8c370ccc09d31c2,action/secret/secret.go,https://github.com/go-vela/cli/raw/0349a2060c35722e341bf65a4215592c6c4bc5b4/action%2Fsecret%2Fsecret.go,[]
go-vela,cli,466fd184077e660443ecb4b1f8c370ccc09d31c2,action/secret/table.go,https://github.com/go-vela/cli/raw/0349a2060c35722e341bf65a4215592c6c4bc5b4/action%2Fsecret%2Ftable.go,[]
go-vela,cli,466fd184077e660443ecb4b1f8c370ccc09d31c2,action/secret/table_test.go,https://github.com/go-vela/cli/raw/0349a2060c35722e341bf65a4215592c6c4bc5b4/action%2Fsecret%2Ftable_test.go,"['@@ -68,6 +68,8 @@']"
go-vela,cli,466fd184077e660443ecb4b1f8c370ccc09d31c2,action/secret/update.go,https://github.com/go-vela/cli/raw/0349a2060c35722e341bf65a4215592c6c4bc5b4/action%2Fsecret%2Fupdate.go,[]
go-vela,cli,466fd184077e660443ecb4b1f8c370ccc09d31c2,command/secret/add.go,https://github.com/go-vela/cli/raw/0349a2060c35722e341bf65a4215592c6c4bc5b4/command%2Fsecret%2Fadd.go,"['@@ -91,9 +92,16 @@', '@@ -114,24 +122,26 @@', '@@ -162,19 +172,30 @@']"
go-vela,cli,466fd184077e660443ecb4b1f8c370ccc09d31c2,command/secret/update.go,https://github.com/go-vela/cli/raw/0349a2060c35722e341bf65a4215592c6c4bc5b4/command%2Fsecret%2Fupdate.go,"['@@ -86,11 +87,18 @@', '@@ -109,24 +117,26 @@', '@@ -157,19 +167,30 @@']"
go-vela,cli,466fd184077e660443ecb4b1f8c370ccc09d31c2,internal/internal.go,https://github.com/go-vela/cli/raw/0349a2060c35722e341bf65a4215592c6c4bc5b4/internal%2Finternal.go,"['@@ -129,6 +129,14 @@']"
lestrrat-go,jwx,3d6e0e07be993dae07ec0b8b5d3a42f58a684ffc,jwe/compress.go,https://github.com/lestrrat-go/jwx/raw/d01027d74c7376d66037a10f4f64af9af26a7e34/jwe%2Fcompress.go,"['@@ -3,15 +3,41 @@']"
lestrrat-go,jwx,3d6e0e07be993dae07ec0b8b5d3a42f58a684ffc,jwe/jwe.go,https://github.com/lestrrat-go/jwx/raw/d01027d74c7376d66037a10f4f64af9af26a7e34/jwe%2Fjwe.go,"['@@ -213,20 +215,29 @@', '@@ -241,9 +252,11 @@']"
lestrrat-go,jwx,3d6e0e07be993dae07ec0b8b5d3a42f58a684ffc,jwe/jwe_test.go,https://github.com/lestrrat-go/jwx/raw/d01027d74c7376d66037a10f4f64af9af26a7e34/jwe%2Fjwe_test.go,"['@@ -790,3 +791,66 @@']"
lestrrat-go,jwx,3d6e0e07be993dae07ec0b8b5d3a42f58a684ffc,jwe/message.go,https://github.com/lestrrat-go/jwx/raw/d01027d74c7376d66037a10f4f64af9af26a7e34/jwe%2Fmessage.go,[]
lestrrat-go,jwx,3d6e0e07be993dae07ec0b8b5d3a42f58a684ffc,jwe/options.go,https://github.com/lestrrat-go/jwx/raw/d01027d74c7376d66037a10f4f64af9af26a7e34/jwe%2Foptions.go,"['@@ -23,6 +24,14 @@']"
lestrrat-go,jwx,778ed277936902109d60f3076c072dcb42f269bc,jwe/compress.go,https://github.com/lestrrat-go/jwx/raw/d43f2ceb7f0c13714dfe8854d6439766e86faa76/jwe%2Fcompress.go,"['@@ -9,8 +9,34 @@']"
lestrrat-go,jwx,778ed277936902109d60f3076c072dcb42f269bc,jwe/jwe.go,https://github.com/lestrrat-go/jwx/raw/d43f2ceb7f0c13714dfe8854d6439766e86faa76/jwe%2Fjwe.go,"['@@ -37,6 +38,8 @@', '@@ -463,28 +466,50 @@', '@@ -506,6 +531,8 @@']"
lestrrat-go,jwx,778ed277936902109d60f3076c072dcb42f269bc,jwe/jwe_test.go,https://github.com/lestrrat-go/jwx/raw/d43f2ceb7f0c13714dfe8854d6439766e86faa76/jwe%2Fjwe_test.go,"['@@ -971,3 +971,89 @@']"
lestrrat-go,jwx,778ed277936902109d60f3076c072dcb42f269bc,jwe/options_gen.go,https://github.com/lestrrat-go/jwx/raw/d43f2ceb7f0c13714dfe8854d6439766e86faa76/jwe%2Foptions_gen.go,"['@@ -62,6 +62,21 @@', '@@ -171,6 +187,10 @@', '@@ -255,10 +275,25 @@']"
lestrrat-go,jwx,778ed277936902109d60f3076c072dcb42f269bc,jwe/options_gen_test.go,https://github.com/lestrrat-go/jwx/raw/d43f2ceb7f0c13714dfe8854d6439766e86faa76/jwe%2Foptions_gen_test.go,[]
kubevirt,csi-driver,a722f94929925d2c4dc0f76405eeda8fdd3a9116,cmd/kubevirt-csi-driver/kubevirt-csi-driver.go,https://github.com/kubevirt/csi-driver/raw/cc28dcbb0afca0a7cb8a73bc998ab49f864ed560/cmd%2Fkubevirt-csi-driver%2Fkubevirt-csi-driver.go,"['@@ -54,6 +55,13 @@']"
kubevirt,csi-driver,a722f94929925d2c4dc0f76405eeda8fdd3a9116,e2e/common_test.go,https://github.com/kubevirt/csi-driver/raw/cc28dcbb0afca0a7cb8a73bc998ab49f864ed560/e2e%2Fcommon_test.go,"['@@ -192,6 +193,15 @@']"
kubevirt,csi-driver,a722f94929925d2c4dc0f76405eeda8fdd3a9116,e2e/create-pvc_test.go,https://github.com/kubevirt/csi-driver/raw/cc28dcbb0afca0a7cb8a73bc998ab49f864ed560/e2e%2Fcreate-pvc_test.go,"['@@ -10,18 +10,22 @@', '@@ -282,6 +286,136 @@']"
kubevirt,csi-driver,a722f94929925d2c4dc0f76405eeda8fdd3a9116,pkg/kubevirt/client.go,https://github.com/kubevirt/csi-driver/raw/cc28dcbb0afca0a7cb8a73bc998ab49f864ed560/pkg%2Fkubevirt%2Fclient.go,"['@@ -211,7 +214,11 @@', '@@ -222,11 +229,27 @@']"
kubevirt,csi-driver,a722f94929925d2c4dc0f76405eeda8fdd3a9116,pkg/kubevirt/client_test.go,https://github.com/kubevirt/csi-driver/raw/cc28dcbb0afca0a7cb8a73bc998ab49f864ed560/pkg%2Fkubevirt%2Fclient_test.go,"['@@ -20,18 +21,20 @@', '@@ -41,6 +44,63 @@', '@@ -118,23 +178,13 @@', '@@ -206,8 +256,15 @@', '@@ -236,6 +293,8 @@', '@@ -245,12 +304,6 @@', '@@ -304,3 +358,26 @@']"
kubevirt,csi-driver,a722f94929925d2c4dc0f76405eeda8fdd3a9116,pkg/service/controller.go,https://github.com/kubevirt/csi-driver/raw/cc28dcbb0afca0a7cb8a73bc998ab49f864ed560/pkg%2Fservice%2Fcontroller.go,"['@@ -256,6 +256,11 @@']"
zitadel,zitadel,6bc02515c299a67856fd7bae5b774f1af232263d,internal/api/http/cookie.go,https://github.com/zitadel/zitadel/raw/d4c553b75a214e41299af010ef4b26174a0f802c/internal%2Fapi%2Fhttp%2Fcookie.go,"['@@ -147,6 +147,10 @@']"
zitadel,zitadel,6bc02515c299a67856fd7bae5b774f1af232263d,internal/api/http/middleware/user_agent_cookie.go,https://github.com/zitadel/zitadel/raw/d4c553b75a214e41299af010ef4b26174a0f802c/internal%2Fapi%2Fhttp%2Fmiddleware%2Fuser_agent_cookie.go,[]
zitadel,zitadel,b7cea4b2e653a90dc43907c501f67a1adb20fd34,internal/api/http/cookie.go,https://github.com/zitadel/zitadel/raw/e82cb51eb819c6cdba8123c9c34c5739b46b29eb/internal%2Fapi%2Fhttp%2Fcookie.go,"['@@ -147,6 +147,10 @@']"
zitadel,zitadel,b7cea4b2e653a90dc43907c501f67a1adb20fd34,internal/api/http/middleware/user_agent_cookie.go,https://github.com/zitadel/zitadel/raw/e82cb51eb819c6cdba8123c9c34c5739b46b29eb/internal%2Fapi%2Fhttp%2Fmiddleware%2Fuser_agent_cookie.go,[]
protocolbuffers,protobuf-go,235ef28b758bbbfb6f91d69e661abb7a0c37427c,encoding/protojson/decode_test.go,https://github.com/protocolbuffers/protobuf-go/raw/f01a588e5810b90996452eec4a28f22a0afae023/encoding%2Fprotojson%2Fdecode_test.go,"['@@ -2770,6 +2770,23 @@']"
protocolbuffers,protobuf-go,235ef28b758bbbfb6f91d69e661abb7a0c37427c,encoding/protojson/well_known_types.go,https://github.com/protocolbuffers/protobuf-go/raw/f01a588e5810b90996452eec4a28f22a0afae023/encoding%2Fprotojson%2Fwell_known_types.go,"['@@ -322,6 +322,10 @@']"
protocolbuffers,protobuf-go,235ef28b758bbbfb6f91d69e661abb7a0c37427c,internal/encoding/json/decode.go,https://github.com/protocolbuffers/protobuf-go/raw/f01a588e5810b90996452eec4a28f22a0afae023/internal%2Fencoding%2Fjson%2Fdecode.go,[]
protocolbuffers,protobuf-go,235ef28b758bbbfb6f91d69e661abb7a0c37427c,internal/encoding/json/decode_test.go,https://github.com/protocolbuffers/protobuf-go/raw/f01a588e5810b90996452eec4a28f22a0afae023/internal%2Fencoding%2Fjson%2Fdecode_test.go,"['@@ -1193,6 +1193,21 @@']"
go-vela,server,4a26eb417b62d47548e8319368c7e74a7f748c0d,api/secret/create.go,https://github.com/go-vela/server/raw/a645c822da1d91e1f4159b69685224232683bebb/api%2Fsecret%2Fcreate.go,"['@@ -234,6 +234,14 @@']"
go-vela,server,4a26eb417b62d47548e8319368c7e74a7f748c0d,api/secret/update.go,https://github.com/go-vela/server/raw/a645c822da1d91e1f4159b69685224232683bebb/api%2Fsecret%2Fupdate.go,"['@@ -152,6 +152,10 @@']"
go-vela,server,4a26eb417b62d47548e8319368c7e74a7f748c0d,database/integration_test.go,https://github.com/go-vela/server/raw/a645c822da1d91e1f4159b69685224232683bebb/database%2Fintegration_test.go,[]
go-vela,server,4a26eb417b62d47548e8319368c7e74a7f748c0d,database/secret/create_test.go,https://github.com/go-vela/server/raw/a645c822da1d91e1f4159b69685224232683bebb/database%2Fsecret%2Fcreate_test.go,[]
go-vela,server,4a26eb417b62d47548e8319368c7e74a7f748c0d,database/secret/get_org_test.go,https://github.com/go-vela/server/raw/a645c822da1d91e1f4159b69685224232683bebb/database%2Fsecret%2Fget_org_test.go,[]
go-vela,server,4a26eb417b62d47548e8319368c7e74a7f748c0d,database/secret/get_repo_test.go,https://github.com/go-vela/server/raw/a645c822da1d91e1f4159b69685224232683bebb/database%2Fsecret%2Fget_repo_test.go,[]
go-vela,server,4a26eb417b62d47548e8319368c7e74a7f748c0d,database/secret/get_team_test.go,https://github.com/go-vela/server/raw/a645c822da1d91e1f4159b69685224232683bebb/database%2Fsecret%2Fget_team_test.go,[]
go-vela,server,4a26eb417b62d47548e8319368c7e74a7f748c0d,database/secret/get_test.go,https://github.com/go-vela/server/raw/a645c822da1d91e1f4159b69685224232683bebb/database%2Fsecret%2Fget_test.go,[]
go-vela,server,4a26eb417b62d47548e8319368c7e74a7f748c0d,database/secret/list_org_test.go,https://github.com/go-vela/server/raw/a645c822da1d91e1f4159b69685224232683bebb/database%2Fsecret%2Flist_org_test.go,[]
go-vela,server,4a26eb417b62d47548e8319368c7e74a7f748c0d,database/secret/list_repo_test.go,https://github.com/go-vela/server/raw/a645c822da1d91e1f4159b69685224232683bebb/database%2Fsecret%2Flist_repo_test.go,[]
go-vela,server,4a26eb417b62d47548e8319368c7e74a7f748c0d,database/secret/list_team_test.go,https://github.com/go-vela/server/raw/a645c822da1d91e1f4159b69685224232683bebb/database%2Fsecret%2Flist_team_test.go,[]
go-vela,server,4a26eb417b62d47548e8319368c7e74a7f748c0d,database/secret/list_test.go,https://github.com/go-vela/server/raw/a645c822da1d91e1f4159b69685224232683bebb/database%2Fsecret%2Flist_test.go,[]
go-vela,server,4a26eb417b62d47548e8319368c7e74a7f748c0d,database/secret/secret_test.go,https://github.com/go-vela/server/raw/a645c822da1d91e1f4159b69685224232683bebb/database%2Fsecret%2Fsecret_test.go,[]
go-vela,server,4a26eb417b62d47548e8319368c7e74a7f748c0d,database/secret/table.go,https://github.com/go-vela/server/raw/a645c822da1d91e1f4159b69685224232683bebb/database%2Fsecret%2Ftable.go,[]
go-vela,server,4a26eb417b62d47548e8319368c7e74a7f748c0d,database/secret/update_test.go,https://github.com/go-vela/server/raw/a645c822da1d91e1f4159b69685224232683bebb/database%2Fsecret%2Fupdate_test.go,[]
go-vela,server,4a26eb417b62d47548e8319368c7e74a7f748c0d,mock/server/secret.go,https://github.com/go-vela/server/raw/a645c822da1d91e1f4159b69685224232683bebb/mock%2Fserver%2Fsecret.go,[]
go-vela,server,4a26eb417b62d47548e8319368c7e74a7f748c0d,secret/native/create_test.go,https://github.com/go-vela/server/raw/a645c822da1d91e1f4159b69685224232683bebb/secret%2Fnative%2Fcreate_test.go,[]
go-vela,server,4a26eb417b62d47548e8319368c7e74a7f748c0d,secret/native/get_test.go,https://github.com/go-vela/server/raw/a645c822da1d91e1f4159b69685224232683bebb/secret%2Fnative%2Fget_test.go,[]
go-vela,server,4a26eb417b62d47548e8319368c7e74a7f748c0d,secret/native/list_test.go,https://github.com/go-vela/server/raw/a645c822da1d91e1f4159b69685224232683bebb/secret%2Fnative%2Flist_test.go,[]
go-vela,server,4a26eb417b62d47548e8319368c7e74a7f748c0d,secret/native/update.go,https://github.com/go-vela/server/raw/a645c822da1d91e1f4159b69685224232683bebb/secret%2Fnative%2Fupdate.go,"['@@ -44,6 +44,11 @@']"
go-vela,server,4a26eb417b62d47548e8319368c7e74a7f748c0d,secret/native/update_test.go,https://github.com/go-vela/server/raw/a645c822da1d91e1f4159b69685224232683bebb/secret%2Fnative%2Fupdate_test.go,[]
projectdiscovery,nuclei,4c7a0f424e500447c94730d64620099bb44a80ff,pkg/templates/workflows.go,https://github.com/projectdiscovery/nuclei/raw/e86f38299765b82ad724fdb701557e0eaff3884d/pkg%2Ftemplates%2Fworkflows.go,"['@@ -80,6 +80,16 @@']"
jackc,pgx,826a89229b8b1cdf18e4190afa437d3df9901b9c,internal/sanitize/sanitize.go,https://github.com/jackc/pgx/raw/f94eb0e2f96782042c96801b5ac448f44f0a81df/internal%2Fsanitize%2Fsanitize.go,"['@@ -44,18 +44,8 @@', '@@ -68,6 +58,10 @@']"
jackc,pgx,826a89229b8b1cdf18e4190afa437d3df9901b9c,internal/sanitize/sanitize_test.go,https://github.com/jackc/pgx/raw/f94eb0e2f96782042c96801b5ac448f44f0a81df/internal%2Fsanitize%2Fsanitize_test.go,[]
jackc,pgproto3,0c0f7b03fb4967dfff8de06d07a9fe20baf83449,authentication_cleartext_password.go,https://github.com/jackc/pgproto3/raw/945c2126f6db8f3bea7eeebe307c01fe92bca007/authentication_cleartext_password.go,[]
jackc,pgproto3,0c0f7b03fb4967dfff8de06d07a9fe20baf83449,authentication_gss.go,https://github.com/jackc/pgproto3/raw/945c2126f6db8f3bea7eeebe307c01fe92bca007/authentication_gss.go,[]
jackc,pgproto3,0c0f7b03fb4967dfff8de06d07a9fe20baf83449,authentication_gss_continue.go,https://github.com/jackc/pgproto3/raw/945c2126f6db8f3bea7eeebe307c01fe92bca007/authentication_gss_continue.go,[]
jackc,pgproto3,0c0f7b03fb4967dfff8de06d07a9fe20baf83449,authentication_md5_password.go,https://github.com/jackc/pgproto3/raw/945c2126f6db8f3bea7eeebe307c01fe92bca007/authentication_md5_password.go,[]
jackc,pgproto3,0c0f7b03fb4967dfff8de06d07a9fe20baf83449,authentication_ok.go,https://github.com/jackc/pgproto3/raw/945c2126f6db8f3bea7eeebe307c01fe92bca007/authentication_ok.go,[]
jackc,pgproto3,0c0f7b03fb4967dfff8de06d07a9fe20baf83449,authentication_sasl.go,https://github.com/jackc/pgproto3/raw/945c2126f6db8f3bea7eeebe307c01fe92bca007/authentication_sasl.go,"['@@ -46,10 +46,8 @@', '@@ -58,9 +56,7 @@']"
jackc,pgproto3,0c0f7b03fb4967dfff8de06d07a9fe20baf83449,authentication_sasl_continue.go,https://github.com/jackc/pgproto3/raw/945c2126f6db8f3bea7eeebe307c01fe92bca007/authentication_sasl_continue.go,"['@@ -38,17 +38,11 @@']"
jackc,pgproto3,0c0f7b03fb4967dfff8de06d07a9fe20baf83449,authentication_sasl_final.go,https://github.com/jackc/pgproto3/raw/945c2126f6db8f3bea7eeebe307c01fe92bca007/authentication_sasl_final.go,"['@@ -38,17 +38,11 @@']"
jackc,pgproto3,0c0f7b03fb4967dfff8de06d07a9fe20baf83449,backend.go,https://github.com/jackc/pgproto3/raw/945c2126f6db8f3bea7eeebe307c01fe92bca007/backend.go,"['@@ -49,7 +49,12 @@']"
jackc,pgproto3,0c0f7b03fb4967dfff8de06d07a9fe20baf83449,backend_key_data.go,https://github.com/jackc/pgproto3/raw/945c2126f6db8f3bea7eeebe307c01fe92bca007/backend_key_data.go,[]
jackc,pgproto3,0c0f7b03fb4967dfff8de06d07a9fe20baf83449,backend_test.go,https://github.com/jackc/pgproto3/raw/945c2126f6db8f3bea7eeebe307c01fe92bca007/backend_test.go,[]
jackc,pgproto3,0c0f7b03fb4967dfff8de06d07a9fe20baf83449,bind.go,https://github.com/jackc/pgproto3/raw/945c2126f6db8f3bea7eeebe307c01fe92bca007/bind.go,"['@@ -5,7 +5,9 @@', '@@ -108,21 +110,25 @@']"
jackc,pgproto3,0c0f7b03fb4967dfff8de06d07a9fe20baf83449,bind_complete.go,https://github.com/jackc/pgproto3/raw/945c2126f6db8f3bea7eeebe307c01fe92bca007/bind_complete.go,[]
jackc,pgproto3,0c0f7b03fb4967dfff8de06d07a9fe20baf83449,bind_test.go,https://github.com/jackc/pgproto3/raw/945c2126f6db8f3bea7eeebe307c01fe92bca007/bind_test.go,"['@@ -0,0 +1,20 @@']"
jackc,pgproto3,0c0f7b03fb4967dfff8de06d07a9fe20baf83449,cancel_request.go,https://github.com/jackc/pgproto3/raw/945c2126f6db8f3bea7eeebe307c01fe92bca007/cancel_request.go,[]
jackc,pgproto3,0c0f7b03fb4967dfff8de06d07a9fe20baf83449,close.go,https://github.com/jackc/pgproto3/raw/945c2126f6db8f3bea7eeebe307c01fe92bca007/close.go,"['@@ -4,8 +4,6 @@', '@@ -37,18 +35,12 @@']"
jackc,pgproto3,0c0f7b03fb4967dfff8de06d07a9fe20baf83449,close_complete.go,https://github.com/jackc/pgproto3/raw/945c2126f6db8f3bea7eeebe307c01fe92bca007/close_complete.go,[]
jackc,pgproto3,0c0f7b03fb4967dfff8de06d07a9fe20baf83449,command_complete.go,https://github.com/jackc/pgproto3/raw/945c2126f6db8f3bea7eeebe307c01fe92bca007/command_complete.go,"['@@ -3,8 +3,6 @@', '@@ -28,17 +26,11 @@']"
jackc,pgproto3,0c0f7b03fb4967dfff8de06d07a9fe20baf83449,copy_both_response.go,https://github.com/jackc/pgproto3/raw/945c2126f6db8f3bea7eeebe307c01fe92bca007/copy_both_response.go,[]
jackc,pgproto3,0c0f7b03fb4967dfff8de06d07a9fe20baf83449,copy_both_response_test.go,https://github.com/jackc/pgproto3/raw/945c2126f6db8f3bea7eeebe307c01fe92bca007/copy_both_response_test.go,[]
jackc,pgproto3,0c0f7b03fb4967dfff8de06d07a9fe20baf83449,copy_data.go,https://github.com/jackc/pgproto3/raw/945c2126f6db8f3bea7eeebe307c01fe92bca007/copy_data.go,"['@@ -3,8 +3,6 @@']"
jackc,pgproto3,0c0f7b03fb4967dfff8de06d07a9fe20baf83449,copy_done.go,https://github.com/jackc/pgproto3/raw/945c2126f6db8f3bea7eeebe307c01fe92bca007/copy_done.go,[]
jackc,pgproto3,0c0f7b03fb4967dfff8de06d07a9fe20baf83449,copy_fail.go,https://github.com/jackc/pgproto3/raw/945c2126f6db8f3bea7eeebe307c01fe92bca007/copy_fail.go,"['@@ -3,8 +3,6 @@', '@@ -28,17 +26,11 @@']"
jackc,pgproto3,0c0f7b03fb4967dfff8de06d07a9fe20baf83449,copy_in_response.go,https://github.com/jackc/pgproto3/raw/945c2126f6db8f3bea7eeebe307c01fe92bca007/copy_in_response.go,[]
jackc,pgproto3,0c0f7b03fb4967dfff8de06d07a9fe20baf83449,copy_out_response.go,https://github.com/jackc/pgproto3/raw/945c2126f6db8f3bea7eeebe307c01fe92bca007/copy_out_response.go,[]
jackc,pgproto3,0c0f7b03fb4967dfff8de06d07a9fe20baf83449,data_row.go,https://github.com/jackc/pgproto3/raw/945c2126f6db8f3bea7eeebe307c01fe92bca007/data_row.go,"['@@ -4,6 +4,8 @@', '@@ -79,9 +82,7 @@']"
jackc,pgproto3,0c0f7b03fb4967dfff8de06d07a9fe20baf83449,describe.go,https://github.com/jackc/pgproto3/raw/945c2126f6db8f3bea7eeebe307c01fe92bca007/describe.go,"['@@ -4,8 +4,6 @@', '@@ -37,18 +35,12 @@']"
jackc,pgproto3,0c0f7b03fb4967dfff8de06d07a9fe20baf83449,empty_query_response.go,https://github.com/jackc/pgproto3/raw/945c2126f6db8f3bea7eeebe307c01fe92bca007/empty_query_response.go,[]
jackc,pgproto3,0c0f7b03fb4967dfff8de06d07a9fe20baf83449,error_response.go,https://github.com/jackc/pgproto3/raw/945c2126f6db8f3bea7eeebe307c01fe92bca007/error_response.go,"['@@ -111,120 +110,113 @@']"
jackc,pgproto3,0c0f7b03fb4967dfff8de06d07a9fe20baf83449,example/pgfortune/server.go,https://github.com/jackc/pgproto3/raw/945c2126f6db8f3bea7eeebe307c01fe92bca007/example%2Fpgfortune%2Fserver.go,"['@@ -102,3 +102,10 @@']"
jackc,pgproto3,0c0f7b03fb4967dfff8de06d07a9fe20baf83449,execute.go,https://github.com/jackc/pgproto3/raw/945c2126f6db8f3bea7eeebe307c01fe92bca007/execute.go,"['@@ -36,19 +36,12 @@']"
jackc,pgproto3,0c0f7b03fb4967dfff8de06d07a9fe20baf83449,flush.go,https://github.com/jackc/pgproto3/raw/945c2126f6db8f3bea7eeebe307c01fe92bca007/flush.go,[]
jackc,pgproto3,0c0f7b03fb4967dfff8de06d07a9fe20baf83449,frontend.go,https://github.com/jackc/pgproto3/raw/945c2126f6db8f3bea7eeebe307c01fe92bca007/frontend.go,"['@@ -57,7 +57,11 @@']"
jackc,pgproto3,0c0f7b03fb4967dfff8de06d07a9fe20baf83449,function_call.go,https://github.com/jackc/pgproto3/raw/945c2126f6db8f3bea7eeebe307c01fe92bca007/function_call.go,"['@@ -2,6 +2,9 @@', '@@ -70,15 +73,21 @@']"
jackc,pgproto3,0c0f7b03fb4967dfff8de06d07a9fe20baf83449,function_call_response.go,https://github.com/jackc/pgproto3/raw/945c2126f6db8f3bea7eeebe307c01fe92bca007/function_call_response.go,"['@@ -39,10 +39,8 @@', '@@ -51,9 +49,7 @@']"
jackc,pgproto3,0c0f7b03fb4967dfff8de06d07a9fe20baf83449,function_call_test.go,https://github.com/jackc/pgproto3/raw/945c2126f6db8f3bea7eeebe307c01fe92bca007/function_call_test.go,"['@@ -4,6 +4,8 @@']"
jackc,pgproto3,0c0f7b03fb4967dfff8de06d07a9fe20baf83449,gss_enc_request.go,https://github.com/jackc/pgproto3/raw/945c2126f6db8f3bea7eeebe307c01fe92bca007/gss_enc_request.go,[]
jackc,pgproto3,0c0f7b03fb4967dfff8de06d07a9fe20baf83449,gss_response.go,https://github.com/jackc/pgproto3/raw/945c2126f6db8f3bea7eeebe307c01fe92bca007/gss_response.go,[]
jackc,pgproto3,0c0f7b03fb4967dfff8de06d07a9fe20baf83449,no_data.go,https://github.com/jackc/pgproto3/raw/945c2126f6db8f3bea7eeebe307c01fe92bca007/no_data.go,[]
jackc,pgproto3,0c0f7b03fb4967dfff8de06d07a9fe20baf83449,notice_response.go,https://github.com/jackc/pgproto3/raw/945c2126f6db8f3bea7eeebe307c01fe92bca007/notice_response.go,"['@@ -12,6 +12,8 @@']"
jackc,pgproto3,0c0f7b03fb4967dfff8de06d07a9fe20baf83449,notification_response.go,https://github.com/jackc/pgproto3/raw/945c2126f6db8f3bea7eeebe307c01fe92bca007/notification_response.go,"['@@ -41,20 +41,14 @@']"
jackc,pgproto3,0c0f7b03fb4967dfff8de06d07a9fe20baf83449,parameter_description.go,https://github.com/jackc/pgproto3/raw/945c2126f6db8f3bea7eeebe307c01fe92bca007/parameter_description.go,"['@@ -4,6 +4,8 @@']"
jackc,pgproto3,0c0f7b03fb4967dfff8de06d07a9fe20baf83449,parameter_status.go,https://github.com/jackc/pgproto3/raw/945c2126f6db8f3bea7eeebe307c01fe92bca007/parameter_status.go,"['@@ -3,8 +3,6 @@', '@@ -37,19 +35,13 @@']"
jackc,pgproto3,0c0f7b03fb4967dfff8de06d07a9fe20baf83449,parse.go,https://github.com/jackc/pgproto3/raw/945c2126f6db8f3bea7eeebe307c01fe92bca007/parse.go,"['@@ -4,6 +4,8 @@']"
jackc,pgproto3,0c0f7b03fb4967dfff8de06d07a9fe20baf83449,parse_complete.go,https://github.com/jackc/pgproto3/raw/945c2126f6db8f3bea7eeebe307c01fe92bca007/parse_complete.go,[]
jackc,pgproto3,0c0f7b03fb4967dfff8de06d07a9fe20baf83449,password_message.go,https://github.com/jackc/pgproto3/raw/945c2126f6db8f3bea7eeebe307c01fe92bca007/password_message.go,"['@@ -3,8 +3,6 @@', '@@ -32,14 +30,11 @@']"
jackc,pgproto3,0c0f7b03fb4967dfff8de06d07a9fe20baf83449,pgproto3.go,https://github.com/jackc/pgproto3/raw/945c2126f6db8f3bea7eeebe307c01fe92bca007/pgproto3.go,"['@@ -4,8 +4,14 @@', '@@ -63,3 +69,23 @@']"
jackc,pgproto3,0c0f7b03fb4967dfff8de06d07a9fe20baf83449,pgproto3_private_test.go,https://github.com/jackc/pgproto3/raw/945c2126f6db8f3bea7eeebe307c01fe92bca007/pgproto3_private_test.go,"['@@ -0,0 +1,3 @@']"
jackc,pgproto3,0c0f7b03fb4967dfff8de06d07a9fe20baf83449,portal_suspended.go,https://github.com/jackc/pgproto3/raw/945c2126f6db8f3bea7eeebe307c01fe92bca007/portal_suspended.go,[]
jackc,pgproto3,0c0f7b03fb4967dfff8de06d07a9fe20baf83449,query.go,https://github.com/jackc/pgproto3/raw/945c2126f6db8f3bea7eeebe307c01fe92bca007/query.go,"['@@ -3,8 +3,6 @@', '@@ -28,14 +26,11 @@']"
jackc,pgproto3,0c0f7b03fb4967dfff8de06d07a9fe20baf83449,query_test.go,https://github.com/jackc/pgproto3/raw/945c2126f6db8f3bea7eeebe307c01fe92bca007/query_test.go,"['@@ -0,0 +1,20 @@']"
jackc,pgproto3,0c0f7b03fb4967dfff8de06d07a9fe20baf83449,ready_for_query.go,https://github.com/jackc/pgproto3/raw/945c2126f6db8f3bea7eeebe307c01fe92bca007/ready_for_query.go,[]
jackc,pgproto3,0c0f7b03fb4967dfff8de06d07a9fe20baf83449,row_description.go,https://github.com/jackc/pgproto3/raw/945c2126f6db8f3bea7eeebe307c01fe92bca007/row_description.go,"['@@ -4,6 +4,8 @@', '@@ -117,9 +120,7 @@']"
jackc,pgproto3,0c0f7b03fb4967dfff8de06d07a9fe20baf83449,sasl_initial_response.go,https://github.com/jackc/pgproto3/raw/945c2126f6db8f3bea7eeebe307c01fe92bca007/sasl_initial_response.go,"['@@ -38,20 +38,16 @@']"
jackc,pgproto3,0c0f7b03fb4967dfff8de06d07a9fe20baf83449,sasl_response.go,https://github.com/jackc/pgproto3/raw/945c2126f6db8f3bea7eeebe307c01fe92bca007/sasl_response.go,"['@@ -2,8 +2,6 @@', '@@ -21,13 +19,10 @@']"
jackc,pgproto3,0c0f7b03fb4967dfff8de06d07a9fe20baf83449,ssl_request.go,https://github.com/jackc/pgproto3/raw/945c2126f6db8f3bea7eeebe307c01fe92bca007/ssl_request.go,[]
jackc,pgproto3,0c0f7b03fb4967dfff8de06d07a9fe20baf83449,startup_message.go,https://github.com/jackc/pgproto3/raw/945c2126f6db8f3bea7eeebe307c01fe92bca007/startup_message.go,"['@@ -77,9 +77,7 @@']"
jackc,pgproto3,0c0f7b03fb4967dfff8de06d07a9fe20baf83449,sync.go,https://github.com/jackc/pgproto3/raw/945c2126f6db8f3bea7eeebe307c01fe92bca007/sync.go,[]
jackc,pgproto3,0c0f7b03fb4967dfff8de06d07a9fe20baf83449,terminate.go,https://github.com/jackc/pgproto3/raw/945c2126f6db8f3bea7eeebe307c01fe92bca007/terminate.go,[]
jackc,pgx,c1b0a01ca75ac9eb3a7dbc1396f583ab5dbf9557,pgconn/pgconn.go,https://github.com/jackc/pgx/raw/adbb38f298c76e283ffc7c7a3f571036fea47fd4/pgconn%2Fpgconn.go,"['@@ -1674,25 +1674,55 @@', '@@ -1718,7 +1748,13 @@']"
jackc,pgx,c1b0a01ca75ac9eb3a7dbc1396f583ab5dbf9557,pgconn/pgconn_test.go,https://github.com/jackc/pgx/raw/adbb38f298c76e283ffc7c7a3f571036fea47fd4/pgconn%2Fpgconn_test.go,"['@@ -3472,3 +3472,10 @@']"
jackc,pgx,c1b0a01ca75ac9eb3a7dbc1396f583ab5dbf9557,pgproto3/authentication_cleartext_password.go,https://github.com/jackc/pgx/raw/adbb38f298c76e283ffc7c7a3f571036fea47fd4/pgproto3%2Fauthentication_cleartext_password.go,[]
jackc,pgx,c1b0a01ca75ac9eb3a7dbc1396f583ab5dbf9557,pgproto3/authentication_gss.go,https://github.com/jackc/pgx/raw/adbb38f298c76e283ffc7c7a3f571036fea47fd4/pgproto3%2Fauthentication_gss.go,[]
jackc,pgx,c1b0a01ca75ac9eb3a7dbc1396f583ab5dbf9557,pgproto3/authentication_gss_continue.go,https://github.com/jackc/pgx/raw/adbb38f298c76e283ffc7c7a3f571036fea47fd4/pgproto3%2Fauthentication_gss_continue.go,[]
jackc,pgx,c1b0a01ca75ac9eb3a7dbc1396f583ab5dbf9557,pgproto3/authentication_md5_password.go,https://github.com/jackc/pgx/raw/adbb38f298c76e283ffc7c7a3f571036fea47fd4/pgproto3%2Fauthentication_md5_password.go,[]
jackc,pgx,c1b0a01ca75ac9eb3a7dbc1396f583ab5dbf9557,pgproto3/authentication_ok.go,https://github.com/jackc/pgx/raw/adbb38f298c76e283ffc7c7a3f571036fea47fd4/pgproto3%2Fauthentication_ok.go,[]
jackc,pgx,c1b0a01ca75ac9eb3a7dbc1396f583ab5dbf9557,pgproto3/authentication_sasl.go,https://github.com/jackc/pgx/raw/adbb38f298c76e283ffc7c7a3f571036fea47fd4/pgproto3%2Fauthentication_sasl.go,"['@@ -47,10 +47,8 @@', '@@ -59,9 +57,7 @@']"
jackc,pgx,c1b0a01ca75ac9eb3a7dbc1396f583ab5dbf9557,pgproto3/authentication_sasl_continue.go,https://github.com/jackc/pgx/raw/adbb38f298c76e283ffc7c7a3f571036fea47fd4/pgproto3%2Fauthentication_sasl_continue.go,"['@@ -38,17 +38,11 @@']"
jackc,pgx,c1b0a01ca75ac9eb3a7dbc1396f583ab5dbf9557,pgproto3/authentication_sasl_final.go,https://github.com/jackc/pgx/raw/adbb38f298c76e283ffc7c7a3f571036fea47fd4/pgproto3%2Fauthentication_sasl_final.go,"['@@ -38,17 +38,11 @@']"
jackc,pgx,c1b0a01ca75ac9eb3a7dbc1396f583ab5dbf9557,pgproto3/backend.go,https://github.com/jackc/pgx/raw/adbb38f298c76e283ffc7c7a3f571036fea47fd4/pgproto3%2Fbackend.go,"['@@ -55,18 +56,34 @@']"
jackc,pgx,c1b0a01ca75ac9eb3a7dbc1396f583ab5dbf9557,pgproto3/backend_key_data.go,https://github.com/jackc/pgx/raw/adbb38f298c76e283ffc7c7a3f571036fea47fd4/pgproto3%2Fbackend_key_data.go,[]
jackc,pgx,c1b0a01ca75ac9eb3a7dbc1396f583ab5dbf9557,pgproto3/backend_test.go,https://github.com/jackc/pgx/raw/adbb38f298c76e283ffc7c7a3f571036fea47fd4/pgproto3%2Fbackend_test.go,[]
jackc,pgx,c1b0a01ca75ac9eb3a7dbc1396f583ab5dbf9557,pgproto3/bind.go,https://github.com/jackc/pgx/raw/adbb38f298c76e283ffc7c7a3f571036fea47fd4/pgproto3%2Fbind.go,"['@@ -108,10 +108,8 @@', '@@ -139,9 +137,7 @@']"
jackc,pgx,c1b0a01ca75ac9eb3a7dbc1396f583ab5dbf9557,pgproto3/bind_complete.go,https://github.com/jackc/pgx/raw/adbb38f298c76e283ffc7c7a3f571036fea47fd4/pgproto3%2Fbind_complete.go,[]
jackc,pgx,c1b0a01ca75ac9eb3a7dbc1396f583ab5dbf9557,pgproto3/bind_test.go,https://github.com/jackc/pgx/raw/adbb38f298c76e283ffc7c7a3f571036fea47fd4/pgproto3%2Fbind_test.go,"['@@ -0,0 +1,20 @@']"
jackc,pgx,c1b0a01ca75ac9eb3a7dbc1396f583ab5dbf9557,pgproto3/cancel_request.go,https://github.com/jackc/pgx/raw/adbb38f298c76e283ffc7c7a3f571036fea47fd4/pgproto3%2Fcancel_request.go,[]
jackc,pgx,c1b0a01ca75ac9eb3a7dbc1396f583ab5dbf9557,pgproto3/close.go,https://github.com/jackc/pgx/raw/adbb38f298c76e283ffc7c7a3f571036fea47fd4/pgproto3%2Fclose.go,"['@@ -4,8 +4,6 @@', '@@ -37,18 +35,12 @@']"
jackc,pgx,c1b0a01ca75ac9eb3a7dbc1396f583ab5dbf9557,pgproto3/close_complete.go,https://github.com/jackc/pgx/raw/adbb38f298c76e283ffc7c7a3f571036fea47fd4/pgproto3%2Fclose_complete.go,[]
jackc,pgx,c1b0a01ca75ac9eb3a7dbc1396f583ab5dbf9557,pgproto3/command_complete.go,https://github.com/jackc/pgx/raw/adbb38f298c76e283ffc7c7a3f571036fea47fd4/pgproto3%2Fcommand_complete.go,"['@@ -3,8 +3,6 @@', '@@ -31,17 +29,11 @@']"
jackc,pgx,c1b0a01ca75ac9eb3a7dbc1396f583ab5dbf9557,pgproto3/copy_both_response.go,https://github.com/jackc/pgx/raw/adbb38f298c76e283ffc7c7a3f571036fea47fd4/pgproto3%2Fcopy_both_response.go,"['@@ -44,19 +44,15 @@']"
jackc,pgx,c1b0a01ca75ac9eb3a7dbc1396f583ab5dbf9557,pgproto3/copy_both_response_test.go,https://github.com/jackc/pgx/raw/adbb38f298c76e283ffc7c7a3f571036fea47fd4/pgproto3%2Fcopy_both_response_test.go,[]
jackc,pgx,c1b0a01ca75ac9eb3a7dbc1396f583ab5dbf9557,pgproto3/copy_data.go,https://github.com/jackc/pgx/raw/adbb38f298c76e283ffc7c7a3f571036fea47fd4/pgproto3%2Fcopy_data.go,"['@@ -3,8 +3,6 @@']"
jackc,pgx,c1b0a01ca75ac9eb3a7dbc1396f583ab5dbf9557,pgproto3/copy_done.go,https://github.com/jackc/pgx/raw/adbb38f298c76e283ffc7c7a3f571036fea47fd4/pgproto3%2Fcopy_done.go,[]
jackc,pgx,c1b0a01ca75ac9eb3a7dbc1396f583ab5dbf9557,pgproto3/copy_fail.go,https://github.com/jackc/pgx/raw/adbb38f298c76e283ffc7c7a3f571036fea47fd4/pgproto3%2Fcopy_fail.go,"['@@ -3,8 +3,6 @@', '@@ -28,17 +26,11 @@']"
jackc,pgx,c1b0a01ca75ac9eb3a7dbc1396f583ab5dbf9557,pgproto3/copy_in_response.go,https://github.com/jackc/pgx/raw/adbb38f298c76e283ffc7c7a3f571036fea47fd4/pgproto3%2Fcopy_in_response.go,"['@@ -44,20 +44,16 @@']"
jackc,pgx,c1b0a01ca75ac9eb3a7dbc1396f583ab5dbf9557,pgproto3/copy_out_response.go,https://github.com/jackc/pgx/raw/adbb38f298c76e283ffc7c7a3f571036fea47fd4/pgproto3%2Fcopy_out_response.go,"['@@ -43,10 +43,8 @@', '@@ -55,9 +53,7 @@']"
jackc,pgx,c1b0a01ca75ac9eb3a7dbc1396f583ab5dbf9557,pgproto3/data_row.go,https://github.com/jackc/pgx/raw/adbb38f298c76e283ffc7c7a3f571036fea47fd4/pgproto3%2Fdata_row.go,"['@@ -63,10 +63,8 @@', '@@ -79,9 +77,7 @@']"
jackc,pgx,c1b0a01ca75ac9eb3a7dbc1396f583ab5dbf9557,pgproto3/describe.go,https://github.com/jackc/pgx/raw/adbb38f298c76e283ffc7c7a3f571036fea47fd4/pgproto3%2Fdescribe.go,"['@@ -4,8 +4,6 @@', '@@ -37,18 +35,12 @@']"
jackc,pgx,c1b0a01ca75ac9eb3a7dbc1396f583ab5dbf9557,pgproto3/empty_query_response.go,https://github.com/jackc/pgx/raw/adbb38f298c76e283ffc7c7a3f571036fea47fd4/pgproto3%2Fempty_query_response.go,[]
jackc,pgx,c1b0a01ca75ac9eb3a7dbc1396f583ab5dbf9557,pgproto3/error_response.go,https://github.com/jackc/pgx/raw/adbb38f298c76e283ffc7c7a3f571036fea47fd4/pgproto3%2Ferror_response.go,"['@@ -111,119 +110,113 @@']"
jackc,pgx,c1b0a01ca75ac9eb3a7dbc1396f583ab5dbf9557,pgproto3/example/pgfortune/server.go,https://github.com/jackc/pgx/raw/adbb38f298c76e283ffc7c7a3f571036fea47fd4/pgproto3%2Fexample%2Fpgfortune%2Fserver.go,"['@@ -102,3 +102,10 @@']"
jackc,pgx,c1b0a01ca75ac9eb3a7dbc1396f583ab5dbf9557,pgproto3/execute.go,https://github.com/jackc/pgx/raw/adbb38f298c76e283ffc7c7a3f571036fea47fd4/pgproto3%2Fexecute.go,"['@@ -36,19 +36,12 @@']"
jackc,pgx,c1b0a01ca75ac9eb3a7dbc1396f583ab5dbf9557,pgproto3/flush.go,https://github.com/jackc/pgx/raw/adbb38f298c76e283ffc7c7a3f571036fea47fd4/pgproto3%2Fflush.go,[]
jackc,pgx,c1b0a01ca75ac9eb3a7dbc1396f583ab5dbf9557,pgproto3/frontend.go,https://github.com/jackc/pgx/raw/adbb38f298c76e283ffc7c7a3f571036fea47fd4/pgproto3%2Ffrontend.go,"['@@ -64,23 +65,39 @@', '@@ -116,71 +133,141 @@']"
jackc,pgx,c1b0a01ca75ac9eb3a7dbc1396f583ab5dbf9557,pgproto3/function_call.go,https://github.com/jackc/pgx/raw/adbb38f298c76e283ffc7c7a3f571036fea47fd4/pgproto3%2Ffunction_call.go,"['@@ -71,10 +71,8 @@']"
jackc,pgx,c1b0a01ca75ac9eb3a7dbc1396f583ab5dbf9557,pgproto3/function_call_response.go,https://github.com/jackc/pgx/raw/adbb38f298c76e283ffc7c7a3f571036fea47fd4/pgproto3%2Ffunction_call_response.go,"['@@ -39,10 +39,8 @@', '@@ -51,9 +49,7 @@']"
jackc,pgx,c1b0a01ca75ac9eb3a7dbc1396f583ab5dbf9557,pgproto3/function_call_test.go,https://github.com/jackc/pgx/raw/adbb38f298c76e283ffc7c7a3f571036fea47fd4/pgproto3%2Ffunction_call_test.go,"['@@ -4,6 +4,8 @@']"
jackc,pgx,c1b0a01ca75ac9eb3a7dbc1396f583ab5dbf9557,pgproto3/gss_enc_request.go,https://github.com/jackc/pgx/raw/adbb38f298c76e283ffc7c7a3f571036fea47fd4/pgproto3%2Fgss_enc_request.go,[]
jackc,pgx,c1b0a01ca75ac9eb3a7dbc1396f583ab5dbf9557,pgproto3/gss_response.go,https://github.com/jackc/pgx/raw/adbb38f298c76e283ffc7c7a3f571036fea47fd4/pgproto3%2Fgss_response.go,"['@@ -2,8 +2,6 @@']"
jackc,pgx,c1b0a01ca75ac9eb3a7dbc1396f583ab5dbf9557,pgproto3/no_data.go,https://github.com/jackc/pgx/raw/adbb38f298c76e283ffc7c7a3f571036fea47fd4/pgproto3%2Fno_data.go,[]
jackc,pgx,c1b0a01ca75ac9eb3a7dbc1396f583ab5dbf9557,pgproto3/notice_response.go,https://github.com/jackc/pgx/raw/adbb38f298c76e283ffc7c7a3f571036fea47fd4/pgproto3%2Fnotice_response.go,"['@@ -12,6 +12,8 @@']"
jackc,pgx,c1b0a01ca75ac9eb3a7dbc1396f583ab5dbf9557,pgproto3/notification_response.go,https://github.com/jackc/pgx/raw/adbb38f298c76e283ffc7c7a3f571036fea47fd4/pgproto3%2Fnotification_response.go,"['@@ -45,20 +45,14 @@']"
jackc,pgx,c1b0a01ca75ac9eb3a7dbc1396f583ab5dbf9557,pgproto3/parameter_description.go,https://github.com/jackc/pgx/raw/adbb38f298c76e283ffc7c7a3f571036fea47fd4/pgproto3%2Fparameter_description.go,"['@@ -39,19 +39,15 @@']"
jackc,pgx,c1b0a01ca75ac9eb3a7dbc1396f583ab5dbf9557,pgproto3/parameter_status.go,https://github.com/jackc/pgx/raw/adbb38f298c76e283ffc7c7a3f571036fea47fd4/pgproto3%2Fparameter_status.go,"['@@ -3,8 +3,6 @@', '@@ -37,19 +35,13 @@']"
jackc,pgx,c1b0a01ca75ac9eb3a7dbc1396f583ab5dbf9557,pgproto3/parse.go,https://github.com/jackc/pgx/raw/adbb38f298c76e283ffc7c7a3f571036fea47fd4/pgproto3%2Fparse.go,"['@@ -52,10 +52,8 @@', '@@ -67,9 +65,7 @@']"
jackc,pgx,c1b0a01ca75ac9eb3a7dbc1396f583ab5dbf9557,pgproto3/parse_complete.go,https://github.com/jackc/pgx/raw/adbb38f298c76e283ffc7c7a3f571036fea47fd4/pgproto3%2Fparse_complete.go,[]
jackc,pgx,c1b0a01ca75ac9eb3a7dbc1396f583ab5dbf9557,pgproto3/password_message.go,https://github.com/jackc/pgx/raw/adbb38f298c76e283ffc7c7a3f571036fea47fd4/pgproto3%2Fpassword_message.go,"['@@ -3,8 +3,6 @@', '@@ -32,14 +30,11 @@']"
jackc,pgx,c1b0a01ca75ac9eb3a7dbc1396f583ab5dbf9557,pgproto3/pgproto3.go,https://github.com/jackc/pgx/raw/adbb38f298c76e283ffc7c7a3f571036fea47fd4/pgproto3%2Fpgproto3.go,"['@@ -4,8 +4,14 @@', '@@ -92,3 +98,23 @@']"
jackc,pgx,c1b0a01ca75ac9eb3a7dbc1396f583ab5dbf9557,pgproto3/pgproto3_private_test.go,https://github.com/jackc/pgx/raw/adbb38f298c76e283ffc7c7a3f571036fea47fd4/pgproto3%2Fpgproto3_private_test.go,"['@@ -0,0 +1,3 @@']"
jackc,pgx,c1b0a01ca75ac9eb3a7dbc1396f583ab5dbf9557,pgproto3/portal_suspended.go,https://github.com/jackc/pgx/raw/adbb38f298c76e283ffc7c7a3f571036fea47fd4/pgproto3%2Fportal_suspended.go,[]
jackc,pgx,c1b0a01ca75ac9eb3a7dbc1396f583ab5dbf9557,pgproto3/query.go,https://github.com/jackc/pgx/raw/adbb38f298c76e283ffc7c7a3f571036fea47fd4/pgproto3%2Fquery.go,"['@@ -3,8 +3,6 @@', '@@ -28,14 +26,11 @@']"
jackc,pgx,c1b0a01ca75ac9eb3a7dbc1396f583ab5dbf9557,pgproto3/query_test.go,https://github.com/jackc/pgx/raw/adbb38f298c76e283ffc7c7a3f571036fea47fd4/pgproto3%2Fquery_test.go,"['@@ -0,0 +1,20 @@']"
jackc,pgx,c1b0a01ca75ac9eb3a7dbc1396f583ab5dbf9557,pgproto3/ready_for_query.go,https://github.com/jackc/pgx/raw/adbb38f298c76e283ffc7c7a3f571036fea47fd4/pgproto3%2Fready_for_query.go,[]
jackc,pgx,c1b0a01ca75ac9eb3a7dbc1396f583ab5dbf9557,pgproto3/row_description.go,https://github.com/jackc/pgx/raw/adbb38f298c76e283ffc7c7a3f571036fea47fd4/pgproto3%2Frow_description.go,"['@@ -99,10 +99,8 @@', '@@ -117,9 +115,7 @@']"
jackc,pgx,c1b0a01ca75ac9eb3a7dbc1396f583ab5dbf9557,pgproto3/sasl_initial_response.go,https://github.com/jackc/pgx/raw/adbb38f298c76e283ffc7c7a3f571036fea47fd4/pgproto3%2Fsasl_initial_response.go,"['@@ -39,20 +39,16 @@']"
jackc,pgx,c1b0a01ca75ac9eb3a7dbc1396f583ab5dbf9557,pgproto3/sasl_response.go,https://github.com/jackc/pgx/raw/adbb38f298c76e283ffc7c7a3f571036fea47fd4/pgproto3%2Fsasl_response.go,"['@@ -3,8 +3,6 @@', '@@ -22,13 +20,10 @@']"
jackc,pgx,c1b0a01ca75ac9eb3a7dbc1396f583ab5dbf9557,pgproto3/ssl_request.go,https://github.com/jackc/pgx/raw/adbb38f298c76e283ffc7c7a3f571036fea47fd4/pgproto3%2Fssl_request.go,[]
jackc,pgx,c1b0a01ca75ac9eb3a7dbc1396f583ab5dbf9557,pgproto3/startup_message.go,https://github.com/jackc/pgx/raw/adbb38f298c76e283ffc7c7a3f571036fea47fd4/pgproto3%2Fstartup_message.go,"['@@ -77,9 +77,7 @@']"
jackc,pgx,c1b0a01ca75ac9eb3a7dbc1396f583ab5dbf9557,pgproto3/sync.go,https://github.com/jackc/pgx/raw/adbb38f298c76e283ffc7c7a3f571036fea47fd4/pgproto3%2Fsync.go,[]
jackc,pgx,c1b0a01ca75ac9eb3a7dbc1396f583ab5dbf9557,pgproto3/terminate.go,https://github.com/jackc/pgx/raw/adbb38f298c76e283ffc7c7a3f571036fea47fd4/pgproto3%2Fterminate.go,[]
jackc,pgx,20344dfae83e672eff73a03324398543a1d87f43,internal/sanitize/sanitize.go,https://github.com/jackc/pgx/raw/c543134753a0c5d22881c12404025724cb05ffd8/internal%2Fsanitize%2Fsanitize.go,"['@@ -63,6 +63,10 @@']"
jackc,pgx,20344dfae83e672eff73a03324398543a1d87f43,internal/sanitize/sanitize_test.go,https://github.com/jackc/pgx/raw/c543134753a0c5d22881c12404025724cb05ffd8/internal%2Fsanitize%2Fsanitize_test.go,"['@@ -132,47 +132,57 @@']"
jackc,pgx,826a89229b8b1cdf18e4190afa437d3df9901b9c,internal/sanitize/sanitize.go,https://github.com/jackc/pgx/raw/f94eb0e2f96782042c96801b5ac448f44f0a81df/internal%2Fsanitize%2Fsanitize.go,"['@@ -44,18 +44,8 @@', '@@ -68,6 +58,10 @@']"
jackc,pgx,826a89229b8b1cdf18e4190afa437d3df9901b9c,internal/sanitize/sanitize_test.go,https://github.com/jackc/pgx/raw/f94eb0e2f96782042c96801b5ac448f44f0a81df/internal%2Fsanitize%2Fsanitize_test.go,[]
cosmos,cosmos-sdk,6689e3689b16c02f8b3c46efec31f8c7d04aa833,baseapp/abci_test.go,https://github.com/cosmos/cosmos-sdk/raw/4467110df40797ebe916c23ebfd45c9ee7583897/baseapp%2Fabci_test.go,"['@@ -1790,7 +1790,10 @@', '@@ -2097,7 +2100,10 @@']"
cosmos,cosmos-sdk,6689e3689b16c02f8b3c46efec31f8c7d04aa833,baseapp/abci_utils.go,https://github.com/cosmos/cosmos-sdk/raw/4467110df40797ebe916c23ebfd45c9ee7583897/baseapp%2Fabci_utils.go,"['@@ -13,6 +14,8 @@', '@@ -39,11 +42,21 @@', '@@ -89,12 +101,7 @@', '@@ -140,6 +147,51 @@']"
cosmos,cosmos-sdk,6689e3689b16c02f8b3c46efec31f8c7d04aa833,baseapp/abci_utils_test.go,https://github.com/cosmos/cosmos-sdk/raw/4467110df40797ebe916c23ebfd45c9ee7583897/baseapp%2Fabci_utils_test.go,"['@@ -16,6 +17,8 @@', '@@ -98,7 +101,9 @@', '@@ -128,6 +133,8 @@', '@@ -151,8 +158,13 @@', '@@ -174,6 +186,8 @@', '@@ -196,8 +210,12 @@', '@@ -223,15 +241,27 @@', '@@ -275,8 +305,15 @@', '@@ -317,8 +354,115 @@', '@@ -586,3 +730,47 @@']"
cosmos,cosmos-sdk,6689e3689b16c02f8b3c46efec31f8c7d04aa833,baseapp/info.go,https://github.com/cosmos/cosmos-sdk/raw/4467110df40797ebe916c23ebfd45c9ee7583897/baseapp%2Finfo.go,"['@@ -10,6 +10,20 @@']"
cosmos,cosmos-sdk,6689e3689b16c02f8b3c46efec31f8c7d04aa833,tests/integration/staking/keeper/vote_extensions_test.go,https://github.com/cosmos/cosmos-sdk/raw/4467110df40797ebe916c23ebfd45c9ee7583897/tests%2Fintegration%2Fstaking%2Fkeeper%2Fvote_extensions_test.go,"['@@ -10,6 +11,8 @@', '@@ -21,17 +24,22 @@', '@@ -84,7 +92,10 @@', '@@ -96,3 +107,42 @@']"
cosmos,cosmos-sdk,6689e3689b16c02f8b3c46efec31f8c7d04aa833,x/slashing/keeper/slash_redelegation_test.go,https://github.com/cosmos/cosmos-sdk/raw/4467110df40797ebe916c23ebfd45c9ee7583897/x%2Fslashing%2Fkeeper%2Fslash_redelegation_test.go,[]
argoproj,argo-cd,479b5544b57dc9ef767d49f7003f39602c480b71,server/application/application.go,https://github.com/argoproj/argo-cd/raw/3b8f673f06c2d228e01cbc830e5cb57cef008978/server%2Fapplication%2Fapplication.go,"['@@ -333,6 +333,15 @@']"
argoproj,argo-cd,479b5544b57dc9ef767d49f7003f39602c480b71,server/application/application_test.go,https://github.com/argoproj/argo-cd/raw/3b8f673f06c2d228e01cbc830e5cb57cef008978/server%2Fapplication%2Fapplication_test.go,"['@@ -1439,6 +1439,27 @@']"
IceWhaleTech,CasaOS-UserService,c75063d7ca5800948e9c09c0a6efe9809b5d39f7,route/v1/user.go,https://github.com/IceWhaleTech/CasaOS-UserService/raw/62006f61b55951048dbace4ebd9e483274838699/route%2Fv1%2Fuser.go,"['@@ -84,6 +85,8 @@', '@@ -93,6 +96,16 @@']"
coder,coder,b3e352127478bfd044a1efa77baace096096d1e6,coderd/userauth.go,https://github.com/coder/coder/raw/1171ce7add017481d28441575024209ac160ecb0/coderd%2Fuserauth.go,"['@@ -905,15 +905,23 @@']"
coder,coder,b3e352127478bfd044a1efa77baace096096d1e6,coderd/userauth_test.go,https://github.com/coder/coder/raw/1171ce7add017481d28441575024209ac160ecb0/coderd%2Fuserauth_test.go,"['@@ -664,6 +664,17 @@']"
coder,coder,72708c748c949c3a5129f79a696c0712b486fecc,coderd/userauth.go,https://github.com/coder/coder/raw/2ba84911f8b02605e5958d5e4a2fe3979ec50b31/coderd%2Fuserauth.go,"['@@ -906,15 +906,23 @@']"
coder,coder,72708c748c949c3a5129f79a696c0712b486fecc,coderd/userauth_test.go,https://github.com/coder/coder/raw/2ba84911f8b02605e5958d5e4a2fe3979ec50b31/coderd%2Fuserauth_test.go,"['@@ -664,6 +664,17 @@']"
coder,coder,e7033b34dc41477cbea0090839de2c5c1f507d3b,coderd/userauth.go,https://github.com/coder/coder/raw/2d37eb42e7db656e343fe1f36de5ab1a1a62f4fb/coderd%2Fuserauth.go,"['@@ -928,15 +928,23 @@']"
coder,coder,e7033b34dc41477cbea0090839de2c5c1f507d3b,coderd/userauth_test.go,https://github.com/coder/coder/raw/2d37eb42e7db656e343fe1f36de5ab1a1a62f4fb/coderd%2Fuserauth_test.go,"['@@ -757,6 +757,17 @@']"
coder,coder,8f190b20161da0540be606a09d8ae215794e762f,coderd/userauth.go,https://github.com/coder/coder/raw/4439a920e454a82565e445e4376c669e3b89591c/coderd%2Fuserauth.go,"['@@ -929,15 +929,23 @@']"
coder,coder,8f190b20161da0540be606a09d8ae215794e762f,coderd/userauth_test.go,https://github.com/coder/coder/raw/4439a920e454a82565e445e4376c669e3b89591c/coderd%2Fuserauth_test.go,"['@@ -798,6 +798,17 @@']"
zeromicro,go-zero,d953675085476c98772fbc495ccaf47b9fd479df,rest/internal/cors/handlers.go,https://github.com/zeromicro/go-zero/raw/d9d79e930dff6218a873f4f02115df61c38b15db/rest%2Finternal%2Fcors%2Fhandlers.go,"['@@ -77,12 +77,18 @@']"
zeromicro,go-zero,d953675085476c98772fbc495ccaf47b9fd479df,rest/internal/cors/handlers_test.go,https://github.com/zeromicro/go-zero/raw/d9d79e930dff6218a873f4f02115df61c38b15db/rest%2Finternal%2Fcors%2Fhandlers_test.go,"['@@ -53,6 +53,11 @@']"
microsoft,go-crypto-openssl,ed177ef1cb22d8955d27e5da7dfc0e29baba89f6,openssl/evpkey.go,https://github.com/microsoft/go-crypto-openssl/raw/104fe7f6912788d2ad44602f77a0a0a62f1f259f/openssl%2Fevpkey.go,"['@@ -101,7 +101,15 @@', '@@ -110,14 +118,6 @@']"
golang-fips,openssl,576fe0d377882f8d0fd6537762ef2ff7918facc8,cipher.go,https://github.com/golang-fips/openssl/raw/85d31d0d257ce842c8a1e63c4d230ae850348136/cipher.go,[]
golang-fips,openssl,576fe0d377882f8d0fd6537762ef2ff7918facc8,evp.go,https://github.com/golang-fips/openssl/raw/85d31d0d257ce842c8a1e63c4d230ae850348136/evp.go,"['@@ -149,7 +149,15 @@', '@@ -158,14 +166,6 @@']"
IceWhaleTech,CasaOS-UserService,6738be00dfa2f51c3bef4d402f1304439edc6b86,route/v1/user.go,https://github.com/IceWhaleTech/CasaOS-UserService/raw/c75063d7ca5800948e9c09c0a6efe9809b5d39f7/route%2Fv1%2Fuser.go,[]
zitadel,zitadel,60ee2610f2ae67e2e33ac8c08df739c44d397809,internal/renderer/renderer.go,https://github.com/zitadel/zitadel/raw/07ec2efa9dc62f7a6c3a58c112b2879d24bc3e3c/internal%2Frenderer%2Frenderer.go,[]
argoproj,argo-cd,4df9a46e7224db12bed71c238ea8a6cfd942a6e2,util/session/sessionmanager.go,https://github.com/argoproj/argo-cd/raw/17b0df1168a4c535f6f37e95f25ed7cd81e1fa4d/util%2Fsession%2Fsessionmanager.go,"['@@ -310,6 +310,22 @@', '@@ -327,23 +343,13 @@']"
argoproj,argo-cd,4df9a46e7224db12bed71c238ea8a6cfd942a6e2,util/session/sessionmanager_test.go,https://github.com/argoproj/argo-cd/raw/17b0df1168a4c535f6f37e95f25ed7cd81e1fa4d/util%2Fsession%2Fsessionmanager_test.go,"['@@ -1188,3 +1188,42 @@']"
argoproj,argo-cd,c415d3f3d5b8c1873fa8117d21e5262f109586fb,util/session/sessionmanager.go,https://github.com/argoproj/argo-cd/raw/6e181d72b31522f886a2afa029d5b26d7912ec7b/util%2Fsession%2Fsessionmanager.go,"['@@ -310,6 +310,22 @@', '@@ -327,23 +343,13 @@']"
argoproj,argo-cd,c415d3f3d5b8c1873fa8117d21e5262f109586fb,util/session/sessionmanager_test.go,https://github.com/argoproj/argo-cd/raw/6e181d72b31522f886a2afa029d5b26d7912ec7b/util%2Fsession%2Fsessionmanager_test.go,"['@@ -1173,3 +1173,42 @@']"
argoproj,argo-cd,ab7e45da13501cba8ef56e81f2b9f37ef615a6e1,util/session/sessionmanager.go,https://github.com/argoproj/argo-cd/raw/cebb6538f7944c87ca2fecb5d17f8baacc431456/util%2Fsession%2Fsessionmanager.go,"['@@ -310,6 +310,22 @@', '@@ -327,23 +343,13 @@']"
argoproj,argo-cd,ab7e45da13501cba8ef56e81f2b9f37ef615a6e1,util/session/sessionmanager_test.go,https://github.com/argoproj/argo-cd/raw/cebb6538f7944c87ca2fecb5d17f8baacc431456/util%2Fsession%2Fsessionmanager_test.go,"['@@ -1173,3 +1173,42 @@']"
containers,buildah,14d60c9889d46eb72c25742af2307f0b8dbceb9b,internal/volumes/volumes.go,https://github.com/containers/buildah/raw/3deda19137f5dec0285bbb832bd93c22d860b087/internal%2Fvolumes%2Fvolumes.go,"['@@ -189,7 +190,11 @@']"
containers,buildah,fedbd79676e8aa5dc49d9434f6d9361b5e00ba62,internal/volumes/volumes.go,https://github.com/containers/buildah/raw/9de9c20ff368beb84b84fe660773d352519dc1c5/internal%2Fvolumes%2Fvolumes.go,"['@@ -189,7 +190,11 @@']"
containers,buildah,315bae46c5de2805e9d5c60c1a91de2f4d0747bd,internal/volumes/volumes.go,https://github.com/containers/buildah/raw/a030f7b8cd373075affef1f86de43a87e502f3d8/internal%2Fvolumes%2Fvolumes.go,"['@@ -188,7 +189,11 @@']"
go-jose,go-jose,17183d111d86cec795e74a832d9301d359cf3526,crypter.go,https://github.com/go-jose/go-jose/raw/0dd4dd541c665fb292d664f77604ba694726f298/crypter.go,"['@@ -406,6 +406,9 @@', '@@ -470,6 +473,9 @@']"
go-jose,go-jose,17183d111d86cec795e74a832d9301d359cf3526,encoding.go,https://github.com/go-jose/go-jose/raw/0dd4dd541c665fb292d664f77604ba694726f298/encoding.go,"['@@ -97,15 +98,27 @@']"
go-jose,go-jose,17183d111d86cec795e74a832d9301d359cf3526,encoding_test.go,https://github.com/go-jose/go-jose/raw/0dd4dd541c665fb292d664f77604ba694726f298/encoding_test.go,"['@@ -18,6 +18,8 @@', '@@ -57,6 +59,38 @@']"
go-jose,go-jose,11bb4e72bf7eb95794be9fef31b38ba85633fc84,crypter.go,https://github.com/go-jose/go-jose/raw/add6a284ea0f844fd6628cba637be5451fe4b28a/crypter.go,"['@@ -440,6 +440,9 @@', '@@ -511,6 +514,9 @@']"
go-jose,go-jose,11bb4e72bf7eb95794be9fef31b38ba85633fc84,encoding.go,https://github.com/go-jose/go-jose/raw/add6a284ea0f844fd6628cba637be5451fe4b28a/encoding.go,"['@@ -97,15 +98,27 @@']"
go-jose,go-jose,11bb4e72bf7eb95794be9fef31b38ba85633fc84,encoding_test.go,https://github.com/go-jose/go-jose/raw/add6a284ea0f844fd6628cba637be5451fe4b28a/encoding_test.go,"['@@ -18,6 +18,8 @@', '@@ -57,6 +59,38 @@']"
go-jose,go-jose,5cc51763260e5007d1febf03a6c0d2c034039c75,crypter.go,https://github.com/go-jose/go-jose/raw/f4c051a0653d78199a053892f7619ebf96339502/crypter.go,"['@@ -440,6 +440,9 @@', '@@ -511,6 +514,9 @@']"
go-jose,go-jose,5cc51763260e5007d1febf03a6c0d2c034039c75,encoding.go,https://github.com/go-jose/go-jose/raw/f4c051a0653d78199a053892f7619ebf96339502/encoding.go,"['@@ -97,15 +98,24 @@']"
go-jose,go-jose,5cc51763260e5007d1febf03a6c0d2c034039c75,encoding_test.go,https://github.com/go-jose/go-jose/raw/f4c051a0653d78199a053892f7619ebf96339502/encoding_test.go,"['@@ -18,6 +18,8 @@', '@@ -57,6 +59,38 @@']"
argoproj,argo-cd,8281b18831b585ccbed840a85fe695eb23f07f62,cmd/argocd-repo-server/commands/argocd_repo_server.go,https://github.com/argoproj/argo-cd/raw/14f681e3ee7c38731943b98f92277e88a3db109d/cmd%2Fargocd-repo-server%2Fcommands%2Fargocd_repo_server.go,"['@@ -108,6 +109,9 @@']"
argoproj,argo-cd,8281b18831b585ccbed840a85fe695eb23f07f62,reposerver/repository/repository.go,https://github.com/argoproj/argo-cd/raw/14f681e3ee7c38731943b98f92277e88a3db109d/reposerver%2Frepository%2Frepository.go,[]
argoproj,argo-cd,8281b18831b585ccbed840a85fe695eb23f07f62,reposerver/repository/repository_test.go,https://github.com/argoproj/argo-cd/raw/14f681e3ee7c38731943b98f92277e88a3db109d/reposerver%2Frepository%2Frepository_test.go,[]
argoproj,argo-cd,8281b18831b585ccbed840a85fe695eb23f07f62,util/helm/client.go,https://github.com/argoproj/argo-cd/raw/14f681e3ee7c38731943b98f92277e88a3db109d/util%2Fhelm%2Fclient.go,[]
argoproj,argo-cd,8281b18831b585ccbed840a85fe695eb23f07f62,util/helm/client_test.go,https://github.com/argoproj/argo-cd/raw/14f681e3ee7c38731943b98f92277e88a3db109d/util%2Fhelm%2Fclient_test.go,"['@@ -63,12 +63,18 @@']"
argoproj,argo-cd,8281b18831b585ccbed840a85fe695eb23f07f62,util/helm/mocks/Client.go,https://github.com/argoproj/argo-cd/raw/14f681e3ee7c38731943b98f92277e88a3db109d/util%2Fhelm%2Fmocks%2FClient.go,[]
argoproj,argo-cd,3be5efa79c4c108618381d49d8c5548893311665,cmd/argocd-repo-server/commands/argocd_repo_server.go,https://github.com/argoproj/argo-cd/raw/36b8a12a38f8d92d55bffc81deed44389bf6eb59/cmd%2Fargocd-repo-server%2Fcommands%2Fargocd_repo_server.go,"['@@ -125,6 +126,9 @@']"
argoproj,argo-cd,3be5efa79c4c108618381d49d8c5548893311665,reposerver/repository/repository.go,https://github.com/argoproj/argo-cd/raw/36b8a12a38f8d92d55bffc81deed44389bf6eb59/reposerver%2Frepository%2Frepository.go,[]
argoproj,argo-cd,3be5efa79c4c108618381d49d8c5548893311665,util/helm/client.go,https://github.com/argoproj/argo-cd/raw/36b8a12a38f8d92d55bffc81deed44389bf6eb59/util%2Fhelm%2Fclient.go,[]
argoproj,argo-cd,3be5efa79c4c108618381d49d8c5548893311665,util/helm/client_test.go,https://github.com/argoproj/argo-cd/raw/36b8a12a38f8d92d55bffc81deed44389bf6eb59/util%2Fhelm%2Fclient_test.go,"['@@ -63,12 +63,18 @@']"
argoproj,argo-cd,3be5efa79c4c108618381d49d8c5548893311665,util/helm/mocks/Client.go,https://github.com/argoproj/argo-cd/raw/36b8a12a38f8d92d55bffc81deed44389bf6eb59/util%2Fhelm%2Fmocks%2FClient.go,[]
argoproj,argo-cd,47d586169f05d85da594aba5cd6197bc93332199,cmd/argocd-repo-server/commands/argocd_repo_server.go,https://github.com/argoproj/argo-cd/raw/3e5a878f6e30d935fa149723ea2a2e93748fcddd/cmd%2Fargocd-repo-server%2Fcommands%2Fargocd_repo_server.go,"['@@ -110,6 +111,9 @@']"
argoproj,argo-cd,47d586169f05d85da594aba5cd6197bc93332199,reposerver/repository/repository.go,https://github.com/argoproj/argo-cd/raw/3e5a878f6e30d935fa149723ea2a2e93748fcddd/reposerver%2Frepository%2Frepository.go,[]
argoproj,argo-cd,47d586169f05d85da594aba5cd6197bc93332199,reposerver/repository/repository_test.go,https://github.com/argoproj/argo-cd/raw/3e5a878f6e30d935fa149723ea2a2e93748fcddd/reposerver%2Frepository%2Frepository_test.go,[]
argoproj,argo-cd,47d586169f05d85da594aba5cd6197bc93332199,util/helm/client.go,https://github.com/argoproj/argo-cd/raw/3e5a878f6e30d935fa149723ea2a2e93748fcddd/util%2Fhelm%2Fclient.go,[]
argoproj,argo-cd,47d586169f05d85da594aba5cd6197bc93332199,util/helm/client_test.go,https://github.com/argoproj/argo-cd/raw/3e5a878f6e30d935fa149723ea2a2e93748fcddd/util%2Fhelm%2Fclient_test.go,"['@@ -63,12 +63,18 @@']"
argoproj,argo-cd,47d586169f05d85da594aba5cd6197bc93332199,util/helm/mocks/Client.go,https://github.com/argoproj/argo-cd/raw/3e5a878f6e30d935fa149723ea2a2e93748fcddd/util%2Fhelm%2Fmocks%2FClient.go,[]
go-vela,types,bab8877f46068f83fc2775f6148303be018ae248,database/secret.go,https://github.com/go-vela/types/raw/2e046fceb8fe56fb7170495962f24475cee78d46/database%2Fsecret.go,[]
go-vela,types,bab8877f46068f83fc2775f6148303be018ae248,database/secret_test.go,https://github.com/go-vela/types/raw/2e046fceb8fe56fb7170495962f24475cee78d46/database%2Fsecret_test.go,[]
go-vela,types,bab8877f46068f83fc2775f6148303be018ae248,library/log.go,https://github.com/go-vela/types/raw/2e046fceb8fe56fb7170495962f24475cee78d46/library%2Flog.go,"['@@ -45,25 +45,14 @@']"
go-vela,types,bab8877f46068f83fc2775f6148303be018ae248,library/log_test.go,https://github.com/go-vela/types/raw/2e046fceb8fe56fb7170495962f24475cee78d46/library%2Flog_test.go,"['@@ -42,59 +42,83 @@']"
go-vela,types,bab8877f46068f83fc2775f6148303be018ae248,library/secret.go,https://github.com/go-vela/types/raw/2e046fceb8fe56fb7170495962f24475cee78d46/library%2Fsecret.go,"['@@ -69,6 +71,11 @@', '@@ -237,6 +244,19 @@', '@@ -432,6 +452,19 @@']"
go-vela,types,bab8877f46068f83fc2775f6148303be018ae248,library/secret_test.go,https://github.com/go-vela/types/raw/2e046fceb8fe56fb7170495962f24475cee78d46/library%2Fsecret_test.go,"['@@ -354,6 +354,27 @@', '@@ -428,6 +449,10 @@', '@@ -527,6 +553,10 @@']"
cloudevents,sdk-go,67e389964131d55d65cd14b4eb32d57a47312695,v2/protocol/http/protocol.go,https://github.com/cloudevents/sdk-go/raw/de2f28370b0d2a0f64f92c0c6139fa4b8a7c3851/v2%2Fprotocol%2Fhttp%2Fprotocol.go,"['@@ -102,7 +102,10 @@']"
argoproj,argo-cd,17b0df1168a4c535f6f37e95f25ed7cd81e1fa4d,server/application/terminal.go,https://github.com/argoproj/argo-cd/raw/2a22e19e06aaf6a1e734443043310a66c234e345/server%2Fapplication%2Fterminal.go,[]
argoproj,argo-cd,17b0df1168a4c535f6f37e95f25ed7cd81e1fa4d,server/application/websocket.go,https://github.com/argoproj/argo-cd/raw/2a22e19e06aaf6a1e734443043310a66c234e345/server%2Fapplication%2Fwebsocket.go,[]
argoproj,argo-cd,17b0df1168a4c535f6f37e95f25ed7cd81e1fa4d,server/server.go,https://github.com/argoproj/argo-cd/raw/2a22e19e06aaf6a1e734443043310a66c234e345/server%2Fserver.go,[]
argoproj,argo-cd,17b0df1168a4c535f6f37e95f25ed7cd81e1fa4d,util/session/sessionmanager.go,https://github.com/argoproj/argo-cd/raw/2a22e19e06aaf6a1e734443043310a66c234e345/util%2Fsession%2Fsessionmanager.go,"['@@ -328,12 +330,14 @@', '@@ -380,6 +384,8 @@']"
argoproj,argo-cd,6e181d72b31522f886a2afa029d5b26d7912ec7b,server/application/terminal.go,https://github.com/argoproj/argo-cd/raw/5bbb51ab423f273dda74ab956469843d2db2e208/server%2Fapplication%2Fterminal.go,[]
argoproj,argo-cd,6e181d72b31522f886a2afa029d5b26d7912ec7b,server/application/websocket.go,https://github.com/argoproj/argo-cd/raw/5bbb51ab423f273dda74ab956469843d2db2e208/server%2Fapplication%2Fwebsocket.go,[]
argoproj,argo-cd,6e181d72b31522f886a2afa029d5b26d7912ec7b,server/server.go,https://github.com/argoproj/argo-cd/raw/5bbb51ab423f273dda74ab956469843d2db2e208/server%2Fserver.go,[]
argoproj,argo-cd,6e181d72b31522f886a2afa029d5b26d7912ec7b,util/session/sessionmanager.go,https://github.com/argoproj/argo-cd/raw/5bbb51ab423f273dda74ab956469843d2db2e208/util%2Fsession%2Fsessionmanager.go,"['@@ -328,12 +330,14 @@', '@@ -380,6 +384,8 @@']"
argoproj,argo-cd,cebb6538f7944c87ca2fecb5d17f8baacc431456,server/application/terminal.go,https://github.com/argoproj/argo-cd/raw/ce04dc5c6f6e92033221ec6d96b74403b065ca8b/server%2Fapplication%2Fterminal.go,[]
argoproj,argo-cd,cebb6538f7944c87ca2fecb5d17f8baacc431456,server/application/websocket.go,https://github.com/argoproj/argo-cd/raw/ce04dc5c6f6e92033221ec6d96b74403b065ca8b/server%2Fapplication%2Fwebsocket.go,[]
argoproj,argo-cd,cebb6538f7944c87ca2fecb5d17f8baacc431456,server/server.go,https://github.com/argoproj/argo-cd/raw/ce04dc5c6f6e92033221ec6d96b74403b065ca8b/server%2Fserver.go,[]
argoproj,argo-cd,cebb6538f7944c87ca2fecb5d17f8baacc431456,util/session/sessionmanager.go,https://github.com/argoproj/argo-cd/raw/ce04dc5c6f6e92033221ec6d96b74403b065ca8b/util%2Fsession%2Fsessionmanager.go,"['@@ -328,12 +330,14 @@', '@@ -380,6 +384,8 @@']"
jackc,pgproto3,0c0f7b03fb4967dfff8de06d07a9fe20baf83449,authentication_cleartext_password.go,https://github.com/jackc/pgproto3/raw/945c2126f6db8f3bea7eeebe307c01fe92bca007/authentication_cleartext_password.go,[]
jackc,pgproto3,0c0f7b03fb4967dfff8de06d07a9fe20baf83449,authentication_gss.go,https://github.com/jackc/pgproto3/raw/945c2126f6db8f3bea7eeebe307c01fe92bca007/authentication_gss.go,[]
jackc,pgproto3,0c0f7b03fb4967dfff8de06d07a9fe20baf83449,authentication_gss_continue.go,https://github.com/jackc/pgproto3/raw/945c2126f6db8f3bea7eeebe307c01fe92bca007/authentication_gss_continue.go,[]
jackc,pgproto3,0c0f7b03fb4967dfff8de06d07a9fe20baf83449,authentication_md5_password.go,https://github.com/jackc/pgproto3/raw/945c2126f6db8f3bea7eeebe307c01fe92bca007/authentication_md5_password.go,[]
jackc,pgproto3,0c0f7b03fb4967dfff8de06d07a9fe20baf83449,authentication_ok.go,https://github.com/jackc/pgproto3/raw/945c2126f6db8f3bea7eeebe307c01fe92bca007/authentication_ok.go,[]
jackc,pgproto3,0c0f7b03fb4967dfff8de06d07a9fe20baf83449,authentication_sasl.go,https://github.com/jackc/pgproto3/raw/945c2126f6db8f3bea7eeebe307c01fe92bca007/authentication_sasl.go,"['@@ -46,10 +46,8 @@', '@@ -58,9 +56,7 @@']"
jackc,pgproto3,0c0f7b03fb4967dfff8de06d07a9fe20baf83449,authentication_sasl_continue.go,https://github.com/jackc/pgproto3/raw/945c2126f6db8f3bea7eeebe307c01fe92bca007/authentication_sasl_continue.go,"['@@ -38,17 +38,11 @@']"
jackc,pgproto3,0c0f7b03fb4967dfff8de06d07a9fe20baf83449,authentication_sasl_final.go,https://github.com/jackc/pgproto3/raw/945c2126f6db8f3bea7eeebe307c01fe92bca007/authentication_sasl_final.go,"['@@ -38,17 +38,11 @@']"
jackc,pgproto3,0c0f7b03fb4967dfff8de06d07a9fe20baf83449,backend.go,https://github.com/jackc/pgproto3/raw/945c2126f6db8f3bea7eeebe307c01fe92bca007/backend.go,"['@@ -49,7 +49,12 @@']"
jackc,pgproto3,0c0f7b03fb4967dfff8de06d07a9fe20baf83449,backend_key_data.go,https://github.com/jackc/pgproto3/raw/945c2126f6db8f3bea7eeebe307c01fe92bca007/backend_key_data.go,[]
jackc,pgproto3,0c0f7b03fb4967dfff8de06d07a9fe20baf83449,backend_test.go,https://github.com/jackc/pgproto3/raw/945c2126f6db8f3bea7eeebe307c01fe92bca007/backend_test.go,[]
jackc,pgproto3,0c0f7b03fb4967dfff8de06d07a9fe20baf83449,bind.go,https://github.com/jackc/pgproto3/raw/945c2126f6db8f3bea7eeebe307c01fe92bca007/bind.go,"['@@ -5,7 +5,9 @@', '@@ -108,21 +110,25 @@']"
jackc,pgproto3,0c0f7b03fb4967dfff8de06d07a9fe20baf83449,bind_complete.go,https://github.com/jackc/pgproto3/raw/945c2126f6db8f3bea7eeebe307c01fe92bca007/bind_complete.go,[]
jackc,pgproto3,0c0f7b03fb4967dfff8de06d07a9fe20baf83449,bind_test.go,https://github.com/jackc/pgproto3/raw/945c2126f6db8f3bea7eeebe307c01fe92bca007/bind_test.go,"['@@ -0,0 +1,20 @@']"
jackc,pgproto3,0c0f7b03fb4967dfff8de06d07a9fe20baf83449,cancel_request.go,https://github.com/jackc/pgproto3/raw/945c2126f6db8f3bea7eeebe307c01fe92bca007/cancel_request.go,[]
jackc,pgproto3,0c0f7b03fb4967dfff8de06d07a9fe20baf83449,close.go,https://github.com/jackc/pgproto3/raw/945c2126f6db8f3bea7eeebe307c01fe92bca007/close.go,"['@@ -4,8 +4,6 @@', '@@ -37,18 +35,12 @@']"
jackc,pgproto3,0c0f7b03fb4967dfff8de06d07a9fe20baf83449,close_complete.go,https://github.com/jackc/pgproto3/raw/945c2126f6db8f3bea7eeebe307c01fe92bca007/close_complete.go,[]
jackc,pgproto3,0c0f7b03fb4967dfff8de06d07a9fe20baf83449,command_complete.go,https://github.com/jackc/pgproto3/raw/945c2126f6db8f3bea7eeebe307c01fe92bca007/command_complete.go,"['@@ -3,8 +3,6 @@', '@@ -28,17 +26,11 @@']"
jackc,pgproto3,0c0f7b03fb4967dfff8de06d07a9fe20baf83449,copy_both_response.go,https://github.com/jackc/pgproto3/raw/945c2126f6db8f3bea7eeebe307c01fe92bca007/copy_both_response.go,[]
jackc,pgproto3,0c0f7b03fb4967dfff8de06d07a9fe20baf83449,copy_both_response_test.go,https://github.com/jackc/pgproto3/raw/945c2126f6db8f3bea7eeebe307c01fe92bca007/copy_both_response_test.go,[]
jackc,pgproto3,0c0f7b03fb4967dfff8de06d07a9fe20baf83449,copy_data.go,https://github.com/jackc/pgproto3/raw/945c2126f6db8f3bea7eeebe307c01fe92bca007/copy_data.go,"['@@ -3,8 +3,6 @@']"
jackc,pgproto3,0c0f7b03fb4967dfff8de06d07a9fe20baf83449,copy_done.go,https://github.com/jackc/pgproto3/raw/945c2126f6db8f3bea7eeebe307c01fe92bca007/copy_done.go,[]
jackc,pgproto3,0c0f7b03fb4967dfff8de06d07a9fe20baf83449,copy_fail.go,https://github.com/jackc/pgproto3/raw/945c2126f6db8f3bea7eeebe307c01fe92bca007/copy_fail.go,"['@@ -3,8 +3,6 @@', '@@ -28,17 +26,11 @@']"
jackc,pgproto3,0c0f7b03fb4967dfff8de06d07a9fe20baf83449,copy_in_response.go,https://github.com/jackc/pgproto3/raw/945c2126f6db8f3bea7eeebe307c01fe92bca007/copy_in_response.go,[]
jackc,pgproto3,0c0f7b03fb4967dfff8de06d07a9fe20baf83449,copy_out_response.go,https://github.com/jackc/pgproto3/raw/945c2126f6db8f3bea7eeebe307c01fe92bca007/copy_out_response.go,[]
jackc,pgproto3,0c0f7b03fb4967dfff8de06d07a9fe20baf83449,data_row.go,https://github.com/jackc/pgproto3/raw/945c2126f6db8f3bea7eeebe307c01fe92bca007/data_row.go,"['@@ -4,6 +4,8 @@', '@@ -79,9 +82,7 @@']"
jackc,pgproto3,0c0f7b03fb4967dfff8de06d07a9fe20baf83449,describe.go,https://github.com/jackc/pgproto3/raw/945c2126f6db8f3bea7eeebe307c01fe92bca007/describe.go,"['@@ -4,8 +4,6 @@', '@@ -37,18 +35,12 @@']"
jackc,pgproto3,0c0f7b03fb4967dfff8de06d07a9fe20baf83449,empty_query_response.go,https://github.com/jackc/pgproto3/raw/945c2126f6db8f3bea7eeebe307c01fe92bca007/empty_query_response.go,[]
jackc,pgproto3,0c0f7b03fb4967dfff8de06d07a9fe20baf83449,error_response.go,https://github.com/jackc/pgproto3/raw/945c2126f6db8f3bea7eeebe307c01fe92bca007/error_response.go,"['@@ -111,120 +110,113 @@']"
jackc,pgproto3,0c0f7b03fb4967dfff8de06d07a9fe20baf83449,example/pgfortune/server.go,https://github.com/jackc/pgproto3/raw/945c2126f6db8f3bea7eeebe307c01fe92bca007/example%2Fpgfortune%2Fserver.go,"['@@ -102,3 +102,10 @@']"
jackc,pgproto3,0c0f7b03fb4967dfff8de06d07a9fe20baf83449,execute.go,https://github.com/jackc/pgproto3/raw/945c2126f6db8f3bea7eeebe307c01fe92bca007/execute.go,"['@@ -36,19 +36,12 @@']"
jackc,pgproto3,0c0f7b03fb4967dfff8de06d07a9fe20baf83449,flush.go,https://github.com/jackc/pgproto3/raw/945c2126f6db8f3bea7eeebe307c01fe92bca007/flush.go,[]
jackc,pgproto3,0c0f7b03fb4967dfff8de06d07a9fe20baf83449,frontend.go,https://github.com/jackc/pgproto3/raw/945c2126f6db8f3bea7eeebe307c01fe92bca007/frontend.go,"['@@ -57,7 +57,11 @@']"
jackc,pgproto3,0c0f7b03fb4967dfff8de06d07a9fe20baf83449,function_call.go,https://github.com/jackc/pgproto3/raw/945c2126f6db8f3bea7eeebe307c01fe92bca007/function_call.go,"['@@ -2,6 +2,9 @@', '@@ -70,15 +73,21 @@']"
jackc,pgproto3,0c0f7b03fb4967dfff8de06d07a9fe20baf83449,function_call_response.go,https://github.com/jackc/pgproto3/raw/945c2126f6db8f3bea7eeebe307c01fe92bca007/function_call_response.go,"['@@ -39,10 +39,8 @@', '@@ -51,9 +49,7 @@']"
jackc,pgproto3,0c0f7b03fb4967dfff8de06d07a9fe20baf83449,function_call_test.go,https://github.com/jackc/pgproto3/raw/945c2126f6db8f3bea7eeebe307c01fe92bca007/function_call_test.go,"['@@ -4,6 +4,8 @@']"
jackc,pgproto3,0c0f7b03fb4967dfff8de06d07a9fe20baf83449,gss_enc_request.go,https://github.com/jackc/pgproto3/raw/945c2126f6db8f3bea7eeebe307c01fe92bca007/gss_enc_request.go,[]
jackc,pgproto3,0c0f7b03fb4967dfff8de06d07a9fe20baf83449,gss_response.go,https://github.com/jackc/pgproto3/raw/945c2126f6db8f3bea7eeebe307c01fe92bca007/gss_response.go,[]
jackc,pgproto3,0c0f7b03fb4967dfff8de06d07a9fe20baf83449,no_data.go,https://github.com/jackc/pgproto3/raw/945c2126f6db8f3bea7eeebe307c01fe92bca007/no_data.go,[]
jackc,pgproto3,0c0f7b03fb4967dfff8de06d07a9fe20baf83449,notice_response.go,https://github.com/jackc/pgproto3/raw/945c2126f6db8f3bea7eeebe307c01fe92bca007/notice_response.go,"['@@ -12,6 +12,8 @@']"
jackc,pgproto3,0c0f7b03fb4967dfff8de06d07a9fe20baf83449,notification_response.go,https://github.com/jackc/pgproto3/raw/945c2126f6db8f3bea7eeebe307c01fe92bca007/notification_response.go,"['@@ -41,20 +41,14 @@']"
jackc,pgproto3,0c0f7b03fb4967dfff8de06d07a9fe20baf83449,parameter_description.go,https://github.com/jackc/pgproto3/raw/945c2126f6db8f3bea7eeebe307c01fe92bca007/parameter_description.go,"['@@ -4,6 +4,8 @@']"
jackc,pgproto3,0c0f7b03fb4967dfff8de06d07a9fe20baf83449,parameter_status.go,https://github.com/jackc/pgproto3/raw/945c2126f6db8f3bea7eeebe307c01fe92bca007/parameter_status.go,"['@@ -3,8 +3,6 @@', '@@ -37,19 +35,13 @@']"
jackc,pgproto3,0c0f7b03fb4967dfff8de06d07a9fe20baf83449,parse.go,https://github.com/jackc/pgproto3/raw/945c2126f6db8f3bea7eeebe307c01fe92bca007/parse.go,"['@@ -4,6 +4,8 @@']"
jackc,pgproto3,0c0f7b03fb4967dfff8de06d07a9fe20baf83449,parse_complete.go,https://github.com/jackc/pgproto3/raw/945c2126f6db8f3bea7eeebe307c01fe92bca007/parse_complete.go,[]
jackc,pgproto3,0c0f7b03fb4967dfff8de06d07a9fe20baf83449,password_message.go,https://github.com/jackc/pgproto3/raw/945c2126f6db8f3bea7eeebe307c01fe92bca007/password_message.go,"['@@ -3,8 +3,6 @@', '@@ -32,14 +30,11 @@']"
jackc,pgproto3,0c0f7b03fb4967dfff8de06d07a9fe20baf83449,pgproto3.go,https://github.com/jackc/pgproto3/raw/945c2126f6db8f3bea7eeebe307c01fe92bca007/pgproto3.go,"['@@ -4,8 +4,14 @@', '@@ -63,3 +69,23 @@']"
jackc,pgproto3,0c0f7b03fb4967dfff8de06d07a9fe20baf83449,pgproto3_private_test.go,https://github.com/jackc/pgproto3/raw/945c2126f6db8f3bea7eeebe307c01fe92bca007/pgproto3_private_test.go,"['@@ -0,0 +1,3 @@']"
jackc,pgproto3,0c0f7b03fb4967dfff8de06d07a9fe20baf83449,portal_suspended.go,https://github.com/jackc/pgproto3/raw/945c2126f6db8f3bea7eeebe307c01fe92bca007/portal_suspended.go,[]
jackc,pgproto3,0c0f7b03fb4967dfff8de06d07a9fe20baf83449,query.go,https://github.com/jackc/pgproto3/raw/945c2126f6db8f3bea7eeebe307c01fe92bca007/query.go,"['@@ -3,8 +3,6 @@', '@@ -28,14 +26,11 @@']"
jackc,pgproto3,0c0f7b03fb4967dfff8de06d07a9fe20baf83449,query_test.go,https://github.com/jackc/pgproto3/raw/945c2126f6db8f3bea7eeebe307c01fe92bca007/query_test.go,"['@@ -0,0 +1,20 @@']"
jackc,pgproto3,0c0f7b03fb4967dfff8de06d07a9fe20baf83449,ready_for_query.go,https://github.com/jackc/pgproto3/raw/945c2126f6db8f3bea7eeebe307c01fe92bca007/ready_for_query.go,[]
jackc,pgproto3,0c0f7b03fb4967dfff8de06d07a9fe20baf83449,row_description.go,https://github.com/jackc/pgproto3/raw/945c2126f6db8f3bea7eeebe307c01fe92bca007/row_description.go,"['@@ -4,6 +4,8 @@', '@@ -117,9 +120,7 @@']"
jackc,pgproto3,0c0f7b03fb4967dfff8de06d07a9fe20baf83449,sasl_initial_response.go,https://github.com/jackc/pgproto3/raw/945c2126f6db8f3bea7eeebe307c01fe92bca007/sasl_initial_response.go,"['@@ -38,20 +38,16 @@']"
jackc,pgproto3,0c0f7b03fb4967dfff8de06d07a9fe20baf83449,sasl_response.go,https://github.com/jackc/pgproto3/raw/945c2126f6db8f3bea7eeebe307c01fe92bca007/sasl_response.go,"['@@ -2,8 +2,6 @@', '@@ -21,13 +19,10 @@']"
jackc,pgproto3,0c0f7b03fb4967dfff8de06d07a9fe20baf83449,ssl_request.go,https://github.com/jackc/pgproto3/raw/945c2126f6db8f3bea7eeebe307c01fe92bca007/ssl_request.go,[]
jackc,pgproto3,0c0f7b03fb4967dfff8de06d07a9fe20baf83449,startup_message.go,https://github.com/jackc/pgproto3/raw/945c2126f6db8f3bea7eeebe307c01fe92bca007/startup_message.go,"['@@ -77,9 +77,7 @@']"
jackc,pgproto3,0c0f7b03fb4967dfff8de06d07a9fe20baf83449,sync.go,https://github.com/jackc/pgproto3/raw/945c2126f6db8f3bea7eeebe307c01fe92bca007/sync.go,[]
jackc,pgproto3,0c0f7b03fb4967dfff8de06d07a9fe20baf83449,terminate.go,https://github.com/jackc/pgproto3/raw/945c2126f6db8f3bea7eeebe307c01fe92bca007/terminate.go,[]
jackc,pgx,c1b0a01ca75ac9eb3a7dbc1396f583ab5dbf9557,pgconn/pgconn.go,https://github.com/jackc/pgx/raw/adbb38f298c76e283ffc7c7a3f571036fea47fd4/pgconn%2Fpgconn.go,"['@@ -1674,25 +1674,55 @@', '@@ -1718,7 +1748,13 @@']"
jackc,pgx,c1b0a01ca75ac9eb3a7dbc1396f583ab5dbf9557,pgconn/pgconn_test.go,https://github.com/jackc/pgx/raw/adbb38f298c76e283ffc7c7a3f571036fea47fd4/pgconn%2Fpgconn_test.go,"['@@ -3472,3 +3472,10 @@']"
jackc,pgx,c1b0a01ca75ac9eb3a7dbc1396f583ab5dbf9557,pgproto3/authentication_cleartext_password.go,https://github.com/jackc/pgx/raw/adbb38f298c76e283ffc7c7a3f571036fea47fd4/pgproto3%2Fauthentication_cleartext_password.go,[]
jackc,pgx,c1b0a01ca75ac9eb3a7dbc1396f583ab5dbf9557,pgproto3/authentication_gss.go,https://github.com/jackc/pgx/raw/adbb38f298c76e283ffc7c7a3f571036fea47fd4/pgproto3%2Fauthentication_gss.go,[]
jackc,pgx,c1b0a01ca75ac9eb3a7dbc1396f583ab5dbf9557,pgproto3/authentication_gss_continue.go,https://github.com/jackc/pgx/raw/adbb38f298c76e283ffc7c7a3f571036fea47fd4/pgproto3%2Fauthentication_gss_continue.go,[]
jackc,pgx,c1b0a01ca75ac9eb3a7dbc1396f583ab5dbf9557,pgproto3/authentication_md5_password.go,https://github.com/jackc/pgx/raw/adbb38f298c76e283ffc7c7a3f571036fea47fd4/pgproto3%2Fauthentication_md5_password.go,[]
jackc,pgx,c1b0a01ca75ac9eb3a7dbc1396f583ab5dbf9557,pgproto3/authentication_ok.go,https://github.com/jackc/pgx/raw/adbb38f298c76e283ffc7c7a3f571036fea47fd4/pgproto3%2Fauthentication_ok.go,[]
jackc,pgx,c1b0a01ca75ac9eb3a7dbc1396f583ab5dbf9557,pgproto3/authentication_sasl.go,https://github.com/jackc/pgx/raw/adbb38f298c76e283ffc7c7a3f571036fea47fd4/pgproto3%2Fauthentication_sasl.go,"['@@ -47,10 +47,8 @@', '@@ -59,9 +57,7 @@']"
jackc,pgx,c1b0a01ca75ac9eb3a7dbc1396f583ab5dbf9557,pgproto3/authentication_sasl_continue.go,https://github.com/jackc/pgx/raw/adbb38f298c76e283ffc7c7a3f571036fea47fd4/pgproto3%2Fauthentication_sasl_continue.go,"['@@ -38,17 +38,11 @@']"
jackc,pgx,c1b0a01ca75ac9eb3a7dbc1396f583ab5dbf9557,pgproto3/authentication_sasl_final.go,https://github.com/jackc/pgx/raw/adbb38f298c76e283ffc7c7a3f571036fea47fd4/pgproto3%2Fauthentication_sasl_final.go,"['@@ -38,17 +38,11 @@']"
jackc,pgx,c1b0a01ca75ac9eb3a7dbc1396f583ab5dbf9557,pgproto3/backend.go,https://github.com/jackc/pgx/raw/adbb38f298c76e283ffc7c7a3f571036fea47fd4/pgproto3%2Fbackend.go,"['@@ -55,18 +56,34 @@']"
jackc,pgx,c1b0a01ca75ac9eb3a7dbc1396f583ab5dbf9557,pgproto3/backend_key_data.go,https://github.com/jackc/pgx/raw/adbb38f298c76e283ffc7c7a3f571036fea47fd4/pgproto3%2Fbackend_key_data.go,[]
jackc,pgx,c1b0a01ca75ac9eb3a7dbc1396f583ab5dbf9557,pgproto3/backend_test.go,https://github.com/jackc/pgx/raw/adbb38f298c76e283ffc7c7a3f571036fea47fd4/pgproto3%2Fbackend_test.go,[]
jackc,pgx,c1b0a01ca75ac9eb3a7dbc1396f583ab5dbf9557,pgproto3/bind.go,https://github.com/jackc/pgx/raw/adbb38f298c76e283ffc7c7a3f571036fea47fd4/pgproto3%2Fbind.go,"['@@ -108,10 +108,8 @@', '@@ -139,9 +137,7 @@']"
jackc,pgx,c1b0a01ca75ac9eb3a7dbc1396f583ab5dbf9557,pgproto3/bind_complete.go,https://github.com/jackc/pgx/raw/adbb38f298c76e283ffc7c7a3f571036fea47fd4/pgproto3%2Fbind_complete.go,[]
jackc,pgx,c1b0a01ca75ac9eb3a7dbc1396f583ab5dbf9557,pgproto3/bind_test.go,https://github.com/jackc/pgx/raw/adbb38f298c76e283ffc7c7a3f571036fea47fd4/pgproto3%2Fbind_test.go,"['@@ -0,0 +1,20 @@']"
jackc,pgx,c1b0a01ca75ac9eb3a7dbc1396f583ab5dbf9557,pgproto3/cancel_request.go,https://github.com/jackc/pgx/raw/adbb38f298c76e283ffc7c7a3f571036fea47fd4/pgproto3%2Fcancel_request.go,[]
jackc,pgx,c1b0a01ca75ac9eb3a7dbc1396f583ab5dbf9557,pgproto3/close.go,https://github.com/jackc/pgx/raw/adbb38f298c76e283ffc7c7a3f571036fea47fd4/pgproto3%2Fclose.go,"['@@ -4,8 +4,6 @@', '@@ -37,18 +35,12 @@']"
jackc,pgx,c1b0a01ca75ac9eb3a7dbc1396f583ab5dbf9557,pgproto3/close_complete.go,https://github.com/jackc/pgx/raw/adbb38f298c76e283ffc7c7a3f571036fea47fd4/pgproto3%2Fclose_complete.go,[]
jackc,pgx,c1b0a01ca75ac9eb3a7dbc1396f583ab5dbf9557,pgproto3/command_complete.go,https://github.com/jackc/pgx/raw/adbb38f298c76e283ffc7c7a3f571036fea47fd4/pgproto3%2Fcommand_complete.go,"['@@ -3,8 +3,6 @@', '@@ -31,17 +29,11 @@']"
jackc,pgx,c1b0a01ca75ac9eb3a7dbc1396f583ab5dbf9557,pgproto3/copy_both_response.go,https://github.com/jackc/pgx/raw/adbb38f298c76e283ffc7c7a3f571036fea47fd4/pgproto3%2Fcopy_both_response.go,"['@@ -44,19 +44,15 @@']"
jackc,pgx,c1b0a01ca75ac9eb3a7dbc1396f583ab5dbf9557,pgproto3/copy_both_response_test.go,https://github.com/jackc/pgx/raw/adbb38f298c76e283ffc7c7a3f571036fea47fd4/pgproto3%2Fcopy_both_response_test.go,[]
jackc,pgx,c1b0a01ca75ac9eb3a7dbc1396f583ab5dbf9557,pgproto3/copy_data.go,https://github.com/jackc/pgx/raw/adbb38f298c76e283ffc7c7a3f571036fea47fd4/pgproto3%2Fcopy_data.go,"['@@ -3,8 +3,6 @@']"
jackc,pgx,c1b0a01ca75ac9eb3a7dbc1396f583ab5dbf9557,pgproto3/copy_done.go,https://github.com/jackc/pgx/raw/adbb38f298c76e283ffc7c7a3f571036fea47fd4/pgproto3%2Fcopy_done.go,[]
jackc,pgx,c1b0a01ca75ac9eb3a7dbc1396f583ab5dbf9557,pgproto3/copy_fail.go,https://github.com/jackc/pgx/raw/adbb38f298c76e283ffc7c7a3f571036fea47fd4/pgproto3%2Fcopy_fail.go,"['@@ -3,8 +3,6 @@', '@@ -28,17 +26,11 @@']"
jackc,pgx,c1b0a01ca75ac9eb3a7dbc1396f583ab5dbf9557,pgproto3/copy_in_response.go,https://github.com/jackc/pgx/raw/adbb38f298c76e283ffc7c7a3f571036fea47fd4/pgproto3%2Fcopy_in_response.go,"['@@ -44,20 +44,16 @@']"
jackc,pgx,c1b0a01ca75ac9eb3a7dbc1396f583ab5dbf9557,pgproto3/copy_out_response.go,https://github.com/jackc/pgx/raw/adbb38f298c76e283ffc7c7a3f571036fea47fd4/pgproto3%2Fcopy_out_response.go,"['@@ -43,10 +43,8 @@', '@@ -55,9 +53,7 @@']"
jackc,pgx,c1b0a01ca75ac9eb3a7dbc1396f583ab5dbf9557,pgproto3/data_row.go,https://github.com/jackc/pgx/raw/adbb38f298c76e283ffc7c7a3f571036fea47fd4/pgproto3%2Fdata_row.go,"['@@ -63,10 +63,8 @@', '@@ -79,9 +77,7 @@']"
jackc,pgx,c1b0a01ca75ac9eb3a7dbc1396f583ab5dbf9557,pgproto3/describe.go,https://github.com/jackc/pgx/raw/adbb38f298c76e283ffc7c7a3f571036fea47fd4/pgproto3%2Fdescribe.go,"['@@ -4,8 +4,6 @@', '@@ -37,18 +35,12 @@']"
jackc,pgx,c1b0a01ca75ac9eb3a7dbc1396f583ab5dbf9557,pgproto3/empty_query_response.go,https://github.com/jackc/pgx/raw/adbb38f298c76e283ffc7c7a3f571036fea47fd4/pgproto3%2Fempty_query_response.go,[]
jackc,pgx,c1b0a01ca75ac9eb3a7dbc1396f583ab5dbf9557,pgproto3/error_response.go,https://github.com/jackc/pgx/raw/adbb38f298c76e283ffc7c7a3f571036fea47fd4/pgproto3%2Ferror_response.go,"['@@ -111,119 +110,113 @@']"
jackc,pgx,c1b0a01ca75ac9eb3a7dbc1396f583ab5dbf9557,pgproto3/example/pgfortune/server.go,https://github.com/jackc/pgx/raw/adbb38f298c76e283ffc7c7a3f571036fea47fd4/pgproto3%2Fexample%2Fpgfortune%2Fserver.go,"['@@ -102,3 +102,10 @@']"
jackc,pgx,c1b0a01ca75ac9eb3a7dbc1396f583ab5dbf9557,pgproto3/execute.go,https://github.com/jackc/pgx/raw/adbb38f298c76e283ffc7c7a3f571036fea47fd4/pgproto3%2Fexecute.go,"['@@ -36,19 +36,12 @@']"
jackc,pgx,c1b0a01ca75ac9eb3a7dbc1396f583ab5dbf9557,pgproto3/flush.go,https://github.com/jackc/pgx/raw/adbb38f298c76e283ffc7c7a3f571036fea47fd4/pgproto3%2Fflush.go,[]
jackc,pgx,c1b0a01ca75ac9eb3a7dbc1396f583ab5dbf9557,pgproto3/frontend.go,https://github.com/jackc/pgx/raw/adbb38f298c76e283ffc7c7a3f571036fea47fd4/pgproto3%2Ffrontend.go,"['@@ -64,23 +65,39 @@', '@@ -116,71 +133,141 @@']"
jackc,pgx,c1b0a01ca75ac9eb3a7dbc1396f583ab5dbf9557,pgproto3/function_call.go,https://github.com/jackc/pgx/raw/adbb38f298c76e283ffc7c7a3f571036fea47fd4/pgproto3%2Ffunction_call.go,"['@@ -71,10 +71,8 @@']"
jackc,pgx,c1b0a01ca75ac9eb3a7dbc1396f583ab5dbf9557,pgproto3/function_call_response.go,https://github.com/jackc/pgx/raw/adbb38f298c76e283ffc7c7a3f571036fea47fd4/pgproto3%2Ffunction_call_response.go,"['@@ -39,10 +39,8 @@', '@@ -51,9 +49,7 @@']"
jackc,pgx,c1b0a01ca75ac9eb3a7dbc1396f583ab5dbf9557,pgproto3/function_call_test.go,https://github.com/jackc/pgx/raw/adbb38f298c76e283ffc7c7a3f571036fea47fd4/pgproto3%2Ffunction_call_test.go,"['@@ -4,6 +4,8 @@']"
jackc,pgx,c1b0a01ca75ac9eb3a7dbc1396f583ab5dbf9557,pgproto3/gss_enc_request.go,https://github.com/jackc/pgx/raw/adbb38f298c76e283ffc7c7a3f571036fea47fd4/pgproto3%2Fgss_enc_request.go,[]
jackc,pgx,c1b0a01ca75ac9eb3a7dbc1396f583ab5dbf9557,pgproto3/gss_response.go,https://github.com/jackc/pgx/raw/adbb38f298c76e283ffc7c7a3f571036fea47fd4/pgproto3%2Fgss_response.go,"['@@ -2,8 +2,6 @@']"
jackc,pgx,c1b0a01ca75ac9eb3a7dbc1396f583ab5dbf9557,pgproto3/no_data.go,https://github.com/jackc/pgx/raw/adbb38f298c76e283ffc7c7a3f571036fea47fd4/pgproto3%2Fno_data.go,[]
jackc,pgx,c1b0a01ca75ac9eb3a7dbc1396f583ab5dbf9557,pgproto3/notice_response.go,https://github.com/jackc/pgx/raw/adbb38f298c76e283ffc7c7a3f571036fea47fd4/pgproto3%2Fnotice_response.go,"['@@ -12,6 +12,8 @@']"
jackc,pgx,c1b0a01ca75ac9eb3a7dbc1396f583ab5dbf9557,pgproto3/notification_response.go,https://github.com/jackc/pgx/raw/adbb38f298c76e283ffc7c7a3f571036fea47fd4/pgproto3%2Fnotification_response.go,"['@@ -45,20 +45,14 @@']"
jackc,pgx,c1b0a01ca75ac9eb3a7dbc1396f583ab5dbf9557,pgproto3/parameter_description.go,https://github.com/jackc/pgx/raw/adbb38f298c76e283ffc7c7a3f571036fea47fd4/pgproto3%2Fparameter_description.go,"['@@ -39,19 +39,15 @@']"
jackc,pgx,c1b0a01ca75ac9eb3a7dbc1396f583ab5dbf9557,pgproto3/parameter_status.go,https://github.com/jackc/pgx/raw/adbb38f298c76e283ffc7c7a3f571036fea47fd4/pgproto3%2Fparameter_status.go,"['@@ -3,8 +3,6 @@', '@@ -37,19 +35,13 @@']"
jackc,pgx,c1b0a01ca75ac9eb3a7dbc1396f583ab5dbf9557,pgproto3/parse.go,https://github.com/jackc/pgx/raw/adbb38f298c76e283ffc7c7a3f571036fea47fd4/pgproto3%2Fparse.go,"['@@ -52,10 +52,8 @@', '@@ -67,9 +65,7 @@']"
jackc,pgx,c1b0a01ca75ac9eb3a7dbc1396f583ab5dbf9557,pgproto3/parse_complete.go,https://github.com/jackc/pgx/raw/adbb38f298c76e283ffc7c7a3f571036fea47fd4/pgproto3%2Fparse_complete.go,[]
jackc,pgx,c1b0a01ca75ac9eb3a7dbc1396f583ab5dbf9557,pgproto3/password_message.go,https://github.com/jackc/pgx/raw/adbb38f298c76e283ffc7c7a3f571036fea47fd4/pgproto3%2Fpassword_message.go,"['@@ -3,8 +3,6 @@', '@@ -32,14 +30,11 @@']"
jackc,pgx,c1b0a01ca75ac9eb3a7dbc1396f583ab5dbf9557,pgproto3/pgproto3.go,https://github.com/jackc/pgx/raw/adbb38f298c76e283ffc7c7a3f571036fea47fd4/pgproto3%2Fpgproto3.go,"['@@ -4,8 +4,14 @@', '@@ -92,3 +98,23 @@']"
jackc,pgx,c1b0a01ca75ac9eb3a7dbc1396f583ab5dbf9557,pgproto3/pgproto3_private_test.go,https://github.com/jackc/pgx/raw/adbb38f298c76e283ffc7c7a3f571036fea47fd4/pgproto3%2Fpgproto3_private_test.go,"['@@ -0,0 +1,3 @@']"
jackc,pgx,c1b0a01ca75ac9eb3a7dbc1396f583ab5dbf9557,pgproto3/portal_suspended.go,https://github.com/jackc/pgx/raw/adbb38f298c76e283ffc7c7a3f571036fea47fd4/pgproto3%2Fportal_suspended.go,[]
jackc,pgx,c1b0a01ca75ac9eb3a7dbc1396f583ab5dbf9557,pgproto3/query.go,https://github.com/jackc/pgx/raw/adbb38f298c76e283ffc7c7a3f571036fea47fd4/pgproto3%2Fquery.go,"['@@ -3,8 +3,6 @@', '@@ -28,14 +26,11 @@']"
jackc,pgx,c1b0a01ca75ac9eb3a7dbc1396f583ab5dbf9557,pgproto3/query_test.go,https://github.com/jackc/pgx/raw/adbb38f298c76e283ffc7c7a3f571036fea47fd4/pgproto3%2Fquery_test.go,"['@@ -0,0 +1,20 @@']"
jackc,pgx,c1b0a01ca75ac9eb3a7dbc1396f583ab5dbf9557,pgproto3/ready_for_query.go,https://github.com/jackc/pgx/raw/adbb38f298c76e283ffc7c7a3f571036fea47fd4/pgproto3%2Fready_for_query.go,[]
jackc,pgx,c1b0a01ca75ac9eb3a7dbc1396f583ab5dbf9557,pgproto3/row_description.go,https://github.com/jackc/pgx/raw/adbb38f298c76e283ffc7c7a3f571036fea47fd4/pgproto3%2Frow_description.go,"['@@ -99,10 +99,8 @@', '@@ -117,9 +115,7 @@']"
jackc,pgx,c1b0a01ca75ac9eb3a7dbc1396f583ab5dbf9557,pgproto3/sasl_initial_response.go,https://github.com/jackc/pgx/raw/adbb38f298c76e283ffc7c7a3f571036fea47fd4/pgproto3%2Fsasl_initial_response.go,"['@@ -39,20 +39,16 @@']"
jackc,pgx,c1b0a01ca75ac9eb3a7dbc1396f583ab5dbf9557,pgproto3/sasl_response.go,https://github.com/jackc/pgx/raw/adbb38f298c76e283ffc7c7a3f571036fea47fd4/pgproto3%2Fsasl_response.go,"['@@ -3,8 +3,6 @@', '@@ -22,13 +20,10 @@']"
jackc,pgx,c1b0a01ca75ac9eb3a7dbc1396f583ab5dbf9557,pgproto3/ssl_request.go,https://github.com/jackc/pgx/raw/adbb38f298c76e283ffc7c7a3f571036fea47fd4/pgproto3%2Fssl_request.go,[]
jackc,pgx,c1b0a01ca75ac9eb3a7dbc1396f583ab5dbf9557,pgproto3/startup_message.go,https://github.com/jackc/pgx/raw/adbb38f298c76e283ffc7c7a3f571036fea47fd4/pgproto3%2Fstartup_message.go,"['@@ -77,9 +77,7 @@']"
jackc,pgx,c1b0a01ca75ac9eb3a7dbc1396f583ab5dbf9557,pgproto3/sync.go,https://github.com/jackc/pgx/raw/adbb38f298c76e283ffc7c7a3f571036fea47fd4/pgproto3%2Fsync.go,[]
jackc,pgx,c1b0a01ca75ac9eb3a7dbc1396f583ab5dbf9557,pgproto3/terminate.go,https://github.com/jackc/pgx/raw/adbb38f298c76e283ffc7c7a3f571036fea47fd4/pgproto3%2Fterminate.go,[]
jackc,pgx,20344dfae83e672eff73a03324398543a1d87f43,internal/sanitize/sanitize.go,https://github.com/jackc/pgx/raw/c543134753a0c5d22881c12404025724cb05ffd8/internal%2Fsanitize%2Fsanitize.go,"['@@ -63,6 +63,10 @@']"
jackc,pgx,20344dfae83e672eff73a03324398543a1d87f43,internal/sanitize/sanitize_test.go,https://github.com/jackc/pgx/raw/c543134753a0c5d22881c12404025724cb05ffd8/internal%2Fsanitize%2Fsanitize_test.go,"['@@ -132,47 +132,57 @@']"
jackc,pgx,826a89229b8b1cdf18e4190afa437d3df9901b9c,internal/sanitize/sanitize.go,https://github.com/jackc/pgx/raw/f94eb0e2f96782042c96801b5ac448f44f0a81df/internal%2Fsanitize%2Fsanitize.go,"['@@ -44,18 +44,8 @@', '@@ -68,6 +58,10 @@']"
jackc,pgx,826a89229b8b1cdf18e4190afa437d3df9901b9c,internal/sanitize/sanitize_test.go,https://github.com/jackc/pgx/raw/f94eb0e2f96782042c96801b5ac448f44f0a81df/internal%2Fsanitize%2Fsanitize_test.go,[]
pterodactyl,wings,27f3e76c7752f2fea6204b8f0eca8f85eb4e9793,config/config.go,https://github.com/pterodactyl/wings/raw/d1c0ca526007113a0f74f56eba99511b4e989287/config%2Fconfig.go,"['@@ -209,6 +211,8 @@', '@@ -671,3 +675,34 @@']"
pterodactyl,wings,27f3e76c7752f2fea6204b8f0eca8f85eb4e9793,internal/ufs/doc.go,https://github.com/pterodactyl/wings/raw/d1c0ca526007113a0f74f56eba99511b4e989287/internal%2Fufs%2Fdoc.go,"['@@ -0,0 +1,12 @@']"
pterodactyl,wings,27f3e76c7752f2fea6204b8f0eca8f85eb4e9793,internal/ufs/error.go,https://github.com/pterodactyl/wings/raw/d1c0ca526007113a0f74f56eba99511b4e989287/internal%2Fufs%2Ferror.go,"['@@ -0,0 +1,120 @@']"
pterodactyl,wings,27f3e76c7752f2fea6204b8f0eca8f85eb4e9793,internal/ufs/file.go,https://github.com/pterodactyl/wings/raw/d1c0ca526007113a0f74f56eba99511b4e989287/internal%2Fufs%2Ffile.go,"['@@ -0,0 +1,179 @@']"
pterodactyl,wings,27f3e76c7752f2fea6204b8f0eca8f85eb4e9793,internal/ufs/file_posix.go,https://github.com/pterodactyl/wings/raw/d1c0ca526007113a0f74f56eba99511b4e989287/internal%2Fufs%2Ffile_posix.go,"['@@ -0,0 +1,49 @@']"
pterodactyl,wings,27f3e76c7752f2fea6204b8f0eca8f85eb4e9793,internal/ufs/filesystem.go,https://github.com/pterodactyl/wings/raw/d1c0ca526007113a0f74f56eba99511b4e989287/internal%2Fufs%2Ffilesystem.go,"['@@ -0,0 +1,168 @@']"
pterodactyl,wings,27f3e76c7752f2fea6204b8f0eca8f85eb4e9793,internal/ufs/fs_quota.go,https://github.com/pterodactyl/wings/raw/d1c0ca526007113a0f74f56eba99511b4e989287/internal%2Fufs%2Ffs_quota.go,"['@@ -0,0 +1,159 @@']"
pterodactyl,wings,27f3e76c7752f2fea6204b8f0eca8f85eb4e9793,internal/ufs/fs_unix.go,https://github.com/pterodactyl/wings/raw/d1c0ca526007113a0f74f56eba99511b4e989287/internal%2Fufs%2Ffs_unix.go,"['@@ -0,0 +1,825 @@']"
pterodactyl,wings,27f3e76c7752f2fea6204b8f0eca8f85eb4e9793,internal/ufs/fs_unix_test.go,https://github.com/pterodactyl/wings/raw/d1c0ca526007113a0f74f56eba99511b4e989287/internal%2Fufs%2Ffs_unix_test.go,"['@@ -0,0 +1,255 @@']"
pterodactyl,wings,27f3e76c7752f2fea6204b8f0eca8f85eb4e9793,internal/ufs/mkdir_unix.go,https://github.com/pterodactyl/wings/raw/d1c0ca526007113a0f74f56eba99511b4e989287/internal%2Fufs%2Fmkdir_unix.go,"['@@ -0,0 +1,67 @@']"
pterodactyl,wings,27f3e76c7752f2fea6204b8f0eca8f85eb4e9793,internal/ufs/path_unix.go,https://github.com/pterodactyl/wings/raw/d1c0ca526007113a0f74f56eba99511b4e989287/internal%2Fufs%2Fpath_unix.go,"['@@ -0,0 +1,80 @@']"
pterodactyl,wings,27f3e76c7752f2fea6204b8f0eca8f85eb4e9793,internal/ufs/quota_writer.go,https://github.com/pterodactyl/wings/raw/d1c0ca526007113a0f74f56eba99511b4e989287/internal%2Fufs%2Fquota_writer.go,"['@@ -0,0 +1,117 @@']"
pterodactyl,wings,27f3e76c7752f2fea6204b8f0eca8f85eb4e9793,internal/ufs/removeall_unix.go,https://github.com/pterodactyl/wings/raw/d1c0ca526007113a0f74f56eba99511b4e989287/internal%2Fufs%2Fremoveall_unix.go,"['@@ -0,0 +1,207 @@']"
pterodactyl,wings,27f3e76c7752f2fea6204b8f0eca8f85eb4e9793,internal/ufs/stat_unix.go,https://github.com/pterodactyl/wings/raw/d1c0ca526007113a0f74f56eba99511b4e989287/internal%2Fufs%2Fstat_unix.go,"['@@ -0,0 +1,67 @@']"
pterodactyl,wings,27f3e76c7752f2fea6204b8f0eca8f85eb4e9793,internal/ufs/walk.go,https://github.com/pterodactyl/wings/raw/d1c0ca526007113a0f74f56eba99511b4e989287/internal%2Fufs%2Fwalk.go,"['@@ -0,0 +1,123 @@']"
pterodactyl,wings,27f3e76c7752f2fea6204b8f0eca8f85eb4e9793,internal/ufs/walk_unix.go,https://github.com/pterodactyl/wings/raw/d1c0ca526007113a0f74f56eba99511b4e989287/internal%2Fufs%2Fwalk_unix.go,"['@@ -0,0 +1,291 @@']"
pterodactyl,wings,27f3e76c7752f2fea6204b8f0eca8f85eb4e9793,parser/helpers.go,https://github.com/pterodactyl/wings/raw/d1c0ca526007113a0f74f56eba99511b4e989287/parser%2Fhelpers.go,"['@@ -2,8 +2,6 @@', '@@ -29,24 +27,14 @@']"
pterodactyl,wings,27f3e76c7752f2fea6204b8f0eca8f85eb4e9793,parser/parser.go,https://github.com/pterodactyl/wings/raw/d1c0ca526007113a0f74f56eba99511b4e989287/parser%2Fparser.go,"['@@ -74,6 +75,26 @@', '@@ -182,56 +204,24 @@', '@@ -291,41 +281,27 @@', '@@ -388,14 +364,24 @@', '@@ -405,14 +391,24 @@', '@@ -443,35 +439,56 @@', '@@ -501,31 +518,29 @@']"
pterodactyl,wings,27f3e76c7752f2fea6204b8f0eca8f85eb4e9793,router/downloader/downloader.go,https://github.com/pterodactyl/wings/raw/d1c0ca526007113a0f74f56eba99511b4e989287/router%2Fdownloader%2Fdownloader.go,"['@@ -167,13 +167,8 @@', '@@ -200,8 +195,10 @@']"
pterodactyl,wings,27f3e76c7752f2fea6204b8f0eca8f85eb4e9793,router/router_download.go,https://github.com/pterodactyl/wings/raw/d1c0ca526007113a0f74f56eba99511b4e989287/router%2Frouter_download.go,"['@@ -45,6 +45,8 @@', '@@ -76,27 +78,19 @@']"
pterodactyl,wings,27f3e76c7752f2fea6204b8f0eca8f85eb4e9793,router/router_server.go,https://github.com/pterodactyl/wings/raw/d1c0ca526007113a0f74f56eba99511b4e989287/router%2Frouter_server.go,[]
pterodactyl,wings,27f3e76c7752f2fea6204b8f0eca8f85eb4e9793,router/router_server_files.go,https://github.com/pterodactyl/wings/raw/d1c0ca526007113a0f74f56eba99511b4e989287/router%2Frouter_server_files.go,"['@@ -239,7 +238,15 @@', '@@ -589,15 +596,9 @@']"
pterodactyl,wings,27f3e76c7752f2fea6204b8f0eca8f85eb4e9793,router/router_transfer.go,https://github.com/pterodactyl/wings/raw/d1c0ca526007113a0f74f56eba99511b4e989287/router%2Frouter_transfer.go,[]
pterodactyl,wings,27f3e76c7752f2fea6204b8f0eca8f85eb4e9793,server/backup.go,https://github.com/pterodactyl/wings/raw/d1c0ca526007113a0f74f56eba99511b4e989287/server%2Fbackup.go,"['@@ -154,17 +154,14 @@']"
pterodactyl,wings,27f3e76c7752f2fea6204b8f0eca8f85eb4e9793,server/backup/backup.go,https://github.com/pterodactyl/wings/raw/d1c0ca526007113a0f74f56eba99511b4e989287/server%2Fbackup%2Fbackup.go,[]
pterodactyl,wings,27f3e76c7752f2fea6204b8f0eca8f85eb4e9793,server/backup/backup_local.go,https://github.com/pterodactyl/wings/raw/d1c0ca526007113a0f74f56eba99511b4e989287/server%2Fbackup%2Fbackup_local.go,[]
pterodactyl,wings,27f3e76c7752f2fea6204b8f0eca8f85eb4e9793,server/backup/backup_s3.go,https://github.com/pterodactyl/wings/raw/d1c0ca526007113a0f74f56eba99511b4e989287/server%2Fbackup%2Fbackup_s3.go,[]
pterodactyl,wings,27f3e76c7752f2fea6204b8f0eca8f85eb4e9793,server/config_parser.go,https://github.com/pterodactyl/wings/raw/d1c0ca526007113a0f74f56eba99511b4e989287/server%2Fconfig_parser.go,"['@@ -4,9 +4,11 @@']"
pterodactyl,wings,27f3e76c7752f2fea6204b8f0eca8f85eb4e9793,server/filesystem/archive.go,https://github.com/pterodactyl/wings/raw/d1c0ca526007113a0f74f56eba99511b4e989287/server%2Ffilesystem%2Farchive.go,"['@@ -57,14 +56,16 @@', '@@ -73,11 +74,18 @@', '@@ -98,14 +106,19 @@', '@@ -130,107 +143,100 @@']"
pterodactyl,wings,27f3e76c7752f2fea6204b8f0eca8f85eb4e9793,server/filesystem/archive_test.go,https://github.com/pterodactyl/wings/raw/d1c0ca526007113a0f74f56eba99511b4e989287/server%2Ffilesystem%2Farchive_test.go,"['@@ -20,43 +20,34 @@']"
pterodactyl,wings,27f3e76c7752f2fea6204b8f0eca8f85eb4e9793,server/filesystem/compress.go,https://github.com/pterodactyl/wings/raw/d1c0ca526007113a0f74f56eba99511b4e989287/server%2Ffilesystem%2Fcompress.go,"['@@ -5,15 +5,17 @@', '@@ -25,46 +27,69 @@', '@@ -76,24 +101,15 @@', '@@ -122,23 +138,7 @@', '@@ -190,34 +189,31 @@']"
pterodactyl,wings,27f3e76c7752f2fea6204b8f0eca8f85eb4e9793,server/filesystem/compress_test.go,https://github.com/pterodactyl/wings/raw/d1c0ca526007113a0f74f56eba99511b4e989287/server%2Ffilesystem%2Fcompress_test.go,"['@@ -47,9 +48,7 @@']"
pterodactyl,wings,27f3e76c7752f2fea6204b8f0eca8f85eb4e9793,server/filesystem/disk_space.go,https://github.com/pterodactyl/wings/raw/d1c0ca526007113a0f74f56eba99511b4e989287/server%2Ffilesystem%2Fdisk_space.go,"['@@ -149,88 +151,52 @@']"
pterodactyl,wings,27f3e76c7752f2fea6204b8f0eca8f85eb4e9793,server/filesystem/errors.go,https://github.com/pterodactyl/wings/raw/d1c0ca526007113a0f74f56eba99511b4e989287/server%2Ffilesystem%2Ferrors.go,[]
pterodactyl,wings,27f3e76c7752f2fea6204b8f0eca8f85eb4e9793,server/filesystem/filesystem.go,https://github.com/pterodactyl/wings/raw/d1c0ca526007113a0f74f56eba99511b4e989287/server%2Ffilesystem%2Ffilesystem.go,"['@@ -1,291 +1,264 @@', '@@ -322,53 +294,68 @@', '@@ -380,211 +367,128 @@']"
pterodactyl,wings,27f3e76c7752f2fea6204b8f0eca8f85eb4e9793,server/filesystem/filesystem_test.go,https://github.com/pterodactyl/wings/raw/d1c0ca526007113a0f74f56eba99511b4e989287/server%2Ffilesystem%2Ffilesystem_test.go,"['@@ -28,15 +29,23 @@', '@@ -69,19 +78,7 @@', '@@ -200,10 +198,7 @@', '@@ -454,10 +449,7 @@', '@@ -608,14 +600,11 @@']"
pterodactyl,wings,27f3e76c7752f2fea6204b8f0eca8f85eb4e9793,server/filesystem/path.go,https://github.com/pterodactyl/wings/raw/d1c0ca526007113a0f74f56eba99511b4e989287/server%2Ffilesystem%2Fpath.go,"['@@ -1,71 +1,28 @@', '@@ -84,51 +41,3 @@']"
pterodactyl,wings,27f3e76c7752f2fea6204b8f0eca8f85eb4e9793,server/filesystem/path_test.go,https://github.com/pterodactyl/wings/raw/d1c0ca526007113a0f74f56eba99511b4e989287/server%2Ffilesystem%2Fpath_test.go,"['@@ -8,6 +8,8 @@', '@@ -21,80 +23,6 @@']"
pterodactyl,wings,27f3e76c7752f2fea6204b8f0eca8f85eb4e9793,server/filesystem/stat.go,https://github.com/pterodactyl/wings/raw/d1c0ca526007113a0f74f56eba99511b4e989287/server%2Ffilesystem%2Fstat.go,"['@@ -1,16 +1,18 @@', '@@ -31,47 +33,52 @@']"
pterodactyl,wings,27f3e76c7752f2fea6204b8f0eca8f85eb4e9793,server/filesystem/stat_darwin.go,https://github.com/pterodactyl/wings/raw/27f3e76c7752f2fea6204b8f0eca8f85eb4e9793/server%2Ffilesystem%2Fstat_darwin.go,"['@@ -1,13 +0,0 @@']"
pterodactyl,wings,27f3e76c7752f2fea6204b8f0eca8f85eb4e9793,server/filesystem/stat_linux.go,https://github.com/pterodactyl/wings/raw/d1c0ca526007113a0f74f56eba99511b4e989287/server%2Ffilesystem%2Fstat_linux.go,"['@@ -3,12 +3,22 @@']"
pterodactyl,wings,27f3e76c7752f2fea6204b8f0eca8f85eb4e9793,server/filesystem/stat_windows.go,https://github.com/pterodactyl/wings/raw/27f3e76c7752f2fea6204b8f0eca8f85eb4e9793/server%2Ffilesystem%2Fstat_windows.go,"['@@ -1,12 +0,0 @@']"
pterodactyl,wings,27f3e76c7752f2fea6204b8f0eca8f85eb4e9793,server/install.go,https://github.com/pterodactyl/wings/raw/d1c0ca526007113a0f74f56eba99511b4e989287/server%2Finstall.go,"['@@ -218,30 +217,18 @@']"
pterodactyl,wings,27f3e76c7752f2fea6204b8f0eca8f85eb4e9793,server/manager.go,https://github.com/pterodactyl/wings/raw/d1c0ca526007113a0f74f56eba99511b4e989287/server%2Fmanager.go,"['@@ -196,7 +196,10 @@']"
pterodactyl,wings,27f3e76c7752f2fea6204b8f0eca8f85eb4e9793,server/transfer/archive.go,https://github.com/pterodactyl/wings/raw/d1c0ca526007113a0f74f56eba99511b4e989287/server%2Ftransfer%2Farchive.go,[]
pterodactyl,wings,27f3e76c7752f2fea6204b8f0eca8f85eb4e9793,sftp/handler.go,https://github.com/pterodactyl/wings/raw/d1c0ca526007113a0f74f56eba99511b4e989287/sftp%2Fhandler.go,"['@@ -220,16 +219,8 @@', '@@ -274,16 +265,12 @@']"
fluid-cloudnative,fluid,68ea529409ccd26c9cd6dab413795cbd18de1f52,pkg/ddc/juicefs/operations/base.go,https://github.com/fluid-cloudnative/fluid/raw/02b7cd8b79a26092df95d625664994bda485c722/pkg%2Fddc%2Fjuicefs%2Foperations%2Fbase.go,"['@@ -264,9 +263,15 @@']"
fluid-cloudnative,fluid,68ea529409ccd26c9cd6dab413795cbd18de1f52,pkg/ddc/juicefs/operations/base_test.go,https://github.com/fluid-cloudnative/fluid/raw/02b7cd8b79a26092df95d625664994bda485c722/pkg%2Fddc%2Fjuicefs%2Foperations%2Fbase_test.go,[]
fluid-cloudnative,fluid,68ea529409ccd26c9cd6dab413795cbd18de1f52,pkg/ddc/juicefs/transform.go,https://github.com/fluid-cloudnative/fluid/raw/02b7cd8b79a26092df95d625664994bda485c722/pkg%2Fddc%2Fjuicefs%2Ftransform.go,"['@@ -202,26 +203,38 @@']"
fluid-cloudnative,fluid,68ea529409ccd26c9cd6dab413795cbd18de1f52,pkg/ddc/juicefs/transform_fuse.go,https://github.com/fluid-cloudnative/fluid/raw/02b7cd8b79a26092df95d625664994bda485c722/pkg%2Fddc%2Fjuicefs%2Ftransform_fuse.go,"['@@ -355,7 +356,13 @@', '@@ -374,11 +381,17 @@']"
fluid-cloudnative,fluid,68ea529409ccd26c9cd6dab413795cbd18de1f52,pkg/ddc/juicefs/ufs_test.go,https://github.com/fluid-cloudnative/fluid/raw/02b7cd8b79a26092df95d625664994bda485c722/pkg%2Fddc%2Fjuicefs%2Fufs_test.go,[]
fluid-cloudnative,fluid,68ea529409ccd26c9cd6dab413795cbd18de1f52,pkg/utils/security/escape.go,https://github.com/fluid-cloudnative/fluid/raw/02b7cd8b79a26092df95d625664994bda485c722/pkg%2Futils%2Fsecurity%2Fescape.go,"['@@ -0,0 +1,63 @@']"
fluid-cloudnative,fluid,68ea529409ccd26c9cd6dab413795cbd18de1f52,pkg/utils/security/escape_test.go,https://github.com/fluid-cloudnative/fluid/raw/02b7cd8b79a26092df95d625664994bda485c722/pkg%2Futils%2Fsecurity%2Fescape_test.go,"['@@ -0,0 +1,41 @@']"
fluid-cloudnative,fluid,86371688efc0ffe40ff893b43657ae60a73612b0,pkg/ddc/juicefs/operations/base.go,https://github.com/fluid-cloudnative/fluid/raw/e0184cff8790ad000c3e8943392c7f544fad7d66/pkg%2Fddc%2Fjuicefs%2Foperations%2Fbase.go,"['@@ -281,9 +280,15 @@']"
fluid-cloudnative,fluid,86371688efc0ffe40ff893b43657ae60a73612b0,pkg/ddc/juicefs/operations/base_test.go,https://github.com/fluid-cloudnative/fluid/raw/e0184cff8790ad000c3e8943392c7f544fad7d66/pkg%2Fddc%2Fjuicefs%2Foperations%2Fbase_test.go,[]
fluid-cloudnative,fluid,86371688efc0ffe40ff893b43657ae60a73612b0,pkg/ddc/juicefs/transform_fuse.go,https://github.com/fluid-cloudnative/fluid/raw/e0184cff8790ad000c3e8943392c7f544fad7d66/pkg%2Fddc%2Fjuicefs%2Ftransform_fuse.go,"['@@ -326,8 +327,20 @@', '@@ -347,14 +360,26 @@']"
fluid-cloudnative,fluid,86371688efc0ffe40ff893b43657ae60a73612b0,pkg/ddc/juicefs/ufs_test.go,https://github.com/fluid-cloudnative/fluid/raw/e0184cff8790ad000c3e8943392c7f544fad7d66/pkg%2Fddc%2Fjuicefs%2Fufs_test.go,[]
fluid-cloudnative,fluid,86371688efc0ffe40ff893b43657ae60a73612b0,pkg/utils/security/escape.go,https://github.com/fluid-cloudnative/fluid/raw/e0184cff8790ad000c3e8943392c7f544fad7d66/pkg%2Futils%2Fsecurity%2Fescape.go,"['@@ -0,0 +1,63 @@']"
fluid-cloudnative,fluid,86371688efc0ffe40ff893b43657ae60a73612b0,pkg/utils/security/escape_test.go,https://github.com/fluid-cloudnative/fluid/raw/e0184cff8790ad000c3e8943392c7f544fad7d66/pkg%2Futils%2Fsecurity%2Fescape_test.go,"['@@ -0,0 +1,41 @@']"
authzed,spicedb,57206a183beb805d025aa8bbea5255b2104b178c,internal/dispatch/graph/dispatch_test.go,https://github.com/authzed/spicedb/raw/ef443c442b96909694390324a99849b0407007fe/internal%2Fdispatch%2Fgraph%2Fdispatch_test.go,"['@@ -0,0 +1,99 @@']"
authzed,spicedb,57206a183beb805d025aa8bbea5255b2104b178c,pkg/genutil/slicez/chunking.go,https://github.com/authzed/spicedb/raw/ef443c442b96909694390324a99849b0407007fe/pkg%2Fgenutil%2Fslicez%2Fchunking.go,[]
authzed,spicedb,57206a183beb805d025aa8bbea5255b2104b178c,pkg/genutil/slicez/chunking_test.go,https://github.com/authzed/spicedb/raw/ef443c442b96909694390324a99849b0407007fe/pkg%2Fgenutil%2Fslicez%2Fchunking_test.go,"['@@ -2,23 +2,28 @@', '@@ -29,3 +34,49 @@']"
IceWhaleTech,CasaOS-UserService,4d2b65e34c6d01800273009d60756205c08cb0c3,route/v1/user.go,https://github.com/IceWhaleTech/CasaOS-UserService/raw/3f4558e23c0a9958f9a0e20aabc64aa8fd51840e/route%2Fv1%2Fuser.go,"['@@ -667,6 +668,16 @@']"
go-vela,worker,02a0a980bbe988514adc2caf2d6396a35bd241b4,executor/linux/build.go,https://github.com/go-vela/worker/raw/e1572743b008e4fbce31ebb1dcd23bf6a1a30297/executor%2Flinux%2Fbuild.go,"['@@ -199,8 +199,12 @@', '@@ -797,8 +802,12 @@', '@@ -836,6 +845,13 @@']"
go-vela,worker,02a0a980bbe988514adc2caf2d6396a35bd241b4,executor/linux/linux.go,https://github.com/go-vela/worker/raw/e1572743b008e4fbce31ebb1dcd23bf6a1a30297/executor%2Flinux%2Flinux.go,"['@@ -118,6 +120,9 @@']"
go-vela,worker,02a0a980bbe988514adc2caf2d6396a35bd241b4,executor/linux/secret.go,https://github.com/go-vela/worker/raw/e1572743b008e4fbce31ebb1dcd23bf6a1a30297/executor%2Flinux%2Fsecret.go,"['@@ -67,6 +67,13 @@']"
go-vela,worker,02a0a980bbe988514adc2caf2d6396a35bd241b4,executor/linux/service.go,https://github.com/go-vela/worker/raw/e1572743b008e4fbce31ebb1dcd23bf6a1a30297/executor%2Flinux%2Fservice.go,"['@@ -55,6 +55,13 @@']"
go-vela,worker,02a0a980bbe988514adc2caf2d6396a35bd241b4,executor/linux/step.go,https://github.com/go-vela/worker/raw/e1572743b008e4fbce31ebb1dcd23bf6a1a30297/executor%2Flinux%2Fstep.go,"['@@ -65,6 +65,13 @@']"
stacklok,minder,5fd0f742d4e9d5b5673f09f431ab639f427a4098,internal/controlplane/handlers_artifacts.go,https://github.com/mindersec/minder/raw/45750b4e9fb2de33365758366e06c19e999bd2eb/internal%2Fcontrolplane%2Fhandlers_artifacts.go,"['@@ -71,10 +71,14 @@']"
stacklok,minder,5fd0f742d4e9d5b5673f09f431ab639f427a4098,internal/controlplane/handlers_repositories.go,https://github.com/mindersec/minder/raw/45750b4e9fb2de33365758366e06c19e999bd2eb/internal%2Fcontrolplane%2Fhandlers_repositories.go,"['@@ -274,8 +274,12 @@', '@@ -352,8 +356,12 @@']"
stacklok,minder,5fd0f742d4e9d5b5673f09f431ab639f427a4098,internal/db/repositories.sql.go,https://github.com/mindersec/minder/raw/45750b4e9fb2de33365758366e06c19e999bd2eb/internal%2Fdb%2Frepositories.sql.go,"['@@ -188,17 +188,23 @@']"
stacklok,minder,5fd0f742d4e9d5b5673f09f431ab639f427a4098,internal/db/repositories_test.go,https://github.com/mindersec/minder/raw/45750b4e9fb2de33365758366e06c19e999bd2eb/internal%2Fdb%2Frepositories_test.go,"['@@ -129,7 +129,11 @@']"
kubewarden,kubewarden-controller,04225f42041d50559f1ab1c4b61ee41356a9c87d,api/policies/v1/admissionpolicygroup_types.go,https://github.com/kubewarden/kubewarden-controller/raw/51a88dfbb4c090ce0f76a22d98106518e0824d0b/api%2Fpolicies%2Fv1%2Fadmissionpolicygroup_types.go,"['@@ -75,11 +75,7 @@', '@@ -91,8 +87,17 @@']"
kubewarden,kubewarden-controller,04225f42041d50559f1ab1c4b61ee41356a9c87d,api/policies/v1/clusteradmissionpolicygroup_types.go,https://github.com/kubewarden/kubewarden-controller/raw/51a88dfbb4c090ce0f76a22d98106518e0824d0b/api%2Fpolicies%2Fv1%2Fclusteradmissionpolicygroup_types.go,"['@@ -22,9 +22,19 @@']"
kubewarden,kubewarden-controller,04225f42041d50559f1ab1c4b61ee41356a9c87d,api/policies/v1/factories.go,https://github.com/kubewarden/kubewarden-controller/raw/51a88dfbb4c090ce0f76a22d98106518e0824d0b/api%2Fpolicies%2Fv1%2Ffactories.go,"['@@ -314,12 +314,14 @@', '@@ -353,12 +355,16 @@', '@@ -413,13 +419,15 @@']"
kubewarden,kubewarden-controller,04225f42041d50559f1ab1c4b61ee41356a9c87d,api/policies/v1/policy.go,https://github.com/kubewarden/kubewarden-controller/raw/51a88dfbb4c090ce0f76a22d98106518e0824d0b/api%2Fpolicies%2Fv1%2Fpolicy.go,[]
kubewarden,kubewarden-controller,04225f42041d50559f1ab1c4b61ee41356a9c87d,api/policies/v1/policy_types.go,https://github.com/kubewarden/kubewarden-controller/raw/51a88dfbb4c090ce0f76a22d98106518e0824d0b/api%2Fpolicies%2Fv1%2Fpolicy_types.go,"['@@ -170,6 +170,12 @@', '@@ -302,6 +308,10 @@']"
kubewarden,kubewarden-controller,04225f42041d50559f1ab1c4b61ee41356a9c87d,api/policies/v1/policygroup_validation.go,https://github.com/kubewarden/kubewarden-controller/raw/51a88dfbb4c090ce0f76a22d98106518e0824d0b/api%2Fpolicies%2Fv1%2Fpolicygroup_validation.go,[]
kubewarden,kubewarden-controller,04225f42041d50559f1ab1c4b61ee41356a9c87d,api/policies/v1/policygroup_validation_test.go,https://github.com/kubewarden/kubewarden-controller/raw/51a88dfbb4c090ce0f76a22d98106518e0824d0b/api%2Fpolicies%2Fv1%2Fpolicygroup_validation_test.go,"['@@ -21,15 +21,21 @@', '@@ -44,15 +50,21 @@', '@@ -67,15 +79,21 @@', '@@ -90,15 +108,21 @@', '@@ -134,15 +158,21 @@', '@@ -171,10 +201,12 @@', '@@ -189,10 +221,12 @@', '@@ -207,10 +241,12 @@', '@@ -225,10 +261,12 @@', '@@ -243,13 +281,17 @@', '@@ -264,13 +306,17 @@']"
kubewarden,kubewarden-controller,04225f42041d50559f1ab1c4b61ee41356a9c87d,api/policies/v1/zz_generated.deepcopy.go,https://github.com/kubewarden/kubewarden-controller/raw/51a88dfbb4c090ce0f76a22d98106518e0824d0b/api%2Fpolicies%2Fv1%2Fzz_generated.deepcopy.go,"['@@ -344,64 +344,45 @@', '@@ -440,6 +421,101 @@']"
kubewarden,kubewarden-controller,04225f42041d50559f1ab1c4b61ee41356a9c87d,internal/controller/policyserver_controller_configmap.go,https://github.com/kubewarden/kubewarden-controller/raw/51a88dfbb4c090ce0f76a22d98106518e0824d0b/internal%2Fcontroller%2Fpolicyserver_controller_configmap.go,[]
kubewarden,kubewarden-controller,04225f42041d50559f1ab1c4b61ee41356a9c87d,internal/controller/policyserver_controller_test.go,https://github.com/kubewarden/kubewarden-controller/raw/51a88dfbb4c090ce0f76a22d98106518e0824d0b/internal%2Fcontroller%2Fpolicyserver_controller_test.go,"['@@ -276,9 +276,11 @@', '@@ -287,7 +289,9 @@']"
notaryproject,notation-go,0a9ff2a2e200ab9bf756d188f84607a83346d4a6,example_signWithTimestmap_test.go,https://github.com/notaryproject/notation-go/raw/e7005a6d13e5ba472d4e166fbb085152f909e102/example_signWithTimestmap_test.go,"['@@ -21,6 +21,8 @@', '@@ -77,12 +79,21 @@']"
notaryproject,notation-go,0a9ff2a2e200ab9bf756d188f84607a83346d4a6,notation.go,https://github.com/notaryproject/notation-go/raw/e7005a6d13e5ba472d4e166fbb085152f909e102/notation.go,"['@@ -67,6 +68,11 @@']"
notaryproject,notation-go,0a9ff2a2e200ab9bf756d188f84607a83346d4a6,signer/signer.go,https://github.com/notaryproject/notation-go/raw/e7005a6d13e5ba472d4e166fbb085152f909e102/signer%2Fsigner.go,"['@@ -144,6 +144,12 @@', '@@ -153,12 +159,10 @@']"
notaryproject,notation-go,0a9ff2a2e200ab9bf756d188f84607a83346d4a6,signer/signer_test.go,https://github.com/notaryproject/notation-go/raw/e7005a6d13e5ba472d4e166fbb085152f909e102/signer%2Fsigner_test.go,"['@@ -30,6 +30,8 @@', '@@ -257,6 +259,27 @@']"
notaryproject,notation-go,240181a5ebbfee511f2aaf1394092e9fd93bbd12,example_signWithTimestmap_test.go,https://github.com/notaryproject/notation-go/raw/e99be1954a15673020150c5f8800b8174cd7428d/example_signWithTimestmap_test.go,"['@@ -21,6 +21,8 @@', '@@ -77,12 +79,21 @@']"
notaryproject,notation-go,240181a5ebbfee511f2aaf1394092e9fd93bbd12,notation.go,https://github.com/notaryproject/notation-go/raw/e99be1954a15673020150c5f8800b8174cd7428d/notation.go,"['@@ -69,6 +70,11 @@']"
notaryproject,notation-go,240181a5ebbfee511f2aaf1394092e9fd93bbd12,signer/signer.go,https://github.com/notaryproject/notation-go/raw/e99be1954a15673020150c5f8800b8174cd7428d/signer%2Fsigner.go,"['@@ -143,6 +143,12 @@', '@@ -152,12 +158,10 @@']"
notaryproject,notation-go,240181a5ebbfee511f2aaf1394092e9fd93bbd12,signer/signer_test.go,https://github.com/notaryproject/notation-go/raw/e99be1954a15673020150c5f8800b8174cd7428d/signer%2Fsigner_test.go,"['@@ -30,6 +30,8 @@', '@@ -257,6 +259,27 @@']"
redhat-developer,gitops-operator,1a90683bc278d5a53089a70f69440e79f8397f50,controllers/argocd_metrics_controller.go,https://github.com/redhat-developer/gitops-operator/raw/bc6ac3e03d7c8b3db5d8f1770c868396a4c2dcef/controllers%2Fargocd_metrics_controller.go,"['@@ -109,14 +109,23 @@']"
redhat-developer,gitops-operator,1a90683bc278d5a53089a70f69440e79f8397f50,controllers/argocd_metrics_controller_test.go,https://github.com/redhat-developer/gitops-operator/raw/bc6ac3e03d7c8b3db5d8f1770c868396a4c2dcef/controllers%2Fargocd_metrics_controller_test.go,"['@@ -81,16 +81,19 @@']"
matrix-org,gomatrixserverlib,bf86bc98b879fd13ed6c1f00207f0624d06e72c2,fclient/client.go,https://github.com/matrix-org/gomatrixserverlib/raw/c4f1e01eab0dd435709ad15463ed38a079ad6128/fclient%2Fclient.go,"['@@ -54,13 +55,15 @@', '@@ -82,6 +85,8 @@', '@@ -152,6 +157,15 @@', '@@ -165,15 +179,17 @@', '@@ -195,11 +211,71 @@']"
matrix-org,gomatrixserverlib,bf86bc98b879fd13ed6c1f00207f0624d06e72c2,fclient/dnscache.go,https://github.com/matrix-org/gomatrixserverlib/raw/c4f1e01eab0dd435709ad15463ed38a079ad6128/fclient%2Fdnscache.go,"['@@ -14,14 +14,18 @@']"
matrix-org,gomatrixserverlib,bf86bc98b879fd13ed6c1f00207f0624d06e72c2,fclient/dnscache_test.go,https://github.com/matrix-org/gomatrixserverlib/raw/c4f1e01eab0dd435709ad15463ed38a079ad6128/fclient%2Fdnscache_test.go,[]
charmbracelet,soft-serve,0fb868cb4ee866428bf5c47e3019134531461cc9,pkg/backend/repo.go,https://github.com/charmbracelet/soft-serve/raw/a8d1bf3f9349c138383b65079b7b8ad97fff78f4/pkg%2Fbackend%2Frepo.go,"['@@ -24,10 +25,6 @@', '@@ -330,10 +324,8 @@', '@@ -636,6 +628,13 @@']"
charmbracelet,soft-serve,0fb868cb4ee866428bf5c47e3019134531461cc9,pkg/ssh/cmd/cmd.go,https://github.com/charmbracelet/soft-serve/raw/a8d1bf3f9349c138383b65079b7b8ad97fff78f4/pkg%2Fssh%2Fcmd%2Fcmd.go,[]
charmbracelet,soft-serve,0fb868cb4ee866428bf5c47e3019134531461cc9,pkg/utils/utils.go,https://github.com/charmbracelet/soft-serve/raw/a8d1bf3f9349c138383b65079b7b8ad97fff78f4/pkg%2Futils%2Futils.go,"['@@ -9,12 +9,15 @@']"
notaryproject,notation-go,29912acbfea764a212720e40b599c63519073ee3,internal/file/file.go,https://github.com/notaryproject/notation-go/raw/3c3302258ad510fbca2f8a73731569d91f07d196/internal%2Ffile%2Ffile.go,"['@@ -119,8 +119,15 @@']"
notaryproject,notation-go,29912acbfea764a212720e40b599c63519073ee3,internal/file/file_test.go,https://github.com/notaryproject/notation-go/raw/3c3302258ad510fbca2f8a73731569d91f07d196/internal%2Ffile%2Ffile_test.go,[]
notaryproject,notation-go,29912acbfea764a212720e40b599c63519073ee3,verifier/crl/crl.go,https://github.com/notaryproject/notation-go/raw/3c3302258ad510fbca2f8a73731569d91f07d196/verifier%2Fcrl%2Fcrl.go,[]
imgproxy,imgproxy,09e305c053edc8e8b030fecbaf67f1f4848f5f98,security/source.go,https://github.com/imgproxy/imgproxy/raw/3d4fed6842aa8930ec224d0ad75b0079b858e081/security%2Fsource.go,[]
canonical,snapd,84106089df82cd9a9785f4cd1be6b27c60f92769,overlord/hookstate/ctlcmd/ctlcmd.go,https://github.com/canonical/snapd/raw/68ee9c6aa916ab87dbfd9a26030690f2cabf1e14/overlord%2Fhookstate%2Fctlcmd%2Fctlcmd.go,"['@@ -180,14 +180,36 @@']"
canonical,snapd,84106089df82cd9a9785f4cd1be6b27c60f92769,overlord/hookstate/ctlcmd/ctlcmd_test.go,https://github.com/canonical/snapd/raw/68ee9c6aa916ab87dbfd9a26030690f2cabf1e14/overlord%2Fhookstate%2Fctlcmd%2Fctlcmd_test.go,"['@@ -121,6 +121,13 @@']"
grafana,grafana,8e9e3b8362a3007a726296a8c1a426cca64ab8dd,pkg/services/ngalert/api/tooling/definitions/contact_points.go,https://github.com/grafana/grafana/raw/70073427041e15c353e0d467b714527584765aea/pkg%2Fservices%2Fngalert%2Fapi%2Ftooling%2Fdefinitions%2Fcontact_points.go,[]
grafana,grafana,8e9e3b8362a3007a726296a8c1a426cca64ab8dd,pkg/services/ngalert/notifier/channels_config/available_channels.go,https://github.com/grafana/grafana/raw/70073427041e15c353e0d467b714527584765aea/pkg%2Fservices%2Fngalert%2Fnotifier%2Fchannels_config%2Favailable_channels.go,[]
grafana,grafana,8e9e3b8362a3007a726296a8c1a426cca64ab8dd,pkg/services/ngalert/notifier/channels_config/available_channels_test.go,https://github.com/grafana/grafana/raw/70073427041e15c353e0d467b714527584765aea/pkg%2Fservices%2Fngalert%2Fnotifier%2Fchannels_config%2Favailable_channels_test.go,[]
grafana,grafana,8e9e3b8362a3007a726296a8c1a426cca64ab8dd,pkg/services/ngalert/notifier/receiver_svc.go,https://github.com/grafana/grafana/raw/70073427041e15c353e0d467b714527584765aea/pkg%2Fservices%2Fngalert%2Fnotifier%2Freceiver_svc.go,"['@@ -485,6 +485,14 @@']"
grafana,grafana,8e9e3b8362a3007a726296a8c1a426cca64ab8dd,pkg/services/ngalert/notifier/receiver_svc_test.go,https://github.com/grafana/grafana/raw/70073427041e15c353e0d467b714527584765aea/pkg%2Fservices%2Fngalert%2Fnotifier%2Freceiver_svc_test.go,"['@@ -583,6 +583,44 @@', '@@ -684,8 +722,22 @@']"
argoproj,argo-cd,e4311d830926aba78d6ae1f69d4572df261fba91,test/e2e/mask_secret_values_test.go,https://github.com/argoproj/argo-cd/raw/6f5537bdf15ddbaa0f27a1a678632ff0743e4107/test%2Fe2e%2Fmask_secret_values_test.go,"['@@ -56,3 +57,55 @@']"
argoproj,gitops-engine,d78929e7f6c7e114241e7cbfa5fab14391027a2e,pkg/diff/diff.go,https://github.com/argoproj/gitops-engine/raw/7e21b91e9d0f64104c8a661f3f390c5e6d73ddca/pkg%2Fdiff%2Fdiff.go,"['@@ -843,6 +844,32 @@', '@@ -856,15 +883,6 @@']"
argoproj,gitops-engine,d78929e7f6c7e114241e7cbfa5fab14391027a2e,pkg/diff/diff_test.go,https://github.com/argoproj/gitops-engine/raw/7e21b91e9d0f64104c8a661f3f390c5e6d73ddca/pkg%2Fdiff%2Fdiff_test.go,"['@@ -1044,6 +1044,126 @@']"
argoproj,gitops-engine,d78929e7f6c7e114241e7cbfa5fab14391027a2e,pkg/utils/kube/kube.go,https://github.com/argoproj/gitops-engine/raw/7e21b91e9d0f64104c8a661f3f390c5e6d73ddca/pkg%2Futils%2Fkube%2Fkube.go,"['@@ -205,12 +205,15 @@']"
argoproj,gitops-engine,d78929e7f6c7e114241e7cbfa5fab14391027a2e,pkg/utils/kube/kube_test.go,https://github.com/argoproj/gitops-engine/raw/7e21b91e9d0f64104c8a661f3f390c5e6d73ddca/pkg%2Futils%2Fkube%2Fkube_test.go,"['@@ -74,6 +74,18 @@']"
ethereum,go-ethereum,db93d4988073776ac004a8c372ee6783d41d90f3,crypto/crypto.go,https://github.com/ethereum/go-ethereum/raw/159fb1a1db551c544978dc16a5568a4730b4abf3/crypto%2Fcrypto.go,"['@@ -178,6 +178,9 @@']"
ethereum,go-ethereum,7d0e197def6d50eebb8116e7f2b52f95a90c0aef,crypto/crypto.go,https://github.com/ethereum/go-ethereum/raw/fa9a2ff8687ec9efe57b4b9833d5590d20f8a83f/crypto%2Fcrypto.go,"['@@ -178,6 +178,9 @@']"
updatecli,updatecli,3ca0a05dd67f43de63583274d7a127e2397cdf87,pkg/core/text/main.go,https://github.com/updatecli/updatecli/raw/344b28091ffeca5ed32e8d0f9eda542842fcd3fa/pkg%2Fcore%2Ftext%2Fmain.go,[]
updatecli,updatecli,3ca0a05dd67f43de63583274d7a127e2397cdf87,pkg/plugins/resources/maven/condition.go,https://github.com/updatecli/updatecli/raw/344b28091ffeca5ed32e8d0f9eda542842fcd3fa/pkg%2Fplugins%2Fresources%2Fmaven%2Fcondition.go,[]
updatecli,updatecli,3ca0a05dd67f43de63583274d7a127e2397cdf87,pkg/plugins/resources/maven/source.go,https://github.com/updatecli/updatecli/raw/344b28091ffeca5ed32e8d0f9eda542842fcd3fa/pkg%2Fplugins%2Fresources%2Fmaven%2Fsource.go,[]
updatecli,updatecli,3ca0a05dd67f43de63583274d7a127e2397cdf87,pkg/plugins/resources/maven/utils.go,https://github.com/updatecli/updatecli/raw/344b28091ffeca5ed32e8d0f9eda542842fcd3fa/pkg%2Fplugins%2Fresources%2Fmaven%2Futils.go,"['@@ -4,8 +4,6 @@', '@@ -76,7 +74,5 @@']"
updatecli,updatecli,3ca0a05dd67f43de63583274d7a127e2397cdf87,pkg/plugins/utils/mavenmetadata/main.go,https://github.com/updatecli/updatecli/raw/344b28091ffeca5ed32e8d0f9eda542842fcd3fa/pkg%2Fplugins%2Futils%2Fmavenmetadata%2Fmain.go,[]
git-lfs,git-lfs,f6904cc1228c063be75cc77de83fd9331b6d9b92,creds/creds.go,https://github.com/git-lfs/git-lfs/raw/0345b6f816e611d050c0df67b61f0022916a1c90/creds%2Fcreds.go,"['@@ -58,21 +58,25 @@', '@@ -338,7 +342,10 @@']"
git-lfs,git-lfs,f6904cc1228c063be75cc77de83fd9331b6d9b92,creds/creds_test.go,https://github.com/git-lfs/git-lfs/raw/0345b6f816e611d050c0df67b61f0022916a1c90/creds%2Fcreds_test.go,"['@@ -43,11 +45,24 @@']"
cilium,cilium,b1948e217a4212b81175d8bf763d0ef350fcc96c,daemon/cmd/fqdn.go,https://github.com/cilium/cilium/raw/1971bc684b6b36703ebae0dd7539c623f988a257/daemon%2Fcmd%2Ffqdn.go,[]
cilium,cilium,dc93f3db30859c6e10f11dd24bf8029bf42793d7,pkg/fqdn/dnsproxy/proxy.go,https://github.com/cilium/cilium/raw/b1948e217a4212b81175d8bf763d0ef350fcc96c/pkg%2Ffqdn%2Fdnsproxy%2Fproxy.go,"['@@ -1196,11 +1196,17 @@']"
project-zot,zot,fba695adb96dbdfa344b2934b16cd7108524e6e7,pkg/meta/boltdb/boltdb.go,https://github.com/project-zot/zot/raw/002ac62d8a15bf0cba010b3ba7bde86f9837b613/pkg%2Fmeta%2Fboltdb%2Fboltdb.go,[]
project-zot,zot,fba695adb96dbdfa344b2934b16cd7108524e6e7,pkg/meta/dynamodb/dynamodb.go,https://github.com/project-zot/zot/raw/002ac62d8a15bf0cba010b3ba7bde86f9837b613/pkg%2Fmeta%2Fdynamodb%2Fdynamodb.go,[]
kubewarden,kubewarden-controller,7b8705a7cd4da20823b79b85e6f3e949de492609,api/policies/v1/policy_validation.go,https://github.com/kubewarden/kubewarden-controller/raw/8124039b5f0c955d0ee8c8ca12d4415282f02d2c/api%2Fpolicies%2Fv1%2Fpolicy_validation.go,"['@@ -40,6 +40,41 @@', '@@ -74,6 +109,9 @@', '@@ -85,6 +123,11 @@', '@@ -119,6 +162,57 @@']"
kubewarden,kubewarden-controller,7b8705a7cd4da20823b79b85e6f3e949de492609,api/policies/v1/policy_validation_test.go,https://github.com/kubewarden/kubewarden-controller/raw/8124039b5f0c955d0ee8c8ca12d4415282f02d2c/api%2Fpolicies%2Fv1%2Fpolicy_validation_test.go,"['@@ -23,11 +23,86 @@', '@@ -198,17 +273,104 @@']"
siyuan-note,siyuan,98819ca4c780ab0064a255aa1df0c42c065707ef,kernel/model/history.go,https://github.com/siyuan-note/siyuan/raw/d9887aeec1b27073bec66299a9a4181dc42969f3/kernel%2Fmodel%2Fhistory.go,"['@@ -148,6 +149,13 @@']"
docker,compose,ca734ce565dae69cd3812f693981a5b8a89b0206,cmd/compose/config.go,https://github.com/docker/compose/raw/d239f0f3187a2ed5404c61f83bd5e995c81600ff/cmd%2Fcompose%2Fconfig.go,"['@@ -169,6 +169,13 @@']"
docker,compose,ca734ce565dae69cd3812f693981a5b8a89b0206,pkg/compose/create.go,https://github.com/docker/compose/raw/d239f0f3187a2ed5404c61f83bd5e995c81600ff/pkg%2Fcompose%2Fcreate.go,"['@@ -77,8 +77,13 @@']"
docker,compose,ca734ce565dae69cd3812f693981a5b8a89b0206,pkg/e2e/container_name_test.go,https://github.com/docker/compose/raw/d239f0f3187a2ed5404c61f83bd5e995c81600ff/pkg%2Fe2e%2Fcontainer_name_test.go,"['@@ -0,0 +1,44 @@']"
karmada-io,karmada,f78e7e2a3d02bed04e9bc7abd3ae7b3ac56862d2,pkg/karmadactl/cmdinit/kubernetes/deploy.go,https://github.com/karmada-io/karmada/raw/40ec488b18a461ab0f871d2c9ec8665b361f0d50/pkg%2Fkarmadactl%2Fcmdinit%2Fkubernetes%2Fdeploy.go,"['@@ -381,19 +383,34 @@']"
karmada-io,karmada,f78e7e2a3d02bed04e9bc7abd3ae7b3ac56862d2,pkg/karmadactl/cmdinit/utils/util.go,https://github.com/karmada-io/karmada/raw/40ec488b18a461ab0f871d2c9ec8665b361f0d50/pkg%2Fkarmadactl%2Fcmdinit%2Futils%2Futil.go,"['@@ -157,3 +157,17 @@']"
karmada-io,karmada,f78e7e2a3d02bed04e9bc7abd3ae7b3ac56862d2,pkg/util/validation/validation_test.go,https://github.com/karmada-io/karmada/raw/40ec488b18a461ab0f871d2c9ec8665b361f0d50/pkg%2Futil%2Fvalidation%2Fvalidation_test.go,[]
karmada-io,karmada,8bf37863c5f89845272b0f463ac13048d5ab7d87,operator/pkg/tasks/init/crd.go,https://github.com/karmada-io/karmada/raw/f78e7e2a3d02bed04e9bc7abd3ae7b3ac56862d2/operator%2Fpkg%2Ftasks%2Finit%2Fcrd.go,"['@@ -23,13 +23,15 @@', '@@ -53,6 +55,10 @@', '@@ -154,6 +160,9 @@', '@@ -165,6 +174,29 @@']"
karmada-io,karmada,8bf37863c5f89845272b0f463ac13048d5ab7d87,pkg/util/validation/validation.go,https://github.com/karmada-io/karmada/raw/f78e7e2a3d02bed04e9bc7abd3ae7b3ac56862d2/pkg%2Futil%2Fvalidation%2Fvalidation.go,"['@@ -17,7 +17,13 @@', '@@ -372,3 +378,85 @@']"
karmada-io,karmada,8bf37863c5f89845272b0f463ac13048d5ab7d87,pkg/util/validation/validation_test.go,https://github.com/karmada-io/karmada/raw/f78e7e2a3d02bed04e9bc7abd3ae7b3ac56862d2/pkg%2Futil%2Fvalidation%2Fvalidation_test.go,"['@@ -17,9 +17,12 @@', '@@ -717,3 +720,95 @@']"
karmada-io,karmada,f6056f52559241f4ada7be12b5447beea6ded80d,pkg/karmadactl/cmdinit/bootstraptoken/agent/tlsbootstrap.go,https://github.com/karmada-io/karmada/raw/2c82055c4c7f469411b1ba48c4dba4841df04831/pkg%2Fkarmadactl%2Fcmdinit%2Fbootstraptoken%2Fagent%2Ftlsbootstrap.go,"['@@ -60,7 +60,18 @@', '@@ -75,6 +86,17 @@']"
karmada-io,karmada,f6056f52559241f4ada7be12b5447beea6ded80d,pkg/karmadactl/cmdinit/karmada/deploy.go,https://github.com/karmada-io/karmada/raw/2c82055c4c7f469411b1ba48c4dba4841df04831/pkg%2Fkarmadactl%2Fcmdinit%2Fkarmada%2Fdeploy.go,[]
karmada-io,karmada,f6056f52559241f4ada7be12b5447beea6ded80d,pkg/karmadactl/cmdinit/karmada/rbac.go,https://github.com/karmada-io/karmada/raw/2c82055c4c7f469411b1ba48c4dba4841df04831/pkg%2Fkarmadactl%2Fcmdinit%2Fkarmada%2Frbac.go,"['@@ -62,78 +63,28 @@']"
karmada-io,karmada,f6056f52559241f4ada7be12b5447beea6ded80d,pkg/karmadactl/cmdinit/karmada/rbac_test.go,https://github.com/karmada-io/karmada/raw/2c82055c4c7f469411b1ba48c4dba4841df04831/pkg%2Fkarmadactl%2Fcmdinit%2Fkarmada%2Frbac_test.go,[]
karmada-io,karmada,f6056f52559241f4ada7be12b5447beea6ded80d,pkg/karmadactl/register/register.go,https://github.com/karmada-io/karmada/raw/2c82055c4c7f469411b1ba48c4dba4841df04831/pkg%2Fkarmadactl%2Fregister%2Fregister.go,"['@@ -82,9 +81,11 @@', '@@ -260,6 +261,9 @@', '@@ -288,6 +292,8 @@', '@@ -358,53 +364,107 @@', '@@ -505,11 +565,316 @@', '@@ -519,8 +884,6 @@', '@@ -547,35 +910,45 @@', '@@ -588,6 +961,11 @@', '@@ -1070,3 +1448,7 @@']"
karmada-io,karmada,f6056f52559241f4ada7be12b5447beea6ded80d,pkg/karmadactl/unregister/unregister.go,https://github.com/karmada-io/karmada/raw/2c82055c4c7f469411b1ba48c4dba4841df04831/pkg%2Fkarmadactl%2Funregister%2Funregister.go,"['@@ -135,6 +135,9 @@', '@@ -157,6 +160,8 @@', '@@ -303,30 +308,67 @@', '@@ -350,29 +392,12 @@']"
karmada-io,karmada,f6056f52559241f4ada7be12b5447beea6ded80d,pkg/karmadactl/unregister/unregister_test.go,https://github.com/karmada-io/karmada/raw/2c82055c4c7f469411b1ba48c4dba4841df04831/pkg%2Fkarmadactl%2Funregister%2Funregister_test.go,[]
karmada-io,karmada,f6056f52559241f4ada7be12b5447beea6ded80d,pkg/karmadactl/util/work.go,https://github.com/karmada-io/karmada/raw/2c82055c4c7f469411b1ba48c4dba4841df04831/pkg%2Fkarmadactl%2Futil%2Fwork.go,"['@@ -0,0 +1,55 @@']"
karmada-io,karmada,f6056f52559241f4ada7be12b5447beea6ded80d,pkg/util/rbac.go,https://github.com/karmada-io/karmada/raw/2c82055c4c7f469411b1ba48c4dba4841df04831/pkg%2Futil%2Frbac.go,"['@@ -191,3 +191,49 @@']"
MicahParks,jwkset,ce57ded280d99191ea54e3c4c5460c58207c3bbf,http_test.go,https://github.com/MicahParks/jwkset/raw/01db49a90f7f20c7fb39a699a2f19a7a5f379ed3/http_test.go,"['@@ -144,6 +145,119 @@']"
MicahParks,jwkset,ce57ded280d99191ea54e3c4c5460c58207c3bbf,storage.go,https://github.com/MicahParks/jwkset/raw/01db49a90f7f20c7fb39a699a2f19a7a5f379ed3/storage.go,"['@@ -72,7 +72,12 @@', '@@ -203,11 +208,6 @@', '@@ -238,10 +238,7 @@']"
h44z,wg-portal,378252ba2f54553e8b05338b373bc367755fc801,cmd/wg-portal/main.go,https://github.com/h44z/wg-portal/raw/62dbdfe0f96045d46e121d509fc181fbb7936895/cmd%2Fwg-portal%2Fmain.go,[]
h44z,wg-portal,378252ba2f54553e8b05338b373bc367755fc801,internal/app/auth/auth.go,https://github.com/h44z/wg-portal/raw/62dbdfe0f96045d46e121d509fc181fbb7936895/internal%2Fapp%2Fauth%2Fauth.go,"['@@ -33,14 +32,21 @@', '@@ -187,8 +193,13 @@', '@@ -262,7 +274,10 @@', '@@ -318,8 +333,10 @@', '@@ -333,7 +350,13 @@', '@@ -349,7 +372,12 @@']"
h44z,wg-portal,378252ba2f54553e8b05338b373bc367755fc801,internal/config/auth.go,https://github.com/h44z/wg-portal/raw/62dbdfe0f96045d46e121d509fc181fbb7936895/internal%2Fconfig%2Fauth.go,"['@@ -93,8 +92,6 @@', '@@ -105,10 +102,6 @@']"
h44z,wg-portal,378252ba2f54553e8b05338b373bc367755fc801,internal/config/config.go,https://github.com/h44z/wg-portal/raw/62dbdfe0f96045d46e121d509fc181fbb7936895/internal%2Fconfig%2Fconfig.go,"['@@ -104,8 +104,6 @@']"
argoproj,argo-cd,e4311d830926aba78d6ae1f69d4572df261fba91,test/e2e/mask_secret_values_test.go,https://github.com/argoproj/argo-cd/raw/6f5537bdf15ddbaa0f27a1a678632ff0743e4107/test%2Fe2e%2Fmask_secret_values_test.go,"['@@ -56,3 +57,55 @@']"
argoproj,gitops-engine,d78929e7f6c7e114241e7cbfa5fab14391027a2e,pkg/diff/diff.go,https://github.com/argoproj/gitops-engine/raw/7e21b91e9d0f64104c8a661f3f390c5e6d73ddca/pkg%2Fdiff%2Fdiff.go,"['@@ -843,6 +844,32 @@', '@@ -856,15 +883,6 @@']"
argoproj,gitops-engine,d78929e7f6c7e114241e7cbfa5fab14391027a2e,pkg/diff/diff_test.go,https://github.com/argoproj/gitops-engine/raw/7e21b91e9d0f64104c8a661f3f390c5e6d73ddca/pkg%2Fdiff%2Fdiff_test.go,"['@@ -1044,6 +1044,126 @@']"
argoproj,gitops-engine,d78929e7f6c7e114241e7cbfa5fab14391027a2e,pkg/utils/kube/kube.go,https://github.com/argoproj/gitops-engine/raw/7e21b91e9d0f64104c8a661f3f390c5e6d73ddca/pkg%2Futils%2Fkube%2Fkube.go,"['@@ -205,12 +205,15 @@']"
argoproj,gitops-engine,d78929e7f6c7e114241e7cbfa5fab14391027a2e,pkg/utils/kube/kube_test.go,https://github.com/argoproj/gitops-engine/raw/7e21b91e9d0f64104c8a661f3f390c5e6d73ddca/pkg%2Futils%2Fkube%2Fkube_test.go,"['@@ -74,6 +74,18 @@']"
cometbft,cometbft,481e46477a1445749b08067feb1bf009443f3d54,internal/blocksync/pool.go,https://github.com/cometbft/cometbft/raw/0ee80cd609c7ae9fe856bdd1c6d38553fdae90ce/internal%2Fblocksync%2Fpool.go,"['@@ -355,11 +355,21 @@']"
cometbft,cometbft,481e46477a1445749b08067feb1bf009443f3d54,internal/blocksync/pool_test.go,https://github.com/cometbft/cometbft/raw/0ee80cd609c7ae9fe856bdd1c6d38553fdae90ce/internal%2Fblocksync%2Fpool_test.go,"['@@ -393,3 +394,122 @@']"
cometbft,cometbft,68f79b1b093aa38057c2af2cfde136e8588f4d83,blocksync/pool.go,https://github.com/cometbft/cometbft/raw/2cebfde06ae5073c0b296a9d2ca6ab4b95397ea5/blocksync%2Fpool.go,"['@@ -371,11 +371,21 @@']"
cometbft,cometbft,68f79b1b093aa38057c2af2cfde136e8588f4d83,blocksync/pool_test.go,https://github.com/cometbft/cometbft/raw/2cebfde06ae5073c0b296a9d2ca6ab4b95397ea5/blocksync%2Fpool_test.go,"['@@ -387,3 +388,122 @@']"
hashicorp-forge,hermes,ced8f53c5fb431215abc31f4c09222c2e2981c6f,internal/auth/oktaalb/oktaalb.go,https://github.com/hashicorp-forge/hermes/raw/e36d479616099bd0c8dfde6786ea671f112d9106/internal%2Fauth%2Foktaalb%2Foktaalb.go,"['@@ -37,6 +37,9 @@', '@@ -72,6 +75,10 @@', '@@ -96,6 +103,15 @@']"
hashicorp-forge,hermes,ced8f53c5fb431215abc31f4c09222c2e2981c6f,internal/cmd/commands/server/server.go,https://github.com/hashicorp-forge/hermes/raw/e36d479616099bd0c8dfde6786ea671f112d9106/internal%2Fcmd%2Fcommands%2Fserver%2Fserver.go,"['@@ -144,6 +144,9 @@', '@@ -193,6 +196,10 @@']"
clidey,whodb,3f6fcab0c56b3ff429950f90f0e398820ca33369,core/src/plugins/sqlite3/db.go,https://github.com/clidey/whodb/raw/547336ac73c8d17929c18c3941c0d5b0099753cc/core%2Fsrc%2Fplugins%2Fsqlite3%2Fdb.go,"['@@ -24,6 +24,9 @@']"
rancher,rancher,6174057818ff373a46a521ea2be544fb89ab419f,pkg/auth/providers/saml/saml_actions.go,https://github.com/rancher/rancher/raw/4b885322eaf9995a1054bb46e019841653dc0d10/pkg%2Fauth%2Fproviders%2Fsaml%2Fsaml_actions.go,[]
rancher,rancher,6174057818ff373a46a521ea2be544fb89ab419f,pkg/auth/providers/saml/saml_client.go,https://github.com/rancher/rancher/raw/4b885322eaf9995a1054bb46e019841653dc0d10/pkg%2Fauth%2Fproviders%2Fsaml%2Fsaml_client.go,"['@@ -267,20 +268,26 @@', '@@ -495,3 +500,28 @@']"
rancher,rancher,6174057818ff373a46a521ea2be544fb89ab419f,pkg/auth/providers/saml/saml_client_test.go,https://github.com/rancher/rancher/raw/4b885322eaf9995a1054bb46e019841653dc0d10/pkg%2Fauth%2Fproviders%2Fsaml%2Fsaml_client_test.go,"['@@ -0,0 +1,142 @@']"
rancher,rancher,6174057818ff373a46a521ea2be544fb89ab419f,pkg/auth/providers/saml/saml_handlers.go,https://github.com/rancher/rancher/raw/4b885322eaf9995a1054bb46e019841653dc0d10/pkg%2Fauth%2Fproviders%2Fsaml%2Fsaml_handlers.go,"['@@ -13,6 +13,8 @@', '@@ -92,6 +94,9 @@']"
rancher,rancher,6174057818ff373a46a521ea2be544fb89ab419f,pkg/auth/providers/saml/saml_handlers_test.go,https://github.com/rancher/rancher/raw/4b885322eaf9995a1054bb46e019841653dc0d10/pkg%2Fauth%2Fproviders%2Fsaml%2Fsaml_handlers_test.go,"['@@ -0,0 +1,55 @@']"
rancher,rancher,6174057818ff373a46a521ea2be544fb89ab419f,pkg/auth/providers/saml/saml_provider.go,https://github.com/rancher/rancher/raw/4b885322eaf9995a1054bb46e019841653dc0d10/pkg%2Fauth%2Fproviders%2Fsaml%2Fsaml_provider.go,[]
rancher,rancher,c00c7e0f1a3a5f956ae600b2d0d293357f161284,pkg/auth/providers/saml/saml_actions.go,https://github.com/rancher/rancher/raw/cda77b743788feb8df8aedf9fd409ed0916a8723/pkg%2Fauth%2Fproviders%2Fsaml%2Fsaml_actions.go,[]
rancher,rancher,c00c7e0f1a3a5f956ae600b2d0d293357f161284,pkg/auth/providers/saml/saml_client.go,https://github.com/rancher/rancher/raw/cda77b743788feb8df8aedf9fd409ed0916a8723/pkg%2Fauth%2Fproviders%2Fsaml%2Fsaml_client.go,"['@@ -267,20 +268,26 @@', '@@ -495,3 +500,28 @@']"
rancher,rancher,c00c7e0f1a3a5f956ae600b2d0d293357f161284,pkg/auth/providers/saml/saml_client_test.go,https://github.com/rancher/rancher/raw/cda77b743788feb8df8aedf9fd409ed0916a8723/pkg%2Fauth%2Fproviders%2Fsaml%2Fsaml_client_test.go,"['@@ -0,0 +1,142 @@']"
rancher,rancher,c00c7e0f1a3a5f956ae600b2d0d293357f161284,pkg/auth/providers/saml/saml_handlers.go,https://github.com/rancher/rancher/raw/cda77b743788feb8df8aedf9fd409ed0916a8723/pkg%2Fauth%2Fproviders%2Fsaml%2Fsaml_handlers.go,"['@@ -13,6 +13,8 @@', '@@ -92,6 +94,9 @@']"
rancher,rancher,c00c7e0f1a3a5f956ae600b2d0d293357f161284,pkg/auth/providers/saml/saml_handlers_test.go,https://github.com/rancher/rancher/raw/cda77b743788feb8df8aedf9fd409ed0916a8723/pkg%2Fauth%2Fproviders%2Fsaml%2Fsaml_handlers_test.go,"['@@ -0,0 +1,55 @@']"
rancher,rancher,c00c7e0f1a3a5f956ae600b2d0d293357f161284,pkg/auth/providers/saml/saml_provider.go,https://github.com/rancher/rancher/raw/cda77b743788feb8df8aedf9fd409ed0916a8723/pkg%2Fauth%2Fproviders%2Fsaml%2Fsaml_provider.go,[]
rancher,rancher,1951f8590c2ae5f89c8ed83a3167a33c420eb462,pkg/auth/providers/saml/saml_actions.go,https://github.com/rancher/rancher/raw/f36b896a99441985a1658e1b8c504d77e52fee4f/pkg%2Fauth%2Fproviders%2Fsaml%2Fsaml_actions.go,[]
rancher,rancher,1951f8590c2ae5f89c8ed83a3167a33c420eb462,pkg/auth/providers/saml/saml_client.go,https://github.com/rancher/rancher/raw/f36b896a99441985a1658e1b8c504d77e52fee4f/pkg%2Fauth%2Fproviders%2Fsaml%2Fsaml_client.go,"['@@ -358,12 +358,7 @@', '@@ -373,9 +368,20 @@', '@@ -588,3 +592,28 @@']"
rancher,rancher,1951f8590c2ae5f89c8ed83a3167a33c420eb462,pkg/auth/providers/saml/saml_client_test.go,https://github.com/rancher/rancher/raw/f36b896a99441985a1658e1b8c504d77e52fee4f/pkg%2Fauth%2Fproviders%2Fsaml%2Fsaml_client_test.go,"['@@ -0,0 +1,142 @@']"
rancher,rancher,1951f8590c2ae5f89c8ed83a3167a33c420eb462,pkg/auth/providers/saml/saml_handlers.go,https://github.com/rancher/rancher/raw/f36b896a99441985a1658e1b8c504d77e52fee4f/pkg%2Fauth%2Fproviders%2Fsaml%2Fsaml_handlers.go,"['@@ -13,6 +13,8 @@', '@@ -124,6 +126,9 @@']"
rancher,rancher,1951f8590c2ae5f89c8ed83a3167a33c420eb462,pkg/auth/providers/saml/saml_handlers_test.go,https://github.com/rancher/rancher/raw/f36b896a99441985a1658e1b8c504d77e52fee4f/pkg%2Fauth%2Fproviders%2Fsaml%2Fsaml_handlers_test.go,"['@@ -0,0 +1,56 @@']"
rancher,rancher,1951f8590c2ae5f89c8ed83a3167a33c420eb462,pkg/auth/providers/saml/saml_provider.go,https://github.com/rancher/rancher/raw/f36b896a99441985a1658e1b8c504d77e52fee4f/pkg%2Fauth%2Fproviders%2Fsaml%2Fsaml_provider.go,[]
rancher,rancher,6c0876e68bc76dece911e4d74854e75528c5f246,pkg/auth/providers/publicapi/store.go,https://github.com/rancher/rancher/raw/5c7aded42509ae526383bb296138e8ea0dff9d13/pkg%2Fauth%2Fproviders%2Fpublicapi%2Fstore.go,"['@@ -1,14 +1,11 @@', '@@ -68,19 +65,6 @@']"
rancher,rancher,6c0876e68bc76dece911e4d74854e75528c5f246,pkg/schemas/management.cattle.io/v3public/public_schema.go,https://github.com/rancher/rancher/raw/5c7aded42509ae526383bb296138e8ea0dff9d13/pkg%2Fschemas%2Fmanagement.cattle.io%2Fv3public%2Fpublic_schema.go,[]
rancher,rancher,181579266342ff544b2a1411b709d16041483b46,pkg/auth/providers/publicapi/store.go,https://github.com/rancher/rancher/raw/92d55b799ac172734106569b61ca87bbd5affcb2/pkg%2Fauth%2Fproviders%2Fpublicapi%2Fstore.go,"['@@ -1,14 +1,11 @@', '@@ -68,19 +65,6 @@']"
rancher,rancher,181579266342ff544b2a1411b709d16041483b46,pkg/schemas/management.cattle.io/v3public/public_schema.go,https://github.com/rancher/rancher/raw/92d55b799ac172734106569b61ca87bbd5affcb2/pkg%2Fschemas%2Fmanagement.cattle.io%2Fv3public%2Fpublic_schema.go,[]
rancher,rancher,613da70688c868e1848bba00c681cd3ebfeed005,pkg/auth/providers/publicapi/store.go,https://github.com/rancher/rancher/raw/a263bf3466717ee4bab802d499a5a167d274813d/pkg%2Fauth%2Fproviders%2Fpublicapi%2Fstore.go,"['@@ -1,14 +1,11 @@', '@@ -68,19 +65,6 @@']"
rancher,rancher,613da70688c868e1848bba00c681cd3ebfeed005,pkg/schemas/management.cattle.io/v3public/public_schema.go,https://github.com/rancher/rancher/raw/a263bf3466717ee4bab802d499a5a167d274813d/pkg%2Fschemas%2Fmanagement.cattle.io%2Fv3public%2Fpublic_schema.go,[]
rancher,rancher,b9694bff55fb8473ae51b217611e19de3d322008,pkg/auth/providers/publicapi/store.go,https://github.com/rancher/rancher/raw/de3ffa88cc75ae3da122bd36a4489663b5157ee3/pkg%2Fauth%2Fproviders%2Fpublicapi%2Fstore.go,"['@@ -1,14 +1,11 @@', '@@ -68,19 +65,6 @@']"
rancher,rancher,b9694bff55fb8473ae51b217611e19de3d322008,pkg/schemas/management.cattle.io/v3public/public_schema.go,https://github.com/rancher/rancher/raw/de3ffa88cc75ae3da122bd36a4489663b5157ee3/pkg%2Fschemas%2Fmanagement.cattle.io%2Fv3public%2Fpublic_schema.go,[]
rancher,rancher,a263bf3466717ee4bab802d499a5a167d274813d,pkg/auth/providers/publicapi/store.go,https://github.com/rancher/rancher/raw/2481630c4a5a75d81eb69d10d7558ea833395a1e/pkg%2Fauth%2Fproviders%2Fpublicapi%2Fstore.go,"['@@ -1,6 +1,8 @@', '@@ -79,27 +81,17 @@']"
rancher,rancher,a263bf3466717ee4bab802d499a5a167d274813d,pkg/client/generated/management/v3public/zz_generated_auth_token.go,https://github.com/rancher/rancher/raw/2481630c4a5a75d81eb69d10d7558ea833395a1e/pkg%2Fclient%2Fgenerated%2Fmanagement%2Fv3public%2Fzz_generated_auth_token.go,"['@@ -1,9 +1,5 @@', '@@ -31,92 +26,3 @@']"
rancher,rancher,a263bf3466717ee4bab802d499a5a167d274813d,pkg/client/generated/management/v3public/zz_generated_client.go,https://github.com/rancher/rancher/raw/2481630c4a5a75d81eb69d10d7558ea833395a1e/pkg%2Fclient%2Fgenerated%2Fmanagement%2Fv3public%2Fzz_generated_client.go,[]
rancher,rancher,a263bf3466717ee4bab802d499a5a167d274813d,pkg/schemas/management.cattle.io/v3public/public_schema.go,https://github.com/rancher/rancher/raw/2481630c4a5a75d81eb69d10d7558ea833395a1e/pkg%2Fschemas%2Fmanagement.cattle.io%2Fv3public%2Fpublic_schema.go,[]
rancher,rancher,9514f0cec492c355c215bf620f1ae72d973f6ead,pkg/auth/providers/publicapi/store.go,https://github.com/rancher/rancher/raw/bedd911b9b321436faa2d9e20a161f6ac396aa74/pkg%2Fauth%2Fproviders%2Fpublicapi%2Fstore.go,"['@@ -1,6 +1,8 @@', '@@ -79,27 +81,17 @@']"
rancher,rancher,9514f0cec492c355c215bf620f1ae72d973f6ead,pkg/client/generated/management/v3public/zz_generated_auth_token.go,https://github.com/rancher/rancher/raw/bedd911b9b321436faa2d9e20a161f6ac396aa74/pkg%2Fclient%2Fgenerated%2Fmanagement%2Fv3public%2Fzz_generated_auth_token.go,"['@@ -1,9 +1,5 @@', '@@ -31,92 +26,3 @@']"
rancher,rancher,9514f0cec492c355c215bf620f1ae72d973f6ead,pkg/client/generated/management/v3public/zz_generated_client.go,https://github.com/rancher/rancher/raw/bedd911b9b321436faa2d9e20a161f6ac396aa74/pkg%2Fclient%2Fgenerated%2Fmanagement%2Fv3public%2Fzz_generated_client.go,[]
rancher,rancher,9514f0cec492c355c215bf620f1ae72d973f6ead,pkg/schemas/management.cattle.io/v3public/public_schema.go,https://github.com/rancher/rancher/raw/bedd911b9b321436faa2d9e20a161f6ac396aa74/pkg%2Fschemas%2Fmanagement.cattle.io%2Fv3public%2Fpublic_schema.go,[]
rancher,rancher,08d677ad191fb6d1bc6ccda1ddf3b2688d8df33a,pkg/auth/providers/publicapi/store.go,https://github.com/rancher/rancher/raw/ceeedb1aa67c319f4873615f19c3f56a66f39706/pkg%2Fauth%2Fproviders%2Fpublicapi%2Fstore.go,"['@@ -1,6 +1,8 @@', '@@ -79,27 +81,17 @@']"
rancher,rancher,08d677ad191fb6d1bc6ccda1ddf3b2688d8df33a,pkg/client/generated/management/v3public/zz_generated_auth_token.go,https://github.com/rancher/rancher/raw/ceeedb1aa67c319f4873615f19c3f56a66f39706/pkg%2Fclient%2Fgenerated%2Fmanagement%2Fv3public%2Fzz_generated_auth_token.go,"['@@ -1,9 +1,5 @@', '@@ -31,92 +26,3 @@']"
rancher,rancher,08d677ad191fb6d1bc6ccda1ddf3b2688d8df33a,pkg/client/generated/management/v3public/zz_generated_client.go,https://github.com/rancher/rancher/raw/ceeedb1aa67c319f4873615f19c3f56a66f39706/pkg%2Fclient%2Fgenerated%2Fmanagement%2Fv3public%2Fzz_generated_client.go,[]
rancher,rancher,08d677ad191fb6d1bc6ccda1ddf3b2688d8df33a,pkg/schemas/management.cattle.io/v3public/public_schema.go,https://github.com/rancher/rancher/raw/ceeedb1aa67c319f4873615f19c3f56a66f39706/pkg%2Fschemas%2Fmanagement.cattle.io%2Fv3public%2Fpublic_schema.go,[]
rancher,rancher,1340eaff5f68dfce2a5a80d7a1fa8809b8cc17e5,pkg/auth/providers/publicapi/store.go,https://github.com/rancher/rancher/raw/dfa034d05a55b5e57990a1f700176dcd8e963dbc/pkg%2Fauth%2Fproviders%2Fpublicapi%2Fstore.go,"['@@ -1,6 +1,8 @@', '@@ -79,27 +81,17 @@']"
rancher,rancher,1340eaff5f68dfce2a5a80d7a1fa8809b8cc17e5,pkg/client/generated/management/v3public/zz_generated_auth_token.go,https://github.com/rancher/rancher/raw/dfa034d05a55b5e57990a1f700176dcd8e963dbc/pkg%2Fclient%2Fgenerated%2Fmanagement%2Fv3public%2Fzz_generated_auth_token.go,"['@@ -1,9 +1,5 @@', '@@ -31,92 +26,3 @@']"
rancher,rancher,1340eaff5f68dfce2a5a80d7a1fa8809b8cc17e5,pkg/client/generated/management/v3public/zz_generated_client.go,https://github.com/rancher/rancher/raw/dfa034d05a55b5e57990a1f700176dcd8e963dbc/pkg%2Fclient%2Fgenerated%2Fmanagement%2Fv3public%2Fzz_generated_client.go,[]
rancher,rancher,1340eaff5f68dfce2a5a80d7a1fa8809b8cc17e5,pkg/schemas/management.cattle.io/v3public/public_schema.go,https://github.com/rancher/rancher/raw/dfa034d05a55b5e57990a1f700176dcd8e963dbc/pkg%2Fschemas%2Fmanagement.cattle.io%2Fv3public%2Fpublic_schema.go,[]
clidey,whodb,547336ac73c8d17929c18c3941c0d5b0099753cc,core/src/engine/plugin.go,https://github.com/clidey/whodb/raw/8d67b767e00552e5eba2b1537179b74bfa662ee1/core%2Fsrc%2Fengine%2Fplugin.go,[]
clidey,whodb,547336ac73c8d17929c18c3941c0d5b0099753cc,core/src/env/env.go,https://github.com/clidey/whodb/raw/8d67b767e00552e5eba2b1537179b74bfa662ee1/core%2Fsrc%2Fenv%2Fenv.go,[]
clidey,whodb,547336ac73c8d17929c18c3941c0d5b0099753cc,core/src/plugins/clickhouse/db.go,https://github.com/clidey/whodb/raw/8d67b767e00552e5eba2b1537179b74bfa662ee1/core%2Fsrc%2Fplugins%2Fclickhouse%2Fdb.go,"['@@ -24,21 +24,38 @@', '@@ -47,27 +64,19 @@']"
clidey,whodb,547336ac73c8d17929c18c3941c0d5b0099753cc,core/src/plugins/elasticsearch/db.go,https://github.com/clidey/whodb/raw/8d67b767e00552e5eba2b1537179b74bfa662ee1/core%2Fsrc%2Fplugins%2Felasticsearch%2Fdb.go,"['@@ -2,6 +2,9 @@', '@@ -10,22 +13,32 @@']"
clidey,whodb,547336ac73c8d17929c18c3941c0d5b0099753cc,core/src/plugins/mongodb/db.go,https://github.com/clidey/whodb/raw/8d67b767e00552e5eba2b1537179b74bfa662ee1/core%2Fsrc%2Fplugins%2Fmongodb%2Fdb.go,"['@@ -3,37 +3,45 @@']"
clidey,whodb,547336ac73c8d17929c18c3941c0d5b0099753cc,core/src/plugins/mysql/db.go,https://github.com/clidey/whodb/raw/8d67b767e00552e5eba2b1537179b74bfa662ee1/core%2Fsrc%2Fplugins%2Fmysql%2Fdb.go,"['@@ -1,45 +1,67 @@']"
clidey,whodb,547336ac73c8d17929c18c3941c0d5b0099753cc,core/src/plugins/postgres/db.go,https://github.com/clidey/whodb/raw/8d67b767e00552e5eba2b1537179b74bfa662ee1/core%2Fsrc%2Fplugins%2Fpostgres%2Fdb.go,"['@@ -11,26 +12,42 @@']"
clidey,whodb,547336ac73c8d17929c18c3941c0d5b0099753cc,core/src/plugins/redis/db.go,https://github.com/clidey/whodb/raw/8d67b767e00552e5eba2b1537179b74bfa662ee1/core%2Fsrc%2Fplugins%2Fredis%2Fdb.go,"['@@ -12,7 +12,10 @@']"
clidey,whodb,547336ac73c8d17929c18c3941c0d5b0099753cc,core/src/src.go,https://github.com/clidey/whodb/raw/8d67b767e00552e5eba2b1537179b74bfa662ee1/core%2Fsrc%2Fsrc.go,[]
usememos,memos,bc97b66f36bcfffedb29e6bc80d95360b14bedfd,plugin/httpgetter/html_meta.go,https://github.com/usememos/memos/raw/f17774cb3b9612495d89576a91ab3480018cb0b6/plugin%2Fhttpgetter%2Fhtml_meta.go,"['@@ -1,16 +1,30 @@', '@@ -110,12 +124,28 @@']"
usememos,memos,bc97b66f36bcfffedb29e6bc80d95360b14bedfd,plugin/httpgetter/html_meta_test.go,https://github.com/usememos/memos/raw/f17774cb3b9612495d89576a91ab3480018cb0b6/plugin%2Fhttpgetter%2Fhtml_meta_test.go,"['@@ -1,6 +1,8 @@', '@@ -17,3 +19,21 @@']"
usememos,memos,2aaaef79f7f31870fc3ecddad2894dc902f63781,plugin/httpgetter/html_meta.go,https://github.com/usememos/memos/raw/f8c973c938742827baaf6665cfe66805dc8e8d02/plugin%2Fhttpgetter%2Fhtml_meta.go,"['@@ -35,6 +36,8 @@', '@@ -96,3 +99,25 @@']"
drakkan,sftpgo,4611d05d7fa1a7effa1d04e0d4eaec36ab4fb5a6,internal/sftpd/internal_test.go,https://github.com/drakkan/sftpgo/raw/b347ab6051f6c501da205c09315fe99cd1fa3ba1/internal%2Fsftpd%2Finternal_test.go,"['@@ -852,15 +852,21 @@', '@@ -2227,3 +2233,43 @@']"
drakkan,sftpgo,4611d05d7fa1a7effa1d04e0d4eaec36ab4fb5a6,internal/sftpd/ssh_cmd.go,https://github.com/drakkan/sftpgo/raw/b347ab6051f6c501da205c09315fe99cd1fa3ba1/internal%2Fsftpd%2Fssh_cmd.go,"['@@ -425,6 +426,10 @@', '@@ -454,6 +459,85 @@']"
mattermost,mattermost-plugin-channel-export,19310a850ed22257fa112521625a6bf954ccc668,server/api.go,https://github.com/mattermost/mattermost-plugin-channel-export/raw/3c052b66207fb734bfc4c948941e7f7522a82550/server%2Fapi.go,"['@@ -143,6 +143,16 @@']"
mattermost,mattermost-plugin-channel-export,19310a850ed22257fa112521625a6bf954ccc668,server/api_test.go,https://github.com/mattermost/mattermost-plugin-channel-export/raw/3c052b66207fb734bfc4c948941e7f7522a82550/server%2Fapi_test.go,"['@@ -138,6 +139,11 @@', '@@ -367,6 +373,11 @@', '@@ -414,6 +425,11 @@', '@@ -464,6 +480,11 @@', '@@ -497,4 +518,105 @@']"
edgelesssys,marblerun,08a4d8b5a58452d138c0beb6583b5151926673bc,api/api.go,https://github.com/edgelesssys/marblerun/raw/e4864f9f1d0f12a4a7d28514da43bcc75603a5b5/api%2Fapi.go,"['@@ -9,7 +9,9 @@', '@@ -159,38 +161,33 @@', '@@ -577,3 +574,30 @@']"
edgelesssys,marblerun,08a4d8b5a58452d138c0beb6583b5151926673bc,api/v1.go,https://github.com/edgelesssys/marblerun/raw/e4864f9f1d0f12a4a7d28514da43bcc75603a5b5/api%2Fv1.go,"['@@ -20,31 +20,6 @@']"
edgelesssys,marblerun,08a4d8b5a58452d138c0beb6583b5151926673bc,api/v2.go,https://github.com/edgelesssys/marblerun/raw/e4864f9f1d0f12a4a7d28514da43bcc75603a5b5/api%2Fv2.go,"['@@ -19,8 +19,11 @@']"
edgelesssys,marblerun,08a4d8b5a58452d138c0beb6583b5151926673bc,cli/internal/cmd/recover.go,https://github.com/edgelesssys/marblerun/raw/e4864f9f1d0f12a4a7d28514da43bcc75603a5b5/cli%2Finternal%2Fcmd%2Frecover.go,"['@@ -7,23 +7,43 @@', '@@ -42,7 +62,22 @@', '@@ -58,3 +93,53 @@']"
edgelesssys,marblerun,08a4d8b5a58452d138c0beb6583b5151926673bc,cli/internal/pkcs11/pkcs11.go,https://github.com/edgelesssys/marblerun/raw/e4864f9f1d0f12a4a7d28514da43bcc75603a5b5/cli%2Finternal%2Fpkcs11%2Fpkcs11.go,"['@@ -16,8 +16,15 @@', '@@ -59,6 +66,39 @@']"
edgelesssys,marblerun,08a4d8b5a58452d138c0beb6583b5151926673bc,cli/internal/pkcs11/pkcs11_integration_test.go,https://github.com/edgelesssys/marblerun/raw/e4864f9f1d0f12a4a7d28514da43bcc75603a5b5/cli%2Finternal%2Fpkcs11%2Fpkcs11_integration_test.go,"['@@ -156,6 +157,91 @@']"
edgelesssys,marblerun,08a4d8b5a58452d138c0beb6583b5151926673bc,coordinator/clientapi/clientapi.go,https://github.com/edgelesssys/marblerun/raw/e4864f9f1d0f12a4a7d28514da43bcc75603a5b5/coordinator%2Fclientapi%2Fclientapi.go,"['@@ -59,9 +59,11 @@', '@@ -275,70 +278,100 @@', '@@ -403,18 +436,15 @@']"
edgelesssys,marblerun,08a4d8b5a58452d138c0beb6583b5151926673bc,coordinator/clientapi/clientapi_test.go,https://github.com/edgelesssys/marblerun/raw/e4864f9f1d0f12a4a7d28514da43bcc75603a5b5/coordinator%2Fclientapi%2Fclientapi_test.go,"['@@ -20,7 +20,9 @@', '@@ -407,21 +409,28 @@', '@@ -431,6 +440,8 @@', '@@ -442,17 +453,21 @@', '@@ -462,51 +477,66 @@', '@@ -515,9 +545,44 @@', '@@ -1244,22 +1309,26 @@', '@@ -1330,19 +1399,26 @@']"
edgelesssys,marblerun,08a4d8b5a58452d138c0beb6583b5151926673bc,coordinator/core/core.go,https://github.com/edgelesssys/marblerun/raw/e4864f9f1d0f12a4a7d28514da43bcc75603a5b5/coordinator%2Fcore%2Fcore.go,"['@@ -610,7 +610,9 @@']"
edgelesssys,marblerun,08a4d8b5a58452d138c0beb6583b5151926673bc,coordinator/core/core_test.go,https://github.com/edgelesssys/marblerun/raw/e4864f9f1d0f12a4a7d28514da43bcc75603a5b5/coordinator%2Fcore%2Fcore_test.go,"['@@ -380,3 +382,11 @@']"
edgelesssys,marblerun,08a4d8b5a58452d138c0beb6583b5151926673bc,coordinator/core/metrics_test.go,https://github.com/edgelesssys/marblerun/raw/e4864f9f1d0f12a4a7d28514da43bcc75603a5b5/coordinator%2Fcore%2Fmetrics_test.go,[]
edgelesssys,marblerun,08a4d8b5a58452d138c0beb6583b5151926673bc,coordinator/recovery/recovery.go,https://github.com/edgelesssys/marblerun/raw/e4864f9f1d0f12a4a7d28514da43bcc75603a5b5/coordinator%2Frecovery%2Frecovery.go,[]
edgelesssys,marblerun,08a4d8b5a58452d138c0beb6583b5151926673bc,coordinator/recovery/single.go,https://github.com/edgelesssys/marblerun/raw/e4864f9f1d0f12a4a7d28514da43bcc75603a5b5/coordinator%2Frecovery%2Fsingle.go,[]
edgelesssys,marblerun,08a4d8b5a58452d138c0beb6583b5151926673bc,coordinator/seal/mocksealer.go,https://github.com/edgelesssys/marblerun/raw/e4864f9f1d0f12a4a7d28514da43bcc75603a5b5/coordinator%2Fseal%2Fmocksealer.go,"['@@ -19,6 +20,11 @@', '@@ -28,17 +34,19 @@']"
edgelesssys,marblerun,08a4d8b5a58452d138c0beb6583b5151926673bc,coordinator/seal/noenclavesealer.go,https://github.com/edgelesssys/marblerun/raw/e4864f9f1d0f12a4a7d28514da43bcc75603a5b5/coordinator%2Fseal%2Fnoenclavesealer.go,"['@@ -29,22 +29,13 @@', '@@ -64,6 +55,25 @@']"
edgelesssys,marblerun,08a4d8b5a58452d138c0beb6583b5151926673bc,coordinator/seal/seal.go,https://github.com/edgelesssys/marblerun/raw/e4864f9f1d0f12a4a7d28514da43bcc75603a5b5/coordinator%2Fseal%2Fseal.go,"['@@ -39,12 +39,15 @@', '@@ -63,38 +66,29 @@', '@@ -105,16 +99,35 @@']"
edgelesssys,marblerun,08a4d8b5a58452d138c0beb6583b5151926673bc,coordinator/server/handler/handler.go,https://github.com/edgelesssys/marblerun/raw/e4864f9f1d0f12a4a7d28514da43bcc75603a5b5/coordinator%2Fserver%2Fhandler%2Fhandler.go,[]
edgelesssys,marblerun,08a4d8b5a58452d138c0beb6583b5151926673bc,coordinator/server/v1/v1.go,https://github.com/edgelesssys/marblerun/raw/e4864f9f1d0f12a4a7d28514da43bcc75603a5b5/coordinator%2Fserver%2Fv1%2Fv1.go,"['@@ -143,40 +142,11 @@']"
edgelesssys,marblerun,08a4d8b5a58452d138c0beb6583b5151926673bc,coordinator/server/v2/types.go,https://github.com/edgelesssys/marblerun/raw/e4864f9f1d0f12a4a7d28514da43bcc75603a5b5/coordinator%2Fserver%2Fv2%2Ftypes.go,"['@@ -73,6 +73,8 @@']"
edgelesssys,marblerun,08a4d8b5a58452d138c0beb6583b5151926673bc,coordinator/server/v2/v2.go,https://github.com/edgelesssys/marblerun/raw/e4864f9f1d0f12a4a7d28514da43bcc75603a5b5/coordinator%2Fserver%2Fv2%2Fv2.go,[]
edgelesssys,marblerun,08a4d8b5a58452d138c0beb6583b5151926673bc,coordinator/store/stdstore/stdstore.go,https://github.com/edgelesssys/marblerun/raw/e4864f9f1d0f12a4a7d28514da43bcc75603a5b5/coordinator%2Fstore%2Fstdstore%2Fstdstore.go,"['@@ -8,16 +8,19 @@', '@@ -113,21 +116,18 @@', '@@ -137,39 +137,42 @@', '@@ -179,28 +182,62 @@', '@@ -236,15 +273,23 @@', '@@ -256,28 +301,55 @@']"
edgelesssys,marblerun,08a4d8b5a58452d138c0beb6583b5151926673bc,coordinator/store/stdstore/stdstore_test.go,https://github.com/edgelesssys/marblerun/raw/e4864f9f1d0f12a4a7d28514da43bcc75603a5b5/coordinator%2Fstore%2Fstdstore%2Fstdstore_test.go,[]
edgelesssys,marblerun,08a4d8b5a58452d138c0beb6583b5151926673bc,coordinator/store/store.go,https://github.com/edgelesssys/marblerun/raw/e4864f9f1d0f12a4a7d28514da43bcc75603a5b5/coordinator%2Fstore%2Fstore.go,"['@@ -18,11 +18,16 @@', '@@ -41,6 +46,17 @@']"
edgelesssys,marblerun,08a4d8b5a58452d138c0beb6583b5151926673bc,test/framework/framework.go,https://github.com/edgelesssys/marblerun/raw/e4864f9f1d0f12a4a7d28514da43bcc75603a5b5/test%2Fframework%2Fframework.go,[]
edgelesssys,marblerun,08a4d8b5a58452d138c0beb6583b5151926673bc,test/integration_test.go,https://github.com/edgelesssys/marblerun/raw/e4864f9f1d0f12a4a7d28514da43bcc75603a5b5/test%2Fintegration_test.go,"['@@ -19,11 +19,14 @@', '@@ -276,6 +279,14 @@', '@@ -284,14 +295,98 @@']"
edgelesssys,marblerun,08a4d8b5a58452d138c0beb6583b5151926673bc,util/util.go,https://github.com/edgelesssys/marblerun/raw/e4864f9f1d0f12a4a7d28514da43bcc75603a5b5/util%2Futil.go,"['@@ -97,6 +98,19 @@']"
cometbft,cometbft,2cebfde06ae5073c0b296a9d2ca6ab4b95397ea5,types/part_set.go,https://github.com/cometbft/cometbft/raw/415c0da223bb7694608913f725fa45bd7a7a46bf/types%2Fpart_set.go,"['@@ -22,6 +22,19 @@', '@@ -37,8 +50,11 @@']"
cometbft,cometbft,2cebfde06ae5073c0b296a9d2ca6ab4b95397ea5,types/part_set_test.go,https://github.com/cometbft/cometbft/raw/415c0da223bb7694608913f725fa45bd7a7a46bf/types%2Fpart_set_test.go,"['@@ -149,6 +150,11 @@']"
cometbft,cometbft,0ee80cd609c7ae9fe856bdd1c6d38553fdae90ce,types/part_set.go,https://github.com/cometbft/cometbft/raw/f943aabc7b9201ea1089ff3381479929435ce424/types%2Fpart_set.go,"['@@ -22,6 +22,19 @@', '@@ -37,8 +50,11 @@']"
cometbft,cometbft,0ee80cd609c7ae9fe856bdd1c6d38553fdae90ce,types/part_set_test.go,https://github.com/cometbft/cometbft/raw/f943aabc7b9201ea1089ff3381479929435ce424/types%2Fpart_set_test.go,"['@@ -149,6 +150,11 @@']"
mattermost,mattermost-plugin-boards,47f29e1bcea11b5b4576c8305e0e0eb5745c37bd,server/api/blocks.go,https://github.com/mattermost/mattermost-plugin-boards/raw/025ce8d363a054473bc002f43f602a4032d38c06/server%2Fapi%2Fblocks.go,"['@@ -250,6 +250,11 @@']"
mattermost,mattermost-plugin-boards,47f29e1bcea11b5b4576c8305e0e0eb5745c37bd,server/app/blocks.go,https://github.com/mattermost/mattermost-plugin-boards/raw/025ce8d363a054473bc002f43f602a4032d38c06/server%2Fapp%2Fblocks.go,"['@@ -62,6 +62,10 @@', '@@ -99,6 +103,12 @@']"
mattermost,mattermost-plugin-boards,47f29e1bcea11b5b4576c8305e0e0eb5745c37bd,server/app/files.go,https://github.com/mattermost/mattermost-plugin-boards/raw/025ce8d363a054473bc002f43f602a4032d38c06/server%2Fapp%2Ffiles.go,"['@@ -202,14 +202,34 @@', '@@ -256,6 +276,11 @@']"
mattermost,mattermost-plugin-boards,47f29e1bcea11b5b4576c8305e0e0eb5745c37bd,server/app/files_test.go,https://github.com/mattermost/mattermost-plugin-boards/raw/025ce8d363a054473bc002f43f602a4032d38c06/server%2Fapp%2Ffiles_test.go,"['@@ -524,7 +524,52 @@', '@@ -553,4 +598,70 @@']"
mattermost,mattermost-plugin-boards,47f29e1bcea11b5b4576c8305e0e0eb5745c37bd,server/app/import.go,https://github.com/mattermost/mattermost-plugin-boards/raw/025ce8d363a054473bc002f43f602a4032d38c06/server%2Fapp%2Fimport.go,"['@@ -208,6 +209,9 @@', '@@ -221,6 +225,9 @@', '@@ -263,6 +270,18 @@', '@@ -287,16 +306,11 @@']"
mattermost,mattermost-plugin-boards,47f29e1bcea11b5b4576c8305e0e0eb5745c37bd,server/model/base.go,https://github.com/mattermost/mattermost-plugin-boards/raw/025ce8d363a054473bc002f43f602a4032d38c06/server%2Fmodel%2Fbase.go,"['@@ -1,8 +1,6 @@']"
mattermost,mattermost-plugin-boards,47f29e1bcea11b5b4576c8305e0e0eb5745c37bd,server/model/block.go,https://github.com/mattermost/mattermost-plugin-boards/raw/025ce8d363a054473bc002f43f602a4032d38c06/server%2Fmodel%2Fblock.go,"['@@ -3,17 +3,23 @@', '@@ -158,6 +164,80 @@']"
mattermost,mattermost-plugin-boards,47f29e1bcea11b5b4576c8305e0e0eb5745c37bd,server/model/block_test.go,https://github.com/mattermost/mattermost-plugin-boards/raw/025ce8d363a054473bc002f43f602a4032d38c06/server%2Fmodel%2Fblock_test.go,"['@@ -307,3 +307,124 @@']"
navidrome,navidrome,70487a09f4e202dce34b3d0253137f25402495d4,persistence/user_repository.go,https://github.com/navidrome/navidrome/raw/09ae41a2da66264c60ef307882362d2e2d8d8b89/persistence%2Fuser_repository.go,"['@@ -50,14 +50,20 @@', '@@ -91,22 +97,29 @@']"
navidrome,navidrome,70487a09f4e202dce34b3d0253137f25402495d4,server/auth.go,https://github.com/navidrome/navidrome/raw/09ae41a2da66264c60ef307882362d2e2d8d8b89/server%2Fauth.go,[]
navidrome,navidrome,70487a09f4e202dce34b3d0253137f25402495d4,server/subsonic/middlewares.go,https://github.com/navidrome/navidrome/raw/09ae41a2da66264c60ef307882362d2e2d8d8b89/server%2Fsubsonic%2Fmiddlewares.go,[]
navidrome,navidrome,70487a09f4e202dce34b3d0253137f25402495d4,server/subsonic/middlewares_test.go,https://github.com/navidrome/navidrome/raw/09ae41a2da66264c60ef307882362d2e2d8d8b89/server%2Fsubsonic%2Fmiddlewares_test.go,"['@@ -2,13 +2,16 @@', '@@ -149,23 +152,134 @@', '@@ -341,6 +455,8 @@']"
navidrome,navidrome,73ccfbd8399024bffba65cf2dfbb558a3eb6e16f,persistence/user_repository.go,https://github.com/navidrome/navidrome/raw/287079a9e409fb6b9708ca384d7daa7b5185c1a0/persistence%2Fuser_repository.go,"['@@ -50,14 +50,20 @@', '@@ -88,22 +94,29 @@']"
navidrome,navidrome,73ccfbd8399024bffba65cf2dfbb558a3eb6e16f,server/auth.go,https://github.com/navidrome/navidrome/raw/287079a9e409fb6b9708ca384d7daa7b5185c1a0/server%2Fauth.go,[]
navidrome,navidrome,73ccfbd8399024bffba65cf2dfbb558a3eb6e16f,server/subsonic/middlewares.go,https://github.com/navidrome/navidrome/raw/287079a9e409fb6b9708ca384d7daa7b5185c1a0/server%2Fsubsonic%2Fmiddlewares.go,"['@@ -88,6 +89,10 @@', '@@ -102,15 +107,20 @@']"
navidrome,navidrome,73ccfbd8399024bffba65cf2dfbb558a3eb6e16f,server/subsonic/middlewares_test.go,https://github.com/navidrome/navidrome/raw/287079a9e409fb6b9708ca384d7daa7b5185c1a0/server%2Fsubsonic%2Fmiddlewares_test.go,"['@@ -2,13 +2,16 @@', '@@ -149,23 +152,134 @@', '@@ -341,6 +455,8 @@']"
plentico,plenti,fff52f8ebb54f3ad99b695ffb9716d86bf118a72,cmd/serve.go,https://github.com/plentico/plenti/raw/c3e72a9ebbc2a03f4b0f3104becbfc25e390cb8e/cmd%2Fserve.go,"['@@ -40,6 +41,9 @@', '@@ -195,16 +199,28 @@', '@@ -213,10 +229,16 @@']"
microsoft,go-crypto-winnative,50d2dfac4b70edb0973bad02b5dd07f9343afd17,cng/tls1prf.go,https://github.com/microsoft/go-crypto-winnative/raw/f49c8e1379ea4b147d5bff1b3be5b0ff45792e41/cng%2Ftls1prf.go,[]
authelia,authelia,37cb14fb898b675bd39bbe8776f8cdf54f8272f3,internal/handlers/handler_firstfactor.go,https://github.com/authelia/authelia/raw/d4a54189aa6563912f9427b96dcb01eacafa785c/internal%2Fhandlers%2Fhandler_firstfactor.go,"['@@ -23,48 +24,61 @@', '@@ -114,34 +128,24 @@']"
authelia,authelia,37cb14fb898b675bd39bbe8776f8cdf54f8272f3,internal/handlers/handler_firstfactor_test.go,https://github.com/authelia/authelia/raw/d4a54189aa6563912f9427b96dcb01eacafa785c/internal%2Fhandlers%2Fhandler_firstfactor_test.go,"['@@ -52,6 +52,11 @@', '@@ -81,6 +86,11 @@', '@@ -107,6 +117,11 @@', '@@ -133,16 +148,6 @@', '@@ -155,11 +160,16 @@', '@@ -264,10 +274,47 @@']"
oxyno-zeta,s3-proxy,01f0c9265791b4f2d17821e3348f525cafb4159d,pkg/s3-proxy/bucket/bucket-req-impl.go,https://github.com/oxyno-zeta/s3-proxy/raw/c611c741ed4872ea3f46232be23bb830f96f9564/pkg%2Fs3-proxy%2Fbucket%2Fbucket-req-impl.go,[]
oxyno-zeta,s3-proxy,01f0c9265791b4f2d17821e3348f525cafb4159d,pkg/s3-proxy/bucket/bucket-req-impl_test.go,https://github.com/oxyno-zeta/s3-proxy/raw/c611c741ed4872ea3f46232be23bb830f96f9564/pkg%2Fs3-proxy%2Fbucket%2Fbucket-req-impl_test.go,[]
oxyno-zeta,s3-proxy,01f0c9265791b4f2d17821e3348f525cafb4159d,pkg/s3-proxy/response-handler/client.go,https://github.com/oxyno-zeta/s3-proxy/raw/c611c741ed4872ea3f46232be23bb830f96f9564/pkg%2Fs3-proxy%2Fresponse-handler%2Fclient.go,"['@@ -2,55 +2,12 @@']"
oxyno-zeta,s3-proxy,01f0c9265791b4f2d17821e3348f525cafb4159d,pkg/s3-proxy/response-handler/error-handlers.go,https://github.com/oxyno-zeta/s3-proxy/raw/c611c741ed4872ea3f46232be23bb830f96f9564/pkg%2Fs3-proxy%2Fresponse-handler%2Ferror-handlers.go,"['@@ -7,9 +7,11 @@']"
oxyno-zeta,s3-proxy,01f0c9265791b4f2d17821e3348f525cafb4159d,pkg/s3-proxy/response-handler/error-handlers_test.go,https://github.com/oxyno-zeta/s3-proxy/raw/c611c741ed4872ea3f46232be23bb830f96f9564/pkg%2Fs3-proxy%2Fresponse-handler%2Ferror-handlers_test.go,[]
oxyno-zeta,s3-proxy,01f0c9265791b4f2d17821e3348f525cafb4159d,pkg/s3-proxy/response-handler/handler.go,https://github.com/oxyno-zeta/s3-proxy/raw/c611c741ed4872ea3f46232be23bb830f96f9564/pkg%2Fs3-proxy%2Fresponse-handler%2Fhandler.go,"['@@ -7,8 +7,10 @@']"
oxyno-zeta,s3-proxy,01f0c9265791b4f2d17821e3348f525cafb4159d,pkg/s3-proxy/response-handler/internal-models.go,https://github.com/oxyno-zeta/s3-proxy/raw/01f0c9265791b4f2d17821e3348f525cafb4159d/pkg%2Fs3-proxy%2Fresponse-handler%2Finternal-models.go,"['@@ -1,51 +0,0 @@']"
oxyno-zeta,s3-proxy,01f0c9265791b4f2d17821e3348f525cafb4159d,pkg/s3-proxy/response-handler/mocks/mock_ResponseHandler.go,https://github.com/oxyno-zeta/s3-proxy/raw/c611c741ed4872ea3f46232be23bb830f96f9564/pkg%2Fs3-proxy%2Fresponse-handler%2Fmocks%2Fmock_ResponseHandler.go,[]
oxyno-zeta,s3-proxy,01f0c9265791b4f2d17821e3348f525cafb4159d,pkg/s3-proxy/response-handler/models/converter/generated.go,https://github.com/oxyno-zeta/s3-proxy/raw/c611c741ed4872ea3f46232be23bb830f96f9564/pkg%2Fs3-proxy%2Fresponse-handler%2Fmodels%2Fconverter%2Fgenerated.go,"['@@ -0,0 +1,98 @@']"
oxyno-zeta,s3-proxy,01f0c9265791b4f2d17821e3348f525cafb4159d,pkg/s3-proxy/response-handler/models/converter/interface.go,https://github.com/oxyno-zeta/s3-proxy/raw/c611c741ed4872ea3f46232be23bb830f96f9564/pkg%2Fs3-proxy%2Fresponse-handler%2Fmodels%2Fconverter%2Finterface.go,"['@@ -0,0 +1,66 @@']"
oxyno-zeta,s3-proxy,01f0c9265791b4f2d17821e3348f525cafb4159d,pkg/s3-proxy/response-handler/models/converter/sanitize_test.go,https://github.com/oxyno-zeta/s3-proxy/raw/c611c741ed4872ea3f46232be23bb830f96f9564/pkg%2Fs3-proxy%2Fresponse-handler%2Fmodels%2Fconverter%2Fsanitize_test.go,"['@@ -0,0 +1,457 @@']"
oxyno-zeta,s3-proxy,01f0c9265791b4f2d17821e3348f525cafb4159d,pkg/s3-proxy/response-handler/models/inputs.go,https://github.com/oxyno-zeta/s3-proxy/raw/c611c741ed4872ea3f46232be23bb830f96f9564/pkg%2Fs3-proxy%2Fresponse-handler%2Fmodels%2Finputs.go,"['@@ -0,0 +1,48 @@']"
oxyno-zeta,s3-proxy,01f0c9265791b4f2d17821e3348f525cafb4159d,pkg/s3-proxy/response-handler/models/internal-models.go,https://github.com/oxyno-zeta/s3-proxy/raw/c611c741ed4872ea3f46232be23bb830f96f9564/pkg%2Fs3-proxy%2Fresponse-handler%2Fmodels%2Finternal-models.go,"['@@ -0,0 +1,49 @@']"
oxyno-zeta,s3-proxy,01f0c9265791b4f2d17821e3348f525cafb4159d,pkg/s3-proxy/response-handler/models/request.go,https://github.com/oxyno-zeta/s3-proxy/raw/c611c741ed4872ea3f46232be23bb830f96f9564/pkg%2Fs3-proxy%2Fresponse-handler%2Fmodels%2Frequest.go,"['@@ -0,0 +1,22 @@']"
oxyno-zeta,s3-proxy,01f0c9265791b4f2d17821e3348f525cafb4159d,pkg/s3-proxy/response-handler/utils.go,https://github.com/oxyno-zeta/s3-proxy/raw/c611c741ed4872ea3f46232be23bb830f96f9564/pkg%2Fs3-proxy%2Fresponse-handler%2Futils.go,[]
oxyno-zeta,s3-proxy,01f0c9265791b4f2d17821e3348f525cafb4159d,pkg/s3-proxy/response-handler/utils_test.go,https://github.com/oxyno-zeta/s3-proxy/raw/c611c741ed4872ea3f46232be23bb830f96f9564/pkg%2Fs3-proxy%2Fresponse-handler%2Futils_test.go,[]
oxyno-zeta,s3-proxy,01f0c9265791b4f2d17821e3348f525cafb4159d,pkg/s3-proxy/utils/templateutils/template.go,https://github.com/oxyno-zeta/s3-proxy/raw/c611c741ed4872ea3f46232be23bb830f96f9564/pkg%2Fs3-proxy%2Futils%2Ftemplateutils%2Ftemplate.go,"['@@ -11,6 +11,8 @@', '@@ -140,11 +142,20 @@', '@@ -185,3 +196,5 @@']"
treeverse,lakeFS,7db5bf3d4c2569df4ce4368a8984850d9444f240,cmd/lakectl/cmd/abuse_random_delete.go,https://github.com/treeverse/lakeFS/raw/3a625752acdf3f8e137bec20451e71d0f9fa82f2/cmd%2Flakectl%2Fcmd%2Fabuse_random_delete.go,[]
treeverse,lakeFS,7db5bf3d4c2569df4ce4368a8984850d9444f240,cmd/lakectl/cmd/abuse_random_read.go,https://github.com/treeverse/lakeFS/raw/3a625752acdf3f8e137bec20451e71d0f9fa82f2/cmd%2Flakectl%2Fcmd%2Fabuse_random_read.go,[]
treeverse,lakeFS,7db5bf3d4c2569df4ce4368a8984850d9444f240,pkg/api/controller.go,https://github.com/treeverse/lakeFS/raw/3a625752acdf3f8e137bec20451e71d0f9fa82f2/pkg%2Fapi%2Fcontroller.go,"['@@ -203,7 +203,9 @@']"
treeverse,lakeFS,7db5bf3d4c2569df4ce4368a8984850d9444f240,pkg/api/etag_middleware.go,https://github.com/treeverse/lakeFS/raw/3a625752acdf3f8e137bec20451e71d0f9fa82f2/pkg%2Fapi%2Fetag_middleware.go,"['@@ -1,7 +1,9 @@']"
treeverse,lakeFS,7db5bf3d4c2569df4ce4368a8984850d9444f240,pkg/block/hashing_reader.go,https://github.com/treeverse/lakeFS/raw/3a625752acdf3f8e137bec20451e71d0f9fa82f2/pkg%2Fblock%2Fhashing_reader.go,"['@@ -1,7 +1,9 @@']"
treeverse,lakeFS,7db5bf3d4c2569df4ce4368a8984850d9444f240,pkg/block/local/adapter.go,https://github.com/treeverse/lakeFS/raw/3a625752acdf3f8e137bec20451e71d0f9fa82f2/pkg%2Fblock%2Flocal%2Fadapter.go,[]
treeverse,lakeFS,7db5bf3d4c2569df4ce4368a8984850d9444f240,pkg/block/local/walker.go,https://github.com/treeverse/lakeFS/raw/3a625752acdf3f8e137bec20451e71d0f9fa82f2/pkg%2Fblock%2Flocal%2Fwalker.go,[]
treeverse,lakeFS,7db5bf3d4c2569df4ce4368a8984850d9444f240,pkg/block/s3/adapter.go,https://github.com/treeverse/lakeFS/raw/3a625752acdf3f8e137bec20451e71d0f9fa82f2/pkg%2Fblock%2Fs3%2Fadapter.go,[]
treeverse,lakeFS,7db5bf3d4c2569df4ce4368a8984850d9444f240,pkg/cache/cache.go,https://github.com/treeverse/lakeFS/raw/3a625752acdf3f8e137bec20451e71d0f9fa82f2/pkg%2Fcache%2Fcache.go,[]
treeverse,lakeFS,7db5bf3d4c2569df4ce4368a8984850d9444f240,pkg/catalog/catalog.go,https://github.com/treeverse/lakeFS/raw/3a625752acdf3f8e137bec20451e71d0f9fa82f2/pkg%2Fcatalog%2Fcatalog.go,"['@@ -1329,14 +1329,16 @@']"
treeverse,lakeFS,7db5bf3d4c2569df4ce4368a8984850d9444f240,pkg/catalog/testutils/testutils.go,https://github.com/treeverse/lakeFS/raw/3a625752acdf3f8e137bec20451e71d0f9fa82f2/pkg%2Fcatalog%2Ftestutils%2Ftestutils.go,[]
treeverse,lakeFS,7db5bf3d4c2569df4ce4368a8984850d9444f240,pkg/config/defaults.go,https://github.com/treeverse/lakeFS/raw/3a625752acdf3f8e137bec20451e71d0f9fa82f2/pkg%2Fconfig%2Fdefaults.go,[]
treeverse,lakeFS,7db5bf3d4c2569df4ce4368a8984850d9444f240,pkg/gateway/operations/getobject.go,https://github.com/treeverse/lakeFS/raw/3a625752acdf3f8e137bec20451e71d0f9fa82f2/pkg%2Fgateway%2Foperations%2Fgetobject.go,[]
treeverse,lakeFS,7db5bf3d4c2569df4ce4368a8984850d9444f240,pkg/gateway/sig/v4_streaming_reader.go,https://github.com/treeverse/lakeFS/raw/3a625752acdf3f8e137bec20451e71d0f9fa82f2/pkg%2Fgateway%2Fsig%2Fv4_streaming_reader.go,[]
treeverse,lakeFS,7db5bf3d4c2569df4ce4368a8984850d9444f240,pkg/graveler/graveler.go,https://github.com/treeverse/lakeFS/raw/3a625752acdf3f8e137bec20451e71d0f9fa82f2/pkg%2Fgraveler%2Fgraveler.go,[]
treeverse,lakeFS,7db5bf3d4c2569df4ce4368a8984850d9444f240,pkg/ident/ident.go,https://github.com/treeverse/lakeFS/raw/3a625752acdf3f8e137bec20451e71d0f9fa82f2/pkg%2Fident%2Fident.go,[]
treeverse,lakeFS,7db5bf3d4c2569df4ce4368a8984850d9444f240,pkg/kv/cosmosdb/main_test.go,https://github.com/treeverse/lakeFS/raw/3a625752acdf3f8e137bec20451e71d0f9fa82f2/pkg%2Fkv%2Fcosmosdb%2Fmain_test.go,[]
treeverse,lakeFS,7db5bf3d4c2569df4ce4368a8984850d9444f240,pkg/kv/cosmosdb/store.go,https://github.com/treeverse/lakeFS/raw/3a625752acdf3f8e137bec20451e71d0f9fa82f2/pkg%2Fkv%2Fcosmosdb%2Fstore.go,"['@@ -355,6 +356,9 @@']"
treeverse,lakeFS,7db5bf3d4c2569df4ce4368a8984850d9444f240,pkg/kv/store.go,https://github.com/treeverse/lakeFS/raw/3a625752acdf3f8e137bec20451e71d0f9fa82f2/pkg%2Fkv%2Fstore.go,[]
treeverse,lakeFS,7db5bf3d4c2569df4ce4368a8984850d9444f240,pkg/loadtest/target_generator.go,https://github.com/treeverse/lakeFS/raw/3a625752acdf3f8e137bec20451e71d0f9fa82f2/pkg%2Floadtest%2Ftarget_generator.go,[]
treeverse,lakeFS,7db5bf3d4c2569df4ce4368a8984850d9444f240,pkg/metastore/glue/converter.go,https://github.com/treeverse/lakeFS/raw/3a625752acdf3f8e137bec20451e71d0f9fa82f2/pkg%2Fmetastore%2Fglue%2Fconverter.go,[]
treeverse,lakeFS,7db5bf3d4c2569df4ce4368a8984850d9444f240,pkg/metastore/glue/metastore_client.go,https://github.com/treeverse/lakeFS/raw/3a625752acdf3f8e137bec20451e71d0f9fa82f2/pkg%2Fmetastore%2Fglue%2Fmetastore_client.go,[]
treeverse,lakeFS,7db5bf3d4c2569df4ce4368a8984850d9444f240,pkg/metastore/hive/converter.go,https://github.com/treeverse/lakeFS/raw/3a625752acdf3f8e137bec20451e71d0f9fa82f2/pkg%2Fmetastore%2Fhive%2Fconverter.go,"['@@ -121,9 +122,11 @@']"
treeverse,lakeFS,7db5bf3d4c2569df4ce4368a8984850d9444f240,pkg/permissions/actions.go,https://github.com/treeverse/lakeFS/raw/3a625752acdf3f8e137bec20451e71d0f9fa82f2/pkg%2Fpermissions%2Factions.go,[]
treeverse,lakeFS,7db5bf3d4c2569df4ce4368a8984850d9444f240,pkg/stats/usage_counter.go,https://github.com/treeverse/lakeFS/raw/3a625752acdf3f8e137bec20451e71d0f9fa82f2/pkg%2Fstats%2Fusage_counter.go,[]
treeverse,lakeFS,7db5bf3d4c2569df4ce4368a8984850d9444f240,pkg/testutil/db.go,https://github.com/treeverse/lakeFS/raw/3a625752acdf3f8e137bec20451e71d0f9fa82f2/pkg%2Ftestutil%2Fdb.go,[]
cosmos,cosmos-sdk,a01cb3ba66ac66efa9d30534cbba5e17d55c3182,x/group/keeper/msg_server.go,https://github.com/cosmos/cosmos-sdk/raw/0a98b65b24900a0e608866c78f172cf8e4140aea/x%2Fgroup%2Fkeeper%2Fmsg_server.go,"['@@ -201,6 +201,10 @@', '@@ -1132,10 +1136,8 @@']"
cosmos,cosmos-sdk,a01cb3ba66ac66efa9d30534cbba5e17d55c3182,x/group/keeper/msg_server_test.go,https://github.com/cosmos/cosmos-sdk/raw/0a98b65b24900a0e608866c78f172cf8e4140aea/x%2Fgroup%2Fkeeper%2Fmsg_server_test.go,"['@@ -304,90 +303,77 @@', '@@ -396,58 +382,51 @@', '@@ -457,66 +436,73 @@']"
cosmos,cosmos-sdk,a01cb3ba66ac66efa9d30534cbba5e17d55c3182,x/group/simulation/msg_factory.go,https://github.com/cosmos/cosmos-sdk/raw/0a98b65b24900a0e608866c78f172cf8e4140aea/x%2Fgroup%2Fsimulation%2Fmsg_factory.go,[]
cosmos,cosmos-sdk,a01cb3ba66ac66efa9d30534cbba5e17d55c3182,x/group/types.go,https://github.com/cosmos/cosmos-sdk/raw/0a98b65b24900a0e608866c78f172cf8e4140aea/x%2Fgroup%2Ftypes.go,"['@@ -211,7 +211,9 @@']"
cosmos,cosmos-sdk,a01cb3ba66ac66efa9d30534cbba5e17d55c3182,x/group/types_test.go,https://github.com/cosmos/cosmos-sdk/raw/0a98b65b24900a0e608866c78f172cf8e4140aea/x%2Fgroup%2Ftypes_test.go,"['@@ -239,6 +239,28 @@']"
go-jose,go-jose,22811e77bac0d484ff060d5c4351b7e295df92fb,jwe.go,https://github.com/go-jose/go-jose/raw/99b346cec4e86d102284642c5dcbe9bb0cacfc22/jwe.go,[]
go-jose,go-jose,22811e77bac0d484ff060d5c4351b7e295df92fb,jws.go,https://github.com/go-jose/go-jose/raw/99b346cec4e86d102284642c5dcbe9bb0cacfc22/jws.go,[]
go-jose,go-jose,22811e77bac0d484ff060d5c4351b7e295df92fb,jws_test.go,https://github.com/go-jose/go-jose/raw/99b346cec4e86d102284642c5dcbe9bb0cacfc22/jws_test.go,"['@@ -119,6 +119,9 @@']"
BishopFox,sliver,9cdc326b57cfb6847dd439f40e9a86a6a5edf53c,server/core/rtunnels/rtunnels.go,https://github.com/BishopFox/sliver/raw/0f340a25cf3d496ed870dae7da39eab4427bc16f/server%2Fcore%2Frtunnels%2Frtunnels.go,"['@@ -95,6 +96,21 @@']"
BishopFox,sliver,9cdc326b57cfb6847dd439f40e9a86a6a5edf53c,server/handlers/sessions.go,https://github.com/BishopFox/sliver/raw/0f340a25cf3d496ed870dae7da39eab4427bc16f/server%2Fhandlers%2Fsessions.go,"['@@ -226,9 +226,14 @@']"
BishopFox,sliver,9cdc326b57cfb6847dd439f40e9a86a6a5edf53c,server/rpc/rpc-rportfwd.go,https://github.com/BishopFox/sliver/raw/0f340a25cf3d496ed870dae7da39eab4427bc16f/server%2Frpc%2Frpc-rportfwd.go,[]
BishopFox,sliver,ba05d0adc21d0f46ff6428e7ccdadc7c1c191750,server/core/rtunnels/rtunnels.go,https://github.com/BishopFox/sliver/raw/10e245326070c6a5884a02e0790bb7e2baefb3a1/server%2Fcore%2Frtunnels%2Frtunnels.go,"['@@ -95,6 +96,21 @@']"
BishopFox,sliver,ba05d0adc21d0f46ff6428e7ccdadc7c1c191750,server/handlers/sessions.go,https://github.com/BishopFox/sliver/raw/10e245326070c6a5884a02e0790bb7e2baefb3a1/server%2Fhandlers%2Fsessions.go,"['@@ -226,9 +226,14 @@']"
BishopFox,sliver,ba05d0adc21d0f46ff6428e7ccdadc7c1c191750,server/rpc/rpc-rportfwd.go,https://github.com/BishopFox/sliver/raw/10e245326070c6a5884a02e0790bb7e2baefb3a1/server%2Frpc%2Frpc-rportfwd.go,[]
cosmos,ibc-go,91dda01659676dfc15339a196b0750b6c808af93,modules/apps/transfer/ibc_module.go,https://github.com/cosmos/ibc-go/raw/59987d52d959dc5876ffd4f307c9b33a52a43748/modules%2Fapps%2Ftransfer%2Fibc_module.go,"['@@ -189,13 +189,6 @@']"
cosmos,ibc-go,37ab926637aab78892aed61952fbb4b49da48ccd,modules/apps/transfer/ibc_module.go,https://github.com/cosmos/ibc-go/raw/9869b3c6f7eb05a935b1eb33611c5406f68438a5/modules%2Fapps%2Ftransfer%2Fibc_module.go,"['@@ -188,12 +188,6 @@']"
mattermost,mattermost-plugin-boards,47f29e1bcea11b5b4576c8305e0e0eb5745c37bd,server/api/blocks.go,https://github.com/mattermost/mattermost-plugin-boards/raw/025ce8d363a054473bc002f43f602a4032d38c06/server%2Fapi%2Fblocks.go,"['@@ -250,6 +250,11 @@']"
mattermost,mattermost-plugin-boards,47f29e1bcea11b5b4576c8305e0e0eb5745c37bd,server/app/blocks.go,https://github.com/mattermost/mattermost-plugin-boards/raw/025ce8d363a054473bc002f43f602a4032d38c06/server%2Fapp%2Fblocks.go,"['@@ -62,6 +62,10 @@', '@@ -99,6 +103,12 @@']"
mattermost,mattermost-plugin-boards,47f29e1bcea11b5b4576c8305e0e0eb5745c37bd,server/app/files.go,https://github.com/mattermost/mattermost-plugin-boards/raw/025ce8d363a054473bc002f43f602a4032d38c06/server%2Fapp%2Ffiles.go,"['@@ -202,14 +202,34 @@', '@@ -256,6 +276,11 @@']"
mattermost,mattermost-plugin-boards,47f29e1bcea11b5b4576c8305e0e0eb5745c37bd,server/app/files_test.go,https://github.com/mattermost/mattermost-plugin-boards/raw/025ce8d363a054473bc002f43f602a4032d38c06/server%2Fapp%2Ffiles_test.go,"['@@ -524,7 +524,52 @@', '@@ -553,4 +598,70 @@']"
mattermost,mattermost-plugin-boards,47f29e1bcea11b5b4576c8305e0e0eb5745c37bd,server/app/import.go,https://github.com/mattermost/mattermost-plugin-boards/raw/025ce8d363a054473bc002f43f602a4032d38c06/server%2Fapp%2Fimport.go,"['@@ -208,6 +209,9 @@', '@@ -221,6 +225,9 @@', '@@ -263,6 +270,18 @@', '@@ -287,16 +306,11 @@']"
mattermost,mattermost-plugin-boards,47f29e1bcea11b5b4576c8305e0e0eb5745c37bd,server/model/base.go,https://github.com/mattermost/mattermost-plugin-boards/raw/025ce8d363a054473bc002f43f602a4032d38c06/server%2Fmodel%2Fbase.go,"['@@ -1,8 +1,6 @@']"
mattermost,mattermost-plugin-boards,47f29e1bcea11b5b4576c8305e0e0eb5745c37bd,server/model/block.go,https://github.com/mattermost/mattermost-plugin-boards/raw/025ce8d363a054473bc002f43f602a4032d38c06/server%2Fmodel%2Fblock.go,"['@@ -3,17 +3,23 @@', '@@ -158,6 +164,80 @@']"
mattermost,mattermost-plugin-boards,47f29e1bcea11b5b4576c8305e0e0eb5745c37bd,server/model/block_test.go,https://github.com/mattermost/mattermost-plugin-boards/raw/025ce8d363a054473bc002f43f602a4032d38c06/server%2Fmodel%2Fblock_test.go,"['@@ -307,3 +307,124 @@']"
temporalio,api-go,44277ce4b7b38c8778ae035fbf4cb501ccca0063,cmd/proxygenerator/interceptor.go,https://github.com/temporalio/api-go/raw/dad8b169ada911d3778e070484d1ae78a58bd22b/cmd%2Fproxygenerator%2Finterceptor.go,"['@@ -122,6 +122,9 @@', '@@ -162,6 +165,25 @@', '@@ -299,6 +321,20 @@', '@@ -508,17 +544,19 @@', '@@ -542,6 +580,11 @@', '@@ -572,6 +615,11 @@']"
temporalio,api-go,44277ce4b7b38c8778ae035fbf4cb501ccca0063,proxy/interceptor.go,https://github.com/temporalio/api-go/raw/dad8b169ada911d3778e070484d1ae78a58bd22b/proxy%2Finterceptor.go,"['@@ -120,6 +120,9 @@', '@@ -160,6 +163,25 @@', '@@ -1644,6 +1666,21 @@', '@@ -1676,6 +1713,22 @@', '@@ -1691,6 +1744,21 @@', '@@ -2740,6 +2808,20 @@', '@@ -3063,6 +3145,26 @@', '@@ -3096,6 +3198,32 @@']"
temporalio,api-go,44277ce4b7b38c8778ae035fbf4cb501ccca0063,proxy/interceptor_test.go,https://github.com/temporalio/api-go/raw/dad8b169ada911d3778e070484d1ae78a58bd22b/proxy%2Finterceptor_test.go,"['@@ -183,8 +183,14 @@', '@@ -204,6 +210,9 @@', '@@ -214,8 +223,14 @@', '@@ -234,6 +249,9 @@', '@@ -274,6 +292,44 @@']"
mattermost,mattermost,de59770797cc3fb88836dfff977666b9da9340a5,server/channels/app/bot.go,https://github.com/mattermost/mattermost/raw/faa7e4f2ea0cca2fd2aba271912b9fc3be788842/server%2Fchannels%2Fapp%2Fbot.go,"['@@ -614,5 +614,9 @@']"
mattermost,mattermost,de59770797cc3fb88836dfff977666b9da9340a5,server/channels/app/bot_test.go,https://github.com/mattermost/mattermost/raw/faa7e4f2ea0cca2fd2aba271912b9fc3be788842/server%2Fchannels%2Fapp%2Fbot_test.go,"['@@ -872,21 +872,34 @@']"
openfga,openfga,e51273af1420e6f613542481ca2eb2fc7d90745f,internal/graph/check.go,https://github.com/openfga/openfga/raw/0aee4f47e0c642de78831ceb27bb62b116f49588/internal%2Fgraph%2Fcheck.go,"['@@ -1111,6 +1111,11 @@']"
openfga,openfga,e51273af1420e6f613542481ca2eb2fc7d90745f,internal/graph/check_test.go,https://github.com/openfga/openfga/raw/0aee4f47e0c642de78831ceb27bb62b116f49588/internal%2Fgraph%2Fcheck_test.go,"['@@ -4274,6 +4274,54 @@']"
openfga,openfga,e51273af1420e6f613542481ca2eb2fc7d90745f,pkg/server/commands/reverseexpand/reverse_expand.go,https://github.com/openfga/openfga/raw/0aee4f47e0c642de78831ceb27bb62b116f49588/pkg%2Fserver%2Fcommands%2Freverseexpand%2Freverse_expand.go,"['@@ -423,6 +423,19 @@']"
openfga,openfga,e51273af1420e6f613542481ca2eb2fc7d90745f,pkg/server/commands/reverseexpand/reverse_expand_test.go,https://github.com/openfga/openfga/raw/0aee4f47e0c642de78831ceb27bb62b116f49588/pkg%2Fserver%2Fcommands%2Freverseexpand%2Freverse_expand_test.go,"['@@ -820,3 +820,94 @@']"
openfga,openfga,e51273af1420e6f613542481ca2eb2fc7d90745f,tests/check/check.go,https://github.com/openfga/openfga/raw/0aee4f47e0c642de78831ceb27bb62b116f49588/tests%2Fcheck%2Fcheck.go,"['@@ -1146,6 +1146,8 @@']"
openfga,openfga,e51273af1420e6f613542481ca2eb2fc7d90745f,tests/check/check_userset.go,https://github.com/openfga/openfga/raw/0aee4f47e0c642de78831ceb27bb62b116f49588/tests%2Fcheck%2Fcheck_userset.go,"['@@ -1462,4 +1462,157 @@']"
openfga,openfga,e51273af1420e6f613542481ca2eb2fc7d90745f,tests/check/complexity_three.go,https://github.com/openfga/openfga/raw/0aee4f47e0c642de78831ceb27bb62b116f49588/tests%2Fcheck%2Fcomplexity_three.go,"['@@ -824,4 +824,99 @@']"
containerd,containerd,0b7f2a55f71f04a3655e9576ab22377c3e45f32d,oci/spec_opts.go,https://github.com/containerd/containerd/raw/05044ec0a9a75232cad458027ca83437aae3f4da/oci%2Fspec_opts.go,"['@@ -594,6 +595,20 @@']"
containerd,containerd,0b7f2a55f71f04a3655e9576ab22377c3e45f32d,oci/spec_opts_linux_test.go,https://github.com/containerd/containerd/raw/05044ec0a9a75232cad458027ca83437aae3f4da/oci%2Fspec_opts_linux_test.go,"['@@ -33,6 +33,98 @@']"
containerd,containerd,bf82ae2582453ee04d55304a39c0b17ddc081866,pkg/oci/spec_opts.go,https://github.com/containerd/containerd/raw/1a43cb6a1035441f9aca8f5666a9b3ef9e70ab20/pkg%2Foci%2Fspec_opts.go,"['@@ -593,6 +594,20 @@']"
containerd,containerd,bf82ae2582453ee04d55304a39c0b17ddc081866,pkg/oci/spec_opts_linux_test.go,https://github.com/containerd/containerd/raw/1a43cb6a1035441f9aca8f5666a9b3ef9e70ab20/pkg%2Foci%2Fspec_opts_linux_test.go,"['@@ -33,6 +33,98 @@']"
containerd,containerd,e0c4dd99038f01a6dbc4befbfb1fd6aae428a07e,oci/spec_opts.go,https://github.com/containerd/containerd/raw/cf158e884cfe4812a6c371b59e4ea9bc4c46e51a/oci%2Fspec_opts.go,"['@@ -576,6 +577,20 @@']"
containerd,containerd,e0c4dd99038f01a6dbc4befbfb1fd6aae428a07e,oci/spec_opts_linux_test.go,https://github.com/containerd/containerd/raw/cf158e884cfe4812a6c371b59e4ea9bc4c46e51a/oci%2Fspec_opts_linux_test.go,"['@@ -32,6 +32,98 @@']"
mudler,localai,6257e2f5101cb74ca309b2c15bea6fcc00c37add,.github/ci/modelslist.go,https://github.com/mudler/LocalAI/raw/a1634b219a4e52813e70ff07e6376a01449c4515/.github%2Fci%2Fmodelslist.go,"['@@ -279,6 +280,12 @@']"
mudler,localai,6257e2f5101cb74ca309b2c15bea6fcc00c37add,core/http/elements/gallery.go,https://github.com/mudler/LocalAI/raw/a1634b219a4e52813e70ff07e6376a01449c4515/core%2Fhttp%2Felements%2Fgallery.go,"['@@ -249,9 +250,7 @@', '@@ -285,11 +284,9 @@']"
mudler,localai,6257e2f5101cb74ca309b2c15bea6fcc00c37add,core/http/endpoints/openai/assistant.go,https://github.com/mudler/LocalAI/raw/a1634b219a4e52813e70ff07e6376a01449c4515/core%2Fhttp%2Fendpoints%2Fopenai%2Fassistant.go,[]
mudler,localai,6257e2f5101cb74ca309b2c15bea6fcc00c37add,core/http/endpoints/openai/files.go,https://github.com/mudler/LocalAI/raw/a1634b219a4e52813e70ff07e6376a01449c4515/core%2Fhttp%2Fendpoints%2Fopenai%2Ffiles.go,[]
mudler,localai,6257e2f5101cb74ca309b2c15bea6fcc00c37add,core/http/middleware/auth.go,https://github.com/mudler/LocalAI/raw/a1634b219a4e52813e70ff07e6376a01449c4515/core%2Fhttp%2Fmiddleware%2Fauth.go,[]
mudler,localai,6257e2f5101cb74ca309b2c15bea6fcc00c37add,core/http/routes/ui.go,https://github.com/mudler/LocalAI/raw/a1634b219a4e52813e70ff07e6376a01449c4515/core%2Fhttp%2Froutes%2Fui.go,[]
minio,minio,6cd8a372cb8786598bf4652d2a544a41be4dd86c,cmd/sftp-server.go,https://github.com/minio/minio/raw/4c71f1b4ec0fb2a473ddaac18c20ec9e63f267ec/cmd%2Fsftp-server.go,"['@@ -256,9 +256,18 @@']"
minio,minio,6cd8a372cb8786598bf4652d2a544a41be4dd86c,cmd/sftp-server_test.go,https://github.com/minio/minio/raw/4c71f1b4ec0fb2a473ddaac18c20ec9e63f267ec/cmd%2Fsftp-server_test.go,"['@@ -146,6 +147,32 @@', '@@ -275,24 +302,48 @@']"
minio,minio,5ffb2a96053ecad0b48810c17427e746583da8e7,cmd/sftp-server-driver.go,https://github.com/minio/minio/raw/91e1487de45720753c9e9e4c02b1bd16b7e452fa/cmd%2Fsftp-server-driver.go,"['@@ -101,103 +100,20 @@']"
minio,minio,5ffb2a96053ecad0b48810c17427e746583da8e7,cmd/sftp-server.go,https://github.com/minio/minio/raw/91e1487de45720753c9e9e4c02b1bd16b7e452fa/cmd%2Fsftp-server.go,"['@@ -29,18 +28,15 @@', '@@ -58,6 +54,16 @@', '@@ -120,6 +126,226 @@', '@@ -160,16 +386,19 @@', '@@ -201,6 +430,8 @@', '@@ -222,125 +453,34 @@']"
minio,minio,5ffb2a96053ecad0b48810c17427e746583da8e7,cmd/sftp-server_test.go,https://github.com/minio/minio/raw/91e1487de45720753c9e9e4c02b1bd16b7e452fa/cmd%2Fsftp-server_test.go,"['@@ -0,0 +1,289 @@']"
cheqd,cheqd-node,840166a253659a7809f0977ee53be1cb30f36773,api/cheqd/did/v2/fee.pulsar.go,https://github.com/cheqd/cheqd-node/raw/5a58b08dfb8dfc24631fb85b641cb75e9178d07f/api%2Fcheqd%2Fdid%2Fv2%2Ffee.pulsar.go,[]
cheqd,cheqd-node,840166a253659a7809f0977ee53be1cb30f36773,api/cheqd/did/v2/query.pulsar.go,https://github.com/cheqd/cheqd-node/raw/5a58b08dfb8dfc24631fb85b641cb75e9178d07f/api%2Fcheqd%2Fdid%2Fv2%2Fquery.pulsar.go,[]
cheqd,cheqd-node,840166a253659a7809f0977ee53be1cb30f36773,api/cheqd/did/v2/tx.pulsar.go,https://github.com/cheqd/cheqd-node/raw/5a58b08dfb8dfc24631fb85b641cb75e9178d07f/api%2Fcheqd%2Fdid%2Fv2%2Ftx.pulsar.go,[]
cheqd,cheqd-node,840166a253659a7809f0977ee53be1cb30f36773,api/cheqd/resource/v2/fee.pulsar.go,https://github.com/cheqd/cheqd-node/raw/5a58b08dfb8dfc24631fb85b641cb75e9178d07f/api%2Fcheqd%2Fresource%2Fv2%2Ffee.pulsar.go,[]
cheqd,cheqd-node,840166a253659a7809f0977ee53be1cb30f36773,api/cheqd/resource/v2/query.pulsar.go,https://github.com/cheqd/cheqd-node/raw/5a58b08dfb8dfc24631fb85b641cb75e9178d07f/api%2Fcheqd%2Fresource%2Fv2%2Fquery.pulsar.go,[]
metal3-io,baremetal-operator,656fce03c1eef46b6b0001b454c874d610b2dab4,apis/metal3.io/v1alpha1/bmceventsubscription_validation.go,https://github.com/metal3-io/baremetal-operator/raw/19f8443b1fe182f76dd81b43122e8dd102f8b94c/apis%2Fmetal3.io%2Fv1alpha1%2Fbmceventsubscription_validation.go,"['@@ -29,6 +29,12 @@']"
metal3-io,baremetal-operator,656fce03c1eef46b6b0001b454c874d610b2dab4,apis/metal3.io/v1alpha1/bmceventsubscription_validation_test.go,https://github.com/metal3-io/baremetal-operator/raw/19f8443b1fe182f76dd81b43122e8dd102f8b94c/apis%2Fmetal3.io%2Fv1alpha1%2Fbmceventsubscription_validation_test.go,"['@@ -69,6 +70,28 @@']"
metal3-io,baremetal-operator,656fce03c1eef46b6b0001b454c874d610b2dab4,controllers/metal3.io/bmceventsubscription_controller.go,https://github.com/metal3-io/baremetal-operator/raw/19f8443b1fe182f76dd81b43122e8dd102f8b94c/controllers%2Fmetal3.io%2Fbmceventsubscription_controller.go,"['@@ -243,6 +243,10 @@']"
metal3-io,baremetal-operator,656fce03c1eef46b6b0001b454c874d610b2dab4,controllers/metal3.io/bmceventsubscription_controller_test.go,https://github.com/metal3-io/baremetal-operator/raw/19f8443b1fe182f76dd81b43122e8dd102f8b94c/controllers%2Fmetal3.io%2Fbmceventsubscription_controller_test.go,"['@@ -139,3 +139,84 @@']"
cosmos,cosmos-sdk,548ca00b11f89145fc112e54e680f6710172bb5a,api/cosmos/group/v1/events.pulsar.go,https://github.com/cosmos/cosmos-sdk/raw/cbd69fb1f4fac418c1f8c6253f5f91fb1263776a/api%2Fcosmos%2Fgroup%2Fv1%2Fevents.pulsar.go,"['@@ -4388,6 +4388,474 @@', '@@ -4818,6 +5286,52 @@', '@@ -4878,18 +5392,24 @@', '@@ -5058,14 +5579,26 @@']"
cosmos,cosmos-sdk,548ca00b11f89145fc112e54e680f6710172bb5a,x/group/events.pb.go,https://github.com/cosmos/cosmos-sdk/raw/cbd69fb1f4fac418c1f8c6253f5f91fb1263776a/x%2Fgroup%2Fevents.pb.go,"['@@ -528,6 +528,61 @@', '@@ -539,39 +594,42 @@', '@@ -895,6 +953,41 @@', '@@ -1046,6 +1139,22 @@', '@@ -1906,6 +2015,107 @@']"
cosmos,cosmos-sdk,548ca00b11f89145fc112e54e680f6710172bb5a,x/group/keeper/msg_server.go,https://github.com/cosmos/cosmos-sdk/raw/cbd69fb1f4fac418c1f8c6253f5f91fb1263776a/x%2Fgroup%2Fkeeper%2Fmsg_server.go,"['@@ -790,33 +790,40 @@']"
cosmos,cosmos-sdk,548ca00b11f89145fc112e54e680f6710172bb5a,x/group/keeper/msg_server_priv_test.go,https://github.com/cosmos/cosmos-sdk/raw/cbd69fb1f4fac418c1f8c6253f5f91fb1263776a/x%2Fgroup%2Fkeeper%2Fmsg_server_priv_test.go,"['@@ -0,0 +1,260 @@']"
cosmos,cosmos-sdk,548ca00b11f89145fc112e54e680f6710172bb5a,x/group/keeper/msg_server_test.go,https://github.com/cosmos/cosmos-sdk/raw/cbd69fb1f4fac418c1f8c6253f5f91fb1263776a/x%2Fgroup%2Fkeeper%2Fmsg_server_test.go,[]
golang-jwt,jwt,c035977d9e11c351f4c05dfeae193923cbab49ee,jwt_test.go,https://github.com/golang-jwt/jwt/raw/0951d184286dece21f73c85673fd308786ffe9c3/jwt_test.go,"['@@ -0,0 +1,89 @@']"
golang-jwt,jwt,c035977d9e11c351f4c05dfeae193923cbab49ee,parser.go,https://github.com/golang-jwt/jwt/raw/0951d184286dece21f73c85673fd308786ffe9c3/parser.go,"['@@ -8,6 +8,8 @@', '@@ -196,6 +199,33 @@']"
golang-jwt,jwt,24c63f56522a87ec5339cc3567883f1039378fdb,parser.go,https://github.com/golang-jwt/jwt/raw/bf316c48137a1212f8d0af9288cc9ce8e59f1afb/parser.go,"['@@ -21,55 +21,9 @@', '@@ -129,3 +83,63 @@']"
fleetdm,fleet,0f9d1979e9a85ce85a81b0096c7bf1ae94a93c09,server/sso/validate.go,https://github.com/fleetdm/fleet/raw/718c95e47ad010ad6b8ceb3f3460e921fbfc53bb/server%2Fsso%2Fvalidate.go,"['@@ -161,38 +160,50 @@']"
cosmos,ibc-go,91dda01659676dfc15339a196b0750b6c808af93,modules/apps/transfer/ibc_module.go,https://github.com/cosmos/ibc-go/raw/59987d52d959dc5876ffd4f307c9b33a52a43748/modules%2Fapps%2Ftransfer%2Fibc_module.go,"['@@ -189,13 +189,6 @@']"
hashicorp,nomad,4a1b050eb898172251928cad653495474a561be7,nomad/acl_endpoint.go,https://github.com/hashicorp/nomad/raw/dc482bf9058faf7a192486eb52caa1d42646f6b3/nomad%2Facl_endpoint.go,[]
hashicorp,nomad,4a1b050eb898172251928cad653495474a561be7,nomad/state/events.go,https://github.com/hashicorp/nomad/raw/dc482bf9058faf7a192486eb52caa1d42646f6b3/nomad%2Fstate%2Fevents.go,[]
hashicorp,nomad,4a1b050eb898172251928cad653495474a561be7,nomad/structs/acl.go,https://github.com/hashicorp/nomad/raw/dc482bf9058faf7a192486eb52caa1d42646f6b3/nomad%2Fstructs%2Facl.go,"['@@ -978,6 +978,21 @@']"
hashicorp,nomad,4a1b050eb898172251928cad653495474a561be7,nomad/structs/acl_test.go,https://github.com/hashicorp/nomad/raw/dc482bf9058faf7a192486eb52caa1d42646f6b3/nomad%2Fstructs%2Facl_test.go,"['@@ -1263,6 +1263,24 @@']"
matrix-org,pinecone,ea4c33717fd74ef7d6f49490625a0fa10e3f5bbc,cmd/pineconesim/main.go,https://github.com/matrix-org/pinecone/raw/218b2801995b174085cb1c8fafe2d3aa661f85bd/cmd%2Fpineconesim%2Fmain.go,[]
JasonLovesDoggo,abacus,5905b71254c4b872ae715da9ca584da519148779,utils/stats.go,https://github.com/JasonLovesDoggo/abacus/raw/78fdb9b48b7f6d08ed0cd41077509c0a97071552/utils%2Fstats.go,"['@@ -57,14 +58,16 @@']"
JasonLovesDoggo,abacus,8243e6f9bdef7c17d4f82ba263b1a2efb1e489ee,main.go,https://github.com/JasonLovesDoggo/abacus/raw/898ff1204e11317cc161240b660e63eed5a72b33/main.go,[]
JasonLovesDoggo,abacus,8243e6f9bdef7c17d4f82ba263b1a2efb1e489ee,middleware/sse.go,https://github.com/JasonLovesDoggo/abacus/raw/898ff1204e11317cc161240b660e63eed5a72b33/middleware%2Fsse.go,"['@@ -1,13 +1,16 @@']"
JasonLovesDoggo,abacus,8243e6f9bdef7c17d4f82ba263b1a2efb1e489ee,routes.go,https://github.com/JasonLovesDoggo/abacus/raw/898ff1204e11317cc161240b660e63eed5a72b33/routes.go,[]
JasonLovesDoggo,abacus,8243e6f9bdef7c17d4f82ba263b1a2efb1e489ee,routes_test.go,https://github.com/JasonLovesDoggo/abacus/raw/898ff1204e11317cc161240b660e63eed5a72b33/routes_test.go,"['@@ -482,35 +483,61 @@']"
JasonLovesDoggo,abacus,8243e6f9bdef7c17d4f82ba263b1a2efb1e489ee,stream_test.go,https://github.com/JasonLovesDoggo/abacus/raw/898ff1204e11317cc161240b660e63eed5a72b33/stream_test.go,"['@@ -0,0 +1,379 @@']"
JasonLovesDoggo,abacus,8243e6f9bdef7c17d4f82ba263b1a2efb1e489ee,utils/sse.go,https://github.com/JasonLovesDoggo/abacus/raw/898ff1204e11317cc161240b660e63eed5a72b33/utils%2Fsse.go,"['@@ -48,26 +50,85 @@', '@@ -77,10 +138,12 @@', '@@ -100,8 +163,11 @@']"
JasonLovesDoggo,abacus,8243e6f9bdef7c17d4f82ba263b1a2efb1e489ee,utils/stats.go,https://github.com/JasonLovesDoggo/abacus/raw/898ff1204e11317cc161240b660e63eed5a72b33/utils%2Fstats.go,"['@@ -150,6 +150,9 @@']"
kubernetes,kubernetes,a962fa5fc6cad031cc323e8ad74c72231d03e0d2,pkg/features/kube_features.go,https://github.com/kubernetes/kubernetes/raw/45f4ccc2153bbb782253704cbe24c05e22b5d60c/pkg%2Ffeatures%2Fkube_features.go,[]
kubernetes,kubernetes,a962fa5fc6cad031cc323e8ad74c72231d03e0d2,pkg/generated/openapi/zz_generated.openapi.go,https://github.com/kubernetes/kubernetes/raw/45f4ccc2153bbb782253704cbe24c05e22b5d60c/pkg%2Fgenerated%2Fopenapi%2Fzz_generated.openapi.go,[]
kubernetes,kubernetes,a962fa5fc6cad031cc323e8ad74c72231d03e0d2,pkg/kubelet/apis/config/types.go,https://github.com/kubernetes/kubernetes/raw/45f4ccc2153bbb782253704cbe24c05e22b5d60c/pkg%2Fkubelet%2Fapis%2Fconfig%2Ftypes.go,"['@@ -408,6 +408,8 @@']"
kubernetes,kubernetes,a962fa5fc6cad031cc323e8ad74c72231d03e0d2,pkg/kubelet/kubelet_server_journal.go,https://github.com/kubernetes/kubernetes/raw/45f4ccc2153bbb782253704cbe24c05e22b5d60c/pkg%2Fkubelet%2Fkubelet_server_journal.go,[]
kubernetes,kubernetes,a962fa5fc6cad031cc323e8ad74c72231d03e0d2,pkg/kubelet/kubelet_server_journal_linux.go,https://github.com/kubernetes/kubernetes/raw/45f4ccc2153bbb782253704cbe24c05e22b5d60c/pkg%2Fkubelet%2Fkubelet_server_journal_linux.go,"['@@ -26,9 +26,13 @@']"
kubernetes,kubernetes,a962fa5fc6cad031cc323e8ad74c72231d03e0d2,pkg/kubelet/kubelet_server_journal_others.go,https://github.com/kubernetes/kubernetes/raw/45f4ccc2153bbb782253704cbe24c05e22b5d60c/pkg%2Fkubelet%2Fkubelet_server_journal_others.go,[]
kubernetes,kubernetes,a962fa5fc6cad031cc323e8ad74c72231d03e0d2,pkg/kubelet/kubelet_server_journal_test.go,https://github.com/kubernetes/kubernetes/raw/45f4ccc2153bbb782253704cbe24c05e22b5d60c/pkg%2Fkubelet%2Fkubelet_server_journal_test.go,"['@@ -30,31 +30,62 @@']"
kubernetes,kubernetes,a962fa5fc6cad031cc323e8ad74c72231d03e0d2,pkg/kubelet/kubelet_server_journal_windows.go,https://github.com/kubernetes/kubernetes/raw/45f4ccc2153bbb782253704cbe24c05e22b5d60c/pkg%2Fkubelet%2Fkubelet_server_journal_windows.go,"['@@ -27,43 +27,107 @@']"
kubernetes,kubernetes,a962fa5fc6cad031cc323e8ad74c72231d03e0d2,staging/src/k8s.io/kubelet/config/v1beta1/types.go,https://github.com/kubernetes/kubernetes/raw/45f4ccc2153bbb782253704cbe24c05e22b5d60c/staging%2Fsrc%2Fk8s.io%2Fkubelet%2Fconfig%2Fv1beta1%2Ftypes.go,"['@@ -720,6 +720,8 @@']"
kubernetes,kubernetes,e616858316df68aea76390062becc70957f24f66,pkg/features/kube_features.go,https://github.com/kubernetes/kubernetes/raw/5fe148234f8ab1184f26069c4f7bef6c37efe347/pkg%2Ffeatures%2Fkube_features.go,[]
kubernetes,kubernetes,e616858316df68aea76390062becc70957f24f66,pkg/generated/openapi/zz_generated.openapi.go,https://github.com/kubernetes/kubernetes/raw/5fe148234f8ab1184f26069c4f7bef6c37efe347/pkg%2Fgenerated%2Fopenapi%2Fzz_generated.openapi.go,[]
kubernetes,kubernetes,e616858316df68aea76390062becc70957f24f66,pkg/kubelet/apis/config/types.go,https://github.com/kubernetes/kubernetes/raw/5fe148234f8ab1184f26069c4f7bef6c37efe347/pkg%2Fkubelet%2Fapis%2Fconfig%2Ftypes.go,"['@@ -413,6 +413,8 @@']"
kubernetes,kubernetes,e616858316df68aea76390062becc70957f24f66,pkg/kubelet/kubelet_server_journal.go,https://github.com/kubernetes/kubernetes/raw/5fe148234f8ab1184f26069c4f7bef6c37efe347/pkg%2Fkubelet%2Fkubelet_server_journal.go,[]
kubernetes,kubernetes,e616858316df68aea76390062becc70957f24f66,pkg/kubelet/kubelet_server_journal_linux.go,https://github.com/kubernetes/kubernetes/raw/5fe148234f8ab1184f26069c4f7bef6c37efe347/pkg%2Fkubelet%2Fkubelet_server_journal_linux.go,"['@@ -31,9 +31,13 @@']"
kubernetes,kubernetes,e616858316df68aea76390062becc70957f24f66,pkg/kubelet/kubelet_server_journal_others.go,https://github.com/kubernetes/kubernetes/raw/5fe148234f8ab1184f26069c4f7bef6c37efe347/pkg%2Fkubelet%2Fkubelet_server_journal_others.go,[]
kubernetes,kubernetes,e616858316df68aea76390062becc70957f24f66,pkg/kubelet/kubelet_server_journal_test.go,https://github.com/kubernetes/kubernetes/raw/5fe148234f8ab1184f26069c4f7bef6c37efe347/pkg%2Fkubelet%2Fkubelet_server_journal_test.go,"['@@ -35,31 +35,62 @@']"
kubernetes,kubernetes,e616858316df68aea76390062becc70957f24f66,pkg/kubelet/kubelet_server_journal_windows.go,https://github.com/kubernetes/kubernetes/raw/5fe148234f8ab1184f26069c4f7bef6c37efe347/pkg%2Fkubelet%2Fkubelet_server_journal_windows.go,"['@@ -27,43 +27,107 @@']"
kubernetes,kubernetes,e616858316df68aea76390062becc70957f24f66,staging/src/k8s.io/kubelet/config/v1beta1/types.go,https://github.com/kubernetes/kubernetes/raw/5fe148234f8ab1184f26069c4f7bef6c37efe347/staging%2Fsrc%2Fk8s.io%2Fkubelet%2Fconfig%2Fv1beta1%2Ftypes.go,"['@@ -726,6 +726,8 @@']"
kubernetes,kubernetes,1043bf333c5f5d4e7e7ae0fda464ff99f2b9b7b6,pkg/features/kube_features.go,https://github.com/kubernetes/kubernetes/raw/75c83a6871dc030675288c6d63c275a43c2f0d55/pkg%2Ffeatures%2Fkube_features.go,[]
kubernetes,kubernetes,1043bf333c5f5d4e7e7ae0fda464ff99f2b9b7b6,pkg/generated/openapi/zz_generated.openapi.go,https://github.com/kubernetes/kubernetes/raw/75c83a6871dc030675288c6d63c275a43c2f0d55/pkg%2Fgenerated%2Fopenapi%2Fzz_generated.openapi.go,[]
kubernetes,kubernetes,1043bf333c5f5d4e7e7ae0fda464ff99f2b9b7b6,pkg/kubelet/apis/config/types.go,https://github.com/kubernetes/kubernetes/raw/75c83a6871dc030675288c6d63c275a43c2f0d55/pkg%2Fkubelet%2Fapis%2Fconfig%2Ftypes.go,"['@@ -408,6 +408,8 @@']"
kubernetes,kubernetes,1043bf333c5f5d4e7e7ae0fda464ff99f2b9b7b6,pkg/kubelet/kubelet_server_journal.go,https://github.com/kubernetes/kubernetes/raw/75c83a6871dc030675288c6d63c275a43c2f0d55/pkg%2Fkubelet%2Fkubelet_server_journal.go,[]
kubernetes,kubernetes,1043bf333c5f5d4e7e7ae0fda464ff99f2b9b7b6,pkg/kubelet/kubelet_server_journal_linux.go,https://github.com/kubernetes/kubernetes/raw/75c83a6871dc030675288c6d63c275a43c2f0d55/pkg%2Fkubelet%2Fkubelet_server_journal_linux.go,"['@@ -26,9 +26,13 @@']"
kubernetes,kubernetes,1043bf333c5f5d4e7e7ae0fda464ff99f2b9b7b6,pkg/kubelet/kubelet_server_journal_others.go,https://github.com/kubernetes/kubernetes/raw/75c83a6871dc030675288c6d63c275a43c2f0d55/pkg%2Fkubelet%2Fkubelet_server_journal_others.go,[]
kubernetes,kubernetes,1043bf333c5f5d4e7e7ae0fda464ff99f2b9b7b6,pkg/kubelet/kubelet_server_journal_test.go,https://github.com/kubernetes/kubernetes/raw/75c83a6871dc030675288c6d63c275a43c2f0d55/pkg%2Fkubelet%2Fkubelet_server_journal_test.go,"['@@ -30,31 +30,62 @@']"
kubernetes,kubernetes,1043bf333c5f5d4e7e7ae0fda464ff99f2b9b7b6,pkg/kubelet/kubelet_server_journal_windows.go,https://github.com/kubernetes/kubernetes/raw/75c83a6871dc030675288c6d63c275a43c2f0d55/pkg%2Fkubelet%2Fkubelet_server_journal_windows.go,"['@@ -27,43 +27,107 @@']"
kubernetes,kubernetes,1043bf333c5f5d4e7e7ae0fda464ff99f2b9b7b6,staging/src/k8s.io/kubelet/config/v1beta1/types.go,https://github.com/kubernetes/kubernetes/raw/75c83a6871dc030675288c6d63c275a43c2f0d55/staging%2Fsrc%2Fk8s.io%2Fkubelet%2Fconfig%2Fv1beta1%2Ftypes.go,"['@@ -720,6 +720,8 @@']"
kubernetes,kubernetes,86e25a07e279516eb13af436ca5706b1806ea604,pkg/features/kube_features.go,https://github.com/kubernetes/kubernetes/raw/fb0187c2bf7061258bb89891edb1237261eb7abc/pkg%2Ffeatures%2Fkube_features.go,[]
kubernetes,kubernetes,86e25a07e279516eb13af436ca5706b1806ea604,pkg/generated/openapi/zz_generated.openapi.go,https://github.com/kubernetes/kubernetes/raw/fb0187c2bf7061258bb89891edb1237261eb7abc/pkg%2Fgenerated%2Fopenapi%2Fzz_generated.openapi.go,[]
kubernetes,kubernetes,86e25a07e279516eb13af436ca5706b1806ea604,pkg/kubelet/apis/config/types.go,https://github.com/kubernetes/kubernetes/raw/fb0187c2bf7061258bb89891edb1237261eb7abc/pkg%2Fkubelet%2Fapis%2Fconfig%2Ftypes.go,"['@@ -398,6 +398,8 @@']"
kubernetes,kubernetes,86e25a07e279516eb13af436ca5706b1806ea604,pkg/kubelet/kubelet_server_journal.go,https://github.com/kubernetes/kubernetes/raw/fb0187c2bf7061258bb89891edb1237261eb7abc/pkg%2Fkubelet%2Fkubelet_server_journal.go,[]
kubernetes,kubernetes,86e25a07e279516eb13af436ca5706b1806ea604,pkg/kubelet/kubelet_server_journal_linux.go,https://github.com/kubernetes/kubernetes/raw/fb0187c2bf7061258bb89891edb1237261eb7abc/pkg%2Fkubelet%2Fkubelet_server_journal_linux.go,"['@@ -26,9 +26,13 @@']"
kubernetes,kubernetes,86e25a07e279516eb13af436ca5706b1806ea604,pkg/kubelet/kubelet_server_journal_others.go,https://github.com/kubernetes/kubernetes/raw/fb0187c2bf7061258bb89891edb1237261eb7abc/pkg%2Fkubelet%2Fkubelet_server_journal_others.go,[]
kubernetes,kubernetes,86e25a07e279516eb13af436ca5706b1806ea604,pkg/kubelet/kubelet_server_journal_test.go,https://github.com/kubernetes/kubernetes/raw/fb0187c2bf7061258bb89891edb1237261eb7abc/pkg%2Fkubelet%2Fkubelet_server_journal_test.go,"['@@ -30,31 +30,62 @@']"
kubernetes,kubernetes,86e25a07e279516eb13af436ca5706b1806ea604,pkg/kubelet/kubelet_server_journal_windows.go,https://github.com/kubernetes/kubernetes/raw/fb0187c2bf7061258bb89891edb1237261eb7abc/pkg%2Fkubelet%2Fkubelet_server_journal_windows.go,"['@@ -27,43 +27,107 @@']"
kubernetes,kubernetes,86e25a07e279516eb13af436ca5706b1806ea604,staging/src/k8s.io/kubelet/config/v1beta1/types.go,https://github.com/kubernetes/kubernetes/raw/fb0187c2bf7061258bb89891edb1237261eb7abc/staging%2Fsrc%2Fk8s.io%2Fkubelet%2Fconfig%2Fv1beta1%2Ftypes.go,"['@@ -699,6 +699,8 @@']"
ratify-project,ratify,0f2a6ad4a9c884d5bfc69d3e2b527f611d4a79fa,cmd/ratify/cmd/discover.go,https://github.com/notaryproject/ratify/raw/0ec0c08490e3d672ae64b1a220c90d5484f1c93f/cmd%2Fratify%2Fcmd%2Fdiscover.go,[]
ratify-project,ratify,0f2a6ad4a9c884d5bfc69d3e2b527f611d4a79fa,cmd/ratify/cmd/referrer.go,https://github.com/notaryproject/ratify/raw/0ec0c08490e3d672ae64b1a220c90d5484f1c93f/cmd%2Fratify%2Fcmd%2Freferrer.go,[]
ratify-project,ratify,0f2a6ad4a9c884d5bfc69d3e2b527f611d4a79fa,cmd/ratify/cmd/resolve.go,https://github.com/notaryproject/ratify/raw/0ec0c08490e3d672ae64b1a220c90d5484f1c93f/cmd%2Fratify%2Fcmd%2Fresolve.go,[]
ratify-project,ratify,0f2a6ad4a9c884d5bfc69d3e2b527f611d4a79fa,cmd/ratify/cmd/root.go,https://github.com/notaryproject/ratify/raw/0ec0c08490e3d672ae64b1a220c90d5484f1c93f/cmd%2Fratify%2Fcmd%2Froot.go,[]
ratify-project,ratify,0f2a6ad4a9c884d5bfc69d3e2b527f611d4a79fa,cmd/ratify/cmd/serve.go,https://github.com/notaryproject/ratify/raw/0ec0c08490e3d672ae64b1a220c90d5484f1c93f/cmd%2Fratify%2Fcmd%2Fserve.go,[]
ratify-project,ratify,0f2a6ad4a9c884d5bfc69d3e2b527f611d4a79fa,cmd/ratify/cmd/verify.go,https://github.com/notaryproject/ratify/raw/0ec0c08490e3d672ae64b1a220c90d5484f1c93f/cmd%2Fratify%2Fcmd%2Fverify.go,[]
ratify-project,ratify,0f2a6ad4a9c884d5bfc69d3e2b527f611d4a79fa,cmd/ratify/cmd/version.go,https://github.com/notaryproject/ratify/raw/0ec0c08490e3d672ae64b1a220c90d5484f1c93f/cmd%2Fratify%2Fcmd%2Fversion.go,[]
ratify-project,ratify,0f2a6ad4a9c884d5bfc69d3e2b527f611d4a79fa,httpserver/handlers.go,https://github.com/notaryproject/ratify/raw/0ec0c08490e3d672ae64b1a220c90d5484f1c93f/httpserver%2Fhandlers.go,[]
ratify-project,ratify,0f2a6ad4a9c884d5bfc69d3e2b527f611d4a79fa,httpserver/server_test.go,https://github.com/notaryproject/ratify/raw/0ec0c08490e3d672ae64b1a220c90d5484f1c93f/httpserver%2Fserver_test.go,[]
ratify-project,ratify,0f2a6ad4a9c884d5bfc69d3e2b527f611d4a79fa,httpserver/tlsManager.go,https://github.com/notaryproject/ratify/raw/0ec0c08490e3d672ae64b1a220c90d5484f1c93f/httpserver%2FtlsManager.go,[]
ratify-project,ratify,0f2a6ad4a9c884d5bfc69d3e2b527f611d4a79fa,pkg/certificateprovider/certificate_provider_test.go,https://github.com/notaryproject/ratify/raw/0ec0c08490e3d672ae64b1a220c90d5484f1c93f/pkg%2Fcertificateprovider%2Fcertificate_provider_test.go,[]
ratify-project,ratify,0f2a6ad4a9c884d5bfc69d3e2b527f611d4a79fa,pkg/common/oras/authprovider/aws/awsecrbasic.go,https://github.com/notaryproject/ratify/raw/0ec0c08490e3d672ae64b1a220c90d5484f1c93f/pkg%2Fcommon%2Foras%2Fauthprovider%2Faws%2Fawsecrbasic.go,[]
ratify-project,ratify,0f2a6ad4a9c884d5bfc69d3e2b527f611d4a79fa,pkg/common/oras/authprovider/azure/azureidentity.go,https://github.com/notaryproject/ratify/raw/0ec0c08490e3d672ae64b1a220c90d5484f1c93f/pkg%2Fcommon%2Foras%2Fauthprovider%2Fazure%2Fazureidentity.go,"['@@ -37,11 +37,13 @@', '@@ -76,9 +78,12 @@', '@@ -122,6 +128,10 @@']"
ratify-project,ratify,0f2a6ad4a9c884d5bfc69d3e2b527f611d4a79fa,pkg/common/oras/authprovider/azure/azureworkloadidentity.go,https://github.com/notaryproject/ratify/raw/0ec0c08490e3d672ae64b1a220c90d5484f1c93f/pkg%2Fcommon%2Foras%2Fauthprovider%2Fazure%2Fazureworkloadidentity.go,"['@@ -33,14 +33,16 @@', '@@ -77,16 +79,22 @@', '@@ -116,6 +124,10 @@']"
ratify-project,ratify,0f2a6ad4a9c884d5bfc69d3e2b527f611d4a79fa,pkg/common/oras/authprovider/azure/const.go,https://github.com/notaryproject/ratify/raw/0ec0c08490e3d672ae64b1a220c90d5484f1c93f/pkg%2Fcommon%2Foras%2Fauthprovider%2Fazure%2Fconst.go,"['@@ -27,6 +27,9 @@']"
ratify-project,ratify,0f2a6ad4a9c884d5bfc69d3e2b527f611d4a79fa,pkg/common/oras/authprovider/azure/helper.go,https://github.com/notaryproject/ratify/raw/0ec0c08490e3d672ae64b1a220c90d5484f1c93f/pkg%2Fcommon%2Foras%2Fauthprovider%2Fazure%2Fhelper.go,"['@@ -0,0 +1,72 @@']"
ratify-project,ratify,0f2a6ad4a9c884d5bfc69d3e2b527f611d4a79fa,pkg/common/oras/authprovider/azure/helper_test.go,https://github.com/notaryproject/ratify/raw/0ec0c08490e3d672ae64b1a220c90d5484f1c93f/pkg%2Fcommon%2Foras%2Fauthprovider%2Fazure%2Fhelper_test.go,"['@@ -0,0 +1,110 @@']"
ratify-project,ratify,0f2a6ad4a9c884d5bfc69d3e2b527f611d4a79fa,pkg/controllers/clusterresource/policy_controller_test.go,https://github.com/notaryproject/ratify/raw/0ec0c08490e3d672ae64b1a220c90d5484f1c93f/pkg%2Fcontrollers%2Fclusterresource%2Fpolicy_controller_test.go,[]
ratify-project,ratify,0f2a6ad4a9c884d5bfc69d3e2b527f611d4a79fa,pkg/controllers/clusterresource/store_controller_test.go,https://github.com/notaryproject/ratify/raw/0ec0c08490e3d672ae64b1a220c90d5484f1c93f/pkg%2Fcontrollers%2Fclusterresource%2Fstore_controller_test.go,[]
ratify-project,ratify,0f2a6ad4a9c884d5bfc69d3e2b527f611d4a79fa,pkg/controllers/logging.go,https://github.com/notaryproject/ratify/raw/0ec0c08490e3d672ae64b1a220c90d5484f1c93f/pkg%2Fcontrollers%2Flogging.go,[]
ratify-project,ratify,0f2a6ad4a9c884d5bfc69d3e2b527f611d4a79fa,pkg/controllers/namespaceresource/policy_controller_test.go,https://github.com/notaryproject/ratify/raw/0ec0c08490e3d672ae64b1a220c90d5484f1c93f/pkg%2Fcontrollers%2Fnamespaceresource%2Fpolicy_controller_test.go,[]
ratify-project,ratify,0f2a6ad4a9c884d5bfc69d3e2b527f611d4a79fa,pkg/executor/core/executor_test.go,https://github.com/notaryproject/ratify/raw/0ec0c08490e3d672ae64b1a220c90d5484f1c93f/pkg%2Fexecutor%2Fcore%2Fexecutor_test.go,[]
ratify-project,ratify,0f2a6ad4a9c884d5bfc69d3e2b527f611d4a79fa,pkg/keymanagementprovider/azurekeyvault/provider_test.go,https://github.com/notaryproject/ratify/raw/0ec0c08490e3d672ae64b1a220c90d5484f1c93f/pkg%2Fkeymanagementprovider%2Fazurekeyvault%2Fprovider_test.go,[]
ratify-project,ratify,0f2a6ad4a9c884d5bfc69d3e2b527f611d4a79fa,pkg/keymanagementprovider/keymanagementprovider_test.go,https://github.com/notaryproject/ratify/raw/0ec0c08490e3d672ae64b1a220c90d5484f1c93f/pkg%2Fkeymanagementprovider%2Fkeymanagementprovider_test.go,[]
ratify-project,ratify,0f2a6ad4a9c884d5bfc69d3e2b527f611d4a79fa,pkg/manager/manager.go,https://github.com/notaryproject/ratify/raw/0ec0c08490e3d672ae64b1a220c90d5484f1c93f/pkg%2Fmanager%2Fmanager.go,[]
ratify-project,ratify,0f2a6ad4a9c884d5bfc69d3e2b527f611d4a79fa,pkg/metrics/stats_reporter.go,https://github.com/notaryproject/ratify/raw/0ec0c08490e3d672ae64b1a220c90d5484f1c93f/pkg%2Fmetrics%2Fstats_reporter.go,[]
ratify-project,ratify,0f2a6ad4a9c884d5bfc69d3e2b527f611d4a79fa,pkg/referrerstore/oras/oras.go,https://github.com/notaryproject/ratify/raw/0ec0c08490e3d672ae64b1a220c90d5484f1c93f/pkg%2Freferrerstore%2Foras%2Foras.go,[]
ratify-project,ratify,0f2a6ad4a9c884d5bfc69d3e2b527f611d4a79fa,pkg/referrerstore/oras/oras_test.go,https://github.com/notaryproject/ratify/raw/0ec0c08490e3d672ae64b1a220c90d5484f1c93f/pkg%2Freferrerstore%2Foras%2Foras_test.go,[]
ratify-project,ratify,0f2a6ad4a9c884d5bfc69d3e2b527f611d4a79fa,pkg/referrerstore/plugin/plugin_test.go,https://github.com/notaryproject/ratify/raw/0ec0c08490e3d672ae64b1a220c90d5484f1c93f/pkg%2Freferrerstore%2Fplugin%2Fplugin_test.go,[]
ratify-project,ratify,0f2a6ad4a9c884d5bfc69d3e2b527f611d4a79fa,pkg/referrerstore/plugin/skel/skel_test.go,https://github.com/notaryproject/ratify/raw/0ec0c08490e3d672ae64b1a220c90d5484f1c93f/pkg%2Freferrerstore%2Fplugin%2Fskel%2Fskel_test.go,[]
ratify-project,ratify,0f2a6ad4a9c884d5bfc69d3e2b527f611d4a79fa,pkg/verifier/notation/pluginmanager.go,https://github.com/notaryproject/ratify/raw/0ec0c08490e3d672ae64b1a220c90d5484f1c93f/pkg%2Fverifier%2Fnotation%2Fpluginmanager.go,[]
ratify-project,ratify,0f2a6ad4a9c884d5bfc69d3e2b527f611d4a79fa,pkg/verifier/plugin/plugin_test.go,https://github.com/notaryproject/ratify/raw/0ec0c08490e3d672ae64b1a220c90d5484f1c93f/pkg%2Fverifier%2Fplugin%2Fplugin_test.go,[]
ratify-project,ratify,0f2a6ad4a9c884d5bfc69d3e2b527f611d4a79fa,pkg/verifier/plugin/skel/skel_test.go,https://github.com/notaryproject/ratify/raw/0ec0c08490e3d672ae64b1a220c90d5484f1c93f/pkg%2Fverifier%2Fplugin%2Fskel%2Fskel_test.go,[]
ratify-project,ratify,e57c9a90b30cc30f82e12fd86832c65bf8b56d4d,cmd/ratify/cmd/serve.go,https://github.com/notaryproject/ratify/raw/84c7c48fa76bb9a1c9583635d1e90bc25b1a546c/cmd%2Fratify%2Fcmd%2Fserve.go,[]
ratify-project,ratify,e57c9a90b30cc30f82e12fd86832c65bf8b56d4d,pkg/certificateprovider/certificate_provider_test.go,https://github.com/notaryproject/ratify/raw/84c7c48fa76bb9a1c9583635d1e90bc25b1a546c/pkg%2Fcertificateprovider%2Fcertificate_provider_test.go,[]
ratify-project,ratify,e57c9a90b30cc30f82e12fd86832c65bf8b56d4d,pkg/common/oras/authprovider/azure/azureidentity.go,https://github.com/notaryproject/ratify/raw/84c7c48fa76bb9a1c9583635d1e90bc25b1a546c/pkg%2Fcommon%2Foras%2Fauthprovider%2Fazure%2Fazureidentity.go,"['@@ -37,11 +37,13 @@', '@@ -76,9 +78,12 @@', '@@ -122,6 +128,10 @@']"
ratify-project,ratify,e57c9a90b30cc30f82e12fd86832c65bf8b56d4d,pkg/common/oras/authprovider/azure/azureworkloadidentity.go,https://github.com/notaryproject/ratify/raw/84c7c48fa76bb9a1c9583635d1e90bc25b1a546c/pkg%2Fcommon%2Foras%2Fauthprovider%2Fazure%2Fazureworkloadidentity.go,"['@@ -33,14 +33,16 @@', '@@ -77,16 +79,22 @@', '@@ -116,6 +124,10 @@']"
ratify-project,ratify,e57c9a90b30cc30f82e12fd86832c65bf8b56d4d,pkg/common/oras/authprovider/azure/const.go,https://github.com/notaryproject/ratify/raw/84c7c48fa76bb9a1c9583635d1e90bc25b1a546c/pkg%2Fcommon%2Foras%2Fauthprovider%2Fazure%2Fconst.go,"['@@ -27,6 +27,9 @@']"
ratify-project,ratify,e57c9a90b30cc30f82e12fd86832c65bf8b56d4d,pkg/common/oras/authprovider/azure/helper.go,https://github.com/notaryproject/ratify/raw/84c7c48fa76bb9a1c9583635d1e90bc25b1a546c/pkg%2Fcommon%2Foras%2Fauthprovider%2Fazure%2Fhelper.go,"['@@ -0,0 +1,72 @@']"
ratify-project,ratify,e57c9a90b30cc30f82e12fd86832c65bf8b56d4d,pkg/common/oras/authprovider/azure/helper_test.go,https://github.com/notaryproject/ratify/raw/84c7c48fa76bb9a1c9583635d1e90bc25b1a546c/pkg%2Fcommon%2Foras%2Fauthprovider%2Fazure%2Fhelper_test.go,"['@@ -0,0 +1,110 @@']"
ratify-project,ratify,e57c9a90b30cc30f82e12fd86832c65bf8b56d4d,pkg/controllers/logging.go,https://github.com/notaryproject/ratify/raw/84c7c48fa76bb9a1c9583635d1e90bc25b1a546c/pkg%2Fcontrollers%2Flogging.go,[]
ratify-project,ratify,e57c9a90b30cc30f82e12fd86832c65bf8b56d4d,pkg/keymanagementprovider/keymanagementprovider_test.go,https://github.com/notaryproject/ratify/raw/84c7c48fa76bb9a1c9583635d1e90bc25b1a546c/pkg%2Fkeymanagementprovider%2Fkeymanagementprovider_test.go,[]
ratify-project,ratify,e57c9a90b30cc30f82e12fd86832c65bf8b56d4d,pkg/manager/manager.go,https://github.com/notaryproject/ratify/raw/84c7c48fa76bb9a1c9583635d1e90bc25b1a546c/pkg%2Fmanager%2Fmanager.go,[]
ratify-project,ratify,e57c9a90b30cc30f82e12fd86832c65bf8b56d4d,pkg/verifier/notation/truststore_test.go,https://github.com/notaryproject/ratify/raw/84c7c48fa76bb9a1c9583635d1e90bc25b1a546c/pkg%2Fverifier%2Fnotation%2Ftruststore_test.go,[]
ratify-project,ratify,e57c9a90b30cc30f82e12fd86832c65bf8b56d4d,pkg/verifier/result_test.go,https://github.com/notaryproject/ratify/raw/84c7c48fa76bb9a1c9583635d1e90bc25b1a546c/pkg%2Fverifier%2Fresult_test.go,[]
ratify-project,ratify,e57c9a90b30cc30f82e12fd86832c65bf8b56d4d,pkg/verifier/types/types_test.go,https://github.com/notaryproject/ratify/raw/84c7c48fa76bb9a1c9583635d1e90bc25b1a546c/pkg%2Fverifier%2Ftypes%2Ftypes_test.go,[]
strangelove-ventures,horcrux,735808bd5b97c3665d07c2ea77c1d5e69a8d64cd,cmd/horcrux/cmd/state_test.go,https://github.com/strangelove-ventures/horcrux/raw/fb49be9baed30942b81b42da2b4f7040a2a83c02/cmd%2Fhorcrux%2Fcmd%2Fstate_test.go,[]
strangelove-ventures,horcrux,735808bd5b97c3665d07c2ea77c1d5e69a8d64cd,signer/sign_state.go,https://github.com/strangelove-ventures/horcrux/raw/fb49be9baed30942b81b42da2b4f7040a2a83c02/signer%2Fsign_state.go,"['@@ -142,17 +142,7 @@', '@@ -208,18 +198,25 @@', '@@ -235,12 +232,7 @@', '@@ -251,15 +243,11 @@', '@@ -268,27 +256,55 @@', '@@ -483,12 +499,7 @@']"
strangelove-ventures,horcrux,735808bd5b97c3665d07c2ea77c1d5e69a8d64cd,signer/sign_state_test.go,https://github.com/strangelove-ventures/horcrux/raw/fb49be9baed30942b81b42da2b4f7040a2a83c02/signer%2Fsign_state_test.go,"['@@ -0,0 +1,104 @@']"
go-vela,server,ff7c877f9ac113691dbd930af5b15ded5b0c3e63,cmd/vela-server/main.go,https://github.com/go-vela/server/raw/257886e5a3eea518548387885894e239668584f5/cmd%2Fvela-server%2Fmain.go,"['@@ -75,6 +75,11 @@']"
go-vela,server,ff7c877f9ac113691dbd930af5b15ded5b0c3e63,cmd/vela-server/metadata.go,https://github.com/go-vela/server/raw/257886e5a3eea518548387885894e239668584f5/cmd%2Fvela-server%2Fmetadata.go,"['@@ -109,6 +109,10 @@']"
go-vela,server,ff7c877f9ac113691dbd930af5b15ded5b0c3e63,internal/metadata.go,https://github.com/go-vela/server/raw/257886e5a3eea518548387885894e239668584f5/internal%2Fmetadata.go,[]
go-vela,server,ff7c877f9ac113691dbd930af5b15ded5b0c3e63,router/middleware/header.go,https://github.com/go-vela/server/raw/257886e5a3eea518548387885894e239668584f5/router%2Fmiddleware%2Fheader.go,"['@@ -65,14 +66,31 @@']"
go-vela,server,ff7c877f9ac113691dbd930af5b15ded5b0c3e63,router/middleware/header_test.go,https://github.com/go-vela/server/raw/257886e5a3eea518548387885894e239668584f5/router%2Fmiddleware%2Fheader_test.go,"['@@ -176,45 +176,102 @@']"
go-vela,server,64c1b2d5979dea375ef2939d692944b317fca4af,api/repo/repair.go,https://github.com/go-vela/server/raw/67c1892e2464dc54b8d2588815dfb7819222500b/api%2Frepo%2Frepair.go,[]
go-vela,server,64c1b2d5979dea375ef2939d692944b317fca4af,api/webhook/post.go,https://github.com/go-vela/server/raw/67c1892e2464dc54b8d2588815dfb7819222500b/api%2Fwebhook%2Fpost.go,"['@@ -146,9 +146,72 @@', '@@ -165,29 +228,12 @@', '@@ -204,18 +250,6 @@', '@@ -319,20 +353,6 @@', '@@ -618,9 +638,7 @@', '@@ -732,32 +750,18 @@']"
go-vela,server,64c1b2d5979dea375ef2939d692944b317fca4af,scm/github/webhook.go,https://github.com/go-vela/server/raw/67c1892e2464dc54b8d2588815dfb7819222500b/scm%2Fgithub%2Fwebhook.go,"['@@ -139,6 +139,9 @@', '@@ -268,6 +271,9 @@', '@@ -355,6 +361,9 @@', '@@ -473,6 +482,9 @@', '@@ -516,6 +528,9 @@']"
beego,beego,1f40a88b0ccc861dee094371aeeb29a3f70a2ee6,server/web/templatefunc.go,https://github.com/beego/beego/raw/939bb18c66406466715ddadd25dd9ffa6f169e25/server%2Fweb%2Ftemplatefunc.go,"['@@ -314,43 +314,62 @@']"
beego,beego,1f40a88b0ccc861dee094371aeeb29a3f70a2ee6,server/web/templatefunc_test.go,https://github.com/beego/beego/raw/939bb18c66406466715ddadd25dd9ffa6f169e25/server%2Fweb%2Ftemplatefunc_test.go,"['@@ -583,3 +584,44 @@']"
corazawaf,coraza,8b612f4e6e18c606e371110227bc7669dc714cab,internal/corazawaf/transaction.go,https://github.com/corazawaf/coraza/raw/4722c9ad0d502abd56b8d6733c6b47eb4111742d/internal%2Fcorazawaf%2Ftransaction.go,[]
corazawaf,coraza,8b612f4e6e18c606e371110227bc7669dc714cab,internal/corazawaf/transaction_test.go,https://github.com/corazawaf/coraza/raw/4722c9ad0d502abd56b8d6733c6b47eb4111742d/internal%2Fcorazawaf%2Ftransaction_test.go,"['@@ -1787,3 +1788,78 @@']"
mccutchen,go-httpbin,9bcfcdaa126ab6a721bae670b55050a52ceafa05,httpbin/cmd/cmd.go,https://github.com/mccutchen/go-httpbin/raw/0decfd1a2e88d85ca6bfb8a92421653f647cbc04/httpbin%2Fcmd%2Fcmd.go,"['@@ -91,6 +91,9 @@', '@@ -128,6 +131,14 @@', '@@ -169,6 +180,10 @@', '@@ -258,10 +273,7 @@', '@@ -301,6 +313,10 @@', '@@ -319,6 +335,10 @@']"
mccutchen,go-httpbin,9bcfcdaa126ab6a721bae670b55050a52ceafa05,httpbin/cmd/cmd_test.go,https://github.com/mccutchen/go-httpbin/raw/0decfd1a2e88d85ca6bfb8a92421653f647cbc04/httpbin%2Fcmd%2Fcmd_test.go,"['@@ -46,6 +46,8 @@', '@@ -475,6 +477,54 @@']"
mccutchen,go-httpbin,9bcfcdaa126ab6a721bae670b55050a52ceafa05,httpbin/handlers.go,https://github.com/mccutchen/go-httpbin/raw/0decfd1a2e88d85ca6bfb8a92421653f647cbc04/httpbin%2Fhandlers.go,"['@@ -332,17 +333,40 @@', '@@ -1103,6 +1127,10 @@']"
mccutchen,go-httpbin,9bcfcdaa126ab6a721bae670b55050a52ceafa05,httpbin/handlers_test.go,https://github.com/mccutchen/go-httpbin/raw/0decfd1a2e88d85ca6bfb8a92421653f647cbc04/httpbin%2Fhandlers_test.go,"['@@ -1256,6 +1257,92 @@', '@@ -2992,6 +3079,12 @@']"
mccutchen,go-httpbin,9bcfcdaa126ab6a721bae670b55050a52ceafa05,httpbin/helpers.go,https://github.com/mccutchen/go-httpbin/raw/0decfd1a2e88d85ca6bfb8a92421653f647cbc04/httpbin%2Fhelpers.go,"['@@ -587,3 +588,26 @@']"
mccutchen,go-httpbin,9bcfcdaa126ab6a721bae670b55050a52ceafa05,httpbin/helpers_test.go,https://github.com/mccutchen/go-httpbin/raw/0decfd1a2e88d85ca6bfb8a92421653f647cbc04/httpbin%2Fhelpers_test.go,"['@@ -587,6 +587,80 @@']"
mccutchen,go-httpbin,9bcfcdaa126ab6a721bae670b55050a52ceafa05,httpbin/httpbin.go,https://github.com/mccutchen/go-httpbin/raw/0decfd1a2e88d85ca6bfb8a92421653f647cbc04/httpbin%2Fhttpbin.go,"['@@ -57,6 +57,14 @@', '@@ -219,3 +227,12 @@']"
mccutchen,go-httpbin,9bcfcdaa126ab6a721bae670b55050a52ceafa05,httpbin/options.go,https://github.com/mccutchen/go-httpbin/raw/0decfd1a2e88d85ca6bfb8a92421653f647cbc04/httpbin%2Foptions.go,"['@@ -88,3 +88,15 @@']"
getkin,kin-openapi,6da871e0e170b7637eb568c265c08bc2b5d6e7a3,openapi3filter/req_resp_decoder.go,https://github.com/getkin/kin-openapi/raw/67f0b233ffc01332f7d993f79490fbea5f4455f1/openapi3filter%2Freq_resp_decoder.go,[]
getkin,kin-openapi,6da871e0e170b7637eb568c265c08bc2b5d6e7a3,openapi3filter/validate_request.go,https://github.com/getkin/kin-openapi/raw/67f0b233ffc01332f7d993f79490fbea5f4455f1/openapi3filter%2Fvalidate_request.go,[]
getkin,kin-openapi,6da871e0e170b7637eb568c265c08bc2b5d6e7a3,openapi3filter/zip_file_upload_test.go,https://github.com/getkin/kin-openapi/raw/67f0b233ffc01332f7d993f79490fbea5f4455f1/openapi3filter%2Fzip_file_upload_test.go,"['@@ -17,6 +17,8 @@']"
jaredallard,archives,13e1eea5b75e24bccf7829723a52c56ce4ad61ed,extractor.go,https://github.com/jaredallard/archives/raw/3bddec7bd3f38afbe97ae61d1c8a8487e9ea4ef1/extractor.go,"['@@ -24,8 +24,22 @@', '@@ -38,18 +52,27 @@']"
jaredallard,archives,13e1eea5b75e24bccf7829723a52c56ce4ad61ed,internal/tartest/tartest.go,https://github.com/jaredallard/archives/raw/3bddec7bd3f38afbe97ae61d1c8a8487e9ea4ef1/internal%2Ftartest%2Ftartest.go,"['@@ -46,10 +47,12 @@']"
plentico,plenti,fff52f8ebb54f3ad99b695ffb9716d86bf118a72,cmd/serve.go,https://github.com/plentico/plenti/raw/c3e72a9ebbc2a03f4b0f3104becbfc25e390cb8e/cmd%2Fserve.go,"['@@ -40,6 +41,9 @@', '@@ -195,16 +199,28 @@', '@@ -213,10 +229,16 @@']"
envoyproxy,gateway,b7c682d2c0ae8f6134be373daf412f0120ac2ba0,internal/gatewayapi/listener.go,https://github.com/envoyproxy/gateway/raw/041d474a70d5921e5d65e6e14ea60e14dac70b01/internal%2Fgatewayapi%2Flistener.go,[]
envoyproxy,gateway,76e714e12b75cc20a0de5edd6e89fcfea231444d,internal/gatewayapi/listener.go,https://github.com/envoyproxy/gateway/raw/358bed50dcb7b32f39a2edb252fb1399c7fc65dc/internal%2Fgatewayapi%2Flistener.go,[]
envoyproxy,gateway,7de29ae5614e5b8542f9603eb01ad84eb1c07277,internal/gatewayapi/listener.go,https://github.com/envoyproxy/gateway/raw/8f48f5199cf1bbb9a8ac0695c5171bfef6c9198a/internal%2Fgatewayapi%2Flistener.go,[]
redis,go-redis,74d4f084764d855c811ebd2c57193f74fe0ec7ad,bench_decode_test.go,https://github.com/redis/go-redis/raw/d236865b0cfa1b752ea4b7da666b1fdcd0acebb6/bench_decode_test.go,[]
redis,go-redis,74d4f084764d855c811ebd2c57193f74fe0ec7ad,options.go,https://github.com/redis/go-redis/raw/d236865b0cfa1b752ea4b7da666b1fdcd0acebb6/options.go,"['@@ -148,9 +148,18 @@']"
redis,go-redis,74d4f084764d855c811ebd2c57193f74fe0ec7ad,osscluster.go,https://github.com/redis/go-redis/raw/d236865b0cfa1b752ea4b7da666b1fdcd0acebb6/osscluster.go,"['@@ -90,8 +90,19 @@']"
redis,go-redis,74d4f084764d855c811ebd2c57193f74fe0ec7ad,redis.go,https://github.com/redis/go-redis/raw/d236865b0cfa1b752ea4b7da666b1fdcd0acebb6/redis.go,"['@@ -359,7 +359,11 @@']"
redis,go-redis,74d4f084764d855c811ebd2c57193f74fe0ec7ad,redis_test.go,https://github.com/redis/go-redis/raw/d236865b0cfa1b752ea4b7da666b1fdcd0acebb6/redis_test.go,"['@@ -396,6 +396,13 @@']"
redis,go-redis,74d4f084764d855c811ebd2c57193f74fe0ec7ad,ring.go,https://github.com/redis/go-redis/raw/d236865b0cfa1b752ea4b7da666b1fdcd0acebb6/ring.go,"['@@ -98,9 +98,19 @@', '@@ -167,9 +177,11 @@']"
redis,go-redis,74d4f084764d855c811ebd2c57193f74fe0ec7ad,sentinel.go,https://github.com/redis/go-redis/raw/d236865b0cfa1b752ea4b7da666b1fdcd0acebb6/sentinel.go,"['@@ -80,9 +80,20 @@', '@@ -118,9 +129,11 @@', '@@ -156,9 +169,11 @@', '@@ -197,8 +212,10 @@']"
redis,go-redis,74d4f084764d855c811ebd2c57193f74fe0ec7ad,universal.go,https://github.com/redis/go-redis/raw/d236865b0cfa1b752ea4b7da666b1fdcd0acebb6/universal.go,"['@@ -61,14 +61,24 @@']"
onosproject,onos-lib-go,98b7213a3cd6f287d7bfe12f1a0227cd5e8ed239,pkg/asn1/aper/aper.go,https://github.com/onosproject/onos-lib-go/raw/55579ffad35f59a5945c7861d944cd57a3b4b3d0/pkg%2Fasn1%2Faper%2Faper.go,"['@@ -39,6 +40,10 @@']"
kyverno,kyverno,5f42a0bad8ca0812b676f11f8674f87403ca2367,pkg/cosign/cosign.go,https://github.com/kyverno/kyverno/raw/8777672fb17bdf252bd2e7d8de3441e240404a60/pkg%2Fcosign%2Fcosign.go,[]
kcp-dev,kcp,2bd1950368e57fc5af4d3852ee4d1bfa9c9ef4eb,pkg/virtual/apiexport/authorizer/binding.go,https://github.com/kcp-dev/kcp/raw/614ecbf35f11db00f65391ab6fbb1547ca8b5d38/pkg%2Fvirtual%2Fapiexport%2Fauthorizer%2Fbinding.go,"['@@ -0,0 +1,127 @@']"
kcp-dev,kcp,2bd1950368e57fc5af4d3852ee4d1bfa9c9ef4eb,pkg/virtual/apiexport/builder/build.go,https://github.com/kcp-dev/kcp/raw/614ecbf35f11db00f65391ab6fbb1547ca8b5d38/pkg%2Fvirtual%2Fapiexport%2Fbuilder%2Fbuild.go,"['@@ -291,14 +292,17 @@']"
kcp-dev,kcp,2bd1950368e57fc5af4d3852ee4d1bfa9c9ef4eb,pkg/virtual/apiexport/options/options.go,https://github.com/kcp-dev/kcp/raw/614ecbf35f11db00f65391ab6fbb1547ca8b5d38/pkg%2Fvirtual%2Fapiexport%2Foptions%2Foptions.go,[]
kcp-dev,kcp,2bd1950368e57fc5af4d3852ee4d1bfa9c9ef4eb,pkg/virtual/options/options.go,https://github.com/kcp-dev/kcp/raw/614ecbf35f11db00f65391ab6fbb1547ca8b5d38/pkg%2Fvirtual%2Foptions%2Foptions.go,[]
kcp-dev,kcp,2bd1950368e57fc5af4d3852ee4d1bfa9c9ef4eb,test/e2e/virtual/apiexport/authorizer_test.go,https://github.com/kcp-dev/kcp/raw/614ecbf35f11db00f65391ab6fbb1547ca8b5d38/test%2Fe2e%2Fvirtual%2Fapiexport%2Fauthorizer_test.go,"['@@ -465,11 +466,271 @@']"
expr-lang,expr,77e876bb7cda24c5aeedbfd1a0efa1465fb503bb,conf/config.go,https://github.com/expr-lang/expr/raw/0d19441454426d2f58edb22c31f3ba5f99c7a26e/conf%2Fconfig.go,"['@@ -10,31 +10,43 @@']"
expr-lang,expr,77e876bb7cda24c5aeedbfd1a0efa1465fb503bb,parser/parser.go,https://github.com/expr-lang/expr/raw/0d19441454426d2f58edb22c31f3ba5f99c7a26e/parser%2Fparser.go,"['@@ -45,12 +45,47 @@', '@@ -129,6 +164,10 @@', '@@ -190,19 +229,23 @@', '@@ -229,13 +272,11 @@', '@@ -272,10 +313,13 @@', '@@ -288,11 +332,13 @@', '@@ -314,8 +360,10 @@', '@@ -344,23 +392,31 @@', '@@ -407,8 +463,10 @@', '@@ -478,25 +536,34 @@', '@@ -534,10 +601,12 @@', '@@ -558,8 +627,10 @@', '@@ -585,8 +656,10 @@', '@@ -597,16 +670,20 @@', '@@ -631,8 +708,10 @@', '@@ -641,26 +720,33 @@', '@@ -674,11 +760,13 @@', '@@ -692,25 +780,32 @@', '@@ -722,26 +817,29 @@']"
expr-lang,expr,77e876bb7cda24c5aeedbfd1a0efa1465fb503bb,parser/parser_test.go,https://github.com/expr-lang/expr/raw/0d19441454426d2f58edb22c31f3ba5f99c7a26e/parser%2Fparser_test.go,"['@@ -925,3 +926,78 @@']"
expr-lang,expr,77e876bb7cda24c5aeedbfd1a0efa1465fb503bb,vm/utils.go,https://github.com/expr-lang/expr/raw/0d19441454426d2f58edb22c31f3ba5f99c7a26e/vm%2Futils.go,"['@@ -11,9 +11,6 @@']"
expr-lang,expr,77e876bb7cda24c5aeedbfd1a0efa1465fb503bb,vm/vm.go,https://github.com/expr-lang/expr/raw/0d19441454426d2f58edb22c31f3ba5f99c7a26e/vm%2Fvm.go,"['@@ -20,11 +21,23 @@', '@@ -76,7 +89,9 @@']"
expr-lang,expr,77e876bb7cda24c5aeedbfd1a0efa1465fb503bb,vm/vm_test.go,https://github.com/expr-lang/expr/raw/0d19441454426d2f58edb22c31f3ba5f99c7a26e/vm%2Fvm_test.go,"['@@ -17,8 +18,35 @@', '@@ -1191,3 +1219,135 @@']"
docker,buildx,00fdcd38ab50620775ed3dd00ab5986c2488768b,commands/bake.go,https://github.com/docker/buildx/raw/18ccba072076ddbfb0aeedd6746d7719b0729b58/commands%2Fbake.go,"['@@ -66,7 +66,11 @@', '@@ -488,7 +492,14 @@', '@@ -508,19 +519,10 @@']"
docker,buildx,00fdcd38ab50620775ed3dd00ab5986c2488768b,commands/build.go,https://github.com/docker/buildx/raw/18ccba072076ddbfb0aeedd6746d7719b0729b58/commands%2Fbuild.go,"['@@ -286,7 +286,11 @@']"
docker,buildx,00fdcd38ab50620775ed3dd00ab5986c2488768b,localstate/localstate.go,https://github.com/docker/buildx/raw/18ccba072076ddbfb0aeedd6746d7719b0729b58/localstate%2Flocalstate.go,"['@@ -31,12 +33,8 @@', '@@ -52,9 +50,7 @@', '@@ -87,8 +83,12 @@', '@@ -230,3 +230,16 @@']"
docker,buildx,00fdcd38ab50620775ed3dd00ab5986c2488768b,localstate/localstate_test.go,https://github.com/docker/buildx/raw/18ccba072076ddbfb0aeedd6746d7719b0729b58/localstate%2Flocalstate_test.go,"['@@ -68,10 +68,8 @@']"
docker,buildx,00fdcd38ab50620775ed3dd00ab5986c2488768b,localstate/migrate.go,https://github.com/docker/buildx/raw/18ccba072076ddbfb0aeedd6746d7719b0729b58/localstate%2Fmigrate.go,"['@@ -0,0 +1,56 @@']"
docker,buildx,00fdcd38ab50620775ed3dd00ab5986c2488768b,util/tracing/trace.go,https://github.com/docker/buildx/raw/18ccba072076ddbfb0aeedd6746d7719b0729b58/util%2Ftracing%2Ftrace.go,[]
treeverse,lakeFS,6d738635778e706fcacc29039d019b05ee01956c,esti/presign_expiry_test.go,https://github.com/treeverse/lakeFS/raw/92966ae611d7f1a2bbe7fd56f9568c975aab2bd8/esti%2Fpresign_expiry_test.go,"['@@ -0,0 +1,218 @@']"
treeverse,lakeFS,6d738635778e706fcacc29039d019b05ee01956c,pkg/gateway/sig/sig.go,https://github.com/treeverse/lakeFS/raw/92966ae611d7f1a2bbe7fd56f9568c975aab2bd8/pkg%2Fgateway%2Fsig%2Fsig.go,"['@@ -99,6 +100,11 @@']"
treeverse,lakeFS,6d738635778e706fcacc29039d019b05ee01956c,pkg/gateway/sig/v4.go,https://github.com/treeverse/lakeFS/raw/92966ae611d7f1a2bbe7fd56f9568c975aab2bd8/pkg%2Fgateway%2Fsig%2Fv4.go,"['@@ -33,6 +33,17 @@', '@@ -43,12 +54,14 @@', '@@ -61,6 +74,47 @@', '@@ -88,16 +142,19 @@', '@@ -116,7 +173,13 @@', '@@ -144,6 +207,11 @@', '@@ -293,6 +361,39 @@']"
treeverse,lakeFS,6d738635778e706fcacc29039d019b05ee01956c,pkg/gateway/sig/v4_expiration_internal_test.go,https://github.com/treeverse/lakeFS/raw/92966ae611d7f1a2bbe7fd56f9568c975aab2bd8/pkg%2Fgateway%2Fsig%2Fv4_expiration_internal_test.go,"['@@ -0,0 +1,264 @@']"
axllent,mailpit,877a9159ceeaf380d5bb0e1d84017b24d2e7b361,server/websockets/client.go,https://github.com/axllent/mailpit/raw/6f1f4f34c98989fd873261018fb73830b30aec3f/server%2Fwebsockets%2Fclient.go,[]
go-gitea,gitea,07ac29da320a237bb9a1527b64f04362cce51bd3,models/project/column.go,https://github.com/go-gitea/gitea/raw/7b5de594cd92e30b9c3d40ffda119acad794cc64/models%2Fproject%2Fcolumn.go,"['@@ -213,6 +213,18 @@']"
go-gitea,gitea,07ac29da320a237bb9a1527b64f04362cce51bd3,models/project/project.go,https://github.com/go-gitea/gitea/raw/7b5de594cd92e30b9c3d40ffda119acad794cc64/models%2Fproject%2Fproject.go,"['@@ -302,6 +302,18 @@']"
go-gitea,gitea,07ac29da320a237bb9a1527b64f04362cce51bd3,routers/web/org/projects.go,https://github.com/go-gitea/gitea/raw/7b5de594cd92e30b9c3d40ffda119acad794cc64/routers%2Fweb%2Forg%2Fprojects.go,"['@@ -205,24 +205,26 @@', '@@ -246,15 +248,11 @@', '@@ -288,15 +286,11 @@', '@@ -316,15 +310,12 @@', '@@ -455,28 +446,15 @@', '@@ -520,30 +498,18 @@', '@@ -595,24 +561,15 @@']"
go-gitea,gitea,07ac29da320a237bb9a1527b64f04362cce51bd3,routers/web/org/projects_test.go,https://github.com/go-gitea/gitea/raw/7b5de594cd92e30b9c3d40ffda119acad794cc64/routers%2Fweb%2Forg%2Fprojects_test.go,"['@@ -4,11 +4,14 @@', '@@ -26,3 +29,30 @@']"
theupdateframework,go-tuf,876cf2a82b320be6deb43f4ad629057b209a584e,metadata/metadata.go,https://github.com/theupdateframework/go-tuf/raw/b38d91fdbc69dfe31fe9230d97dafe527ea854a0/metadata%2Fmetadata.go,"['@@ -292,6 +292,13 @@']"
theupdateframework,go-tuf,876cf2a82b320be6deb43f4ad629057b209a584e,metadata/metadata_test.go,https://github.com/theupdateframework/go-tuf/raw/b38d91fdbc69dfe31fe9230d97dafe527ea854a0/metadata%2Fmetadata_test.go,"['@@ -592,26 +592,24 @@', '@@ -626,6 +624,40 @@']"
zalando,skipper,e97551d6c3358c52cf7d4f18232f8d1abcd79f5a,config/config.go,https://github.com/zalando/skipper/raw/a4c87ce029a58eb8e1c2c1f93049194a39cf6219/config%2Fconfig.go,[]
zalando,skipper,e97551d6c3358c52cf7d4f18232f8d1abcd79f5a,dataclients/kubernetes/ingress.go,https://github.com/zalando/skipper/raw/a4c87ce029a58eb8e1c2c1f93049194a39cf6219/dataclients%2Fkubernetes%2Fingress.go,"['@@ -67,9 +69,12 @@']"
zalando,skipper,e97551d6c3358c52cf7d4f18232f8d1abcd79f5a,dataclients/kubernetes/ingressv1.go,https://github.com/zalando/skipper/raw/a4c87ce029a58eb8e1c2c1f93049194a39cf6219/dataclients%2Fkubernetes%2Fingressv1.go,"['@@ -109,7 +109,10 @@', '@@ -185,6 +188,11 @@', '@@ -359,8 +367,12 @@']"
zalando,skipper,e97551d6c3358c52cf7d4f18232f8d1abcd79f5a,dataclients/kubernetes/kube.go,https://github.com/zalando/skipper/raw/a4c87ce029a58eb8e1c2c1f93049194a39cf6219/dataclients%2Fkubernetes%2Fkube.go,"['@@ -233,6 +233,10 @@']"
zalando,skipper,e97551d6c3358c52cf7d4f18232f8d1abcd79f5a,dataclients/kubernetes/kubernetestest/fixtures.go,https://github.com/zalando/skipper/raw/a4c87ce029a58eb8e1c2c1f93049194a39cf6219/dataclients%2Fkubernetes%2Fkubernetestest%2Ffixtures.go,[]
zalando,skipper,e97551d6c3358c52cf7d4f18232f8d1abcd79f5a,skipper.go,https://github.com/zalando/skipper/raw/a4c87ce029a58eb8e1c2c1f93049194a39cf6219/skipper.go,"['@@ -293,6 +293,9 @@']"
fleetdm,fleet,93b57ab63276ef17bd7b31a8e4a1e3f4ba6223b9,pkg/mdm/mdmtest/windows.go,https://github.com/fleetdm/fleet/raw/e225ef57912c8f4ac8977e24b5ebe1d9fd875257/pkg%2Fmdm%2Fmdmtest%2Fwindows.go,"['@@ -2,13 +2,16 @@', '@@ -42,6 +45,10 @@', '@@ -65,6 +72,13 @@', '@@ -374,10 +388,21 @@', '@@ -416,10 +441,21 @@', '@@ -467,9 +503,19 @@', '@@ -503,9 +549,13 @@']"
fleetdm,fleet,93b57ab63276ef17bd7b31a8e4a1e3f4ba6223b9,server/mdm/microsoft/wstep.go,https://github.com/fleetdm/fleet/raw/e225ef57912c8f4ac8977e24b5ebe1d9fd875257/server%2Fmdm%2Fmicrosoft%2Fwstep.go,"['@@ -13,11 +13,14 @@', '@@ -235,27 +238,71 @@']"
fleetdm,fleet,93b57ab63276ef17bd7b31a8e4a1e3f4ba6223b9,server/service/integration_logger_test.go,https://github.com/fleetdm/fleet/raw/e225ef57912c8f4ac8977e24b5ebe1d9fd875257/server%2Fservice%2Fintegration_logger_test.go,[]
fleetdm,fleet,93b57ab63276ef17bd7b31a8e4a1e3f4ba6223b9,server/service/integration_mdm_lifecycle_test.go,https://github.com/fleetdm/fleet/raw/e225ef57912c8f4ac8977e24b5ebe1d9fd875257/server%2Fservice%2Fintegration_mdm_lifecycle_test.go,"['@@ -327,6 +327,16 @@', '@@ -359,13 +369,28 @@']"
fleetdm,fleet,93b57ab63276ef17bd7b31a8e4a1e3f4ba6223b9,server/service/integration_mdm_test.go,https://github.com/fleetdm/fleet/raw/e225ef57912c8f4ac8977e24b5ebe1d9fd875257/server%2Fservice%2Fintegration_mdm_test.go,"['@@ -35,12 +35,14 @@', '@@ -158,6 +161,8 @@', '@@ -734,6 +739,37 @@', '@@ -7663,7 +7699,20 @@', '@@ -7826,7 +7875,19 @@', '@@ -8487,6 +8548,36 @@']"
fleetdm,fleet,93b57ab63276ef17bd7b31a8e4a1e3f4ba6223b9,server/service/microsoft_mdm.go,https://github.com/fleetdm/fleet/raw/e225ef57912c8f4ac8977e24b5ebe1d9fd875257/server%2Fservice%2Fmicrosoft_mdm.go,[]
amir20,dozzle,8599b602dc10df00fc7f75d9187beae4e5f3ea79,internal/agent/client.go,https://github.com/amir20/dozzle/raw/620e59aa246347ba8a27e68c532853b8a5137bc1/internal%2Fagent%2Fclient.go,"['@@ -274,8 +274,17 @@']"
amir20,dozzle,8599b602dc10df00fc7f75d9187beae4e5f3ea79,internal/agent/client_test.go,https://github.com/amir20/dozzle/raw/620e59aa246347ba8a27e68c532853b8a5137bc1/internal%2Fagent%2Fclient_test.go,[]
amir20,dozzle,8599b602dc10df00fc7f75d9187beae4e5f3ea79,internal/support/container/agent_service.go,https://github.com/amir20/dozzle/raw/620e59aa246347ba8a27e68c532853b8a5137bc1/internal%2Fsupport%2Fcontainer%2Fagent_service.go,[]
elastic,beats,af5d23e75f47f3a7aa89a844acd0e62ca48ce425,metricbeat/helper/prometheus/textparse.go,https://github.com/elastic/beats/raw/0025fbfe668936eb8fa65b838508faf3c3c04387/metricbeat%2Fhelper%2Fprometheus%2Ftextparse.go,"['@@ -506,6 +506,39 @@', '@@ -580,7 +613,9 @@']"
elastic,beats,af5d23e75f47f3a7aa89a844acd0e62ca48ce425,metricbeat/helper/prometheus/textparse_fuzz_test.go,https://github.com/elastic/beats/raw/0025fbfe668936eb8fa65b838508faf3c3c04387/metricbeat%2Fhelper%2Fprometheus%2Ftextparse_fuzz_test.go,"['@@ -0,0 +1,127 @@']"
elastic,beats,af5d23e75f47f3a7aa89a844acd0e62ca48ce425,metricbeat/helper/prometheus/textparse_test.go,https://github.com/elastic/beats/raw/0025fbfe668936eb8fa65b838508faf3c3c04387/metricbeat%2Fhelper%2Fprometheus%2Ftextparse_test.go,"['@@ -22,8 +22,10 @@', '@@ -39,6 +41,39 @@', '@@ -961,3 +996,151 @@']"
elastic,beats,c7664c91a5a68c2df782bfeffe4fb7f42ff2ad1a,metricbeat/module/graphite/server/data.go,https://github.com/elastic/beats/raw/6e42552a23cec734e7977ebd3eb7fb797ddce456/metricbeat%2Fmodule%2Fgraphite%2Fserver%2Fdata.go,"['@@ -155,19 +155,25 @@']"
elastic,beats,c7664c91a5a68c2df782bfeffe4fb7f42ff2ad1a,metricbeat/module/graphite/server/data_test.go,https://github.com/elastic/beats/raw/6e42552a23cec734e7977ebd3eb7fb797ddce456/metricbeat%2Fmodule%2Fgraphite%2Fserver%2Fdata_test.go,"['@@ -108,3 +108,125 @@']"
elastic,beats,0025fbfe668936eb8fa65b838508faf3c3c04387,metricbeat/module/zookeeper/server/data.go,https://github.com/elastic/beats/raw/c7664c91a5a68c2df782bfeffe4fb7f42ff2ad1a/metricbeat%2Fmodule%2Fzookeeper%2Fserver%2Fdata.go,"['@@ -34,10 +34,6 @@', '@@ -54,8 +50,17 @@']"
elastic,beats,0025fbfe668936eb8fa65b838508faf3c3c04387,metricbeat/module/zookeeper/server/server_test.go,https://github.com/elastic/beats/raw/c7664c91a5a68c2df782bfeffe4fb7f42ff2ad1a/metricbeat%2Fmodule%2Fzookeeper%2Fserver%2Fserver_test.go,"['@@ -70,3 +70,63 @@']"
akuity,kargo,f0e0c446639c2c5cc5fb335ae18ae6035a749705,cmd/controlplane/api.go,https://github.com/akuity/kargo/raw/23646eaefb449a6cc2e76a8033e8a57f71369772/cmd%2Fcontrolplane%2Fapi.go,[]
akuity,kargo,f0e0c446639c2c5cc5fb335ae18ae6035a749705,internal/cli/cmd/server/server.go,https://github.com/akuity/kargo/raw/23646eaefb449a6cc2e76a8033e8a57f71369772/internal%2Fcli%2Fcmd%2Fserver%2Fserver.go,[]
akuity,kargo,f0e0c446639c2c5cc5fb335ae18ae6035a749705,internal/server/config/config.go,https://github.com/akuity/kargo/raw/23646eaefb449a6cc2e76a8033e8a57f71369772/internal%2Fserver%2Fconfig%2Fconfig.go,[]
akuity,kargo,f0e0c446639c2c5cc5fb335ae18ae6035a749705,internal/server/option/auth.go,https://github.com/akuity/kargo/raw/23646eaefb449a6cc2e76a8033e8a57f71369772/internal%2Fserver%2Foption%2Fauth.go,"['@@ -50,16 +51,11 @@', '@@ -370,22 +367,17 @@', '@@ -531,3 +524,42 @@']"
akuity,kargo,f0e0c446639c2c5cc5fb335ae18ae6035a749705,internal/server/option/auth_test.go,https://github.com/akuity/kargo/raw/23646eaefb449a6cc2e76a8033e8a57f71369772/internal%2Fserver%2Foption%2Fauth_test.go,"['@@ -199,14 +201,10 @@', '@@ -363,18 +361,44 @@', '@@ -594,3 +618,46 @@']"
akuity,kargo,dfefe5e596538468b5d74d65eb45bc362864f415,cmd/controlplane/api.go,https://github.com/akuity/kargo/raw/aa28f81ac15ad871c6eba329fc2f0417a08c39d7/cmd%2Fcontrolplane%2Fapi.go,[]
akuity,kargo,dfefe5e596538468b5d74d65eb45bc362864f415,internal/cli/cmd/server/server.go,https://github.com/akuity/kargo/raw/aa28f81ac15ad871c6eba329fc2f0417a08c39d7/internal%2Fcli%2Fcmd%2Fserver%2Fserver.go,[]
akuity,kargo,dfefe5e596538468b5d74d65eb45bc362864f415,internal/server/config/config.go,https://github.com/akuity/kargo/raw/aa28f81ac15ad871c6eba329fc2f0417a08c39d7/internal%2Fserver%2Fconfig%2Fconfig.go,[]
akuity,kargo,dfefe5e596538468b5d74d65eb45bc362864f415,internal/server/option/auth.go,https://github.com/akuity/kargo/raw/aa28f81ac15ad871c6eba329fc2f0417a08c39d7/internal%2Fserver%2Foption%2Fauth.go,"['@@ -49,16 +50,11 @@', '@@ -348,20 +345,16 @@', '@@ -420,10 +413,14 @@', '@@ -492,3 +489,42 @@']"
akuity,kargo,dfefe5e596538468b5d74d65eb45bc362864f415,internal/server/option/auth_test.go,https://github.com/akuity/kargo/raw/aa28f81ac15ad871c6eba329fc2f0417a08c39d7/internal%2Fserver%2Foption%2Fauth_test.go,"['@@ -199,14 +201,10 @@', '@@ -363,18 +361,44 @@', '@@ -594,3 +618,46 @@']"
akuity,kargo,754a435bd15303c11b0ba1e4f5ab80e69af8b706,cmd/controlplane/api.go,https://github.com/akuity/kargo/raw/b3297ace0d3b9e7f7128858c5c4288d77f072b8c/cmd%2Fcontrolplane%2Fapi.go,[]
akuity,kargo,754a435bd15303c11b0ba1e4f5ab80e69af8b706,pkg/cli/cmd/server/server.go,https://github.com/akuity/kargo/raw/b3297ace0d3b9e7f7128858c5c4288d77f072b8c/pkg%2Fcli%2Fcmd%2Fserver%2Fserver.go,[]
akuity,kargo,754a435bd15303c11b0ba1e4f5ab80e69af8b706,pkg/server/config/config.go,https://github.com/akuity/kargo/raw/b3297ace0d3b9e7f7128858c5c4288d77f072b8c/pkg%2Fserver%2Fconfig%2Fconfig.go,[]
akuity,kargo,754a435bd15303c11b0ba1e4f5ab80e69af8b706,pkg/server/option/auth.go,https://github.com/akuity/kargo/raw/b3297ace0d3b9e7f7128858c5c4288d77f072b8c/pkg%2Fserver%2Foption%2Fauth.go,"['@@ -50,16 +51,11 @@', '@@ -368,22 +365,17 @@', '@@ -529,3 +522,42 @@']"
akuity,kargo,754a435bd15303c11b0ba1e4f5ab80e69af8b706,pkg/server/option/auth_test.go,https://github.com/akuity/kargo/raw/b3297ace0d3b9e7f7128858c5c4288d77f072b8c/pkg%2Fserver%2Foption%2Fauth_test.go,"['@@ -199,14 +201,10 @@', '@@ -363,18 +361,44 @@', '@@ -594,3 +618,46 @@']"
theupdateframework,go-tuf,d3cdc4b2796d8c452ce17766f0cade2e80a3597d,internal/testutils/signer/signer.go,https://github.com/theupdateframework/go-tuf/raw/73345ab6b0eb7e59d525dac17a428f043074cef6/internal%2Ftestutils%2Fsigner%2Fsigner.go,"['@@ -187,7 +187,15 @@']"
theupdateframework,go-tuf,d3cdc4b2796d8c452ce17766f0cade2e80a3597d,metadata/metadata.go,https://github.com/theupdateframework/go-tuf/raw/73345ab6b0eb7e59d525dac17a428f043074cef6/metadata%2Fmetadata.go,"['@@ -900,7 +900,15 @@']"
filebrowser,filebrowser,4094fb359babac70e88d0ed4bfe3bd100744aad6,auth/json.go,https://github.com/filebrowser/filebrowser/raw/24781badd413ee20333aba5cce1919d676e01889/auth%2Fjson.go,"['@@ -14,6 +14,10 @@', '@@ -52,7 +56,17 @@']"
go-gitea,gitea,8319d8f3812413c4409b470faff23a4a8a440ca5,models/git/lfs_lock.go,https://github.com/go-gitea/gitea/raw/da036f3f35ca830b22cf4480912ed261303b798f/models%2Fgit%2Flfs_lock.go,[]
go-gitea,gitea,8319d8f3812413c4409b470faff23a4a8a440ca5,models/git/lfs_lock_test.go,https://github.com/go-gitea/gitea/raw/da036f3f35ca830b22cf4480912ed261303b798f/models%2Fgit%2Flfs_lock_test.go,"['@@ -0,0 +1,82 @@']"
go-gitea,gitea,8319d8f3812413c4409b470faff23a4a8a440ca5,services/lfs/locks.go,https://github.com/go-gitea/gitea/raw/da036f3f35ca830b22cf4480912ed261303b798f/services%2Flfs%2Flocks.go,[]
mattermost,mattermost,2b3af1566d361d183fc49d41760db12f8d34f2ba,server/public/model/utils.go,https://github.com/mattermost/mattermost/raw/4d86263f5430d0eb991fc52ec886cf778cb072e6/server%2Fpublic%2Fmodel%2Futils.go,[]
mattermost,mattermost,2b3af1566d361d183fc49d41760db12f8d34f2ba,server/public/model/utils_test.go,https://github.com/mattermost/mattermost/raw/4d86263f5430d0eb991fc52ec886cf778cb072e6/server%2Fpublic%2Fmodel%2Futils_test.go,"['@@ -541,10 +541,58 @@']"
mattermost,mattermost,2b3af1566d361d183fc49d41760db12f8d34f2ba,server/public/shared/markdown/fenced_code.go,https://github.com/mattermost/mattermost/raw/4d86263f5430d0eb991fc52ec886cf778cb072e6/server%2Fpublic%2Fshared%2Fmarkdown%2Ffenced_code.go,[]
mattermost,mattermost,2b3af1566d361d183fc49d41760db12f8d34f2ba,server/public/shared/markdown/html.go,https://github.com/mattermost/mattermost/raw/4d86263f5430d0eb991fc52ec886cf778cb072e6/server%2Fpublic%2Fshared%2Fmarkdown%2Fhtml.go,"['@@ -27,69 +27,75 @@', '@@ -137,31 +143,37 @@', '@@ -172,25 +184,30 @@']"
mattermost,mattermost,2b3af1566d361d183fc49d41760db12f8d34f2ba,server/public/shared/markdown/indented_code.go,https://github.com/mattermost/mattermost/raw/4d86263f5430d0eb991fc52ec886cf778cb072e6/server%2Fpublic%2Fshared%2Fmarkdown%2Findented_code.go,[]
mattermost,mattermost,2b3af1566d361d183fc49d41760db12f8d34f2ba,server/public/shared/markdown/reference_definition.go,https://github.com/mattermost/mattermost/raw/4d86263f5430d0eb991fc52ec886cf778cb072e6/server%2Fpublic%2Fshared%2Fmarkdown%2Freference_definition.go,"['@@ -3,6 +3,8 @@']"
mattermost,mattermost,183e6c4a07cf2bf7545999747fa1c28a6cfa30d2,server/public/model/utils.go,https://github.com/mattermost/mattermost/raw/b3d6c0c564c1a79e54e5105d0a8b60fc58a2bdee/server%2Fpublic%2Fmodel%2Futils.go,[]
mattermost,mattermost,183e6c4a07cf2bf7545999747fa1c28a6cfa30d2,server/public/model/utils_test.go,https://github.com/mattermost/mattermost/raw/b3d6c0c564c1a79e54e5105d0a8b60fc58a2bdee/server%2Fpublic%2Fmodel%2Futils_test.go,"['@@ -541,10 +541,58 @@']"
mattermost,mattermost,183e6c4a07cf2bf7545999747fa1c28a6cfa30d2,server/public/shared/markdown/fenced_code.go,https://github.com/mattermost/mattermost/raw/b3d6c0c564c1a79e54e5105d0a8b60fc58a2bdee/server%2Fpublic%2Fshared%2Fmarkdown%2Ffenced_code.go,[]
mattermost,mattermost,183e6c4a07cf2bf7545999747fa1c28a6cfa30d2,server/public/shared/markdown/html.go,https://github.com/mattermost/mattermost/raw/b3d6c0c564c1a79e54e5105d0a8b60fc58a2bdee/server%2Fpublic%2Fshared%2Fmarkdown%2Fhtml.go,"['@@ -27,69 +27,75 @@', '@@ -137,31 +143,37 @@', '@@ -172,25 +184,30 @@']"
mattermost,mattermost,183e6c4a07cf2bf7545999747fa1c28a6cfa30d2,server/public/shared/markdown/indented_code.go,https://github.com/mattermost/mattermost/raw/b3d6c0c564c1a79e54e5105d0a8b60fc58a2bdee/server%2Fpublic%2Fshared%2Fmarkdown%2Findented_code.go,[]
mattermost,mattermost,183e6c4a07cf2bf7545999747fa1c28a6cfa30d2,server/public/shared/markdown/reference_definition.go,https://github.com/mattermost/mattermost/raw/b3d6c0c564c1a79e54e5105d0a8b60fc58a2bdee/server%2Fpublic%2Fshared%2Fmarkdown%2Freference_definition.go,"['@@ -3,6 +3,8 @@']"
donknap,dpanel,fa2a91050b4aafd303591675a10c262ad6247354,app/common/http/controller/attach.go,https://github.com/donknap/dpanel/raw/cbda0d90204e8212f2010774345c952e42069119/app%2Fcommon%2Fhttp%2Fcontroller%2Fattach.go,"['@@ -51,11 +50,21 @@']"
flipped-aurora,gin-vue-admin,567a8eb9bb89f30b6d5a2849c5270f89f155bff7,server/api/v1/system/auto_code_plugin.go,https://github.com/flipped-aurora/gin-vue-admin/raw/2242f5d6e133e96d1b359ac019bf54fa0e975dd5/server%2Fapi%2Fv1%2Fsystem%2Fauto_code_plugin.go,"['@@ -117,3 +117,27 @@']"
flipped-aurora,gin-vue-admin,567a8eb9bb89f30b6d5a2849c5270f89f155bff7,server/core/internal/zap_core.go,https://github.com/flipped-aurora/gin-vue-admin/raw/2242f5d6e133e96d1b359ac019bf54fa0e975dd5/server%2Fcore%2Finternal%2Fzap_core.go,"['@@ -61,75 +61,71 @@']"
flipped-aurora,gin-vue-admin,567a8eb9bb89f30b6d5a2849c5270f89f155bff7,server/core/server.go,https://github.com/flipped-aurora/gin-vue-admin/raw/2242f5d6e133e96d1b359ac019bf54fa0e975dd5/server%2Fcore%2Fserver.go,[]
flipped-aurora,gin-vue-admin,567a8eb9bb89f30b6d5a2849c5270f89f155bff7,server/global/version.go,https://github.com/flipped-aurora/gin-vue-admin/raw/2242f5d6e133e96d1b359ac019bf54fa0e975dd5/server%2Fglobal%2Fversion.go,[]
flipped-aurora,gin-vue-admin,567a8eb9bb89f30b6d5a2849c5270f89f155bff7,server/main.go,https://github.com/flipped-aurora/gin-vue-admin/raw/2242f5d6e133e96d1b359ac019bf54fa0e975dd5/server%2Fmain.go,[]
flipped-aurora,gin-vue-admin,567a8eb9bb89f30b6d5a2849c5270f89f155bff7,server/mcp/dictionary_generator.go,https://github.com/flipped-aurora/gin-vue-admin/raw/2242f5d6e133e96d1b359ac019bf54fa0e975dd5/server%2Fmcp%2Fdictionary_generator.go,"['@@ -70,93 +70,6 @@']"
flipped-aurora,gin-vue-admin,567a8eb9bb89f30b6d5a2849c5270f89f155bff7,server/mcp/gva_execute.go,https://github.com/flipped-aurora/gin-vue-admin/raw/2242f5d6e133e96d1b359ac019bf54fa0e975dd5/server%2Fmcp%2Fgva_execute.go,"['@@ -61,139 +61,16 @@', '@@ -204,95 +81,97 @@']"
flipped-aurora,gin-vue-admin,567a8eb9bb89f30b6d5a2849c5270f89f155bff7,server/middleware/error.go,https://github.com/flipped-aurora/gin-vue-admin/raw/2242f5d6e133e96d1b359ac019bf54fa0e975dd5/server%2Fmiddleware%2Ferror.go,"['@@ -1,14 +1,18 @@', '@@ -42,12 +46,27 @@']"
flipped-aurora,gin-vue-admin,567a8eb9bb89f30b6d5a2849c5270f89f155bff7,server/model/system/request/sys_auto_code.go,https://github.com/flipped-aurora/gin-vue-admin/raw/2242f5d6e133e96d1b359ac019bf54fa0e975dd5/server%2Fmodel%2Fsystem%2Frequest%2Fsys_auto_code.go,"['@@ -280,6 +280,11 @@']"
flipped-aurora,gin-vue-admin,567a8eb9bb89f30b6d5a2849c5270f89f155bff7,server/model/system/sys_export_template.go,https://github.com/flipped-aurora/gin-vue-admin/raw/2242f5d6e133e96d1b359ac019bf54fa0e975dd5/server%2Fmodel%2Fsystem%2Fsys_export_template.go,"['@@ -8,11 +8,13 @@']"
flipped-aurora,gin-vue-admin,567a8eb9bb89f30b6d5a2849c5270f89f155bff7,server/plugin/announcement/initialize/dictionary.go,https://github.com/flipped-aurora/gin-vue-admin/raw/2242f5d6e133e96d1b359ac019bf54fa0e975dd5/server%2Fplugin%2Fannouncement%2Finitialize%2Fdictionary.go,"['@@ -0,0 +1,12 @@']"
flipped-aurora,gin-vue-admin,567a8eb9bb89f30b6d5a2849c5270f89f155bff7,server/plugin/announcement/plugin.go,https://github.com/flipped-aurora/gin-vue-admin/raw/2242f5d6e133e96d1b359ac019bf54fa0e975dd5/server%2Fplugin%2Fannouncement%2Fplugin.go,"['@@ -19,8 +19,10 @@']"
flipped-aurora,gin-vue-admin,567a8eb9bb89f30b6d5a2849c5270f89f155bff7,server/plugin/plugin-tool/utils/check.go,https://github.com/flipped-aurora/gin-vue-admin/raw/2242f5d6e133e96d1b359ac019bf54fa0e975dd5/server%2Fplugin%2Fplugin-tool%2Futils%2Fcheck.go,"['@@ -51,3 +51,33 @@']"
flipped-aurora,gin-vue-admin,567a8eb9bb89f30b6d5a2849c5270f89f155bff7,server/router/system/sys_auto_code.go,https://github.com/flipped-aurora/gin-vue-admin/raw/2242f5d6e133e96d1b359ac019bf54fa0e975dd5/server%2Frouter%2Fsystem%2Fsys_auto_code.go,[]
flipped-aurora,gin-vue-admin,567a8eb9bb89f30b6d5a2849c5270f89f155bff7,server/service/system/auto_code_package.go,https://github.com/flipped-aurora/gin-vue-admin/raw/2242f5d6e133e96d1b359ac019bf54fa0e975dd5/server%2Fservice%2Fsystem%2Fauto_code_package.go,[]
flipped-aurora,gin-vue-admin,567a8eb9bb89f30b6d5a2849c5270f89f155bff7,server/service/system/auto_code_plugin.go,https://github.com/flipped-aurora/gin-vue-admin/raw/2242f5d6e133e96d1b359ac019bf54fa0e975dd5/server%2Fservice%2Fsystem%2Fauto_code_plugin.go,"['@@ -264,3 +264,28 @@']"
flipped-aurora,gin-vue-admin,567a8eb9bb89f30b6d5a2849c5270f89f155bff7,server/service/system/sys_error.go,https://github.com/flipped-aurora/gin-vue-admin/raw/2242f5d6e133e96d1b359ac019bf54fa0e975dd5/server%2Fservice%2Fsystem%2Fsys_error.go,"['@@ -14,6 +14,9 @@']"
flipped-aurora,gin-vue-admin,567a8eb9bb89f30b6d5a2849c5270f89f155bff7,server/service/system/sys_export_template.go,https://github.com/flipped-aurora/gin-vue-admin/raw/2242f5d6e133e96d1b359ac019bf54fa0e975dd5/server%2Fservice%2Fsystem%2Fsys_export_template.go,"['@@ -173,129 +173,147 @@', '@@ -353,180 +371,186 @@', '@@ -618,48 +642,75 @@']"
flipped-aurora,gin-vue-admin,567a8eb9bb89f30b6d5a2849c5270f89f155bff7,server/utils/ast/ast.go,https://github.com/flipped-aurora/gin-vue-admin/raw/2242f5d6e133e96d1b359ac019bf54fa0e975dd5/server%2Futils%2Fast%2Fast.go,"['@@ -304,3 +304,106 @@']"
flipped-aurora,gin-vue-admin,567a8eb9bb89f30b6d5a2849c5270f89f155bff7,server/utils/breakpoint_continue.go,https://github.com/flipped-aurora/gin-vue-admin/raw/2242f5d6e133e96d1b359ac019bf54fa0e975dd5/server%2Futils%2Fbreakpoint_continue.go,"['@@ -24,6 +24,9 @@', '@@ -79,6 +82,9 @@', '@@ -107,6 +113,9 @@']"
flipped-aurora,gin-vue-admin,567a8eb9bb89f30b6d5a2849c5270f89f155bff7,server/utils/upload/aws_s3.go,https://github.com/flipped-aurora/gin-vue-admin/raw/2242f5d6e133e96d1b359ac019bf54fa0e975dd5/server%2Futils%2Fupload%2Faws_s3.go,[]
siyuan-note,siyuan,0be7e1d4e0da9aac0da850b7aeb9b50ede7e5bdb,kernel/api/file.go,https://github.com/siyuan-note/siyuan/raw/1f02650b3892d2ea3896242dd2422c30bda55e11/kernel%2Fapi%2Ffile.go,"['@@ -167,6 +167,13 @@', '@@ -190,19 +197,8 @@', '@@ -228,6 +224,33 @@']"
go-gitea,gitea,3f46de82657a7ab04f043610639e13752687aad8,services/convert/notification.go,https://github.com/go-gitea/gitea/raw/67e75f30a83d2523cedc37ad7b03bcba66947833/services%2Fconvert%2Fnotification.go,"['@@ -25,11 +25,17 @@']"
go-gitea,gitea,3f46de82657a7ab04f043610639e13752687aad8,services/convert/notification_test.go,https://github.com/go-gitea/gitea/raw/67e75f30a83d2523cedc37ad7b03bcba66947833/services%2Fconvert%2Fnotification_test.go,"['@@ -0,0 +1,57 @@']"
go-gitea,gitea,48d5adb39ca21e324f278fd196f6586738421f68,routers/api/v1/repo/release_attachment.go,https://github.com/go-gitea/gitea/raw/fbea2c68e8df11cfa94e8ead913b79946780ed30/routers%2Fapi%2Fv1%2Frepo%2Frelease_attachment.go,[]
go-gitea,gitea,48d5adb39ca21e324f278fd196f6586738421f68,routers/web/repo/attachment.go,https://github.com/go-gitea/gitea/raw/fbea2c68e8df11cfa94e8ead913b79946780ed30/routers%2Fweb%2Frepo%2Fattachment.go,"['@@ -74,13 +75,44 @@']"
go-gitea,gitea,48d5adb39ca21e324f278fd196f6586738421f68,tests/integration/attachment_test.go,https://github.com/go-gitea/gitea/raw/fbea2c68e8df11cfa94e8ead913b79946780ed30/tests%2Fintegration%2Fattachment_test.go,"['@@ -34,6 +34,14 @@', '@@ -57,12 +65,23 @@', '@@ -157,3 +176,28 @@']"
chainguard-dev,malcontent,a7dd8a5328ddbaf235568437813efa7591e00017,pkg/archive/archive.go,https://github.com/chainguard-dev/malcontent/raw/259fca5abc004f3ab238895463ef280a87f30e96/pkg%2Farchive%2Farchive.go,"['@@ -316,6 +316,17 @@']"
chainguard-dev,malcontent,a7dd8a5328ddbaf235568437813efa7591e00017,pkg/archive/symlink_test.go,https://github.com/chainguard-dev/malcontent/raw/259fca5abc004f3ab238895463ef280a87f30e96/pkg%2Farchive%2Fsymlink_test.go,"['@@ -52,27 +51,46 @@']"
chainguard-dev,malcontent,538ed00cdc639d687a4bd1e843a2be0428a3b3e7,pkg/archive/archive.go,https://github.com/chainguard-dev/malcontent/raw/a7dd8a5328ddbaf235568437813efa7591e00017/pkg%2Farchive%2Farchive.go,"['@@ -306,35 +306,26 @@']"
chainguard-dev,malcontent,538ed00cdc639d687a4bd1e843a2be0428a3b3e7,pkg/archive/deb.go,https://github.com/chainguard-dev/malcontent/raw/a7dd8a5328ddbaf235568437813efa7591e00017/pkg%2Farchive%2Fdeb.go,[]
chainguard-dev,malcontent,538ed00cdc639d687a4bd1e843a2be0428a3b3e7,pkg/archive/symlink_test.go,https://github.com/chainguard-dev/malcontent/raw/a7dd8a5328ddbaf235568437813efa7591e00017/pkg%2Farchive%2Fsymlink_test.go,"['@@ -0,0 +1,78 @@']"
chainguard-dev,malcontent,538ed00cdc639d687a4bd1e843a2be0428a3b3e7,pkg/archive/tar.go,https://github.com/chainguard-dev/malcontent/raw/a7dd8a5328ddbaf235568437813efa7591e00017/pkg%2Farchive%2Ftar.go,[]
go-viper,mapstructure,5d1b937024c69dd6681c6df40a7a7c4e1676d6c8,decode_hooks.go,https://github.com/go-viper/mapstructure/raw/742921c9ba2854d27baa64272487fc5075d2c39c/decode_hooks.go,"['@@ -177,7 +177,9 @@', '@@ -197,7 +199,9 @@', '@@ -263,7 +267,9 @@', '@@ -366,7 +372,9 @@', '@@ -386,7 +394,9 @@', '@@ -406,7 +416,9 @@']"
go-viper,mapstructure,5d1b937024c69dd6681c6df40a7a7c4e1676d6c8,decode_hooks_test.go,https://github.com/go-viper/mapstructure/raw/742921c9ba2854d27baa64272487fc5075d2c39c/decode_hooks_test.go,[]
go-viper,mapstructure,5d1b937024c69dd6681c6df40a7a7c4e1676d6c8,errors.go,https://github.com/go-viper/mapstructure/raw/742921c9ba2854d27baa64272487fc5075d2c39c/errors.go,"['@@ -1,8 +1,14 @@', '@@ -72,3 +78,155 @@']"
go-viper,mapstructure,5d1b937024c69dd6681c6df40a7a7c4e1676d6c8,mapstructure.go,https://github.com/go-viper/mapstructure/raw/742921c9ba2854d27baa64272487fc5075d2c39c/mapstructure.go,[]
siyuan-note,siyuan,dbeb703ad1f94724de0a2b2f1e5a16326b479216,kernel/api/icon.go,https://github.com/siyuan-note/siyuan/raw/5c0cc375b47567e15edd2119066b09bb0aa18777/kernel%2Fapi%2Ficon.go,"['@@ -164,6 +164,10 @@']"
siyuan-note,siyuan,f922745aa7a2c1f895c7164cb7824f80c5c7dd21,kernel/api/file.go,https://github.com/siyuan-note/siyuan/raw/b2274baba2e11c8cf8901b0c5c871e5b27f1f6dd/kernel%2Fapi%2Ffile.go,"['@@ -66,14 +66,26 @@']"
siyuan-note,siyuan,f922745aa7a2c1f895c7164cb7824f80c5c7dd21,kernel/model/assets.go,https://github.com/siyuan-note/siyuan/raw/b2274baba2e11c8cf8901b0c5c871e5b27f1f6dd/kernel%2Fmodel%2Fassets.go,"['@@ -248,7 +248,18 @@']"
siyuan-note,siyuan,f922745aa7a2c1f895c7164cb7824f80c5c7dd21,kernel/util/path.go,https://github.com/siyuan-note/siyuan/raw/b2274baba2e11c8cf8901b0c5c871e5b27f1f6dd/kernel%2Futil%2Fpath.go,"['@@ -347,3 +347,95 @@']"
siyuan-note,siyuan,b2274baba2e11c8cf8901b0c5c871e5b27f1f6dd,kernel/util/path.go,https://github.com/siyuan-note/siyuan/raw/f8f4b517077b92c90c0d7b51ac11be1b34b273ad/kernel%2Futil%2Fpath.go,[]
openflagr,flagr,2dc5d1495e73737b6273a10514c83f34907a7294,pkg/config/middleware.go,https://github.com/openflagr/flagr/raw/fe83dc87aa404a57554aa5839ac450f55c203570/pkg%2Fconfig%2Fmiddleware.go,"['@@ -198,15 +199,13 @@', '@@ -243,14 +242,12 @@']"
openflagr,flagr,2dc5d1495e73737b6273a10514c83f34907a7294,pkg/config/middleware_test.go,https://github.com/openflagr/flagr/raw/fe83dc87aa404a57554aa5839ac450f55c203570/pkg%2Fconfig%2Fmiddleware_test.go,"['@@ -314,6 +314,27 @@']"
openflagr,flagr,2dc5d1495e73737b6273a10514c83f34907a7294,pkg/util/util.go,https://github.com/openflagr/flagr/raw/fe83dc87aa404a57554aa5839ac450f55c203570/pkg%2Futil%2Futil.go,"['@@ -3,7 +3,9 @@', '@@ -43,6 +45,24 @@']"
openflagr,flagr,2dc5d1495e73737b6273a10514c83f34907a7294,pkg/util/util_test.go,https://github.com/openflagr/flagr/raw/fe83dc87aa404a57554aa5839ac450f55c203570/pkg%2Futil%2Futil_test.go,"['@@ -191,3 +191,110 @@']"
siyuan-note,siyuan,399a38893e8719968ea2511e177bb53e09973fa6,kernel/api/file.go,https://github.com/siyuan-note/siyuan/raw/d7f790755edf8c78d2b4176171e5a0cdcd720feb/kernel%2Fapi%2Ffile.go,"['@@ -141,6 +141,14 @@']"
siyuan-note,siyuan,399a38893e8719968ea2511e177bb53e09973fa6,kernel/util/path.go,https://github.com/siyuan-note/siyuan/raw/d7f790755edf8c78d2b4176171e5a0cdcd720feb/kernel%2Futil%2Fpath.go,[]
go-gitea,gitea,ed5720af2ac94d74f822721c05b42b6148ff9c22,models/issues/stopwatch.go,https://github.com/go-gitea/gitea/raw/95ea2df00a70176c516b12f3cfee8c84a310280f/models%2Fissues%2Fstopwatch.go,"['@@ -12,6 +12,8 @@', '@@ -232,3 +234,14 @@']"
go-gitea,gitea,ed5720af2ac94d74f822721c05b42b6148ff9c22,modules/eventsource/manager_run.go,https://github.com/go-gitea/gitea/raw/95ea2df00a70176c516b12f3cfee8c84a310280f/modules%2Feventsource%2Fmanager_run.go,"['@@ -91,7 +92,13 @@']"
go-gitea,gitea,ed5720af2ac94d74f822721c05b42b6148ff9c22,routers/api/v1/repo/issue_stopwatch.go,https://github.com/go-gitea/gitea/raw/95ea2df00a70176c516b12f3cfee8c84a310280f/routers%2Fapi%2Fv1%2Frepo%2Fissue_stopwatch.go,[]
go-gitea,gitea,ed5720af2ac94d74f822721c05b42b6148ff9c22,routers/web/user/stop_watch.go,https://github.com/go-gitea/gitea/raw/95ea2df00a70176c516b12f3cfee8c84a310280f/routers%2Fweb%2Fuser%2Fstop_watch.go,[]
go-gitea,gitea,ed5720af2ac94d74f822721c05b42b6148ff9c22,services/convert/issue.go,https://github.com/go-gitea/gitea/raw/95ea2df00a70176c516b12f3cfee8c84a310280f/services%2Fconvert%2Fissue.go,"['@@ -182,13 +184,30 @@']"
go-gitea,gitea,ed5720af2ac94d74f822721c05b42b6148ff9c22,services/convert/issue_test.go,https://github.com/go-gitea/gitea/raw/95ea2df00a70176c516b12f3cfee8c84a310280f/services%2Fconvert%2Fissue_test.go,"['@@ -8,9 +8,11 @@', '@@ -55,3 +57,29 @@']"
go-gitea,gitea,ed5720af2ac94d74f822721c05b42b6148ff9c22,services/org/team_test.go,https://github.com/go-gitea/gitea/raw/95ea2df00a70176c516b12f3cfee8c84a310280f/services%2Forg%2Fteam_test.go,"['@@ -62,6 +63,36 @@']"
go-gitea,gitea,ed5720af2ac94d74f822721c05b42b6148ff9c22,services/repository/collaboration.go,https://github.com/go-gitea/gitea/raw/95ea2df00a70176c516b12f3cfee8c84a310280f/services%2Frepository%2Fcollaboration.go,"['@@ -120,6 +120,11 @@']"
go-gitea,gitea,ed5720af2ac94d74f822721c05b42b6148ff9c22,services/repository/collaboration_test.go,https://github.com/go-gitea/gitea/raw/95ea2df00a70176c516b12f3cfee8c84a310280f/services%2Frepository%2Fcollaboration_test.go,"['@@ -6,7 +6,10 @@', '@@ -44,3 +47,50 @@']"
zitadel,zitadel,4834aa2bec33072afc6c086fb51d891c1d9b9b12,internal/api/ui/login/init_password_handler.go,https://github.com/zitadel/zitadel/raw/0bb00dd9fc4e5e965f8e14fa2161a5076f3c308d/internal%2Fapi%2Fui%2Flogin%2Finit_password_handler.go,"['@@ -5,6 +5,9 @@', '@@ -108,7 +112,11 @@']"
zitadel,zitadel,4834aa2bec33072afc6c086fb51d891c1d9b9b12,internal/api/ui/login/init_user_handler.go,https://github.com/zitadel/zitadel/raw/0bb00dd9fc4e5e965f8e14fa2161a5076f3c308d/internal%2Fapi%2Fui%2Flogin%2Finit_user_handler.go,"['@@ -6,6 +6,9 @@', '@@ -127,6 +131,10 @@']"
zitadel,zitadel,4834aa2bec33072afc6c086fb51d891c1d9b9b12,internal/api/ui/login/invite_user_handler.go,https://github.com/zitadel/zitadel/raw/0bb00dd9fc4e5e965f8e14fa2161a5076f3c308d/internal%2Fapi%2Fui%2Flogin%2Finvite_user_handler.go,"['@@ -5,6 +5,9 @@', '@@ -115,6 +119,10 @@']"
zitadel,zitadel,4834aa2bec33072afc6c086fb51d891c1d9b9b12,internal/api/ui/login/mail_verify_handler.go,https://github.com/zitadel/zitadel/raw/0bb00dd9fc4e5e965f8e14fa2161a5076f3c308d/internal%2Fapi%2Fui%2Flogin%2Fmail_verify_handler.go,"['@@ -121,6 +122,10 @@']"
zitadel,zitadel,4834aa2bec33072afc6c086fb51d891c1d9b9b12,internal/api/ui/login/password_complexity_policy_handler.go,https://github.com/zitadel/zitadel/raw/0bb00dd9fc4e5e965f8e14fa2161a5076f3c308d/internal%2Fapi%2Fui%2Flogin%2Fpassword_complexity_policy_handler.go,[]
zitadel,zitadel,c300d4cc6a2775ab17ddfe76492f24170f8b858d,internal/api/ui/login/init_password_handler.go,https://github.com/zitadel/zitadel/raw/b85ab69e4679b0268e2b0e9b4cd04e934af10dd2/internal%2Fapi%2Fui%2Flogin%2Finit_password_handler.go,"['@@ -5,6 +5,9 @@', '@@ -108,7 +112,11 @@']"
zitadel,zitadel,c300d4cc6a2775ab17ddfe76492f24170f8b858d,internal/api/ui/login/init_user_handler.go,https://github.com/zitadel/zitadel/raw/b85ab69e4679b0268e2b0e9b4cd04e934af10dd2/internal%2Fapi%2Fui%2Flogin%2Finit_user_handler.go,"['@@ -6,6 +6,9 @@', '@@ -127,6 +131,10 @@']"
zitadel,zitadel,c300d4cc6a2775ab17ddfe76492f24170f8b858d,internal/api/ui/login/invite_user_handler.go,https://github.com/zitadel/zitadel/raw/b85ab69e4679b0268e2b0e9b4cd04e934af10dd2/internal%2Fapi%2Fui%2Flogin%2Finvite_user_handler.go,"['@@ -5,6 +5,9 @@', '@@ -115,6 +119,10 @@']"
zitadel,zitadel,c300d4cc6a2775ab17ddfe76492f24170f8b858d,internal/api/ui/login/mail_verify_handler.go,https://github.com/zitadel/zitadel/raw/b85ab69e4679b0268e2b0e9b4cd04e934af10dd2/internal%2Fapi%2Fui%2Flogin%2Fmail_verify_handler.go,"['@@ -121,6 +122,10 @@']"
zitadel,zitadel,c300d4cc6a2775ab17ddfe76492f24170f8b858d,internal/api/ui/login/password_complexity_policy_handler.go,https://github.com/zitadel/zitadel/raw/b85ab69e4679b0268e2b0e9b4cd04e934af10dd2/internal%2Fapi%2Fui%2Flogin%2Fpassword_complexity_policy_handler.go,[]
gmrtd,gmrtd,7f67d2b675c0f158564abcaa085cccacb9ae98e8,iso7816/nfc_session.go,https://github.com/gmrtd/gmrtd/raw/54469a95e5a20a8602ac1457b2110bfeb80c8891/iso7816%2Fnfc_session.go,"['@@ -18,6 +18,14 @@', '@@ -27,15 +35,19 @@', '@@ -219,9 +231,12 @@', '@@ -258,15 +273,27 @@']"
gmrtd,gmrtd,7f67d2b675c0f158564abcaa085cccacb9ae98e8,iso7816/nfc_session_test.go,https://github.com/gmrtd/gmrtd/raw/54469a95e5a20a8602ac1457b2110bfeb80c8891/iso7816%2Fnfc_session_test.go,"['@@ -535,6 +536,41 @@', '@@ -655,3 +691,51 @@']"
gmrtd,gmrtd,7f67d2b675c0f158564abcaa085cccacb9ae98e8,iso7816/readfile_dos_test.go,https://github.com/gmrtd/gmrtd/raw/54469a95e5a20a8602ac1457b2110bfeb80c8891/iso7816%2Freadfile_dos_test.go,"['@@ -0,0 +1,53 @@']"
sigstore,fulcio,9325775f9646bf8f9e1d592b70d437469665e5ee,pkg/config/config.go,https://github.com/sigstore/fulcio/raw/eaae2f2be56df9dea5f9b439ec81bedae4c0978d/pkg%2Fconfig%2Fconfig.go,"['@@ -151,6 +151,12 @@']"
sigstore,fulcio,9325775f9646bf8f9e1d592b70d437469665e5ee,pkg/config/config_test.go,https://github.com/sigstore/fulcio/raw/eaae2f2be56df9dea5f9b439ec81bedae4c0978d/pkg%2Fconfig%2Fconfig_test.go,"['@@ -114,6 +114,9 @@', '@@ -124,12 +127,69 @@']"
sigstore,fulcio,9325775f9646bf8f9e1d592b70d437469665e5ee,pkg/identity/base/issuer.go,https://github.com/sigstore/fulcio/raw/eaae2f2be56df9dea5f9b439ec81bedae4c0978d/pkg%2Fidentity%2Fbase%2Fissuer.go,"['@@ -17,8 +17,6 @@', '@@ -50,24 +48,9 @@']"
sigstore,fulcio,9325775f9646bf8f9e1d592b70d437469665e5ee,pkg/identity/base/issuer_test.go,https://github.com/sigstore/fulcio/raw/eaae2f2be56df9dea5f9b439ec81bedae4c0978d/pkg%2Fidentity%2Fbase%2Fissuer_test.go,"['@@ -19,58 +19,6 @@']"
controlplaneio-fluxcd,flux-operator,84ab49e6ed41f117b2196dc1d607e97a89cbbd9d,internal/web/auth/claims.go,https://github.com/controlplaneio-fluxcd/flux-operator/raw/084540424f6de8ba5d88fb1fd1e8472ba29afd7e/internal%2Fweb%2Fauth%2Fclaims.go,"['@@ -135,6 +135,11 @@']"
controlplaneio-fluxcd,flux-operator,84ab49e6ed41f117b2196dc1d607e97a89cbbd9d,internal/web/auth/claims_test.go,https://github.com/controlplaneio-fluxcd/flux-operator/raw/084540424f6de8ba5d88fb1fd1e8472ba29afd7e/internal%2Fweb%2Fauth%2Fclaims_test.go,"['@@ -216,6 +216,73 @@']"
controlplaneio-fluxcd,flux-operator,84ab49e6ed41f117b2196dc1d607e97a89cbbd9d,internal/web/config/authentication_types.go,https://github.com/controlplaneio-fluxcd/flux-operator/raw/084540424f6de8ba5d88fb1fd1e8472ba29afd7e/internal%2Fweb%2Fconfig%2Fauthentication_types.go,"['@@ -12,6 +12,8 @@', '@@ -139,9 +141,11 @@']"
controlplaneio-fluxcd,flux-operator,84ab49e6ed41f117b2196dc1d607e97a89cbbd9d,internal/web/config/authentication_types_test.go,https://github.com/controlplaneio-fluxcd/flux-operator/raw/084540424f6de8ba5d88fb1fd1e8472ba29afd7e/internal%2Fweb%2Fconfig%2Fauthentication_types_test.go,"['@@ -173,9 +173,11 @@', '@@ -187,29 +189,82 @@']"
controlplaneio-fluxcd,flux-operator,84ab49e6ed41f117b2196dc1d607e97a89cbbd9d,internal/web/user/user.go,https://github.com/controlplaneio-fluxcd/flux-operator/raw/084540424f6de8ba5d88fb1fd1e8472ba29afd7e/internal%2Fweb%2Fuser%2Fuser.go,"['@@ -28,6 +28,27 @@']"
controlplaneio-fluxcd,flux-operator,84ab49e6ed41f117b2196dc1d607e97a89cbbd9d,internal/web/user/user_test.go,https://github.com/controlplaneio-fluxcd/flux-operator/raw/084540424f6de8ba5d88fb1fd1e8472ba29afd7e/internal%2Fweb%2Fuser%2Fuser_test.go,"['@@ -11,6 +11,123 @@']"
esm-dev,esm.sh,6fd0e7a29844700afe2d20c0da855e2272727804,server/npmrc.go,https://github.com/esm-dev/esm.sh/raw/9d77b88c320733ff6689d938d85d246a3af9af16/server%2Fnpmrc.go,[]
esm-dev,esm.sh,e405fe5c1a645fcd7d3e14dd70b2971b6b15a20c,server/npmrc.go,https://github.com/esm-dev/esm.sh/raw/c62ab83c589e7b421a0e1376d2a00a4e48161093/server%2Fnpmrc.go,"['@@ -544,23 +544,26 @@']"
esm-dev,esm.sh,e405fe5c1a645fcd7d3e14dd70b2971b6b15a20c,server/npmrc_test.go,https://github.com/esm-dev/esm.sh/raw/c62ab83c589e7b421a0e1376d2a00a4e48161093/server%2Fnpmrc_test.go,"['@@ -0,0 +1,101 @@']"
sigstore,rekor,ca625dcde8fca15da88a93a9e48b1af84e29241f,cmd/rekor-cli/app/search.go,https://github.com/sigstore/rekor/raw/60ef2bceba192c5bf9327d003bceea8bf1f8275f/cmd%2Frekor-cli%2Fapp%2Fsearch.go,"['@@ -167,7 +166,16 @@']"
sigstore,rekor,ca625dcde8fca15da88a93a9e48b1af84e29241f,pkg/api/index.go,https://github.com/sigstore/rekor/raw/60ef2bceba192c5bf9327d003bceea8bf1f8275f/pkg%2Fapi%2Findex.go,"['@@ -62,11 +63,7 @@']"
sigstore,rekor,ca625dcde8fca15da88a93a9e48b1af84e29241f,pkg/generated/client/entries/entries_client.go,https://github.com/sigstore/rekor/raw/60ef2bceba192c5bf9327d003bceea8bf1f8275f/pkg%2Fgenerated%2Fclient%2Fentries%2Fentries_client.go,[]
sigstore,rekor,ca625dcde8fca15da88a93a9e48b1af84e29241f,pkg/generated/models/search_index.go,https://github.com/sigstore/rekor/raw/60ef2bceba192c5bf9327d003bceea8bf1f8275f/pkg%2Fgenerated%2Fmodels%2Fsearch_index.go,"['@@ -238,10 +238,6 @@', '@@ -252,10 +248,6 @@', '@@ -314,18 +306,6 @@']"
sigstore,rekor,ca625dcde8fca15da88a93a9e48b1af84e29241f,pkg/generated/restapi/embedded_spec.go,https://github.com/sigstore/rekor/raw/60ef2bceba192c5bf9327d003bceea8bf1f8275f/pkg%2Fgenerated%2Frestapi%2Fembedded_spec.go,"['@@ -589,10 +589,6 @@', '@@ -2719,10 +2715,6 @@', '@@ -2747,10 +2739,6 @@']"
sigstore,rekor,ca625dcde8fca15da88a93a9e48b1af84e29241f,pkg/generated/restapi/operations/entries/create_log_entry.go,https://github.com/sigstore/rekor/raw/60ef2bceba192c5bf9327d003bceea8bf1f8275f/pkg%2Fgenerated%2Frestapi%2Foperations%2Fentries%2Fcreate_log_entry.go,[]
sigstore,rekor,ca625dcde8fca15da88a93a9e48b1af84e29241f,pkg/util/fetch.go,https://github.com/sigstore/rekor/raw/60ef2bceba192c5bf9327d003bceea8bf1f8275f/pkg%2Futil%2Ffetch.go,"['@@ -21,14 +21,18 @@']"
external-secrets,external-secrets,a79a3b2da0056aed0c10e2aa479937ef17dfaf5a,runtime/template/v2/kubernetes.go,https://github.com/external-secrets/external-secrets/raw/a79a3b2da0056aed0c10e2aa479937ef17dfaf5a/runtime%2Ftemplate%2Fv2%2Fkubernetes.go,"['@@ -1,54 +0,0 @@']"
external-secrets,external-secrets,a79a3b2da0056aed0c10e2aa479937ef17dfaf5a,runtime/template/v2/template.go,https://github.com/external-secrets/external-secrets/raw/17d3e22b8d3fbe339faf8515a95ec06ec92b1feb/runtime%2Ftemplate%2Fv2%2Ftemplate.go,[]
coredns,coredns,0fb05f225c9b409cd77897d92d955457495aeb8c,core/dnsserver/config.go,https://github.com/coredns/coredns/raw/0d8cbb1a6bcb6bc9c1a489865278b8725fa20812/core%2Fdnsserver%2Fconfig.go,"['@@ -66,6 +66,22 @@']"
coredns,coredns,0fb05f225c9b409cd77897d92d955457495aeb8c,core/dnsserver/server_grpc.go,https://github.com/coredns/coredns/raw/0d8cbb1a6bcb6bc9c1a489865278b8725fa20812/core%2Fdnsserver%2Fserver_grpc.go,"['@@ -15,17 +15,35 @@', '@@ -49,7 +67,22 @@', '@@ -61,21 +94,36 @@', '@@ -122,6 +170,9 @@']"
coredns,coredns,0fb05f225c9b409cd77897d92d955457495aeb8c,core/dnsserver/server_grpc_test.go,https://github.com/coredns/coredns/raw/0d8cbb1a6bcb6bc9c1a489865278b8725fa20812/core%2Fdnsserver%2Fserver_grpc_test.go,"['@@ -69,6 +69,61 @@', '@@ -328,3 +383,67 @@']"
coredns,coredns,0fb05f225c9b409cd77897d92d955457495aeb8c,core/dnsserver/server_https.go,https://github.com/coredns/coredns/raw/0d8cbb1a6bcb6bc9c1a489865278b8725fa20812/core%2Fdnsserver%2Fserver_https.go,"['@@ -18,15 +18,23 @@', '@@ -81,8 +89,17 @@', '@@ -98,9 +115,15 @@']"
coredns,coredns,0fb05f225c9b409cd77897d92d955457495aeb8c,core/dnsserver/server_https3.go,https://github.com/coredns/coredns/raw/0d8cbb1a6bcb6bc9c1a489865278b8725fa20812/core%2Fdnsserver%2Fserver_https3.go,"['@@ -21,6 +21,11 @@', '@@ -63,11 +69,20 @@']"
coredns,coredns,0fb05f225c9b409cd77897d92d955457495aeb8c,core/dnsserver/server_https3_test.go,https://github.com/coredns/coredns/raw/0d8cbb1a6bcb6bc9c1a489865278b8725fa20812/core%2Fdnsserver%2Fserver_https3_test.go,"['@@ -60,3 +60,82 @@']"
coredns,coredns,0fb05f225c9b409cd77897d92d955457495aeb8c,core/dnsserver/server_https_test.go,https://github.com/coredns/coredns/raw/0d8cbb1a6bcb6bc9c1a489865278b8725fa20812/core%2Fdnsserver%2Fserver_https_test.go,"['@@ -72,6 +72,67 @@']"
coredns,coredns,0fb05f225c9b409cd77897d92d955457495aeb8c,core/dnsserver/server_quic.go,https://github.com/coredns/coredns/raw/0d8cbb1a6bcb6bc9c1a489865278b8725fa20812/core%2Fdnsserver%2Fserver_quic.go,"['@@ -156,12 +156,29 @@']"
coredns,coredns,0fb05f225c9b409cd77897d92d955457495aeb8c,core/dnsserver/zdirectives.go,https://github.com/coredns/coredns/raw/0d8cbb1a6bcb6bc9c1a489865278b8725fa20812/core%2Fdnsserver%2Fzdirectives.go,"['@@ -16,6 +16,9 @@']"
coredns,coredns,0fb05f225c9b409cd77897d92d955457495aeb8c,core/plugin/zplugin.go,https://github.com/coredns/coredns/raw/0d8cbb1a6bcb6bc9c1a489865278b8725fa20812/core%2Fplugin%2Fzplugin.go,"['@@ -27,9 +27,12 @@']"
coredns,coredns,0fb05f225c9b409cd77897d92d955457495aeb8c,plugin/chaos/zowners.go,https://github.com/coredns/coredns/raw/0d8cbb1a6bcb6bc9c1a489865278b8725fa20812/plugin%2Fchaos%2Fzowners.go,[]
coredns,coredns,0fb05f225c9b409cd77897d92d955457495aeb8c,plugin/grpc_server/setup.go,https://github.com/coredns/coredns/raw/0d8cbb1a6bcb6bc9c1a489865278b8725fa20812/plugin%2Fgrpc_server%2Fsetup.go,"['@@ -0,0 +1,79 @@']"
coredns,coredns,0fb05f225c9b409cd77897d92d955457495aeb8c,plugin/grpc_server/setup_test.go,https://github.com/coredns/coredns/raw/0d8cbb1a6bcb6bc9c1a489865278b8725fa20812/plugin%2Fgrpc_server%2Fsetup_test.go,"['@@ -0,0 +1,169 @@']"
coredns,coredns,0fb05f225c9b409cd77897d92d955457495aeb8c,plugin/https/setup.go,https://github.com/coredns/coredns/raw/0d8cbb1a6bcb6bc9c1a489865278b8725fa20812/plugin%2Fhttps%2Fsetup.go,"['@@ -0,0 +1,63 @@']"
coredns,coredns,0fb05f225c9b409cd77897d92d955457495aeb8c,plugin/https/setup_test.go,https://github.com/coredns/coredns/raw/0d8cbb1a6bcb6bc9c1a489865278b8725fa20812/plugin%2Fhttps%2Fsetup_test.go,"['@@ -0,0 +1,144 @@']"
coredns,coredns,0fb05f225c9b409cd77897d92d955457495aeb8c,plugin/https3/setup.go,https://github.com/coredns/coredns/raw/0d8cbb1a6bcb6bc9c1a489865278b8725fa20812/plugin%2Fhttps3%2Fsetup.go,"['@@ -0,0 +1,63 @@']"
coredns,coredns,0fb05f225c9b409cd77897d92d955457495aeb8c,plugin/https3/setup_test.go,https://github.com/coredns/coredns/raw/0d8cbb1a6bcb6bc9c1a489865278b8725fa20812/plugin%2Fhttps3%2Fsetup_test.go,"['@@ -0,0 +1,144 @@']"
coredns,coredns,0fb05f225c9b409cd77897d92d955457495aeb8c,test/grpc_test.go,https://github.com/coredns/coredns/raw/0d8cbb1a6bcb6bc9c1a489865278b8725fa20812/test%2Fgrpc_test.go,"['@@ -2,19 +2,40 @@', '@@ -53,3 +74,127 @@']"
coredns,coredns,0fb05f225c9b409cd77897d92d955457495aeb8c,test/https3_test.go,https://github.com/coredns/coredns/raw/0d8cbb1a6bcb6bc9c1a489865278b8725fa20812/test%2Fhttps3_test.go,"['@@ -0,0 +1,145 @@']"
coredns,coredns,0fb05f225c9b409cd77897d92d955457495aeb8c,test/https_test.go,https://github.com/coredns/coredns/raw/0d8cbb1a6bcb6bc9c1a489865278b8725fa20812/test%2Fhttps_test.go,"['@@ -0,0 +1,177 @@']"
Tencent,WeKnora,8ba3be7b01624d298f288e5ba62701df0a4414b0,internal/agent/tools/database_query.go,https://github.com/Tencent/WeKnora/raw/da55707022c252dd2c20f8e18145b2d899ee06a1/internal%2Fagent%2Ftools%2Fdatabase_query.go,"['@@ -9,9 +9,82 @@', '@@ -247,129 +320,470 @@']"
sigstore,cosign,2655ca3c28bc5519e411108c38e0a0bf691d14ec,pkg/cosign/verify.go,https://github.com/sigstore/cosign/raw/6832fba4928c1ad69400235bbc41212de5006176/pkg%2Fcosign%2Fverify.go,"['@@ -1213,6 +1213,36 @@', '@@ -1236,14 +1267,6 @@', '@@ -1258,27 +1281,6 @@']"
sigstore,cosign,2655ca3c28bc5519e411108c38e0a0bf691d14ec,pkg/cosign/verify_test.go,https://github.com/sigstore/cosign/raw/6832fba4928c1ad69400235bbc41212de5006176/pkg%2Fcosign%2Fverify_test.go,"['@@ -782,6 +782,84 @@']"
fleetdm,fleet,0c2b0d2039a1692b3cbbf0fa11212b07596af84b,server/service/integration_mdm_test.go,https://github.com/fleetdm/fleet/raw/0e6c790803d1b4407c5b4b41a67a37864a3d3573/server%2Fservice%2Fintegration_mdm_test.go,"['@@ -7939,6 +7940,79 @@']"
fleetdm,fleet,0c2b0d2039a1692b3cbbf0fa11212b07596af84b,server/service/microsoft_mdm.go,https://github.com/fleetdm/fleet/raw/0e6c790803d1b4407c5b4b41a67a37864a3d3573/server%2Fservice%2Fmicrosoft_mdm.go,"['@@ -777,6 +778,17 @@', '@@ -793,6 +805,11 @@']"
fleetdm,fleet,0c2b0d2039a1692b3cbbf0fa11212b07596af84b,server/service/microsoft_mdm_test.go,https://github.com/fleetdm/fleet/raw/0e6c790803d1b4407c5b4b41a67a37864a3d3573/server%2Fservice%2Fmicrosoft_mdm_test.go,"['@@ -35,6 +36,79 @@']"
theupdateframework,go-tuf,29aae36c83127913c24e881bc1f95dbb0f0961e6,metadata/multirepo/multirepo.go,https://github.com/theupdateframework/go-tuf/raw/d361e2ea24e427581343dee5c7a32b485d79fcc0/metadata%2Fmultirepo%2Fmultirepo.go,"['@@ -19,16 +19,29 @@', '@@ -103,6 +116,13 @@', '@@ -363,3 +383,14 @@']"
theupdateframework,go-tuf,29aae36c83127913c24e881bc1f95dbb0f0961e6,metadata/multirepo/multirepo_test.go,https://github.com/theupdateframework/go-tuf/raw/d361e2ea24e427581343dee5c7a32b485d79fcc0/metadata%2Fmultirepo%2Fmultirepo_test.go,"['@@ -0,0 +1,125 @@']"
siyuan-note,siyuan,65532aec992306f69e578ed9b155aa27e0d6ac30,kernel/conf/editor.go,https://github.com/siyuan-note/siyuan/raw/11115da3d0de950593ee4ce375cf7f9018484388/kernel%2Fconf%2Feditor.go,[]
siyuan-note,siyuan,65532aec992306f69e578ed9b155aa27e0d6ac30,kernel/server/serve.go,https://github.com/siyuan-note/siyuan/raw/11115da3d0de950593ee4ce375cf7f9018484388/kernel%2Fserver%2Fserve.go,"['@@ -562,6 +561,24 @@']"
siyuan-note,siyuan,65532aec992306f69e578ed9b155aa27e0d6ac30,kernel/util/misc.go,https://github.com/siyuan-note/siyuan/raw/11115da3d0de950593ee4ce375cf7f9018484388/kernel%2Futil%2Fmisc.go,"['@@ -220,3 +221,52 @@']"
siyuan-note,siyuan,f922745aa7a2c1f895c7164cb7824f80c5c7dd21,kernel/api/file.go,https://github.com/siyuan-note/siyuan/raw/b2274baba2e11c8cf8901b0c5c871e5b27f1f6dd/kernel%2Fapi%2Ffile.go,"['@@ -66,14 +66,26 @@']"
siyuan-note,siyuan,f922745aa7a2c1f895c7164cb7824f80c5c7dd21,kernel/model/assets.go,https://github.com/siyuan-note/siyuan/raw/b2274baba2e11c8cf8901b0c5c871e5b27f1f6dd/kernel%2Fmodel%2Fassets.go,"['@@ -248,7 +248,18 @@']"
siyuan-note,siyuan,f922745aa7a2c1f895c7164cb7824f80c5c7dd21,kernel/util/path.go,https://github.com/siyuan-note/siyuan/raw/b2274baba2e11c8cf8901b0c5c871e5b27f1f6dd/kernel%2Futil%2Fpath.go,"['@@ -347,3 +347,95 @@']"
siyuan-note,siyuan,b2274baba2e11c8cf8901b0c5c871e5b27f1f6dd,kernel/util/path.go,https://github.com/siyuan-note/siyuan/raw/f8f4b517077b92c90c0d7b51ac11be1b34b273ad/kernel%2Futil%2Fpath.go,[]
axllent,mailpit,4a4c149eed590cc12c5ee064ae2582794de586a4,internal/htmlcheck/css.go,https://github.com/axllent/mailpit/raw/1679a0aba592ebc8487a996d37fea8318c984dfe/internal%2Fhtmlcheck%2Fcss.go,"['@@ -1,8 +1,11 @@', '@@ -182,14 +186,20 @@', '@@ -200,18 +210,30 @@', '@@ -249,3 +271,40 @@']"
charmbracelet,soft-serve,91e4b2b8f070bdacec4fa5bdd5e9c2797c935a8e,pkg/ssh/middleware.go,https://github.com/charmbracelet/soft-serve/raw/8539f9ad39918b67d612a35785a2b4326efc8741/pkg%2Fssh%2Fmiddleware.go,"['@@ -30,23 +31,43 @@']"
charmbracelet,soft-serve,91e4b2b8f070bdacec4fa5bdd5e9c2797c935a8e,pkg/ssh/middleware_test.go,https://github.com/charmbracelet/soft-serve/raw/8539f9ad39918b67d612a35785a2b4326efc8741/pkg%2Fssh%2Fmiddleware_test.go,"['@@ -0,0 +1,180 @@']"
charmbracelet,soft-serve,91e4b2b8f070bdacec4fa5bdd5e9c2797c935a8e,pkg/ssh/ssh.go,https://github.com/charmbracelet/soft-serve/raw/8539f9ad39918b67d612a35785a2b4326efc8741/pkg%2Fssh%2Fssh.go,"['@@ -166,14 +166,6 @@']"
charmbracelet,soft-serve,91e4b2b8f070bdacec4fa5bdd5e9c2797c935a8e,testscript/script_test.go,https://github.com/charmbracelet/soft-serve/raw/8539f9ad39918b67d612a35785a2b4326efc8741/testscript%2Fscript_test.go,"['@@ -82,6 +82,10 @@', '@@ -90,8 +94,10 @@', '@@ -613,3 +620,20 @@']"
kyverno,kyverno,eba60fa856c781bcb9c3be066061a3df03ae4e3e,pkg/config/config.go,https://github.com/kyverno/kyverno/raw/7a651be3a8c78dcabfbf4178b8d89026bf3b850f/pkg%2Fconfig%2Fconfig.go,"['@@ -113,10 +114,14 @@', '@@ -204,6 +209,8 @@', '@@ -356,6 +364,12 @@', '@@ -530,6 +544,20 @@']"
kyverno,kyverno,eba60fa856c781bcb9c3be066061a3df03ae4e3e,pkg/config/config_test.go,https://github.com/kyverno/kyverno/raw/7a651be3a8c78dcabfbf4178b8d89026bf3b850f/pkg%2Fconfig%2Fconfig_test.go,"['@@ -0,0 +1,123 @@']"
kyverno,kyverno,eba60fa856c781bcb9c3be066061a3df03ae4e3e,pkg/config/mocks/mock_config.go,https://github.com/kyverno/kyverno/raw/7a651be3a8c78dcabfbf4178b8d89026bf3b850f/pkg%2Fconfig%2Fmocks%2Fmock_config.go,"['@@ -93,6 +93,20 @@']"
kyverno,kyverno,eba60fa856c781bcb9c3be066061a3df03ae4e3e,pkg/engine/context/context.go,https://github.com/kyverno/kyverno/raw/7a651be3a8c78dcabfbf4178b8d89026bf3b850f/pkg%2Fengine%2Fcontext%2Fcontext.go,"['@@ -114,6 +114,19 @@', '@@ -122,6 +135,8 @@', '@@ -136,6 +151,18 @@', '@@ -187,15 +214,22 @@', '@@ -464,3 +499,14 @@']"
kyverno,kyverno,eba60fa856c781bcb9c3be066061a3df03ae4e3e,pkg/engine/context/context_test.go,https://github.com/kyverno/kyverno/raw/7a651be3a8c78dcabfbf4178b8d89026bf3b850f/pkg%2Fengine%2Fcontext%2Fcontext_test.go,"['@@ -1,7 +1,10 @@', '@@ -284,3 +287,177 @@']"
kyverno,kyverno,eba60fa856c781bcb9c3be066061a3df03ae4e3e,pkg/engine/policycontext/policy_context.go,https://github.com/kyverno/kyverno/raw/7a651be3a8c78dcabfbf4178b8d89026bf3b850f/pkg%2Fengine%2Fpolicycontext%2Fpolicy_context.go,[]
kyverno,kyverno,eba60fa856c781bcb9c3be066061a3df03ae4e3e,pkg/webhooks/handlers/filter_test.go,https://github.com/kyverno/kyverno/raw/7a651be3a8c78dcabfbf4178b8d89026bf3b850f/pkg%2Fwebhooks%2Fhandlers%2Ffilter_test.go,"['@@ -0,0 +1,326 @@']"
kyverno,kyverno,aa50f6d87970724997df8b6aa8a20efbf30f5835,pkg/config/config.go,https://github.com/kyverno/kyverno/raw/f5617f60920568a301740485472bf704892175b7/pkg%2Fconfig%2Fconfig.go,"['@@ -117,10 +118,14 @@', '@@ -208,6 +213,8 @@', '@@ -360,6 +368,12 @@', '@@ -534,6 +548,20 @@']"
kyverno,kyverno,aa50f6d87970724997df8b6aa8a20efbf30f5835,pkg/config/config_test.go,https://github.com/kyverno/kyverno/raw/f5617f60920568a301740485472bf704892175b7/pkg%2Fconfig%2Fconfig_test.go,"['@@ -0,0 +1,123 @@']"
kyverno,kyverno,aa50f6d87970724997df8b6aa8a20efbf30f5835,pkg/config/mocks/mock_config.go,https://github.com/kyverno/kyverno/raw/f5617f60920568a301740485472bf704892175b7/pkg%2Fconfig%2Fmocks%2Fmock_config.go,"['@@ -93,6 +93,20 @@']"
kyverno,kyverno,aa50f6d87970724997df8b6aa8a20efbf30f5835,pkg/engine/context/context.go,https://github.com/kyverno/kyverno/raw/f5617f60920568a301740485472bf704892175b7/pkg%2Fengine%2Fcontext%2Fcontext.go,"['@@ -114,6 +114,19 @@', '@@ -122,6 +135,8 @@', '@@ -136,6 +151,18 @@', '@@ -187,15 +214,22 @@', '@@ -464,3 +499,14 @@']"
kyverno,kyverno,aa50f6d87970724997df8b6aa8a20efbf30f5835,pkg/engine/context/context_test.go,https://github.com/kyverno/kyverno/raw/f5617f60920568a301740485472bf704892175b7/pkg%2Fengine%2Fcontext%2Fcontext_test.go,"['@@ -1,7 +1,10 @@', '@@ -284,3 +287,177 @@']"
kyverno,kyverno,aa50f6d87970724997df8b6aa8a20efbf30f5835,pkg/engine/policycontext/policy_context.go,https://github.com/kyverno/kyverno/raw/f5617f60920568a301740485472bf704892175b7/pkg%2Fengine%2Fpolicycontext%2Fpolicy_context.go,[]
kyverno,kyverno,aa50f6d87970724997df8b6aa8a20efbf30f5835,pkg/webhooks/handlers/filter_test.go,https://github.com/kyverno/kyverno/raw/f5617f60920568a301740485472bf704892175b7/pkg%2Fwebhooks%2Fhandlers%2Ffilter_test.go,"['@@ -0,0 +1,326 @@']"
fleetdm,fleet,9c51cd86d537c80645355d012210958767cf2235,server/service/debug_handler.go,https://github.com/fleetdm/fleet/raw/5c030e32a3a9bc512355b5e1bf19636e4e6d0317/server%2Fservice%2Fdebug_handler.go,[]
fleetdm,fleet,9c51cd86d537c80645355d012210958767cf2235,server/service/debug_handler_test.go,https://github.com/fleetdm/fleet/raw/5c030e32a3a9bc512355b5e1bf19636e4e6d0317/server%2Fservice%2Fdebug_handler_test.go,"['@@ -66,7 +67,39 @@']"
go-gitea,gitea,48d5adb39ca21e324f278fd196f6586738421f68,routers/api/v1/repo/release_attachment.go,https://github.com/go-gitea/gitea/raw/fbea2c68e8df11cfa94e8ead913b79946780ed30/routers%2Fapi%2Fv1%2Frepo%2Frelease_attachment.go,[]
go-gitea,gitea,48d5adb39ca21e324f278fd196f6586738421f68,routers/web/repo/attachment.go,https://github.com/go-gitea/gitea/raw/fbea2c68e8df11cfa94e8ead913b79946780ed30/routers%2Fweb%2Frepo%2Fattachment.go,"['@@ -74,13 +75,44 @@']"
go-gitea,gitea,48d5adb39ca21e324f278fd196f6586738421f68,tests/integration/attachment_test.go,https://github.com/go-gitea/gitea/raw/fbea2c68e8df11cfa94e8ead913b79946780ed30/tests%2Fintegration%2Fattachment_test.go,"['@@ -34,6 +34,14 @@', '@@ -57,12 +65,23 @@', '@@ -157,3 +176,28 @@']"
getarcaneapp,arcane,f86c1cfa0561581a1c2206cfc993f689cf296cc9,backend/internal/services/updater_service.go,https://github.com/getarcaneapp/arcane/raw/5a9c2f92e11f86f8997da8c672844468f930b7e4/backend%2Finternal%2Fservices%2Fupdater_service.go,"['@@ -654,19 +654,6 @@', '@@ -732,13 +719,6 @@', '@@ -1136,26 +1116,6 @@']"
getarcaneapp,arcane,f86c1cfa0561581a1c2206cfc993f689cf296cc9,backend/internal/utils/arcaneupdater/labels.go,https://github.com/getarcaneapp/arcane/raw/5a9c2f92e11f86f8997da8c672844468f930b7e4/backend%2Finternal%2Futils%2Farcaneupdater%2Flabels.go,"['@@ -7,21 +7,9 @@', '@@ -59,24 +47,6 @@']"
getarcaneapp,arcane,f86c1cfa0561581a1c2206cfc993f689cf296cc9,backend/internal/utils/arcaneupdater/labels_test.go,https://github.com/getarcaneapp/arcane/raw/5a9c2f92e11f86f8997da8c672844468f930b7e4/backend%2Finternal%2Futils%2Farcaneupdater%2Flabels_test.go,"['@@ -143,91 +143,6 @@']"
getarcaneapp,arcane,f86c1cfa0561581a1c2206cfc993f689cf296cc9,backend/internal/utils/arcaneupdater/lifecycle.go,https://github.com/getarcaneapp/arcane/raw/f86c1cfa0561581a1c2206cfc993f689cf296cc9/backend%2Finternal%2Futils%2Farcaneupdater%2Flifecycle.go,"['@@ -1,211 +0,0 @@']"
getarcaneapp,arcane,f86c1cfa0561581a1c2206cfc993f689cf296cc9,backend/internal/utils/arcaneupdater/lifecycle_test.go,https://github.com/getarcaneapp/arcane/raw/f86c1cfa0561581a1c2206cfc993f689cf296cc9/backend%2Finternal%2Futils%2Farcaneupdater%2Flifecycle_test.go,"['@@ -1,260 +0,0 @@']"
go-gitea,gitea,e95c30eb809215db3ecf13a587598050f01a9e33,models/user/openid.go,https://github.com/go-gitea/gitea/raw/ed5720af2ac94d74f822721c05b42b6148ff9c22/models%2Fuser%2Fopenid.go,"['@@ -102,7 +102,13 @@']"
go-gitea,gitea,e95c30eb809215db3ecf13a587598050f01a9e33,models/user/openid_test.go,https://github.com/go-gitea/gitea/raw/ed5720af2ac94d74f822721c05b42b6148ff9c22/models%2Fuser%2Fopenid_test.go,"['@@ -33,20 +34,22 @@', '@@ -55,3 +58,13 @@']"
go-gitea,gitea,e95c30eb809215db3ecf13a587598050f01a9e33,routers/web/user/setting/security/main_test.go,https://github.com/go-gitea/gitea/raw/ed5720af2ac94d74f822721c05b42b6148ff9c22/routers%2Fweb%2Fuser%2Fsetting%2Fsecurity%2Fmain_test.go,"['@@ -0,0 +1,14 @@']"
go-gitea,gitea,e95c30eb809215db3ecf13a587598050f01a9e33,routers/web/user/setting/security/openid.go,https://github.com/go-gitea/gitea/raw/ed5720af2ac94d74f822721c05b42b6148ff9c22/routers%2Fweb%2Fuser%2Fsetting%2Fsecurity%2Fopenid.go,"['@@ -4,12 +4,14 @@', '@@ -116,7 +118,11 @@', '@@ -132,8 +138,12 @@']"
go-gitea,gitea,e95c30eb809215db3ecf13a587598050f01a9e33,routers/web/user/setting/security/openid_test.go,https://github.com/go-gitea/gitea/raw/ed5720af2ac94d74f822721c05b42b6148ff9c22/routers%2Fweb%2Fuser%2Fsetting%2Fsecurity%2Fopenid_test.go,"['@@ -0,0 +1,36 @@']"
sigstore,sigstore,deef0ee6b9d504c2ee3e2c49f892b88c73e3f28d,pkg/tuf/client.go,https://github.com/sigstore/sigstore/raw/8ec410a2993ea78083aecf0e473a85453039496e/pkg%2Ftuf%2Fclient.go,"['@@ -671,12 +671,16 @@']"
sigstore,sigstore,deef0ee6b9d504c2ee3e2c49f892b88c73e3f28d,pkg/tuf/client_test.go,https://github.com/sigstore/sigstore/raw/8ec410a2993ea78083aecf0e473a85453039496e/pkg%2Ftuf%2Fclient_test.go,"['@@ -894,3 +894,93 @@']"
traefik,traefik,47d7094dfb6e97e5ad795a73f671221030458d09,pkg/server/router/tcp/router.go,https://github.com/traefik/traefik/raw/e9f3089e9045812bcf1b410a9d40568917b26c3d/pkg%2Fserver%2Frouter%2Ftcp%2Frouter.go,"['@@ -206,7 +207,17 @@']"
traefik,traefik,47d7094dfb6e97e5ad795a73f671221030458d09,pkg/server/router/tcp/router_test.go,https://github.com/traefik/traefik/raw/e9f3089e9045812bcf1b410a9d40568917b26c3d/pkg%2Fserver%2Frouter%2Ftcp%2Frouter_test.go,"['@@ -679,6 +679,64 @@']"
sigstore,rekor,812e699631adbb7a4fe383be9a1b8b93dd1ff14f,cmd/cleanup-index/main.go,https://github.com/sigstore/rekor/raw/39bae3d192bce48ef4ef2cbd1788fb5770fee8cd/cmd%2Fcleanup-index%2Fmain.go,[]
sigstore,rekor,812e699631adbb7a4fe383be9a1b8b93dd1ff14f,pkg/pki/minisign/minisign_test.go,https://github.com/sigstore/rekor/raw/39bae3d192bce48ef4ef2cbd1788fb5770fee8cd/pkg%2Fpki%2Fminisign%2Fminisign_test.go,[]
sigstore,rekor,812e699631adbb7a4fe383be9a1b8b93dd1ff14f,pkg/pki/pgp/pgp_test.go,https://github.com/sigstore/rekor/raw/39bae3d192bce48ef4ef2cbd1788fb5770fee8cd/pkg%2Fpki%2Fpgp%2Fpgp_test.go,[]
sigstore,rekor,812e699631adbb7a4fe383be9a1b8b93dd1ff14f,pkg/pki/tuf/tuf_test.go,https://github.com/sigstore/rekor/raw/39bae3d192bce48ef4ef2cbd1788fb5770fee8cd/pkg%2Fpki%2Ftuf%2Ftuf_test.go,[]
sigstore,rekor,812e699631adbb7a4fe383be9a1b8b93dd1ff14f,pkg/types/cose/v0.0.1/entry.go,https://github.com/sigstore/rekor/raw/39bae3d192bce48ef4ef2cbd1788fb5770fee8cd/pkg%2Ftypes%2Fcose%2Fv0.0.1%2Fentry.go,"['@@ -83,6 +83,9 @@', '@@ -169,6 +172,9 @@', '@@ -199,8 +205,15 @@']"
sigstore,rekor,812e699631adbb7a4fe383be9a1b8b93dd1ff14f,pkg/types/cose/v0.0.1/entry_test.go,https://github.com/sigstore/rekor/raw/39bae3d192bce48ef4ef2cbd1788fb5770fee8cd/pkg%2Ftypes%2Fcose%2Fv0.0.1%2Fentry_test.go,"['@@ -923,3 +923,53 @@']"
sigstore,rekor,812e699631adbb7a4fe383be9a1b8b93dd1ff14f,pkg/types/dsse/v0.0.1/entry.go,https://github.com/sigstore/rekor/raw/39bae3d192bce48ef4ef2cbd1788fb5770fee8cd/pkg%2Ftypes%2Fdsse%2Fv0.0.1%2Fentry.go,"['@@ -292,6 +292,9 @@']"
sigstore,rekor,812e699631adbb7a4fe383be9a1b8b93dd1ff14f,pkg/types/dsse/v0.0.1/entry_test.go,https://github.com/sigstore/rekor/raw/39bae3d192bce48ef4ef2cbd1788fb5770fee8cd/pkg%2Ftypes%2Fdsse%2Fv0.0.1%2Fentry_test.go,"['@@ -252,6 +252,15 @@', '@@ -624,4 +633,10 @@']"
axllent,mailpit,2734efbc663869538f014f10034959c2842e691a,internal/smtpd/smtpd.go,https://github.com/axllent/mailpit/raw/36cc06c125954dec6673219dafa084e13cc14534/internal%2Fsmtpd%2Fsmtpd.go,"['@@ -1014,3 +1015,23 @@']"
go-chi,chi,de0d16e6d23092aeef0b6e78f146799369160651,middleware/strip.go,https://github.com/go-chi/chi/raw/6eb35881c0e438ffb663ddbad3a61babaa5e5d8a/middleware%2Fstrip.go,"['@@ -47,15 +47,22 @@']"
go-chi,chi,de0d16e6d23092aeef0b6e78f146799369160651,middleware/strip_test.go,https://github.com/go-chi/chi/raw/6eb35881c0e438ffb663ddbad3a61babaa5e5d8a/middleware%2Fstrip_test.go,"['@@ -271,3 +272,58 @@']"
dragonflyoss,dragonfly,a0240e2d6b47c71ea30a86f8197360c8b27bf001,manager/database/database.go,https://github.com/dragonflyoss/dragonfly/raw/9fb9a2dfde3100f32dc7f48eabee4c2b64eac55f/manager%2Fdatabase%2Fdatabase.go,"['@@ -20,6 +20,8 @@', '@@ -38,6 +40,11 @@', '@@ -230,5 +237,19 @@']"
dragonflyoss,dragonfly,a0240e2d6b47c71ea30a86f8197360c8b27bf001,manager/router/router.go,https://github.com/dragonflyoss/dragonfly/raw/9fb9a2dfde3100f32dc7f48eabee4c2b64eac55f/manager%2Frouter%2Frouter.go,[]
dragonflyoss,dragonfly,a0240e2d6b47c71ea30a86f8197360c8b27bf001,manager/service/personal_access_token.go,https://github.com/dragonflyoss/dragonfly/raw/9fb9a2dfde3100f32dc7f48eabee4c2b64eac55f/manager%2Fservice%2Fpersonal_access_token.go,"['@@ -18,12 +18,10 @@', '@@ -101,7 +99,3 @@']"
dragonflyoss,dragonfly,a0240e2d6b47c71ea30a86f8197360c8b27bf001,pkg/auth/personal_access_token.go,https://github.com/dragonflyoss/dragonfly/raw/9fb9a2dfde3100f32dc7f48eabee4c2b64eac55f/pkg%2Fauth%2Fpersonal_access_token.go,"['@@ -0,0 +1,28 @@']"
dragonflyoss,dragonfly,a0240e2d6b47c71ea30a86f8197360c8b27bf001,test/e2e/e2e_test.go,https://github.com/dragonflyoss/dragonfly/raw/9fb9a2dfde3100f32dc7f48eabee4c2b64eac55f/test%2Fe2e%2Fe2e_test.go,[]
dragonflyoss,dragonfly,a0240e2d6b47c71ea30a86f8197360c8b27bf001,test/e2e/manager/job.go,https://github.com/dragonflyoss/dragonfly/raw/9fb9a2dfde3100f32dc7f48eabee4c2b64eac55f/test%2Fe2e%2Fmanager%2Fjob.go,[]
dragonflyoss,dragonfly,a0240e2d6b47c71ea30a86f8197360c8b27bf001,test/e2e/manager/preheat.go,https://github.com/dragonflyoss/dragonfly/raw/9fb9a2dfde3100f32dc7f48eabee4c2b64eac55f/test%2Fe2e%2Fmanager%2Fpreheat.go,[]
dragonflyoss,dragonfly,a0240e2d6b47c71ea30a86f8197360c8b27bf001,test/e2e/manager/task.go,https://github.com/dragonflyoss/dragonfly/raw/9fb9a2dfde3100f32dc7f48eabee4c2b64eac55f/test%2Fe2e%2Fmanager%2Ftask.go,[]
dragonflyoss,dragonfly,a0240e2d6b47c71ea30a86f8197360c8b27bf001,test/e2e/util/exec.go,https://github.com/dragonflyoss/dragonfly/raw/9fb9a2dfde3100f32dc7f48eabee4c2b64eac55f/test%2Fe2e%2Futil%2Fexec.go,"['@@ -88,10 +88,8 @@']"
dragonflyoss,dragonfly,a0240e2d6b47c71ea30a86f8197360c8b27bf001,test/e2e/util/personal_access_token.go,https://github.com/dragonflyoss/dragonfly/raw/9fb9a2dfde3100f32dc7f48eabee4c2b64eac55f/test%2Fe2e%2Futil%2Fpersonal_access_token.go,"['@@ -0,0 +1,26 @@']"
ethereum,go-ethereum,b9f3a3d964ed3d31e710ec7dd66da9181477ecb2,core/txpool/errors.go,https://github.com/ethereum/go-ethereum/raw/abeb78c647e354ed922726a1d719ac7bc64a07e2/core%2Ftxpool%2Ferrors.go,"['@@ -71,4 +71,7 @@']"
ethereum,go-ethereum,b9f3a3d964ed3d31e710ec7dd66da9181477ecb2,core/txpool/validation.go,https://github.com/ethereum/go-ethereum/raw/abeb78c647e354ed922726a1d719ac7bc64a07e2/core%2Ftxpool%2Fvalidation.go,"['@@ -203,7 +203,10 @@']"
ethereum,go-ethereum,b9f3a3d964ed3d31e710ec7dd66da9181477ecb2,crypto/ecies/ecies.go,https://github.com/ethereum/go-ethereum/raw/abeb78c647e354ed922726a1d719ac7bc64a07e2/crypto%2Fecies%2Fecies.go,[]
ethereum,go-ethereum,b9f3a3d964ed3d31e710ec7dd66da9181477ecb2,eth/fetcher/tx_fetcher.go,https://github.com/ethereum/go-ethereum/raw/abeb78c647e354ed922726a1d719ac7bc64a07e2/eth%2Ffetcher%2Ftx_fetcher.go,"['@@ -331,6 +333,12 @@', '@@ -339,6 +347,11 @@', '@@ -349,9 +362,13 @@', '@@ -746,6 +763,11 @@']"
ethereum,go-ethereum,b9f3a3d964ed3d31e710ec7dd66da9181477ecb2,eth/fetcher/tx_fetcher_test.go,https://github.com/ethereum/go-ethereum/raw/abeb78c647e354ed922726a1d719ac7bc64a07e2/eth%2Ffetcher%2Ftx_fetcher_test.go,"['@@ -28,7 +29,10 @@', '@@ -1908,6 +1912,114 @@']"
ethereum,go-ethereum,b9f3a3d964ed3d31e710ec7dd66da9181477ecb2,version/version.go,https://github.com/ethereum/go-ethereum/raw/abeb78c647e354ed922726a1d719ac7bc64a07e2/version%2Fversion.go,[]
argoproj,argo-workflows,2824d21213830d2a17eb05cac070cf36c6678c47,server/artifacts/artifact_server.go,https://github.com/argoproj/argo-workflows/raw/159a5c56285ecd4d3bb0a67aeef4507779a44e17/server%2Fartifacts%2Fartifact_server.go,"['@@ -1,9 +1,11 @@', '@@ -218,31 +220,14 @@', '@@ -257,6 +242,42 @@', '@@ -502,6 +523,13 @@']"
argoproj,argo-workflows,2824d21213830d2a17eb05cac070cf36c6678c47,server/artifacts/artifact_server_test.go,https://github.com/argoproj/argo-workflows/raw/159a5c56285ecd4d3bb0a67aeef4507779a44e17/server%2Fartifacts%2Fartifact_server_test.go,"['@@ -134,18 +134,27 @@', '@@ -402,9 +411,21 @@', '@@ -476,6 +497,8 @@', '@@ -490,6 +513,64 @@']"
argoproj,argo-workflows,2824d21213830d2a17eb05cac070cf36c6678c47,test/e2e/argo_server_test.go,https://github.com/argoproj/argo-workflows/raw/159a5c56285ecd4d3bb0a67aeef4507779a44e17/test%2Fe2e%2Fargo_server_test.go,"['@@ -1728,7 +1728,13 @@']"
ethereum,go-ethereum,b9f3a3d964ed3d31e710ec7dd66da9181477ecb2,core/txpool/errors.go,https://github.com/ethereum/go-ethereum/raw/abeb78c647e354ed922726a1d719ac7bc64a07e2/core%2Ftxpool%2Ferrors.go,"['@@ -71,4 +71,7 @@']"
ethereum,go-ethereum,b9f3a3d964ed3d31e710ec7dd66da9181477ecb2,core/txpool/validation.go,https://github.com/ethereum/go-ethereum/raw/abeb78c647e354ed922726a1d719ac7bc64a07e2/core%2Ftxpool%2Fvalidation.go,"['@@ -203,7 +203,10 @@']"
ethereum,go-ethereum,b9f3a3d964ed3d31e710ec7dd66da9181477ecb2,crypto/ecies/ecies.go,https://github.com/ethereum/go-ethereum/raw/abeb78c647e354ed922726a1d719ac7bc64a07e2/crypto%2Fecies%2Fecies.go,[]
ethereum,go-ethereum,b9f3a3d964ed3d31e710ec7dd66da9181477ecb2,eth/fetcher/tx_fetcher.go,https://github.com/ethereum/go-ethereum/raw/abeb78c647e354ed922726a1d719ac7bc64a07e2/eth%2Ffetcher%2Ftx_fetcher.go,"['@@ -331,6 +333,12 @@', '@@ -339,6 +347,11 @@', '@@ -349,9 +362,13 @@', '@@ -746,6 +763,11 @@']"
ethereum,go-ethereum,b9f3a3d964ed3d31e710ec7dd66da9181477ecb2,eth/fetcher/tx_fetcher_test.go,https://github.com/ethereum/go-ethereum/raw/abeb78c647e354ed922726a1d719ac7bc64a07e2/eth%2Ffetcher%2Ftx_fetcher_test.go,"['@@ -28,7 +29,10 @@', '@@ -1908,6 +1912,114 @@']"
ethereum,go-ethereum,b9f3a3d964ed3d31e710ec7dd66da9181477ecb2,version/version.go,https://github.com/ethereum/go-ethereum/raw/abeb78c647e354ed922726a1d719ac7bc64a07e2/version%2Fversion.go,[]
kyverno,kyverno,f5617f60920568a301740485472bf704892175b7,pkg/engine/apicall/apiCall.go,https://github.com/kyverno/kyverno/raw/e0ba4de4f1e0ca325066d5095db51aec45b1407b/pkg%2Fengine%2Fapicall%2FapiCall.go,"['@@ -4,6 +4,8 @@', '@@ -12,12 +14,15 @@', '@@ -62,6 +69,19 @@']"
kyverno,kyverno,f5617f60920568a301740485472bf704892175b7,pkg/engine/apicall/apiCall_test.go,https://github.com/kyverno/kyverno/raw/e0ba4de4f1e0ca325066d5095db51aec45b1407b/pkg%2Fengine%2Fapicall%2FapiCall_test.go,"['@@ -305,3 +305,87 @@']"
kyverno,kyverno,f5617f60920568a301740485472bf704892175b7,pkg/engine/context/loaders/apicall.go,https://github.com/kyverno/kyverno/raw/e0ba4de4f1e0ca325066d5095db51aec45b1407b/pkg%2Fengine%2Fcontext%2Floaders%2Fapicall.go,"['@@ -31,15 +32,17 @@']"
kyverno,kyverno,f5617f60920568a301740485472bf704892175b7,pkg/engine/factories/contextloaderfactory.go,https://github.com/kyverno/kyverno/raw/e0ba4de4f1e0ca325066d5095db51aec45b1407b/pkg%2Fengine%2Ffactories%2Fcontextloaderfactory.go,"['@@ -18,10 +18,15 @@']"
kyverno,kyverno,99260bd2900290d7d898933c421d2a51d01172a6,pkg/engine/apicall/apiCall.go,https://github.com/kyverno/kyverno/raw/eba60fa856c781bcb9c3be066061a3df03ae4e3e/pkg%2Fengine%2Fapicall%2FapiCall.go,"['@@ -4,6 +4,8 @@', '@@ -12,12 +14,15 @@', '@@ -62,6 +69,19 @@']"
kyverno,kyverno,99260bd2900290d7d898933c421d2a51d01172a6,pkg/engine/apicall/apiCall_test.go,https://github.com/kyverno/kyverno/raw/eba60fa856c781bcb9c3be066061a3df03ae4e3e/pkg%2Fengine%2Fapicall%2FapiCall_test.go,"['@@ -305,3 +305,87 @@']"
kyverno,kyverno,99260bd2900290d7d898933c421d2a51d01172a6,pkg/engine/context/loaders/apicall.go,https://github.com/kyverno/kyverno/raw/eba60fa856c781bcb9c3be066061a3df03ae4e3e/pkg%2Fengine%2Fcontext%2Floaders%2Fapicall.go,"['@@ -31,15 +32,17 @@']"
kyverno,kyverno,99260bd2900290d7d898933c421d2a51d01172a6,pkg/engine/factories/contextloaderfactory.go,https://github.com/kyverno/kyverno/raw/eba60fa856c781bcb9c3be066061a3df03ae4e3e/pkg%2Fengine%2Ffactories%2Fcontextloaderfactory.go,"['@@ -18,10 +18,15 @@']"
Tencent,WeKnora,a20541cd9d0a54dbff0b9112f1299c64347370ff,internal/application/service/mcp_service.go,https://github.com/Tencent/WeKnora/raw/f7900a5e9a18c99d25cec9589ead9e4e59ce04bb/internal%2Fapplication%2Fservice%2Fmcp_service.go,"['@@ -31,6 +31,22 @@', '@@ -113,6 +129,33 @@']"
Tencent,WeKnora,a20541cd9d0a54dbff0b9112f1299c64347370ff,internal/mcp/client.go,https://github.com/Tencent/WeKnora/raw/f7900a5e9a18c99d25cec9589ead9e4e59ce04bb/internal%2Fmcp%2Fclient.go,"['@@ -122,6 +123,16 @@']"
Tencent,WeKnora,a20541cd9d0a54dbff0b9112f1299c64347370ff,internal/utils/security.go,https://github.com/Tencent/WeKnora/raw/f7900a5e9a18c99d25cec9589ead9e4e59ce04bb/internal%2Futils%2Fsecurity.go,"['@@ -217,3 +218,163 @@']"
charmbracelet,soft-serve,62e2d5cacc058d94cbbebd5936ac7f944578f3c0,pkg/web/git_lfs.go,https://github.com/charmbracelet/soft-serve/raw/000ab5164f0be68cf1ea6b6e7227f11c0e388a42/pkg%2Fweb%2Fgit_lfs.go,"['@@ -902,7 +901,27 @@', '@@ -915,16 +934,7 @@']"
cometbft,cometbft,31a104f3b05171a943dff9f440a500e2d3b6212a,blocksync/reactor_test.go,https://github.com/cometbft/cometbft/raw/bf8274fcdbcab2bc652660ae627196a90a6efb97/blocksync%2Freactor_test.go,[]
cometbft,cometbft,31a104f3b05171a943dff9f440a500e2d3b6212a,consensus/replay_test.go,https://github.com/cometbft/cometbft/raw/bf8274fcdbcab2bc652660ae627196a90a6efb97/consensus%2Freplay_test.go,"['@@ -897,7 +897,10 @@']"
cometbft,cometbft,31a104f3b05171a943dff9f440a500e2d3b6212a,consensus/state_test.go,https://github.com/cometbft/cometbft/raw/bf8274fcdbcab2bc652660ae627196a90a6efb97/consensus%2Fstate_test.go,[]
cometbft,cometbft,31a104f3b05171a943dff9f440a500e2d3b6212a,evidence/pool_test.go,https://github.com/cometbft/cometbft/raw/bf8274fcdbcab2bc652660ae627196a90a6efb97/evidence%2Fpool_test.go,"['@@ -413,7 +413,10 @@']"
cometbft,cometbft,31a104f3b05171a943dff9f440a500e2d3b6212a,state/execution.go,https://github.com/cometbft/cometbft/raw/bf8274fcdbcab2bc652660ae627196a90a6efb97/state%2Fexecution.go,"['@@ -127,7 +127,10 @@']"
cometbft,cometbft,31a104f3b05171a943dff9f440a500e2d3b6212a,state/execution_test.go,https://github.com/cometbft/cometbft/raw/bf8274fcdbcab2bc652660ae627196a90a6efb97/state%2Fexecution_test.go,[]
cometbft,cometbft,31a104f3b05171a943dff9f440a500e2d3b6212a,state/helpers_test.go,https://github.com/cometbft/cometbft/raw/bf8274fcdbcab2bc652660ae627196a90a6efb97/state%2Fhelpers_test.go,"['@@ -56,7 +56,10 @@', '@@ -171,7 +174,10 @@', '@@ -189,7 +195,10 @@', '@@ -207,7 +216,10 @@']"
cometbft,cometbft,31a104f3b05171a943dff9f440a500e2d3b6212a,state/state.go,https://github.com/cometbft/cometbft/raw/bf8274fcdbcab2bc652660ae627196a90a6efb97/state%2Fstate.go,"['@@ -245,7 +246,11 @@', '@@ -274,13 +279,15 @@']"
cometbft,cometbft,31a104f3b05171a943dff9f440a500e2d3b6212a,state/state_test.go,https://github.com/cometbft/cometbft/raw/bf8274fcdbcab2bc652660ae627196a90a6efb97/state%2Fstate_test.go,"['@@ -1114,3 +1125,86 @@']"
cometbft,cometbft,31a104f3b05171a943dff9f440a500e2d3b6212a,state/validation.go,https://github.com/cometbft/cometbft/raw/bf8274fcdbcab2bc652660ae627196a90a6efb97/state%2Fvalidation.go,"['@@ -119,7 +119,11 @@']"
cometbft,cometbft,31a104f3b05171a943dff9f440a500e2d3b6212a,state/validation_test.go,https://github.com/cometbft/cometbft/raw/bf8274fcdbcab2bc652660ae627196a90a6efb97/state%2Fvalidation_test.go,"['@@ -186,22 +187,18 @@', '@@ -369,3 +367,148 @@']"
cometbft,cometbft,31a104f3b05171a943dff9f440a500e2d3b6212a,store/bench_test.go,https://github.com/cometbft/cometbft/raw/bf8274fcdbcab2bc652660ae627196a90a6efb97/store%2Fbench_test.go,[]
cometbft,cometbft,31a104f3b05171a943dff9f440a500e2d3b6212a,store/store_test.go,https://github.com/cometbft/cometbft/raw/bf8274fcdbcab2bc652660ae627196a90a6efb97/store%2Fstore_test.go,[]
cometbft,cometbft,31a104f3b05171a943dff9f440a500e2d3b6212a,types/validation.go,https://github.com/cometbft/cometbft/raw/bf8274fcdbcab2bc652660ae627196a90a6efb97/types%2Fvalidation.go,"['@@ -298,6 +298,10 @@', '@@ -437,6 +441,10 @@']"
chainguard-dev,malcontent,6bfa82c673fbc136ab3be86ec5a0ca7479176039,cmd/mal/mal.go,https://github.com/chainguard-dev/malcontent/raw/538ed00cdc639d687a4bd1e843a2be0428a3b3e7/cmd%2Fmal%2Fmal.go,"['@@ -367,6 +369,13 @@']"
chainguard-dev,malcontent,6bfa82c673fbc136ab3be86ec5a0ca7479176039,pkg/action/diff.go,https://github.com/chainguard-dev/malcontent/raw/538ed00cdc639d687a4bd1e843a2be0428a3b3e7/pkg%2Faction%2Fdiff.go,[]
chainguard-dev,malcontent,6bfa82c673fbc136ab3be86ec5a0ca7479176039,pkg/action/scan.go,https://github.com/chainguard-dev/malcontent/raw/538ed00cdc639d687a4bd1e843a2be0428a3b3e7/pkg%2Faction%2Fscan.go,[]
chainguard-dev,malcontent,6bfa82c673fbc136ab3be86ec5a0ca7479176039,pkg/archive/oci.go,https://github.com/chainguard-dev/malcontent/raw/538ed00cdc639d687a4bd1e843a2be0428a3b3e7/pkg%2Farchive%2Foci.go,"['@@ -29,8 +30,18 @@']"
chainguard-dev,malcontent,6bfa82c673fbc136ab3be86ec5a0ca7479176039,pkg/malcontent/malcontent.go,https://github.com/chainguard-dev/malcontent/raw/538ed00cdc639d687a4bd1e843a2be0428a3b3e7/pkg%2Fmalcontent%2Fmalcontent.go,[]
axllent,mailpit,dd99a4bcf005955da041659056068f88839daba9,server/handlers/proxy.go,https://github.com/axllent/mailpit/raw/3b9b470c093b3d20b7d751722c1c24f3eed2e19d/server%2Fhandlers%2Fproxy.go,"['@@ -3,32 +3,102 @@', '@@ -56,23 +126,34 @@', '@@ -100,7 +181,20 @@', '@@ -114,7 +208,82 @@', '@@ -156,3 +325,35 @@']"
zalando,skipper,1ca00f7af7431162b9af27a65de7ab8e087e32e7,config/config.go,https://github.com/zalando/skipper/raw/0b52894570773b29e2f3c571b94b4211ef8fa714/config%2Fconfig.go,[]
zalando,skipper,1ca00f7af7431162b9af27a65de7ab8e087e32e7,config/config_test.go,https://github.com/zalando/skipper/raw/0b52894570773b29e2f3c571b94b4211ef8fa714/config%2Fconfig_test.go,[]
zalando,skipper,1ca00f7af7431162b9af27a65de7ab8e087e32e7,skipper.go,https://github.com/zalando/skipper/raw/0b52894570773b29e2f3c571b94b4211ef8fa714/skipper.go,"['@@ -990,6 +990,11 @@', '@@ -2045,15 +2050,17 @@']"
sigstore,cosign,c5717cb886f820084f11aff70e4a1763e3027ee8,pkg/cosign/verify.go,https://github.com/sigstore/cosign/raw/3c9a7363f563db76d78e2de2cabd945450f3781e/pkg%2Fcosign%2Fverify.go,"['@@ -333,16 +333,18 @@', '@@ -883,10 +887,12 @@', '@@ -1176,21 +1182,36 @@']"
sigstore,cosign,c5717cb886f820084f11aff70e4a1763e3027ee8,pkg/cosign/verify_test.go,https://github.com/sigstore/cosign/raw/3c9a7363f563db76d78e2de2cabd945450f3781e/pkg%2Fcosign%2Fverify_test.go,"['@@ -25,13 +25,15 @@', '@@ -1550,10 +1552,13 @@', '@@ -1834,6 +1839,170 @@']"
antrea-io,antrea,fa08edb15e481d2a22d817968351b68de6439b0e,pkg/agent/controller/networkpolicy/priority.go,https://github.com/antrea-io/antrea/raw/86c4b6010f3be536866f339b632621c23d7186fa/pkg%2Fagent%2Fcontroller%2Fnetworkpolicy%2Fpriority.go,"['@@ -116,14 +116,28 @@', '@@ -154,12 +168,26 @@', '@@ -178,7 +206,12 @@', '@@ -187,7 +220,9 @@', '@@ -205,20 +240,29 @@', '@@ -236,7 +280,12 @@', '@@ -273,8 +322,13 @@', '@@ -340,32 +394,51 @@']"
antrea-io,antrea,fa08edb15e481d2a22d817968351b68de6439b0e,pkg/agent/controller/networkpolicy/priority_test.go,https://github.com/antrea-io/antrea/raw/86c4b6010f3be536866f339b632621c23d7186fa/pkg%2Fagent%2Fcontroller%2Fnetworkpolicy%2Fpriority_test.go,"['@@ -15,9 +15,12 @@', '@@ -315,6 +318,85 @@', '@@ -329,6 +411,20 @@', '@@ -346,6 +442,22 @@']"
php,frankenphp,711d03256eddfbf168d48c222909f23d1c5384b1,caddy/mercure.go,https://github.com/php/frankenphp/raw/04fdc0c1e8fde94e2c1ad86217e962c88d27c53e/caddy%2Fmercure.go,[]
php,frankenphp,711d03256eddfbf168d48c222909f23d1c5384b1,caddy/module.go,https://github.com/php/frankenphp/raw/04fdc0c1e8fde94e2c1ad86217e962c88d27c53e/caddy%2Fmodule.go,"['@@ -148,6 +149,8 @@', '@@ -162,6 +165,10 @@', '@@ -180,31 +187,26 @@', '@@ -215,31 +217,14 @@']"
php,frankenphp,711d03256eddfbf168d48c222909f23d1c5384b1,cgi.go,https://github.com/php/frankenphp/raw/04fdc0c1e8fde94e2c1ad86217e962c88d27c53e/cgi.go,"['@@ -18,9 +18,12 @@', '@@ -252,24 +255,64 @@']"
php,frankenphp,711d03256eddfbf168d48c222909f23d1c5384b1,cgi_test.go,https://github.com/php/frankenphp/raw/04fdc0c1e8fde94e2c1ad86217e962c88d27c53e/cgi_test.go,"['@@ -31,3 +32,179 @@']"
php,frankenphp,711d03256eddfbf168d48c222909f23d1c5384b1,request_options.go,https://github.com/php/frankenphp/raw/04fdc0c1e8fde94e2c1ad86217e962c88d27c53e/request_options.go,"['@@ -1,11 +1,14 @@', '@@ -14,6 +17,8 @@', '@@ -71,11 +76,36 @@']"
php,frankenphp,711d03256eddfbf168d48c222909f23d1c5384b1,request_options_test.go,https://github.com/php/frankenphp/raw/04fdc0c1e8fde94e2c1ad86217e962c88d27c53e/request_options_test.go,"['@@ -0,0 +1,69 @@']"
open-policy-agent,opa-envoy-plugin,dd0d2044efa7336b5beeda0485ee5ae136354e9c,envoyauth/request.go,https://github.com/open-policy-agent/opa-envoy-plugin/raw/58c44d4ec408d5852d1d0287599e7d5c5e2bc5c3/envoyauth%2Frequest.go,"['@@ -112,14 +112,19 @@']"
open-policy-agent,opa-envoy-plugin,dd0d2044efa7336b5beeda0485ee5ae136354e9c,envoyauth/request_test.go,https://github.com/open-policy-agent/opa-envoy-plugin/raw/58c44d4ec408d5852d1d0287599e7d5c5e2bc5c3/envoyauth%2Frequest_test.go,"['@@ -651,6 +651,21 @@']"
pion,dtls,46ee7c34b3f145288c8dcafd602da5a1da1a6f82,pkg/crypto/ciphersuite/ciphersuite.go,https://github.com/pion/dtls/raw/61762dee8217991882c5eb79856b9e7a73ee349f/pkg%2Fcrypto%2Fciphersuite%2Fciphersuite.go,"['@@ -83,12 +82,10 @@']"
pion,dtls,713910a964f7026715069716e245483f51e74eaf,pkg/crypto/ciphersuite/ccm.go,https://github.com/pion/dtls/raw/90e241cfec2985715efdd3d005972847462a67d6/pkg%2Fcrypto%2Fciphersuite%2Fccm.go,[]
pion,dtls,713910a964f7026715069716e245483f51e74eaf,pkg/crypto/ciphersuite/gcm.go,https://github.com/pion/dtls/raw/90e241cfec2985715efdd3d005972847462a67d6/pkg%2Fcrypto%2Fciphersuite%2Fgcm.go,[]
filecoin-project,curio,b8d3d82baf88bf45267aa9cc75b62fd9ad65725a,market/mk12/mk12_utils.go,https://github.com/filecoin-project/curio/raw/551da78e0123892600d8e6dfe9de7a579055d80b/market%2Fmk12%2Fmk12_utils.go,[]
filecoin-project,curio,b8d3d82baf88bf45267aa9cc75b62fd9ad65725a,market/mk20/http/http.go,https://github.com/filecoin-project/curio/raw/551da78e0123892600d8e6dfe9de7a579055d80b/market%2Fmk20%2Fhttp%2Fhttp.go,[]
filecoin-project,curio,b8d3d82baf88bf45267aa9cc75b62fd9ad65725a,pdp/handlers.go,https://github.com/filecoin-project/curio/raw/551da78e0123892600d8e6dfe9de7a579055d80b/pdp%2Fhandlers.go,[]
caddyserver,caddy,0188ef2e62e772be30ef01344e6103ecf7a57db0,modules/caddytls/connpolicy.go,https://github.com/caddyserver/caddy/raw/d42d39b4bc237c628f9a95363b28044cb7a7fe72/modules%2Fcaddytls%2Fconnpolicy.go,[]
lf-edge,eve,db4f69ba1b50830237bde6ef46455d83636726b2,pkg/pillar/evetpm/tpm.go,https://github.com/lf-edge/eve/raw/aa3501d6c57206ced222c33aea15a9169d629141/pkg%2Fpillar%2Fevetpm%2Ftpm.go,[]
ethereum,go-ethereum,abeb78c647e354ed922726a1d719ac7bc64a07e2,crypto/ecies/ecies.go,https://github.com/ethereum/go-ethereum/raw/46bee92f9e64c0a06a12586a5d21cffc49d1ba8e/crypto%2Fecies%2Fecies.go,"['@@ -124,6 +124,9 @@']"
ethereum,go-ethereum,abeb78c647e354ed922726a1d719ac7bc64a07e2,p2p/rlpx/rlpx_oracle_poc_test.go,https://github.com/ethereum/go-ethereum/raw/46bee92f9e64c0a06a12586a5d21cffc49d1ba8e/p2p%2Frlpx%2Frlpx_oracle_poc_test.go,"['@@ -0,0 +1,57 @@']"
chainguard-dev,melange,ea77be2fc517208d187edb1432c616defa919780,pkg/build/build.go,https://github.com/chainguard-dev/melange/raw/e51ca30cfb63178f5a86997d23d3fff0359fa6c8/pkg%2Fbuild%2Fbuild.go,"['@@ -776,7 +776,10 @@']"
chainguard-dev,melange,ea77be2fc517208d187edb1432c616defa919780,pkg/build/pipeline.go,https://github.com/chainguard-dev/melange/raw/e51ca30cfb63178f5a86997d23d3fff0359fa6c8/pkg%2Fbuild%2Fpipeline.go,"['@@ -176,11 +176,16 @@', '@@ -308,7 +313,10 @@']"
chainguard-dev,melange,ea77be2fc517208d187edb1432c616defa919780,pkg/build/pipeline_test.go,https://github.com/chainguard-dev/melange/raw/e51ca30cfb63178f5a86997d23d3fff0359fa6c8/pkg%2Fbuild%2Fpipeline_test.go,"['@@ -147,12 +147,14 @@']"
chainguard-dev,melange,ea77be2fc517208d187edb1432c616defa919780,pkg/build/shell.go,https://github.com/chainguard-dev/melange/raw/e51ca30cfb63178f5a86997d23d3fff0359fa6c8/pkg%2Fbuild%2Fshell.go,"['@@ -0,0 +1,33 @@']"
chainguard-dev,melange,ea77be2fc517208d187edb1432c616defa919780,pkg/build/shell_injection_test.go,https://github.com/chainguard-dev/melange/raw/e51ca30cfb63178f5a86997d23d3fff0359fa6c8/pkg%2Fbuild%2Fshell_injection_test.go,"['@@ -0,0 +1,268 @@']"
gofiber,fiber,4ff945a6d70c6bb3acb6803d05100e1c7b19ab63,utils/common.go,https://github.com/gofiber/fiber/raw/eb874b6f6c5896b968d9b0ab2b56ac7052cb0ee1/utils%2Fcommon.go,"['@@ -47,13 +48,10 @@']"
devtron-labs,devtron,fcd9b5a9adb974e0faa8e49ddb71160480ac7fb0,api/restHandler/AttributesRestHandlder.go,https://github.com/devtron-labs/devtron/raw/d2b0d260d858ab1354b73a8f50f7f078ca62706f/api%2FrestHandler%2FAttributesRestHandlder.go,"['@@ -19,14 +19,16 @@', '@@ -57,6 +59,20 @@', '@@ -78,6 +94,13 @@', '@@ -105,6 +128,14 @@', '@@ -145,6 +176,14 @@', '@@ -167,7 +206,10 @@', '@@ -185,9 +227,17 @@', '@@ -204,21 +254,27 @@']"
devtron-labs,devtron,fcd9b5a9adb974e0faa8e49ddb71160480ac7fb0,pkg/attributes/bean/bean.go,https://github.com/devtron-labs/devtron/raw/d2b0d260d858ab1354b73a8f50f7f078ca62706f/pkg%2Fattributes%2Fbean%2Fbean.go,"['@@ -24,6 +24,11 @@']"
akuity,kargo,98b4b8268a39982eac240815518759a158f0aaa4,pkg/server/approve_freight_v1alpha1.go,https://github.com/akuity/kargo/raw/833314cad5513d48d89431493325ae44c1324a49/pkg%2Fserver%2Fapprove_freight_v1alpha1.go,"['@@ -92,11 +91,7 @@', '@@ -199,6 +194,20 @@']"
akuity,kargo,98b4b8268a39982eac240815518759a158f0aaa4,pkg/server/approve_freight_v1alpha1_test.go,https://github.com/akuity/kargo/raw/833314cad5513d48d89431493325ae44c1324a49/pkg%2Fserver%2Fapprove_freight_v1alpha1_test.go,"['@@ -441,11 +442,46 @@']"
akuity,kargo,98b4b8268a39982eac240815518759a158f0aaa4,pkg/server/promote_downstream_v1alpha1.go,https://github.com/akuity/kargo/raw/833314cad5513d48d89431493325ae44c1324a49/pkg%2Fserver%2Fpromote_downstream_v1alpha1.go,"['@@ -300,6 +300,22 @@']"
akuity,kargo,98b4b8268a39982eac240815518759a158f0aaa4,pkg/server/promote_downstream_v1alpha1_test.go,https://github.com/akuity/kargo/raw/833314cad5513d48d89431493325ae44c1324a49/pkg%2Fserver%2Fpromote_downstream_v1alpha1_test.go,"['@@ -791,13 +792,54 @@']"
akuity,kargo,98b4b8268a39982eac240815518759a158f0aaa4,pkg/server/promote_to_stage_v1alpha1.go,https://github.com/akuity/kargo/raw/833314cad5513d48d89431493325ae44c1324a49/pkg%2Fserver%2Fpromote_to_stage_v1alpha1.go,"['@@ -94,26 +93,10 @@', '@@ -123,6 +106,18 @@', '@@ -250,6 +245,20 @@']"
akuity,kargo,98b4b8268a39982eac240815518759a158f0aaa4,pkg/server/promote_to_stage_v1alpha1_test.go,https://github.com/akuity/kargo/raw/833314cad5513d48d89431493325ae44c1324a49/pkg%2Fserver%2Fpromote_to_stage_v1alpha1_test.go,"['@@ -251,12 +252,23 @@', '@@ -265,16 +277,11 @@', '@@ -296,23 +303,21 @@', '@@ -321,7 +326,12 @@', '@@ -355,9 +365,6 @@', '@@ -367,6 +374,9 @@', '@@ -413,9 +423,6 @@', '@@ -425,6 +432,9 @@', '@@ -478,9 +488,6 @@', '@@ -490,6 +497,9 @@', '@@ -640,9 +650,76 @@', '@@ -661,6 +738,17 @@']"
akuity,kargo,98b4b8268a39982eac240815518759a158f0aaa4,pkg/server/rest_test.go,https://github.com/akuity/kargo/raw/833314cad5513d48d89431493325ae44c1324a49/pkg%2Fserver%2Frest_test.go,"['@@ -41,7 +41,10 @@', '@@ -108,6 +111,10 @@']"
mattermost,mattermost,a3fda6a64c4869d5ae91385e5ce4cc98912ad404,server/channels/api4/channel.go,https://github.com/mattermost/mattermost/raw/6404ab29acc04901c5cb1cf5ad97fc3c0693e2cd/server%2Fchannels%2Fapi4%2Fchannel.go,[]
mattermost,mattermost,a3fda6a64c4869d5ae91385e5ce4cc98912ad404,server/channels/api4/channel_common_teams_test.go,https://github.com/mattermost/mattermost/raw/6404ab29acc04901c5cb1cf5ad97fc3c0693e2cd/server%2Fchannels%2Fapi4%2Fchannel_common_teams_test.go,"['@@ -0,0 +1,180 @@']"
mattermost,mattermost,a3fda6a64c4869d5ae91385e5ce4cc98912ad404,server/channels/app/channel.go,https://github.com/mattermost/mattermost/raw/6404ab29acc04901c5cb1cf5ad97fc3c0693e2cd/server%2Fchannels%2Fapp%2Fchannel.go,"['@@ -3689,7 +3689,25 @@', '@@ -3706,6 +3724,9 @@', '@@ -3721,6 +3742,13 @@']"
mattermost,mattermost,a3fda6a64c4869d5ae91385e5ce4cc98912ad404,server/channels/app/channel_test.go,https://github.com/mattermost/mattermost/raw/6404ab29acc04901c5cb1cf5ad97fc3c0693e2cd/server%2Fchannels%2Fapp%2Fchannel_test.go,"['@@ -2829,57 +2830,222 @@']"
mattermost,mattermost,a3fda6a64c4869d5ae91385e5ce4cc98912ad404,server/public/model/client4.go,https://github.com/mattermost/mattermost/raw/6404ab29acc04901c5cb1cf5ad97fc3c0693e2cd/server%2Fpublic%2Fmodel%2Fclient4.go,"['@@ -2886,6 +2886,16 @@']"
mattermost,mattermost,a3fda6a64c4869d5ae91385e5ce4cc98912ad404,server/public/model/example_channel_test.go,https://github.com/mattermost/mattermost/raw/6404ab29acc04901c5cb1cf5ad97fc3c0693e2cd/server%2Fpublic%2Fmodel%2Fexample_channel_test.go,"['@@ -475,3 +475,19 @@']"
h44z,wg-portal,6e47d8c3e91a83bfdae10f97b740a22d247fb847,internal/app/api/v0/backend/user_service.go,https://github.com/h44z/wg-portal/raw/fe4485037a25426446ced95050e9498f477bf71d/internal%2Fapp%2Fapi%2Fv0%2Fbackend%2Fuser_service.go,"['@@ -53,6 +53,17 @@']"
h44z,wg-portal,6e47d8c3e91a83bfdae10f97b740a22d247fb847,internal/app/users/user_manager.go,https://github.com/h44z/wg-portal/raw/fe4485037a25426446ced95050e9498f477bf71d/internal%2Fapp%2Fusers%2Fuser_manager.go,"['@@ -387,6 +388,42 @@', '@@ -453,6 +490,10 @@']"
h44z,wg-portal,6e47d8c3e91a83bfdae10f97b740a22d247fb847,internal/domain/user.go,https://github.com/h44z/wg-portal/raw/fe4485037a25426446ced95050e9498f477bf71d/internal%2Fdomain%2Fuser.go,"['@@ -185,6 +185,31 @@']"
mattermost,mattermost,3c47f2055b56b46967d9983dce602720639789d2,server/channels/app/post.go,https://github.com/mattermost/mattermost/raw/761e56bb11ccb751ddbe4bab5898ccc2b384fd82/server%2Fchannels%2Fapp%2Fpost.go,[]
mattermost,mattermost,3c47f2055b56b46967d9983dce602720639789d2,server/channels/app/post_test.go,https://github.com/mattermost/mattermost/raw/761e56bb11ccb751ddbe4bab5898ccc2b384fd82/server%2Fchannels%2Fapp%2Fpost_test.go,"['@@ -3118,6 +3118,68 @@']"
gogs,gogs,624474386aa51b74fdbee04bb85aaa957a22b99c,cmd/web.go,https://github.com/gogs/gogs/raw/a617d52374e937db0edacfba2a26bdd14a05538e/cmd%2Fweb.go,"['@@ -190,8 +190,13 @@', '@@ -212,6 +217,14 @@']"
gogs,gogs,624474386aa51b74fdbee04bb85aaa957a22b99c,gogs.go,https://github.com/gogs/gogs/raw/a617d52374e937db0edacfba2a26bdd14a05538e/gogs.go,[]
gogs,gogs,624474386aa51b74fdbee04bb85aaa957a22b99c,models/errors/two_factor.go,https://github.com/gogs/gogs/raw/a617d52374e937db0edacfba2a26bdd14a05538e/models%2Ferrors%2Ftwo_factor.go,"['@@ -0,0 +1,33 @@']"
gogs,gogs,624474386aa51b74fdbee04bb85aaa957a22b99c,models/models.go,https://github.com/gogs/gogs/raw/a617d52374e937db0edacfba2a26bdd14a05538e/models%2Fmodels.go,[]
gogs,gogs,624474386aa51b74fdbee04bb85aaa957a22b99c,models/two_factor.go,https://github.com/gogs/gogs/raw/a617d52374e937db0edacfba2a26bdd14a05538e/models%2Ftwo_factor.go,"['@@ -0,0 +1,201 @@']"
gogs,gogs,624474386aa51b74fdbee04bb85aaa957a22b99c,models/user.go,https://github.com/gogs/gogs/raw/a617d52374e937db0edacfba2a26bdd14a05538e/models%2Fuser.go,"['@@ -404,6 +404,11 @@']"
gogs,gogs,af825ff56fea06e7346b95be647fd38de1e16551,internal/db/two_factor.go,https://github.com/gogs/gogs/raw/d568e048315dc9729c8518d8085cab7dbbfac80f/internal%2Fdb%2Ftwo_factor.go,"['@@ -109,21 +109,3 @@']"
gogs,gogs,af825ff56fea06e7346b95be647fd38de1e16551,internal/db/two_factors.go,https://github.com/gogs/gogs/raw/d568e048315dc9729c8518d8085cab7dbbfac80f/internal%2Fdb%2Ftwo_factors.go,"['@@ -121,6 +122,28 @@']"
gogs,gogs,af825ff56fea06e7346b95be647fd38de1e16551,internal/db/two_factors_test.go,https://github.com/gogs/gogs/raw/d568e048315dc9729c8518d8085cab7dbbfac80f/internal%2Fdb%2Ftwo_factors_test.go,"['@@ -139,3 +140,55 @@']"
gogs,gogs,af825ff56fea06e7346b95be647fd38de1e16551,internal/route/user/auth.go,https://github.com/gogs/gogs/raw/d568e048315dc9729c8518d8085cab7dbbfac80f/internal%2Froute%2Fuser%2Fauth.go,[]
FiloSottile,edwards25519,325f520de716c1d2d2b4e8dc2f82c7ccc5fac764,edwards25519_test.go,https://github.com/FiloSottile/edwards25519/raw/d1c650afb95fad0742b98d95f2eb2cf031393abb/edwards25519_test.go,"['@@ -18,6 +18,9 @@']"
FiloSottile,edwards25519,325f520de716c1d2d2b4e8dc2f82c7ccc5fac764,extra.go,https://github.com/FiloSottile/edwards25519/raw/d1c650afb95fad0742b98d95f2eb2cf031393abb/extra.go,[]
FiloSottile,edwards25519,325f520de716c1d2d2b4e8dc2f82c7ccc5fac764,extra_test.go,https://github.com/FiloSottile/edwards25519/raw/d1c650afb95fad0742b98d95f2eb2cf031393abb/extra_test.go,"['@@ -149,6 +149,36 @@']"
axllent,mailpit,632113fcc5c953e282d45896c63479a291579fe3,cmd/root.go,https://github.com/axllent/mailpit/raw/10ad4df8cc0cd9e51dea1b4410009545eef7fbf5/cmd%2Froot.go,"['@@ -250,6 +251,9 @@']"
axllent,mailpit,632113fcc5c953e282d45896c63479a291579fe3,config/config.go,https://github.com/axllent/mailpit/raw/10ad4df8cc0cd9e51dea1b4410009545eef7fbf5/config%2Fconfig.go,"['@@ -127,6 +127,10 @@']"
axllent,mailpit,632113fcc5c953e282d45896c63479a291579fe3,internal/linkcheck/status.go,https://github.com/axllent/mailpit/raw/10ad4df8cc0cd9e51dea1b4410009545eef7fbf5/internal%2Flinkcheck%2Fstatus.go,"['@@ -1,14 +1,20 @@', '@@ -34,6 +40,10 @@', '@@ -57,23 +67,37 @@', '@@ -107,8 +130,33 @@']"
axllent,mailpit,632113fcc5c953e282d45896c63479a291579fe3,internal/tools/net.go,https://github.com/axllent/mailpit/raw/10ad4df8cc0cd9e51dea1b4410009545eef7fbf5/internal%2Ftools%2Fnet.go,"['@@ -0,0 +1,28 @@']"
axllent,mailpit,632113fcc5c953e282d45896c63479a291579fe3,server/handlers/proxy.go,https://github.com/axllent/mailpit/raw/10ad4df8cc0cd9e51dea1b4410009545eef7fbf5/server%2Fhandlers%2Fproxy.go,"['@@ -2,10 +2,13 @@', '@@ -96,21 +99,37 @@', '@@ -357,3 +376,28 @@']"
gogs,gogs,ca59e76a532422ceefe032171320103bcb594a68,internal/route/repo/setting.go,https://github.com/gogs/gogs/raw/4894629903f9508fe85567c44f68804f008f1655/internal%2Froute%2Frepo%2Fsetting.go,"['@@ -578,13 +578,27 @@', '@@ -594,8 +608,13 @@']"
slackhq,nebula,42bee7cf179f913e00d6964eeffd396784f2a17b,cert/ca_pool.go,https://github.com/slackhq/nebula/raw/f573e8a26695278f9d71587390fbfe0d0933aa21/cert%2Fca_pool.go,"['@@ -141,10 +141,23 @@', '@@ -158,6 +171,11 @@']"
slackhq,nebula,42bee7cf179f913e00d6964eeffd396784f2a17b,cert/ca_pool_test.go,https://github.com/slackhq/nebula/raw/f573e8a26695278f9d71587390fbfe0d0933aa21/cert%2Fca_pool_test.go,"['@@ -170,6 +171,15 @@', '@@ -196,7 +206,17 @@', '@@ -394,6 +414,15 @@', '@@ -420,7 +449,17 @@']"
slackhq,nebula,42bee7cf179f913e00d6964eeffd396784f2a17b,cert/cert.go,https://github.com/slackhq/nebula/raw/f573e8a26695278f9d71587390fbfe0d0933aa21/cert%2Fcert.go,"['@@ -4,6 +4,8 @@', '@@ -110,6 +112,9 @@', '@@ -152,3 +157,31 @@']"
slackhq,nebula,42bee7cf179f913e00d6964eeffd396784f2a17b,cert/p256/p256.go,https://github.com/slackhq/nebula/raw/f573e8a26695278f9d71587390fbfe0d0933aa21/cert%2Fp256%2Fp256.go,"['@@ -0,0 +1,122 @@']"
slackhq,nebula,42bee7cf179f913e00d6964eeffd396784f2a17b,cert/p256/p256_test.go,https://github.com/slackhq/nebula/raw/f573e8a26695278f9d71587390fbfe0d0933aa21/cert%2Fp256%2Fp256_test.go,"['@@ -0,0 +1,28 @@']"
slackhq,nebula,42bee7cf179f913e00d6964eeffd396784f2a17b,cert/sign.go,https://github.com/slackhq/nebula/raw/f573e8a26695278f9d71587390fbfe0d0933aa21/cert%2Fsign.go,"['@@ -9,6 +9,8 @@', '@@ -126,6 +128,13 @@']"
slackhq,nebula,42bee7cf179f913e00d6964eeffd396784f2a17b,cert/sign_test.go,https://github.com/slackhq/nebula/raw/f573e8a26695278f9d71587390fbfe0d0933aa21/cert%2Fsign_test.go,"['@@ -89,3 +90,48 @@']"
neuvector,scanner,74ebd8e5aebe3cb292f7e7437ae5e3071deeba01,scanner.go,https://github.com/neuvector/scanner/raw/c2f0f9268468e49eb3addea923156123c4465794/scanner.go,"['@@ -205,12 +205,8 @@', '@@ -257,6 +253,11 @@']"
treeverse,lakeFS,3edc1d4163abc66c0e9f9f0afed621f513dca1e5,pkg/block/local/adapter.go,https://github.com/treeverse/lakeFS/raw/cbc106275357302a834280f133265dc39f1384ce/pkg%2Fblock%2Flocal%2Fadapter.go,"['@@ -122,10 +122,17 @@']"
treeverse,lakeFS,3edc1d4163abc66c0e9f9f0afed621f513dca1e5,pkg/block/local/adapter_test.go,https://github.com/treeverse/lakeFS/raw/cbc106275357302a834280f133265dc39f1384ce/pkg%2Fblock%2Flocal%2Fadapter_test.go,"['@@ -1,7 +1,10 @@', '@@ -67,3 +70,126 @@']"
BishopFox,sliver,4dc1fe145cf6231de860938d4b3d8056e77386cc,server/db/models/website.go,https://github.com/BishopFox/sliver/raw/818127349ccec812876693c4ca74ebf4350ec6b7/server%2Fdb%2Fmodels%2Fwebsite.go,"['@@ -52,7 +52,10 @@']"
openfga,openfga,504b7cc3bcb1f2e0bda55da88a29d3c6f5010b2f,pkg/storage/tuple_iterators.go,https://github.com/openfga/openfga/raw/1bb5eddf4a3d2fc718aab7914b8f9a1200d2f7ee/pkg%2Fstorage%2Ftuple_iterators.go,"['@@ -497,7 +497,16 @@']"
openfga,openfga,504b7cc3bcb1f2e0bda55da88a29d3c6f5010b2f,pkg/storage/tuple_iterators_test.go,https://github.com/openfga/openfga/raw/1bb5eddf4a3d2fc718aab7914b8f9a1200d2f7ee/pkg%2Fstorage%2Ftuple_iterators_test.go,"['@@ -318,6 +318,284 @@', '@@ -331,109 +609,37 @@', '@@ -484,46 +690,92 @@']"
openfga,openfga,504b7cc3bcb1f2e0bda55da88a29d3c6f5010b2f,tests/check/check.go,https://github.com/openfga/openfga/raw/1bb5eddf4a3d2fc718aab7914b8f9a1200d2f7ee/tests%2Fcheck%2Fcheck.go,[]
openfga,openfga,504b7cc3bcb1f2e0bda55da88a29d3c6f5010b2f,tests/check/check_userset.go,https://github.com/openfga/openfga/raw/1bb5eddf4a3d2fc718aab7914b8f9a1200d2f7ee/tests%2Fcheck%2Fcheck_userset.go,"['@@ -392,6 +392,75 @@']"
bitnami-labs,sealed-secrets,b34cabea91d786ae20e3ad9295244e374ec62dce,pkg/controller/controller.go,https://github.com/bitnami-labs/sealed-secrets/raw/d57ee4a8357d250e602b995399b525496ab688c1/pkg%2Fcontroller%2Fcontroller.go,"['@@ -569,8 +569,10 @@']"
bitnami-labs,sealed-secrets,b34cabea91d786ae20e3ad9295244e374ec62dce,pkg/controller/controller_test.go,https://github.com/bitnami-labs/sealed-secrets/raw/d57ee4a8357d250e602b995399b525496ab688c1/pkg%2Fcontroller%2Fcontroller_test.go,"['@@ -9,6 +9,8 @@', '@@ -382,8 +384,17 @@']"
open-telemetry,opentelemetry-go,37aa18dd0e8bb19a42ebe9ce00e6218f06565b30,sdk/resource/host_id.go,https://github.com/open-telemetry/opentelemetry-go/raw/d45961bcda453fcbdb6469c22d6e88a1f9970a53/sdk%2Fresource%2Fhost_id.go,[]
chainguard-dev,melange,e51ca30cfb63178f5a86997d23d3fff0359fa6c8,pkg/build/build.go,https://github.com/chainguard-dev/melange/raw/6e243d0d46699f837d7c392397a694d2bcc7612b/pkg%2Fbuild%2Fbuild.go,"['@@ -1080,6 +1080,41 @@', '@@ -1116,6 +1151,12 @@', '@@ -1164,6 +1205,12 @@', '@@ -1173,6 +1220,12 @@']"
chainguard-dev,melange,e51ca30cfb63178f5a86997d23d3fff0359fa6c8,pkg/build/path_validation_test.go,https://github.com/chainguard-dev/melange/raw/6e243d0d46699f837d7c392397a694d2bcc7612b/pkg%2Fbuild%2Fpath_validation_test.go,"['@@ -0,0 +1,324 @@']"
akuity,kargo,833314cad5513d48d89431493325ae44c1324a49,pkg/server/create_or_update_resource_v1alpha1.go,https://github.com/akuity/kargo/raw/155c6852ffbffa2902f18e6c7add91a846e8d344/pkg%2Fserver%2Fcreate_or_update_resource_v1alpha1.go,[]
akuity,kargo,833314cad5513d48d89431493325ae44c1324a49,pkg/server/create_resource_v1alpha1.go,https://github.com/akuity/kargo/raw/155c6852ffbffa2902f18e6c7add91a846e8d344/pkg%2Fserver%2Fcreate_resource_v1alpha1.go,[]
akuity,kargo,833314cad5513d48d89431493325ae44c1324a49,pkg/server/update_resource_v1alpha1.go,https://github.com/akuity/kargo/raw/155c6852ffbffa2902f18e6c7add91a846e8d344/pkg%2Fserver%2Fupdate_resource_v1alpha1.go,[]
gtsteffaniak,filebrowser,628d6c0b7df47805fdde793014c12324aa368242,backend/http/share.go,https://github.com/gtsteffaniak/filebrowser/raw/a8c9b9419ec530568991a2f72cec4ed263f99e3c/backend%2Fhttp%2Fshare.go,"['@@ -592,46 +592,6 @@']"
gtsteffaniak,filebrowser,64a0276f7d2bd0eb973ac58a758c1610b3889170,backend/http/public.go,https://github.com/gtsteffaniak/filebrowser/raw/c51b0ee9738fa4599b409f47c5bf820ef31b4fe1/backend%2Fhttp%2Fpublic.go,"['@@ -490,3 +491,43 @@']"
fleetdm,fleet,b6b69650808d75db39c46859258a9f74dcc5ef6f,server/mdm/android/service/pubsub.go,https://github.com/fleetdm/fleet/raw/24dd2257ae7127680a2f6cd1a4eee58a9c95dd34/server%2Fmdm%2Fandroid%2Fservice%2Fpubsub.go,"['@@ -69,7 +70,9 @@', '@@ -187,11 +191,6 @@']"
fleetdm,fleet,b6b69650808d75db39c46859258a9f74dcc5ef6f,server/mdm/android/service/pubsub_test.go,https://github.com/fleetdm/fleet/raw/24dd2257ae7127680a2f6cd1a4eee58a9c95dd34/server%2Fmdm%2Fandroid%2Fservice%2Fpubsub_test.go,"['@@ -84,8 +85,10 @@']"
fleetdm,fleet,b6b69650808d75db39c46859258a9f74dcc5ef6f,server/mdm/android/service/service.go,https://github.com/fleetdm/fleet/raw/24dd2257ae7127680a2f6cd1a4eee58a9c95dd34/server%2Fmdm%2Fandroid%2Fservice%2Fservice.go,[]
OpenListTeam,OpenList,d685bbfa9adc3037dc31813615ae9b3fe6d46993,server/handles/archive.go,https://github.com/OpenListTeam/OpenList/raw/7b78fed106382430c69ef351d43f5d09928fff14/server%2Fhandles%2Farchive.go,[]
OpenListTeam,OpenList,d685bbfa9adc3037dc31813615ae9b3fe6d46993,server/handles/fsmanage.go,https://github.com/OpenListTeam/OpenList/raw/7b78fed106382430c69ef351d43f5d09928fff14/server%2Fhandles%2Ffsmanage.go,"['@@ -80,36 +80,44 @@', '@@ -147,44 +155,48 @@', '@@ -276,18 +288,25 @@']"
fleetdm,fleet,9e12b642f4ab2cbf0205803e23e6c383f8206d7a,cmd/fleetctl/fleetctl/gitops_test.go,https://github.com/fleetdm/fleet/raw/d27d0362db390fe835e3b5328525f25018df0fb7/cmd%2Ffleetctl%2Ffleetctl%2Fgitops_test.go,"['@@ -3899,6 +3899,20 @@', '@@ -4260,6 +4274,21 @@', '@@ -4356,6 +4385,29 @@']"
fleetdm,fleet,9e12b642f4ab2cbf0205803e23e6c383f8206d7a,server/datastore/mysql/certificate_templates.go,https://github.com/fleetdm/fleet/raw/d27d0362db390fe835e3b5328525f25018df0fb7/server%2Fdatastore%2Fmysql%2Fcertificate_templates.go,"['@@ -13,20 +13,23 @@', '@@ -38,20 +41,30 @@']"
fleetdm,fleet,9e12b642f4ab2cbf0205803e23e6c383f8206d7a,server/datastore/mysql/certificate_templates_test.go,https://github.com/fleetdm/fleet/raw/d27d0362db390fe835e3b5328525f25018df0fb7/server%2Fdatastore%2Fmysql%2Fcertificate_templates_test.go,"['@@ -366,6 +367,110 @@']"
fleetdm,fleet,9e12b642f4ab2cbf0205803e23e6c383f8206d7a,server/fleet/datastore.go,https://github.com/fleetdm/fleet/raw/d27d0362db390fe835e3b5328525f25018df0fb7/server%2Ffleet%2Fdatastore.go,"['@@ -2553,6 +2553,8 @@']"
fleetdm,fleet,9e12b642f4ab2cbf0205803e23e6c383f8206d7a,server/mock/datastore_mock.go,https://github.com/fleetdm/fleet/raw/d27d0362db390fe835e3b5328525f25018df0fb7/server%2Fmock%2Fdatastore_mock.go,"['@@ -1699,6 +1699,8 @@', '@@ -4260,6 +4262,9 @@', '@@ -10198,6 +10203,13 @@']"
fleetdm,fleet,9e12b642f4ab2cbf0205803e23e6c383f8206d7a,server/service/certificates.go,https://github.com/fleetdm/fleet/raw/d27d0362db390fe835e3b5328525f25018df0fb7/server%2Fservice%2Fcertificates.go,"['@@ -543,9 +543,27 @@']"
fleetdm,fleet,9e12b642f4ab2cbf0205803e23e6c383f8206d7a,server/service/integration_core_test.go,https://github.com/fleetdm/fleet/raw/d27d0362db390fe835e3b5328525f25018df0fb7/server%2Fservice%2Fintegration_core_test.go,"['@@ -8305,6 +8305,69 @@']"
ethereum,go-ethereum,46bee92f9e64c0a06a12586a5d21cffc49d1ba8e,crypto/secp256k1/curve.go,https://github.com/ethereum/go-ethereum/raw/895a8597cb16c02203e38707ed2d1da5c500fe60/crypto%2Fsecp256k1%2Fcurve.go,"['@@ -73,6 +73,10 @@']"
ethereum,go-ethereum,46bee92f9e64c0a06a12586a5d21cffc49d1ba8e,crypto/signature_nocgo.go,https://github.com/ethereum/go-ethereum/raw/895a8597cb16c02203e38707ed2d1da5c500fe60/crypto%2Fsignature_nocgo.go,"['@@ -164,6 +164,13 @@']"
dagu-org,dagu,6c53bfdaa6beec62a3936b8c5b233efb8bd22c7b,internal/core/validator.go,https://github.com/dagu-org/dagu/raw/e2ed589105d79273e4e6ac8eb31525f765bb3ce4/internal%2Fcore%2Fvalidator.go,"['@@ -36,6 +36,9 @@']"
dagu-org,dagu,6c53bfdaa6beec62a3936b8c5b233efb8bd22c7b,internal/persis/filedag/store.go,https://github.com/dagu-org/dagu/raw/e2ed589105d79273e4e6ac8eb31525f765bb3ce4/internal%2Fpersis%2Ffiledag%2Fstore.go,"['@@ -490,15 +490,18 @@']"
dagu-org,dagu,6c53bfdaa6beec62a3936b8c5b233efb8bd22c7b,internal/persis/filedag/store_test.go,https://github.com/dagu-org/dagu/raw/e2ed589105d79273e4e6ac8eb31525f765bb3ce4/internal%2Fpersis%2Ffiledag%2Fstore_test.go,"['@@ -219,6 +219,32 @@']"
dagu-org,dagu,6c53bfdaa6beec62a3936b8c5b233efb8bd22c7b,internal/service/frontend/api/v1/dags.go,https://github.com/dagu-org/dagu/raw/e2ed589105d79273e4e6ac8eb31525f765bb3ce4/internal%2Fservice%2Ffrontend%2Fapi%2Fv1%2Fdags.go,"['@@ -122,6 +122,22 @@']"
dagu-org,dagu,6c53bfdaa6beec62a3936b8c5b233efb8bd22c7b,internal/service/frontend/api/v1/dags_test.go,https://github.com/dagu-org/dagu/raw/e2ed589105d79273e4e6ac8eb31525f765bb3ce4/internal%2Fservice%2Ffrontend%2Fapi%2Fv1%2Fdags_test.go,"['@@ -81,6 +81,45 @@']"
caddyserver,caddy,b2ab419922e0dabc2956611531f73a6169ecc46f,admin.go,https://github.com/caddyserver/caddy/raw/65e0ddc22137bbbaa68c842ae0b98d0548504545/admin.go,"['@@ -1029,6 +1029,13 @@']"
caddyserver,caddy,b2ab419922e0dabc2956611531f73a6169ecc46f,caddy.go,https://github.com/caddyserver/caddy/raw/65e0ddc22137bbbaa68c842ae0b98d0548504545/caddy.go,"['@@ -1197,6 +1197,91 @@']"
caddyserver,caddy,b2ab419922e0dabc2956611531f73a6169ecc46f,caddyconfig/load.go,https://github.com/caddyserver/caddy/raw/65e0ddc22137bbbaa68c842ae0b98d0548504545/caddyconfig%2Fload.go,"['@@ -121,6 +121,13 @@']"
caddyserver,caddy,b2ab419922e0dabc2956611531f73a6169ecc46f,cmd/commandfuncs.go,https://github.com/caddyserver/caddy/raw/65e0ddc22137bbbaa68c842ae0b98d0548504545/cmd%2Fcommandfuncs.go,"['@@ -249,6 +250,19 @@', '@@ -368,6 +382,10 @@']"
caddyserver,caddy,b2ab419922e0dabc2956611531f73a6169ecc46f,cmd/main.go,https://github.com/caddyserver/caddy/raw/65e0ddc22137bbbaa68c842ae0b98d0548504545/cmd%2Fmain.go,"['@@ -100,7 +100,12 @@']"
caddyserver,caddy,b2ab419922e0dabc2956611531f73a6169ecc46f,cmd/storagefuncs.go,https://github.com/caddyserver/caddy/raw/65e0ddc22137bbbaa68c842ae0b98d0548504545/cmd%2Fstoragefuncs.go,[]
caddyserver,caddy,b2ab419922e0dabc2956611531f73a6169ecc46f,sigtrap_posix.go,https://github.com/caddyserver/caddy/raw/65e0ddc22137bbbaa68c842ae0b98d0548504545/sigtrap_posix.go,"['@@ -48,7 +49,31 @@']"
filebrowser,filebrowser,ff2f00498cff151e2fb1f5f0b16963bf33c3d6d4,http/http.go,https://github.com/filebrowser/filebrowser/raw/489af403a19057f6b6b4b1dc0e48cbb26a202ef9/http%2Fhttp.go,"['@@ -35,11 +35,6 @@']"
refraction-networking,utls,24bd1e05a788c1add7f3037f4532ea552b2cee07,u_parrots.go,https://github.com/refraction-networking/utls/raw/8fe0b08e9a0e7e2d08b268f451f2c79962e6acd0/u_parrots.go,[]
vitessio,vitess,51e14b959e2e40d39c7fca507aa6cf2ab07e8e1d,go/vt/mysqlctl/builtinbackupengine.go,https://github.com/vitessio/vitess/raw/c565cab615bc962bda061dcd645aa7506c59ca4a/go%2Fvt%2Fmysqlctl%2Fbuiltinbackupengine.go,"['@@ -180,7 +181,9 @@']"
vitessio,vitess,51e14b959e2e40d39c7fca507aa6cf2ab07e8e1d,go/vt/mysqlctl/builtinbackupengine_test.go,https://github.com/vitessio/vitess/raw/c565cab615bc962bda061dcd645aa7506c59ca4a/go%2Fvt%2Fmysqlctl%2Fbuiltinbackupengine_test.go,"['@@ -21,7 +21,9 @@', '@@ -70,6 +72,93 @@']"
chainguard-dev,melange,acdbc00ac86aee8ea963292913060e386a8ab261,pkg/build/patch_pipeline_test.go,https://github.com/chainguard-dev/melange/raw/bd132535cd9f57d4bd39d9ead0633598941af030/pkg%2Fbuild%2Fpatch_pipeline_test.go,"['@@ -0,0 +1,578 @@']"
chainguard-dev,melange,acdbc00ac86aee8ea963292913060e386a8ab261,pkg/build/path_validation_test.go,https://github.com/chainguard-dev/melange/raw/bd132535cd9f57d4bd39d9ead0633598941af030/pkg%2Fbuild%2Fpath_validation_test.go,[]
fleetdm,fleet,24dd2257ae7127680a2f6cd1a4eee58a9c95dd34,server/mdm/apple/commander.go,https://github.com/fleetdm/fleet/raw/05ca0693621e6671fb95dfc5437b9f9ee6dd7047/server%2Fmdm%2Fapple%2Fcommander.go,"['@@ -116,7 +116,10 @@', '@@ -236,7 +239,10 @@']"
fleetdm,fleet,24dd2257ae7127680a2f6cd1a4eee58a9c95dd34,server/mdm/apple/util.go,https://github.com/fleetdm/fleet/raw/05ca0693621e6671fb95dfc5437b9f9ee6dd7047/server%2Fmdm%2Fapple%2Futil.go,"['@@ -5,14 +5,12 @@', '@@ -36,14 +34,16 @@']"
fleetdm,fleet,24dd2257ae7127680a2f6cd1a4eee58a9c95dd34,server/mdm/apple/util_test.go,https://github.com/fleetdm/fleet/raw/05ca0693621e6671fb95dfc5437b9f9ee6dd7047/server%2Fmdm%2Fapple%2Futil_test.go,"['@@ -36,3 +36,11 @@']"
gogs,gogs,bb68c0a0423a9a9990edd51fd5a194fc65f604d3,internal/route/repo/branch.go,https://github.com/gogs/gogs/raw/7b7e38c88007a7c482dbf31efff896185fd9b79c/internal%2Froute%2Frepo%2Fbranch.go,"['@@ -118,6 +118,21 @@']"
gofiber,fiber,f93613f0ac3239b4f84676c7eb7586cd52ff5c9c,middleware/static/static.go,https://github.com/gofiber/fiber/raw/59133702301c2ab7b776dd123b474cbd995f2c86/middleware%2Fstatic%2Fstatic.go,"['@@ -53,15 +54,50 @@']"
gofiber,fiber,f93613f0ac3239b4f84676c7eb7586cd52ff5c9c,middleware/static/static_test.go,https://github.com/gofiber/fiber/raw/59133702301c2ab7b776dd123b474cbd995f2c86/middleware%2Fstatic%2Fstatic_test.go,"['@@ -1032,6 +1032,22 @@', '@@ -1083,6 +1099,18 @@', '@@ -1141,11 +1169,19 @@', '@@ -1169,6 +1205,21 @@']"
gofiber,fiber,f93613f0ac3239b4f84676c7eb7586cd52ff5c9c,router.go,https://github.com/gofiber/fiber/raw/59133702301c2ab7b776dd123b474cbd995f2c86/router.go,[]
henrygd,beszel,4869c834bb146b698b57d19af11561bbd1dfb2a9,agent/docker.go,https://github.com/henrygd/beszel/raw/311095cfddda113863ca9656cf9e99411be1cef5/agent%2Fdocker.go,"['@@ -649,9 +650,34 @@', '@@ -682,7 +708,15 @@']"
henrygd,beszel,4869c834bb146b698b57d19af11561bbd1dfb2a9,agent/docker_test.go,https://github.com/henrygd/beszel/raw/311095cfddda113863ca9656cf9e99411be1cef5/agent%2Fdocker_test.go,"['@@ -25,6 +26,37 @@', '@@ -116,6 +148,72 @@']"
henrygd,beszel,4869c834bb146b698b57d19af11561bbd1dfb2a9,internal/hub/hub.go,https://github.com/henrygd/beszel/raw/311095cfddda113863ca9656cf9e99411be1cef5/internal%2Fhub%2Fhub.go,"['@@ -41,6 +42,8 @@', '@@ -461,6 +464,9 @@']"
henrygd,beszel,4869c834bb146b698b57d19af11561bbd1dfb2a9,internal/hub/hub_test.go,https://github.com/henrygd/beszel/raw/311095cfddda113863ca9656cf9e99411be1cef5/internal%2Fhub%2Fhub_test.go,"['@@ -545,14 +545,47 @@']"
stefanprodan,podinfo,07a524ba0144ef870258c91c7070a11a2e3aa592,pkg/api/http/store.go,https://github.com/stefanprodan/podinfo/raw/83deb7fcb7421f2d01eeb7475b18d72f16084aed/pkg%2Fapi%2Fhttp%2Fstore.go,"['@@ -60,6 +60,9 @@']"
stefanprodan,podinfo,07a524ba0144ef870258c91c7070a11a2e3aa592,pkg/api/http/store_test.go,https://github.com/stefanprodan/podinfo/raw/83deb7fcb7421f2d01eeb7475b18d72f16084aed/pkg%2Fapi%2Fhttp%2Fstore_test.go,"['@@ -0,0 +1,54 @@']"
mattermost,mattermost-plugin-zoom,794cbf8fb49c06f2d2900b5814b916bb541fe171,server/http.go,https://github.com/mattermost/mattermost-plugin-zoom/raw/a8b58c43625ab25746e451acc4f71515d52c8122/server%2Fhttp.go,"['@@ -121,6 +121,28 @@']"
esm-dev,esm.sh,f80ff8c8d58749e77fa964abde468fc61f8bd89e,internal/fetch/fetch.go,https://github.com/esm-dev/esm.sh/raw/0593516c4cfab49ad3b4900416a8432ff2e23eb0/internal%2Ffetch%2Ffetch.go,"['@@ -17,18 +17,25 @@', '@@ -39,6 +46,11 @@']"
esm-dev,esm.sh,f80ff8c8d58749e77fa964abde468fc61f8bd89e,server/git.go,https://github.com/esm-dev/esm.sh/raw/0593516c4cfab49ad3b4900416a8432ff2e23eb0/server%2Fgit.go,[]
esm-dev,esm.sh,f80ff8c8d58749e77fa964abde468fc61f8bd89e,server/legacy_router.go,https://github.com/esm-dev/esm.sh/raw/0593516c4cfab49ad3b4900416a8432ff2e23eb0/server%2Flegacy_router.go,[]
esm-dev,esm.sh,f80ff8c8d58749e77fa964abde468fc61f8bd89e,server/npmrc.go,https://github.com/esm-dev/esm.sh/raw/0593516c4cfab49ad3b4900416a8432ff2e23eb0/server%2Fnpmrc.go,[]
esm-dev,esm.sh,f80ff8c8d58749e77fa964abde468fc61f8bd89e,server/router.go,https://github.com/esm-dev/esm.sh/raw/0593516c4cfab49ad3b4900416a8432ff2e23eb0/server%2Frouter.go,"['@@ -537,7 +537,9 @@', '@@ -725,7 +727,13 @@']"
esm-dev,esm.sh,f80ff8c8d58749e77fa964abde468fc61f8bd89e,server/server.go,https://github.com/esm-dev/esm.sh/raw/0593516c4cfab49ad3b4900416a8432ff2e23eb0/server%2Fserver.go,[]
esm-dev,esm.sh,f80ff8c8d58749e77fa964abde468fc61f8bd89e,server/transform.go,https://github.com/esm-dev/esm.sh/raw/0593516c4cfab49ad3b4900416a8432ff2e23eb0/server%2Ftransform.go,"['@@ -217,6 +217,12 @@']"
AlistGo,alist,69629ca76a8f2c8c973ede3b616f93aa26ff23fb,internal/archive/archives/archives.go,https://github.com/AlistGo/alist/raw/b188288525b9a35c76535139311e7c036dab057e/internal%2Farchive%2Farchives%2Farchives.go,"['@@ -1,10 +1,12 @@', '@@ -118,18 +120,46 @@']"
AlistGo,alist,69629ca76a8f2c8c973ede3b616f93aa26ff23fb,internal/archive/archives/utils.go,https://github.com/AlistGo/alist/raw/b188288525b9a35c76535139311e7c036dab057e/internal%2Farchive%2Farchives%2Futils.go,"['@@ -69,7 +70,10 @@']"
AlistGo,alist,69629ca76a8f2c8c973ede3b616f93aa26ff23fb,internal/archive/rardecode/rardecode.go,https://github.com/AlistGo/alist/raw/b188288525b9a35c76535139311e7c036dab057e/internal%2Farchive%2Frardecode%2Frardecode.go,"['@@ -1,15 +1,18 @@', '@@ -85,7 +88,11 @@', '@@ -108,22 +116,55 @@']"
AlistGo,alist,69629ca76a8f2c8c973ede3b616f93aa26ff23fb,internal/archive/rardecode/utils.go,https://github.com/AlistGo/alist/raw/b188288525b9a35c76535139311e7c036dab057e/internal%2Farchive%2Frardecode%2Futils.go,"['@@ -2,18 +2,20 @@', '@@ -179,27 +181,21 @@']"
AlistGo,alist,69629ca76a8f2c8c973ede3b616f93aa26ff23fb,internal/archive/tool/helper.go,https://github.com/AlistGo/alist/raw/b188288525b9a35c76535139311e7c036dab057e/internal%2Farchive%2Ftool%2Fhelper.go,"['@@ -1,10 +1,12 @@', '@@ -119,7 +121,30 @@', '@@ -129,25 +154,80 @@', '@@ -157,26 +237,7 @@']"
AlistGo,alist,69629ca76a8f2c8c973ede3b616f93aa26ff23fb,internal/archive/tool/securepath.go,https://github.com/AlistGo/alist/raw/b188288525b9a35c76535139311e7c036dab057e/internal%2Farchive%2Ftool%2Fsecurepath.go,"['@@ -0,0 +1,62 @@']"
AlistGo,alist,69629ca76a8f2c8c973ede3b616f93aa26ff23fb,internal/archive/tool/securepath_test.go,https://github.com/AlistGo/alist/raw/b188288525b9a35c76535139311e7c036dab057e/internal%2Farchive%2Ftool%2Fsecurepath_test.go,"['@@ -0,0 +1,48 @@']"
abhinavxd,libredesk,f7aa1ef2eb255a73739363eb22e08ac520f97a0b,cmd/init.go,https://github.com/abhinavxd/libredesk/raw/727213631ce6a36bcb06f50ce542155e78f51316/cmd%2Finit.go,[]
abhinavxd,libredesk,f7aa1ef2eb255a73739363eb22e08ac520f97a0b,internal/webhook/webhook.go,https://github.com/abhinavxd/libredesk/raw/727213631ce6a36bcb06f50ce542155e78f51316/internal%2Fwebhook%2Fwebhook.go,"['@@ -86,6 +89,10 @@', '@@ -404,3 +412,17 @@']"
go-vikunja,vikunja,39da47e43546f3cfd66ea41d33c5a20f79a9603d,pkg/routes/api/v1/user_password_reset.go,https://github.com/go-vikunja/vikunja/raw/89c17d3b23e2a23320ad135b4e8f0a14fdd91bda/pkg%2Froutes%2Fapi%2Fv1%2Fuser_password_reset.go,"['@@ -44,6 +44,11 @@']"
go-vikunja,vikunja,39da47e43546f3cfd66ea41d33c5a20f79a9603d,pkg/routes/api/v1/user_update_password.go,https://github.com/go-vikunja/vikunja/raw/89c17d3b23e2a23320ad135b4e8f0a14fdd91bda/pkg%2Froutes%2Fapi%2Fv1%2Fuser_update_password.go,"['@@ -58,6 +58,11 @@']"
go-vikunja,vikunja,39da47e43546f3cfd66ea41d33c5a20f79a9603d,pkg/user/user_password_reset.go,https://github.com/go-vikunja/vikunja/raw/89c17d3b23e2a23320ad135b4e8f0a14fdd91bda/pkg%2Fuser%2Fuser_password_reset.go,[]
go-vikunja,vikunja,39da47e43546f3cfd66ea41d33c5a20f79a9603d,pkg/user/validator.go,https://github.com/go-vikunja/vikunja/raw/89c17d3b23e2a23320ad135b4e8f0a14fdd91bda/pkg%2Fuser%2Fvalidator.go,[]
linode,terraform-provider-linode,2846d5e3979849fc1afe8563fd31d3119cfc195c,linode/instance/helpers.go,https://github.com/linode/terraform-provider-linode/raw/43a925d826b999f0355de3dc7330c55f496824c0/linode%2Finstance%2Fhelpers.go,"['@@ -480,16 +480,22 @@']"
linode,terraform-provider-linode,2846d5e3979849fc1afe8563fd31d3119cfc195c,linode/instance/resource.go,https://github.com/linode/terraform-provider-linode/raw/43a925d826b999f0355de3dc7330c55f496824c0/linode%2Finstance%2Fresource.go,"['@@ -324,8 +324,11 @@']"
linode,terraform-provider-linode,2846d5e3979849fc1afe8563fd31d3119cfc195c,linode/nbconfig/framework_resource.go,https://github.com/linode/terraform-provider-linode/raw/43a925d826b999f0355de3dc7330c55f496824c0/linode%2Fnbconfig%2Fframework_resource.go,"['@@ -84,7 +84,14 @@', '@@ -193,7 +200,14 @@']"
linode,terraform-provider-linode,2846d5e3979849fc1afe8563fd31d3119cfc195c,linode/obj/helpers.go,https://github.com/linode/terraform-provider-linode/raw/43a925d826b999f0355de3dc7330c55f496824c0/linode%2Fobj%2Fhelpers.go,[]
linode,terraform-provider-linode,2846d5e3979849fc1afe8563fd31d3119cfc195c,linode/producerimagesharegroupmember/framework_resource.go,https://github.com/linode/terraform-provider-linode/raw/43a925d826b999f0355de3dc7330c55f496824c0/linode%2Fproducerimagesharegroupmember%2Fframework_resource.go,[]
linode,terraform-provider-linode,2846d5e3979849fc1afe8563fd31d3119cfc195c,linode/stackscript/framework_resource.go,https://github.com/linode/terraform-provider-linode/raw/43a925d826b999f0355de3dc7330c55f496824c0/linode%2Fstackscript%2Fframework_resource.go,"['@@ -109,8 +109,12 @@', '@@ -299,7 +303,11 @@']"
chainguard-dev,melange,0ea1438d316836ecd0fc2783fc8dd4d15e626467,pkg/config/config.go,https://github.com/chainguard-dev/melange/raw/2f95c9f4355ed993f2670bf1bb82d88b0f65e9e4/pkg%2Fconfig%2Fconfig.go,"['@@ -529,8 +529,15 @@']"
chainguard-dev,melange,0ea1438d316836ecd0fc2783fc8dd4d15e626467,pkg/config/config_test.go,https://github.com/chainguard-dev/melange/raw/2f95c9f4355ed993f2670bf1bb82d88b0f65e9e4/pkg%2Fconfig%2Fconfig_test.go,"['@@ -2145,3 +2145,164 @@']"
modelcontextprotocol,go-sdk,9600c3bd31a789eeab48aac52eb3a942b6ce0031,internal/json/json.go,https://github.com/modelcontextprotocol/go-sdk/raw/7b8d81c264074404abdf5aa16e2cf0c2d9c64cc0/internal%2Fjson%2Fjson.go,"['@@ -0,0 +1,19 @@']"
modelcontextprotocol,go-sdk,9600c3bd31a789eeab48aac52eb3a942b6ce0031,internal/json/json_test.go,https://github.com/modelcontextprotocol/go-sdk/raw/7b8d81c264074404abdf5aa16e2cf0c2d9c64cc0/internal%2Fjson%2Fjson_test.go,"['@@ -0,0 +1,63 @@']"
modelcontextprotocol,go-sdk,9600c3bd31a789eeab48aac52eb3a942b6ce0031,internal/jsonrpc2/conn.go,https://github.com/modelcontextprotocol/go-sdk/raw/7b8d81c264074404abdf5aa16e2cf0c2d9c64cc0/internal%2Fjsonrpc2%2Fconn.go,[]
modelcontextprotocol,go-sdk,9600c3bd31a789eeab48aac52eb3a942b6ce0031,internal/jsonrpc2/messages.go,https://github.com/modelcontextprotocol/go-sdk/raw/7b8d81c264074404abdf5aa16e2cf0c2d9c64cc0/internal%2Fjsonrpc2%2Fmessages.go,"['@@ -10,6 +10,8 @@']"
modelcontextprotocol,go-sdk,9600c3bd31a789eeab48aac52eb3a942b6ce0031,mcp/client.go,https://github.com/modelcontextprotocol/go-sdk/raw/7b8d81c264074404abdf5aa16e2cf0c2d9c64cc0/mcp%2Fclient.go,[]
modelcontextprotocol,go-sdk,9600c3bd31a789eeab48aac52eb3a942b6ce0031,mcp/content.go,https://github.com/modelcontextprotocol/go-sdk/raw/7b8d81c264074404abdf5aa16e2cf0c2d9c64cc0/mcp%2Fcontent.go,"['@@ -10,6 +10,8 @@']"
modelcontextprotocol,go-sdk,9600c3bd31a789eeab48aac52eb3a942b6ce0031,mcp/protocol.go,https://github.com/modelcontextprotocol/go-sdk/raw/7b8d81c264074404abdf5aa16e2cf0c2d9c64cc0/mcp%2Fprotocol.go,"['@@ -14,6 +14,8 @@']"
modelcontextprotocol,go-sdk,9600c3bd31a789eeab48aac52eb3a942b6ce0031,mcp/server.go,https://github.com/modelcontextprotocol/go-sdk/raw/7b8d81c264074404abdf5aa16e2cf0c2d9c64cc0/mcp%2Fserver.go,[]
modelcontextprotocol,go-sdk,9600c3bd31a789eeab48aac52eb3a942b6ce0031,mcp/shared.go,https://github.com/modelcontextprotocol/go-sdk/raw/7b8d81c264074404abdf5aa16e2cf0c2d9c64cc0/mcp%2Fshared.go,[]
modelcontextprotocol,go-sdk,9600c3bd31a789eeab48aac52eb3a942b6ce0031,mcp/streamable.go,https://github.com/modelcontextprotocol/go-sdk/raw/7b8d81c264074404abdf5aa16e2cf0c2d9c64cc0/mcp%2Fstreamable.go,[]
modelcontextprotocol,go-sdk,9600c3bd31a789eeab48aac52eb3a942b6ce0031,mcp/tool.go,https://github.com/modelcontextprotocol/go-sdk/raw/7b8d81c264074404abdf5aa16e2cf0c2d9c64cc0/mcp%2Ftool.go,[]
modelcontextprotocol,go-sdk,9600c3bd31a789eeab48aac52eb3a942b6ce0031,mcp/transport.go,https://github.com/modelcontextprotocol/go-sdk/raw/7b8d81c264074404abdf5aa16e2cf0c2d9c64cc0/mcp%2Ftransport.go,[]
modelcontextprotocol,go-sdk,9600c3bd31a789eeab48aac52eb3a942b6ce0031,mcp/util.go,https://github.com/modelcontextprotocol/go-sdk/raw/7b8d81c264074404abdf5aa16e2cf0c2d9c64cc0/mcp%2Futil.go,"['@@ -6,6 +6,8 @@']"
modelcontextprotocol,go-sdk,9600c3bd31a789eeab48aac52eb3a942b6ce0031,oauthex/dcr.go,https://github.com/modelcontextprotocol/go-sdk/raw/7b8d81c264074404abdf5aa16e2cf0c2d9c64cc0/oauthex%2Fdcr.go,"['@@ -17,6 +17,8 @@']"
lf-edge,eve,db4f69ba1b50830237bde6ef46455d83636726b2,pkg/pillar/evetpm/tpm.go,https://github.com/lf-edge/eve/raw/aa3501d6c57206ced222c33aea15a9169d629141/pkg%2Fpillar%2Fevetpm%2Ftpm.go,[]
zitadel,zitadel,bac224c56dd1a9a0f49e255c92edd9c545fb5de9,cmd/mirror/config.go,https://github.com/zitadel/zitadel/raw/b2532e9666215bef04855d138ca716045bb74a06/cmd%2Fmirror%2Fconfig.go,[]
zitadel,zitadel,bac224c56dd1a9a0f49e255c92edd9c545fb5de9,cmd/mirror/projections.go,https://github.com/zitadel/zitadel/raw/b2532e9666215bef04855d138ca716045bb74a06/cmd%2Fmirror%2Fprojections.go,[]
zitadel,zitadel,bac224c56dd1a9a0f49e255c92edd9c545fb5de9,cmd/setup/03.go,https://github.com/zitadel/zitadel/raw/b2532e9666215bef04855d138ca716045bb74a06/cmd%2Fsetup%2F03.go,[]
zitadel,zitadel,bac224c56dd1a9a0f49e255c92edd9c545fb5de9,cmd/setup/config.go,https://github.com/zitadel/zitadel/raw/b2532e9666215bef04855d138ca716045bb74a06/cmd%2Fsetup%2Fconfig.go,[]
zitadel,zitadel,bac224c56dd1a9a0f49e255c92edd9c545fb5de9,cmd/setup/config_change.go,https://github.com/zitadel/zitadel/raw/b2532e9666215bef04855d138ca716045bb74a06/cmd%2Fsetup%2Fconfig_change.go,[]
zitadel,zitadel,bac224c56dd1a9a0f49e255c92edd9c545fb5de9,cmd/setup/setup.go,https://github.com/zitadel/zitadel/raw/b2532e9666215bef04855d138ca716045bb74a06/cmd%2Fsetup%2Fsetup.go,[]
zitadel,zitadel,bac224c56dd1a9a0f49e255c92edd9c545fb5de9,cmd/start/config.go,https://github.com/zitadel/zitadel/raw/b2532e9666215bef04855d138ca716045bb74a06/cmd%2Fstart%2Fconfig.go,[]
zitadel,zitadel,bac224c56dd1a9a0f49e255c92edd9c545fb5de9,cmd/start/config_test.go,https://github.com/zitadel/zitadel/raw/b2532e9666215bef04855d138ca716045bb74a06/cmd%2Fstart%2Fconfig_test.go,[]
zitadel,zitadel,bac224c56dd1a9a0f49e255c92edd9c545fb5de9,cmd/start/start.go,https://github.com/zitadel/zitadel/raw/b2532e9666215bef04855d138ca716045bb74a06/cmd%2Fstart%2Fstart.go,[]
zitadel,zitadel,bac224c56dd1a9a0f49e255c92edd9c545fb5de9,internal/actions/http_module.go,https://github.com/zitadel/zitadel/raw/b2532e9666215bef04855d138ca716045bb74a06/internal%2Factions%2Fhttp_module.go,"['@@ -179,32 +179,9 @@']"
zitadel,zitadel,bac224c56dd1a9a0f49e255c92edd9c545fb5de9,internal/actions/http_module_config.go,https://github.com/zitadel/zitadel/raw/b2532e9666215bef04855d138ca716045bb74a06/internal%2Factions%2Fhttp_module_config.go,"['@@ -1,13 +1,11 @@', '@@ -30,7 +28,10 @@', '@@ -43,77 +44,13 @@']"
zitadel,zitadel,bac224c56dd1a9a0f49e255c92edd9c545fb5de9,internal/actions/http_module_test.go,https://github.com/zitadel/zitadel/raw/b2532e9666215bef04855d138ca716045bb74a06/internal%2Factions%2Fhttp_module_test.go,"['@@ -4,123 +4,16 @@']"
zitadel,zitadel,bac224c56dd1a9a0f49e255c92edd9c545fb5de9,internal/api/api.go,https://github.com/zitadel/zitadel/raw/b2532e9666215bef04855d138ca716045bb74a06/internal%2Fapi%2Fapi.go,[]
zitadel,zitadel,bac224c56dd1a9a0f49e255c92edd9c545fb5de9,internal/api/grpc/action/v2/integration_test/execution_target_test.go,https://github.com/zitadel/zitadel/raw/b2532e9666215bef04855d138ca716045bb74a06/internal%2Fapi%2Fgrpc%2Faction%2Fv2%2Fintegration_test%2Fexecution_target_test.go,[]
zitadel,zitadel,bac224c56dd1a9a0f49e255c92edd9c545fb5de9,internal/api/grpc/action/v2/integration_test/execution_test.go,https://github.com/zitadel/zitadel/raw/b2532e9666215bef04855d138ca716045bb74a06/internal%2Fapi%2Fgrpc%2Faction%2Fv2%2Fintegration_test%2Fexecution_test.go,[]
zitadel,zitadel,bac224c56dd1a9a0f49e255c92edd9c545fb5de9,internal/api/grpc/action/v2beta/integration_test/execution_target_test.go,https://github.com/zitadel/zitadel/raw/b2532e9666215bef04855d138ca716045bb74a06/internal%2Fapi%2Fgrpc%2Faction%2Fv2beta%2Fintegration_test%2Fexecution_target_test.go,[]
zitadel,zitadel,bac224c56dd1a9a0f49e255c92edd9c545fb5de9,internal/api/grpc/action/v2beta/integration_test/execution_test.go,https://github.com/zitadel/zitadel/raw/b2532e9666215bef04855d138ca716045bb74a06/internal%2Fapi%2Fgrpc%2Faction%2Fv2beta%2Fintegration_test%2Fexecution_test.go,[]
zitadel,zitadel,bac224c56dd1a9a0f49e255c92edd9c545fb5de9,internal/api/grpc/server/connect_middleware/execution_interceptor.go,https://github.com/zitadel/zitadel/raw/b2532e9666215bef04855d138ca716045bb74a06/internal%2Fapi%2Fgrpc%2Fserver%2Fconnect_middleware%2Fexecution_interceptor.go,[]
zitadel,zitadel,bac224c56dd1a9a0f49e255c92edd9c545fb5de9,internal/api/grpc/server/connect_middleware/execution_interceptor_test.go,https://github.com/zitadel/zitadel/raw/b2532e9666215bef04855d138ca716045bb74a06/internal%2Fapi%2Fgrpc%2Fserver%2Fconnect_middleware%2Fexecution_interceptor_test.go,"['@@ -74,6 +75,10 @@', '@@ -286,6 +292,37 @@', '@@ -736,6 +774,9 @@', '@@ -844,6 +886,37 @@']"
zitadel,zitadel,bac224c56dd1a9a0f49e255c92edd9c545fb5de9,internal/api/grpc/server/middleware/execution_interceptor.go,https://github.com/zitadel/zitadel/raw/b2532e9666215bef04855d138ca716045bb74a06/internal%2Fapi%2Fgrpc%2Fserver%2Fmiddleware%2Fexecution_interceptor.go,[]
zitadel,zitadel,bac224c56dd1a9a0f49e255c92edd9c545fb5de9,internal/api/grpc/server/middleware/execution_interceptor_test.go,https://github.com/zitadel/zitadel/raw/b2532e9666215bef04855d138ca716045bb74a06/internal%2Fapi%2Fgrpc%2Fserver%2Fmiddleware%2Fexecution_interceptor_test.go,"['@@ -63,6 +64,10 @@', '@@ -275,6 +281,36 @@', '@@ -725,6 +762,10 @@', '@@ -833,6 +875,36 @@']"
zitadel,zitadel,bac224c56dd1a9a0f49e255c92edd9c545fb5de9,internal/api/grpc/server/server.go,https://github.com/zitadel/zitadel/raw/b2532e9666215bef04855d138ca716045bb74a06/internal%2Fapi%2Fgrpc%2Fserver%2Fserver.go,[]
zitadel,zitadel,bac224c56dd1a9a0f49e255c92edd9c545fb5de9,internal/api/oidc/userinfo.go,https://github.com/zitadel/zitadel/raw/b2532e9666215bef04855d138ca716045bb74a06/internal%2Fapi%2Foidc%2Fuserinfo.go,[]
zitadel,zitadel,bac224c56dd1a9a0f49e255c92edd9c545fb5de9,internal/api/saml/storage.go,https://github.com/zitadel/zitadel/raw/b2532e9666215bef04855d138ca716045bb74a06/internal%2Fapi%2Fsaml%2Fstorage.go,[]
zitadel,zitadel,bac224c56dd1a9a0f49e255c92edd9c545fb5de9,internal/command/action_v2_target.go,https://github.com/zitadel/zitadel/raw/b2532e9666215bef04855d138ca716045bb74a06/internal%2Fcommand%2Faction_v2_target.go,"['@@ -7,9 +7,11 @@', '@@ -27,18 +29,22 @@', '@@ -114,19 +120,23 @@']"
zitadel,zitadel,bac224c56dd1a9a0f49e255c92edd9c545fb5de9,internal/command/action_v2_target_test.go,https://github.com/zitadel/zitadel/raw/b2532e9666215bef04855d138ca716045bb74a06/internal%2Fcommand%2Faction_v2_target_test.go,"['@@ -2,28 +2,37 @@', '@@ -120,6 +129,28 @@', '@@ -147,6 +178,10 @@', '@@ -174,6 +209,10 @@', '@@ -201,6 +240,10 @@', '@@ -233,6 +276,10 @@', '@@ -274,10 +322,15 @@', '@@ -385,12 +438,39 @@', '@@ -416,6 +496,10 @@', '@@ -448,6 +532,10 @@', '@@ -481,6 +569,10 @@', '@@ -525,6 +617,10 @@', '@@ -551,6 +647,8 @@']"
zitadel,zitadel,bac224c56dd1a9a0f49e255c92edd9c545fb5de9,internal/command/command.go,https://github.com/zitadel/zitadel/raw/b2532e9666215bef04855d138ca716045bb74a06/internal%2Fcommand%2Fcommand.go,"['@@ -24,9 +25,11 @@', '@@ -101,7 +104,9 @@', '@@ -215,9 +221,11 @@']"
zitadel,zitadel,bac224c56dd1a9a0f49e255c92edd9c545fb5de9,internal/denylist/denylist.go,https://github.com/zitadel/zitadel/raw/b2532e9666215bef04855d138ca716045bb74a06/internal%2Fdenylist%2Fdenylist.go,"['@@ -0,0 +1,47 @@']"
zitadel,zitadel,bac224c56dd1a9a0f49e255c92edd9c545fb5de9,internal/denylist/error.go,https://github.com/zitadel/zitadel/raw/b2532e9666215bef04855d138ca716045bb74a06/internal%2Fdenylist%2Ferror.go,"['@@ -0,0 +1,26 @@']"
zitadel,zitadel,bac224c56dd1a9a0f49e255c92edd9c545fb5de9,internal/denylist/host_checker.go,https://github.com/zitadel/zitadel/raw/b2532e9666215bef04855d138ca716045bb74a06/internal%2Fdenylist%2Fhost_checker.go,"['@@ -0,0 +1,69 @@']"
zitadel,zitadel,bac224c56dd1a9a0f49e255c92edd9c545fb5de9,internal/denylist/host_checker_test.go,https://github.com/zitadel/zitadel/raw/b2532e9666215bef04855d138ca716045bb74a06/internal%2Fdenylist%2Fhost_checker_test.go,"['@@ -0,0 +1,122 @@']"
zitadel,zitadel,bac224c56dd1a9a0f49e255c92edd9c545fb5de9,internal/execution/execution.go,https://github.com/zitadel/zitadel/raw/b2532e9666215bef04855d138ca716045bb74a06/internal%2Fexecution%2Fexecution.go,"['@@ -9,7 +9,9 @@', '@@ -90,6 +95,17 @@']"
zitadel,zitadel,bac224c56dd1a9a0f49e255c92edd9c545fb5de9,internal/execution/execution_test.go,https://github.com/zitadel/zitadel/raw/b2532e9666215bef04855d138ca716045bb74a06/internal%2Fexecution%2Fexecution_test.go,"['@@ -405,7 +406,11 @@', '@@ -418,6 +423,9 @@', '@@ -573,10 +582,38 @@', '@@ -587,7 +624,9 @@', '@@ -723,10 +764,6 @@']"
zitadel,zitadel,bac224c56dd1a9a0f49e255c92edd9c545fb5de9,internal/execution/worker.go,https://github.com/zitadel/zitadel/raw/b2532e9666215bef04855d138ca716045bb74a06/internal%2Fexecution%2Fworker.go,[]
zitadel,zitadel,bac224c56dd1a9a0f49e255c92edd9c545fb5de9,internal/net/net.go,https://github.com/zitadel/zitadel/raw/b2532e9666215bef04855d138ca716045bb74a06/internal%2Fnet%2Fnet.go,"['@@ -0,0 +1,30 @@']"
zitadel,zitadel,bac224c56dd1a9a0f49e255c92edd9c545fb5de9,internal/net/net_test.go,https://github.com/zitadel/zitadel/raw/b2532e9666215bef04855d138ca716045bb74a06/internal%2Fnet%2Fnet_test.go,"['@@ -0,0 +1,78 @@']"
refraction-networking,utls,a5511b382b818deb970dd402090369dba8a59856,u_ech.go,https://github.com/refraction-networking/utls/raw/24bd1e05a788c1add7f3037f4532ea552b2cee07/u_ech.go,"['@@ -300,10 +300,6 @@']"
OliveTin,OliveTin,1db6509288bb356c6b9128a2318c91fc16e80d83,service/internal/executor/arguments.go,https://github.com/OliveTin/OliveTin/raw/4bbd2eab153287dc744ad061c58af7693f0c3ddc/service%2Finternal%2Fexecutor%2Farguments.go,[]
OliveTin,OliveTin,1db6509288bb356c6b9128a2318c91fc16e80d83,service/internal/executor/arguments_test.go,https://github.com/OliveTin/OliveTin/raw/4bbd2eab153287dc744ad061c58af7693f0c3ddc/service%2Finternal%2Fexecutor%2Farguments_test.go,"['@@ -302,6 +302,40 @@']"
OliveTin,OliveTin,1db6509288bb356c6b9128a2318c91fc16e80d83,service/internal/executor/executor.go,https://github.com/OliveTin/OliveTin/raw/4bbd2eab153287dc744ad061c58af7693f0c3ddc/service%2Finternal%2Fexecutor%2Fexecutor.go,"['@@ -686,6 +687,9 @@', '@@ -707,6 +711,29 @@']"
OliveTin,OliveTin,1db6509288bb356c6b9128a2318c91fc16e80d83,service/internal/executor/executor_test.go,https://github.com/OliveTin/OliveTin/raw/4bbd2eab153287dc744ad061c58af7693f0c3ddc/service%2Finternal%2Fexecutor%2Fexecutor_test.go,"['@@ -295,3 +295,103 @@']"
OliveTin,OliveTin,1db6509288bb356c6b9128a2318c91fc16e80d83,service/internal/webhooks/handler.go,https://github.com/OliveTin/OliveTin/raw/4bbd2eab153287dc744ad061c58af7693f0c3ddc/service%2Finternal%2Fwebhooks%2Fhandler.go,"['@@ -150,13 +150,28 @@']"
OliveTin,OliveTin,1db6509288bb356c6b9128a2318c91fc16e80d83,service/internal/webhooks/handler_test.go,https://github.com/OliveTin/OliveTin/raw/4bbd2eab153287dc744ad061c58af7693f0c3ddc/service%2Finternal%2Fwebhooks%2Fhandler_test.go,"['@@ -0,0 +1,32 @@']"
caddyserver,caddy,a2825c5dd952769f139a16448dc1ca1be61b6058,modules/caddyhttp/matchers.go,https://github.com/caddyserver/caddy/raw/eec32a0bb5a11651c6a7b04ce82dc50610f2b27e/modules%2Fcaddyhttp%2Fmatchers.go,"['@@ -262,13 +262,17 @@']"
BishopFox,sliver,503218f3f4a820f00166c26b32b132c035a35646,client/command/jobs/commands.go,https://github.com/BishopFox/sliver/raw/2b65089b27c553e79e69f1067cad1339e4f3d937/client%2Fcommand%2Fjobs%2Fcommands.go,[]
BishopFox,sliver,503218f3f4a820f00166c26b32b132c035a35646,client/command/jobs/dns.go,https://github.com/BishopFox/sliver/raw/2b65089b27c553e79e69f1067cad1339e4f3d937/client%2Fcommand%2Fjobs%2Fdns.go,"['@@ -40,15 +40,13 @@']"
BishopFox,sliver,503218f3f4a820f00166c26b32b132c035a35646,implant/sliver/transports/dnsclient/dnsclient.go,https://github.com/BishopFox/sliver/raw/2b65089b27c553e79e69f1067cad1339e4f3d937/implant%2Fsliver%2Ftransports%2Fdnsclient%2Fdnsclient.go,"['@@ -308,46 +308,57 @@', '@@ -778,40 +789,19 @@', '@@ -847,6 +837,24 @@', '@@ -893,19 +901,6 @@']"
BishopFox,sliver,503218f3f4a820f00166c26b32b132c035a35646,implant/sliver/transports/dnsclient/dnsclient_test.go,https://github.com/BishopFox/sliver/raw/2b65089b27c553e79e69f1067cad1339e4f3d937/implant%2Fsliver%2Ftransports%2Fdnsclient%2Fdnsclient_test.go,"['@@ -230,28 +230,17 @@']"
BishopFox,sliver,503218f3f4a820f00166c26b32b132c035a35646,implant/sliver/transports/dnsclient/resolver-generic.go,https://github.com/BishopFox/sliver/raw/2b65089b27c553e79e69f1067cad1339e4f3d937/implant%2Fsliver%2Ftransports%2Fdnsclient%2Fresolver-generic.go,[]
BishopFox,sliver,503218f3f4a820f00166c26b32b132c035a35646,protobuf/dnspb/dns.pb.go,https://github.com/BishopFox/sliver/raw/2b65089b27c553e79e69f1067cad1339e4f3d937/protobuf%2Fdnspb%2Fdns.pb.go,"['@@ -89,10 +86,7 @@']"
BishopFox,sliver,503218f3f4a820f00166c26b32b132c035a35646,server/c2/dns.go,https://github.com/BishopFox/sliver/raw/2b65089b27c553e79e69f1067cad1339e4f3d937/server%2Fc2%2Fdns.go,"['@@ -21,14 +21,12 @@', '@@ -66,6 +65,17 @@', '@@ -103,6 +113,9 @@', '@@ -113,6 +126,10 @@', '@@ -256,6 +273,13 @@', '@@ -316,11 +340,23 @@', '@@ -329,6 +365,56 @@', '@@ -354,6 +440,9 @@', '@@ -384,24 +473,26 @@', '@@ -456,81 +547,86 @@', '@@ -564,15 +660,34 @@']"
BishopFox,sliver,503218f3f4a820f00166c26b32b132c035a35646,server/c2/dns_grpc_e2e_test.go,https://github.com/BishopFox/sliver/raw/2b65089b27c553e79e69f1067cad1339e4f3d937/server%2Fc2%2Fdns_grpc_e2e_test.go,"['@@ -0,0 +1,309 @@']"
BishopFox,sliver,503218f3f4a820f00166c26b32b132c035a35646,server/c2/dns_test.go,https://github.com/BishopFox/sliver/raw/2b65089b27c553e79e69f1067cad1339e4f3d937/server%2Fc2%2Fdns_test.go,"['@@ -232,31 +232,55 @@', '@@ -476,15 +502,17 @@', '@@ -570,6 +598,199 @@', '@@ -860,3 +1080,53 @@']"
BishopFox,sliver,503218f3f4a820f00166c26b32b132c035a35646,server/c2/jobs.go,https://github.com/BishopFox/sliver/raw/2b65089b27c553e79e69f1067cad1339e4f3d937/server%2Fc2%2Fjobs.go,[]
BishopFox,sliver,503218f3f4a820f00166c26b32b132c035a35646,server/generate/binaries.go,https://github.com/BishopFox/sliver/raw/2b65089b27c553e79e69f1067cad1339e4f3d937/server%2Fgenerate%2Fbinaries.go,[]
zitadel,zitadel,b2532e9666215bef04855d138ca716045bb74a06,internal/api/grpc/user/v2/integration_test/user_test.go,https://github.com/zitadel/zitadel/raw/0261536243e500dccfd8c7f547d592c822478327/internal%2Fapi%2Fgrpc%2Fuser%2Fv2%2Fintegration_test%2Fuser_test.go,"['@@ -4016,6 +4016,56 @@']"
zitadel,zitadel,b2532e9666215bef04855d138ca716045bb74a06,internal/command/user_v2_human.go,https://github.com/zitadel/zitadel/raw/0261536243e500dccfd8c7f547d592c822478327/internal%2Fcommand%2Fuser_v2_human.go,"['@@ -297,7 +297,9 @@']"
zitadel,zitadel,b2532e9666215bef04855d138ca716045bb74a06,internal/command/user_v2_human_test.go,https://github.com/zitadel/zitadel/raw/0261536243e500dccfd8c7f547d592c822478327/internal%2Fcommand%2Fuser_v2_human_test.go,"['@@ -2699,6 +2700,35 @@', '@@ -3019,6 +3049,35 @@']"
BishopFox,sliver,8d5dbd2050f9130699365c6f2ea7daa1bcf020a3,server/c2/http.go,https://github.com/BishopFox/sliver/raw/0cf5a47cfdf94b6ab481ec3ea0db09f31654c0f0/server%2Fc2%2Fhttp.go,"['@@ -735,6 +735,13 @@']"
BishopFox,sliver,8d5dbd2050f9130699365c6f2ea7daa1bcf020a3,util/encoders/encoders.go,https://github.com/BishopFox/sliver/raw/0cf5a47cfdf94b6ab481ec3ea0db09f31654c0f0/util%2Fencoders%2Fencoders.go,"['@@ -38,6 +38,11 @@']"
BishopFox,sliver,8d5dbd2050f9130699365c6f2ea7daa1bcf020a3,util/encoders/gzip.go,https://github.com/BishopFox/sliver/raw/0cf5a47cfdf94b6ab481ec3ea0db09f31654c0f0/util%2Fencoders%2Fgzip.go,"['@@ -21,12 +21,16 @@', '@@ -80,14 +84,33 @@']"
BishopFox,sliver,8d5dbd2050f9130699365c6f2ea7daa1bcf020a3,util/encoders/gzip_test.go,https://github.com/BishopFox/sliver/raw/0cf5a47cfdf94b6ab481ec3ea0db09f31654c0f0/util%2Fencoders%2Fgzip_test.go,"['@@ -58,3 +58,34 @@']"
gogs,gogs,7306b955a9a817a8114b71e260d8638c4dfd2476,internal/cmd/web.go,https://github.com/gogs/gogs/raw/628216d5889fcb838c471f4754f09b935d9cd9f3/internal%2Fcmd%2Fweb.go,"['@@ -329,9 +329,12 @@']"
QuantumNous,new-api,ff41e65d9bf2842a87f3831ecc3b52c3eaa47090,common/constants.go,https://github.com/QuantumNous/new-api/raw/3e1be18310f35d20742683ca9e4bf3bcafc173c5/common%2Fconstants.go,"['@@ -175,6 +175,10 @@']"
QuantumNous,new-api,ff41e65d9bf2842a87f3831ecc3b52c3eaa47090,common/utils.go,https://github.com/QuantumNous/new-api/raw/3e1be18310f35d20742683ca9e4bf3bcafc173c5/common%2Futils.go,[]
QuantumNous,new-api,ff41e65d9bf2842a87f3831ecc3b52c3eaa47090,controller/token.go,https://github.com/QuantumNous/new-api/raw/3e1be18310f35d20742683ca9e4bf3bcafc173c5/controller%2Ftoken.go,"['@@ -168,6 +170,20 @@']"
QuantumNous,new-api,ff41e65d9bf2842a87f3831ecc3b52c3eaa47090,middleware/rate-limit.go,https://github.com/QuantumNous/new-api/raw/3e1be18310f35d20742683ca9e4bf3bcafc173c5/middleware%2Frate-limit.go,"['@@ -115,3 +115,88 @@']"
QuantumNous,new-api,ff41e65d9bf2842a87f3831ecc3b52c3eaa47090,model/token.go,https://github.com/QuantumNous/new-api/raw/3e1be18310f35d20742683ca9e4bf3bcafc173c5/model%2Ftoken.go,"['@@ -63,12 +64,103 @@']"
QuantumNous,new-api,ff41e65d9bf2842a87f3831ecc3b52c3eaa47090,router/api-router.go,https://github.com/QuantumNous/new-api/raw/3e1be18310f35d20742683ca9e4bf3bcafc173c5/router%2Fapi-router.go,[]
QuantumNous,new-api,ff41e65d9bf2842a87f3831ecc3b52c3eaa47090,setting/config/config.go,https://github.com/QuantumNous/new-api/raw/3e1be18310f35d20742683ca9e4bf3bcafc173c5/setting%2Fconfig%2Fconfig.go,"['@@ -212,13 +212,23 @@']"
QuantumNous,new-api,ff41e65d9bf2842a87f3831ecc3b52c3eaa47090,setting/operation_setting/token_setting.go,https://github.com/QuantumNous/new-api/raw/3e1be18310f35d20742683ca9e4bf3bcafc173c5/setting%2Foperation_setting%2Ftoken_setting.go,"['@@ -0,0 +1,28 @@']"
cert-manager,cert-manager,15a0f4d4cf124ab04f4d523ad3c832b26472dc6e,pkg/issuer/acme/dns/util/fqdn_test.go,https://github.com/cert-manager/cert-manager/raw/409fc24e539711a07aae45ed45abbe03dfdad2cc/pkg%2Fissuer%2Facme%2Fdns%2Futil%2Ffqdn_test.go,"['@@ -0,0 +1,111 @@']"
cert-manager,cert-manager,15a0f4d4cf124ab04f4d523ad3c832b26472dc6e,pkg/issuer/acme/dns/util/wait.go,https://github.com/cert-manager/cert-manager/raw/409fc24e539711a07aae45ed45abbe03dfdad2cc/pkg%2Fissuer%2Facme%2Fdns%2Futil%2Fwait.go,"['@@ -312,7 +312,14 @@']"
cert-manager,cert-manager,31a995ecaea6f482a6ab6f3165b7ee848be84fa6,pkg/issuer/acme/dns/util/fqdn_test.go,https://github.com/cert-manager/cert-manager/raw/9a73a0b3853035827edd37ac463e4803ba10327d/pkg%2Fissuer%2Facme%2Fdns%2Futil%2Ffqdn_test.go,"['@@ -0,0 +1,111 @@']"
cert-manager,cert-manager,31a995ecaea6f482a6ab6f3165b7ee848be84fa6,pkg/issuer/acme/dns/util/wait.go,https://github.com/cert-manager/cert-manager/raw/9a73a0b3853035827edd37ac463e4803ba10327d/pkg%2Fissuer%2Facme%2Fdns%2Futil%2Fwait.go,"['@@ -312,7 +312,14 @@']"
cert-manager,cert-manager,866f95501c59afef2d69598406b27328d54fdfd9,pkg/issuer/acme/dns/util/fqdn_test.go,https://github.com/cert-manager/cert-manager/raw/d4faed26ae12115cceb807cdc12507ebc28980e2/pkg%2Fissuer%2Facme%2Fdns%2Futil%2Ffqdn_test.go,"['@@ -0,0 +1,111 @@']"
cert-manager,cert-manager,866f95501c59afef2d69598406b27328d54fdfd9,pkg/issuer/acme/dns/util/wait.go,https://github.com/cert-manager/cert-manager/raw/d4faed26ae12115cceb807cdc12507ebc28980e2/pkg%2Fissuer%2Facme%2Fdns%2Futil%2Fwait.go,"['@@ -312,7 +312,14 @@']"
caddyserver,caddy,eec32a0bb5a11651c6a7b04ce82dc50610f2b27e,modules/caddyhttp/matchers.go,https://github.com/caddyserver/caddy/raw/a1081194bfae4e0d8c227ec44aecb95eded55d1e/modules%2Fcaddyhttp%2Fmatchers.go,[]
caddyserver,caddy,eec32a0bb5a11651c6a7b04ce82dc50610f2b27e,modules/caddyhttp/matchers_test.go,https://github.com/caddyserver/caddy/raw/a1081194bfae4e0d8c227ec44aecb95eded55d1e/modules%2Fcaddyhttp%2Fmatchers_test.go,"['@@ -417,6 +417,11 @@']"
gogs,gogs,d568e048315dc9729c8518d8085cab7dbbfac80f,internal/route/api/v1/api.go,https://github.com/gogs/gogs/raw/961a79e8f9f2b3190ea804bcf635e4b43b123272/internal%2Froute%2Fapi%2Fv1%2Fapi.go,"['@@ -158,6 +158,16 @@']"
vitessio,vitess,d548290ac728d7ec2437f0c7da6d131e35f7668f,go/test/endtoend/backup/vtctlbackup/backup_test.go,https://github.com/vitessio/vitess/raw/4c0173293907af9cb942a6683c465c3f1e9fdb5c/go%2Ftest%2Fendtoend%2Fbackup%2Fvtctlbackup%2Fbackup_test.go,[]
vitessio,vitess,d548290ac728d7ec2437f0c7da6d131e35f7668f,go/test/endtoend/backup/vtctlbackup/backup_utils.go,https://github.com/vitessio/vitess/raw/4c0173293907af9cb942a6683c465c3f1e9fdb5c/go%2Ftest%2Fendtoend%2Fbackup%2Fvtctlbackup%2Fbackup_utils.go,"['@@ -307,6 +308,9 @@']"
vitessio,vitess,d548290ac728d7ec2437f0c7da6d131e35f7668f,go/test/endtoend/backup/xtrabackup/xtrabackup_test.go,https://github.com/vitessio/vitess/raw/4c0173293907af9cb942a6683c465c3f1e9fdb5c/go%2Ftest%2Fendtoend%2Fbackup%2Fxtrabackup%2Fxtrabackup_test.go,[]
vitessio,vitess,d548290ac728d7ec2437f0c7da6d131e35f7668f,go/vt/mysqlctl/builtinbackupengine.go,https://github.com/vitessio/vitess/raw/4c0173293907af9cb942a6683c465c3f1e9fdb5c/go%2Fvt%2Fmysqlctl%2Fbuiltinbackupengine.go,"['@@ -1329,10 +1329,7 @@']"
vitessio,vitess,d548290ac728d7ec2437f0c7da6d131e35f7668f,go/vt/mysqlctl/compression.go,https://github.com/vitessio/vitess/raw/4c0173293907af9cb942a6683c465c3f1e9fdb5c/go%2Fvt%2Fmysqlctl%2Fcompression.go,"['@@ -90,6 +92,20 @@']"
vitessio,vitess,d548290ac728d7ec2437f0c7da6d131e35f7668f,go/vt/mysqlctl/compression_external_decompressor_test.go,https://github.com/vitessio/vitess/raw/4c0173293907af9cb942a6683c465c3f1e9fdb5c/go%2Fvt%2Fmysqlctl%2Fcompression_external_decompressor_test.go,"['@@ -0,0 +1,93 @@']"
vitessio,vitess,d548290ac728d7ec2437f0c7da6d131e35f7668f,go/vt/mysqlctl/xtrabackupengine.go,https://github.com/vitessio/vitess/raw/4c0173293907af9cb942a6683c465c3f1e9fdb5c/go%2Fvt%2Fmysqlctl%2Fxtrabackupengine.go,"['@@ -649,10 +649,7 @@']"
AlistGo,alist,42fce722a90c1fa33695969df2fb54faae089d49,drivers/webdav/meta.go,https://github.com/AlistGo/alist/raw/69629ca76a8f2c8c973ede3b616f93aa26ff23fb/drivers%2Fwebdav%2Fmeta.go,[]
AlistGo,alist,42fce722a90c1fa33695969df2fb54faae089d49,drivers/webdav/util.go,https://github.com/AlistGo/alist/raw/69629ca76a8f2c8c973ede3b616f93aa26ff23fb/drivers%2Fwebdav%2Futil.go,[]
AlistGo,alist,42fce722a90c1fa33695969df2fb54faae089d49,internal/bootstrap/config.go,https://github.com/AlistGo/alist/raw/69629ca76a8f2c8c973ede3b616f93aa26ff23fb/internal%2Fbootstrap%2Fconfig.go,"['@@ -70,6 +70,15 @@']"
AlistGo,alist,42fce722a90c1fa33695969df2fb54faae089d49,internal/conf/config.go,https://github.com/AlistGo/alist/raw/69629ca76a8f2c8c973ede3b616f93aa26ff23fb/internal%2Fconf%2Fconfig.go,[]
AlistGo,alist,42fce722a90c1fa33695969df2fb54faae089d49,server/handles/ldap_login.go,https://github.com/AlistGo/alist/raw/69629ca76a8f2c8c973ede3b616f93aa26ff23fb/server%2Fhandles%2Fldap_login.go,[]
go-vikunja,vikunja,059958b8399b44faedfe8ec25911b9d6e8b45188,pkg/user/user_password_reset.go,https://github.com/go-vikunja/vikunja/raw/5c2195f9fca9ad208477e865e6009c37889f87b2/pkg%2Fuser%2Fuser_password_reset.go,[]
go-vikunja,vikunja,059958b8399b44faedfe8ec25911b9d6e8b45188,pkg/user/user_test.go,https://github.com/go-vikunja/vikunja/raw/5c2195f9fca9ad208477e865e6009c37889f87b2/pkg%2Fuser%2Fuser_test.go,"['@@ -558,6 +558,28 @@']"
authzed,spicedb,3d988010598224c10e2860efc8822a861f3a21a0,internal/graph/cursors.go,https://github.com/authzed/spicedb/raw/fa1d7f48107e0c6c35e6a7862aa983366e70208f/internal%2Fgraph%2Fcursors.go,"['@@ -161,7 +162,11 @@']"
authzed,spicedb,3d988010598224c10e2860efc8822a861f3a21a0,internal/graph/cursors_test.go,https://github.com/authzed/spicedb/raw/fa1d7f48107e0c6c35e6a7862aa983366e70208f/internal%2Fgraph%2Fcursors_test.go,"['@@ -345,6 +345,44 @@']"
php,frankenphp,04fdc0c1e8fde94e2c1ad86217e962c88d27c53e,frankenphp_test.go,https://github.com/php/frankenphp/raw/24d6c991a7761b638190eb081deae258143e9735/frankenphp_test.go,"['@@ -1306,3 +1307,111 @@']"
mattermost,mattermost,a21169e2a864565b0019eb8c00fa7de74901d19e,server/channels/app/login.go,https://github.com/mattermost/mattermost/raw/61651b0df7ea5db55d1e54f8d6fb5fce4149309c/server%2Fchannels%2Fapp%2Flogin.go,"['@@ -95,23 +95,25 @@']"
mattermost,mattermost,a21169e2a864565b0019eb8c00fa7de74901d19e,server/channels/app/login_test.go,https://github.com/mattermost/mattermost/raw/61651b0df7ea5db55d1e54f8d6fb5fce4149309c/server%2Fchannels%2Fapp%2Flogin_test.go,"['@@ -52,3 +53,88 @@']"
zitadel,zitadel,b5d7518ad13f728de89e5f82880826f80373cb50,internal/authz/repository/eventsourcing/eventstore/token_verifier.go,https://github.com/zitadel/zitadel/raw/feab8e1fa371f3ad654640fc869b2c14f2fdb602/internal%2Fauthz%2Frepository%2Feventsourcing%2Feventstore%2Ftoken_verifier.go,"['@@ -146,6 +146,11 @@']"
gogs,gogs,e3bb4165dceb96b66053a067f9f3584302413a0e,internal/route/api/v1/repo/issue_comment.go,https://github.com/gogs/gogs/raw/1b226ca48dc8b3e95cc1c41229d72819c960a1b7/internal%2Froute%2Fapi%2Fv1%2Frepo%2Fissue_comment.go,"['@@ -88,6 +88,17 @@', '@@ -112,6 +123,17 @@']"
gogs,gogs,e3bb4165dceb96b66053a067f9f3584302413a0e,internal/route/api/v1/repo/key.go,https://github.com/gogs/gogs/raw/1b226ca48dc8b3e95cc1c41229d72819c960a1b7/internal%2Froute%2Fapi%2Fv1%2Frepo%2Fkey.go,"['@@ -45,6 +45,11 @@', '@@ -94,7 +99,18 @@']"
gogs,gogs,e3bb4165dceb96b66053a067f9f3584302413a0e,internal/route/repo/issue.go,https://github.com/gogs/gogs/raw/1b226ca48dc8b3e95cc1c41229d72819c960a1b7/internal%2Froute%2Frepo%2Fissue.go,"['@@ -926,6 +926,17 @@', '@@ -959,6 +970,17 @@']"
lf-edge,eve,71a3c3d84d09a4454cd1e9874ebf8b00d9b56479,pkg/pillar/evetpm/tpm.go,https://github.com/lf-edge/eve/raw/d9383a7ee4e1c39f5c8c6d4a63cb2ebd00695e8a/pkg%2Fpillar%2Fevetpm%2Ftpm.go,[]
nats-io,nats-server,fb8283e98ecc821edb766b0b737ec7c754569441,server/websocket.go,https://github.com/nats-io/nats-server/raw/f77fb7c4535e6727cc1a2899cd8e6bbdd8ba2017/server%2Fwebsocket.go,"['@@ -398,7 +400,16 @@', '@@ -413,8 +424,15 @@']"
nats-io,nats-server,fb8283e98ecc821edb766b0b737ec7c754569441,server/websocket_test.go,https://github.com/nats-io/nats-server/raw/f77fb7c4535e6727cc1a2899cd8e6bbdd8ba2017/server%2Fwebsocket_test.go,"['@@ -4473,6 +4473,98 @@']"
traefik,traefik,256fcbed5e65e414a752f578701d90cef946b76a,pkg/server/router/tcp/postgres.go,https://github.com/traefik/traefik/raw/31e566e9f1d7888ccb6fbc18bfed427203c35678/pkg%2Fserver%2Frouter%2Ftcp%2Fpostgres.go,"['@@ -55,32 +56,39 @@']"
traefik,traefik,256fcbed5e65e414a752f578701d90cef946b76a,pkg/server/router/tcp/router.go,https://github.com/traefik/traefik/raw/31e566e9f1d7888ccb6fbc18bfed427203c35678/pkg%2Fserver%2Frouter%2Ftcp%2Frouter.go,"['@@ -126,11 +126,6 @@', '@@ -141,7 +136,9 @@']"
opencloud-eu,reva,324cb8cc2fa89454862059a79086f16dad0f1f78,internal/grpc/interceptors/auth/scope.go,https://github.com/opencloud-eu/reva/raw/95aa2bc5d980eaf6cc134d75782b4f5ac7b36ae1/internal%2Fgrpc%2Finterceptors%2Fauth%2Fscope.go,"['@@ -283,8 +284,11 @@']"
esm-dev,esm.sh,f80ff8c8d58749e77fa964abde468fc61f8bd89e,internal/fetch/fetch.go,https://github.com/esm-dev/esm.sh/raw/0593516c4cfab49ad3b4900416a8432ff2e23eb0/internal%2Ffetch%2Ffetch.go,"['@@ -17,18 +17,25 @@', '@@ -39,6 +46,11 @@']"
esm-dev,esm.sh,f80ff8c8d58749e77fa964abde468fc61f8bd89e,server/git.go,https://github.com/esm-dev/esm.sh/raw/0593516c4cfab49ad3b4900416a8432ff2e23eb0/server%2Fgit.go,[]
esm-dev,esm.sh,f80ff8c8d58749e77fa964abde468fc61f8bd89e,server/legacy_router.go,https://github.com/esm-dev/esm.sh/raw/0593516c4cfab49ad3b4900416a8432ff2e23eb0/server%2Flegacy_router.go,[]
esm-dev,esm.sh,f80ff8c8d58749e77fa964abde468fc61f8bd89e,server/npmrc.go,https://github.com/esm-dev/esm.sh/raw/0593516c4cfab49ad3b4900416a8432ff2e23eb0/server%2Fnpmrc.go,[]
esm-dev,esm.sh,f80ff8c8d58749e77fa964abde468fc61f8bd89e,server/router.go,https://github.com/esm-dev/esm.sh/raw/0593516c4cfab49ad3b4900416a8432ff2e23eb0/server%2Frouter.go,"['@@ -537,7 +537,9 @@', '@@ -725,7 +727,13 @@']"
esm-dev,esm.sh,f80ff8c8d58749e77fa964abde468fc61f8bd89e,server/server.go,https://github.com/esm-dev/esm.sh/raw/0593516c4cfab49ad3b4900416a8432ff2e23eb0/server%2Fserver.go,[]
esm-dev,esm.sh,f80ff8c8d58749e77fa964abde468fc61f8bd89e,server/transform.go,https://github.com/esm-dev/esm.sh/raw/0593516c4cfab49ad3b4900416a8432ff2e23eb0/server%2Ftransform.go,"['@@ -217,6 +217,12 @@']"
h44z,wg-portal,129cd0d4089f7220ca4ad7f468ee20a53c1600ca,internal/app/api/v0/handlers/endpoint_authentication.go,https://github.com/h44z/wg-portal/raw/e62db0d62ebabbec39c767b953b92fb4b4d08a81/internal%2Fapp%2Fapi%2Fv0%2Fhandlers%2Fendpoint_authentication.go,"['@@ -449,7 +448,17 @@']"
labstack,echo,09ccfbaace93a36bef8f494348d13d86dc327ea4,context.go,https://github.com/labstack/echo/raw/b1d443086ea27cf51345ec72a71e9b7e9d9ce5f1/context.go,[]
labstack,echo,09ccfbaace93a36bef8f494348d13d86dc327ea4,echo.go,https://github.com/labstack/echo/raw/b1d443086ea27cf51345ec72a71e9b7e9d9ce5f1/echo.go,"['@@ -785,14 +785,11 @@']"
labstack,echo,09ccfbaace93a36bef8f494348d13d86dc327ea4,group_test.go,https://github.com/labstack/echo/raw/b1d443086ea27cf51345ec72a71e9b7e9d9ce5f1/group_test.go,"['@@ -582,6 +583,22 @@', '@@ -618,6 +635,9 @@']"
labstack,echo,09ccfbaace93a36bef8f494348d13d86dc327ea4,middleware/static.go,https://github.com/labstack/echo/raw/b1d443086ea27cf51345ec72a71e9b7e9d9ce5f1/middleware%2Fstatic.go,"['@@ -157,7 +157,10 @@', '@@ -173,6 +176,19 @@', '@@ -209,9 +224,17 @@']"
labstack,echo,09ccfbaace93a36bef8f494348d13d86dc327ea4,middleware/static_other.go,https://github.com/labstack/echo/raw/b1d443086ea27cf51345ec72a71e9b7e9d9ce5f1/middleware%2Fstatic_other.go,"['@@ -1,15 +1,30 @@']"
labstack,echo,09ccfbaace93a36bef8f494348d13d86dc327ea4,middleware/static_test.go,https://github.com/labstack/echo/raw/b1d443086ea27cf51345ec72a71e9b7e9d9ce5f1/middleware%2Fstatic_test.go,"['@@ -21,9 +20,7 @@', '@@ -119,18 +117,6 @@', '@@ -152,46 +138,78 @@', '@@ -247,169 +266,15 @@']"
labstack,echo,09ccfbaace93a36bef8f494348d13d86dc327ea4,middleware/static_windows.go,https://github.com/labstack/echo/raw/09ccfbaace93a36bef8f494348d13d86dc327ea4/middleware%2Fstatic_windows.go,"['@@ -1,34 +0,0 @@']"
labstack,echo,09ccfbaace93a36bef8f494348d13d86dc327ea4,version.go,https://github.com/labstack/echo/raw/b1d443086ea27cf51345ec72a71e9b7e9d9ce5f1/version.go,[]
chainguard-dev,apko,22f7ae8fa3aad3185c43926275986d37e508c96e,pkg/apk/apk/path_traversal_test.go,https://github.com/chainguard-dev/apko/raw/d8b7887a968a527791b3c591ae83928cb49a9f14/pkg%2Fapk%2Fapk%2Fpath_traversal_test.go,"['@@ -0,0 +1,154 @@']"
chainguard-dev,apko,22f7ae8fa3aad3185c43926275986d37e508c96e,pkg/apk/fs/rwosfs.go,https://github.com/chainguard-dev/apko/raw/d8b7887a968a527791b3c591ae83928cb49a9f14/pkg%2Fapk%2Ffs%2Frwosfs.go,"['@@ -150,7 +151,11 @@', '@@ -291,14 +296,22 @@', '@@ -323,7 +336,11 @@', '@@ -354,7 +371,11 @@', '@@ -368,7 +389,11 @@', '@@ -380,7 +405,11 @@', '@@ -418,13 +447,21 @@', '@@ -436,7 +473,11 @@', '@@ -445,15 +486,22 @@', '@@ -465,7 +513,11 @@', '@@ -476,7 +528,11 @@', '@@ -487,7 +543,11 @@', '@@ -496,33 +556,52 @@', '@@ -548,17 +627,35 @@']"
chainguard-dev,apko,22f7ae8fa3aad3185c43926275986d37e508c96e,pkg/apk/fs/rwosfs_test.go,https://github.com/chainguard-dev/apko/raw/d8b7887a968a527791b3c591ae83928cb49a9f14/pkg%2Fapk%2Ffs%2Frwosfs_test.go,"['@@ -454,3 +454,101 @@']"
mattermost,mattermost,f1b1da27ea667eb72e29e24337122d2449594ea0,server/channels/api4/apitestlib.go,https://github.com/mattermost/mattermost/raw/cd17b61de41bf0a49b524bb91ce0bbe859e5a100/server%2Fchannels%2Fapi4%2Fapitestlib.go,[]
mattermost,mattermost,f1b1da27ea667eb72e29e24337122d2449594ea0,server/channels/api4/user_test.go,https://github.com/mattermost/mattermost/raw/cd17b61de41bf0a49b524bb91ce0bbe859e5a100/server%2Fchannels%2Fapi4%2Fuser_test.go,"['@@ -8233,40 +8233,118 @@']"
mattermost,mattermost,f1b1da27ea667eb72e29e24337122d2449594ea0,server/channels/app/user.go,https://github.com/mattermost/mattermost/raw/cd17b61de41bf0a49b524bb91ce0bbe859e5a100/server%2Fchannels%2Fapp%2Fuser.go,"['@@ -1380,9 +1380,11 @@']"
kata-containers,kata-containers,88203cbf8dee04f25bef22a2c53b0795f81cf8a5,src/runtime/virtcontainers/clh.go,https://github.com/kata-containers/kata-containers/raw/6a672503973bf7c687053e459bfff8a9652e16bf/src%2Fruntime%2Fvirtcontainers%2Fclh.go,"['@@ -332,6 +332,9 @@', '@@ -607,31 +610,19 @@']"
kata-containers,kata-containers,88203cbf8dee04f25bef22a2c53b0795f81cf8a5,src/runtime/virtcontainers/clh_test.go,https://github.com/kata-containers/kata-containers/raw/6a672503973bf7c687053e459bfff8a9652e16bf/src%2Fruntime%2Fvirtcontainers%2Fclh_test.go,[]
kata-containers,kata-containers,88203cbf8dee04f25bef22a2c53b0795f81cf8a5,src/runtime/virtcontainers/qemu_arch_base_test.go,https://github.com/kata-containers/kata-containers/raw/6a672503973bf7c687053e459bfff8a9652e16bf/src%2Fruntime%2Fvirtcontainers%2Fqemu_arch_base_test.go,"['@@ -332,6 +332,38 @@']"
kata-containers,kata-containers,88203cbf8dee04f25bef22a2c53b0795f81cf8a5,src/runtime/virtcontainers/qemu_arm64.go,https://github.com/kata-containers/kata-containers/raw/6a672503973bf7c687053e459bfff8a9652e16bf/src%2Fruntime%2Fvirtcontainers%2Fqemu_arm64.go,"['@@ -109,35 +109,6 @@']"
kata-containers,kata-containers,88203cbf8dee04f25bef22a2c53b0795f81cf8a5,src/runtime/virtcontainers/qemu_arm64_test.go,https://github.com/kata-containers/kata-containers/raw/6a672503973bf7c687053e459bfff8a9652e16bf/src%2Fruntime%2Fvirtcontainers%2Fqemu_arm64_test.go,"['@@ -130,39 +130,6 @@']"
filebrowser,filebrowser,2957b4605b58cc4ab49393bcab0d4f87fb587ec7,http/users.go,https://github.com/filebrowser/filebrowser/raw/ff2f00498cff151e2fb1f5f0b16963bf33c3d6d4/http%2Fusers.go,[]
jm33-m0,emp3r0r,27d46a4c273a084c9efb7865afeb459cf49b7f59,core/internal/agent/base/c2transport/connect_test.go,https://github.com/jm33-m0/emp3r0r/raw/ea4d074f081dac6293f3aec38f01def5f08d5af5/core%2Finternal%2Fagent%2Fbase%2Fc2transport%2Fconnect_test.go,"['@@ -335,11 +336,9 @@']"
jm33-m0,emp3r0r,27d46a4c273a084c9efb7865afeb459cf49b7f59,core/internal/agent/base/c2transport/file_transfer.go,https://github.com/jm33-m0/emp3r0r/raw/ea4d074f081dac6293f3aec38f01def5f08d5af5/core%2Finternal%2Fagent%2Fbase%2Fc2transport%2Ffile_transfer.go,[]
jm33-m0,emp3r0r,27d46a4c273a084c9efb7865afeb459cf49b7f59,core/internal/agent/base/c2transport/lifecycle_test.go,https://github.com/jm33-m0/emp3r0r/raw/ea4d074f081dac6293f3aec38f01def5f08d5af5/core%2Finternal%2Fagent%2Fbase%2Fc2transport%2Flifecycle_test.go,"['@@ -78,11 +79,9 @@', '@@ -300,10 +298,8 @@', '@@ -314,19 +310,17 @@']"
jm33-m0,emp3r0r,27d46a4c273a084c9efb7865afeb459cf49b7f59,core/internal/agent/handler/c2cmd_runners.go,https://github.com/jm33-m0/emp3r0r/raw/ea4d074f081dac6293f3aec38f01def5f08d5af5/core%2Finternal%2Fagent%2Fhandler%2Fc2cmd_runners.go,"['@@ -295,11 +293,13 @@']"
jm33-m0,emp3r0r,27d46a4c273a084c9efb7865afeb459cf49b7f59,core/internal/agent/modules/proxy.go,https://github.com/jm33-m0/emp3r0r/raw/ea4d074f081dac6293f3aec38f01def5f08d5af5/core%2Finternal%2Fagent%2Fmodules%2Fproxy.go,"['@@ -29,13 +29,8 @@', '@@ -137,9 +132,7 @@', '@@ -148,9 +141,7 @@']"
jm33-m0,emp3r0r,27d46a4c273a084c9efb7865afeb459cf49b7f59,core/internal/agent/modules/proxychain.go,https://github.com/jm33-m0/emp3r0r/raw/ea4d074f081dac6293f3aec38f01def5f08d5af5/core%2Finternal%2Fagent%2Fmodules%2Fproxychain.go,"['@@ -23,10 +23,7 @@']"
jm33-m0,emp3r0r,27d46a4c273a084c9efb7865afeb459cf49b7f59,core/internal/agent/modules/ssh_harvester_amd64_linux.go,https://github.com/jm33-m0/emp3r0r/raw/ea4d074f081dac6293f3aec38f01def5f08d5af5/core%2Finternal%2Fagent%2Fmodules%2Fssh_harvester_amd64_linux.go,"['@@ -69,11 +68,9 @@', '@@ -95,9 +92,7 @@']"
jm33-m0,emp3r0r,27d46a4c273a084c9efb7865afeb459cf49b7f59,core/internal/cc/base/agents/disconnect.go,https://github.com/jm33-m0/emp3r0r/raw/ea4d074f081dac6293f3aec38f01def5f08d5af5/core%2Finternal%2Fcc%2Fbase%2Fagents%2Fdisconnect.go,"['@@ -1,6 +1,8 @@', '@@ -9,19 +11,22 @@']"
jm33-m0,emp3r0r,27d46a4c273a084c9efb7865afeb459cf49b7f59,core/internal/cc/base/agents/label.go,https://github.com/jm33-m0/emp3r0r/raw/ea4d074f081dac6293f3aec38f01def5f08d5af5/core%2Finternal%2Fcc%2Fbase%2Fagents%2Flabel.go,"['@@ -29,18 +29,15 @@', '@@ -121,7 +119,9 @@']"
jm33-m0,emp3r0r,27d46a4c273a084c9efb7865afeb459cf49b7f59,core/internal/cc/base/agents/mgr.go,https://github.com/jm33-m0/emp3r0r/raw/ea4d074f081dac6293f3aec38f01def5f08d5af5/core%2Finternal%2Fcc%2Fbase%2Fagents%2Fmgr.go,"['@@ -167,52 +169,45 @@']"
jm33-m0,emp3r0r,27d46a4c273a084c9efb7865afeb459cf49b7f59,core/internal/cc/base/ftp/file_transfer.go,https://github.com/jm33-m0/emp3r0r/raw/ea4d074f081dac6293f3aec38f01def5f08d5af5/core%2Finternal%2Fcc%2Fbase%2Fftp%2Ffile_transfer.go,"['@@ -191,9 +191,7 @@']"
jm33-m0,emp3r0r,27d46a4c273a084c9efb7865afeb459cf49b7f59,core/internal/cc/base/ftp/file_transfer_interface.go,https://github.com/jm33-m0/emp3r0r/raw/ea4d074f081dac6293f3aec38f01def5f08d5af5/core%2Finternal%2Fcc%2Fbase%2Fftp%2Ffile_transfer_interface.go,[]
jm33-m0,emp3r0r,27d46a4c273a084c9efb7865afeb459cf49b7f59,core/internal/cc/base/ftp/handler_ftp.go,https://github.com/jm33-m0/emp3r0r/raw/ea4d074f081dac6293f3aec38f01def5f08d5af5/core%2Finternal%2Fcc%2Fbase%2Fftp%2Fhandler_ftp.go,"['@@ -85,12 +85,14 @@', '@@ -154,9 +156,7 @@']"
jm33-m0,emp3r0r,27d46a4c273a084c9efb7865afeb459cf49b7f59,core/internal/cc/base/network/handler_portfwd.go,https://github.com/jm33-m0/emp3r0r/raw/ea4d074f081dac6293f3aec38f01def5f08d5af5/core%2Finternal%2Fcc%2Fbase%2Fnetwork%2Fhandler_portfwd.go,"['@@ -124,13 +127,11 @@']"
jm33-m0,emp3r0r,27d46a4c273a084c9efb7865afeb459cf49b7f59,core/internal/cc/base/network/portfwd_session.go,https://github.com/jm33-m0/emp3r0r/raw/ea4d074f081dac6293f3aec38f01def5f08d5af5/core%2Finternal%2Fcc%2Fbase%2Fnetwork%2Fportfwd_session.go,"['@@ -55,9 +55,7 @@', '@@ -224,9 +222,7 @@', '@@ -251,9 +247,7 @@']"
jm33-m0,emp3r0r,27d46a4c273a084c9efb7865afeb459cf49b7f59,core/internal/cc/base/network/server.go,https://github.com/jm33-m0/emp3r0r/raw/ea4d074f081dac6293f3aec38f01def5f08d5af5/core%2Finternal%2Fcc%2Fbase%2Fnetwork%2Fserver.go,"['@@ -19,12 +19,9 @@']"
jm33-m0,emp3r0r,27d46a4c273a084c9efb7865afeb459cf49b7f59,core/internal/cc/base/relay/server.go,https://github.com/jm33-m0/emp3r0r/raw/ea4d074f081dac6293f3aec38f01def5f08d5af5/core%2Finternal%2Fcc%2Fbase%2Frelay%2Fserver.go,"['@@ -49,11 +49,19 @@']"
jm33-m0,emp3r0r,27d46a4c273a084c9efb7865afeb459cf49b7f59,core/internal/cc/controllers/command.go,https://github.com/jm33-m0/emp3r0r/raw/ea4d074f081dac6293f3aec38f01def5f08d5af5/core%2Finternal%2Fcc%2Fcontrollers%2Fcommand.go,"['@@ -30,9 +30,7 @@']"
jm33-m0,emp3r0r,27d46a4c273a084c9efb7865afeb459cf49b7f59,core/internal/cc/controllers/portfwd.go,https://github.com/jm33-m0/emp3r0r/raw/ea4d074f081dac6293f3aec38f01def5f08d5af5/core%2Finternal%2Fcc%2Fcontrollers%2Fportfwd.go,"['@@ -26,30 +25,46 @@', '@@ -130,25 +145,18 @@']"
jm33-m0,emp3r0r,27d46a4c273a084c9efb7865afeb459cf49b7f59,core/internal/cc/controllers/response_processor.go,https://github.com/jm33-m0/emp3r0r/raw/ea4d074f081dac6293f3aec38f01def5f08d5af5/core%2Finternal%2Fcc%2Fcontrollers%2Fresponse_processor.go,"['@@ -85,11 +85,8 @@']"
jm33-m0,emp3r0r,27d46a4c273a084c9efb7865afeb459cf49b7f59,core/internal/cc/jobs/manager.go,https://github.com/jm33-m0/emp3r0r/raw/ea4d074f081dac6293f3aec38f01def5f08d5af5/core%2Finternal%2Fcc%2Fjobs%2Fmanager.go,"['@@ -15,9 +15,7 @@']"
jm33-m0,emp3r0r,27d46a4c273a084c9efb7865afeb459cf49b7f59,core/internal/cc/modules/modportfwd.go,https://github.com/jm33-m0/emp3r0r/raw/ea4d074f081dac6293f3aec38f01def5f08d5af5/core%2Finternal%2Fcc%2Fmodules%2Fmodportfwd.go,"['@@ -52,20 +52,22 @@', '@@ -74,12 +76,17 @@']"
jm33-m0,emp3r0r,27d46a4c273a084c9efb7865afeb459cf49b7f59,core/internal/cc/modules/modshell.go,https://github.com/jm33-m0/emp3r0r/raw/ea4d074f081dac6293f3aec38f01def5f08d5af5/core%2Finternal%2Fcc%2Fmodules%2Fmodshell.go,"['@@ -1,14 +1,16 @@']"
jm33-m0,emp3r0r,27d46a4c273a084c9efb7865afeb459cf49b7f59,core/internal/cc/modules/portfwd_data.go,https://github.com/jm33-m0/emp3r0r/raw/ea4d074f081dac6293f3aec38f01def5f08d5af5/core%2Finternal%2Fcc%2Fmodules%2Fportfwd_data.go,[]
jm33-m0,emp3r0r,27d46a4c273a084c9efb7865afeb459cf49b7f59,core/internal/cc/modules/ssh.go,https://github.com/jm33-m0/emp3r0r/raw/ea4d074f081dac6293f3aec38f01def5f08d5af5/core%2Finternal%2Fcc%2Fmodules%2Fssh.go,"['@@ -49,12 +50,16 @@', '@@ -77,24 +82,34 @@', '@@ -177,11 +192,16 @@']"
jm33-m0,emp3r0r,27d46a4c273a084c9efb7865afeb459cf49b7f59,core/internal/cc/operator/completer.go,https://github.com/jm33-m0/emp3r0r/raw/ea4d074f081dac6293f3aec38f01def5f08d5af5/core%2Finternal%2Fcc%2Foperator%2Fcompleter.go,[]
jm33-m0,emp3r0r,27d46a4c273a084c9efb7865afeb459cf49b7f59,core/internal/cc/operator/connection_test.go,https://github.com/jm33-m0/emp3r0r/raw/ea4d074f081dac6293f3aec38f01def5f08d5af5/core%2Finternal%2Fcc%2Foperator%2Fconnection_test.go,"['@@ -104,16 +104,13 @@']"
jm33-m0,emp3r0r,27d46a4c273a084c9efb7865afeb459cf49b7f59,core/internal/cc/server/dispatcher.go,https://github.com/jm33-m0/emp3r0r/raw/ea4d074f081dac6293f3aec38f01def5f08d5af5/core%2Finternal%2Fcc%2Fserver%2Fdispatcher.go,"['@@ -19,6 +19,12 @@', '@@ -133,6 +139,12 @@']"
jm33-m0,emp3r0r,27d46a4c273a084c9efb7865afeb459cf49b7f59,core/internal/cc/server/handler_checkin.go,https://github.com/jm33-m0/emp3r0r/raw/ea4d074f081dac6293f3aec38f01def5f08d5af5/core%2Finternal%2Fcc%2Fserver%2Fhandler_checkin.go,"['@@ -114,21 +112,16 @@', '@@ -141,20 +134,14 @@', '@@ -225,14 +211,11 @@', '@@ -243,7 +226,9 @@']"
jm33-m0,emp3r0r,27d46a4c273a084c9efb7865afeb459cf49b7f59,core/internal/cc/server/handler_messagetun.go,https://github.com/jm33-m0/emp3r0r/raw/ea4d074f081dac6293f3aec38f01def5f08d5af5/core%2Finternal%2Fcc%2Fserver%2Fhandler_messagetun.go,"['@@ -116,16 +117,19 @@']"
jm33-m0,emp3r0r,27d46a4c273a084c9efb7865afeb459cf49b7f59,core/internal/cc/server/handler_messagetun_helper.go,https://github.com/jm33-m0/emp3r0r/raw/ea4d074f081dac6293f3aec38f01def5f08d5af5/core%2Finternal%2Fcc%2Fserver%2Fhandler_messagetun_helper.go,"['@@ -72,20 +72,18 @@']"
jm33-m0,emp3r0r,27d46a4c273a084c9efb7865afeb459cf49b7f59,core/internal/cc/server/operator.go,https://github.com/jm33-m0/emp3r0r/raw/ea4d074f081dac6293f3aec38f01def5f08d5af5/core%2Finternal%2Fcc%2Fserver%2Foperator.go,"['@@ -44,6 +45,12 @@', '@@ -61,6 +68,12 @@', '@@ -90,6 +103,12 @@', '@@ -100,6 +119,12 @@', '@@ -204,15 +229,20 @@', '@@ -221,30 +251,39 @@', '@@ -278,6 +317,11 @@', '@@ -286,7 +330,11 @@', '@@ -309,23 +357,27 @@']"
jm33-m0,emp3r0r,27d46a4c273a084c9efb7865afeb459cf49b7f59,core/internal/cc/server/tls_server.go,https://github.com/jm33-m0/emp3r0r/raw/ea4d074f081dac6293f3aec38f01def5f08d5af5/core%2Finternal%2Fcc%2Fserver%2Ftls_server.go,"['@@ -41,9 +41,14 @@']"
jm33-m0,emp3r0r,27d46a4c273a084c9efb7865afeb459cf49b7f59,core/internal/live/agent.go,https://github.com/jm33-m0/emp3r0r/raw/ea4d074f081dac6293f3aec38f01def5f08d5af5/core%2Finternal%2Flive%2Fagent.go,"['@@ -28,13 +27,11 @@']"
jm33-m0,emp3r0r,27d46a4c273a084c9efb7865afeb459cf49b7f59,core/internal/transport/sshproxy.go,https://github.com/jm33-m0/emp3r0r/raw/ea4d074f081dac6293f3aec38f01def5f08d5af5/core%2Finternal%2Ftransport%2Fsshproxy.go,"['@@ -60,12 +60,10 @@', '@@ -143,23 +140,10 @@']"
jm33-m0,emp3r0r,27d46a4c273a084c9efb7865afeb459cf49b7f59,core/modules/shellcode_stager/test/e2e_test.go,https://github.com/jm33-m0/emp3r0r/raw/ea4d074f081dac6293f3aec38f01def5f08d5af5/core%2Fmodules%2Fshellcode_stager%2Ftest%2Fe2e_test.go,"['@@ -529,12 +532,10 @@']"
lf-edge,eve,db4f69ba1b50830237bde6ef46455d83636726b2,pkg/pillar/evetpm/tpm.go,https://github.com/lf-edge/eve/raw/aa3501d6c57206ced222c33aea15a9169d629141/pkg%2Fpillar%2Fevetpm%2Ftpm.go,[]
lf-edge,eve,2a062f759f49bc38b4783c9d944f7c8b0ebc64ad,pkg/pillar/cmd/vaultmgr/vaultmgr.go,https://github.com/lf-edge/eve/raw/c0c966dc31e2ed9aafc155e6be646adb14756c01/pkg%2Fpillar%2Fcmd%2Fvaultmgr%2Fvaultmgr.go,"['@@ -89,6 +90,8 @@', '@@ -264,6 +267,18 @@', '@@ -296,7 +311,14 @@', '@@ -598,6 +620,27 @@', '@@ -630,6 +673,33 @@', '@@ -667,6 +737,10 @@']"
lf-edge,eve,2a062f759f49bc38b4783c9d944f7c8b0ebc64ad,pkg/pillar/types/vaultmgrtypes.go,https://github.com/lf-edge/eve/raw/c0c966dc31e2ed9aafc155e6be646adb14756c01/pkg%2Fpillar%2Ftypes%2Fvaultmgrtypes.go,"['@@ -20,6 +20,16 @@']"
fleetdm,fleet,89a3651ca652a710792237e694014f278afc075b,cmd/fleetctl/fleetctl/gitops_test.go,https://github.com/fleetdm/fleet/raw/23fc6804efe785f806f769d6be1f5f05b2e13ec2/cmd%2Ffleetctl%2Ffleetctl%2Fgitops_test.go,[]
fleetdm,fleet,89a3651ca652a710792237e694014f278afc075b,ee/server/calendar/google_calendar.go,https://github.com/fleetdm/fleet/raw/23fc6804efe785f806f769d6be1f5f05b2e13ec2/ee%2Fserver%2Fcalendar%2Fgoogle_calendar.go,[]
fleetdm,fleet,89a3651ca652a710792237e694014f278afc075b,ee/server/calendar/google_calendar_integration_test.go,https://github.com/fleetdm/fleet/raw/23fc6804efe785f806f769d6be1f5f05b2e13ec2/ee%2Fserver%2Fcalendar%2Fgoogle_calendar_integration_test.go,[]
fleetdm,fleet,89a3651ca652a710792237e694014f278afc075b,ee/server/calendar/google_calendar_test.go,https://github.com/fleetdm/fleet/raw/23fc6804efe785f806f769d6be1f5f05b2e13ec2/ee%2Fserver%2Fcalendar%2Fgoogle_calendar_test.go,[]
fleetdm,fleet,89a3651ca652a710792237e694014f278afc075b,server/cron/calendar_cron_test.go,https://github.com/fleetdm/fleet/raw/23fc6804efe785f806f769d6be1f5f05b2e13ec2/server%2Fcron%2Fcalendar_cron_test.go,[]
fleetdm,fleet,89a3651ca652a710792237e694014f278afc075b,server/datastore/mysql/migrations/tables/20250904091745_AddCertificateAuthoritiesTable_test.go,https://github.com/fleetdm/fleet/raw/23fc6804efe785f806f769d6be1f5f05b2e13ec2/server%2Fdatastore%2Fmysql%2Fmigrations%2Ftables%2F20250904091745_AddCertificateAuthoritiesTable_test.go,[]
fleetdm,fleet,89a3651ca652a710792237e694014f278afc075b,server/datastore/mysql/statistics.go,https://github.com/fleetdm/fleet/raw/23fc6804efe785f806f769d6be1f5f05b2e13ec2/server%2Fdatastore%2Fmysql%2Fstatistics.go,[]
fleetdm,fleet,89a3651ca652a710792237e694014f278afc075b,server/fleet/app.go,https://github.com/fleetdm/fleet/raw/23fc6804efe785f806f769d6be1f5f05b2e13ec2/server%2Ffleet%2Fapp.go,"['@@ -685,6 +685,9 @@', '@@ -771,8 +774,10 @@']"
fleetdm,fleet,89a3651ca652a710792237e694014f278afc075b,server/fleet/app_test.go,https://github.com/fleetdm/fleet/raw/23fc6804efe785f806f769d6be1f5f05b2e13ec2/server%2Ffleet%2Fapp_test.go,"['@@ -447,3 +448,104 @@']"
fleetdm,fleet,89a3651ca652a710792237e694014f278afc075b,server/fleet/integrations.go,https://github.com/fleetdm/fleet/raw/23fc6804efe785f806f769d6be1f5f05b2e13ec2/server%2Ffleet%2Fintegrations.go,"['@@ -388,9 +389,78 @@']"
fleetdm,fleet,89a3651ca652a710792237e694014f278afc075b,server/service/appconfig.go,https://github.com/fleetdm/fleet/raw/23fc6804efe785f806f769d6be1f5f05b2e13ec2/server%2Fservice%2Fappconfig.go,"['@@ -396,6 +396,24 @@']"
fleetdm,fleet,89a3651ca652a710792237e694014f278afc075b,server/service/appconfig_test.go,https://github.com/fleetdm/fleet/raw/23fc6804efe785f806f769d6be1f5f05b2e13ec2/server%2Fservice%2Fappconfig_test.go,"['@@ -532,7 +532,19 @@', '@@ -1622,3 +1634,308 @@']"
fleetdm,fleet,89a3651ca652a710792237e694014f278afc075b,server/service/integration_core_test.go,https://github.com/fleetdm/fleet/raw/23fc6804efe785f806f769d6be1f5f05b2e13ec2/server%2Fservice%2Fintegration_core_test.go,[]
fleetdm,fleet,89a3651ca652a710792237e694014f278afc075b,server/service/integration_enterprise_test.go,https://github.com/fleetdm/fleet/raw/23fc6804efe785f806f769d6be1f5f05b2e13ec2/server%2Fservice%2Fintegration_enterprise_test.go,[]
gogs,gogs,d568e048315dc9729c8518d8085cab7dbbfac80f,internal/route/api/v1/api.go,https://github.com/gogs/gogs/raw/961a79e8f9f2b3190ea804bcf635e4b43b123272/internal%2Froute%2Fapi%2Fv1%2Fapi.go,"['@@ -158,6 +158,16 @@']"
OpenListTeam,OpenList,7b78fed106382430c69ef351d43f5d09928fff14,internal/bootstrap/config.go,https://github.com/OpenListTeam/OpenList/raw/e3c664f81d0584fbbdb86ffe6644be16259371c1/internal%2Fbootstrap%2Fconfig.go,[]
OpenListTeam,OpenList,7b78fed106382430c69ef351d43f5d09928fff14,internal/bootstrap/patch/all.go,https://github.com/OpenListTeam/OpenList/raw/e3c664f81d0584fbbdb86ffe6644be16259371c1/internal%2Fbootstrap%2Fpatch%2Fall.go,[]
OpenListTeam,OpenList,7b78fed106382430c69ef351d43f5d09928fff14,internal/bootstrap/patch/v4_1_9/skip_tls.go,https://github.com/OpenListTeam/OpenList/raw/e3c664f81d0584fbbdb86ffe6644be16259371c1/internal%2Fbootstrap%2Fpatch%2Fv4_1_9%2Fskip_tls.go,"['@@ -0,0 +1,32 @@']"
OpenListTeam,OpenList,7b78fed106382430c69ef351d43f5d09928fff14,internal/conf/config.go,https://github.com/OpenListTeam/OpenList/raw/e3c664f81d0584fbbdb86ffe6644be16259371c1/internal%2Fconf%2Fconfig.go,[]
OpenListTeam,OpenList,7b78fed106382430c69ef351d43f5d09928fff14,internal/conf/var.go,https://github.com/OpenListTeam/OpenList/raw/e3c664f81d0584fbbdb86ffe6644be16259371c1/internal%2Fconf%2Fvar.go,[]
chainguard-dev,apko,aa60fcaa4ad0ee1ce73fc2de6bacf4eb363de473,internal/cli/build-cpio.go,https://github.com/chainguard-dev/apko/raw/2be3903fe194ad46351840f0569b35f5ac965f09/internal%2Fcli%2Fbuild-cpio.go,[]
chainguard-dev,apko,aa60fcaa4ad0ee1ce73fc2de6bacf4eb363de473,internal/cli/build-minirootfs.go,https://github.com/chainguard-dev/apko/raw/2be3903fe194ad46351840f0569b35f5ac965f09/internal%2Fcli%2Fbuild-minirootfs.go,[]
chainguard-dev,apko,aa60fcaa4ad0ee1ce73fc2de6bacf4eb363de473,internal/cli/build.go,https://github.com/chainguard-dev/apko/raw/2be3903fe194ad46351840f0569b35f5ac965f09/internal%2Fcli%2Fbuild.go,[]
chainguard-dev,apko,aa60fcaa4ad0ee1ce73fc2de6bacf4eb363de473,internal/cli/flags.go,https://github.com/chainguard-dev/apko/raw/2be3903fe194ad46351840f0569b35f5ac965f09/internal%2Fcli%2Fflags.go,"['@@ -0,0 +1,35 @@']"
chainguard-dev,apko,aa60fcaa4ad0ee1ce73fc2de6bacf4eb363de473,pkg/apk/apk/apkindex.go,https://github.com/chainguard-dev/apko/raw/2be3903fe194ad46351840f0569b35f5ac965f09/pkg%2Fapk%2Fapk%2Fapkindex.go,"['@@ -14,11 +14,17 @@', '@@ -197,15 +203,39 @@']"
chainguard-dev,apko,aa60fcaa4ad0ee1ce73fc2de6bacf4eb363de473,pkg/apk/apk/implementation.go,https://github.com/chainguard-dev/apko/raw/2be3903fe194ad46351840f0569b35f5ac965f09/pkg%2Fapk%2Fapk%2Fimplementation.go,"['@@ -53,6 +53,11 @@', '@@ -74,6 +80,14 @@', '@@ -87,17 +101,33 @@']"
chainguard-dev,apko,aa60fcaa4ad0ee1ce73fc2de6bacf4eb363de473,pkg/apk/apk/index.go,https://github.com/chainguard-dev/apko/raw/2be3903fe194ad46351840f0569b35f5ac965f09/pkg%2Fapk%2Fapk%2Findex.go,"['@@ -457,7 +457,11 @@', '@@ -497,6 +502,12 @@']"
chainguard-dev,apko,aa60fcaa4ad0ee1ce73fc2de6bacf4eb363de473,pkg/apk/apk/limited_transport.go,https://github.com/chainguard-dev/apko/raw/2be3903fe194ad46351840f0569b35f5ac965f09/pkg%2Fapk%2Fapk%2Flimited_transport.go,"['@@ -0,0 +1,63 @@']"
chainguard-dev,apko,aa60fcaa4ad0ee1ce73fc2de6bacf4eb363de473,pkg/apk/apk/options.go,https://github.com/chainguard-dev/apko/raw/2be3903fe194ad46351840f0569b35f5ac965f09/pkg%2Fapk%2Fapk%2Foptions.go,"['@@ -38,6 +38,15 @@', '@@ -154,6 +163,14 @@']"
chainguard-dev,apko,aa60fcaa4ad0ee1ce73fc2de6bacf4eb363de473,pkg/apk/apk/package_getter.go,https://github.com/chainguard-dev/apko/raw/2be3903fe194ad46351840f0569b35f5ac965f09/pkg%2Fapk%2Fapk%2Fpackage_getter.go,"['@@ -54,18 +54,41 @@', '@@ -135,7 +158,14 @@']"
chainguard-dev,apko,aa60fcaa4ad0ee1ce73fc2de6bacf4eb363de473,pkg/apk/apk/repo.go,https://github.com/chainguard-dev/apko/raw/2be3903fe194ad46351840f0569b35f5ac965f09/pkg%2Fapk%2Fapk%2Frepo.go,"['@@ -182,11 +182,15 @@']"
chainguard-dev,apko,aa60fcaa4ad0ee1ce73fc2de6bacf4eb363de473,pkg/apk/expandapk/expandapk.go,https://github.com/chainguard-dev/apko/raw/2be3903fe194ad46351840f0569b35f5ac965f09/pkg%2Fapk%2Fexpandapk%2Fexpandapk.go,"['@@ -102,6 +103,9 @@', '@@ -145,7 +149,12 @@', '@@ -185,7 +194,14 @@', '@@ -422,6 +438,19 @@', '@@ -489,7 +518,9 @@', '@@ -561,6 +592,8 @@']"
chainguard-dev,apko,aa60fcaa4ad0ee1ce73fc2de6bacf4eb363de473,pkg/apk/expandapk/expandapk_test.go,https://github.com/chainguard-dev/apko/raw/2be3903fe194ad46351840f0569b35f5ac965f09/pkg%2Fapk%2Fexpandapk%2Fexpandapk_test.go,"['@@ -17,12 +17,19 @@', '@@ -126,3 +133,315 @@']"
chainguard-dev,apko,aa60fcaa4ad0ee1ce73fc2de6bacf4eb363de473,pkg/apk/expandapk/options.go,https://github.com/chainguard-dev/apko/raw/2be3903fe194ad46351840f0569b35f5ac965f09/pkg%2Fapk%2Fexpandapk%2Foptions.go,"['@@ -0,0 +1,59 @@']"
chainguard-dev,apko,aa60fcaa4ad0ee1ce73fc2de6bacf4eb363de473,pkg/apk/expandapk/split.go,https://github.com/chainguard-dev/apko/raw/2be3903fe194ad46351840f0569b35f5ac965f09/pkg%2Fapk%2Fexpandapk%2Fsplit.go,"['@@ -9,6 +9,8 @@', '@@ -22,6 +24,23 @@']"
chainguard-dev,apko,aa60fcaa4ad0ee1ce73fc2de6bacf4eb363de473,pkg/build/build.go,https://github.com/chainguard-dev/apko/raw/2be3903fe194ad46351840f0569b35f5ac965f09/pkg%2Fbuild%2Fbuild.go,"['@@ -282,6 +282,12 @@']"
chainguard-dev,apko,aa60fcaa4ad0ee1ce73fc2de6bacf4eb363de473,pkg/build/options.go,https://github.com/chainguard-dev/apko/raw/2be3903fe194ad46351840f0569b35f5ac965f09/pkg%2Fbuild%2Foptions.go,"['@@ -257,3 +258,11 @@']"
chainguard-dev,apko,aa60fcaa4ad0ee1ce73fc2de6bacf4eb363de473,pkg/cpio/layer.go,https://github.com/chainguard-dev/apko/raw/2be3903fe194ad46351840f0569b35f5ac965f09/pkg%2Fcpio%2Flayer.go,"['@@ -24,13 +24,15 @@']"
chainguard-dev,apko,aa60fcaa4ad0ee1ce73fc2de6bacf4eb363de473,pkg/limitio/limitio.go,https://github.com/chainguard-dev/apko/raw/2be3903fe194ad46351840f0569b35f5ac965f09/pkg%2Flimitio%2Flimitio.go,"['@@ -0,0 +1,81 @@']"
chainguard-dev,apko,aa60fcaa4ad0ee1ce73fc2de6bacf4eb363de473,pkg/options/options.go,https://github.com/chainguard-dev/apko/raw/2be3903fe194ad46351840f0569b35f5ac965f09/pkg%2Foptions%2Foptions.go,"['@@ -28,6 +28,31 @@']"
openkruise,kruise,0e6f0d27320ac6f11d11b35b72b9dcd55f42d1c0,pkg/webhook/podprobemarker/validating/probe_create_update_handler.go,https://github.com/openkruise/kruise/raw/94364b76adf3e8a1749a31afe809a163bed29613/pkg%2Fwebhook%2Fpodprobemarker%2Fvalidating%2Fprobe_create_update_handler.go,"['@@ -241,7 +241,14 @@', '@@ -251,6 +258,10 @@']"
openkruise,kruise,0e6f0d27320ac6f11d11b35b72b9dcd55f42d1c0,pkg/webhook/podprobemarker/validating/probe_validating_test.go,https://github.com/openkruise/kruise/raw/94364b76adf3e8a1749a31afe809a163bed29613/pkg%2Fwebhook%2Fpodprobemarker%2Fvalidating%2Fprobe_validating_test.go,"['@@ -225,6 +225,24 @@', '@@ -246,11 +264,9 @@', '@@ -264,11 +280,9 @@', '@@ -287,15 +300,13 @@', '@@ -447,6 +458,16 @@', '@@ -552,6 +573,16 @@']"
go-vikunja,vikunja,9fd5b62fde06a1b8ef7ff118465c58e71ebf70f7,pkg/modules/dump/restore.go,https://github.com/go-vikunja/vikunja/raw/1b3d8dc59cb5f2b759ab0ad2bc9915b993e3cb73/pkg%2Fmodules%2Fdump%2Frestore.go,"['@@ -48,6 +48,19 @@', '@@ -166,6 +180,28 @@']"
chainguard-dev,malcontent,86e0d5444070eae954bf42f12a6c613d4ad445e5,pkg/action/archive_test.go,https://github.com/chainguard-dev/malcontent/raw/356c56659ccfcad0b249a97de8cf71f151ed3ee9/pkg%2Faction%2Farchive_test.go,"['@@ -4,7 +4,9 @@', '@@ -592,6 +594,114 @@']"
chainguard-dev,malcontent,86e0d5444070eae954bf42f12a6c613d4ad445e5,pkg/archive/archive.go,https://github.com/chainguard-dev/malcontent/raw/356c56659ccfcad0b249a97de8cf71f151ed3ee9/pkg%2Farchive%2Farchive.go,"['@@ -194,13 +194,17 @@']"
gogs,gogs,e3bb4165dceb96b66053a067f9f3584302413a0e,internal/route/api/v1/repo/issue_comment.go,https://github.com/gogs/gogs/raw/643a6d6353cb6a182a4e1f0720228727f30a3ad2/internal%2Froute%2Fapi%2Fv1%2Frepo%2Fissue_comment.go,"['@@ -88,6 +88,17 @@', '@@ -112,6 +123,17 @@']"
gogs,gogs,e3bb4165dceb96b66053a067f9f3584302413a0e,internal/route/api/v1/repo/key.go,https://github.com/gogs/gogs/raw/643a6d6353cb6a182a4e1f0720228727f30a3ad2/internal%2Froute%2Fapi%2Fv1%2Frepo%2Fkey.go,"['@@ -45,6 +45,11 @@', '@@ -94,7 +99,18 @@']"
gogs,gogs,e3bb4165dceb96b66053a067f9f3584302413a0e,internal/route/repo/issue.go,https://github.com/gogs/gogs/raw/643a6d6353cb6a182a4e1f0720228727f30a3ad2/internal%2Froute%2Frepo%2Fissue.go,"['@@ -926,6 +926,17 @@', '@@ -959,6 +970,17 @@']"
mattermost,mattermost-plugin-zoom,794cbf8fb49c06f2d2900b5814b916bb541fe171,server/http.go,https://github.com/mattermost/mattermost-plugin-zoom/raw/a8b58c43625ab25746e451acc4f71515d52c8122/server%2Fhttp.go,"['@@ -121,6 +121,28 @@']"
anchore,quill,80cf3fe082678af0ec4f9f8dd93f39189d2dc1fe,internal/utils/indent.go,https://github.com/anchore/quill/raw/9cdb0823ea1d2c45dcc11557f8c5cd7291c75d29/internal%2Futils%2Findent.go,[]
anchore,quill,80cf3fe082678af0ec4f9f8dd93f39189d2dc1fe,internal/utils/io.go,https://github.com/anchore/quill/raw/9cdb0823ea1d2c45dcc11557f8c5cd7291c75d29/internal%2Futils%2Fio.go,"['@@ -0,0 +1,19 @@']"
anchore,quill,80cf3fe082678af0ec4f9f8dd93f39189d2dc1fe,internal/utils/io_test.go,https://github.com/anchore/quill/raw/9cdb0823ea1d2c45dcc11557f8c5cd7291c75d29/internal%2Futils%2Fio_test.go,"['@@ -0,0 +1,91 @@']"
anchore,quill,80cf3fe082678af0ec4f9f8dd93f39189d2dc1fe,quill/notary/api_client.go,https://github.com/anchore/quill/raw/9cdb0823ea1d2c45dcc11557f8c5cd7291c75d29/quill%2Fnotary%2Fapi_client.go,"['@@ -22,6 +21,12 @@', '@@ -171,16 +177,28 @@']"
anchore,quill,80cf3fe082678af0ec4f9f8dd93f39189d2dc1fe,quill/notary/api_client_test.go,https://github.com/anchore/quill/raw/9cdb0823ea1d2c45dcc11557f8c5cd7291c75d29/quill%2Fnotary%2Fapi_client_test.go,"['@@ -195,3 +196,151 @@']"
anchore,quill,80cf3fe082678af0ec4f9f8dd93f39189d2dc1fe,quill/pki/apple/internal/generate/main.go,https://github.com/anchore/quill/raw/9cdb0823ea1d2c45dcc11557f8c5cd7291c75d29/quill%2Fpki%2Fapple%2Finternal%2Fgenerate%2Fmain.go,"['@@ -15,11 +15,13 @@']"
anchore,quill,80cf3fe082678af0ec4f9f8dd93f39189d2dc1fe,quill/pki/load/bytes.go,https://github.com/anchore/quill/raw/9cdb0823ea1d2c45dcc11557f8c5cd7291c75d29/quill%2Fpki%2Fload%2Fbytes.go,"['@@ -3,13 +3,15 @@']"
mattermost,mattermost,777867dc361a3abb33e280b33ad373c683cd2bc9,server/channels/api4/post.go,https://github.com/mattermost/mattermost/raw/9efe617be8b8f1d036e12721e8e73b69a543ed34/server%2Fchannels%2Fapi4%2Fpost.go,"['@@ -1010,6 +1010,10 @@']"
mattermost,mattermost,777867dc361a3abb33e280b33ad373c683cd2bc9,server/channels/api4/post_test.go,https://github.com/mattermost/mattermost/raw/9efe617be8b8f1d036e12721e8e73b69a543ed34/server%2Fchannels%2Fapi4%2Fpost_test.go,"['@@ -1552,6 +1552,53 @@']"
mattermost,mattermost,777867dc361a3abb33e280b33ad373c683cd2bc9,server/channels/app/post.go,https://github.com/mattermost/mattermost/raw/9efe617be8b8f1d036e12721e8e73b69a543ed34/server%2Fchannels%2Fapp%2Fpost.go,"['@@ -849,6 +849,8 @@']"
mattermost,mattermost,777867dc361a3abb33e280b33ad373c683cd2bc9,server/channels/app/post_test.go,https://github.com/mattermost/mattermost/raw/9efe617be8b8f1d036e12721e8e73b69a543ed34/server%2Fchannels%2Fapp%2Fpost_test.go,"['@@ -1952,6 +1952,60 @@']"
anchore,quill,e41d66a517c2dc20ad8e9fbccffbdc6ba5ef0020,quill/macho/file.go,https://github.com/anchore/quill/raw/80cf3fe082678af0ec4f9f8dd93f39189d2dc1fe/quill%2Fmacho%2Ffile.go,"['@@ -24,6 +25,45 @@', '@@ -32,19 +72,22 @@', '@@ -108,6 +152,47 @@', '@@ -244,6 +330,17 @@', '@@ -319,6 +416,11 @@', '@@ -337,122 +439,116 @@']"
anchore,quill,e41d66a517c2dc20ad8e9fbccffbdc6ba5ef0020,quill/macho/file_test.go,https://github.com/anchore/quill/raw/80cf3fe082678af0ec4f9f8dd93f39189d2dc1fe/quill%2Fmacho%2Ffile_test.go,"['@@ -2,7 +2,10 @@', '@@ -356,3 +359,336 @@']"
OliveTin,OliveTin,24e8b48dc9406afec953c8c0c303795dea69c850,service/internal/executor/executor.go,https://github.com/OliveTin/OliveTin/raw/2f77000de44f65690f257e3cf8e2c8462b0e74c7/service%2Finternal%2Fexecutor%2Fexecutor.go,"['@@ -30,6 +31,14 @@']"
filebrowser,filebrowser,148b3c59422401ff00f255ae3044282d7a42192b,http/tus_handlers.go,https://github.com/filebrowser/filebrowser/raw/7ed1425115be602c2b23236c410098ea2d74b42f/http%2Ftus_handlers.go,[]
shi-gg,linkdave,ac37037c6f1be2641108459d6f2aedff74e68aa6,cmd/linkdave/main.go,https://github.com/shi-gg/linkdave/raw/0f9a00d9d549b16278db81fce6dfec350c2abc01/cmd%2Flinkdave%2Fmain.go,"['@@ -19,7 +19,10 @@']"
shi-gg,linkdave,ac37037c6f1be2641108459d6f2aedff74e68aa6,server/server/routes.go,https://github.com/shi-gg/linkdave/raw/0f9a00d9d549b16278db81fce6dfec350c2abc01/server%2Fserver%2Froutes.go,"['@@ -31,6 +31,11 @@']"
shi-gg,linkdave,ac37037c6f1be2641108459d6f2aedff74e68aa6,server/server/websocket.go,https://github.com/shi-gg/linkdave/raw/0f9a00d9d549b16278db81fce6dfec350c2abc01/server%2Fserver%2Fwebsocket.go,"['@@ -33,15 +33,17 @@', '@@ -140,6 +142,11 @@']"
lxc,incus-os,90bfedea4ce8ab87f443686e235150d6e06ab9cf,incus-osd/cmd/incus-osd/main.go,https://github.com/lxc/incus-os/raw/e3b35f230d23443d27752eac27ebb2b22c957b75/incus-osd%2Fcmd%2Fincus-osd%2Fmain.go,"['@@ -423,6 +423,62 @@']"
lxc,incus-os,90bfedea4ce8ab87f443686e235150d6e06ab9cf,incus-osd/cmd/incusos-initrd-utils/main.go,https://github.com/lxc/incus-os/raw/e3b35f230d23443d27752eac27ebb2b22c957b75/incus-osd%2Fcmd%2Fincusos-initrd-utils%2Fmain.go,"['@@ -30,6 +30,8 @@', '@@ -109,3 +111,25 @@']"
lxc,incus-os,90bfedea4ce8ab87f443686e235150d6e06ab9cf,incus-osd/internal/install/install.go,https://github.com/lxc/incus-os/raw/e3b35f230d23443d27752eac27ebb2b22c957b75/incus-osd%2Finternal%2Finstall%2Finstall.go,"['@@ -167,8 +167,12 @@']"
lxc,incus-os,90bfedea4ce8ab87f443686e235150d6e06ab9cf,incus-osd/internal/secureboot/efi_vars.go,https://github.com/lxc/incus-os/raw/e3b35f230d23443d27752eac27ebb2b22c957b75/incus-osd%2Finternal%2Fsecureboot%2Fefi_vars.go,"['@@ -469,6 +469,10 @@']"
lxc,incus-os,90bfedea4ce8ab87f443686e235150d6e06ab9cf,incus-osd/internal/secureboot/event_log.go,https://github.com/lxc/incus-os/raw/e3b35f230d23443d27752eac27ebb2b22c957b75/incus-osd%2Finternal%2Fsecureboot%2Fevent_log.go,[]
lxc,incus-os,90bfedea4ce8ab87f443686e235150d6e06ab9cf,incus-osd/internal/secureboot/pcrs.go,https://github.com/lxc/incus-os/raw/e3b35f230d23443d27752eac27ebb2b22c957b75/incus-osd%2Finternal%2Fsecureboot%2Fpcrs.go,[]
lxc,incus-os,90bfedea4ce8ab87f443686e235150d6e06ab9cf,incus-osd/internal/secureboot/secureboot.go,https://github.com/lxc/incus-os/raw/e3b35f230d23443d27752eac27ebb2b22c957b75/incus-osd%2Finternal%2Fsecureboot%2Fsecureboot.go,"['@@ -96,9 +96,11 @@', '@@ -192,8 +194,10 @@']"
lxc,incus-os,90bfedea4ce8ab87f443686e235150d6e06ab9cf,incus-osd/internal/storage/luks.go,https://github.com/lxc/incus-os/raw/e3b35f230d23443d27752eac27ebb2b22c957b75/incus-osd%2Finternal%2Fstorage%2Fluks.go,"['@@ -3,18 +3,27 @@', '@@ -148,6 +157,33 @@']"
lxc,incus-os,90bfedea4ce8ab87f443686e235150d6e06ab9cf,incus-osd/internal/systemd/cryptenroll.go,https://github.com/lxc/incus-os/raw/e3b35f230d23443d27752eac27ebb2b22c957b75/incus-osd%2Finternal%2Fsystemd%2Fcryptenroll.go,"['@@ -207,7 +207,17 @@', '@@ -220,10 +230,7 @@']"
mattermost,mattermost,7201f42d955f1bc44719b862132546626b60a180,server/channels/app/user_agent.go,https://github.com/mattermost/mattermost/raw/1346cf529aef0672c39a56ec10d1b8a9c8fb387d/server%2Fchannels%2Fapp%2Fuser_agent.go,"['@@ -107,28 +107,23 @@']"
mattermost,mattermost,7201f42d955f1bc44719b862132546626b60a180,server/channels/app/user_agent_test.go,https://github.com/mattermost/mattermost/raw/1346cf529aef0672c39a56ec10d1b8a9c8fb387d/server%2Fchannels%2Fapp%2Fuser_agent_test.go,"['@@ -4,212 +4,313 @@']"
cloudnativelabs,kube-router,06cff2e498078277a602741df254d214163903f5,pkg/cmd/kube-router.go,https://github.com/cloudnativelabs/kube-router/raw/a1f0b2eea3ee0f66b9a5b5c49dcb714619ccd456/pkg%2Fcmd%2Fkube-router.go,"['@@ -182,9 +183,22 @@']"
cloudnativelabs,kube-router,06cff2e498078277a602741df254d214163903f5,pkg/controllers/lballoc/lballoc.go,https://github.com/cloudnativelabs/kube-router/raw/a1f0b2eea3ee0f66b9a5b5c49dcb714619ccd456/pkg%2Fcontrollers%2Flballoc%2Flballoc.go,"['@@ -10,6 +10,8 @@', '@@ -143,12 +145,7 @@', '@@ -471,31 +468,11 @@']"
cloudnativelabs,kube-router,06cff2e498078277a602741df254d214163903f5,pkg/controllers/lballoc/lballoc_test.go,https://github.com/cloudnativelabs/kube-router/raw/a1f0b2eea3ee0f66b9a5b5c49dcb714619ccd456/pkg%2Fcontrollers%2Flballoc%2Flballoc_test.go,"['@@ -695,23 +696,41 @@']"
cloudnativelabs,kube-router,06cff2e498078277a602741df254d214163903f5,pkg/controllers/netpol/ipset_fixture_test.go,https://github.com/cloudnativelabs/kube-router/raw/a1f0b2eea3ee0f66b9a5b5c49dcb714619ccd456/pkg%2Fcontrollers%2Fnetpol%2Fipset_fixture_test.go,"['@@ -59,6 +60,15 @@']"
cloudnativelabs,kube-router,06cff2e498078277a602741df254d214163903f5,pkg/controllers/netpol/network_policy_controller.go,https://github.com/cloudnativelabs/kube-router/raw/a1f0b2eea3ee0f66b9a5b5c49dcb714619ccd456/pkg%2Fcontrollers%2Fnetpol%2Fnetwork_policy_controller.go,"['@@ -64,17 +65,15 @@', '@@ -472,22 +471,18 @@', '@@ -531,56 +526,40 @@', '@@ -905,90 +884,44 @@']"
cloudnativelabs,kube-router,06cff2e498078277a602741df254d214163903f5,pkg/controllers/netpol/network_policy_controller_test.go,https://github.com/cloudnativelabs/kube-router/raw/a1f0b2eea3ee0f66b9a5b5c49dcb714619ccd456/pkg%2Fcontrollers%2Fnetpol%2Fnetwork_policy_controller_test.go,"['@@ -1006,13 +1007,31 @@']"
cloudnativelabs,kube-router,06cff2e498078277a602741df254d214163903f5,pkg/controllers/proxy/linux_networking_moq.go,https://github.com/cloudnativelabs/kube-router/raw/a1f0b2eea3ee0f66b9a5b5c49dcb714619ccd456/pkg%2Fcontrollers%2Fproxy%2Flinux_networking_moq.go,[]
cloudnativelabs,kube-router,06cff2e498078277a602741df254d214163903f5,pkg/controllers/proxy/network_services_controller.go,https://github.com/cloudnativelabs/kube-router/raw/a1f0b2eea3ee0f66b9a5b5c49dcb714619ccd456/pkg%2Fcontrollers%2Fproxy%2Fnetwork_services_controller.go,"['@@ -907,12 +909,20 @@', '@@ -2069,6 +2079,8 @@']"
cloudnativelabs,kube-router,06cff2e498078277a602741df254d214163903f5,pkg/controllers/proxy/network_services_controller_test.go,https://github.com/cloudnativelabs/kube-router/raw/a1f0b2eea3ee0f66b9a5b5c49dcb714619ccd456/pkg%2Fcontrollers%2Fproxy%2Fnetwork_services_controller_test.go,"['@@ -1905,3 +1906,185 @@']"
cloudnativelabs,kube-router,06cff2e498078277a602741df254d214163903f5,pkg/controllers/proxy/service_endpoints_sync.go,https://github.com/cloudnativelabs/kube-router/raw/a1f0b2eea3ee0f66b9a5b5c49dcb714619ccd456/pkg%2Fcontrollers%2Fproxy%2Fservice_endpoints_sync.go,"['@@ -771,15 +771,7 @@']"
cloudnativelabs,kube-router,06cff2e498078277a602741df254d214163903f5,pkg/controllers/routing/ecmp_vip.go,https://github.com/cloudnativelabs/kube-router/raw/a1f0b2eea3ee0f66b9a5b5c49dcb714619ccd456/pkg%2Fcontrollers%2Frouting%2Fecmp_vip.go,"['@@ -329,6 +329,9 @@', '@@ -344,6 +347,9 @@']"
cloudnativelabs,kube-router,06cff2e498078277a602741df254d214163903f5,pkg/controllers/routing/ecmp_vip_test.go,https://github.com/cloudnativelabs/kube-router/raw/a1f0b2eea3ee0f66b9a5b5c49dcb714619ccd456/pkg%2Fcontrollers%2Frouting%2Fecmp_vip_test.go,"['@@ -1071,3 +1072,219 @@']"
cloudnativelabs,kube-router,06cff2e498078277a602741df254d214163903f5,pkg/controllers/routing/network_routes_controller.go,https://github.com/cloudnativelabs/kube-router/raw/a1f0b2eea3ee0f66b9a5b5c49dcb714619ccd456/pkg%2Fcontrollers%2Frouting%2Fnetwork_routes_controller.go,[]
cloudnativelabs,kube-router,06cff2e498078277a602741df254d214163903f5,pkg/options/options.go,https://github.com/cloudnativelabs/kube-router/raw/a1f0b2eea3ee0f66b9a5b5c49dcb714619ccd456/pkg%2Foptions%2Foptions.go,"['@@ -192,7 +193,9 @@', '@@ -251,9 +254,15 @@']"
cloudnativelabs,kube-router,06cff2e498078277a602741df254d214163903f5,pkg/svcip/validator.go,https://github.com/cloudnativelabs/kube-router/raw/a1f0b2eea3ee0f66b9a5b5c49dcb714619ccd456/pkg%2Fsvcip%2Fvalidator.go,"['@@ -0,0 +1,278 @@']"
cloudnativelabs,kube-router,06cff2e498078277a602741df254d214163903f5,pkg/svcip/validator_test.go,https://github.com/cloudnativelabs/kube-router/raw/a1f0b2eea3ee0f66b9a5b5c49dcb714619ccd456/pkg%2Fsvcip%2Fvalidator_test.go,"['@@ -0,0 +1,482 @@']"
cloudnativelabs,kube-router,06cff2e498078277a602741df254d214163903f5,pkg/utils/ip.go,https://github.com/cloudnativelabs/kube-router/raw/a1f0b2eea3ee0f66b9a5b5c49dcb714619ccd456/pkg%2Futils%2Fip.go,"['@@ -97,6 +97,16 @@']"
cloudnativelabs,kube-router,06cff2e498078277a602741df254d214163903f5,pkg/utils/ip_test.go,https://github.com/cloudnativelabs/kube-router/raw/a1f0b2eea3ee0f66b9a5b5c49dcb714619ccd456/pkg%2Futils%2Fip_test.go,"['@@ -342,3 +342,80 @@']"
cloudnativelabs,kube-router,06cff2e498078277a602741df254d214163903f5,pkg/utils/iptables_moq.go,https://github.com/cloudnativelabs/kube-router/raw/a1f0b2eea3ee0f66b9a5b5c49dcb714619ccd456/pkg%2Futils%2Fiptables_moq.go,[]
cloudnativelabs,kube-router,06cff2e498078277a602741df254d214163903f5,pkg/version/version.go,https://github.com/cloudnativelabs/kube-router/raw/a1f0b2eea3ee0f66b9a5b5c49dcb714619ccd456/pkg%2Fversion%2Fversion.go,"['@@ -28,6 +28,15 @@']"
OliveTin,OliveTin,235493e471249b07cf20abdf5850f9ba38d8effa,service/internal/api/api.go,https://github.com/OliveTin/OliveTin/raw/cb46a597b2465235839ed58cf034b5e7b70ef911/service%2Finternal%2Fapi%2Fapi.go,"['@@ -1271,8 +1271,6 @@', '@@ -1289,12 +1287,21 @@']"
ctfer-io,fullchain,4cfc13e8165d0ad8ea5e880c022399944f035021,services/parts/namespace.go,https://github.com/ctfer-io/fullchain/raw/dbcb90178bcb07a3f5a1efa4c6350f3a6ce34f51/services%2Fparts%2Fnamespace.go,"['@@ -170,43 +169,6 @@']"
nuclio,nuclio,ef2f7a7f51e97bf9133dd199a047861e2de807f5,pkg/processor/runtime/shell/runtime.go,https://github.com/nuclio/nuclio/raw/5352d7e16cf92f4350a2f8d806c4b80b626b5c5a/pkg%2Fprocessor%2Fruntime%2Fshell%2Fruntime.go,"['@@ -203,8 +203,10 @@', '@@ -293,6 +295,10 @@']"
nuclio,nuclio,ef2f7a7f51e97bf9133dd199a047861e2de807f5,pkg/processor/runtime/shell/runtime_test.go,https://github.com/nuclio/nuclio/raw/5352d7e16cf92f4350a2f8d806c4b80b626b5c5a/pkg%2Fprocessor%2Fruntime%2Fshell%2Fruntime_test.go,"['@@ -19,13 +19,15 @@', '@@ -44,6 +46,33 @@', '@@ -135,3 +164,148 @@']"
nuclio,nuclio,ef2f7a7f51e97bf9133dd199a047861e2de807f5,pkg/processor/runtime/shell/test/shell_test.go,https://github.com/nuclio/nuclio/raw/5352d7e16cf92f4350a2f8d806c4b80b626b5c5a/pkg%2Fprocessor%2Fruntime%2Fshell%2Ftest%2Fshell_test.go,"['@@ -123,6 +123,88 @@']"
canonical,lxd,80098cd5519955388a55ea742c581bc0356ada85,lxd/certificates.go,https://github.com/canonical/lxd/raw/d936c90d47cf0be1e9757df897f769e9887ebde1/lxd%2Fcertificates.go,"['@@ -173,6 +173,8 @@', '@@ -183,13 +185,7 @@']"
OliveTin,OliveTin,235493e471249b07cf20abdf5850f9ba38d8effa,service/internal/api/api.go,https://github.com/OliveTin/OliveTin/raw/d6a0abc3755d43107be1939567c52953bcbec3d5/service%2Finternal%2Fapi%2Fapi.go,"['@@ -392,6 +392,8 @@']"
OliveTin,OliveTin,235493e471249b07cf20abdf5850f9ba38d8effa,service/internal/auth/otoauth2/restapi_auth_oauth2.go,https://github.com/OliveTin/OliveTin/raw/d6a0abc3755d43107be1939567c52953bcbec3d5/service%2Finternal%2Fauth%2Fotoauth2%2Frestapi_auth_oauth2.go,"['@@ -391,6 +391,12 @@']"
OliveTin,OliveTin,235493e471249b07cf20abdf5850f9ba38d8effa,service/internal/auth/sessions.go,https://github.com/OliveTin/OliveTin/raw/d6a0abc3755d43107be1939567c52953bcbec3d5/service%2Finternal%2Fauth%2Fsessions.go,"['@@ -58,6 +59,38 @@']"
OliveTin,OliveTin,235493e471249b07cf20abdf5850f9ba38d8effa,service/internal/httpservers/frontend.go,https://github.com/OliveTin/OliveTin/raw/d6a0abc3755d43107be1939567c52953bcbec3d5/service%2Finternal%2Fhttpservers%2Ffrontend.go,[]
gogs,gogs,400ae7bd28eb80c824022d0d81929f5d8304ecad,internal/conf/conf.go,https://github.com/gogs/gogs/raw/81ee8836445ac888d99da8b652be7d5cbc5c4d5c/internal%2Fconf%2Fconf.go,[]
gogs,gogs,400ae7bd28eb80c824022d0d81929f5d8304ecad,internal/conf/static.go,https://github.com/gogs/gogs/raw/81ee8836445ac888d99da8b652be7d5cbc5c4d5c/internal%2Fconf%2Fstatic.go,[]
gogs,gogs,400ae7bd28eb80c824022d0d81929f5d8304ecad,internal/database/repo.go,https://github.com/gogs/gogs/raw/81ee8836445ac888d99da8b652be7d5cbc5c4d5c/internal%2Fdatabase%2Frepo.go,[]
gogs,gogs,400ae7bd28eb80c824022d0d81929f5d8304ecad,internal/lfsutil/storage.go,https://github.com/gogs/gogs/raw/81ee8836445ac888d99da8b652be7d5cbc5c4d5c/internal%2Flfsutil%2Fstorage.go,"['@@ -1,6 +1,8 @@', '@@ -10,7 +12,10 @@', '@@ -39,6 +44,8 @@', '@@ -58,29 +65,50 @@']"
gogs,gogs,400ae7bd28eb80c824022d0d81929f5d8304ecad,internal/lfsutil/storage_test.go,https://github.com/gogs/gogs/raw/81ee8836445ac888d99da8b652be7d5cbc5c4d5c/internal%2Flfsutil%2Fstorage_test.go,"['@@ -10,6 +10,9 @@', '@@ -46,50 +49,54 @@']"
gogs,gogs,400ae7bd28eb80c824022d0d81929f5d8304ecad,internal/route/lfs/basic.go,https://github.com/gogs/gogs/raw/81ee8836445ac888d99da8b652be7d5cbc5c4d5c/internal%2Froute%2Flfs%2Fbasic.go,[]
gogs,gogs,400ae7bd28eb80c824022d0d81929f5d8304ecad,internal/route/lfs/route.go,https://github.com/gogs/gogs/raw/81ee8836445ac888d99da8b652be7d5cbc5c4d5c/internal%2Froute%2Flfs%2Froute.go,[]
ctfer-io,monitoring,5404a11863b32b14ee5c62d1215352ab519d4edb,pkg/extract/extract.go,https://github.com/ctfer-io/monitoring/raw/269dba165aa42210352628c0db6756f3b8fd3c8a/pkg%2Fextract%2Fextract.go,[]
OliveTin,OliveTin,aa2bd95ccb8f00a1c97ebcb0a03e8d49867ffde6,service/internal/auth/otoauth2/restapi_auth_oauth2.go,https://github.com/OliveTin/OliveTin/raw/f044d90d5525c4c8e3f421b32ed7eff771c22d36/service%2Finternal%2Fauth%2Fotoauth2%2Frestapi_auth_oauth2.go,"['@@ -144,11 +146,13 @@', '@@ -177,7 +181,9 @@', '@@ -287,8 +293,10 @@', '@@ -366,34 +374,36 @@']"
OliveTin,OliveTin,ac0852aad42c9254809c4ead220df881d9960f6e,service/internal/executor/arguments.go,https://github.com/OliveTin/OliveTin/raw/bc5e9fbe1e22ff87a4b277cb56605a46a10e561a/service%2Finternal%2Fexecutor%2Farguments.go,"['@@ -250,13 +250,10 @@']"
argoproj,argo-workflows,534f4ff1cbd86908e8ff76d97d553ad5a49a950d,server/clusterworkflowtemplate/cluster_workflow_template_server.go,https://github.com/argoproj/argo-workflows/raw/34afaf9c0c36f1ba8645d483ea4752cfc4a391e8/server%2Fclusterworkflowtemplate%2Fcluster_workflow_template_server.go,"['@@ -52,6 +53,13 @@']"
argoproj,argo-workflows,534f4ff1cbd86908e8ff76d97d553ad5a49a950d,server/clusterworkflowtemplate/cluster_workflow_template_server_test.go,https://github.com/argoproj/argo-workflows/raw/34afaf9c0c36f1ba8645d483ea4752cfc4a391e8/server%2Fclusterworkflowtemplate%2Fcluster_workflow_template_server_test.go,"['@@ -7,7 +7,10 @@', '@@ -153,6 +156,11 @@', '@@ -207,6 +215,25 @@']"
argoproj,argo-workflows,534f4ff1cbd86908e8ff76d97d553ad5a49a950d,server/workflowtemplate/workflow_template_server.go,https://github.com/argoproj/argo-workflows/raw/34afaf9c0c36f1ba8645d483ea4752cfc4a391e8/server%2Fworkflowtemplate%2Fworkflow_template_server.go,"['@@ -58,6 +59,13 @@']"
argoproj,argo-workflows,534f4ff1cbd86908e8ff76d97d553ad5a49a950d,server/workflowtemplate/workflow_template_server_test.go,https://github.com/argoproj/argo-workflows/raw/34afaf9c0c36f1ba8645d483ea4752cfc4a391e8/server%2Fworkflowtemplate%2Fworkflow_template_server_test.go,"['@@ -9,8 +9,11 @@', '@@ -174,6 +177,11 @@', '@@ -229,6 +237,30 @@']"
OliveTin,OliveTin,235493e471249b07cf20abdf5850f9ba38d8effa,service/internal/api/api.go,https://github.com/OliveTin/OliveTin/raw/bb14c5da3e64b03f207c7f38139eb60e97c278fc/service%2Finternal%2Fapi%2Fapi.go,"['@@ -205,42 +206,58 @@', '@@ -255,12 +272,17 @@', '@@ -646,7 +667,16 @@', '@@ -747,6 +777,13 @@', '@@ -1267,28 +1304,26 @@']"
OliveTin,OliveTin,235493e471249b07cf20abdf5850f9ba38d8effa,service/internal/api/apiActions.go,https://github.com/OliveTin/OliveTin/raw/bb14c5da3e64b03f207c7f38139eb60e97c278fc/service%2Finternal%2Fapi%2FapiActions.go,"['@@ -117,26 +118,37 @@']"
OliveTin,OliveTin,235493e471249b07cf20abdf5850f9ba38d8effa,service/internal/api/dashboards.go,https://github.com/OliveTin/OliveTin/raw/bb14c5da3e64b03f207c7f38139eb60e97c278fc/service%2Finternal%2Fapi%2Fdashboards.go,"['@@ -139,6 +139,9 @@']"
gogs,gogs,ac21150a53bef3a3061f4da787ab193a8d68ecfc,internal/context/auth.go,https://github.com/gogs/gogs/raw/295bfba72993c372e7b338438947d8e1a6bed8fd/internal%2Fcontext%2Fauth.go,"['@@ -146,18 +146,12 @@']"
open-feature,flagd,4a828120def8dcfd5d58f5893db1170cc34890eb,core/pkg/service/iservice.go,https://github.com/open-feature/flagd/raw/25c5fd7e80c26eb2c00b20317b2456fe6f927ea3/core%2Fpkg%2Fservice%2Fiservice.go,"['@@ -36,6 +36,8 @@']"
open-feature,flagd,4a828120def8dcfd5d58f5893db1170cc34890eb,flagd/cmd/start.go,https://github.com/open-feature/flagd/raw/25c5fd7e80c26eb2c00b20317b2456fe6f927ea3/flagd%2Fcmd%2Fstart.go,"['@@ -40,6 +40,8 @@', '@@ -91,6 +93,8 @@', '@@ -117,6 +121,8 @@', '@@ -171,6 +177,16 @@', '@@ -193,6 +209,8 @@']"
open-feature,flagd,4a828120def8dcfd5d58f5893db1170cc34890eb,flagd/pkg/runtime/from_config.go,https://github.com/open-feature/flagd/raw/25c5fd7e80c26eb2c00b20317b2456fe6f927ea3/flagd%2Fpkg%2Fruntime%2Ffrom_config.go,"['@@ -46,6 +46,8 @@', '@@ -105,10 +107,12 @@', '@@ -165,6 +169,8 @@']"
open-feature,flagd,4a828120def8dcfd5d58f5893db1170cc34890eb,flagd/pkg/service/flag-evaluation/connect_service.go,https://github.com/open-feature/flagd/raw/25c5fd7e80c26eb2c00b20317b2456fe6f927ea3/flagd%2Fpkg%2Fservice%2Fflag-evaluation%2Fconnect_service.go,"['@@ -205,10 +205,16 @@']"
open-feature,flagd,4a828120def8dcfd5d58f5893db1170cc34890eb,flagd/pkg/service/flag-evaluation/connect_service_test.go,https://github.com/open-feature/flagd/raw/25c5fd7e80c26eb2c00b20317b2456fe6f927ea3/flagd%2Fpkg%2Fservice%2Fflag-evaluation%2Fconnect_service_test.go,"['@@ -1,11 +1,13 @@', '@@ -28,7 +30,9 @@', '@@ -156,17 +160,21 @@', '@@ -307,3 +315,79 @@']"
open-feature,flagd,4a828120def8dcfd5d58f5893db1170cc34890eb,flagd/pkg/service/flag-evaluation/ofrep/handler.go,https://github.com/open-feature/flagd/raw/25c5fd7e80c26eb2c00b20317b2456fe6f927ea3/flagd%2Fpkg%2Fservice%2Fflag-evaluation%2Fofrep%2Fhandler.go,"['@@ -152,11 +155,34 @@']"
open-feature,flagd,4a828120def8dcfd5d58f5893db1170cc34890eb,flagd/pkg/service/flag-evaluation/ofrep/ofrep_service.go,https://github.com/open-feature/flagd/raw/25c5fd7e80c26eb2c00b20317b2456fe6f927ea3/flagd%2Fpkg%2Fservice%2Fflag-evaluation%2Fofrep%2Fofrep_service.go,"['@@ -20,10 +20,12 @@', '@@ -40,19 +42,24 @@']"
open-feature,flagd,4a828120def8dcfd5d58f5893db1170cc34890eb,flagd/pkg/service/flag-evaluation/ofrep/ofrep_service_test.go,https://github.com/open-feature/flagd/raw/25c5fd7e80c26eb2c00b20317b2456fe6f927ea3/flagd%2Fpkg%2Fservice%2Fflag-evaluation%2Fofrep%2Fofrep_service_test.go,"['@@ -17,23 +18,28 @@', '@@ -69,6 +75,10 @@', '@@ -78,9 +88,90 @@']"
mattermost,mattermost,8ff88242a96410dce1346704a212ecc56ca0aef0,server/channels/app/post.go,https://github.com/mattermost/mattermost/raw/c6b205f0d77080ef805783de0628b9526af7faec/server%2Fchannels%2Fapp%2Fpost.go,"['@@ -2956,18 +2956,20 @@']"
mattermost,mattermost,8ff88242a96410dce1346704a212ecc56ca0aef0,server/channels/app/post_test.go,https://github.com/mattermost/mattermost/raw/c6b205f0d77080ef805783de0628b9526af7faec/server%2Fchannels%2Fapp%2Fpost_test.go,"['@@ -4475,6 +4476,56 @@']"
OliveTin,OliveTin,235493e471249b07cf20abdf5850f9ba38d8effa,service/internal/api/api.go,https://github.com/OliveTin/OliveTin/raw/d7962710e7c46f6bdda4188b5b0cdbde4be665a0/service%2Finternal%2Fapi%2Fapi.go,"['@@ -205,42 +206,58 @@', '@@ -255,12 +272,17 @@', '@@ -392,6 +413,8 @@', '@@ -434,19 +457,38 @@', '@@ -646,7 +688,16 @@', '@@ -747,6 +798,13 @@', '@@ -1271,30 +1329,37 @@']"
OliveTin,OliveTin,235493e471249b07cf20abdf5850f9ba38d8effa,service/internal/api/apiActions.go,https://github.com/OliveTin/OliveTin/raw/d7962710e7c46f6bdda4188b5b0cdbde4be665a0/service%2Finternal%2Fapi%2FapiActions.go,"['@@ -28,18 +28,22 @@', '@@ -117,26 +121,37 @@']"
OliveTin,OliveTin,235493e471249b07cf20abdf5850f9ba38d8effa,service/internal/api/api_test.go,https://github.com/OliveTin/OliveTin/raw/d7962710e7c46f6bdda4188b5b0cdbde4be665a0/service%2Finternal%2Fapi%2Fapi_test.go,"['@@ -335,3 +336,117 @@']"
OliveTin,OliveTin,235493e471249b07cf20abdf5850f9ba38d8effa,service/internal/api/dashboards.go,https://github.com/OliveTin/OliveTin/raw/d7962710e7c46f6bdda4188b5b0cdbde4be665a0/service%2Finternal%2Fapi%2Fdashboards.go,"['@@ -130,15 +131,22 @@']"
Romitou,INSATutorat,99e9db7a894792b61c8523ba8cb28e6a47956370,middlewares/admin.go,https://github.com/Romitou/INSATutorat/raw/15ae47425aed337181f7a6c54a9d199c93b041eb/middlewares%2Fadmin.go,"['@@ -12,17 +13,20 @@']"
dagu-org,dagu,064616c9b80c04824c1c7c357308f77f3f24d775,internal/service/frontend/server.go,https://github.com/dagu-org/dagu/raw/12c2e5395bd9331d49ca103593edfd0db39c4f38/internal%2Fservice%2Ffrontend%2Fserver.go,[]
drakkan,sftpgo,6cef669b8dc85736cf594f3f6e1e0708bf4bc338,internal/common/connection_test.go,https://github.com/drakkan/sftpgo/raw/2f092d128917e2c059520a2ce3e22c3b5ea7ffd6/internal%2Fcommon%2Fconnection_test.go,"['@@ -1189,3 +1189,348 @@']"
drakkan,sftpgo,6cef669b8dc85736cf594f3f6e1e0708bf4bc338,internal/common/protocol_test.go,https://github.com/drakkan/sftpgo/raw/2f092d128917e2c059520a2ce3e22c3b5ea7ffd6/internal%2Fcommon%2Fprotocol_test.go,[]
drakkan,sftpgo,6cef669b8dc85736cf594f3f6e1e0708bf4bc338,internal/ftpd/handler.go,https://github.com/drakkan/sftpgo/raw/2f092d128917e2c059520a2ce3e22c3b5ea7ffd6/internal%2Fftpd%2Fhandler.go,"['@@ -147,6 +150,8 @@', '@@ -279,20 +288,24 @@']"
drakkan,sftpgo,6cef669b8dc85736cf594f3f6e1e0708bf4bc338,internal/httpd/oidc_test.go,https://github.com/drakkan/sftpgo/raw/2f092d128917e2c059520a2ce3e22c3b5ea7ffd6/internal%2Fhttpd%2Foidc_test.go,[]
drakkan,sftpgo,6cef669b8dc85736cf594f3f6e1e0708bf4bc338,internal/sftpd/handler.go,https://github.com/drakkan/sftpgo/raw/2f092d128917e2c059520a2ce3e22c3b5ea7ffd6/internal%2Fsftpd%2Fhandler.go,"['@@ -596,3 +603,15 @@']"
drakkan,sftpgo,6cef669b8dc85736cf594f3f6e1e0708bf4bc338,internal/sftpd/internal_test.go,https://github.com/drakkan/sftpgo/raw/2f092d128917e2c059520a2ce3e22c3b5ea7ffd6/internal%2Fsftpd%2Finternal_test.go,[]
drakkan,sftpgo,6cef669b8dc85736cf594f3f6e1e0708bf4bc338,internal/sftpd/sftpd_test.go,https://github.com/drakkan/sftpgo/raw/2f092d128917e2c059520a2ce3e22c3b5ea7ffd6/internal%2Fsftpd%2Fsftpd_test.go,"['@@ -8584,18 +8584,12 @@']"
drakkan,sftpgo,6cef669b8dc85736cf594f3f6e1e0708bf4bc338,internal/util/util.go,https://github.com/drakkan/sftpgo/raw/2f092d128917e2c059520a2ce3e22c3b5ea7ffd6/internal%2Futil%2Futil.go,"['@@ -165,6 +165,12 @@']"
drakkan,sftpgo,6cef669b8dc85736cf594f3f6e1e0708bf4bc338,internal/vfs/azblobfs.go,https://github.com/drakkan/sftpgo/raw/2f092d128917e2c059520a2ce3e22c3b5ea7ffd6/internal%2Fvfs%2Fazblobfs.go,[]
drakkan,sftpgo,6cef669b8dc85736cf594f3f6e1e0708bf4bc338,internal/vfs/gcsfs.go,https://github.com/drakkan/sftpgo/raw/2f092d128917e2c059520a2ce3e22c3b5ea7ffd6/internal%2Fvfs%2Fgcsfs.go,[]
drakkan,sftpgo,6cef669b8dc85736cf594f3f6e1e0708bf4bc338,internal/vfs/httpfs.go,https://github.com/drakkan/sftpgo/raw/2f092d128917e2c059520a2ce3e22c3b5ea7ffd6/internal%2Fvfs%2Fhttpfs.go,[]
drakkan,sftpgo,6cef669b8dc85736cf594f3f6e1e0708bf4bc338,internal/vfs/osfs.go,https://github.com/drakkan/sftpgo/raw/2f092d128917e2c059520a2ce3e22c3b5ea7ffd6/internal%2Fvfs%2Fosfs.go,"['@@ -357,12 +357,16 @@', '@@ -378,13 +382,15 @@']"
drakkan,sftpgo,6cef669b8dc85736cf594f3f6e1e0708bf4bc338,internal/vfs/s3fs.go,https://github.com/drakkan/sftpgo/raw/2f092d128917e2c059520a2ce3e22c3b5ea7ffd6/internal%2Fvfs%2Fs3fs.go,[]
drakkan,sftpgo,6cef669b8dc85736cf594f3f6e1e0708bf4bc338,internal/vfs/sftpfs.go,https://github.com/drakkan/sftpgo/raw/2f092d128917e2c059520a2ce3e22c3b5ea7ffd6/internal%2Fvfs%2Fsftpfs.go,"['@@ -683,13 +683,23 @@']"
anchore,quill,899202c7eace3de7b3f4f7461bdfd1c4c38701db,internal/urlvalidate/validate.go,https://github.com/anchore/quill/raw/e41d66a517c2dc20ad8e9fbccffbdc6ba5ef0020/internal%2Furlvalidate%2Fvalidate.go,"['@@ -0,0 +1,158 @@']"
anchore,quill,899202c7eace3de7b3f4f7461bdfd1c4c38701db,internal/urlvalidate/validate_test.go,https://github.com/anchore/quill/raw/e41d66a517c2dc20ad8e9fbccffbdc6ba5ef0020/internal%2Furlvalidate%2Fvalidate_test.go,"['@@ -0,0 +1,320 @@']"
anchore,quill,899202c7eace3de7b3f4f7461bdfd1c4c38701db,quill/notary/api_client.go,https://github.com/anchore/quill/raw/e41d66a517c2dc20ad8e9fbccffbdc6ba5ef0020/quill%2Fnotary%2Fapi_client.go,"['@@ -19,6 +20,8 @@', '@@ -34,9 +37,19 @@', '@@ -67,6 +80,9 @@', '@@ -142,8 +158,10 @@', '@@ -195,6 +213,33 @@']"
anchore,quill,899202c7eace3de7b3f4f7461bdfd1c4c38701db,quill/notary/api_client_test.go,https://github.com/anchore/quill/raw/e41d66a517c2dc20ad8e9fbccffbdc6ba5ef0020/quill%2Fnotary%2Fapi_client_test.go,"['@@ -11,6 +11,11 @@', '@@ -116,11 +123,75 @@']"
anchore,quill,899202c7eace3de7b3f4f7461bdfd1c4c38701db,quill/notary/http_client.go,https://github.com/anchore/quill/raw/e41d66a517c2dc20ad8e9fbccffbdc6ba5ef0020/quill%2Fnotary%2Fhttp_client.go,"['@@ -8,26 +8,65 @@', '@@ -48,7 +87,17 @@']"
anchore,quill,899202c7eace3de7b3f4f7461bdfd1c4c38701db,quill/notary/http_client_test.go,https://github.com/anchore/quill/raw/e41d66a517c2dc20ad8e9fbccffbdc6ba5ef0020/quill%2Fnotary%2Fhttp_client_test.go,"['@@ -9,20 +9,34 @@', '@@ -31,10 +45,100 @@']"
anchore,quill,899202c7eace3de7b3f4f7461bdfd1c4c38701db,quill/pki/apple/internal/generate/main.go,https://github.com/anchore/quill/raw/e41d66a517c2dc20ad8e9fbccffbdc6ba5ef0020/quill%2Fpki%2Fapple%2Finternal%2Fgenerate%2Fmain.go,"['@@ -10,8 +10,11 @@', '@@ -24,6 +27,27 @@', '@@ -85,12 +109,21 @@']"
mattermost,mattermost,fbe5ad0ea28429685f223e03ddb23107b92fb020,server/channels/app/integration_action.go,https://github.com/mattermost/mattermost/raw/fe3052073dc67e3c920baf9fe7efd44ac1d8124c/server%2Fchannels%2Fapp%2Fintegration_action.go,[]
mattermost,mattermost,fbe5ad0ea28429685f223e03ddb23107b92fb020,server/channels/app/integration_action_test.go,https://github.com/mattermost/mattermost/raw/fe3052073dc67e3c920baf9fe7efd44ac1d8124c/server%2Fchannels%2Fapp%2Fintegration_action_test.go,"['@@ -173,6 +173,118 @@']"
chainguard-forks,kaniko,263fa1e4ab8b8639406798415bf404c77abea592,pkg/util/fs_util.go,https://github.com/chainguard-forks/kaniko/raw/a370e4b1f66e6e842b685c8f70ed507964c4b221/pkg%2Futil%2Ffs_util.go,"['@@ -189,12 +190,22 @@', '@@ -300,7 +311,20 @@', '@@ -388,13 +412,30 @@']"
chainguard-forks,kaniko,263fa1e4ab8b8639406798415bf404c77abea592,pkg/util/fs_util_test.go,https://github.com/chainguard-forks/kaniko/raw/a370e4b1f66e6e842b685c8f70ed507964c4b221/pkg%2Futil%2Ffs_util_test.go,"['@@ -820,6 +820,262 @@']"
steveiliop56,tinyauth,f1e869a92045cb24a93cc07be8e2253f649e0961,internal/controller/oidc_controller.go,https://github.com/steveiliop56/tinyauth/raw/b2a1bfb1f532e87f205fa3afa3fc9f148c53ab89/internal%2Fcontroller%2Foidc_controller.go,"['@@ -286,6 +286,13 @@']"
steveiliop56,tinyauth,f1e869a92045cb24a93cc07be8e2253f649e0961,internal/controller/proxy_controller.go,https://github.com/steveiliop56/tinyauth/raw/b2a1bfb1f532e87f205fa3afa3fc9f148c53ab89/internal%2Fcontroller%2Fproxy_controller.go,"['@@ -185,11 +185,6 @@']"
steveiliop56,tinyauth,f1e869a92045cb24a93cc07be8e2253f649e0961,internal/controller/proxy_controller_test.go,https://github.com/steveiliop56/tinyauth/raw/b2a1bfb1f532e87f205fa3afa3fc9f148c53ab89/internal%2Fcontroller%2Fproxy_controller_test.go,"['@@ -59,6 +59,11 @@', '@@ -79,9 +84,11 @@', '@@ -144,21 +151,6 @@', '@@ -177,44 +169,15 @@']"
steveiliop56,tinyauth,f1e869a92045cb24a93cc07be8e2253f649e0961,internal/middleware/context_middleware.go,https://github.com/steveiliop56/tinyauth/raw/b2a1bfb1f532e87f205fa3afa3fc9f148c53ab89/internal%2Fmiddleware%2Fcontext_middleware.go,"['@@ -182,13 +182,17 @@']"
steveiliop56,tinyauth,f1e869a92045cb24a93cc07be8e2253f649e0961,internal/service/oidc_service.go,https://github.com/steveiliop56/tinyauth/raw/b2a1bfb1f532e87f205fa3afa3fc9f148c53ab89/internal%2Fservice%2Foidc_service.go,"['@@ -374,6 +374,10 @@']"
mattermost,mattermost,346bc3f561f80a6b02687c3bb5eb68040e423770,server/channels/api4/team.go,https://github.com/mattermost/mattermost/raw/cc427af41b2a8d3a552d8dc42978831dcfecc1d8/server%2Fchannels%2Fapi4%2Fteam.go,"['@@ -127,6 +127,12 @@']"
mattermost,mattermost,346bc3f561f80a6b02687c3bb5eb68040e423770,server/channels/api4/team_test.go,https://github.com/mattermost/mattermost/raw/cc427af41b2a8d3a552d8dc42978831dcfecc1d8/server%2Fchannels%2Fapi4%2Fteam_test.go,"['@@ -233,6 +233,29 @@']"
mattermost,mattermost,346bc3f561f80a6b02687c3bb5eb68040e423770,server/channels/app/team.go,https://github.com/mattermost/mattermost/raw/cc427af41b2a8d3a552d8dc42978831dcfecc1d8/server%2Fchannels%2Fapp%2Fteam.go,[]
docker,cli,93fa57bbcd08f2f5be7f6cf22f4273a2b5a49e71,cli-plugins/manager/manager_windows.go,https://github.com/docker/cli/raw/13759330b1f7e7cb0d67047ea42c5482548ba7fa/cli-plugins%2Fmanager%2Fmanager_windows.go,[]
mattermost,mattermost,8e4cadbc88ee2037f8122b25fd6fe341ab50d24d,server/channels/store/sqlstore/channel_store.go,https://github.com/mattermost/mattermost/raw/a18b80ba4c324b74b3d47951c33957305af4a099/server%2Fchannels%2Fstore%2Fsqlstore%2Fchannel_store.go,[]
mattermost,mattermost,8e4cadbc88ee2037f8122b25fd6fe341ab50d24d,server/channels/store/storetest/channel_store.go,https://github.com/mattermost/mattermost/raw/a18b80ba4c324b74b3d47951c33957305af4a099/server%2Fchannels%2Fstore%2Fstoretest%2Fchannel_store.go,"['@@ -6401,6 +6401,24 @@']"
mattermost,mattermost,688e0c6c4e64a159e111d24648357a69e33e7f9f,server/channels/app/imaging/decode.go,https://github.com/mattermost/mattermost/raw/38b413a27604e8721fbe008f8ec4b4e6c47ad4f0/server%2Fchannels%2Fapp%2Fimaging%2Fdecode.go,[]
mattermost,mattermost,688e0c6c4e64a159e111d24648357a69e33e7f9f,server/channels/app/imaging/decode_test.go,https://github.com/mattermost/mattermost/raw/38b413a27604e8721fbe008f8ec4b4e6c47ad4f0/server%2Fchannels%2Fapp%2Fimaging%2Fdecode_test.go,"['@@ -115,6 +115,20 @@']"
pocket-id,pocket-id,d98db79d5e7eb6cf9ec9b5aa98381d2a9500f811,backend/internal/dto/validations.go,https://github.com/pocket-id/pocket-id/raw/3a339e33191c31b68bf57db907f800d9de5ffbc8/backend%2Finternal%2Fdto%2Fvalidations.go,"['@@ -1,9 +1,7 @@', '@@ -67,19 +65,6 @@']"
pocket-id,pocket-id,d98db79d5e7eb6cf9ec9b5aa98381d2a9500f811,backend/internal/utils/callback_url_util.go,https://github.com/pocket-id/pocket-id/raw/3a339e33191c31b68bf57db907f800d9de5ffbc8/backend%2Finternal%2Futils%2Fcallback_url_util.go,"['@@ -1,14 +1,31 @@', '@@ -24,7 +41,12 @@', '@@ -64,143 +86,129 @@']"
pocket-id,pocket-id,d98db79d5e7eb6cf9ec9b5aa98381d2a9500f811,backend/internal/utils/callback_url_util_test.go,https://github.com/pocket-id/pocket-id/raw/3a339e33191c31b68bf57db907f800d9de5ffbc8/backend%2Finternal%2Futils%2Fcallback_url_util_test.go,"['@@ -7,6 +7,77 @@', '@@ -187,12 +258,6 @@', '@@ -553,246 +618,3 @@']"
siyuan-note,siyuan,285f7c216a452f0cb8c573b64be26c9ff692d0ad,kernel/api/icon.go,https://github.com/siyuan-note/siyuan/raw/d68bd5a79391742b3cb2e14d892bdd9997064927/kernel%2Fapi%2Ficon.go,[]
siyuan-note,siyuan,285f7c216a452f0cb8c573b64be26c9ff692d0ad,kernel/server/serve.go,https://github.com/siyuan-note/siyuan/raw/d68bd5a79391742b3cb2e14d892bdd9997064927/kernel%2Fserver%2Fserve.go,[]
siyuan-note,siyuan,285f7c216a452f0cb8c573b64be26c9ff692d0ad,kernel/util/misc.go,https://github.com/siyuan-note/siyuan/raw/d68bd5a79391742b3cb2e14d892bdd9997064927/kernel%2Futil%2Fmisc.go,"['@@ -246,13 +245,61 @@']"
tillitis,tkeyclient,145eccf4a56d99055b078c68ada35fbb80e7e160,tkeyclient.go,https://github.com/tillitis/tkeyclient/raw/4954dccf0287657edf8d405057e134cdff9c59e8/tkeyclient.go,"['@@ -77,18 +78,27 @@', '@@ -287,17 +297,22 @@', '@@ -306,8 +321,13 @@', '@@ -365,7 +385,13 @@']"
ctfer-io,romeo,49d996c509aaa043ae27d0c863a4e2e2cdd1abb6,environment/deploy/integration/coverout_test.go,https://github.com/ctfer-io/romeo/raw/3bb5e9d9ce1199dfbb90fef8ad79ebdeb0bc5e78/environment%2Fdeploy%2Fintegration%2Fcoverout_test.go,"['@@ -31,11 +31,18 @@']"
ctfer-io,romeo,49d996c509aaa043ae27d0c863a4e2e2cdd1abb6,environment/deploy/integration/main_test.go,https://github.com/ctfer-io/romeo/raw/3bb5e9d9ce1199dfbb90fef8ad79ebdeb0bc5e78/environment%2Fdeploy%2Fintegration%2Fmain_test.go,"['@@ -3,20 +3,71 @@']"
ctfer-io,romeo,49d996c509aaa043ae27d0c863a4e2e2cdd1abb6,environment/deploy/main.go,https://github.com/ctfer-io/romeo/raw/3bb5e9d9ce1199dfbb90fef8ad79ebdeb0bc5e78/environment%2Fdeploy%2Fmain.go,"['@@ -1,13 +1,21 @@', '@@ -52,6 +60,45 @@']"
ctfer-io,romeo,49d996c509aaa043ae27d0c863a4e2e2cdd1abb6,environment/deploy/parts/hardening.go,https://github.com/ctfer-io/romeo/raw/3bb5e9d9ce1199dfbb90fef8ad79ebdeb0bc5e78/environment%2Fdeploy%2Fparts%2Fhardening.go,"['@@ -114,43 +113,6 @@']"
ctfer-io,romeo,49d996c509aaa043ae27d0c863a4e2e2cdd1abb6,environment/deploy/parts/romeo.go,https://github.com/ctfer-io/romeo/raw/3bb5e9d9ce1199dfbb90fef8ad79ebdeb0bc5e78/environment%2Fdeploy%2Fparts%2Fromeo.go,"['@@ -40,6 +40,8 @@', '@@ -455,10 +457,12 @@']"
ctfer-io,romeo,49d996c509aaa043ae27d0c863a4e2e2cdd1abb6,install/deploy/parts/hardening.go,https://github.com/ctfer-io/romeo/raw/3bb5e9d9ce1199dfbb90fef8ad79ebdeb0bc5e78/install%2Fdeploy%2Fparts%2Fhardening.go,"['@@ -114,43 +113,6 @@']"
ctfer-io,romeo,49d996c509aaa043ae27d0c863a4e2e2cdd1abb6,webserver/actions.go,https://github.com/ctfer-io/romeo/raw/3bb5e9d9ce1199dfbb90fef8ad79ebdeb0bc5e78/webserver%2Factions.go,[]
ctfer-io,romeo,49d996c509aaa043ae27d0c863a4e2e2cdd1abb6,webserver/api/v1/encoding.go,https://github.com/ctfer-io/romeo/raw/3bb5e9d9ce1199dfbb90fef8ad79ebdeb0bc5e78/webserver%2Fapi%2Fv1%2Fencoding.go,"['@@ -46,13 +46,11 @@']"
centrifugal,centrifugo,da3bdf044731e6dc35521d1e1a11dcaabf6d25e4,internal/apiproto/api.pb.go,https://github.com/centrifugal/centrifugo/raw/dab80fe3adfe0bbeca3bb3ea45e6d95df9f601a8/internal%2Fapiproto%2Fapi.pb.go,[]
centrifugal,centrifugo,da3bdf044731e6dc35521d1e1a11dcaabf6d25e4,internal/apiproto/api_grpc.pb.go,https://github.com/centrifugal/centrifugo/raw/dab80fe3adfe0bbeca3bb3ea45e6d95df9f601a8/internal%2Fapiproto%2Fapi_grpc.pb.go,[]
centrifugal,centrifugo,da3bdf044731e6dc35521d1e1a11dcaabf6d25e4,internal/app/log.go,https://github.com/centrifugal/centrifugo/raw/dab80fe3adfe0bbeca3bb3ea45e6d95df9f601a8/internal%2Fapp%2Flog.go,"['@@ -19,6 +19,9 @@']"
centrifugal,centrifugo,da3bdf044731e6dc35521d1e1a11dcaabf6d25e4,internal/confighelpers/jwt.go,https://github.com/centrifugal/centrifugo/raw/dab80fe3adfe0bbeca3bb3ea45e6d95df9f601a8/internal%2Fconfighelpers%2Fjwt.go,[]
centrifugal,centrifugo,da3bdf044731e6dc35521d1e1a11dcaabf6d25e4,internal/configtypes/types.go,https://github.com/centrifugal/centrifugo/raw/dab80fe3adfe0bbeca3bb3ea45e6d95df9f601a8/internal%2Fconfigtypes%2Ftypes.go,[]
centrifugal,centrifugo,da3bdf044731e6dc35521d1e1a11dcaabf6d25e4,internal/jwks/manager.go,https://github.com/centrifugal/centrifugo/raw/dab80fe3adfe0bbeca3bb3ea45e6d95df9f601a8/internal%2Fjwks%2Fmanager.go,"['@@ -8,9 +8,11 @@', '@@ -130,6 +132,20 @@']"
centrifugal,centrifugo,da3bdf044731e6dc35521d1e1a11dcaabf6d25e4,internal/jwks/manager_test.go,https://github.com/centrifugal/centrifugo/raw/dab80fe3adfe0bbeca3bb3ea45e6d95df9f601a8/internal%2Fjwks%2Fmanager_test.go,"['@@ -143,6 +143,45 @@']"
centrifugal,centrifugo,da3bdf044731e6dc35521d1e1a11dcaabf6d25e4,internal/jwtverify/token_verifier_jwt.go,https://github.com/centrifugal/centrifugo/raw/dab80fe3adfe0bbeca3bb3ea45e6d95df9f601a8/internal%2Fjwtverify%2Ftoken_verifier_jwt.go,"['@@ -71,6 +71,12 @@', '@@ -80,6 +86,15 @@', '@@ -456,19 +471,15 @@', '@@ -493,13 +504,27 @@', '@@ -528,6 +554,11 @@', '@@ -694,6 +726,11 @@']"
centrifugal,centrifugo,da3bdf044731e6dc35521d1e1a11dcaabf6d25e4,internal/jwtverify/validate.go,https://github.com/centrifugal/centrifugo/raw/dab80fe3adfe0bbeca3bb3ea45e6d95df9f601a8/internal%2Fjwtverify%2Fvalidate.go,"['@@ -0,0 +1,154 @@']"
centrifugal,centrifugo,da3bdf044731e6dc35521d1e1a11dcaabf6d25e4,internal/jwtverify/validate_test.go,https://github.com/centrifugal/centrifugo/raw/dab80fe3adfe0bbeca3bb3ea45e6d95df9f601a8/internal%2Fjwtverify%2Fvalidate_test.go,"['@@ -0,0 +1,388 @@']"
centrifugal,centrifugo,da3bdf044731e6dc35521d1e1a11dcaabf6d25e4,internal/proxyproto/proxy.pb.go,https://github.com/centrifugal/centrifugo/raw/dab80fe3adfe0bbeca3bb3ea45e6d95df9f601a8/internal%2Fproxyproto%2Fproxy.pb.go,[]
centrifugal,centrifugo,da3bdf044731e6dc35521d1e1a11dcaabf6d25e4,internal/proxyproto/proxy_grpc.pb.go,https://github.com/centrifugal/centrifugo/raw/dab80fe3adfe0bbeca3bb3ea45e6d95df9f601a8/internal%2Fproxyproto%2Fproxy_grpc.pb.go,[]
centrifugal,centrifugo,da3bdf044731e6dc35521d1e1a11dcaabf6d25e4,internal/unigrpc/unistream/unistream.pb.go,https://github.com/centrifugal/centrifugo/raw/dab80fe3adfe0bbeca3bb3ea45e6d95df9f601a8/internal%2Funigrpc%2Funistream%2Funistream.pb.go,[]
centrifugal,centrifugo,da3bdf044731e6dc35521d1e1a11dcaabf6d25e4,internal/unigrpc/unistream/unistream_grpc.pb.go,https://github.com/centrifugal/centrifugo/raw/dab80fe3adfe0bbeca3bb3ea45e6d95df9f601a8/internal%2Funigrpc%2Funistream%2Funistream_grpc.pb.go,[]
mattermost,mattermost,168fb51666e9f34081feae95f9ef6a7723a1b883,server/channels/app/password/hashers/bcrypt.go,https://github.com/mattermost/mattermost/raw/7201f42d955f1bc44719b862132546626b60a180/server%2Fchannels%2Fapp%2Fpassword%2Fhashers%2Fbcrypt.go,"['@@ -73,6 +73,10 @@']"
mattermost,mattermost,168fb51666e9f34081feae95f9ef6a7723a1b883,server/channels/app/password/hashers/bcrypt_test.go,https://github.com/mattermost/mattermost/raw/7201f42d955f1bc44719b862132546626b60a180/server%2Fchannels%2Fapp%2Fpassword%2Fhashers%2Fbcrypt_test.go,"['@@ -44,6 +45,10 @@', '@@ -68,6 +73,12 @@']"
mattermost,mattermost,168fb51666e9f34081feae95f9ef6a7723a1b883,server/channels/app/password/hashers/pbkdf2_test.go,https://github.com/mattermost/mattermost/raw/7201f42d955f1bc44719b862132546626b60a180/server%2Fchannels%2Fapp%2Fpassword%2Fhashers%2Fpbkdf2_test.go,[]
ctfer-io,chall-manager,117dc403fa7f3d101e1eb779621f0756d6535569,deploy/integration/cluster_test.go,https://github.com/ctfer-io/chall-manager/raw/dc5ef27dfed2befef7f506ab8ca14d062b0d79c5/deploy%2Fintegration%2Fcluster_test.go,"['@@ -40,6 +40,9 @@']"
ctfer-io,chall-manager,117dc403fa7f3d101e1eb779621f0756d6535569,deploy/integration/examples_test.go,https://github.com/ctfer-io/chall-manager/raw/dc5ef27dfed2befef7f506ab8ca14d062b0d79c5/deploy%2Fintegration%2Fexamples_test.go,"['@@ -58,6 +58,9 @@']"
ctfer-io,chall-manager,117dc403fa7f3d101e1eb779621f0756d6535569,deploy/integration/monitoring/program.go,https://github.com/ctfer-io/chall-manager/raw/dc5ef27dfed2befef7f506ab8ca14d062b0d79c5/deploy%2Fintegration%2Fmonitoring%2Fprogram.go,"['@@ -3,6 +3,8 @@', '@@ -40,6 +42,43 @@']"
ctfer-io,chall-manager,117dc403fa7f3d101e1eb779621f0756d6535569,deploy/integration/pooler_test.go,https://github.com/ctfer-io/chall-manager/raw/dc5ef27dfed2befef7f506ab8ca14d062b0d79c5/deploy%2Fintegration%2Fpooler_test.go,"['@@ -47,6 +47,9 @@']"
ctfer-io,chall-manager,117dc403fa7f3d101e1eb779621f0756d6535569,deploy/integration/serviceaccount/program.go,https://github.com/ctfer-io/chall-manager/raw/dc5ef27dfed2befef7f506ab8ca14d062b0d79c5/deploy%2Fintegration%2Fserviceaccount%2Fprogram.go,"['@@ -107,6 +108,43 @@']"
ctfer-io,chall-manager,117dc403fa7f3d101e1eb779621f0756d6535569,deploy/integration/standard_test.go,https://github.com/ctfer-io/chall-manager/raw/dc5ef27dfed2befef7f506ab8ca14d062b0d79c5/deploy%2Fintegration%2Fstandard_test.go,"['@@ -50,6 +50,9 @@']"
ctfer-io,chall-manager,117dc403fa7f3d101e1eb779621f0756d6535569,deploy/integration/update_challenge_test.go,https://github.com/ctfer-io/chall-manager/raw/dc5ef27dfed2befef7f506ab8ca14d062b0d79c5/deploy%2Fintegration%2Fupdate_challenge_test.go,"['@@ -53,6 +53,9 @@']"
ctfer-io,chall-manager,117dc403fa7f3d101e1eb779621f0756d6535569,deploy/main.go,https://github.com/ctfer-io/chall-manager/raw/dc5ef27dfed2befef7f506ab8ca14d062b0d79c5/deploy%2Fmain.go,"['@@ -3,6 +3,9 @@', '@@ -83,6 +87,45 @@']"
ctfer-io,chall-manager,117dc403fa7f3d101e1eb779621f0756d6535569,deploy/services/chall-manager.go,https://github.com/ctfer-io/chall-manager/raw/dc5ef27dfed2befef7f506ab8ca14d062b0d79c5/deploy%2Fservices%2Fchall-manager.go,[]
ctfer-io,chall-manager,117dc403fa7f3d101e1eb779621f0756d6535569,deploy/services/parts/namespace.go,https://github.com/ctfer-io/chall-manager/raw/dc5ef27dfed2befef7f506ab8ca14d062b0d79c5/deploy%2Fservices%2Fparts%2Fnamespace.go,"['@@ -178,43 +177,6 @@']"
ctfer-io,chall-manager,117dc403fa7f3d101e1eb779621f0756d6535569,sdk/kubernetes/kompose.go,https://github.com/ctfer-io/chall-manager/raw/dc5ef27dfed2befef7f506ab8ca14d062b0d79c5/sdk%2Fkubernetes%2Fkompose.go,"['@@ -322,45 +321,6 @@']"
charmbracelet,soft-serve,19bc6279738fa88b2605c3948c835b649ac93c75,pkg/ssrf/ssrf.go,https://github.com/charmbracelet/soft-serve/raw/3ef660098ab37a7950457da8ecc25b516e37ce4e/pkg%2Fssrf%2Fssrf.go,"['@@ -39,7 +39,14 @@']"
OliveTin,OliveTin,92a1346edf0e8c6202b6e575806eaf57b9df4ef5,service/internal/auth/otjwt/jwt.go,https://github.com/OliveTin/OliveTin/raw/e97d8ecbd8d6ba468c418ca496fcd18f78131233/service%2Finternal%2Fauth%2Fotjwt%2Fjwt.go,"['@@ -33,6 +33,13 @@', '@@ -148,24 +156,30 @@']"
OliveTin,OliveTin,92a1346edf0e8c6202b6e575806eaf57b9df4ef5,service/internal/auth/otjwt/jwt_test.go,https://github.com/OliveTin/OliveTin/raw/e97d8ecbd8d6ba468c418ca496fcd18f78131233/service%2Finternal%2Fauth%2Fotjwt%2Fjwt_test.go,"['@@ -66,12 +66,19 @@', '@@ -108,6 +115,10 @@', '@@ -135,6 +147,14 @@']"
ctfer-io,romeo,3bb5e9d9ce1199dfbb90fef8ad79ebdeb0bc5e78,webserver/api/v1/decoder.go,https://github.com/ctfer-io/romeo/raw/c2ebcfb9f305fd5f6ef68858de82507dbac10263/webserver%2Fapi%2Fv1%2Fdecoder.go,[]
OliveTin,OliveTin,60176b6078ed32aa664329c50aa5a42604dc3f96,service/internal/api/api.go,https://github.com/OliveTin/OliveTin/raw/2eb5f0ba79d4bbef3c802bf8b4666a7e18dcfd90/service%2Finternal%2Fapi%2Fapi.go,"['@@ -144,6 +145,9 @@', '@@ -154,52 +158,50 @@', '@@ -354,30 +356,36 @@', '@@ -398,6 +407,8 @@', '@@ -408,6 +419,8 @@', '@@ -882,11 +895,17 @@']"
OliveTin,OliveTin,60176b6078ed32aa664329c50aa5a42604dc3f96,service/internal/api/local_user_login.go,https://github.com/OliveTin/OliveTin/raw/2eb5f0ba79d4bbef3c802bf8b4666a7e18dcfd90/service%2Finternal%2Fapi%2Flocal_user_login.go,"['@@ -1,13 +1,20 @@', '@@ -17,10 +24,16 @@', '@@ -31,37 +44,40 @@']"
OliveTin,OliveTin,60176b6078ed32aa664329c50aa5a42604dc3f96,service/internal/auth/otoauth2/restapi_auth_oauth2.go,https://github.com/OliveTin/OliveTin/raw/2eb5f0ba79d4bbef3c802bf8b4666a7e18dcfd90/service%2Finternal%2Fauth%2Fotoauth2%2Frestapi_auth_oauth2.go,"['@@ -108,14 +108,20 @@']"
OliveTin,OliveTin,60176b6078ed32aa664329c50aa5a42604dc3f96,service/internal/config/config.go,https://github.com/OliveTin/OliveTin/raw/2eb5f0ba79d4bbef3c802bf8b4666a7e18dcfd90/service%2Finternal%2Fconfig%2Fconfig.go,"['@@ -107,6 +107,16 @@', '@@ -268,6 +279,11 @@']"
OliveTin,OliveTin,60176b6078ed32aa664329c50aa5a42604dc3f96,service/internal/config/sanitize.go,https://github.com/OliveTin/OliveTin/raw/2eb5f0ba79d4bbef3c802bf8b4666a7e18dcfd90/service%2Finternal%2Fconfig%2Fsanitize.go,"['@@ -183,6 +184,25 @@']"
OliveTin,OliveTin,60176b6078ed32aa664329c50aa5a42604dc3f96,service/internal/cors/cors.go,https://github.com/OliveTin/OliveTin/raw/60176b6078ed32aa664329c50aa5a42604dc3f96/service%2Finternal%2Fcors%2Fcors.go,"['@@ -1,23 +0,0 @@']"
OliveTin,OliveTin,60176b6078ed32aa664329c50aa5a42604dc3f96,service/internal/cors/cors_test.go,https://github.com/OliveTin/OliveTin/raw/60176b6078ed32aa664329c50aa5a42604dc3f96/service%2Finternal%2Fcors%2Fcors_test.go,"['@@ -1,22 +0,0 @@']"
OliveTin,OliveTin,60176b6078ed32aa664329c50aa5a42604dc3f96,service/internal/executor/executor.go,https://github.com/OliveTin/OliveTin/raw/2eb5f0ba79d4bbef3c802bf8b4666a7e18dcfd90/service%2Finternal%2Fexecutor%2Fexecutor.go,"['@@ -761,37 +761,50 @@']"
OliveTin,OliveTin,60176b6078ed32aa664329c50aa5a42604dc3f96,service/internal/executor/executor_actions.go,https://github.com/OliveTin/OliveTin/raw/2eb5f0ba79d4bbef3c802bf8b4666a7e18dcfd90/service%2Finternal%2Fexecutor%2Fexecutor_actions.go,"['@@ -41,7 +41,41 @@']"
OliveTin,OliveTin,60176b6078ed32aa664329c50aa5a42604dc3f96,service/internal/httpservers/frontend.go,https://github.com/OliveTin/OliveTin/raw/2eb5f0ba79d4bbef3c802bf8b4666a7e18dcfd90/service%2Finternal%2Fhttpservers%2Ffrontend.go,"['@@ -23,6 +23,40 @@']"
OliveTin,OliveTin,60176b6078ed32aa664329c50aa5a42604dc3f96,service/internal/httpservers/webuiServer.go,https://github.com/OliveTin/OliveTin/raw/2eb5f0ba79d4bbef3c802bf8b4666a7e18dcfd90/service%2Finternal%2Fhttpservers%2FwebuiServer.go,"['@@ -1,8 +1,6 @@']"
Tencent,WeKnora,48a0f9b508eefcbb45467f35edafe57f7d55e7fc,internal/application/service/mcp_service.go,https://github.com/Tencent/WeKnora/raw/57d6fea8bc265ad28b385e0158957c870cff4b50/internal%2Fapplication%2Fservice%2Fmcp_service.go,"['@@ -31,20 +31,9 @@', '@@ -129,31 +118,15 @@']"
Tencent,WeKnora,48a0f9b508eefcbb45467f35edafe57f7d55e7fc,internal/mcp/client.go,https://github.com/Tencent/WeKnora/raw/57d6fea8bc265ad28b385e0158957c870cff4b50/internal%2Fmcp%2Fclient.go,"['@@ -119,36 +118,8 @@']"
Tencent,WeKnora,48a0f9b508eefcbb45467f35edafe57f7d55e7fc,internal/mcp/manager.go,https://github.com/Tencent/WeKnora/raw/57d6fea8bc265ad28b385e0158957c870cff4b50/internal%2Fmcp%2Fmanager.go,"['@@ -95,32 +95,6 @@']"
gogs,gogs,a976fd2f9ce13b65e61670ef3b74c3f43f24be66,internal/database/release.go,https://github.com/gogs/gogs/raw/a000f0c7a632ada40e6829abdeea525db4c0fc2d/internal%2Fdatabase%2Frelease.go,"['@@ -359,11 +358,13 @@']"
gogs,gogs,5c67d475127f6629ba06899a6fd635f9900404b6,internal/markup/sanitizer.go,https://github.com/gogs/gogs/raw/441c64d7bd8893b2f4e48660a8be3a7472e14291/internal%2Fmarkup%2Fsanitizer.go,"['@@ -1,6 +1,8 @@', '@@ -32,14 +34,28 @@']"
gogs,gogs,5c67d475127f6629ba06899a6fd635f9900404b6,internal/markup/sanitizer_test.go,https://github.com/gogs/gogs/raw/441c64d7bd8893b2f4e48660a8be3a7472e14291/internal%2Fmarkup%2Fsanitizer_test.go,"['@@ -26,6 +26,20 @@']"
filebrowser,filebrowser,aa809096eb35fdfbdeb6784b1ebfe2ca1e42f52b,http/public.go,https://github.com/filebrowser/filebrowser/raw/31194fb57a5b92e7155219d7ec7273028fcb2e83/http%2Fpublic.go,[]
ctfer-io,monitoring,3586b277db440a7d9924e853d1e78a4eb064d8f3,services/parts/namespace.go,https://github.com/ctfer-io/monitoring/raw/5404a11863b32b14ee5c62d1215352ab519d4edb/services%2Fparts%2Fnamespace.go,"['@@ -193,43 +192,6 @@']"
bytebase,bytebase,76a584fe84e84226977c96dedab74affb3500edd,api/auth.go,https://github.com/bytebase/bytebase/raw/a578ed58e478ba5c2dadf8d538ec5c3d39c28461/api%2Fauth.go,[]
bytebase,bytebase,76a584fe84e84226977c96dedab74affb3500edd,server/auth.go,https://github.com/bytebase/bytebase/raw/a578ed58e478ba5c2dadf8d538ec5c3d39c28461/server%2Fauth.go,"['@@ -81,15 +83,24 @@']"
OliveTin,OliveTin,a565e1ce4ce5bcaefa70cec7c336094a5d92a3b4,service/internal/config/sanitize.go,https://github.com/OliveTin/OliveTin/raw/d9804182eae43cf49f735e6533ddbe1541c2b9a9/service%2Finternal%2Fconfig%2Fsanitize.go,[]
