lines,functions,complexity,commits,developers,label
495,5,7.664345080342317,40,9,1
174,3,1.405358904674971,4,10,1
349,7,6.694917516325099,13,9,1
497,1,9.004858367772497,34,6,1
440,17,8.165626889962592,18,1,1
119,10,5.019019725938053,27,6,1
481,9,5.585574488043661,43,4,1
60,20,4.0272625220333005,22,1,1
441,15,1.5691272503528384,5,8,1
453,18,8.215560930926403,37,9,1
204,18,2.3425494584047115,12,7,1
156,12,1.292918157717392,13,8,1
425,6,5.601591640307251,20,1,1
174,14,9.114336667257756,31,7,1
82,14,6.7579072995526985,26,10,1
311,4,2.807845367849139,25,4,1
496,18,5.787630215291716,18,8,1
168,2,3.306479326253276,37,5,1
338,14,5.943896308407333,3,6,1
85,4,9.030559310273501,20,9,1
76,3,4.121279908010313,25,3,1
157,11,9.167908616185994,18,2,1
66,20,9.993746996267273,18,3,1
457,7,2.3699585083524886,18,7,1
106,12,6.887713000387642,21,4,1
407,11,2.29706599901469,11,2,1
383,5,7.183060061694382,7,4,1
411,10,7.736028906769942,48,6,1
49,9,1.6010937692594556,10,1,1
301,17,9.20820323240359,36,3,1
316,6,2.8461508792117938,17,6,1
324,4,1.5322139545427227,36,1,1
485,7,2.7912152589586103,29,2,1
272,9,8.073743785760591,6,10,1
244,17,8.378656590953797,5,2,1
79,16,2.3161637078136534,23,4,1
137,12,4.176373790912382,1,1,1
271,8,8.196263567619331,3,8,1
103,16,4.513662668145396,46,6,1
357,10,7.158610206119331,5,3,1
241,19,7.984178515296657,32,5,1
478,6,4.801976159653851,42,4,1
163,2,1.7810009836599252,11,8,1
447,13,2.8441901633751447,23,7,1
227,4,9.093030328177276,19,4,1
231,12,9.001219353959732,22,1,1
249,16,9.331781258662076,19,7,1
307,19,6.091172330040231,38,2,1
266,18,9.575267060657245,47,10,1
336,8,8.876371397364966,15,9,1
378,5,8.850721299727889,36,2,1
431,9,2.013223051324565,29,8,1
482,13,6.6229049401696845,5,7,1
119,14,6.450598400381043,25,8,1
461,2,1.7544158436444675,14,5,1
37,19,2.554293927841182,38,3,1
133,8,6.134076309169427,5,2,1
379,15,8.939003854915306,25,7,1
190,3,2.1660505001300825,12,8,1
121,16,7.566895692296064,22,1,1
215,2,6.02234387531286,30,5,1
133,17,6.060874126567628,41,3,1
433,3,1.2407065087906626,44,6,1
121,20,5.450579915296093,36,3,1
205,18,6.35675320267271,24,6,1
240,8,8.587954822704837,47,7,1
309,7,4.7164237910221845,2,10,1
404,15,2.817044990700962,16,4,1
415,20,2.9551653920326153,45,7,1
89,9,4.651852678661473,31,9,1
331,16,6.919231467792123,27,5,1
75,16,4.910092473408122,25,2,1
339,16,9.746421090964795,48,9,1
464,3,6.044572331628006,16,7,1
449,10,1.4800075327662428,19,7,1
39,4,1.7445267034472487,12,9,1
229,20,4.1755613901597926,5,10,1
491,3,2.8060342256855515,2,1,1
387,16,4.425799683805702,26,10,1
471,11,7.099372077984915,14,10,1
403,2,2.5908095559296407,50,8,1
172,3,6.470315769789583,36,5,1
446,9,1.0418365738797069,45,8,1
254,15,4.348048710512828,38,7,1
180,4,1.3857125127441807,10,7,1
396,6,6.229331016394941,29,10,1
50,6,1.1880245817481156,29,10,1
418,18,6.6695306736543944,38,7,1
43,14,8.550544352279978,37,6,1
210,4,7.932278545257639,36,8,1
214,2,2.4887092737726095,27,8,1
210,1,7.502519954240835,49,6,1
184,18,5.369695243015385,14,10,1
495,19,2.865145717698991,49,9,1
496,1,9.097113486653445,4,7,1
348,18,9.34031015489829,7,1,1
417,5,4.675488696605224,50,9,1
57,10,4.568405904603917,7,7,1
444,19,3.9466618264275257,14,2,1
479,5,3.9826634696158663,2,7,1
220,5,9.033397920162937,49,8,1
169,6,2.7589632250810787,33,1,1
156,8,4.6015457334551755,35,2,1
481,13,4.634047091126289,42,2,1
205,12,6.115840752715771,1,7,1
57,1,7.273473851276015,27,4,1
273,14,8.90830391480117,27,7,1
317,3,5.960059157860663,47,7,1
73,7,3.6082826115346864,29,9,1
219,15,7.6977053711202545,46,6,1
238,5,8.756466980542513,18,3,1
248,16,5.053684067299336,38,4,1
263,4,5.735385642557181,34,4,1
339,16,2.215941108541479,35,2,1
449,12,8.38288664330383,47,9,1
227,4,3.8630134679298154,39,10,1
417,10,6.974828022119203,50,10,1
78,2,2.297072520699869,32,5,1
343,8,7.0985185303659835,29,5,1
45,7,6.90206332364072,9,3,1
482,10,2.6854246787189595,34,8,1
418,17,7.298142984947344,4,2,1
50,10,8.010658033324042,4,4,1
113,19,2.731550203210578,35,2,1
262,18,3.4834287977597693,20,1,1
110,9,6.987687841026677,39,6,1
132,10,8.449661880284562,40,6,1
74,13,9.805333538996502,50,4,1
281,19,7.1847874407264,14,1,1
402,19,7.382068394266527,15,9,1
342,11,5.983702777702784,10,1,1
310,13,6.9635715408628425,5,1,1
24,1,7.403543098890585,39,9,1
146,20,4.038971448631786,22,5,1
141,17,9.023029573635311,34,3,1
343,17,5.6762478522627235,4,3,1
142,5,6.3084718456513915,6,2,1
458,14,4.5235056327254055,15,3,1
381,19,8.311812510682252,21,6,1
180,4,4.405296651485317,34,3,1
330,13,9.35077529975885,35,1,1
428,4,8.793352533306074,20,8,1
366,1,4.325844874751395,5,7,1
115,17,9.483779163500252,12,7,1
325,20,3.104697888578086,29,10,1
183,4,6.023575814937783,19,1,1
333,7,3.3222514494879425,11,7,1
85,5,3.510028163514929,15,8,1
415,8,9.573209837881302,11,5,1
93,11,3.102792020637512,50,6,1
133,12,9.807849756790146,24,8,1
342,14,5.291435334655652,22,10,1
348,8,8.539992019822176,17,5,1
452,12,6.793006030144872,46,5,1
169,18,2.0236279313494117,17,7,1
35,18,4.0046566624748365,41,9,1
333,19,2.836606084322988,38,10,1
346,9,4.9592191019620175,30,10,1
466,14,3.8877209762758063,32,2,1
461,2,6.802951349747807,45,7,1
271,14,6.508654620423512,9,8,1
57,8,2.7424066388359627,38,7,1
252,18,4.406455214100034,34,3,1
155,3,8.22299132950976,10,3,1
258,5,6.458159556313481,33,8,1
442,18,2.746649621217995,36,7,1
382,12,1.199405006439806,33,6,1
374,11,1.9040502602031144,5,4,1
45,16,5.790557496815969,42,6,1
478,9,5.819892666436718,5,3,1
76,7,3.9853388347087355,25,10,1
339,18,2.510931229551662,19,3,1
218,2,3.699438435927565,14,6,1
469,9,6.996886187719861,10,7,1
455,12,8.132944674272437,16,4,1
230,2,9.974128123828361,5,1,1
137,8,7.534071304042081,38,7,1
232,14,5.075535467798061,50,9,1
312,7,5.340651666773737,32,5,1
60,12,9.918777252601796,12,8,1
250,19,7.374377645537739,35,4,1
423,5,2.2406818288690586,15,6,1
110,2,5.214810930679294,32,5,1
352,10,1.1147639215667309,23,6,1
217,8,2.4487791193238806,12,3,1
268,19,3.2734179420885754,19,7,1
114,8,9.0251708793769,26,5,1
428,2,5.121324400874806,6,10,1
143,10,2.566167420541134,38,9,1
402,19,8.739932911205933,32,10,1
147,13,5.180298769412722,12,6,1
383,7,9.62780892109221,16,4,1
230,4,8.627680942785798,32,9,1
311,19,9.723319406438758,22,1,1
188,20,4.2534735017707535,44,2,1
41,13,3.2909230158334513,17,6,1
328,15,7.2936963896052465,12,10,1
41,8,8.086847865057083,8,2,1
26,4,2.7701104676610675,43,9,1
170,14,3.401923009445432,24,9,1
186,8,4.921605121510476,7,6,1
61,12,3.6770613614929153,30,3,1
482,13,8.580749030730797,29,6,1
400,1,3.9440224792076326,5,1,1
411,7,4.434804863301885,38,9,1
305,16,8.882437607056245,11,7,1
409,10,7.9099436797954485,15,4,1
68,6,6.647684608181709,12,8,1
95,11,6.3733609843659815,13,6,1
378,5,4.711979576499012,22,5,1
275,2,6.2818348457046636,17,9,1
467,3,8.027604775508712,39,2,1
415,6,4.517170068050241,28,1,1
194,4,5.451132197276195,16,4,1
278,20,1.560800169433518,37,5,1
135,14,8.400740009500439,14,8,1
497,1,6.719566414697246,38,6,1
145,11,6.298395705200686,2,8,1
224,18,5.649981080545355,47,3,1
234,3,8.909837728014658,25,4,1
478,11,4.228928026595319,48,3,1
107,18,6.076641219849905,30,7,1
290,8,5.681431639867944,1,1,1
412,8,4.632004228174046,42,8,1
413,5,9.590330394379434,33,8,1
487,19,8.75977182377001,22,9,1
338,4,9.598182685020513,44,4,1
494,10,1.8941367053115794,39,8,1
478,19,9.129175048216663,26,6,1
103,19,8.871323931709462,40,3,1
233,5,7.610492859068181,46,10,1
78,11,1.3176833547202733,5,5,1
109,14,7.49660330075165,6,5,1
170,7,2.371916303766021,18,10,1
286,3,8.649645742843749,5,5,1
191,5,4.208865548974239,31,7,1
56,10,9.852597602422502,41,6,1
467,10,9.03059328901691,22,2,1
426,8,6.4659153883442295,40,4,1
145,3,4.044517916956521,42,3,1
420,6,2.6766951019502003,30,4,1
34,20,7.088280590050249,13,3,1
422,1,5.381191278143443,26,9,1
366,5,4.713987605305944,11,4,1
105,6,8.887825275078244,26,2,1
426,11,6.066078293849249,3,7,1
189,8,8.598703657265634,18,2,1
253,14,2.67755740162952,48,4,1
276,19,9.253223542442893,35,6,1
332,6,1.1687613893461277,32,2,1
158,1,8.773880706100698,46,4,1
53,11,5.319398088692789,31,3,1
304,10,3.4906895019730095,8,3,1
221,15,4.182156533360947,5,4,1
469,4,3.573451564687867,38,5,1
114,5,5.410612135426621,42,3,1
315,14,4.778560735326522,27,3,1
309,20,3.3188428764558706,3,5,1
261,15,6.31314273243115,26,10,1
456,15,4.766870248381775,49,9,1
303,10,3.663042910330456,10,9,1
425,16,6.1003692647198084,16,4,1
237,17,3.5115417852448068,12,8,1
372,5,8.55940399901279,23,10,1
473,10,4.329061111602995,32,2,1
387,8,3.342474370069849,41,7,1
485,16,6.390954903579429,15,1,1
352,17,8.923193590424148,17,4,1
474,11,5.478858530239448,14,10,1
405,4,8.802151792716163,36,7,1
309,14,1.1502601079084673,46,6,1
100,16,5.990874939307184,7,10,1
150,2,6.890134534072945,33,10,1
269,8,1.7967850415527973,32,9,1
481,18,1.9322315915302286,26,3,1
151,20,5.222894089915234,9,10,1
241,11,5.533052730686051,34,9,1
265,11,2.267027714207684,8,4,1
54,5,3.6979804317865046,15,8,1
102,5,5.6926404318868356,10,2,1
329,14,9.486037298705881,17,10,1
33,3,7.897136300466823,50,6,1
450,15,1.0993359647409664,41,1,1
244,7,3.8887521070048305,42,9,1
397,1,6.560296525415521,4,6,1
106,20,8.497983543181222,19,3,1
452,10,2.967292702937901,33,4,1
497,18,7.619918301250001,26,5,1
329,18,9.541678307457724,48,8,1
300,2,8.959640291204314,49,9,1
271,6,6.311518394138252,15,8,1
136,3,1.713677157442268,31,8,1
356,17,5.395923803293304,41,2,1
122,19,5.760655218744365,26,1,1
272,1,9.55115627289857,42,8,1
318,18,5.093114497042878,28,5,1
327,7,6.806132868248014,10,2,1
231,16,8.441520006510665,39,1,1
95,11,4.582724921970366,25,6,1
417,15,9.909852454610004,10,1,1
404,17,7.815791552099904,19,5,1
300,13,3.260094613066582,14,10,1
190,17,1.0441818441396218,16,5,1
156,19,1.5821649052133144,39,8,1
118,6,6.384238368776845,9,6,1
450,18,7.828873455650431,15,2,1
378,17,1.1048826847431203,19,10,1
201,15,8.514256440210517,26,4,1
255,4,9.105992352470327,50,5,1
431,10,1.8075896802535047,26,3,1
459,12,5.559930548357615,20,10,1
454,14,7.763940914477792,49,2,1
391,8,4.245410822147585,5,4,1
65,19,3.6247493383795844,47,10,1
436,1,3.0867230376704837,36,10,1
127,8,1.0701445464937005,24,5,1
245,20,6.8879490570365345,41,4,1
331,14,3.788309033090534,20,1,1
295,4,5.558209752392793,1,6,1
380,1,4.206514638683495,1,1,1
168,15,3.5414567106412704,30,5,1
137,4,8.100134148544473,40,7,1
55,7,1.9045270335253246,4,10,1
226,11,9.701496979614667,41,9,1
416,13,5.715925013776548,25,6,1
75,4,1.6034963287193913,15,7,1
330,19,7.579583344566809,16,2,1
265,5,2.091125129328594,40,5,1
41,4,2.484011273752759,44,3,1
112,20,5.79901599133509,23,7,1
288,9,6.187282538583574,14,9,1
106,13,3.5321847247411107,27,8,1
155,2,8.37846100006906,26,8,1
118,7,1.8993538317211938,3,6,1
57,11,8.194298953634688,3,7,1
324,4,3.565434870449076,47,8,1
197,17,6.2207497129934985,30,6,1
57,19,3.0039037898058636,49,4,1
241,16,2.3630542171078996,44,9,1
53,5,9.981766162400934,15,10,1
466,5,8.086315366438114,25,6,1
407,6,5.723534315010374,14,7,1
223,3,1.7410863279792734,43,2,1
29,8,2.877955326505467,19,4,1
367,8,1.3514735211583981,4,7,1
280,10,1.5658006539176736,12,9,1
130,5,6.415423415860703,44,9,1
434,1,6.532193605438953,45,10,1
267,20,8.968426829746804,21,3,1
388,1,9.19326842589245,4,9,1
486,15,7.5729967723587235,50,4,1
87,8,9.163052755718159,6,1,1
91,14,8.027436279817165,19,6,1
482,18,6.738502663976744,32,6,1
481,13,6.117075499852437,28,6,1
333,10,4.260457648311565,5,7,1
32,16,7.114161071206544,34,7,1
423,7,9.098612215499552,17,10,1
217,8,9.287764335941796,3,10,1
29,13,9.329023655333534,40,4,1
246,9,7.3268685614892,50,3,1
414,19,3.387285776150511,35,1,1
92,4,1.950447751505407,48,5,1
252,13,5.428478772831722,2,7,1
211,17,9.042424041087129,16,8,1
130,4,9.39410573412236,48,6,1
78,3,2.7529206557587793,30,5,1
399,1,7.269473947261181,1,7,1
111,4,8.809458135376484,25,6,1
199,16,7.207133924339773,14,6,1
272,18,2.109979542024895,31,1,1
257,20,8.680563689855127,9,1,1
116,4,4.792939971309739,1,4,1
166,2,2.5006710092386286,9,1,1
188,14,5.245076731274327,25,1,1
486,3,6.425026730941234,44,7,1
498,11,1.1409931098720343,39,9,1
299,2,5.507682870888577,45,9,1
445,18,4.667019921968361,24,4,1
453,12,8.931189136514032,47,8,1
290,13,7.389940478622883,49,5,1
53,3,7.018600427902257,20,3,1
305,11,8.30300843662138,23,4,1
263,7,7.780209829248911,12,7,1
128,1,7.485726330476221,34,3,1
265,11,5.679404445328401,39,9,1
161,10,1.977142898064248,3,1,1
438,4,2.330196143101321,36,7,1
266,15,9.657227334911841,24,2,1
231,19,6.563129821554756,18,10,1
95,17,3.1153734469139227,3,9,1
360,6,5.572632831402309,22,4,1
286,10,8.813916814179661,24,10,1
276,9,2.9779553475069696,45,10,1
176,14,3.656861121598914,8,6,1
194,3,7.489884137377974,45,1,1
381,13,9.598971703848548,32,10,1
204,1,4.139617836987222,10,1,1
261,13,8.0317122236577,1,9,1
337,16,4.608561328565969,30,7,1
160,16,3.114191877952839,50,6,1
291,12,6.550195722701823,19,4,1
215,14,8.040913165623316,28,8,1
321,18,2.7685215128336216,1,9,1
187,20,2.36395879996832,31,10,1
171,2,3.9007443366661745,47,8,1
447,1,9.491061908944575,5,6,1
469,4,5.931533297977725,29,3,1
488,1,9.772379012084427,26,7,1
424,6,9.77558063478375,43,7,1
202,13,7.624813826685375,45,1,1
207,12,6.331080623865695,2,4,1
322,15,4.79024499814966,6,9,1
248,17,6.2378108914812085,28,10,1
464,13,5.537697481908475,4,1,1
262,17,4.013626998560228,46,6,1
444,19,3.696691222319861,1,5,1
438,18,3.9769862058139362,7,5,1
269,10,4.497445241422774,1,5,1
127,18,5.902524183766937,4,6,1
46,8,3.425485033829937,15,10,1
292,4,6.4439041686400556,23,2,1
294,3,5.631268302225645,20,9,1
423,18,7.939956031765898,50,3,1
72,1,6.836454534198919,3,4,1
267,7,8.456040500814574,20,7,1
248,8,6.042433311077351,19,5,1
184,15,7.293821936603135,4,2,1
96,8,2.239666821117197,27,9,1
491,3,8.490305773487687,15,10,1
328,17,1.9804951190856879,11,9,1
211,5,2.7261524623307136,17,7,1
207,19,8.52184529340272,22,1,1
465,14,9.185452627286992,9,6,1
368,9,2.6717297122516563,41,4,1
51,7,1.8607928557967368,4,2,1
103,1,6.307702441415869,39,8,1
347,17,5.078608142407753,27,4,1
304,15,7.189218726634581,31,5,1
453,18,2.6115365167250824,47,7,1
356,9,9.60262312742139,19,5,1
498,8,4.44740302544203,47,10,1
425,6,6.4735189475785955,26,2,1
156,4,3.314096152359857,45,1,1
304,3,6.060672679108551,7,7,1
97,19,6.843311353251206,20,10,1
299,15,5.166720239834892,38,10,1
284,18,1.2020555802229704,29,7,1
54,1,4.657335442968484,4,4,1
241,3,3.875469542875071,2,2,1
135,4,2.1644258209010054,27,5,1
372,3,1.4089559858777987,13,8,1
243,5,7.8460307032000145,5,8,1
225,20,5.970961580759787,44,5,1
304,20,2.6826580312890043,21,7,1
276,11,7.836578761000113,16,4,1
257,19,5.2981411451057685,28,7,1
92,3,8.999743230553536,30,3,1
38,3,5.9672076374597065,3,3,1
197,9,3.952075446011543,44,6,1
188,19,8.884868082681443,21,4,1
134,17,8.305877398326265,18,8,1
36,16,2.3656489920363364,13,10,1
91,12,4.380435970931227,44,9,1
406,7,6.260409431637231,12,10,1
91,13,5.262409275555109,42,6,1
72,6,5.295296044260342,13,2,1
490,3,3.0872123396711695,8,2,1
496,9,9.888492668371388,17,4,1
52,10,4.316318973926214,6,1,1
145,2,5.19400348706178,11,1,1
427,12,4.634032384237124,3,9,1
260,9,5.297221554107297,3,8,1
142,13,8.73896497732532,7,10,1
169,8,9.102606282377083,1,9,1
382,6,1.7913645035112755,41,7,1
304,14,7.842068189642608,3,10,1
348,13,1.4037283231449642,19,2,1
377,14,3.5233565186082583,23,7,1
28,18,6.550236809980117,1,3,1
239,11,5.8724127151754555,50,7,1
399,7,4.133114287792956,48,6,1
389,8,5.879456455979627,24,4,1
186,2,8.214922762382646,36,5,1
313,16,3.683044625207635,8,2,1
174,6,5.499851384793198,10,8,1
124,16,6.813074138437663,30,6,1
248,2,7.033120613782066,8,7,1
269,10,9.822106279439453,16,1,1
267,1,1.652642335873065,17,1,1
265,10,9.929407835362504,14,8,1
478,7,3.7891952233594113,50,9,1
238,7,2.934156691112788,38,6,1
52,14,2.929425938950993,24,5,1
417,18,1.0362561800886114,3,2,1
271,1,2.359764791483758,49,4,1
52,15,5.386393725917836,32,8,1
445,18,5.574432849799058,23,4,1
83,8,4.098624859199031,24,3,1
173,20,6.577145079888824,43,2,1
77,14,2.8631216816799188,35,9,0
467,4,5.553158391601769,50,4,0
61,10,7.207600962941178,6,3,0
129,6,7.837122951055097,19,8,0
156,8,7.291142488935543,39,8,0
109,17,7.691178953609041,8,1,0
34,16,5.92135128709937,8,3,0
215,10,2.3345696053708997,22,6,0
108,19,7.683742951768209,9,6,0
323,9,8.796760858943763,44,1,0
355,2,8.435017084548157,33,9,0
226,9,5.984250709217366,46,1,0
95,3,2.9090596292865865,11,5,0
155,19,9.312724787574068,16,6,0
94,15,3.643786045742896,43,6,0
396,9,9.131036970752582,16,4,0
114,11,2.5489507795379476,12,10,0
102,16,7.08959031510354,5,7,0
152,11,8.472585029699182,18,1,0
152,7,9.649020492168384,28,2,0
463,18,7.432834369605643,9,5,0
468,7,7.283599567694837,16,4,0
238,2,9.391748668465496,14,8,0
102,6,7.1296717242512955,24,8,0
273,19,9.113711926330486,6,3,0
337,17,3.189504820947774,14,2,0
242,17,3.5770883200049592,24,4,0
72,17,1.3679200045992763,42,10,0
236,20,4.356266841122864,14,4,0
209,3,7.076513845006903,2,3,0
189,6,7.390659299139637,7,2,0
189,18,1.0164812206629659,43,2,0
466,8,5.897752507850762,13,7,0
263,20,3.7608822763756584,38,2,0
333,3,2.7922933494970836,47,2,0
438,13,3.8204972313658505,13,8,0
301,18,8.27175422620046,38,9,0
85,18,8.884789812685288,30,10,0
192,20,9.698460456019347,47,2,0
473,2,9.44353392054636,47,3,0
252,18,7.502631291418741,10,6,0
499,4,6.745427446084724,42,7,0
35,17,9.103170634719671,39,4,0
430,16,9.973551523458916,20,6,0
32,15,2.3537670744377803,20,8,0
311,20,4.353803233402205,9,8,0
179,13,8.393213454872459,32,7,0
75,14,3.366810141084602,30,5,0
309,17,3.788482011748803,41,6,0
125,8,6.883062157050638,17,2,0
283,9,8.596701700239798,23,2,0
393,13,6.0786092189202705,19,6,0
234,5,5.936639402399115,46,1,0
487,16,5.218913963238171,25,8,0
272,13,8.545829581977646,49,8,0
423,10,1.9139879484473128,11,2,0
413,2,8.663677116891094,8,7,0
385,2,3.325226579086444,39,2,0
442,14,8.42166115342355,7,5,0
419,13,1.8969577001638265,33,8,0
191,16,6.789608619826731,11,1,0
40,3,5.687144164502841,5,8,0
276,10,3.671304834648299,1,7,0
176,9,7.141158474531952,46,7,0
161,13,8.388113284204595,8,9,0
267,9,1.2946466790918074,45,10,0
219,6,1.3508444811611775,9,9,0
62,16,4.85510770449742,42,2,0
303,5,7.186285885409871,22,6,0
242,20,7.4114175838826135,14,10,0
351,14,4.589837495933119,18,4,0
137,18,2.4760483955978345,11,10,0
122,12,7.560431915809662,15,2,0
145,6,8.461566259615324,39,10,0
375,12,9.804941898836931,23,1,0
44,14,2.9980125107770492,16,6,0
328,6,9.24463778818059,23,10,0
39,1,4.546208158682896,35,7,0
178,19,2.6031013552903364,3,4,0
71,20,2.846658878774408,50,3,0
404,2,2.2183798892136593,23,3,0
242,4,1.731691397735128,16,4,0
138,10,6.09918362708987,13,5,0
302,18,5.831510024455644,1,8,0
317,12,1.286120047295999,45,1,0
288,17,6.22455720898147,13,3,0
40,10,6.700233176682436,12,4,0
133,18,9.801420735184331,50,6,0
78,18,5.634417036560036,17,5,0
113,6,1.113540477082489,31,8,0
341,10,4.191352164360316,27,10,0
306,20,6.036486044605921,17,1,0
437,6,5.198359387789043,29,8,0
120,1,6.718224903660566,50,8,0
122,4,3.336847301131186,39,7,0
358,10,6.355228958928692,4,5,0
299,20,7.670040249149476,39,8,0
358,2,6.39217711873157,48,10,0
391,13,4.252221199391251,24,8,0
84,1,8.983753070137615,45,4,0
375,3,2.552672061970714,26,2,0
255,8,6.466414386983005,4,6,0
199,12,5.419500929945777,47,6,0
70,6,4.563904709264483,39,7,0
152,14,7.881299143498645,13,1,0
394,16,6.337624310241945,24,9,0
299,13,5.670726247358723,12,7,0
195,19,6.296002093031294,43,2,0
239,17,9.695290898586803,14,3,0
362,14,1.8898854102224436,9,1,0
177,1,6.819878751100337,41,7,0
80,11,6.026343419635331,17,7,0
363,5,4.452476986479705,11,1,0
416,7,3.6173673665602264,1,3,0
242,15,9.953412998582476,13,4,0
479,7,7.1301062974591884,36,2,0
240,17,6.2343716268766585,11,8,0
403,16,3.8382733388928423,9,2,0
263,15,8.021637545399104,48,10,0
232,13,2.1861985521945297,50,7,0
72,13,3.614515395478083,24,5,0
182,20,5.346779202823525,36,3,0
486,12,2.677895833138763,16,3,0
232,5,1.303486852287954,31,9,0
200,3,9.576331691164073,34,6,0
20,4,9.855860521225729,7,5,0
178,6,8.539978397055009,7,5,0
96,18,8.835954279888924,18,3,0
253,14,1.5179068432322333,21,6,0
287,16,8.67166446338059,1,6,0
78,17,2.1240674696349076,15,5,0
450,9,9.361576257473082,22,6,0
452,2,8.476891622708179,23,6,0
300,6,8.644873675374617,28,10,0
152,14,7.605609721439202,49,4,0
32,19,8.033454387365877,22,8,0
208,12,7.545701846614173,26,1,0
352,2,9.592981057317633,47,10,0
255,16,5.010620400965238,14,9,0
307,15,8.315561800272748,44,9,0
351,3,2.973305307078854,5,1,0
173,14,6.354561007342525,46,4,0
378,4,9.115344571171125,1,10,0
70,11,1.2550574172915323,29,1,0
346,2,2.0876003437012423,38,9,0
163,17,1.0565396371053963,9,10,0
166,5,5.695991467275688,7,1,0
86,17,6.725217705907083,45,4,0
196,12,1.2408062035589724,21,8,0
31,10,2.9139645525565987,45,1,0
404,10,6.940172514302345,10,2,0
381,16,2.660268903353411,6,9,0
242,2,2.8442230008680247,26,6,0
356,14,3.5826572749632266,22,4,0
127,16,9.100879341024523,15,1,0
489,20,4.618857418328441,9,4,0
271,11,1.0128347678539458,23,4,0
140,3,3.0295692487300316,42,8,0
99,4,1.0569303691427816,47,4,0
474,14,2.8301900075094495,28,7,0
121,6,7.821341766587819,49,10,0
249,12,3.0189582192087436,15,9,0
237,18,2.1134037378099553,46,9,0
311,18,1.617611628442805,23,10,0
490,15,9.21160073973041,23,1,0
208,15,7.734156248091547,17,4,0
473,4,5.179287750544696,13,3,0
467,8,2.59858310849925,7,1,0
211,9,6.758614317764939,34,10,0
345,16,2.5762397396068257,21,8,0
420,4,7.995545032485773,47,6,0
301,7,3.0558813594242245,9,2,0
37,2,8.353787271503808,23,2,0
152,18,6.396170976902855,5,2,0
113,7,7.0808599193485025,50,1,0
373,19,9.16608397709913,43,3,0
274,4,3.4586068487544344,4,3,0
474,16,1.2312455894652987,40,10,0
253,18,6.743849841944056,11,4,0
133,6,9.510120120056557,45,9,0
331,14,8.56723946177075,41,4,0
355,12,7.581249576426921,33,9,0
76,3,9.128007162145618,39,9,0
309,12,9.146460208102491,18,6,0
320,19,3.5475911416217425,16,8,0
111,3,7.041171659998749,15,6,0
464,8,1.3131606818285628,31,8,0
259,7,8.893999382662049,48,2,0
107,17,4.22865981228799,23,6,0
183,6,3.6383235489985273,41,9,0
469,17,6.681355192627637,18,7,0
466,18,8.321210410841683,12,2,0
146,3,8.287815097984577,27,4,0
158,2,6.590600960895048,47,6,0
370,20,6.594826171893536,18,3,0
195,1,3.1906474637349658,50,6,0
33,3,8.389374710076009,34,1,0
346,16,7.594939487584108,32,6,0
66,18,3.3861643656668585,35,8,0
175,19,6.465836820250437,27,8,0
303,15,8.319365245843324,21,8,0
96,16,2.927211602571549,19,3,0
479,3,6.70571848722225,19,3,0
285,17,7.530166527999958,1,4,0
488,1,1.8482706579676291,25,10,0
305,13,4.39485868336366,12,6,0
306,12,2.699108455314125,47,9,0
452,19,5.371547180322066,11,9,0
281,9,2.469821006781483,47,3,0
54,11,7.805071225684158,41,6,0
493,3,9.876621197651279,13,1,0
96,16,1.41626270191628,15,10,0
290,20,7.9376622889022554,38,5,0
111,6,1.3818456378259996,47,1,0
257,4,6.684998401630119,31,1,0
157,5,2.021345715923405,17,5,0
369,16,6.044832520999841,3,3,0
115,3,4.778496448005693,2,1,0
383,8,5.8828994441256235,28,7,0
208,1,7.656466612906659,15,8,0
25,17,1.1769167620730874,23,3,0
120,2,3.3839975790158814,47,1,0
190,2,8.278496883275366,46,5,0
324,3,9.467568559985272,1,8,0
282,19,2.684151286959751,45,1,0
276,3,1.5191250791572974,43,3,0
376,16,1.85248276043575,16,8,0
283,7,9.842004506209186,40,5,0
144,7,1.804093950349988,48,10,0
72,20,6.411050839940877,48,7,0
218,16,8.369058868240622,46,4,0
80,13,8.143778812790998,7,9,0
173,6,7.537409622655673,32,2,0
204,17,1.4451204935471056,34,9,0
93,13,6.884349431583969,6,1,0
444,14,5.253342907538574,29,5,0
421,6,7.466667312451683,21,4,0
227,8,5.729190423047922,25,4,0
155,4,3.1582562913186045,49,9,0
444,8,3.5174067057132516,4,8,0
355,5,6.590560339040553,24,4,0
129,20,8.98444205115262,21,9,0
185,2,2.167320716559514,10,5,0
286,8,2.591880726400575,12,4,0
450,11,6.648138149428183,26,3,0
428,5,5.683963266286529,50,5,0
121,14,6.610213899986902,49,2,0
306,1,2.9598205349931934,35,3,0
343,14,8.351496712197605,18,8,0
207,14,1.7374089050759323,1,7,0
24,6,6.907197422385448,27,7,0
210,1,5.705273099252462,23,6,0
154,8,6.147963698986539,26,10,0
184,2,8.396885197695337,6,2,0
398,4,2.218622066512267,18,6,0
45,19,2.7756752405790697,8,8,0
191,3,1.850148097037719,29,3,0
35,9,7.484577659361779,41,1,0
295,1,7.7590642398593666,5,6,0
120,8,2.5545267403835115,8,5,0
21,8,6.8302808105509785,18,9,0
53,9,3.1256037752370665,35,5,0
136,17,6.495686840963346,14,1,0
391,20,5.915564027138421,44,6,0
206,3,7.269880919451332,13,9,0
157,2,3.2609590070641623,5,3,0
114,12,6.866238145426846,18,8,0
146,2,2.1499427745484274,10,5,0
190,3,7.680973688326229,25,5,0
403,14,1.8758675452673574,10,8,0
180,16,3.5325644491546635,33,2,0
201,13,4.946890385536957,42,6,0
492,9,8.565710903913509,25,3,0
341,18,1.0691857995544214,11,8,0
448,8,6.233091702950727,47,6,0
291,19,9.687092337414596,26,3,0
125,15,3.6618316646093714,47,5,0
175,13,5.429243908068772,33,5,0
229,17,5.960529747474534,9,5,0
412,5,9.404388750742946,32,8,0
66,2,4.504398239081077,23,10,0
64,3,4.9967153444831744,20,9,0
366,12,5.681586960980993,36,4,0
131,17,9.930182356231725,43,10,0
417,3,5.525323900639451,44,1,0
174,13,3.976332853378442,38,9,0
231,13,9.089072254887919,18,8,0
127,8,1.489962588122085,8,6,0
423,3,8.18276441851851,47,3,0
339,18,5.146655455022499,38,7,0
201,12,8.63872227674155,43,4,0
354,12,9.145385430815864,24,6,0
39,17,3.829405931877268,45,1,0
411,5,1.7015428999718503,3,7,0
294,6,2.0281583312168654,8,10,0
287,16,8.45405289572312,37,6,0
454,6,2.449148717909895,33,8,0
144,2,5.701930055307117,8,1,0
151,11,6.310433061350113,47,7,0
107,16,5.2354914212272705,47,10,0
256,6,6.610346101200493,29,6,0
383,19,8.211330916656873,30,4,0
170,2,5.401439909000526,11,3,0
255,6,9.208154342521627,50,3,0
359,9,9.243953761195081,4,10,0
121,15,6.161639333726012,43,3,0
83,12,4.623218344079865,36,5,0
68,14,9.692848401631615,41,8,0
148,4,1.4227660619051137,50,7,0
387,9,6.067171776955968,45,1,0
99,7,3.4229516080057274,24,6,0
366,13,2.808205899816166,17,4,0
426,3,5.932828755468379,18,7,0
415,18,4.4607187476803425,46,1,0
255,14,3.8813765396606357,50,10,0
370,12,9.1778901780588,2,7,0
255,1,1.655407472247376,50,7,0
331,18,9.835595846267779,24,4,0
156,13,3.798493055083631,19,4,0
427,13,5.613405100492092,14,4,0
202,8,6.175075332033229,43,8,0
491,19,5.7516871115507975,25,6,0
33,20,1.0635423027564381,14,8,0
39,8,2.2572036181298425,44,5,0
72,4,4.904056492421433,26,8,0
178,16,1.0553555788319233,1,5,0
241,17,4.7019224803513096,28,2,0
265,19,3.9301875998644773,13,10,0
207,5,1.2081939351670643,39,1,0
457,1,2.5045161948402592,48,10,0
496,6,2.4550585689204194,15,4,0
227,8,6.029597950875276,41,5,0
497,10,1.8422193584993005,26,9,0
500,20,8.71041822391311,13,10,0
58,4,3.552818970322928,22,5,0
53,15,6.904006524352608,36,4,0
249,11,4.997112966404428,29,5,0
306,8,5.704615822640083,42,5,0
73,19,2.0575085899040984,3,7,0
235,18,7.110871010440047,14,3,0
256,9,1.4135991114234114,44,3,0
306,20,4.981283669122378,20,8,0
469,4,7.118667852367511,3,8,0
56,14,9.148701064821253,11,5,0
409,4,1.5713671288507238,3,10,0
92,13,3.1118947792034075,4,3,0
189,2,8.703656591385272,13,7,0
292,11,2.185593073863468,45,8,0
143,10,2.796132500986586,41,8,0
99,18,4.621490839608309,35,6,0
346,5,2.6157187677113862,10,5,0
434,18,1.7900313696486512,9,9,0
477,6,2.2362010398370433,39,2,0
283,18,6.959841739548544,30,6,0
291,15,7.564624443821709,1,3,0
233,18,4.572746288790882,33,6,0
457,2,4.831561160689601,21,2,0
372,15,7.4898128873998076,16,8,0
436,11,6.0564282499763955,10,8,0
355,5,8.275798640051907,1,6,0
305,18,4.793478469645772,27,3,0
164,12,6.860532348222099,24,5,0
93,14,6.374062091665693,36,8,0
350,12,1.8539384756659758,14,10,0
187,15,2.4276084122435755,2,4,0
207,2,6.212810105532746,44,8,0
146,8,9.02192285680536,5,10,0
235,17,9.178009848943537,26,5,0
228,16,3.068669003597231,12,3,0
289,14,4.017983488117059,44,7,0
61,9,4.17816193434666,36,3,0
490,14,4.430877474903593,29,8,0
282,14,1.2064426576404712,48,6,0
74,14,9.05190547348718,20,9,0
62,18,7.737798740016586,14,10,0
422,19,7.913884573723864,27,9,0
243,11,2.6569208026868782,21,9,0
352,14,6.649291569690109,50,5,0
257,7,5.208183421448391,20,6,0
60,7,3.4914865899302288,2,1,0
389,18,8.25603607715925,47,9,0
45,9,6.600821002642258,15,1,0
243,2,5.584115931817146,29,10,0
105,11,1.8577528715636715,18,8,0
163,12,1.1978528722187511,50,5,0
489,4,9.65600176983002,45,2,0
100,2,3.4622837671674667,22,4,0
64,8,1.8757021432054506,20,2,0
385,2,5.135301356847924,43,6,0
31,4,9.018078065148961,22,7,0
193,20,7.3756285439239635,19,1,0
107,2,5.246627470303457,38,9,0
270,8,8.566373689151426,33,6,0
363,3,8.369306678585117,6,6,0
361,10,6.622206369207749,28,6,0
286,13,6.8200746988242535,48,4,0
317,17,7.280848896214274,47,6,0
481,1,9.0953269725311,6,3,0
478,6,8.60713776695425,50,10,0
76,15,8.80023962015565,33,1,0
135,20,9.114363793192911,19,2,0
213,10,7.534089916241408,38,4,0
293,16,8.140455641275246,26,3,0
181,4,1.5893279788424246,49,6,0
343,1,5.814347063527494,33,8,0
202,14,4.2281790205823855,3,6,0
21,18,5.490424556089584,34,7,0
130,1,7.691142681577134,25,6,0
181,11,2.0937761849222736,11,7,0
271,4,7.005372528363584,47,6,0
295,16,9.636365002807995,45,8,0
183,16,3.3462234432143565,15,9,0
468,17,8.84699441649071,21,5,0
227,13,7.923766730670798,35,5,0
389,14,9.167381805159673,50,9,0
483,1,4.112696265984244,29,1,0
405,12,9.02251748310696,45,6,0
203,18,4.606436745594867,38,7,0
156,11,5.949120494786407,9,4,0
104,10,5.020172334487182,13,4,0
120,13,3.0640606106534767,25,8,0
114,7,6.402694940957636,38,5,0
454,10,7.596076430508963,45,3,0
296,20,2.4561044195102317,12,6,0
210,5,4.132449833597452,22,2,0
80,10,6.444561404833336,41,5,0
320,18,2.63343080582391,15,4,0
206,9,9.446875550946967,42,8,0
235,14,8.872289082861046,17,7,0
282,1,1.5025540807031774,40,6,0
303,8,5.320108520806645,11,2,0
260,19,6.448524404729797,36,6,0
358,16,6.187442782358203,40,2,0
405,20,4.967274485418874,3,8,0
356,12,7.91209775223966,11,4,0
484,10,6.189529452371678,48,10,0
175,6,7.186604991932288,45,8,0
393,16,7.4716708444106406,5,6,0
82,19,4.272435828442997,13,5,0
259,1,3.392380061114345,8,6,0
464,1,7.054745360533617,20,10,0
68,1,8.017207503126771,6,7,0
303,16,1.8378404259787047,33,5,0
369,8,4.769879530433365,47,3,0
409,15,9.433251030831672,38,7,0
339,19,2.0600271291653,48,3,0
87,20,8.389229725112688,19,1,0
333,13,9.106463152316392,42,10,0
444,9,5.928270580034115,28,1,0
475,10,3.784737518954511,50,3,0
68,7,3.1988710770955415,25,10,0
250,16,4.748787882290804,29,7,0
496,12,2.6860595229957767,4,10,0
293,16,6.946872750466887,24,3,0
147,9,9.074644748198414,43,2,0
492,16,4.151098398836375,31,8,0
74,16,5.876728795202723,27,7,0
319,4,4.5660601570757855,23,5,0
393,1,9.586899009419838,29,6,0
316,20,4.281413595019652,38,2,0
78,7,5.499012639923611,9,9,0
224,6,6.618497282059767,15,3,0
51,11,6.352612392649937,23,6,0
468,6,5.988978328985969,47,6,0
170,16,4.320941800582915,8,5,0
372,1,7.215059338771893,43,3,0
457,5,6.671554162146338,20,5,0
262,15,6.977135173275688,19,2,0
50,2,6.33855201116613,6,7,0
209,12,5.132396373714262,16,2,0
377,3,6.4885218952695825,16,5,0
87,3,8.93212206856385,24,7,0
487,15,8.312195890103887,6,2,0
385,4,2.8594458111149046,49,6,0
400,19,7.3599634800978215,15,8,0
331,2,8.135506714121965,38,5,0
289,19,9.917336787627399,48,6,0
190,17,7.918122841529877,42,5,0
99,14,1.4792436682029235,26,5,0
394,10,7.735205995736184,10,4,0
123,5,6.694211067231378,13,6,0
169,8,3.1502065285829928,14,3,0
235,3,4.374336528745729,16,5,0
55,8,9.925388120416388,48,5,0
386,17,9.09631992509275,32,4,0
27,2,5.715305562565361,37,3,0
219,19,4.258107977487835,43,8,0
79,11,6.185641683597683,42,9,0
186,19,8.486066036798736,46,1,0
451,11,4.114466443120232,15,7,0
120,10,6.03784036675211,24,1,0
488,6,7.937299230594946,9,8,0
291,11,1.4378165590722967,28,7,0
483,8,7.992786667730361,7,6,0
480,8,6.034233870812773,45,5,0
335,9,1.1186931905036666,23,7,0
39,17,2.2070020887460515,1,5,0
47,5,7.107284954845345,30,3,0
103,5,9.913136489054523,14,6,0
486,2,9.995791845001596,38,10,0
277,6,9.027330294266491,4,4,0
381,10,4.450550713995899,11,2,0
394,17,7.830136544858326,14,5,0
478,12,1.8895561162352625,14,5,0
498,11,1.7027030590837584,19,4,0
59,10,6.976448670978088,20,10,0
284,12,4.643274591589474,30,7,0
127,10,6.372384296211456,27,4,0
345,10,1.784422961089101,1,8,0
287,10,1.4287739982702292,4,4,0
107,17,1.1175462168037575,32,7,0
238,6,7.350394066657648,42,4,0
351,11,2.7527897823923992,46,4,0
265,11,8.404719576666597,40,10,0
247,20,9.760051740249331,10,6,0
500,8,3.811531100355765,18,1,0
295,19,3.74854590631194,6,1,0
358,13,5.694570609761605,48,4,0
356,20,6.128730640277347,11,7,0
146,5,5.383241482592685,1,8,0
288,4,5.956671998186268,48,7,0
417,20,8.431571684584757,5,8,0
57,16,4.589596317977674,25,2,0
500,18,3.275611385719642,20,5,0
472,16,4.946267480078067,8,10,0
265,12,5.315017706001019,40,8,0
341,13,7.258272435104692,21,3,0
388,16,5.223861302696988,46,4,0
266,16,4.950230385503936,24,5,0
314,12,4.301016629373129,43,7,0
391,13,7.765885163514177,35,4,0
292,16,9.070703069559809,17,4,0
252,16,8.86502523445791,17,4,0
103,5,7.988262551949508,12,1,0
481,10,4.628511583462964,30,6,0
245,12,6.903874040277069,27,5,0
35,12,4.290532938225615,48,7,0
384,2,4.886628855748446,40,5,0
296,16,8.483494846820829,39,1,0
439,20,4.71009465708932,34,5,0
321,18,1.0782364584765554,38,8,0
490,8,7.538935508810764,37,9,0
263,14,9.18254573253979,8,7,0
252,8,7.014104397876252,8,2,0
312,10,6.050606746571326,40,4,0
88,7,9.756173736372155,37,8,0
199,16,3.1708352925967507,22,10,0
175,2,4.197502174524876,39,10,0
218,13,7.979815680646402,18,4,0
402,15,2.4433626463371287,31,3,0
204,12,2.9740710876960863,28,8,0
166,11,3.1105238171589096,21,10,0
43,12,4.422847960262807,33,9,0
320,9,5.8542303959725075,35,3,0
383,7,5.573654545603822,12,4,0
51,7,8.665321830491447,40,7,0
436,5,6.7867654670037165,13,7,0
409,11,4.327651888502883,6,6,0
277,16,8.683982665183654,37,1,0
80,15,5.045361956578765,2,1,0
34,12,4.381448933244001,11,3,0
281,9,2.195945723163853,46,1,0
399,19,9.106396269682364,14,7,0
256,8,1.9884416371760354,9,3,0
421,18,4.2170695326886865,40,4,0
167,17,6.693430708437354,17,6,0
204,20,9.827990641557578,32,8,0
285,4,2.4905195745638853,4,1,0
392,11,2.3631195690412956,32,5,0
367,17,3.474861112321626,27,2,0
288,20,4.768076863555525,50,5,0
73,18,5.59740974120404,21,9,0
290,6,5.348636911389676,50,2,0
34,8,2.717602996647944,36,9,0
161,3,9.122564631830937,22,4,0
145,16,4.520478602123561,36,5,0
216,14,7.070854995665191,40,8,0
154,6,3.0882938130636197,50,3,0
353,2,2.5305462921765307,49,10,0
235,20,8.957096978175962,46,3,0
98,3,9.66594671520568,38,1,0
385,15,4.204311782303737,50,3,0
199,19,7.629994987671277,48,9,0
480,2,1.4334868427027225,28,5,0
265,13,5.338547881739317,30,5,0
233,19,5.827195312111,21,4,0
307,16,6.263882069614587,31,6,0
107,16,4.94772064687583,22,9,0
234,4,8.41163252850837,15,1,0
65,12,8.34588687682827,9,2,0
252,14,3.985198692704957,31,9,0
443,2,6.115700992796857,39,3,0
403,10,2.4187813284337403,40,7,0
73,19,2.255015592609388,17,1,0
204,11,7.689520108189159,34,9,0
429,19,3.605147524914428,1,8,0
101,4,4.9903764351964215,44,9,0
260,14,9.051285459610689,17,6,0
313,5,4.041542032281857,41,1,0
431,18,4.3159427546458184,43,5,0
340,3,9.781521179261588,17,4,0
318,1,3.1432085795224953,43,10,0
84,8,2.865335780034325,43,5,0
374,16,5.060546744620766,5,10,0
149,15,2.156422016497428,18,2,0
314,13,7.230828231956406,41,4,0
104,4,5.506971761212972,35,3,0
404,9,3.2094019198196673,4,8,0
61,15,4.292420121821872,42,4,0
180,2,9.390840033601085,23,9,0
211,14,9.142593603307313,14,2,0
253,8,3.9498920686374013,26,4,0
295,15,7.2977377352258515,50,9,0
340,17,8.441379820637684,3,6,0
459,12,1.110062858092605,36,4,0
168,16,4.927790656563754,18,2,0
143,4,3.6925948938933613,4,4,0
123,10,2.639936063749382,46,5,0
422,10,5.796019356405491,43,10,0
448,8,8.799855842668652,11,6,0
166,11,6.812558570554524,36,6,0
66,16,7.96834708432365,19,3,0
481,12,7.958967175514815,3,3,0
312,13,2.2759838321339183,28,10,0
288,7,8.273840288071312,28,1,0
492,12,5.858500702897642,30,2,0
171,12,1.2294207542302713,26,10,0
221,15,5.986999376454705,25,2,0
417,17,9.3495168323235,20,8,0
210,9,3.694717827243608,6,9,0
146,2,7.090881861918235,3,4,0
20,12,1.703327216815036,41,5,0
483,2,5.24146954462144,37,3,0
440,11,8.534854969389645,26,4,0
487,11,1.095293825341669,20,6,0
418,13,4.966653028249649,6,8,0
376,18,7.408595880089154,4,7,0
426,11,7.306439064994916,48,7,0
41,8,2.194528944254353,8,3,0
201,4,5.84578803025965,18,8,0
143,5,9.956419527678277,34,1,0
208,17,1.8440273997992622,43,10,0
305,13,9.260345396427555,37,10,0
398,7,3.9478085698992755,49,6,0
27,2,2.2202499778448486,10,10,0
272,20,9.886052663358209,19,1,0
42,11,6.423810676594549,22,6,0
204,10,8.12979281855098,38,4,0
237,20,6.015170870390608,33,10,0
39,11,2.0297094255050045,49,5,0
444,14,6.742163300631095,35,5,0
407,11,1.6919914459099137,44,1,0
300,12,4.853526956824277,5,2,0
367,16,1.2365918305992563,11,10,0
292,20,7.632210219980456,5,5,0
194,16,4.711010379007812,49,1,0
469,7,3.0635832696618612,41,6,0
194,3,6.4691283224479275,44,7,0
244,18,2.6468181323345608,46,2,0
203,19,6.203588004785946,32,3,0
32,6,3.8610798898594467,36,8,0
145,5,8.130010953270332,13,9,0
349,14,7.910606023082998,30,1,0
165,12,3.91660836837547,29,5,0
466,8,5.985792691778284,39,3,0
128,13,9.95813257253672,23,5,0
116,16,5.872999947896616,13,6,0
212,7,2.888941742699499,15,3,0
332,14,9.570255845797234,26,8,0
104,2,2.4651016123610634,6,7,0
280,18,3.1769390038264333,43,10,0
57,9,8.612765870737718,41,2,0
323,7,6.607665541939519,32,5,0
134,5,4.642306147683745,7,1,0
358,13,2.5675350049244723,26,2,0
92,16,9.279484582695414,44,2,0
337,18,5.986821407470811,25,2,0
126,18,2.2013304584412023,5,1,0
380,14,3.920309522971631,5,4,0
403,7,2.0688569131246277,39,2,0
115,6,7.35802942598319,12,7,0
225,8,9.268953853544916,45,7,0
36,4,4.689469021577517,29,3,0
317,16,8.126200335153818,40,3,0
259,18,4.1810991001081845,18,2,0
250,19,9.820570554617175,30,9,0
80,7,4.80135319069987,45,10,0
91,5,9.578763237851497,25,2,0
345,11,1.326813535726897,43,10,0
202,4,1.7031578373983915,32,10,0
352,10,6.355007889327503,3,1,0
377,5,6.421236578499326,35,6,0
488,2,3.2327565210742533,38,5,0
124,16,8.14030792272988,31,6,0
331,18,9.582978702396732,17,3,0
27,4,8.787149205056355,36,7,0
235,13,3.544333643880501,24,1,0
248,6,3.7933047747849047,46,9,0
331,6,7.554093373649301,5,4,0
204,16,7.40562211822373,11,8,0
330,3,3.076071770579529,50,2,0
179,7,1.5340944753283368,47,10,0
216,20,5.721304216944535,4,3,0
115,12,7.776638927518397,12,8,0
278,6,3.1084294902440823,37,6,0
67,8,5.159726128516304,4,4,0
408,10,2.3221687668754494,46,7,0
23,18,1.4619903362903557,30,9,0
110,4,1.5144853539676673,18,7,0
276,18,5.048279774150224,42,6,0
34,9,1.592441729749675,41,6,0
306,2,5.378620000329228,44,6,0
138,20,8.312207831861064,32,7,0
292,3,7.139195147061006,40,2,0
231,2,3.9482574760421563,17,4,0
154,2,8.33187774685198,29,2,0
100,3,2.1874889708878813,14,3,0
152,13,4.066507126323334,29,10,0
329,18,9.056626036794164,39,7,0
65,15,6.538975356625016,23,9,0
296,3,7.299405264310499,27,4,0
163,20,4.08478441555486,31,8,0
187,7,3.569136666090595,14,9,0
483,15,8.342088266552274,28,4,0
151,11,5.814779436037966,47,9,0
242,20,9.097366608053688,27,3,0
332,7,2.1956751046720315,42,10,0
415,19,2.533834452200259,28,6,0
151,4,3.705969338941157,33,7,0
425,1,3.168041572098499,50,3,0
39,19,5.689705681817603,15,5,0
175,13,4.861260287577894,47,9,0
448,9,3.7560032038317375,40,9,0
446,17,5.713017371942314,10,9,0
259,2,1.6309913478092102,23,3,0
95,5,1.3258262888948151,32,10,0
495,13,8.076485738827923,26,5,0
297,20,4.2752303162180265,38,10,0
144,9,5.706968776461786,12,7,0
159,17,6.960226647595446,18,7,0
375,2,2.1042155484397593,40,7,0
68,6,9.689176938767378,27,6,0
469,12,9.190635560354593,46,7,0
274,20,2.7022553857673737,1,6,0
444,18,7.733188251047934,21,9,0
371,19,2.290605366399055,38,8,0
254,6,6.762693270588164,23,3,0
471,20,5.666692411119641,15,9,0
31,8,4.259521212748544,44,3,0
431,17,7.048309161807079,15,1,0
58,19,4.203939182675224,30,8,0
130,5,5.959844161310822,41,8,0
284,3,6.422375397605424,3,5,0
439,17,1.699007745862992,10,7,0
372,16,1.265160829937824,17,3,0
279,18,7.947414615299162,12,6,0
270,17,2.187122976439732,15,4,0
437,10,7.920573415347684,9,10,0
108,8,9.792699310056973,15,9,0
234,9,3.2551274912428148,8,9,0
102,1,6.367026794518275,47,2,0
36,3,7.524743481557267,31,5,0
95,7,2.331235793902146,36,9,0
345,5,1.7342947074560184,30,3,0
443,13,9.67444129539327,9,2,0
312,4,8.16637248896838,25,5,0
195,14,4.673079581124932,5,8,0
387,1,2.316113356137161,42,3,0
354,8,8.418013622012936,9,2,0
298,15,5.732476802079842,10,3,0
30,12,2.623800239713969,21,10,0
154,12,9.83191022483719,6,2,0
356,20,8.589988492735511,20,4,0
153,8,8.017736212729437,46,1,0
302,14,7.3182512912457,22,6,0
422,18,4.128735147696103,50,1,0
147,5,5.532013612816993,10,6,0
434,14,8.775197249788032,8,1,0
433,1,4.261579124180904,45,2,0
383,20,1.90973022828951,13,7,0
442,17,9.308914527747504,20,6,0
360,8,2.14050709612039,5,10,0
100,19,2.0168294120094825,28,10,0
423,14,1.5863254283351145,31,4,0
82,11,8.266373313738555,31,1,0
357,2,7.900643744284402,32,10,0
76,9,8.713026757526414,50,3,0
442,14,4.725945364616361,30,4,0
457,16,6.001688482478057,36,2,0
251,9,7.212466427931128,25,3,0
254,4,3.3525455550308148,1,5,0
59,1,8.414439439435633,32,1,0
412,7,7.372044604033195,12,10,0
328,13,5.154368811752339,41,8,0
87,1,6.231022136085789,22,2,0
302,8,9.79430250988203,26,6,0
456,19,7.599404595279361,35,3,0
377,7,2.819586386844874,28,7,0
219,19,1.8919515499482398,12,5,0
499,20,1.7174555962724862,33,10,0
279,1,9.712282299095103,43,10,0
112,17,6.319793182650901,39,8,0
290,15,9.067222834925927,28,9,0
185,11,4.135211784868655,3,5,0
99,6,6.1631036844690605,29,5,0
142,4,6.169992926928807,32,1,0
203,17,6.394596050140079,20,6,0
215,16,1.3223244868482733,44,2,0
211,2,4.373309229498631,39,3,0
39,12,7.571683008658924,31,6,0
311,2,6.0714384426905745,43,9,0
133,16,6.206577400157466,45,9,0
222,5,7.473946180615514,40,5,0
198,19,6.651240782652014,24,8,0
146,7,5.526470406026379,33,10,0
80,5,1.9466064059598378,31,1,0
363,10,5.806199581563017,2,5,0
123,15,4.601888384562014,37,4,0
271,16,7.980553777662115,39,4,0
222,17,4.657249992285697,7,3,0
477,18,9.029195293763689,18,3,0
419,14,5.132674564208072,26,6,0
281,2,2.0543957566933813,49,7,0
20,19,5.320171659275787,21,4,0
218,4,2.161575087718025,33,1,0
364,18,3.255397541905765,32,7,0
150,3,6.627105551844361,14,4,0
342,12,7.755161543532942,30,2,0
453,14,3.547018328884682,1,8,0
94,7,2.868371455785537,24,2,0
251,9,8.049936156236273,38,1,0
264,11,4.373659236165711,37,6,0
412,18,4.883459649943825,26,4,0
370,15,4.549004885138078,48,9,0
65,12,6.737564991362999,5,5,0
375,11,3.150627144119051,4,5,0
60,12,2.231467245221655,32,4,0
399,15,2.3635472685854695,22,9,0
117,7,7.383234568128694,46,6,0
294,16,4.072277517804132,49,4,0
281,20,6.338313899272613,1,3,0
442,11,1.4003694799020163,45,7,0
497,12,9.29481746365122,47,1,0
44,2,1.1554685788262078,50,3,0
185,9,5.345341448336915,36,10,0
327,3,2.102638904670364,36,7,0
409,3,9.884137023778022,42,6,0
473,12,3.622206080708649,1,10,0
265,18,3.6019448418148423,4,6,0
118,15,7.60129532035554,48,1,0
267,3,6.562004934118263,16,9,0
24,6,7.7203104422328535,3,6,0
127,13,4.7987330471640135,29,9,0
280,15,2.337506186413597,17,7,0
444,5,4.638618888215119,30,7,0
311,17,1.474313579526405,1,3,0
43,5,4.4736077278059545,46,3,0
398,4,8.125635975411189,24,10,0
254,19,6.932656981444099,14,5,0
247,14,5.766711511555304,25,9,0
110,20,9.835681687760385,32,6,0
193,1,5.301239028427721,25,2,0
239,2,2.290108715042997,27,2,0
469,16,3.2396837651919914,30,10,0
151,4,9.357218115276039,10,8,0
452,12,3.3411623572057225,37,8,0
165,14,7.70189629660771,3,3,0
308,3,9.110980981877617,20,10,0
477,20,5.552566691939685,14,2,0
313,1,4.996593015869527,28,5,0
264,5,1.787571370572714,26,8,0
206,17,4.571350049984009,38,6,0
130,14,7.224094274639268,29,2,0
409,6,7.889428317843751,23,3,0
62,7,2.5287131849923887,23,1,0
126,3,1.9154830372663307,31,7,0
92,16,4.914065753052545,35,4,0
350,20,6.549173447385198,49,5,0
150,7,9.116680085175254,10,3,0
422,11,9.675057131211414,41,7,0
29,11,3.358756874446932,32,5,0
199,11,6.019748342597413,13,9,0
485,4,5.819313879589156,12,6,0
166,12,7.334397188959971,37,8,0
240,5,2.646436489148499,40,7,0
144,20,9.319192093843101,18,2,0
110,12,4.692394115798008,37,2,0
445,2,6.609566687242943,2,5,0
124,7,5.939765254107187,6,5,0
347,5,4.796065882138434,24,1,0
361,7,3.5526205347803153,38,4,0
22,12,9.577954261697084,34,3,0
33,11,7.448472840877934,43,3,0
167,2,3.395895598676488,14,5,0
407,6,3.0656440229421835,4,6,0
488,9,8.257879560048565,35,1,0
443,4,2.97460127695996,18,5,0
128,11,1.0003962521084835,18,6,0
296,15,8.800411572482915,28,4,0
217,11,5.450492192635551,6,2,0
253,19,1.0529642036456548,20,10,0
337,3,4.77035925246569,9,8,0
377,15,9.16929458113481,32,1,0
206,19,6.94003949194089,46,4,0
324,2,9.48210070022821,31,7,0
357,15,8.254014403356782,45,8,0
103,20,1.4786510917130453,3,6,0
25,13,9.086173570648604,47,10,0
300,15,2.6947421796065427,4,10,0
173,6,7.968876152159849,44,7,0
24,6,6.7658085398484475,14,1,0
484,16,7.088682689636367,15,3,0
273,9,4.027036569580171,13,6,0
183,16,9.248689828129047,22,10,0
26,15,9.54849967810304,16,3,0
92,19,8.496094763881263,36,7,0
355,9,3.8046653031486017,26,7,0
309,7,5.932926053823527,30,9,0
189,11,6.620083101559696,21,9,0
74,4,8.443543483273853,30,5,0
109,16,4.001866435861263,30,9,0
257,7,9.13236648179315,2,7,0
39,16,1.8237002488542307,9,8,0
230,17,3.381402876297126,40,6,0
147,2,2.4164513040518214,9,2,0
170,15,9.471588043827007,3,4,0
247,1,9.167330371134312,40,7,0
194,8,3.916000744894527,16,8,0
134,2,1.0618678931419256,15,2,0
150,13,7.137009567279788,34,9,0
481,17,8.870319310695335,13,1,0
475,13,3.5500929336631897,39,6,0
62,11,5.966888417977407,6,6,0
351,9,4.678182739163668,5,4,0
105,14,9.46440781596571,10,6,0
76,2,3.9947757103458255,1,1,0
129,13,5.61376439296289,46,4,0
53,7,9.425792094511374,35,1,0
109,6,6.512957607643712,24,2,0
141,8,7.752102368433819,10,6,0
493,2,5.825381940334572,40,7,0
304,16,3.3445984448651793,13,6,0
428,3,8.312365934663529,20,8,0
177,20,2.550602009199374,4,3,0
348,18,4.628073518747097,23,10,0
152,19,3.2663068192944618,30,6,0
50,17,2.089926880799469,16,5,0
351,8,5.8949030043920905,43,2,0
224,11,6.586563150149743,32,1,0
400,18,7.387851947314827,30,6,0
323,18,9.673900254155539,22,3,0
461,11,5.204861349580159,25,5,0
357,12,4.186082451694936,28,4,0
276,13,1.161734197019873,29,6,0
245,9,7.347653379900432,16,6,0
185,12,9.516218496372046,15,9,0
472,15,4.962444882970004,18,7,0
253,20,8.134426744894132,14,3,0
194,9,2.818857880620841,42,9,0
420,9,9.577043484896018,23,7,0
147,20,2.4015864278217993,25,5,0
127,3,2.679436440817957,33,2,0
208,8,7.428341008432708,13,6,0
137,2,6.11812394096896,27,6,0
399,18,2.2518828608963757,9,9,0
108,17,6.734980052392933,6,10,0
375,9,5.2805940586369555,3,8,0
394,19,4.847924482230068,28,10,0
437,3,5.890057499769325,47,5,0
277,13,4.226893904416624,4,3,0
146,18,3.346972857048193,39,10,0
463,19,5.874814444508388,10,4,0
130,7,7.104985329286222,34,10,0
388,6,6.144778766189495,25,9,0
136,10,9.45227944235943,14,4,0
428,14,3.507349752234874,15,8,0
233,1,3.8222244956780824,41,7,0
296,19,6.466376338774485,33,9,0
213,5,2.6777929752085416,27,6,0
350,6,4.884738157989631,14,5,0
396,9,9.598097607503385,46,3,0
438,18,2.2180122966652407,34,4,0
338,1,1.2144509034618225,24,6,0
115,11,3.8912971485436176,15,4,0
113,18,1.4781903773282727,22,6,0
163,10,5.509480496889305,4,1,0
248,13,8.603862202758227,28,5,0
342,8,4.820069325147166,22,9,0
433,2,8.443587294877187,14,5,0
298,8,8.714682224099546,47,8,0
356,1,1.6021724918407119,12,4,0
495,4,9.374496885662598,2,9,0
159,5,2.560106171848868,49,9,0
158,9,1.6884377943970743,22,5,0
188,19,6.358981070344508,16,9,0
136,7,1.7985048471242462,17,8,0
230,16,5.645575310171342,40,6,0
62,10,1.8853081206771571,50,8,0
87,4,7.898202751124955,46,8,0
242,19,7.875414605481926,21,1,0
372,1,8.53402818934434,16,8,0
152,1,5.527342512677934,33,7,0
326,11,9.944413322207959,5,10,0
238,20,7.8250081232417354,30,7,0
402,18,8.17077389937269,45,4,0
465,1,2.601964409580495,24,2,0
210,9,3.5304770620917223,47,2,0
286,10,5.9626024479797515,23,6,0
120,15,1.057497722533013,24,2,0
336,17,6.2826593167988225,32,9,0
396,12,1.249698858238363,1,2,0
416,5,6.218127328045986,37,1,0
461,14,4.993139036857821,11,4,0
406,20,6.847308106656586,36,1,0
290,19,7.98237260619409,26,3,0
219,16,6.574358592057744,9,10,0
375,18,2.226981944171793,40,6,0
239,20,6.7239389422777105,42,9,0
284,3,9.083274704842173,25,3,0
422,7,8.789157256577639,24,5,0
192,12,2.380100501425061,43,6,0
207,6,8.115377650337855,22,9,0
470,20,7.317389581675067,16,10,0
105,8,2.232476613052742,46,7,0
58,17,3.505442430835889,38,10,0
387,4,6.466055997626262,44,8,0
431,10,6.665382453620988,46,5,0
353,15,4.659379055051728,8,6,0
213,5,3.4171672001148323,23,9,0
44,15,1.327080584886271,16,6,0
335,9,9.3770070183773,1,5,0
313,4,2.9782580836301085,47,7,0
355,10,3.772084980009594,25,6,0
301,18,9.525191771411993,37,7,0
132,14,9.84664651506696,29,4,0
389,2,9.301619530442336,15,6,0
162,8,2.705034764939713,10,7,0
395,12,7.761021197595154,44,3,0
230,17,2.1298605583574552,34,9,0
451,11,2.261825403243305,36,6,0
33,5,1.2884559691686395,27,4,0
60,11,3.436085301913731,8,10,0
134,20,4.318225174948091,17,1,0
123,6,5.2502954375280355,49,9,0
368,20,2.215436987834618,8,3,0
55,1,6.744416042186361,32,6,0
117,2,9.530395658900765,32,9,0
216,2,4.241997337285403,18,2,0
357,12,2.457962281247498,25,7,0
325,17,6.097167750384233,13,3,0
61,7,5.400731503362918,49,9,0
242,16,4.369870597258636,40,9,0
386,13,6.254728489162617,15,6,0
445,10,9.131514694318385,47,9,0
88,14,7.890389818918303,36,7,0
66,16,9.332426705744815,31,9,0
357,20,6.073323793619352,24,10,0
321,13,3.5029341138969965,13,2,0
200,15,8.891351580798654,7,2,0
232,12,3.2112861592754967,45,9,0
287,9,2.862079049291221,47,5,0
373,19,8.288728121802244,23,10,0
455,16,1.070852193144971,45,6,0
50,8,6.384743673179601,47,4,0
130,6,1.2940144765027353,47,6,0
213,3,4.695264294870864,21,2,0
248,2,2.8454689425236483,10,9,0
487,14,3.8999438136985045,8,8,0
344,11,2.4402722759330713,3,8,0
396,16,7.0050786125853,46,4,0
104,18,5.6098932709283655,31,1,0
165,9,7.594739316469212,49,5,0
320,1,2.9926064477482988,39,9,0
105,12,6.3272462878283475,28,3,0
484,16,9.763738783139933,18,5,0
155,8,1.6392437894865837,28,9,0
209,9,8.622002171881904,18,1,0
337,20,6.350645618244117,2,8,0
303,13,7.311962355780139,21,5,0
290,18,8.592501833641068,24,5,0
217,15,2.5999652571098846,18,5,0
222,10,5.688343905765999,22,8,0
58,4,7.377972229150265,33,9,0
157,11,3.301793138572739,22,6,0
334,15,3.150589575393879,37,1,0
375,15,1.916755573204897,8,1,0
415,11,5.628057008540596,29,10,0
258,17,4.912111230939912,6,7,0
245,12,2.969674062014948,24,1,0
223,10,6.757064047725293,26,2,0
76,4,7.752532596115602,40,1,0
211,9,4.894697916863285,18,4,0
362,9,4.036017587397222,3,10,0
286,12,1.0144676753995088,45,3,0
286,2,4.748919222912179,38,10,0
242,7,9.178056055739193,22,1,0
385,15,6.214794048197764,43,10,0
283,12,5.138407973149408,13,9,0
169,9,2.8247664041494547,19,2,0
160,18,2.9192249627009534,29,10,0
199,7,4.28658790868637,28,4,0
333,15,2.359238202556079,36,9,0
436,2,4.008692170179295,38,10,0
23,19,1.7446520576226026,13,1,0
62,18,8.28666233624008,9,10,0
342,12,9.314808060010254,37,9,0
319,4,4.51779240438058,21,6,0
84,19,5.856081694547261,45,2,0
211,16,5.243964463017393,13,1,0
447,1,5.451443390748906,18,6,0
411,11,7.948429299299128,24,10,0
227,2,6.574101648205753,38,7,0
381,11,8.223850730782093,45,7,0
237,9,6.833103243609329,42,2,0
171,20,2.7669019296137285,13,4,0
80,13,1.2777061272203618,41,6,0
390,19,4.183275084684995,43,6,0
341,10,9.472256409269054,25,7,0
449,11,1.619758971626636,34,3,0
149,8,3.2842057188641727,50,9,0
342,12,3.677433587799057,33,8,0
49,12,4.3809206574695265,45,2,0
441,15,4.082900853554516,24,3,0
26,15,3.2267187092963785,43,6,0
405,7,4.898742283024539,42,4,0
255,8,4.579948358654924,5,10,0
51,7,8.70427830486775,34,9,0
165,12,2.5703187907576437,37,10,0
62,4,6.772855829274151,17,1,0
76,4,2.284113413911866,39,7,0
227,3,1.736624385518609,37,4,0
278,14,3.8043095317288946,8,3,0
47,17,3.096710772117341,46,6,0
377,1,4.535184059488427,38,5,0
391,20,3.887546411211133,49,6,0
403,6,5.011706723244664,36,10,0
355,6,6.4252469081365895,5,8,0
23,14,4.353271347897695,8,6,0
273,11,8.9376880502876,15,5,0
172,15,9.242154561617768,5,4,0
303,3,7.541695651043497,5,1,0
288,1,8.51470708263692,37,1,0
394,7,2.122908570739847,35,10,0
450,15,4.617618463909718,12,9,0
359,2,3.3685076238707774,50,7,0
291,2,1.0549246658133138,25,7,0
297,7,5.442476162147858,44,8,0
92,7,5.52825084391354,36,1,0
301,11,9.550167071815997,37,4,0
422,4,2.790621792358505,48,3,0
463,17,7.639711407966368,29,10,0
172,19,6.871131390403787,3,6,0
280,13,9.967137070060527,37,10,0
213,19,8.801373766500603,5,3,0
461,6,8.643031071369442,9,2,0
133,13,3.914251116528005,15,3,0
145,13,3.262024574868254,3,7,0
288,7,7.986060704707837,10,3,0
321,13,3.335419423833212,40,2,0
54,7,8.391098982743445,45,4,0
133,1,8.11307348094228,50,1,0
229,5,3.039607464466603,45,5,0
169,12,8.554679307613398,40,7,0
120,6,4.116249144065662,49,4,0
210,7,4.343010597412401,35,3,0
398,11,9.182937249904498,25,7,0
99,18,4.484537033831085,47,7,0
123,19,3.9048831107568835,18,10,0
451,20,9.365255492519168,40,1,0
93,4,1.3652385549747903,35,5,0
282,14,5.368847798588876,20,2,0
103,2,1.0657905795077292,35,10,0
170,17,6.073099546554218,46,5,0
415,11,4.8605249245397015,16,5,0
258,5,7.140151092731279,14,9,0
49,5,2.8633921701126237,21,3,0
203,1,2.2370541085151237,4,8,0
212,15,3.9340756766281255,47,9,0
301,10,1.790567297073144,15,6,0
266,10,3.4313523022692225,20,4,0
118,17,8.370981574576358,34,10,0
318,13,1.2863130018902176,29,7,0
385,7,2.2881264514163395,40,1,0
73,2,4.124792974436241,42,5,0
328,20,2.2558098570879492,45,9,0
460,16,8.944247783873124,11,5,0
132,2,4.741533664052203,41,5,0
471,2,9.711507443279269,11,2,0
47,7,6.165928741869195,20,5,0
471,9,7.743552663791415,10,8,0
52,15,5.553797865799044,2,2,0
294,13,9.58995343761788,47,4,0
494,5,4.773159009314502,20,9,0
102,15,8.966776488526211,38,1,0
489,5,7.020332506473298,31,10,0
364,20,7.00729796018415,11,9,0
401,17,3.3909634287810384,36,3,0
363,4,9.39832777008378,41,10,0
113,8,2.6525826838794657,24,10,0
302,15,3.68032302368234,13,8,0
70,14,9.465203835360828,39,4,0
492,5,9.854477809075002,14,9,0
113,6,1.8398908678949297,22,10,0
323,6,3.528720135197244,18,8,0
317,10,7.087430122477379,50,8,0
230,18,4.7986591133757965,2,4,0
56,11,1.1684545512106188,6,10,0
446,10,2.010506090034682,47,1,0
165,3,4.938415574284835,32,2,0
114,6,8.463769715694344,22,4,0
257,7,9.664523270901343,43,7,0
93,7,1.7324785784104715,29,8,0
184,6,6.870569329672871,8,6,0
56,12,8.468051899008756,3,6,0
325,19,7.075025222360165,40,7,0
283,19,5.767889001225946,42,2,0
378,15,9.95614948244777,41,10,0
153,15,7.181096618137632,39,6,0
409,12,9.351430711375796,38,10,0
350,15,8.862602817562099,31,9,0
419,9,1.242606957067312,28,7,0
343,2,1.1575910502791849,32,8,0
73,2,8.76017276622956,17,8,0
431,6,1.762174320594869,48,7,0
188,14,7.148475257744677,4,9,0
384,1,4.48883998347749,36,9,0
44,19,1.7032769038393352,12,10,0
351,19,5.557678756773627,2,5,0
128,3,7.676301220610805,42,1,0
26,18,2.011317286079656,37,5,0
46,1,5.376671835045199,48,7,0
218,7,5.955663725385426,38,1,0
59,12,9.573438567956403,35,10,0
359,6,8.059375722684191,9,6,0
379,20,3.936013652366432,17,1,0
354,17,5.965393312236901,1,9,0
42,13,2.327063943764058,50,2,0
272,14,9.720348889028855,14,7,0
371,12,5.424583006937901,35,8,0
245,10,5.930389673195577,25,5,0
333,11,7.746915773564952,44,9,0
344,2,3.7816076801949254,37,10,0
349,12,5.7070192675612414,39,9,0
438,20,4.592461097355594,35,3,0
415,14,4.912483167136497,44,6,0
83,9,5.4113996846718875,22,6,0
282,14,1.8812907596045263,20,2,0
106,10,4.712797850617526,43,1,0
439,9,7.018031010020932,41,5,0
48,12,9.73405498268672,31,10,0
474,19,5.782945815949378,13,1,0
83,5,9.386157704208697,41,5,0
450,2,7.650545466649746,17,6,0
139,9,7.595699591747159,3,6,0
341,17,1.4120262067254519,49,3,0
63,4,9.906514957748172,12,4,0
420,6,5.807496509429263,36,2,0
434,7,6.531510864299916,3,8,0
24,8,5.3007550696477965,24,1,0
435,6,7.59714225314848,32,3,0
126,18,1.7067700700472948,31,9,0
217,16,6.460704014385635,12,8,0
106,6,8.013923884754712,46,5,0
385,20,7.007621411953317,34,6,0
36,20,2.5192924942623067,39,7,0
433,20,1.012830698076165,22,7,0
128,2,2.313030990020875,7,8,0
177,13,2.1651055778963695,4,1,0
442,20,6.635840055223244,36,10,0
196,2,8.250144327479763,44,5,0
345,1,7.597122677264087,45,6,0
377,16,9.47795966580445,12,4,0
274,7,5.708928489030984,36,3,0
233,3,3.810439962571714,44,1,0
448,11,6.296459361837923,44,8,0
487,15,5.422557509175883,27,7,0
173,15,6.322745968931426,1,6,0
348,15,5.359652345710689,21,2,0
332,19,5.53148366968872,48,8,0
341,8,4.815748582324166,27,2,0
418,11,8.946989670528382,45,3,0
31,15,3.526931370542739,36,4,0
330,6,7.524480965449999,31,4,0
360,2,8.0097937808697,30,3,0
212,19,8.073087021859086,48,10,0
34,3,7.664087293111321,11,8,0
210,18,5.0377704457454815,39,7,0
118,19,7.381463344258048,12,4,0
369,16,3.9233208783121025,18,5,0
186,14,2.8818781818070285,29,9,0
57,20,2.1127675769710144,13,9,0
194,19,1.423171642097008,12,8,0
159,13,8.582079883774078,25,2,0
336,10,4.5092221972851085,50,5,0
498,15,6.201476134258581,1,10,0
253,10,8.261041739984996,6,8,0
420,9,6.733652319337029,31,7,0
426,15,6.44395852782869,18,4,0
398,5,4.701497816051121,15,3,0
441,3,5.951377411453238,1,6,0
38,3,7.138882862570774,40,2,0
194,14,4.228066525037602,47,7,0
480,3,9.384925766497174,13,10,0
44,7,5.178794665116317,12,2,0
461,18,9.949129344048554,14,7,0
21,5,9.571544126952709,3,4,0
91,20,3.3480499946232958,49,8,0
260,4,5.011716051688731,15,3,0
472,7,8.016160839945819,22,8,0
413,2,7.44692656372406,39,3,0
148,10,9.771820837945327,44,9,0
447,10,2.771162392400879,36,4,0
150,2,9.635337578486762,6,3,0
488,13,3.442927984766509,11,7,0
456,5,5.5850621850898,3,4,0
307,3,5.277504187795292,32,10,0
200,8,6.261229175701672,11,8,0
184,7,2.584967246562233,46,6,0
209,16,1.6883674629005867,13,6,0
197,11,3.4083968509541176,2,10,0
352,11,9.222967855116513,39,2,0
237,2,6.172145416676634,35,9,0
194,19,7.0927278159014575,27,3,0
166,18,8.833306356411915,8,4,0
304,8,2.69691022595675,30,3,0
32,17,7.981112368508964,20,9,0
500,5,8.601398072805017,18,3,0
234,2,9.300367151747308,21,1,0
283,13,6.708359397750883,31,5,0
171,18,7.096846912450059,27,10,0
430,8,2.7393059600450913,42,4,0
285,18,8.519438283322131,41,7,0
178,13,7.662170482044487,18,5,0
462,5,2.052581752755385,48,2,0
372,15,4.381509919974247,42,5,0
35,13,6.814294791352496,12,4,0
160,17,3.0437389375179564,10,6,0
54,18,5.229724770190301,28,4,0
391,10,9.507905878987067,5,9,0
259,20,7.304130902257248,27,4,0
252,10,5.192052672558816,19,6,0
22,10,5.374796471775611,12,2,0
478,20,2.8751507341856257,5,5,0
127,17,2.851480224036176,43,9,0
464,17,5.0897577493041295,43,3,0
231,14,6.577983023379566,43,3,0
391,4,5.5672686578423,11,10,0
123,1,8.044949394192908,9,1,0
274,15,9.252546081002372,11,5,0
444,20,3.399339804622326,50,10,0
61,10,6.230720366837447,39,7,0
116,9,3.9268699054244145,20,3,0
380,8,8.09232189751836,31,8,0
419,1,8.103089086777375,33,9,0
480,15,2.8892310669494083,13,6,0
495,12,4.076952658927191,31,8,0
173,16,1.647582756981529,25,5,0
102,14,3.98902420695338,25,7,0
148,11,4.751606897643182,5,6,0
473,19,3.4210235433614415,41,3,0
147,13,4.367530351519624,8,3,0
35,5,3.7468858556039644,50,5,0
286,13,4.905340456337218,12,8,0
211,9,9.410296685373925,6,6,0
333,15,4.9376077048677685,3,8,0
340,5,1.7856208920124568,47,1,0
225,3,8.234332048841873,2,2,0
278,1,5.165969480508911,3,3,0
247,8,1.4561407295679647,13,3,0
263,9,6.323465081270051,31,8,0
485,9,8.646471720084573,29,4,0
86,12,9.35554932727449,38,1,0
75,3,5.182482526556434,37,8,0
426,10,6.999127630474081,18,5,0
408,20,2.000387503203089,39,2,0
26,13,2.3187923889590554,31,9,0
221,19,2.3759125238121594,21,8,0
305,18,4.455670734219704,15,9,0
292,16,8.0760035643722,35,5,0
346,14,8.51790878530004,5,9,0
87,6,6.404295351425485,46,10,0
297,13,3.956905916509198,30,10,0
325,3,9.599755524518866,10,5,0
84,4,9.500028089881283,11,10,0
24,5,6.093126266204612,11,10,0
288,6,7.128761927175109,7,9,0
176,15,5.377372254726383,9,9,0
307,8,7.9692509863977925,4,8,0
458,7,1.555210544706835,47,7,0
105,18,4.527180975620524,33,5,0
139,19,5.15283085500314,42,5,0
117,1,3.17548987044345,13,8,0
373,12,3.9980058257312945,3,8,0
129,19,1.4062516897500945,28,2,0
187,13,4.89287850802573,13,9,0
78,18,1.593692009326104,5,5,0
64,15,1.2892156432812125,3,9,0
102,5,9.092495312517926,21,1,0
342,18,1.3349964013537243,12,5,0
495,7,7.453922851133639,44,6,0
231,12,5.409408346161609,6,6,0
306,9,3.842900118449305,37,7,0
159,7,9.375994833718108,23,8,0
143,17,8.603770710170282,4,4,0
327,20,2.4817506733525416,32,3,0
272,1,1.7640655989982565,18,6,0
86,2,4.426979877248936,33,3,0
304,6,7.993143185304783,7,7,0
49,15,6.335571561308423,32,6,0
39,8,2.841614646493904,23,3,0
84,10,2.767563358998294,30,10,0
186,5,6.121815307022214,17,4,0
362,16,6.498182628306087,31,9,0
480,8,6.022931170421547,32,4,0
76,6,8.113429149773275,10,1,0
204,1,7.793121910499567,41,7,0
30,12,1.1549477360407379,32,6,0
38,7,7.522093476580293,34,4,0
75,9,6.059811362621668,40,8,0
271,19,6.118380774276433,29,6,0
162,12,3.7763308853384254,45,1,0
273,6,5.808760764598604,37,5,0
77,15,2.2468125507191226,46,5,0
68,20,8.917139349214464,42,1,0
487,2,2.839402334511617,43,3,0
416,18,4.434956652547362,5,9,0
261,18,1.4697612006334686,32,5,0
466,4,6.783629164562062,32,8,0
341,2,2.692396253472472,10,4,0
191,8,5.682047781140886,25,6,0
95,10,4.3348026889317195,15,4,0
235,6,6.242036840726185,5,10,0
121,7,5.272250816700707,16,4,0
80,12,9.352202932203655,22,4,0
51,12,1.1605991854055162,1,7,0
44,7,6.75973887357792,27,10,0
411,18,7.030021397325261,4,8,0
484,4,2.6531095112716168,47,8,0
194,5,4.573290010541208,30,10,0
377,4,6.046393515321114,16,3,0
151,17,9.43578000645186,12,9,0
272,18,8.722786499245526,12,6,0
371,16,3.7181587418649973,3,7,0
100,13,1.5870599117594322,1,5,0
344,1,1.4525459528407414,11,9,0
210,12,6.982581813488223,19,8,0
430,17,8.754826117770868,11,8,0
385,9,9.34216231978505,13,10,0
376,11,8.086325544768634,48,4,0
85,17,7.050413254609389,10,6,0
79,1,5.363160801727845,9,1,0
39,5,6.918291253203781,23,3,0
49,9,9.812035156075456,45,9,0
101,18,2.649186653607229,47,5,0
146,20,9.49127538187627,3,10,0
405,18,1.6732845333016915,42,9,0
195,15,4.139999098740125,22,4,0
274,7,3.5577074518612664,30,8,0
239,13,9.823642505361178,15,9,0
80,17,8.834161253762616,29,8,0
188,8,4.792944886564919,38,10,0
57,2,8.313750719284327,49,7,0
480,5,3.2583982719445563,40,7,0
262,7,2.20041018877421,23,4,0
137,16,3.559310917278358,20,3,0
59,15,9.066217127364714,24,4,0
319,19,7.160933790166738,43,7,0
168,14,6.726783961553216,13,6,0
107,5,6.006112967358312,31,8,0
172,19,9.38075774285045,39,3,0
261,16,3.9636162072018193,38,9,0
498,17,8.962240895092819,22,7,0
132,5,2.6328437989218747,15,4,0
289,5,3.8192840794064553,42,10,0
178,13,2.8313654491528712,3,4,0
95,15,6.926245460536309,24,3,0
338,4,9.440945821033461,20,8,0
206,8,9.100086524963238,21,1,0
326,19,4.255763475061437,26,1,0
93,2,3.9534253382705637,3,10,0
45,8,2.7488487242342954,34,2,0
375,3,9.086618163264633,32,8,0
138,2,4.5566813380908044,44,10,0
124,4,6.487048734947928,22,9,0
269,2,4.950811207142241,14,3,0
220,12,7.167486713096518,22,3,0
132,18,6.215652690829733,30,5,0
438,17,3.1361089774898576,49,6,0
457,16,4.0880376224105905,2,10,0
258,7,9.625602407595443,47,2,0
124,8,7.916585609472156,27,10,0
70,12,9.751577035713932,19,2,0
191,1,3.3552027374534057,2,1,0
382,17,3.3495316485679147,26,10,0
127,5,2.371580893675883,39,1,0
364,8,6.343498147013065,49,10,0
72,13,2.749357078153082,33,10,0
489,12,1.3861144493577857,17,7,0
262,8,2.091463153191636,45,6,0
72,14,8.74020577019973,15,4,0
263,18,9.403683302997287,5,4,0
21,1,8.51888192367329,44,1,0
413,19,9.767952058288042,1,8,0
228,15,5.947507457248003,26,8,0
453,18,2.530003271879194,40,6,0
256,1,2.5195899379200277,38,9,0
62,15,3.482087979462163,1,3,0
365,5,4.069033302870182,25,8,0
255,9,9.031801797687319,18,4,0
310,5,9.085420317219928,16,10,0
95,16,4.748408221729941,34,9,0
405,20,8.987007332416532,12,1,0
232,1,3.2763334092097183,41,6,0
60,17,9.437173375899015,8,8,0
250,2,5.05280332543753,12,1,0
393,16,2.341985444197676,19,6,0
365,12,9.55021684121546,29,1,0
266,12,8.778788663492811,43,7,0
471,1,9.916005656989583,11,6,0
228,15,6.5028427452297475,13,5,0
226,14,4.195543321455554,37,2,0
235,11,2.02687443094591,45,10,0
455,20,3.1731362591514154,17,7,0
229,16,9.430238303481424,28,2,0
300,1,1.4355913699624065,30,8,0
387,18,6.392864343150165,12,6,0
309,12,2.0490628948665544,40,4,0
214,19,7.034557497548855,15,7,0
389,3,9.435533235358953,25,1,0
104,8,2.9262676801881917,7,10,0
360,17,3.771035005172039,23,10,0
410,12,7.96789803007492,23,3,0
112,14,3.1385286923351465,38,7,0
445,1,5.797117697118274,9,2,0
236,13,2.8017595532195223,50,8,0
331,1,6.805193795385359,22,3,0
415,3,2.1370450558684038,22,10,0
167,6,2.8327852537178844,29,5,0
80,1,8.50165151906351,25,7,0
193,19,6.650252305516293,1,7,0
465,16,4.367242895632889,13,10,0
265,18,9.303705463521805,31,8,0
162,17,8.863276411666508,48,5,0
125,6,2.3126625922027917,28,7,0
84,3,8.60511667686351,34,6,0
214,17,6.0273804237618505,7,1,0
413,4,9.183443999470516,11,4,0
203,3,2.2190898894640947,22,3,0
397,14,3.3253630768330154,13,5,0
40,6,5.128790692134696,5,6,0
128,18,4.345058745066561,36,3,0
264,18,3.47702567634563,37,2,0
311,20,5.435813086884368,37,3,0
341,7,9.626160051934459,16,8,0
178,9,4.083394410485328,15,3,0
196,20,4.97896107547616,25,3,0
139,3,4.536948251059254,24,9,0
448,15,2.416511348949879,47,4,0
440,16,3.0908471523401326,37,6,0
302,12,8.519448881179589,22,7,0
248,8,4.536105284495621,14,7,0
455,10,6.773372051644175,26,5,0
238,8,1.5775112424963902,17,7,0
277,19,3.4820451236799874,35,1,0
325,9,4.948954179574869,23,5,0
189,6,3.7510470753497462,21,8,0
207,5,9.299728013882689,2,3,0
354,7,1.480364204634519,27,6,0
404,11,8.564132648013015,6,2,0
369,20,8.27391350675107,32,10,0
421,5,4.595650208390493,49,2,0
299,20,2.8522172732609303,4,3,0
434,17,6.875508304024357,5,1,0
171,6,8.603491947990129,46,10,0
205,2,2.3281276766059866,47,2,0
274,18,6.355358499529293,7,7,0
379,5,1.3667661438600325,33,2,0
137,6,9.56296624097794,22,4,0
209,4,2.540105012597927,32,9,0
310,8,6.836366420633904,44,7,0
492,8,8.918012912840343,20,3,0
147,3,8.222464100983792,25,3,0
422,2,4.5355522497705545,27,6,0
226,19,6.923400516715173,38,1,0
284,13,7.104620148127572,42,1,0
238,4,1.0976506503232295,43,10,0
99,8,4.15734384894476,25,10,0
277,14,7.401989691089608,40,4,0
256,13,7.32763518022112,16,10,0
254,11,2.969057718931592,40,4,0
486,16,3.8005407600157257,11,5,0
243,15,6.08699535053817,46,1,0
358,2,8.383414055874802,28,8,0
29,11,4.184702225488298,35,3,0
383,11,9.553406108143744,35,2,0
239,18,8.511943746175852,44,1,0
315,1,6.520960275944735,6,3,0
233,12,2.1546499073082273,21,1,0
23,15,2.2662528312989223,40,5,0
112,10,9.98829068413898,42,9,0
58,7,8.139842367509416,47,9,0
201,12,7.3868822728226124,39,1,0
315,15,9.650778125673828,14,2,0
165,11,4.904515326040788,1,10,0
313,18,7.400709389397506,30,6,0
267,9,3.79379753684335,44,4,0
436,15,2.277053310582357,6,5,0
255,1,8.211773013696359,11,9,0
154,6,7.455239406906207,12,3,0
152,17,9.863654612387789,32,8,0
252,7,5.366195214083707,32,10,0
123,4,9.443467383667484,13,9,0
122,15,9.08170845354068,37,5,0
185,12,6.026816688448099,46,1,0
166,15,8.581593287947278,24,9,0
24,20,9.178556647066621,9,2,0
425,16,8.636637877176373,3,10,0
68,10,2.138645159758394,14,10,0
494,10,1.0485442754457917,33,4,0
232,16,4.633200226442836,16,3,0
83,9,9.5219542107323,33,10,0
170,6,4.611625971065493,49,4,0
288,2,1.0228468850451198,20,6,0
397,15,5.7844570690732695,43,9,0
24,11,6.06170620568035,14,2,0
221,1,1.7348533727090132,47,3,0
22,3,9.869735652143024,6,10,0
384,12,4.327676408761119,30,9,0
106,18,1.2177346740862567,34,1,0
26,11,4.876104634831719,15,5,0
21,4,2.5886460550370787,8,7,0
203,11,5.561387705936904,1,4,0
32,10,9.238503518422252,43,10,0
329,2,4.614996386946772,39,5,0
465,14,1.9477340450251686,37,10,0
240,9,1.824780565664213,28,10,0
265,4,6.301603416838243,46,7,0
448,8,7.585933316359083,2,2,0
80,13,7.460657006765709,17,3,0
378,11,7.643681276567816,19,7,0
84,8,8.087766429377476,9,2,0
394,8,4.684133069183363,24,7,0
480,7,7.256430818650303,7,1,0
494,14,5.238909153588519,25,1,0
104,11,1.4645333922378023,27,8,0
184,1,4.575795056277062,15,9,0
418,13,6.863136482799663,37,6,0
331,14,6.560647379423252,27,9,0
378,9,6.6091088267797575,20,9,0
205,17,9.598624202373541,22,7,0
201,16,2.6834787506920925,24,7,0
430,19,6.429408969882114,10,8,0
50,12,9.926454440087289,1,1,0
122,6,4.679548368060913,23,8,0
432,7,2.1223169621042834,36,8,0
50,13,3.6359521695530597,40,7,0
336,7,3.316345318651519,9,7,0
450,17,8.496979063704197,45,4,0
368,8,9.49777830634824,4,9,0
72,15,3.2919035695031598,32,3,0
365,12,2.921160880216171,19,4,0
272,16,7.654149405266673,24,3,0
465,4,7.2587613410865135,19,3,0
194,5,9.69169265972692,8,3,0
124,14,3.231639422634759,22,10,0
377,16,9.455129982601889,4,6,0
419,13,2.128865798002094,42,8,0
315,1,9.321032880802676,32,6,0
30,16,2.883388255559466,30,4,0
388,6,5.467544780659782,8,2,0
119,5,1.8941378343213429,34,9,0
493,16,9.108232851274252,44,6,0
185,19,2.2856375459291085,10,8,0
345,1,8.438722818187856,7,3,0
203,20,9.523377999579264,18,4,0
174,3,3.0354653287139466,45,9,0
355,11,5.982841028614328,40,10,0
188,1,8.003370272564627,5,1,0
409,16,2.31517679569213,50,9,0
197,13,9.647353876157343,31,7,0
281,20,3.027349547518423,15,9,0
78,7,5.5536176974066915,23,1,0
462,7,6.411813453404121,9,10,0
231,5,9.372262400897895,10,1,0
140,1,6.956018024768243,10,9,0
33,20,8.198834610017636,47,10,0
467,20,9.427984591853605,18,1,0
363,13,8.381490205243484,12,10,0
311,14,9.717014943601209,2,6,0
211,3,1.9307925455825774,43,4,0
465,3,5.8754388477791695,45,8,0
116,14,8.798570288061576,34,7,0
110,7,1.4194888047745349,45,1,0
273,4,6.604436028489278,31,10,0
163,13,1.908773009643102,15,7,0
144,14,8.964956089411903,4,2,0
158,15,4.94107496485384,1,9,0
402,19,6.4162861559356426,21,3,0
189,2,7.50022394712443,3,8,0
332,12,7.322970198477072,22,1,0
173,5,8.087672788942701,44,5,0
377,13,8.923357316000352,10,4,0
264,18,6.547691858293171,1,3,0
233,5,5.9588868750063755,30,4,0
312,16,8.009226233100016,48,10,0
241,5,8.198463494363176,41,4,0
351,6,2.618578621866089,22,1,0
30,10,6.748371404038076,11,5,0
327,10,9.686385272769463,31,4,0
194,9,9.128428164046685,41,8,0
142,6,7.01846611657126,22,10,0
491,1,5.025588049396722,19,8,0
186,1,6.571336007126719,41,1,0
214,10,3.4796765526832787,34,2,0
471,14,5.1222704223598345,49,9,0
292,5,9.996367928363208,44,5,0
20,12,9.955577087024766,39,9,0
143,14,7.80332328381628,11,6,0
99,1,7.082099608281777,9,1,0
380,7,4.026555276711623,6,2,0
350,1,9.537784593035878,37,9,0
481,14,5.008979525320473,8,1,0
53,19,8.145265272313651,47,4,0
77,18,6.392413534522481,21,6,0
395,2,6.791325661913749,25,10,0
24,18,9.511460884182759,35,7,0
170,7,4.061020019204383,13,1,0
193,13,5.101080453522923,8,8,0
239,4,6.850752428891827,21,3,0
146,17,8.87914573326695,36,10,0
213,10,1.0693635953712755,43,10,0
371,12,3.6081120320296196,32,8,0
340,8,9.17650396208643,47,5,0
38,7,9.11002224408812,27,5,0
276,4,9.528960647725937,27,8,0
162,14,4.5495617385495155,4,6,0
241,15,3.904686549783531,9,9,0
247,16,5.016994233753129,16,2,0
140,15,9.542454989008421,23,3,0
69,12,4.975814944581485,43,2,0
239,5,5.8880594490890195,45,4,0
283,11,8.7247535895287,23,8,0
384,15,4.727694930755481,34,7,0
430,14,5.551526013169442,13,9,0
358,2,7.853510489883094,32,9,0
487,12,1.903527788699905,49,5,0
159,5,1.3854431589330283,44,1,0
47,1,1.2719977696137197,32,3,0
152,15,9.785025385890373,46,9,0
161,10,2.7603126349980323,40,7,0
230,12,1.2423322932922498,49,6,0
23,2,8.654665881359698,47,4,0
377,20,6.047375676094333,5,4,0
349,15,9.309460950258881,8,10,0
481,1,7.5820678441560565,22,9,0
206,12,7.707370265531311,42,10,0
278,17,3.3261013956361496,22,6,0
368,15,6.146047600172254,28,8,0
35,2,9.4975626189476,7,7,0
82,10,6.962852919824597,49,9,0
157,5,6.106787800559275,3,1,0
285,20,4.413590256425042,30,5,0
368,16,4.7794324938393835,12,5,0
293,16,4.239481531223568,7,9,0
428,6,7.11413095633838,28,2,0
348,13,7.0526318211331,18,2,0
250,14,2.345492006935907,15,6,0
497,3,9.290219061106116,40,7,0
390,17,2.62441247770713,29,1,0
61,9,7.516942321918171,42,8,0
227,1,1.897153866007657,11,3,0
51,14,5.664102555453447,10,4,0
152,6,1.2058271375835816,34,1,0
218,1,8.987468585692907,37,5,0
350,20,4.177306453353303,42,4,0
143,5,9.890103747635234,38,2,0
220,16,5.617022790914251,47,9,0
157,8,8.032944946488666,47,2,0
110,14,8.225207351941116,49,7,0
374,18,6.7199514116736125,49,3,0
333,3,5.470968329169386,14,7,0
379,19,9.60420900536528,6,9,0
388,5,2.4923261455407637,40,8,0
208,16,4.908471285715157,23,7,0
43,9,3.9242255958127177,29,8,0
192,7,1.8599254670499947,47,9,0
426,7,4.710041705996334,19,3,0
395,2,6.774375613611886,10,5,0
349,12,1.1761673072925491,2,4,0
134,3,5.596755765032708,50,6,0
130,7,6.618924692022716,18,4,0
112,10,7.5513618441543615,8,7,0
173,14,9.862279898895459,31,9,0
104,14,3.181001051114934,26,7,0
470,8,7.08072570083596,30,4,0
259,10,4.4238081541772685,39,2,0
287,5,4.182540792799289,45,2,0
76,5,1.4098798827245829,31,1,0
341,3,8.701092102429712,20,7,0
401,11,5.491868612685266,21,1,0
210,7,2.906794532315555,17,2,0
39,3,5.276400744275544,48,5,0
241,16,9.864206264498588,45,1,0
253,6,7.301290054697949,32,10,0
212,14,8.545739175864075,25,9,0
134,4,2.143026217691377,45,4,0
138,2,5.195604231888115,40,9,0
372,1,1.2339199510226746,50,8,0
418,11,3.2913588738534783,3,3,0
316,18,6.26210714397933,8,4,0
175,5,7.268674149527331,30,8,0
84,10,5.760265367926101,4,1,0
211,8,6.0624486749584925,45,3,0
249,8,6.369119658959235,24,9,0
404,15,2.551725157848052,12,1,0
55,8,6.554194883784468,1,6,0
432,1,9.214159283498077,5,4,0
303,6,2.6012839751019654,22,4,0
98,3,7.0368578550096785,31,1,0
204,4,6.747615735552249,35,8,0
239,3,6.547917138963408,14,8,0
325,6,8.786999153682817,20,9,0
157,19,9.862671014167153,12,6,0
344,10,5.045330888661181,13,2,0
149,5,2.9008374045402685,8,9,0
389,10,9.187215908335581,45,4,0
332,12,3.729159953063145,6,1,0
436,13,2.1011225985673296,4,9,0
435,18,2.64231434522675,10,1,0
138,18,3.7166956045805235,47,2,0
482,12,1.2518649602191396,24,8,0
261,10,8.466616847674292,35,6,0
37,14,8.698229023091045,21,9,0
439,20,4.609966247264609,33,3,0
81,11,9.092634314815271,22,8,0
62,18,1.7964453872603707,25,9,0
179,2,2.764977531300744,45,4,0
197,16,6.072706391363738,10,8,0
443,8,8.866162968988615,49,3,0
320,17,2.4876975375311363,1,1,0
186,5,5.208251116901917,9,1,0
67,3,4.56693582293493,41,1,0
348,11,8.347806271790322,20,4,0
136,2,4.013326917562917,31,4,0
57,3,8.099062939683986,50,3,0
100,6,1.944762230264885,8,8,0
123,19,3.517845554235114,27,8,0
259,19,1.0034215875233292,2,7,0
277,20,7.265712030590015,22,7,0
459,1,3.975450645612246,38,5,0
460,6,7.5451476206511625,12,6,0
190,14,3.9834951390663966,19,3,0
340,10,3.9430830996400537,41,1,0
432,8,5.906645448042853,33,2,0
402,13,3.640062804429693,8,5,0
166,4,9.287604247885206,45,5,0
34,11,4.123954227417815,30,1,0
264,3,5.726347697469522,44,3,0
467,1,1.4717538414596705,48,4,0
155,8,3.8649647087863377,49,6,0
149,4,2.5317793926195113,18,3,0
59,14,6.821491482609071,30,8,0
413,9,9.694957169161086,30,3,0
492,20,1.0113182856522724,20,9,0
413,7,2.2395343889386643,36,7,0
117,10,2.572517577641929,32,5,0
379,18,4.945087131975141,34,7,0
97,1,2.961538767301069,50,4,0
49,11,5.975335944618835,41,4,0
176,8,7.452563258507119,30,4,0
492,20,8.598465310476314,30,8,0
180,2,7.390118755674982,10,3,0
274,13,2.9131573031419467,8,10,0
410,18,5.8869456844766255,19,4,0
67,9,5.688336785753065,16,8,0
140,15,1.6261596724348104,4,1,0
183,8,4.458655636409837,18,2,0
453,1,1.616101223924718,20,6,0
243,7,7.107406142665425,3,8,0
454,1,2.157713138802988,50,8,0
492,11,2.3518661539576278,18,4,0
173,5,3.1270100304759922,26,8,0
160,1,2.515610578986487,39,10,0
375,16,9.111697798707016,34,3,0
192,11,6.541610536999126,41,1,0
447,20,1.2969635693554322,40,7,0
402,14,4.221484791464494,8,9,0
329,11,6.359924446207306,6,8,0
115,1,7.002956383104447,10,10,0
75,2,8.930018192211486,7,7,0
449,13,5.8590544028223706,41,10,0
328,7,1.52449811810996,50,8,0
216,7,9.117812029523439,21,1,0
375,6,9.129284272965405,14,3,0
500,17,7.7885095319798054,21,9,0
178,17,4.592747915565672,42,3,0
69,12,1.7383771625174091,28,6,0
181,3,8.55440720408474,20,7,0
79,17,2.5013896720422837,28,4,0
248,17,1.7799181463741227,38,5,0
330,16,6.170747337806919,3,10,0
401,17,1.4264785064479382,3,7,0
488,12,9.675752163310506,35,1,0
197,12,4.120328445986413,8,1,0
33,5,4.142243704161599,34,3,0
435,9,8.099642394556508,6,9,0
264,15,8.961327127655826,40,6,0
212,10,8.51330827542969,43,6,0
264,9,8.3687260896329,4,2,0
327,17,9.912117594393898,39,5,0
140,4,8.95106136735987,12,7,0
454,3,7.561172295113319,15,10,0
237,20,6.660343267416912,34,8,0
178,18,7.971945372203969,44,10,0
263,12,1.9337119587270803,37,10,0
464,16,5.9076694088486,44,7,0
271,15,9.032724058386368,45,4,0
191,8,4.959805473284358,47,8,0
35,20,8.31488990402541,12,2,0
197,11,7.341266422653724,35,7,0
368,18,6.819934516656283,38,9,0
361,14,4.5153625700236795,25,4,0
390,17,1.2886466431840733,22,4,0
476,1,7.231517353194568,48,4,0
154,8,9.800046070031208,10,9,0
130,4,2.753245054376773,17,1,0
21,13,1.911881645987379,31,5,0
343,16,9.873362899601918,3,8,0
269,19,4.636271723967077,12,5,0
134,6,3.072618062980401,39,1,0
36,7,3.5662947627357866,38,8,0
78,15,4.504269639175201,38,3,0
448,12,7.976806455787953,48,10,0
463,12,5.328838961653807,22,3,0
373,6,9.623414314831576,36,7,0
399,6,5.8219272763105865,47,10,0
102,9,2.977663053358187,37,8,0
151,1,4.214133901627978,3,6,0
429,14,7.963653617675531,21,8,0
50,18,3.0983943957716225,27,2,0
182,4,8.111102320608136,12,2,0
56,9,8.364173491545017,1,5,0
147,13,2.0280339081090557,32,2,0
346,8,3.569648415324225,2,6,0
164,11,7.322267887423797,26,7,0
268,7,9.907337818661766,50,3,0
169,11,2.0013152345658987,37,3,0
113,10,1.630953219395272,1,4,0
164,2,8.651731224811055,44,6,0
118,4,3.0366428952704503,45,7,0
308,2,3.7810635908283854,6,8,0
487,17,2.338179644427969,8,2,0
386,2,6.886746486018195,27,3,0
237,3,1.412146642933991,26,6,0
53,1,3.8160121066462596,18,9,0
48,19,5.014363113842833,23,1,0
382,14,5.734821497778106,36,1,0
170,13,6.0201496068365445,26,10,0
215,8,3.567106056218991,43,3,0
496,4,2.0553995394236195,50,8,0
302,12,1.4314793353217596,43,7,0
335,8,6.64390143224881,28,9,0
304,16,6.604518341497677,3,10,0
434,8,9.49611905597542,2,4,0
139,7,3.1737405045267155,4,3,0
434,1,6.062943701799856,40,1,0
102,15,9.622704686457487,46,5,0
161,14,8.222825094918354,32,9,0
433,16,6.162959168809376,41,9,0
253,19,3.0207737512915003,44,4,0
282,16,6.953223132457549,6,4,0
70,18,8.362639997409019,8,8,0
386,5,8.268209027506154,21,4,0
311,14,7.231177129343481,18,10,0
395,20,9.045138119577478,13,7,0
182,13,2.2719014686178354,12,6,0
425,9,6.771083793942415,42,9,0
178,14,4.578315857309491,3,3,0
219,1,1.553819949993915,23,6,0
322,13,8.10016425050134,10,2,0
146,11,5.8382696360175625,23,7,0
290,19,9.639554729701551,26,3,0
389,17,1.4708829990073018,14,3,0
285,6,9.062263790254352,34,8,0
223,10,9.566942654730703,4,6,0
383,20,1.9678802580513142,27,3,0
337,17,2.4044483494181508,44,9,0
227,10,2.0401829518613304,41,9,0
256,16,8.343216263621219,41,6,0
251,7,6.443121203639079,31,10,0
307,17,7.857956058737678,24,7,0
493,6,8.830888791086931,19,9,0
314,12,7.698632585978714,16,2,0
194,14,4.268946210302458,20,5,0
324,20,2.154623519256776,47,8,0
380,11,7.620487801960533,21,1,0
242,5,7.108497027685861,30,4,0
365,13,5.017718628383872,32,7,0
279,2,2.3444719245756027,4,9,0
126,6,2.752228530181795,34,10,0
114,13,7.467329446755256,27,8,0
144,13,4.945602862090402,13,2,0
193,9,9.883235426826548,22,1,0
429,1,6.51908031480864,45,2,0
495,20,6.781371273736823,40,3,0
333,12,4.562712366745428,26,10,0
45,17,3.5373519361611634,7,1,0
94,11,2.8369268751933,7,10,0
44,1,1.74265359611491,24,5,0
236,3,9.589953183276386,29,4,0
252,4,1.8415384109418484,23,9,0
309,17,1.8372420320499616,26,6,0
485,8,3.1099690415961647,41,8,0
468,8,4.158240265099978,34,5,0
295,16,3.91085133502022,17,7,0
405,18,4.982924497906559,37,3,0
359,16,3.033681425003625,39,7,0
265,12,5.177964163129106,46,3,0
422,8,2.9121207188293776,9,10,0
474,19,9.555835272553454,6,8,0
100,18,5.713416230589722,43,3,0
424,7,1.1213483437057,34,10,0
470,6,3.5332025633485165,17,5,0
447,17,6.624306284414609,48,10,0
119,17,6.672474187084035,27,10,0
45,4,4.019961280542628,19,6,0
130,3,6.707427319893226,33,9,0
188,13,8.459780065875583,29,2,0
476,9,5.295454535613658,46,8,0
144,8,4.526436383524208,14,6,0
114,5,9.762995686389155,1,4,0
402,3,6.042385264864307,36,9,0
327,13,3.708896548018915,41,2,0
195,14,6.035605683650423,33,3,0
140,20,9.96498281528719,16,8,0
489,18,3.79265670485765,45,9,0
296,14,6.257827229850738,5,7,0
325,16,8.054615966431676,50,3,0
136,6,6.801378489741137,14,3,0
182,13,2.5110532995473336,16,1,0
113,5,3.5363951802899116,15,6,0
476,1,5.774609457326434,27,8,0
134,2,9.33490362894451,37,10,0
443,6,7.324013025982899,28,4,0
324,6,1.404711166296315,28,10,0
70,8,2.3675518370701263,41,10,0
257,9,6.685844281355532,2,2,0
86,15,5.088713641570547,31,10,0
267,11,8.592205042113967,37,10,0
248,12,7.3261249202809635,38,2,0
220,8,2.9191020115048874,22,10,0
245,5,9.550224054387726,20,10,0
50,13,3.948132599243344,33,2,0
274,6,2.6587938230289803,8,1,0
284,20,8.11820737439863,45,8,0
142,20,4.177770281071146,24,5,0
460,2,3.057496821335915,46,3,0
91,17,8.42327024789114,21,5,0
376,2,4.282924219122967,17,8,0
388,3,6.045805102671583,9,6,0
81,4,3.349541266480859,2,5,0
274,2,3.3220973313478503,38,6,0
375,15,8.729897737926196,13,6,0
482,20,4.632196245441271,35,8,0
76,17,3.101772059872858,16,4,0
249,3,8.03208206810983,38,9,0
288,15,4.284854927664222,29,3,0
438,6,9.900733770964177,29,4,0
355,10,2.0833876852273217,3,9,0
403,1,4.49803973703205,41,3,0
298,15,4.765473505791763,10,7,0
152,5,8.095804220726755,39,8,0
289,14,8.392444549497423,45,10,0
315,19,3.752805939316767,48,8,0
124,10,1.70632775994444,33,6,0
500,20,5.46286459388814,29,7,0
118,4,4.168220992189131,22,3,0
150,9,9.41793298249203,6,1,0
142,20,5.7502799545809795,47,1,0
227,20,9.046841621100851,24,3,0
374,19,6.972897279700381,14,7,0
240,3,7.99096104751141,31,9,0
183,1,8.859931198518964,18,2,0
302,8,1.8501390594463238,14,9,0
341,14,7.0537234917589755,49,2,0
79,11,3.7559609406934205,44,4,0
490,19,6.050860374924341,37,3,0
63,11,3.9821713701568213,9,8,0
480,11,4.466301563340351,32,9,0
27,15,8.818357114290421,40,2,0
109,19,7.363926258714952,1,1,0
64,3,3.0105697051947082,6,4,0
370,4,2.2085896220590664,1,5,0
120,1,4.8485525670655125,40,5,0
40,17,5.25731939758171,2,6,0
190,1,9.693458593939338,45,3,0
96,7,2.1155935151207097,1,2,0
330,12,8.469622488712183,13,1,0
66,16,2.415419271195739,17,3,0
43,10,3.460097698204907,47,5,0
305,4,8.304463618862057,17,10,0
391,17,4.052752488788105,37,6,0
495,10,2.5621262035555232,43,4,0
348,4,7.225649963064345,45,4,0
200,13,3.6233296953687923,25,1,0
450,16,3.3859290533941104,27,8,0
284,9,9.815468625979474,42,9,0
478,18,7.947475084311136,16,1,0
371,11,3.938570662006329,22,8,0
21,1,3.6364956788321807,29,9,0
95,14,6.141580954240554,46,5,0
21,18,6.631385302047258,1,2,0
188,11,4.870844715425707,47,3,0
235,13,6.798443999893097,31,4,0
298,10,1.6878231248347197,49,2,0
118,3,9.922642155340416,43,2,0
394,15,8.677938508268422,7,7,0
426,10,6.123226234677594,25,9,0
32,20,2.8769086189162865,23,1,0
301,2,1.318930481902491,17,7,0
71,15,5.8984249177483274,12,3,0
234,2,1.4315036040616282,3,7,0
259,10,8.117373237399338,13,9,0
26,18,1.1497992010379168,18,5,0
386,2,6.563000689522976,1,8,0
96,17,6.289575487219117,4,3,0
84,3,1.5071480162288697,11,10,0
91,17,4.3685310745648644,38,9,0
195,11,6.925166142623767,15,9,0
172,9,2.4253686493347795,31,1,0
324,19,4.473295878076085,29,3,0
369,1,6.81550204126835,37,4,0
471,18,2.5300545500046416,12,2,0
100,3,6.209093991877136,46,1,0
79,16,5.8075922750469,13,3,0
229,4,1.1711775567578058,2,4,0
394,14,4.202938877867904,35,5,0
337,10,5.143758460170956,9,6,0
256,7,4.913331276628343,27,4,0
400,3,3.3543094335032366,12,1,0
489,16,7.177234024502978,6,9,0
392,9,8.389774674184274,19,4,0
299,15,8.758790763003386,10,5,0
418,7,2.5443318388212495,3,9,0
185,12,1.4185871343871646,35,5,0
218,5,2.3507822591895895,24,9,0
25,11,2.10719944599068,50,4,0
31,5,3.4056725527103175,5,8,0
447,4,8.680154140519576,9,6,0
319,15,4.006336553361061,36,8,0
463,19,5.994320690876959,48,2,0
261,12,6.862550612461664,9,3,0
141,16,8.811039929836067,49,2,0
307,9,9.853861917294727,13,2,0
332,2,6.116410517521556,4,10,0
298,19,3.873266205756437,24,4,0
222,11,5.420726850896789,32,3,0
92,19,8.415882674099443,17,4,0
33,10,4.79207576980512,5,8,0
64,2,7.363017166711165,34,5,0
318,13,7.8816635083764535,35,3,0
258,1,4.032446049907043,34,8,0
479,8,7.614753696895297,18,10,0
393,3,4.567635356179164,29,6,0
475,13,5.2063812024352325,37,8,0
484,17,6.744795484703014,50,3,0
436,13,7.90143845224995,10,7,0
179,20,5.158748210984262,36,2,0
142,12,9.630116448060658,15,8,0
234,5,5.30000184552935,6,4,0
32,19,5.11901857245457,11,7,0
300,10,2.5082927176727807,30,2,0
380,11,1.501280238235342,37,5,0
338,12,9.249413091882936,13,7,0
436,9,6.021544875862128,28,1,0
95,6,6.863025318515536,20,5,0
184,1,7.853610019977288,15,7,0
86,12,8.604581970511072,18,9,0
152,20,2.18536320531805,24,4,0
78,20,4.100251564468292,9,5,0
229,5,6.935297856594507,38,2,0
294,10,4.9950592007012276,13,10,0
242,18,9.428478517623823,24,4,0
203,15,1.0950518909937328,33,1,0
222,7,9.778816276593238,3,3,0
201,19,3.304104560743138,47,9,0
341,1,8.064836600104394,29,3,0
269,6,9.695837311270521,2,5,0
461,10,1.7948353451017525,2,2,0
340,2,3.797303375978944,40,8,0
293,6,3.4815027469809956,45,10,0
267,2,4.264868446354365,41,8,0
253,15,9.989749807932435,17,3,0
147,3,8.438377043239942,6,9,0
381,11,4.149138437972621,27,6,0
448,5,3.210871436365593,38,4,0
38,15,5.146515997038206,24,6,0
107,12,4.47698522039024,47,8,0
324,7,2.809322950337445,44,9,0
89,7,7.7503323442557575,29,1,0
135,19,7.438887725807434,12,7,0
416,8,6.123237558662616,23,2,0
215,13,4.978191616523912,3,9,0
258,9,2.3418772780027135,19,6,0
464,17,9.758689743536392,21,7,0
321,7,2.990732857681106,12,1,0
141,2,2.9943106496994067,5,3,0
410,13,6.70873955800701,15,4,0
276,14,3.575386499289543,49,5,0
401,3,6.287699622822637,22,2,0
84,13,8.978805512873183,3,6,0
183,6,2.7919864980206306,26,2,0
67,4,7.895757463072316,4,2,0
451,17,8.652125396138773,8,1,0
203,5,8.485731155187608,4,2,0
241,9,5.6463506885683135,25,8,0
228,19,6.30037317804651,45,3,0
144,17,6.951305085358872,37,2,0
434,9,2.5018407956918023,27,10,0
483,17,3.8331773386133805,38,5,0
488,15,5.746314474878935,25,7,0
379,2,8.035644734459773,30,8,0
45,14,5.906215359878456,30,3,0
175,17,7.713901089550288,47,3,0
358,15,9.989907704013818,2,9,0
200,2,5.894915443252641,40,2,0
286,20,6.547895653389656,33,9,0
30,7,6.325799574631898,16,4,0
311,20,7.819184388013515,1,10,0
32,18,3.932790454124972,43,6,0
146,10,3.474971297778075,7,8,0
452,4,1.7841167160422464,44,5,0
20,2,4.947459152310258,19,3,0
107,4,8.689110756451115,15,6,0
394,2,2.0351943565064197,15,4,0
492,13,6.254501877390837,32,9,0
286,19,8.194128317972005,14,3,0
196,3,9.85716113431905,21,10,0
48,18,7.978575187644302,21,3,0
328,13,5.971866942832023,30,8,0
21,8,8.729047989141629,11,6,0
78,2,5.648456731436514,2,7,0
383,11,4.0626928822685535,9,2,0
491,12,9.697861819329335,43,9,0
481,4,2.4495792071394478,18,7,0
332,4,6.1648599084563145,48,6,0
472,14,4.831830110768829,7,4,0
212,16,5.032696114384675,8,2,0
305,7,7.470533687558412,43,9,0
97,16,2.4729736348200326,1,6,0
230,8,4.317877140191852,27,10,0
380,12,9.317029224212446,37,8,0
198,1,5.144607399926862,50,9,0
442,2,9.570668101802426,1,6,0
383,10,8.305542801999774,24,5,0
178,18,7.429914176808611,21,4,0
90,1,4.016857553429953,36,9,0
339,8,5.365840050686179,32,3,0
469,7,5.592046298673463,18,10,0
314,11,8.520892944222451,1,9,0
439,15,2.4825347804002496,45,4,0
163,3,3.5456087221249133,49,2,0
285,15,4.2365121282716185,46,2,0
93,9,7.348320287893916,34,4,0
432,1,8.476593248928712,23,10,0
333,4,4.332720646927706,30,7,0
215,7,4.73214564505689,31,3,0
179,17,6.470585038411672,18,4,0
456,1,2.5443074043184453,5,5,0
500,17,1.6062002012047802,33,10,0
100,20,9.394908063651515,50,7,0
219,16,9.93353905709976,29,9,0
57,9,9.007623901371186,40,10,0
470,7,3.0217270284371396,24,9,0
378,17,9.754396171250349,5,6,0
302,16,5.384060982537013,10,9,0
213,1,1.7411276629723738,19,9,0
299,12,8.907533954166162,17,8,0
165,20,2.7779031207028098,20,4,0
402,20,8.783731184599972,6,4,0
206,8,9.867958688541522,36,1,0
481,3,8.54735656275027,25,9,0
21,6,4.371546239809803,24,3,0
477,7,5.244853397957154,11,10,0
481,4,7.217491855859432,44,5,0
458,8,6.899731824842019,41,5,0
483,18,3.5187967684755366,39,10,0
344,11,3.474697056218098,15,6,0
176,9,6.717679054007654,49,6,0
340,16,6.70259243753028,31,4,0
417,12,2.079372478021152,45,4,0
63,16,2.9948369903309042,17,4,0
443,5,2.0662917535333625,22,4,0
265,3,4.945817520078435,12,5,0
442,4,3.294251255650205,46,9,0
496,12,7.939871670941363,15,8,0
345,3,7.123364716912775,41,3,0
449,15,1.3176174805641554,27,9,0
252,9,1.2388378934415871,34,4,0
252,20,1.8423571541849453,21,8,0
339,11,7.428224111727728,12,9,0
306,14,2.0764871625407952,39,9,0
332,8,8.253116329396937,20,10,0
347,7,6.990674561102635,35,1,0
148,13,5.886046034275587,44,6,0
453,19,5.315204960492393,46,7,0
193,18,4.464117499820314,48,3,0
454,2,6.747666257459211,39,1,0
206,19,5.969470609327184,29,6,0
218,1,2.622764838985599,42,8,0
155,9,7.955749255547052,16,10,0
129,19,6.471368868165774,21,7,0
468,19,3.054207058988885,38,10,0
389,16,2.0108554368202856,50,2,0
311,7,2.9082103834991044,30,9,0
271,19,4.51204541474375,31,7,0
399,6,6.157170170344949,48,3,0
367,16,2.077971895280648,48,8,0
290,8,9.374643847693758,46,7,0
53,17,4.516870493585063,43,5,0
426,16,9.115126606187005,14,5,0
410,3,7.610418356513516,4,2,0
120,5,4.375483713538772,34,10,0
431,4,3.132427101959152,34,4,0
456,3,2.9880671210647436,42,1,0
62,20,4.495626626998101,7,2,0
332,11,4.969908782062281,3,3,0
180,11,3.60762338172707,5,5,0
279,20,4.4163252380975155,46,9,0
28,10,8.112104690912663,29,1,0
450,15,9.204886984072623,42,2,0
478,16,8.984591996948817,15,10,0
26,11,3.6684038053920975,11,7,0
66,8,5.00092136381417,12,2,0
270,1,5.156120957086105,41,9,0
232,12,1.421901006321963,49,2,0
473,10,1.2196525588597273,17,4,0
367,14,5.085642349860963,45,8,0
447,20,8.62575385932579,9,2,0
136,8,5.868359977055356,37,9,0
166,5,7.151969318927618,29,2,0
489,20,5.469533024848417,17,2,0
114,12,5.086302246930638,25,7,0
180,4,5.755714502347766,17,9,0
283,8,1.8230150468087558,50,9,0
373,11,9.169411237046226,44,7,0
230,17,6.537705902235851,26,5,0
350,5,3.9921778403268227,17,6,0
352,15,1.7080588777078551,15,4,0
136,9,2.3129066587610954,2,5,0
29,16,4.016752972645959,26,2,0
228,15,2.5095199469705625,48,4,0
499,13,6.077751934192544,25,5,0
96,20,9.001707747071444,34,10,0
352,6,1.8389111551836699,36,9,0
316,5,2.6990356270704843,6,9,0
199,19,6.1491138625255735,36,8,0
257,6,2.3937652688594397,33,9,0
493,11,7.368986941115541,22,10,0
386,8,9.558717864673472,20,5,0
195,11,2.7139274488333944,32,10,0
281,19,5.4251536386542565,9,8,0
281,20,5.711235594140596,15,9,0
387,19,2.8070862069929685,1,10,0
193,4,1.1206555844669328,45,6,0
269,1,7.423897276801414,19,5,0
47,3,1.0821391842190669,42,3,0
232,20,3.8502869969552806,8,5,0
312,15,9.415526871957262,20,5,0
468,11,7.692381381714018,1,1,0
408,17,1.3939397320161198,22,9,0
104,8,5.426257706219503,8,4,0
387,1,6.440513017432993,22,7,0
144,6,9.661797853785963,23,9,0
113,13,7.535022792027633,45,1,0
241,11,1.5442120851453864,28,2,0
353,4,8.974618625627645,27,10,0
451,5,6.103749621274104,39,10,0
403,4,6.737588742348976,5,2,0
46,8,4.7364972865955135,1,6,0
499,19,2.396264555764836,42,2,0
189,5,8.142277186991942,12,1,0
444,19,3.290275847491658,45,10,0
92,5,8.687808562717876,21,1,0
457,7,5.408335199686031,5,1,0
166,2,5.049406050931256,44,2,0
195,1,3.654276320581444,33,4,0
367,10,8.874525482941468,33,10,0
498,5,9.750108287715477,6,3,0
111,5,4.686577147255921,12,7,0
227,16,4.382423101248511,44,1,0
294,17,6.261947631883536,30,7,0
53,15,9.197861440828483,25,8,0
29,8,1.8078759784031533,3,9,0
47,7,9.459365962833287,44,8,0
391,3,1.5291394699665202,25,7,0
375,9,4.843071887853939,28,7,0
414,17,8.922426375593883,38,3,0
228,20,4.323593277010107,30,8,0
310,17,5.851250254244514,41,4,0
239,8,5.4988788074813915,29,9,0
267,4,8.659105393089783,46,1,0
441,18,6.87671820115693,34,5,0
188,11,6.507095015288799,4,7,0
156,10,3.903504345328604,29,6,0
233,14,8.96490227321219,47,8,0
286,1,9.390653025862221,20,9,0
112,11,8.566349345599109,38,10,0
211,17,7.798587800613408,24,5,0
222,16,3.609220849191007,38,9,0
102,5,8.81067726859253,1,9,0
30,14,9.238144554019026,33,3,0
23,1,1.9235470326307569,25,6,0
437,10,4.705300954619329,34,5,0
72,10,1.9692600796839523,19,7,0
462,8,8.02816782869229,41,5,0
475,7,7.7599843698005495,24,2,0
422,19,5.072677078750777,24,4,0
423,16,4.838473016930014,50,2,0
139,5,6.08597082208226,36,7,0
273,18,9.54993510189932,15,4,0
303,8,5.485522638364724,26,2,0
181,16,7.374068430080426,40,1,0
83,9,2.467228237152294,6,6,0
412,14,6.809597658285702,12,1,0
338,14,8.949697503791231,7,5,0
383,4,8.796759681736043,34,8,0
152,14,4.285575970534419,37,4,0
103,1,7.9394150217277355,46,3,0
272,3,8.773971556560987,25,10,0
332,2,2.8078493139089122,27,9,0
140,7,2.763389366897982,46,10,0
493,14,5.043601500365953,39,1,0
473,10,3.8842537970156545,42,6,0
375,10,2.4060992142232323,40,6,0
263,19,1.9901358191706242,21,6,0
284,18,7.255112188729768,22,4,0
379,11,3.789981788587186,28,8,0
426,15,1.8228458326600938,43,1,0
57,11,4.9685079514997,22,10,0
76,10,8.75972725360225,3,1,0
345,4,7.40466359766126,17,9,0
485,3,8.377561591066343,12,6,0
414,2,7.134132881798095,49,4,0
498,13,9.604986305964843,46,10,0
42,4,1.6881475535762611,45,5,0
461,16,2.8861220548603823,35,2,0
203,9,6.362703820434192,12,8,0
471,18,4.849855298149905,42,3,0
102,1,1.4228704001271448,38,2,0
209,16,8.22438090443707,8,4,0
29,15,7.862031389909301,49,6,0
57,16,2.4518163359835263,44,7,0
367,5,9.454657130760618,30,3,0
329,3,6.611137405759961,8,8,0
178,19,6.044023990722684,35,9,0
432,13,4.851537115637068,45,5,0
317,18,3.043753205247899,35,9,0
151,14,5.715085888230382,31,8,0
217,7,9.746318563795155,26,9,0
480,7,1.9084362741576535,23,6,0
461,18,7.060126447072157,14,6,0
288,3,8.196192750563222,13,1,0
157,2,6.00842364664528,6,1,0
427,4,8.51992126406936,22,8,0
188,14,2.479103970615331,50,9,0
441,19,4.533208817650317,5,2,0
81,5,3.120048041171395,41,4,0
270,18,1.1940645742590728,37,10,0
144,7,7.886357434393896,38,7,0
495,10,8.029867363312515,8,5,0
400,6,2.2589720976867826,30,7,0
338,17,2.5168289793184497,44,6,0
435,3,7.345977963774973,8,6,0
172,8,7.694560879099974,1,10,0
441,6,6.983768666788079,38,8,0
352,10,2.300206973615035,24,3,0
184,14,6.205448241873367,25,4,0
430,5,8.872383683829636,30,1,0
356,11,6.9827264237246265,26,6,0
343,11,9.951212972339118,7,6,0
206,5,8.51454256976404,30,10,0
387,7,2.1454447431682953,37,2,0
338,2,8.08548032030265,42,5,0
272,8,5.651449971684479,13,5,0
44,18,2.337470261704598,23,10,0
112,19,9.187851964440897,5,8,0
212,2,9.13507557548795,24,5,0
198,19,5.68900077895168,1,9,0
285,10,8.067157069308266,18,2,0
214,16,9.352635079111923,7,4,0
334,1,9.877713503768812,32,5,0
100,19,2.3687387254146905,32,1,0
326,2,3.1871995826718624,38,5,0
151,3,8.777835606780396,19,3,0
215,9,1.3781594213448436,14,4,0
44,13,5.087109801311729,6,2,0
73,6,1.0915191928254768,41,10,0
146,17,4.765404370392497,18,2,0
244,15,6.244763666797215,44,4,0
370,3,7.4075767634559275,21,4,0
475,12,7.722362044726777,20,1,0
370,1,8.59622053563669,47,2,0
168,3,8.686397644434694,27,3,0
356,20,9.501984062248926,31,5,0
57,15,6.832121650228809,27,4,0
219,2,5.523757928994465,16,3,0
381,18,8.002892991236582,10,5,0
483,15,8.945663404913782,21,1,0
474,6,9.240667269464145,1,7,0
444,7,7.914731170823404,48,1,0
385,10,2.405759790928257,25,8,0
55,20,3.313159445691738,20,4,0
35,2,7.135791423522482,14,10,0
77,19,6.652366836896505,41,4,0
32,8,3.2779676821874064,26,7,0
422,17,2.129405943693662,22,2,0
26,3,2.8636568225812398,50,5,0
104,5,5.508991362035325,10,2,0
372,1,7.322464929674378,7,3,0
58,5,4.39283733546574,12,6,0
53,12,3.456447767557413,14,7,0
90,15,8.042001872179448,19,9,0
91,9,9.588437224568223,5,6,0
233,15,2.7218279631503783,16,5,0
432,1,5.133702994530232,44,4,0
237,19,8.183949780519999,7,1,0
495,19,2.256985692437024,32,4,0
294,2,5.707511746186432,37,6,0
214,3,1.91120661654911,37,4,0
144,15,5.598191389555239,25,6,0
369,16,4.396201943025389,16,10,0
410,1,6.385052721743279,27,2,0
280,8,4.554355546237587,6,10,0
66,20,3.089483984327987,29,9,0
232,20,2.8468364563607658,31,2,0
298,16,9.728268390859686,6,2,0
204,18,2.143144669183501,12,9,0
146,1,9.508891118711848,18,6,0
277,19,4.554901787424858,16,10,0
53,15,9.751543417715672,3,4,0
138,3,4.289208551450226,25,8,0
94,13,9.892442404806024,23,3,0
68,19,8.883000575266275,29,9,0
124,10,5.351927942295613,48,2,0
33,15,8.485066470136278,40,8,0
249,18,8.719227654462387,4,3,0
207,11,7.46647596930768,23,4,0
493,1,7.18421062505009,34,2,0
228,9,3.7425741495747804,38,10,0
262,7,3.456788077913038,2,3,0
37,19,7.442109214610302,31,5,0
302,16,7.2995494341693625,15,10,0
189,14,1.4504109505515657,44,2,0
86,16,7.717535746948047,14,1,0
378,15,7.114615533460624,42,2,0
90,7,8.411398661473497,33,5,0
433,3,9.236358771851119,39,10,0
115,18,3.50242002509928,4,3,0
161,19,4.626104715533563,8,10,0
46,12,1.6715663045872584,12,4,0
210,4,3.4592699024138867,10,3,0
327,11,2.179623869758269,31,10,0
20,6,7.172663322493448,47,6,0
108,8,1.4381017842194046,21,1,0
468,1,9.535363323901453,37,2,0
488,8,9.630558787395698,26,5,0
227,13,5.085722931651875,12,8,0
94,17,9.183880317999805,48,7,0
233,7,9.410272432119225,4,8,0
480,13,4.325618522815367,22,7,0
51,20,9.499396179092049,33,6,0
265,9,3.919928567513548,3,4,0
473,11,1.7200419859982528,17,2,0
485,16,8.836176275978174,25,9,0
361,9,8.309587397055479,27,3,0
153,17,6.594438254383323,22,3,0
213,2,6.637983938518805,3,1,0
364,17,1.07379722910902,25,1,0
26,17,2.540710225533936,17,5,0
228,20,9.10594980781575,40,4,0
97,1,4.611270395917437,48,2,0
431,7,4.011086729669584,9,7,0
265,20,8.19386789462383,25,7,0
236,2,2.3280538641108635,29,6,0
303,20,2.590953147896756,27,8,0
485,19,4.126562023446012,31,6,0
178,9,2.8560609114425786,32,3,0
35,9,7.797215112784735,43,10,0
100,8,2.0730291559212284,29,6,0
398,12,7.875186365714239,28,10,0
305,4,3.0938269386361807,25,10,0
291,11,8.86831286414522,50,8,0
274,6,7.935785077899669,29,2,0
382,12,7.293363390218511,47,6,0
141,2,4.839586101047627,39,5,0
458,18,5.984595031665516,3,6,0
247,2,2.4351740870320824,46,10,0
347,10,8.887499149364642,21,10,0
130,13,3.8024516976104095,24,5,0
400,2,9.098010917240265,27,6,0
171,8,6.428678370174132,1,9,0
100,13,1.625573221931894,16,2,0
80,15,9.059637611777553,40,9,0
189,20,2.497975388029221,20,10,0
63,9,9.32411626272156,16,1,0
375,1,3.501950677743558,24,9,0
447,5,9.532980450551195,40,5,0
473,17,3.6955509909985635,34,9,0
493,15,7.810343347254251,15,9,0
221,2,7.770930483551607,2,3,0
45,19,4.330263966764852,34,8,0
149,2,3.563665157691891,14,9,0
308,16,4.62696514924179,28,8,0
472,12,1.5254306906172683,13,8,0
38,4,4.1941006093694835,13,8,0
372,8,6.769641843337919,40,8,0
198,11,6.890454597501063,1,8,0
372,3,1.9072555098596609,25,2,0
139,3,6.5510683829581176,46,6,0
98,9,9.03394830865984,10,7,0
174,12,7.761315133020606,40,3,0
54,17,6.027877462462656,8,1,0
69,2,5.204078798257625,15,10,0
42,17,9.956203787199934,31,5,0
222,11,4.510286145984734,49,7,0
446,13,4.79132278739157,6,10,0
377,12,5.520616127682868,32,7,0
344,12,9.893830897847188,11,9,0
201,7,9.81931720308952,49,3,0
193,8,5.268227585533444,7,5,0
81,6,3.2234930238908768,34,10,0
165,12,1.7256508391854508,39,8,0
170,9,7.560601180009074,36,3,0
282,2,8.1513256634221,28,10,0
51,19,4.948067531698378,13,3,0
430,12,8.860787317522222,26,5,0
39,9,3.3473626151645464,28,2,0
347,11,6.253272649931241,3,4,0
148,6,9.69361098848499,24,1,0
314,12,5.418938881847835,11,8,0
109,11,7.304395055935027,26,8,0
187,16,8.089297528654331,44,1,0
204,14,1.493748028232381,21,7,0
340,16,5.46973898433733,36,9,0
386,8,1.7932008097989733,45,2,0
220,4,5.5958008828497565,38,8,0
190,13,9.979039241791444,28,2,0
389,4,7.674349301577605,12,7,0
304,10,5.074491195453782,44,2,0
71,16,7.429610101421823,31,1,0
185,17,8.263015959460564,42,4,0
449,10,7.29503511256669,8,4,0
62,20,5.297731251352225,30,2,0
70,6,3.0839773743314227,20,5,0
240,12,9.759232854966724,24,1,0
339,16,1.0596670752366868,50,10,0
207,13,8.469837686303574,34,3,0
325,5,6.1026534439388795,2,10,0
29,5,8.153564750794214,50,4,0
210,5,7.437667503489384,24,4,0
193,5,8.976669611167988,11,8,0
324,16,7.900638830047023,18,9,0
349,10,4.16367655284511,21,9,0
433,19,8.77668546517955,16,10,0
230,17,6.707589060439604,50,7,0
315,7,1.207259519696135,19,9,0
454,11,8.858774001917137,16,2,0
260,10,9.987445718009734,44,5,0
151,20,4.7517872434834985,10,2,0
428,16,3.324001192309793,27,7,0
390,2,7.782071326442074,38,3,0
491,11,1.1912441084217495,4,10,0
282,10,1.4430017810264808,35,2,0
303,10,2.941721110090826,43,3,0
169,1,4.401235464688122,37,3,0
434,15,6.916753687660281,36,6,0
47,17,9.373690004912556,22,1,0
256,5,7.87990631816294,39,4,0
450,15,1.6652998388425955,11,6,0
314,6,2.6785245041657775,47,3,0
363,16,7.091064815433219,27,6,0
305,13,6.052254458300526,5,1,0
391,10,9.72062254344447,30,2,0
321,18,4.9744055418565,42,10,0
278,7,6.106487050151521,27,3,0
434,1,2.479734106341153,14,10,0
215,20,9.956207109447746,37,5,0
326,1,2.517708767156943,5,1,0
103,4,2.451610403989693,31,7,0
245,17,9.557735647608096,14,8,0
263,4,4.606869690439069,9,5,0
54,2,7.8317118550946905,41,8,0
160,20,7.601076102805114,26,4,0
66,12,6.274855593468268,26,9,0
444,19,2.046787889277839,14,2,0
165,7,4.076490973866159,44,6,0
383,12,7.318544855191395,37,10,0
132,10,6.791590259851643,29,4,0
130,4,8.114612376945338,50,7,0
52,8,7.9174877768844505,2,9,0
281,7,4.948939940694158,36,7,0
168,16,9.80023294233724,23,7,0
170,18,3.3937000209775317,40,2,0
173,5,1.1875720578285982,21,6,0
211,12,6.9250535160103475,22,7,0
328,11,1.6854603587495793,48,2,0
419,1,2.4155250073312846,40,9,0
53,5,2.0350632783739497,27,6,0
136,18,4.632113420937757,48,3,0
218,10,5.907271553803063,17,2,0
314,18,3.5298087249205605,16,10,0
417,19,7.3818760878255905,31,5,0
45,20,9.257435584675514,26,7,0
127,3,1.4017494706166178,26,3,0
403,15,3.7501824012538734,26,3,0
278,11,5.192203030135216,48,9,0
343,17,2.0232372291048595,18,1,0
374,12,6.498440517315182,50,2,0
41,5,1.0474021451986435,31,7,0
127,16,1.0886797189469797,50,4,0
233,4,8.494512928637425,28,8,0
401,19,4.2900599594662605,19,6,0
257,7,7.1051819388450195,39,1,0
200,8,2.337983570031112,8,7,0
74,9,3.878910074500542,43,7,0
383,13,9.328998484293107,33,7,0
282,8,5.293124519313221,44,1,0
164,3,2.1450337495806195,43,10,0
261,8,8.910493743475335,35,3,0
165,10,4.351870781310472,8,1,0
339,19,4.928456877153321,26,6,0
190,17,4.304170503483206,44,6,0
398,7,7.386724133141489,34,1,0
406,15,1.019684487225505,6,9,0
416,4,2.150536400854317,13,3,0
479,3,7.671797748087517,42,7,0
469,7,1.6614792986633762,11,7,0
460,6,4.925007722676218,48,1,0
327,1,7.1774137398267985,18,4,0
114,3,2.6718260511145515,11,2,0
331,11,4.662901510125944,50,5,0
52,11,5.523950963793393,21,2,0
358,8,4.035651515396312,30,10,0
56,11,1.4507119052206143,2,7,0
232,8,9.85734763465713,22,3,0
23,5,7.921389862752267,6,4,0
112,7,4.460732309128135,22,1,0
185,19,2.976269439432384,17,3,0
241,16,6.602608777698714,30,4,0
58,9,3.430611988476103,27,4,0
127,5,8.958380266359747,25,2,0
191,15,1.3499089011044925,17,9,0
148,16,8.16725466660544,24,5,0
68,4,7.691276629247304,35,2,0
216,3,9.649826415123131,4,10,0
250,8,6.65872229944014,47,3,0
448,11,3.985268354896632,26,1,0
479,5,9.311897446062288,48,9,0
22,7,7.060537744463071,40,1,0
486,9,8.590131038995164,22,3,0
454,17,7.078838207898503,30,5,0
269,20,8.948018496645382,47,4,0
459,8,1.5058434545475894,3,5,0
209,13,5.454724909982325,20,2,0
53,8,9.999652640912494,49,9,0
162,12,7.2709976080196785,22,9,0
270,17,4.77383046265642,50,1,0
228,2,1.5870715466490548,33,4,0
89,9,1.2639478076790858,44,1,0
77,20,5.279424825171963,4,5,0
308,12,9.183890915902829,45,5,0
361,20,3.127097981298683,16,6,0
86,17,6.855494500994192,20,8,0
49,13,4.653379283089525,41,6,0
187,15,6.228896630549271,12,3,0
58,3,2.0247373917682623,32,8,0
271,4,9.82769024078367,18,8,0
209,15,7.856880569425865,5,9,0
25,9,7.74401105527132,26,7,0
230,12,4.904262666978805,45,7,0
314,16,3.065629039464509,22,3,0
371,1,3.644406597867639,35,2,0
288,20,4.277619504463452,28,8,0
484,15,7.7647265858107,43,2,0
142,14,7.033244101343218,48,8,0
300,17,8.76265280466523,34,8,0
311,10,2.7786425180657166,38,8,0
500,7,6.898524583463348,5,10,0
451,4,6.015188238063633,8,2,0
253,8,7.925159804850335,28,1,0
105,11,8.55762482733037,9,1,0
120,1,8.332673169068194,35,3,0
492,14,6.8741489605231045,23,9,0
400,2,1.6526022904478892,43,2,0
167,18,8.700341173515891,31,4,0
133,13,5.593436476834372,8,9,0
381,10,3.108462036985485,36,1,0
320,9,8.074797814880903,13,2,0
244,17,6.510024358101569,13,5,0
53,13,6.689683393386806,20,7,0
326,19,1.6978152802407598,27,9,0
414,19,5.701249203823178,10,4,0
222,16,1.6055693713619856,49,2,0
257,1,7.164798557090014,30,9,0
449,17,2.8289895259188995,19,9,0
419,8,1.743105008831121,49,3,0
52,17,7.5953940180701816,17,9,0
480,7,6.180874279821447,48,9,0
40,16,6.980792397746811,10,7,0
92,4,2.269286948904644,2,8,0
388,1,6.2634179028247665,13,2,0
29,12,1.9324321164425646,30,10,0
431,10,6.720529522946753,28,6,0
397,19,5.185149265193781,9,9,0
431,3,3.3909377948581048,8,10,0
196,18,7.4407654701313115,26,8,0
36,14,3.8270916605864223,43,7,0
165,10,9.698478733319892,25,6,0
37,5,4.570952414136227,9,4,0
134,8,8.134434869038888,8,1,0
365,17,9.653239564841583,23,5,0
225,20,5.158848709877082,42,6,0
62,12,4.4569875307953986,19,4,0
70,16,8.526991766672925,35,7,0
468,10,6.8506588595798785,5,5,0
136,14,6.130358983400727,5,1,0
30,16,5.989514981403926,6,3,0
120,5,7.153121250561261,34,9,0
130,12,6.888085743172281,42,4,0
151,16,4.1650208652862375,8,8,0
190,8,2.8870033911194763,48,3,0
43,13,8.035269896278379,38,5,0
428,2,1.806800707192894,30,5,0
168,14,8.806450033192828,12,6,0
31,3,3.1035980277429855,32,9,0
136,17,9.474820654042528,19,3,0
148,11,7.489303516236457,26,7,0
155,13,9.837110569586079,12,9,0
140,18,5.307769199297613,40,10,0
220,4,4.575051206513398,14,4,0
128,2,5.263200261265117,1,7,0
43,7,3.787838442341751,18,4,0
359,11,8.258593135344931,32,3,0
157,10,2.887955982797255,44,7,0
341,8,1.4523841240979631,17,4,0
171,19,8.05538649494024,31,2,0
441,8,1.8683152009368942,39,10,0
307,7,1.8291593398051247,4,2,0
271,20,6.855849090814626,16,6,0
43,9,3.5435564554481207,15,4,0
288,8,2.39422239310799,2,5,0
375,8,2.427634871684851,50,6,0
416,17,2.707369373650698,27,10,0
255,9,4.042011430821887,18,7,0
186,8,3.5024745408261304,44,5,0
111,14,9.889072089758116,49,7,0
166,19,7.640210573040532,41,9,0
41,2,4.278380618525317,47,4,0
435,15,4.2625717430848145,38,2,0
312,8,6.016066251910832,39,6,0
486,2,3.0433992732435993,10,4,0
403,18,2.2144394399281637,1,2,0
396,15,1.2459878739996562,35,1,0
462,3,5.6640256349353795,4,8,0
205,2,9.849708923858797,39,8,0
420,10,4.186605198111642,47,6,0
94,3,9.010175878225626,30,9,0
162,14,9.631830468604093,9,4,0
363,3,9.883048924592158,14,5,0
425,19,6.6074115952641685,6,4,0
320,18,9.563761654501025,14,7,0
435,6,5.966284365806956,17,5,0
286,15,5.0558610109092506,40,8,0
387,5,2.1318046755649087,38,10,0
437,3,1.4451894822088018,35,1,0
231,6,8.16902085686067,1,7,0
106,1,6.711666908107725,5,3,0
301,19,2.4958134033658754,39,10,0
179,3,6.229156953236209,8,6,0
492,1,7.011131716413433,5,4,0
302,4,7.264367623377794,12,5,0
343,16,9.450006193933753,28,3,0
58,18,6.7418537556770985,11,9,0
133,14,7.787970908869408,22,9,0
136,6,9.923289925949238,22,7,0
403,18,2.263976661401069,40,8,0
372,13,7.587053767096753,18,9,0
356,10,9.649002634892117,35,10,0
152,10,5.3814364068405425,20,4,0
274,15,4.182249636641767,6,8,0
232,1,8.858574787430873,42,4,0
46,4,5.450386199805655,42,5,0
418,11,9.17236823762929,21,1,0
366,3,2.21119594781576,14,6,0
325,18,5.466206295587336,12,4,0
201,8,2.344945599789993,22,7,0
165,3,5.8148731131309965,13,7,0
397,17,3.7348155213006384,42,1,0
91,3,9.092073569918247,24,8,0
463,3,8.432262587883729,6,10,0
260,9,5.754837795671058,50,1,0
304,20,5.270755310408112,40,6,0
472,13,4.775639727864458,5,7,0
135,6,3.9227871547839825,39,9,0
475,6,3.918823764071856,3,5,0
164,14,9.347908443325114,30,10,0
273,2,4.53603019222235,20,4,0
218,8,4.9807864991737425,9,4,0
466,2,5.369056780775869,41,8,0
244,18,8.83539760353772,29,5,0
470,4,7.913467704295976,43,7,0
329,20,8.912032262768019,26,7,0
96,16,9.184546274473105,15,1,0
161,18,3.6704689072176593,25,8,0
296,16,8.135013099506168,2,4,0
135,11,6.210834530080932,28,8,0
245,10,6.7664504229815545,37,8,0
191,8,7.954676157914684,44,6,0
210,12,9.146213124812553,48,8,0
318,3,5.489917074801577,38,3,0
53,6,3.683442517577662,23,2,0
314,4,3.2398774190373842,26,2,0
27,6,9.349794660416524,41,1,0
249,16,7.980125736987067,12,9,0
229,6,2.8349961652367273,42,7,0
475,20,2.2011346407612336,42,7,0
465,10,1.6193221163328886,6,2,0
408,19,4.972737064077924,37,8,0
258,15,6.440430965232704,2,7,0
177,13,9.318990756460922,24,10,0
211,17,5.8907005197215625,7,6,0
191,10,9.83997691234959,3,6,0
495,11,1.4864019845696168,3,10,0
160,8,8.384696993806594,34,1,0
136,4,1.0186437579963474,41,4,0
305,4,2.7463661588172252,37,2,0
272,12,2.0506112589290213,42,9,0
120,10,3.9703795606696133,2,8,0
394,11,2.778226352915379,28,10,0
25,8,7.974662211065938,45,7,0
335,14,4.534341713757067,15,3,0
123,3,9.947534723132167,24,8,0
202,4,1.9755630861354225,8,4,0
327,18,5.380827314422945,49,1,0
438,11,5.548544442239846,40,8,0
151,14,1.6296897677167688,31,2,0
258,4,5.1714363641363965,18,8,0
452,20,4.549141648996271,17,6,0
161,11,3.4211718726338693,49,3,0
76,8,5.559023337657495,31,7,0
256,16,1.3920130938283446,33,6,0
204,15,7.303731173342917,4,3,0
132,20,3.353699073034128,43,9,0
366,12,5.89306474002168,14,10,0
89,13,9.96342775434021,20,9,0
169,19,9.428699106677943,26,1,0
80,3,8.817163187251154,28,3,0
444,18,6.124291830854538,29,7,0
218,7,7.434317636627751,14,6,0
260,14,8.127316679863872,34,8,0
244,9,1.2874516992223324,42,6,0
135,13,5.4397192473594655,49,10,0
474,12,2.8176599837470575,46,9,0
218,4,5.739682747755904,6,1,0
244,10,4.538118733266694,6,1,0
193,3,6.207555723203663,44,10,0
167,8,7.358903300140842,42,4,0
226,8,4.4048240329648145,42,5,0
76,15,4.1473388200494465,13,8,0
328,14,7.999132178146495,8,8,0
24,10,6.431316591816803,25,5,0
226,4,7.230499629386234,37,7,0
36,5,6.522672419591959,49,10,0
306,4,8.70207870273269,42,1,0
401,9,1.4035728949942015,21,1,0
393,4,6.632524066158317,30,9,0
485,16,3.446429912501909,28,3,0
500,9,8.105968135023994,3,9,0
362,15,3.7686302756187993,2,3,0
432,9,6.591327989368946,42,9,0
426,7,5.762282491743568,17,4,0
302,7,9.590138668253822,13,3,0
284,18,1.0155461713997762,15,3,0
113,18,8.336154620773492,6,5,0
313,17,1.3875246932007628,26,10,0
152,2,2.982655149964656,29,5,0
343,5,9.996694041194447,28,4,0
473,9,9.459771750377083,33,10,0
331,18,1.6711884810250828,12,2,0
208,7,8.511284794062684,26,6,0
495,20,6.902371836372216,6,8,0
97,8,6.548181736264053,42,1,0
167,15,3.089487055228404,2,6,0
324,5,5.671369482538399,5,1,0
160,7,5.970218172134525,23,5,0
351,6,8.168667666371942,29,5,0
406,5,5.69164701288649,19,9,0
321,3,9.245384325249445,38,8,0
131,16,1.7873950649058552,2,8,0
377,13,6.237294648952152,16,4,0
129,19,3.3193029338200364,32,6,0
406,8,3.743436828866123,42,9,0
318,20,7.61006729087601,21,6,0
330,3,2.5533550980038124,17,1,0
140,10,9.89907533564397,17,5,0
394,10,4.577861733335171,42,10,0
169,17,3.6616339401179627,41,5,0
398,1,1.3092616312077157,21,1,0
452,4,5.2274727936815015,12,1,0
165,19,1.8606248001291668,22,5,0
481,12,5.161688963704655,36,9,0
254,15,6.519928729705627,42,10,0
464,13,2.6902691303058166,2,3,0
459,7,3.8180748924067633,49,2,0
25,13,2.8571582804016735,43,8,0
106,5,8.256154436060797,6,2,0
348,14,8.35900930407389,32,9,0
244,19,1.2645265182719254,31,8,0
329,20,6.735309654955189,20,2,0
248,4,8.545550755787195,12,5,0
228,15,7.595979309201011,15,3,0
216,20,3.1943105935893237,49,10,0
403,15,5.263523176280798,25,9,0
91,15,2.712489476691659,35,5,0
411,20,8.515673268464663,17,6,0
157,9,5.1641070888238705,26,4,0
170,19,8.865638510190342,32,4,0
179,15,8.080029701506048,19,6,0
113,8,9.242356428936823,6,5,0
279,11,2.0199049435857397,43,7,0
307,4,1.2124508445395152,31,7,0
306,11,8.548566744051307,27,4,0
269,7,2.8692650295667588,13,7,0
382,11,3.291513340768246,12,2,0
93,6,1.7824364718488659,3,8,0
283,4,9.11614691824614,16,4,0
44,15,5.0730900572535,18,5,0
20,7,7.323361293054155,45,1,0
78,6,9.87009864767179,9,8,0
336,19,3.114633179194615,50,4,0
335,12,1.8345175309473771,5,10,0
475,12,7.1206145513344055,2,7,0
467,18,5.7155947332998345,40,8,0
261,17,9.976436635123752,10,1,0
250,7,5.120302825002607,3,4,0
273,9,4.537747474434856,29,2,0
433,2,1.9523450794926274,22,9,0
212,3,4.8300276692038535,48,1,0
466,14,3.033184031504102,8,3,0
20,14,8.641982491328722,33,5,0
42,10,8.468052646402741,16,2,0
350,10,7.449343896140154,8,3,0
325,15,8.303247008544401,34,9,0
408,19,5.117113232649255,5,9,0
31,10,7.30650067010612,16,9,0
34,17,7.245490313623378,3,6,0
233,4,4.735398479048416,29,2,0
25,6,3.5635141978536633,25,1,0
455,9,1.874251093839445,28,8,0
385,10,3.648849407449555,28,4,0
344,7,6.7221499382705305,49,4,0
484,5,9.700557389987036,2,7,0
480,2,2.5238853927992593,25,10,0
111,11,8.430846550901062,5,9,0
436,8,2.9208174982591193,20,2,0
120,8,4.714394085512154,36,5,0
122,6,8.375901303346009,48,10,0
239,2,9.485654459914082,14,3,0
251,13,9.714307491023252,46,9,0
147,6,7.156256820900715,24,6,0
318,1,9.668965288922443,1,7,0
500,1,8.400750061202338,49,4,0
378,10,2.9115473862689862,39,9,0
497,19,2.6482792898644707,42,10,0
354,19,1.605816787649927,42,5,0
348,3,1.8837140753576542,9,9,0
489,20,3.495224886063126,26,10,0
380,15,2.4412028588106165,48,7,0
38,9,1.2443939925195742,13,8,0
195,10,2.998216931083749,31,8,0
184,14,1.1321948491193807,40,7,0
253,10,9.623535550081924,8,9,0
170,15,6.923821173438533,15,9,0
228,2,8.334542802683337,47,6,0
426,5,1.0912838602898323,46,7,0
168,18,8.544379661792057,42,4,0
257,12,3.009252231512048,2,3,0
90,12,9.91474204844642,42,8,0
351,7,5.317411101751441,32,5,0
226,17,5.496918385745877,3,2,0
338,14,3.45423605656804,18,10,0
134,16,5.724275587770878,2,3,0
305,20,6.046401491111549,29,1,0
391,18,4.154772658539017,4,4,0
467,12,3.209238564757305,11,9,0
44,1,6.135808437755932,18,8,0
138,17,8.346642390784625,17,3,0
308,9,7.761242084255259,24,5,0
295,1,3.5317366683172526,9,1,0
101,8,8.323734321768558,28,2,0
271,7,5.408259271717766,36,10,0
384,16,5.315865379363694,19,1,0
288,14,6.585567987545895,25,9,0
178,15,2.274132101143381,34,2,0
230,17,1.0918194436325748,5,1,0
145,5,4.95281318028223,25,9,0
197,3,9.760530228218952,30,1,0
197,16,2.3536487397416685,5,10,0
425,1,6.911133650869767,33,3,0
350,13,2.5845457783384944,31,5,0
141,17,3.10367332859038,32,1,0
133,1,1.2401769904544,31,3,0
275,3,9.951546105194245,16,7,0
428,7,6.610725654843682,16,7,0
177,5,5.828386223351369,21,3,0
328,14,3.44727613736571,19,1,0
73,11,4.015977786335386,23,10,0
490,17,5.255401681154044,1,9,0
488,5,1.48195211138456,16,6,0
364,20,6.064314655487225,34,2,0
375,18,6.004452275661976,31,1,0
364,17,6.194826196618292,20,10,0
80,17,5.730907067680853,48,8,0
248,10,2.4423434252982785,43,10,0
389,12,5.057709251066164,4,3,0
42,11,3.229851088197503,30,7,0
175,6,8.05328147380135,35,9,0
239,17,5.7524902928753265,30,4,0
189,8,8.182632472505059,37,1,0
21,11,2.9463911242438643,27,7,0
155,5,8.468890789834306,7,2,0
443,6,1.2611299280862882,39,9,0
445,4,9.90626868335872,50,1,0
313,18,9.419030566292532,16,6,0
158,7,8.573810942067265,19,6,0
255,15,2.2753432875916495,26,3,0
89,16,7.5726452857654545,29,3,0
369,16,4.349237771799729,14,9,0
373,2,5.769099527003236,33,1,0
173,17,5.52566215618195,37,6,0
462,14,8.203928218756879,25,9,0
428,19,5.928622416991345,44,1,0
400,13,3.653848223867031,38,5,0
197,13,8.849817636690258,2,1,0
125,19,1.983908065858481,17,4,0
136,1,4.686339716274123,27,1,0
178,14,7.234389338518411,6,9,0
280,3,6.721883149085412,44,1,0
264,9,6.483679259912428,10,10,0
188,14,7.879647866592137,19,3,0
189,14,9.510066502615892,44,8,0
307,8,9.443476586067604,35,3,0
68,7,1.8687642890620075,28,7,0
62,1,3.1597581308021176,12,3,0
302,4,4.595170801499459,45,9,0
272,2,5.959530825540046,7,7,0
474,5,1.377907375635469,6,1,0
155,4,3.5174819253039242,37,2,0
243,4,5.097794267150073,35,6,0
289,4,2.8382934792692573,10,8,0
423,7,7.093259089219132,35,2,0
477,20,4.196096082685744,26,7,0
312,19,5.578727540838754,18,10,0
418,16,9.201134569985522,26,10,0
359,9,1.5147007027878525,6,5,0
142,17,6.8951357486527,14,8,0
403,10,4.61603428238025,12,7,0
118,9,9.648340404730643,1,2,0
151,3,6.650640275993172,25,7,0
44,19,6.554642705637989,9,2,0
140,4,1.3098668299256406,41,6,0
403,9,8.740019058666455,42,5,0
184,8,5.254178562849008,28,5,0
90,4,5.380319551474582,40,7,0
352,19,9.765717529533063,38,1,0
238,5,7.332193294263524,33,2,0
440,1,4.654421997224424,21,2,0
226,7,1.692842984490951,45,4,0
273,19,2.409363929196037,44,6,0
201,13,3.5629160499605192,49,3,0
452,5,4.429688124620927,42,9,0
368,17,4.252457136961729,34,2,0
361,9,4.881579950714846,48,2,0
432,14,4.970372893146028,21,7,0
293,20,4.782823082561863,15,9,0
193,5,4.145329287317741,20,4,0
376,19,6.888460280415818,30,10,0
256,1,6.716416172634806,49,3,0
404,3,5.5076168800187935,12,2,0
81,19,9.714784533552159,12,1,0
200,15,6.296972734210533,4,10,0
248,7,4.862139496093615,27,7,0
320,18,4.549779320081557,17,2,0
272,1,5.190149152216202,1,9,0
359,14,5.4384640939039635,10,10,0
273,20,9.600744087102168,45,1,0
346,4,8.055036932438766,40,7,0
412,8,5.8152443905284565,28,3,0
377,13,7.262443066928081,48,8,0
390,5,1.5817458900986239,14,1,0
430,9,9.875537667399096,18,10,0
338,4,4.9908182297315635,31,8,0
157,9,6.17619945416723,31,6,0
499,8,7.709258964398975,37,3,0
74,8,1.3508645768669227,17,4,0
390,3,4.2047174810443275,47,3,0
327,18,3.8491159709634797,17,5,0
222,6,7.576005364719382,40,9,0
207,9,8.99613937691428,22,8,0
161,4,5.083572858468109,5,4,0
245,16,7.764523726574925,30,6,0
290,8,2.4226108015737435,28,3,0
463,3,1.5573251144165114,49,4,0
234,7,4.386890032920551,36,9,0
401,18,1.9630491357195838,45,6,0
276,1,8.707319821474709,23,8,0
324,16,2.839391794396892,12,7,0
319,4,5.3822571518655,28,6,0
422,13,5.873737331144611,19,10,0
279,7,6.916017037804562,10,8,0
163,11,4.928852347843012,22,9,0
389,13,5.8294663742280175,3,2,0
249,5,8.516356983264897,9,9,0
74,15,7.161425491350872,2,9,0
378,16,1.7906600202038874,5,1,0
208,4,2.342926515227891,41,4,0
208,1,2.7050530519658373,14,9,0
349,6,6.268929526806414,30,8,0
119,17,4.5994403404263915,20,10,0
60,12,4.502986354546974,14,10,0
302,12,8.857864917949634,31,4,0
76,6,6.790573651425988,18,8,0
496,12,6.039621738753087,10,3,0
296,1,2.8933748630468967,20,5,0
171,4,2.7959322595196743,21,7,0
486,20,3.886951432614396,35,7,0
360,4,2.677151585823484,12,3,0
247,19,3.990606186955224,2,1,0
38,4,6.616670586887879,1,1,0
98,13,3.209623442140142,9,8,0
142,13,4.444538971758243,32,1,0
284,11,5.3211013508096885,32,10,0
66,4,4.903786978693294,46,10,0
495,15,5.329370372375768,10,9,0
364,8,3.8106822906024806,24,5,0
209,4,4.199225317621254,4,8,0
163,3,7.891708307570936,29,1,0
274,20,1.3203310231876637,7,3,0
485,7,9.60271692272607,34,7,0
273,17,2.7357496435627846,18,8,0
307,11,3.9046812213148656,32,3,0
500,7,1.7343818495276468,25,4,0
271,16,6.002415202978007,5,6,0
500,6,6.3329108539524634,35,3,0
243,8,6.2776900473008705,50,2,0
127,2,4.877642774537618,44,6,0
338,1,7.260969818735779,44,1,0
317,17,5.610659043274802,18,4,0
134,18,7.617568481301379,19,9,0
59,6,1.8321329889046467,28,7,0
286,17,2.576172869282951,30,3,0
471,16,3.3028163185721287,31,3,0
236,9,7.002914760648584,41,5,0
115,8,7.117758674974386,15,1,0
262,5,4.536588559770431,50,8,0
110,19,4.03667844590975,15,6,0
129,11,1.4326608495649382,13,4,0
340,3,8.715012336085481,25,4,0
88,15,4.767242112238524,23,4,0
382,8,1.1909292603877144,24,2,0
246,6,5.185117540035346,27,7,0
72,11,6.553975319636473,31,6,0
411,11,1.6508343708654238,31,8,0
340,19,9.322589567854138,21,5,0
272,19,4.082381394697488,18,7,0
225,13,4.07182916708182,15,1,0
422,5,9.647119961445492,9,2,0
414,3,2.425777730387259,11,3,0
141,14,2.481418164516522,5,8,0
473,13,4.469997041283667,30,10,0
367,4,8.258660878375842,21,3,0
313,2,1.1035911762754331,3,5,0
207,16,7.161055415889046,47,6,0
431,12,3.0541773480923764,20,7,0
480,18,7.1884561323946485,38,3,0
410,11,6.744750430829444,23,9,0
320,8,5.88944533815901,33,10,0
217,11,5.306871374682799,15,5,0
76,12,7.614668327125299,19,4,0
128,9,6.697764927175141,42,6,0
88,8,9.556646310425958,9,6,0
390,15,5.079545723299536,5,4,0
115,12,9.28925536370234,10,4,0
183,18,4.545828407664934,1,2,0
132,17,5.03770207453663,5,8,0
78,3,8.797959597786956,5,7,0
233,20,1.192207845556101,12,4,0
136,13,3.4338437211261157,9,3,0
477,20,3.440944892792409,7,2,0
119,7,2.153103726487515,15,7,0
491,18,7.571004124883093,16,2,0
356,10,2.2245160913540305,12,4,0
236,7,7.595957609961382,9,4,0
346,3,6.322309867017369,30,4,0
241,15,9.412270721562512,42,10,0
347,3,3.327282371708498,6,3,0
118,13,9.541144380076409,44,4,0
333,20,7.808300058102534,35,7,0
211,6,3.500233803598404,27,9,0
277,1,1.5093301823134837,25,4,0
204,15,1.736658307063305,13,2,0
100,7,4.220726462491851,49,9,0
319,2,2.736418558260158,49,5,0
56,11,2.7667028071331283,20,3,0
441,1,9.802451916300019,28,5,0
61,8,4.07469375661214,50,6,0
161,20,8.267496367189798,27,7,0
174,20,4.51297678674635,20,8,0
300,20,9.694282801510989,3,4,0
177,9,9.050731066233547,35,9,0
120,13,2.508285411852578,11,4,0
114,12,9.719230567034693,9,8,0
457,11,3.7828751397408227,44,5,0
194,14,8.007304407604645,50,9,0
165,12,4.203082603914298,37,7,0
371,13,8.53420666053852,37,2,0
37,17,2.2931236378033497,4,3,0
329,14,3.8855440964715178,21,6,0
23,6,5.1022098532543305,4,4,0
407,10,5.376711048282209,5,7,0
206,5,9.581178944986503,22,9,0
52,5,6.190540850585996,45,10,0
435,11,3.8933762803789014,19,1,0
307,9,4.041465018268964,25,2,0
159,5,4.321259986084121,2,8,0
154,18,5.7171533874434886,39,8,0
132,6,2.100340153351362,31,3,0
285,2,6.397036164102497,26,5,0
161,9,9.769760226366593,21,8,0
67,19,3.6853246587230206,9,10,0
467,8,7.092813885333067,33,5,0
85,8,6.374894219802023,38,3,0
41,3,3.63879044634709,36,8,0
333,6,5.04677068952781,20,1,0
436,16,8.547264416900997,1,8,0
332,20,1.029215653923313,20,7,0
224,10,4.886398411217499,35,7,0
378,1,9.868824179308348,1,10,0
423,11,1.4114295270676822,22,7,0
33,4,7.981718350163956,16,10,0
160,15,9.046719606017753,1,8,0
295,18,5.508095238073931,13,5,0
468,20,8.07945809017425,38,10,0
26,1,4.575932613488866,5,3,0
350,12,8.250445395314962,44,6,0
458,5,7.015494063608628,23,3,0
496,1,3.2454730984692306,42,9,0
179,17,1.2915271939097681,32,5,0
185,12,8.14529072472305,49,6,0
61,15,6.896529060957646,36,5,0
307,6,1.9273518668158949,40,9,0
167,12,6.4007589097245825,47,5,0
371,6,8.130895800957237,36,2,0
93,2,2.7024292020458103,29,9,0
58,2,6.793493951991672,11,9,0
309,20,8.091879573536879,28,2,0
226,19,7.8978142208543405,3,8,0
268,1,6.482071585275221,19,3,0
432,17,4.225131851854905,34,10,0
498,17,1.6368284753379618,14,10,0
126,19,1.5080168149905266,46,4,0
148,14,2.991363144025879,44,7,0
112,17,9.373113110567846,41,6,0
476,5,4.384780764264928,29,8,0
45,19,3.376173432573412,37,8,0
396,4,7.156516694515951,33,4,0
100,6,6.550577756639286,9,6,0
67,11,7.275031873838222,44,5,0
416,4,6.3855676189281665,16,4,0
360,4,2.613377993905899,44,6,0
160,18,4.461019352805216,46,4,0
119,7,8.34928744937088,12,7,0
150,10,7.604047709582878,11,7,0
207,9,5.243431386584174,33,7,0
186,8,3.206006002370611,4,3,0
90,5,2.944541841963251,27,10,0
281,20,5.67493320033989,18,10,0
364,14,4.57920783903782,36,6,0
254,10,3.053900373184077,22,7,0
141,19,3.94564005621224,27,7,0
214,7,2.4027032096635565,40,8,0
343,2,5.939466673371829,37,10,0
416,14,7.343883494717741,23,8,0
188,1,6.325098924475682,7,5,0
287,19,3.9780513259336105,10,3,0
152,17,1.5359320399755534,2,5,0
361,15,8.57994332983707,48,9,0
31,11,9.425049474077651,20,6,0
126,20,6.674034785825084,4,3,0
336,2,9.932429269398364,4,9,0
26,15,5.349149056855253,21,1,0
368,16,8.326518025545774,9,8,0
254,16,2.649872629414868,23,6,0
257,18,4.1262992017591635,3,4,0
340,14,9.61324247057858,35,6,0
272,15,7.621983473632866,26,4,0
263,16,4.442066426131383,34,6,0
425,5,9.650413838527273,3,8,0
249,2,9.779758157119,1,1,0
446,14,6.708725416241275,25,1,0
90,7,1.8219785474766486,33,7,0
395,2,5.138521938213381,42,10,0
114,5,9.310056788000157,22,2,0
437,13,1.6071737789433052,9,8,0
493,17,9.518026199348196,28,5,0
143,8,1.2838930870716045,32,7,0
225,9,6.210849994594744,33,4,0
82,7,3.8741304440280673,50,3,0
217,6,6.831083306205233,23,2,0
401,17,1.9359077741025668,45,8,0
269,18,5.644591117883411,36,6,0
364,9,4.605554805135247,27,7,0
476,14,2.1251759284958034,32,3,0
24,6,5.103766348082268,5,8,0
23,17,9.150987056958977,1,9,0
408,2,4.302620703701144,6,7,0
207,17,5.041698318862614,2,3,0
234,2,4.389414106371849,30,6,0
305,9,1.5214598737898646,27,1,0
67,7,8.543245546137092,5,9,0
223,17,4.354514679054045,31,10,0
39,14,8.48547881275574,35,6,0
341,6,1.430685674776952,8,10,0
498,18,1.4138224530800523,28,5,0
250,13,1.382058439134839,18,8,0
345,4,6.5765235761701,47,4,0
86,7,3.9560112821585705,37,6,0
154,4,8.5358259214249,27,4,0
311,16,1.0735262070045555,18,3,0
168,1,8.021538056888806,30,9,0
484,3,1.314951693365169,27,1,0
194,18,5.103130317177359,29,8,0
263,19,9.519368622286343,13,7,0
452,6,9.82241770681888,36,9,0
248,5,8.172931281385024,17,4,0
434,15,9.20119512309782,30,8,0
464,9,3.644910820238973,12,1,0
218,17,1.4170423408858535,38,7,0
73,12,4.4670069027364026,24,3,0
172,13,4.494342884710627,22,2,0
237,18,1.593967364387694,39,9,0
115,4,7.046596547122094,14,9,0
90,17,2.863683990929716,20,7,0
336,9,4.051227340862882,18,8,0
265,18,7.388666159277625,37,1,0
430,16,6.1752043953529725,10,8,0
124,1,8.040333673265838,29,5,0
194,16,5.5356810413925075,39,6,0
79,4,7.874473867306031,31,1,0
300,15,7.7144930113196155,15,10,0
254,15,2.0026519889914485,26,7,0
163,10,2.1468864371483747,3,2,0
386,13,1.0973268641049256,40,4,0
248,16,3.0325357135973334,7,4,0
396,3,5.423660962843032,3,7,0
327,17,7.164918932168476,38,3,0
44,20,9.969606893525729,34,3,0
447,8,3.5413061578375356,43,7,0
83,10,6.7219668282040645,39,4,0
293,6,5.175417054395146,29,1,0
124,3,5.301545804189302,45,10,0
153,1,9.96417479799145,20,8,0
326,3,7.7588665996878055,4,8,0
466,2,3.986409966514478,30,5,0
182,17,5.620305671675779,41,10,0
431,19,5.087421290445277,46,5,0
345,15,6.734465133238129,19,10,0
500,17,2.915870931063993,13,1,0
65,3,3.39859643170218,9,3,0
236,11,4.531898193343544,21,1,0
278,18,4.973451011527933,4,8,0
281,8,7.849982875039406,2,7,0
216,11,8.75439582873355,4,10,0
54,1,9.307118718799394,17,5,0
264,10,5.486237719472141,7,3,0
183,5,2.978463951658899,2,4,0
184,2,1.1974829740332524,48,8,0
82,13,2.511402518265074,46,6,0
380,2,7.43085229577264,36,8,0
460,19,6.381572930052379,8,7,0
260,13,6.687866006929014,6,1,0
43,7,7.025565924998851,49,2,0
150,10,5.2103257434873935,22,4,0
414,7,2.6277424453278764,16,10,0
208,7,8.236499033829167,40,4,0
437,6,3.1103288557776643,6,3,0
471,13,1.1017635673824815,9,10,0
311,6,1.0411637025358937,38,6,0
349,4,4.411061440722881,15,7,0
430,15,8.101283196093933,50,1,0
259,2,7.049604434940796,37,10,0
35,12,7.508423123979441,20,9,0
218,17,9.66734945108572,10,4,0
73,19,1.584548104945556,28,1,0
118,8,9.870487885510034,41,7,0
197,16,4.685134026405354,49,1,0
55,10,9.932903767292023,20,6,0
109,6,2.014647518226314,35,4,0
478,7,2.3129504065910043,39,6,0
394,6,1.0870781517145442,22,4,0
309,7,7.741738551083124,37,5,0
408,3,6.850006710806125,39,10,0
272,5,9.91447700340578,41,7,0
101,8,7.787685131783075,36,1,0
297,9,3.2237837672748952,38,5,0
300,19,6.065162747883693,9,7,0
241,10,2.2256364178069425,48,7,0
421,20,3.1498473200989374,29,1,0
310,7,7.273696557249344,19,7,0
194,5,3.6564925427172468,5,3,0
405,10,5.429707530744112,25,5,0
233,3,8.530329200708342,2,2,0
268,12,3.100649757838598,12,4,0
223,18,6.109237296494994,45,10,0
428,16,2.85551335082003,39,10,0
117,4,1.6594466094730724,27,9,0
164,18,2.117611753694429,24,6,0
52,19,2.066934135083045,42,2,0
302,2,3.677861934864114,21,3,0
134,8,1.060793372972459,41,10,0
389,7,3.4278442257427546,17,6,0
171,20,3.0815331557352303,50,5,0
307,20,5.619043181430973,49,5,0
73,14,7.469058991228062,21,4,0
153,1,6.812155287792234,9,6,0
495,3,8.252104122659194,15,5,0
420,3,9.238323538692091,36,2,0
214,4,3.6535519125796134,28,9,0
146,10,8.943122182756076,7,5,0
452,7,4.178158882072105,10,9,0
235,13,5.436651293603621,44,6,0
77,8,2.112769830417455,20,4,0
436,19,7.153206068809281,42,8,0
261,10,7.7909725307262665,36,4,0
83,18,9.972610548847921,14,10,0
101,20,7.28301373097674,31,9,0
186,14,7.735527805611729,16,3,0
293,16,5.80346699636902,11,1,0
341,3,6.633378189051308,40,6,0
334,19,6.28767968632678,33,3,0
364,17,2.27331197167197,22,1,0
454,1,3.7433439344406887,23,9,0
281,4,5.166381823963606,17,8,0
388,13,8.654261017822314,5,3,0
58,18,7.883171298041055,21,3,0
497,12,8.573668435317597,29,1,0
145,14,8.271484201535158,22,9,0
382,11,1.0273178620285992,7,5,0
76,20,3.9255783812301384,11,1,0
222,14,3.8307303657519425,48,8,0
263,16,5.808496920522973,35,1,0
357,10,7.640802696205064,46,4,0
43,8,9.59501220281459,27,3,0
480,19,7.265885541927295,45,10,0
284,5,4.047291610523891,28,7,0
135,19,4.944162156995922,35,5,0
248,6,5.464307441121985,36,5,0
37,14,4.963786867723069,8,2,0
197,7,3.879107086233229,14,5,0
413,16,4.301900753189465,28,1,0
246,9,4.338393502700946,31,3,0
67,10,9.267426904421992,47,4,0
104,18,5.329916219966072,4,1,0
389,18,8.550011124193588,23,3,0
446,6,2.4983266675345512,5,6,0
291,15,4.555602199146573,15,1,0
224,2,7.573648668197727,35,10,0
475,5,1.0682118147410975,1,9,0
305,14,9.777551782422794,8,5,0
97,10,8.925447838579768,26,9,0
354,1,3.8149015623857983,10,4,0
168,17,1.890483365028812,20,2,0
423,11,6.628991065387921,5,9,0
157,15,5.168826671052921,26,3,0
150,7,3.8348008988499847,17,6,0
131,16,5.064901868668001,46,6,0
224,6,4.799667856757855,18,8,0
195,12,3.8532254523409906,1,3,0
192,1,6.2217503374095395,30,3,0
80,15,8.615594739471934,19,10,0
327,4,9.467258780441206,5,10,0
354,9,3.081643723864399,27,10,0
95,8,3.8791186408126133,15,10,0
128,4,6.709534226309183,36,1,0
361,17,5.7687023119183785,44,2,0
374,13,6.284116820366617,46,2,0
198,13,5.0411415468050755,35,7,0
307,6,4.351937397902731,2,7,0
141,7,6.8408618184132965,49,1,0
152,2,9.16869324137416,22,6,0
266,17,3.445057990494456,39,3,0
37,19,3.71004329440744,10,7,0
400,5,3.888321606000074,47,10,0
129,11,8.228696733609294,6,5,0
465,5,8.245465125069368,10,6,0
153,19,4.62366749200512,39,6,0
471,17,6.93489641809641,47,5,0
443,2,2.6453139718160505,13,5,0
138,2,2.2046784571751914,5,10,0
259,7,8.309274705850251,44,9,0
136,18,1.2054646355157883,12,6,0
264,15,8.260175498359594,23,10,0
452,2,7.502331329048027,24,2,0
79,20,9.57105124929014,49,10,0
412,12,5.550696224822963,21,10,0
87,13,3.6491327104210827,34,3,0
372,18,4.143076328115599,23,5,0
378,4,1.4109778056353806,44,8,0
337,10,8.95468199056556,9,8,0
141,18,4.891048428817755,49,4,0
300,9,9.301122572387577,2,6,0
246,4,6.534206535349009,38,4,0
219,10,2.550565415045308,42,8,0
127,9,3.578247990310887,50,10,0
217,19,6.39450614531147,28,4,0
214,20,1.1846029201307435,45,2,0
373,10,1.062663476699468,28,4,0
82,17,9.913571442599025,41,3,0
283,14,2.84239685713442,10,7,0
161,14,6.946535413887791,36,2,0
430,7,7.821551238416138,22,2,0
49,18,8.535353304269641,18,4,0
298,16,4.513660097583642,41,9,0
383,20,9.047599565080573,2,2,0
49,9,7.32037483874224,48,8,0
181,1,4.858138528058815,19,3,0
456,1,3.285325652391947,42,6,0
472,9,1.5652111237592163,19,10,0
315,10,5.21943517251236,19,1,0
139,14,4.774366575652288,47,6,0
189,8,6.544325672906723,34,3,0
230,17,1.086716562161382,22,9,0
238,5,2.326435068638238,3,9,0
467,20,4.6561712152643695,1,4,0
39,16,8.41708681433764,17,7,0
391,6,2.3261720247799356,42,6,0
393,7,9.574237390623148,42,5,0
40,13,6.305516258563289,12,5,0
489,15,4.040527697021449,12,6,0
93,5,4.25866343630694,18,9,0
107,13,5.931697176133673,38,8,0
99,12,6.177333749262164,3,5,0
367,2,6.622435589569854,11,2,0
465,7,5.437654028244847,35,9,0
47,4,1.5840030218668877,8,7,0
96,17,3.0583541512812142,34,1,0
248,1,5.3291205263146875,11,2,0
333,8,5.742876469061724,7,7,0
363,13,2.0828964611782284,43,6,0
305,16,6.917076016221344,38,1,0
334,20,9.71275446966249,6,5,0
358,17,6.105368465837954,17,4,0
127,1,2.597087435843755,36,10,0
365,12,7.545374016350553,6,2,0
221,4,1.215744684715604,33,6,0
258,17,5.150934799006091,20,1,0
262,10,5.234153284469955,36,9,0
105,1,1.128002053336321,37,3,0
236,15,1.6108754513988264,49,8,0
307,18,6.7449769544564395,46,8,0
477,16,5.0762663705247455,43,1,0
207,5,9.976426820098077,4,5,0
88,6,8.89371937313967,22,7,0
499,3,1.1763057413040512,32,3,0
55,13,8.382305043285083,50,10,0
75,6,6.177121333131951,12,1,0
140,5,6.9281302756562635,5,9,0
373,18,7.1612665151836135,33,8,0
353,1,7.55415754343212,29,3,0
189,8,3.8984915863669904,12,3,0
463,7,9.345701253326661,7,2,0
363,19,7.031194531070854,21,2,0
347,7,2.286066976080394,21,2,0
159,16,7.801212546380936,32,1,0
95,6,5.545723571512539,9,10,0
141,14,7.369562493275969,43,10,0
270,6,6.119730768069078,40,5,0
28,14,5.291602719644749,5,8,0
464,9,3.6821049899771405,14,10,0
280,4,6.718672909951096,13,3,0
497,3,1.7624235344161456,15,7,0
137,18,2.9628671981076735,34,3,0
340,11,8.112204386839625,19,4,0
383,5,3.547690804296822,26,6,0
469,6,3.2104303174216478,1,6,0
149,6,7.076463568690213,29,5,0
447,1,8.078298250278074,19,2,0
145,12,6.540177991242906,42,4,0
314,3,5.463333213350625,25,4,0
133,14,7.211854928725463,27,5,0
374,20,6.902917971892343,29,3,0
235,11,8.344402691747117,5,7,0
225,10,3.0004367957874196,48,10,0
421,14,6.9179790010897495,46,1,0
78,10,3.838024895967258,39,2,0
37,13,8.345359268591206,24,4,0
217,1,4.8014875047957055,24,10,0
114,16,9.67822457135551,13,9,0
282,6,2.826852523156766,41,5,0
380,19,7.11369479018056,42,7,0
237,16,1.5524517901098194,30,6,0
253,15,3.4206971492461014,40,8,0
261,9,1.1667282232215628,12,6,0
325,18,1.4576441220926917,21,9,0
439,15,7.48486219527897,47,4,0
145,4,6.5251954832058985,23,3,0
147,14,1.6623499574431346,2,10,0
482,11,5.9387894004535475,44,3,0
188,9,5.368304074853066,40,1,0
410,11,2.8951357231442287,41,10,0
328,8,3.8273684129470324,36,3,0
375,2,4.790724989494429,42,2,0
246,4,9.931844125828858,49,10,0
362,8,3.3774094463058257,26,7,0
95,9,9.298184570463086,35,10,0
391,4,2.20110166970017,27,7,0
467,10,4.050208582684309,5,10,0
91,5,4.559806025749298,43,6,0
153,10,5.754659481158885,15,5,0
190,2,7.684728225395476,29,6,0
241,19,6.188582499077885,12,6,0
417,14,3.2347194893624995,44,7,0
254,2,1.7595635884970695,7,1,0
477,17,9.965726797627768,18,8,0
421,4,6.743852755039384,15,5,0
214,8,8.951214959949871,26,10,0
388,10,8.548527844130172,30,10,0
129,20,7.927368281876003,45,5,0
447,3,6.359756080791898,22,7,0
48,13,6.338032981691629,1,4,0
315,7,4.831986387479477,34,10,0
158,11,9.668252105196052,33,1,0
359,12,7.3525946537986595,20,10,0
403,16,7.316177113195254,31,3,0
461,14,6.38545943456658,19,8,0
391,10,3.160471675629898,50,5,0
337,13,2.3849147147399514,19,3,0
187,5,7.298416332147348,20,9,0
25,16,9.553118895974393,23,1,0
343,7,1.78090638071274,12,6,0
227,1,5.779684078227833,42,3,0
320,6,2.752409217874874,3,10,0
207,11,8.88857543632655,5,2,0
342,17,6.028320420129615,41,3,0
117,1,1.5566154273764066,35,9,0
410,5,3.6017575416254783,16,3,0
468,12,4.533176004158357,44,10,0
390,15,1.1870124026035023,39,9,0
122,15,7.453223993381008,42,3,0
227,2,9.198076192656334,39,7,0
30,12,2.7784204961056846,38,7,0
336,13,7.6589531061156215,31,7,0
342,17,2.615809291238116,4,4,0
462,2,9.64402444204711,41,8,0
337,11,1.4568439785479153,19,7,0
335,14,3.5799179896160975,29,6,0
119,20,7.308940723905595,50,7,0
244,12,2.217636798814401,21,4,0
465,6,1.7428680822475997,9,6,0
479,17,7.787975894855355,28,10,0
446,2,3.9349736201212946,34,7,0
82,5,4.344474540848678,50,8,0
202,3,6.607927174330236,48,1,0
317,14,5.126508463546539,23,5,0
66,20,5.522224937984225,20,2,0
121,17,7.220365287472057,33,1,0
216,18,3.346439823569661,43,6,0
201,19,8.135060725573991,1,10,0
103,19,1.1972937213980892,38,10,0
294,13,5.6408093654293365,42,8,0
182,8,5.788835717677016,14,6,0
56,8,7.428795113005379,19,1,0
148,19,3.358222829412231,13,8,0
239,10,6.859705039894472,3,5,0
119,6,5.915486605365851,20,3,0
490,15,8.470226481851075,13,3,0
393,3,5.492284690536459,24,3,0
214,11,6.612540764049572,49,7,0
241,6,9.644554762749879,7,6,0
143,13,5.722030060727073,32,1,0
478,4,7.826838353789412,4,4,0
261,7,5.550439549636551,42,10,0
145,5,5.379945435479798,25,8,0
35,14,4.218369299621255,4,1,0
369,20,7.98643014706272,48,2,0
100,2,3.840115705256649,18,9,0
337,6,6.148640965025841,17,9,0
50,12,8.92137423656053,17,3,0
132,4,6.305160551571779,18,2,0
321,3,7.531069477808537,43,5,0
475,20,6.504325056212919,17,10,0
440,20,2.0087670044307333,32,9,0
303,16,7.8242622265332145,9,7,0
206,10,9.131748289201731,22,3,0
186,13,4.809416620362317,43,6,0
291,6,1.509533763609217,30,7,0
430,18,7.470657219031025,4,9,0
293,2,4.089834630696802,8,2,0
250,2,8.398221874913073,27,10,0
496,18,3.1913323529025073,30,6,0
454,8,4.799932434930954,41,8,0
404,18,2.2157618854033503,28,1,0
115,13,6.091574276093675,27,7,0
487,16,7.427781174432289,27,10,0
373,19,1.559046504647597,23,8,0
49,2,2.45395690070877,9,5,0
487,18,5.518285070130908,43,3,0
499,5,1.9464250053591443,47,1,0
488,2,3.4018624119772967,6,7,0
30,4,4.875049576718664,25,7,0
378,20,4.537062844437846,11,3,0
63,8,7.731254663039502,33,7,0
345,7,9.635406740732547,12,9,0
106,17,7.0665433530793145,19,6,0
475,3,4.833170917611664,40,4,0
371,11,8.731560776427592,32,1,0
76,1,5.810604649609387,8,3,0
472,3,1.7188068615809953,48,1,0
408,14,6.993634054974655,50,2,0
135,15,3.7356722926932924,20,6,0
427,19,4.033171348285566,4,4,0
176,3,5.4399382952569475,44,9,0
439,12,2.2103617169327947,44,10,0
401,12,3.4915651655302393,38,1,0
492,9,9.215120760318545,35,1,0
262,5,7.47493133767829,5,3,0
496,14,3.003304405010268,48,5,0
132,1,2.185067988950682,40,10,0
217,7,9.039291604672377,16,1,0
286,19,3.8737706151954043,35,4,0
59,13,7.831507811314409,38,8,0
179,18,8.257236885274914,23,8,0
57,1,8.284605663562054,8,2,0
377,18,1.624315301471686,18,8,0
332,4,7.895967581566366,35,10,0
23,18,3.740334674757511,1,6,0
405,11,8.953156233819621,31,8,0
144,10,4.777467400336696,34,2,0
351,10,2.0247557689427143,28,5,0
53,2,5.7904658456794404,29,9,0
350,2,9.167929435266512,38,8,0
92,1,5.3102163260735695,26,9,0
294,3,4.662306230694597,50,1,0
157,18,4.37271863530972,45,3,0
50,13,1.0004341542196111,39,8,0
365,20,1.610016936318541,2,9,0
342,8,3.4515133865285956,41,4,0
345,6,5.657806265140527,1,7,0
185,12,9.85245601549341,38,4,0
470,2,9.451950103538016,13,7,0
77,18,8.644290498097503,26,9,0
333,12,3.7771271357516234,4,1,0
272,17,2.999267530369228,41,4,0
384,10,8.715131956164532,43,6,0
224,1,3.9084424012390366,47,2,0
373,1,3.160306577935533,12,8,0
437,8,3.8173057266462496,25,3,0
118,17,2.4805251394136967,43,7,0
486,7,2.8375084426465733,26,10,0
232,1,5.439745406204895,24,1,0
395,8,2.9881873907042777,20,3,0
139,16,1.6240412028662772,4,8,0
95,13,5.21043664319077,49,10,0
184,3,9.144174401365937,26,5,0
126,12,4.684681445840802,2,6,0
273,1,7.810460110234236,46,8,0
65,12,8.464548600454087,17,6,0
107,13,4.991303501563021,13,5,0
183,20,3.3594355170413284,17,10,0
315,16,2.910640474470485,41,6,0
26,12,2.6849788214941914,29,9,0
388,3,6.491374993584812,30,6,0
235,5,6.441035191477703,49,3,0
454,15,7.9259736764982796,9,4,0
307,4,4.621948104392888,11,1,0
429,18,6.804075582186171,18,5,0
485,19,8.45103312939699,9,5,0
497,17,7.923459952581897,3,7,0
103,20,9.575538496061256,46,8,0
150,6,8.826049920633334,37,8,0
493,2,2.7587299621680654,10,1,0
204,6,8.864580352369568,7,9,0
453,10,8.185853814999813,17,3,0
473,5,2.0587763743254435,35,4,0
24,8,5.238662665439315,6,4,0
253,3,5.210039841644967,19,7,0
406,13,3.3327321733196404,1,3,0
130,1,9.480677685677769,27,9,0
356,8,5.969202533665764,35,1,0
80,1,4.302748379152774,16,3,0
349,19,4.7439036162317,5,10,0
244,19,8.829386180706042,40,4,0
42,3,7.761195082335015,32,7,0
29,10,9.743632611684982,6,7,0
496,5,2.1002449713336433,3,5,0
477,19,6.341306408367633,19,1,0
98,18,5.238906292409539,25,9,0
422,14,4.254978861193722,24,1,0
323,3,6.268733298002184,30,1,0
201,18,9.823930506953062,6,4,0
123,19,8.052522938833377,35,1,0
105,17,1.429102179356208,26,4,0
134,12,1.380076375646089,16,7,0
149,1,3.9451001335410747,5,2,0
379,16,1.894019651200978,48,1,0
149,3,1.8906845562002028,39,1,0
340,19,6.045917684048523,45,3,0
173,5,2.6857430718912756,15,8,0
149,6,2.8845566553109565,49,7,0
314,13,3.573522207599704,44,9,0
445,20,2.8913742304457153,37,6,0
320,16,1.3095532972940593,35,5,0
358,17,7.2583872662535835,13,6,0
482,3,9.739760546217424,27,5,0
472,10,9.527121826466956,20,5,0
256,17,1.4697392576164652,42,3,0
335,10,5.950960382943328,6,4,0
37,11,9.796092434738872,18,6,0
205,20,5.807338718269467,33,9,0
282,4,7.839348462669548,5,6,0
450,1,4.87007332649358,36,2,0
247,9,6.8701279025807995,35,10,0
296,11,9.415377004425173,2,10,0
391,20,9.791914089514943,25,7,0
35,18,1.606407254520581,14,3,0
360,6,9.824430985779754,12,9,0
470,1,1.07455177604478,13,4,0
149,2,6.232335088329497,17,10,0
338,6,4.618170922227616,32,5,0
214,9,6.110308253420586,30,7,0
340,13,4.928401667337578,42,8,0
485,2,4.469526291014336,29,2,0
203,11,1.8205844309215697,8,10,0
478,11,1.9220834816103047,24,9,0
309,13,8.070121750890227,21,6,0
469,9,5.603078646049902,31,9,0
86,9,5.630535526167576,28,4,0
233,3,5.591071671785374,37,7,0
183,14,9.643684147842253,32,4,0
78,19,7.918288334448845,9,10,0
78,14,5.92197386656056,35,10,0
451,17,3.5683807019135436,6,8,0
494,1,7.5860783384882815,26,6,0
398,18,3.7582547103104478,49,3,0
94,14,8.33127156648097,10,6,0
29,3,2.4541109622796937,4,4,0
379,6,5.886022018216331,4,7,0
191,13,2.3681631390995257,27,7,0
223,7,4.353905987130641,6,2,0
105,15,2.8289645548342035,2,3,0
254,2,3.564148760412958,36,2,0
219,2,2.8852486981453915,6,7,0
416,12,8.933383850813978,45,8,0
285,1,8.61889594506974,16,5,0
332,20,8.12991432666371,22,10,0
488,4,4.161983463618923,29,4,0
28,3,7.463199346020384,2,5,0
479,15,6.698088975218039,8,7,0
490,4,2.7285484192757186,41,5,0
111,11,3.5327190525710033,29,6,0
305,3,8.157764718311803,22,5,0
473,12,6.871276489460463,20,1,0
464,10,4.734675027776586,15,1,0
283,14,8.235858212516945,9,6,0
188,10,4.968345557079624,45,4,0
437,5,7.038836662007416,32,2,0
148,15,1.8498454033528071,37,5,0
388,12,6.390263605410772,20,3,0
447,18,7.977070467721857,30,2,0
29,4,2.7277199688683864,34,7,0
381,10,9.1413592996284,24,6,0
404,15,5.51396526357097,45,3,0
299,17,1.5868875232632202,15,10,0
26,18,2.2714028511520623,27,2,0
455,4,7.4022930690887,16,2,0
133,19,1.6448101181465793,21,1,0
456,19,9.872084919637059,22,4,0
291,11,4.161615212929602,15,8,0
327,5,5.702114360851713,11,4,0
213,5,6.804800491428319,34,4,0
356,14,7.252709668463283,39,2,0
31,19,9.181906983707096,15,4,0
58,1,8.225333675842833,2,5,0
249,13,7.147136295434232,38,5,0
416,10,8.110338934640996,5,3,0
110,9,3.462309823714138,40,9,0
362,1,2.3194440577207764,3,3,0
490,1,5.037128033424004,23,1,0
40,20,5.30669417739715,18,1,0
161,3,5.12941373279905,16,5,0
461,7,5.9920978280375445,28,3,0
273,5,2.729456544683351,37,4,0
447,3,4.682523726479369,30,8,0
450,12,7.676624458740898,46,8,0
177,9,6.098946778852995,18,10,0
423,4,7.345383042573893,20,4,0
207,4,1.533174551299748,39,6,0
45,11,1.6929303461143275,36,7,0
158,17,5.610786286473388,42,1,0
30,4,4.372860714794184,40,4,0
425,4,8.343715145727618,25,2,0
143,19,9.983178394036534,45,9,0
58,8,6.051328658591798,34,6,0
138,1,6.513241668532289,17,9,0
347,1,6.86608587260777,29,1,0
449,3,4.71442862272804,45,1,0
153,14,1.8173748264301115,15,8,0
320,3,8.371908620009298,24,4,0
490,2,9.618230512043846,26,1,0
484,18,8.530444545588114,2,2,0
373,10,7.418904372564675,36,4,0
255,2,2.3480809692162308,13,3,0
46,15,2.1643050702412396,21,5,0
323,20,4.322437418828494,44,6,0
379,5,4.492095938920357,49,6,0
462,7,7.970123199973815,46,2,0
179,13,4.079715200443811,33,9,0
450,13,7.653900498049628,11,2,0
207,3,1.6766753756114214,8,7,0
316,9,5.203315815131249,5,3,0
485,12,7.8249374679991766,38,6,0
39,14,4.841116254012668,4,9,0
196,16,9.128726570637207,27,9,0
352,17,9.332232859618546,25,2,0
472,18,5.021014296155832,15,1,0
118,17,4.0793086783055985,43,4,0
223,16,8.076802099004038,15,3,0
225,6,6.412302929925121,2,4,0
222,17,6.587358907421518,4,6,0
73,3,3.390235297113933,27,7,0
133,8,9.43519553857781,35,7,0
492,2,1.4599113250857036,15,10,0
476,1,7.612401856787527,37,6,0
150,10,1.8143416632242344,27,7,0
493,14,9.498949346155273,39,2,0
220,6,7.306125647016216,20,2,0
135,2,1.1432475553191304,50,1,0
35,20,9.70153814273234,29,3,0
146,19,7.66776889749357,18,7,0
80,11,9.087075470757487,7,6,0
26,19,1.5737712458199171,40,2,0
146,4,2.1045975999509867,28,4,0
448,13,4.858385102532368,5,4,0
410,17,7.408575134073665,42,9,0
75,3,2.0953287566010426,14,10,0
211,7,1.8780528157081975,48,4,0
45,10,5.917944358498574,21,1,0
374,3,7.246640894885127,10,1,0
344,14,8.091081426805701,32,10,0
434,4,8.263445665714679,44,8,0
424,1,4.709564942585807,40,1,0
108,12,6.7314474349185405,39,7,0
38,16,7.1147989639556855,20,3,0
258,9,6.466180076566918,39,4,0
318,5,4.928885580754387,6,6,0
432,13,4.468006061055817,27,7,0
482,3,5.514562837529872,43,5,0
364,7,1.2955922344510533,29,7,0
271,3,2.818107647522091,24,3,0
494,20,4.987733862501631,27,3,0
360,3,2.3655785857953058,28,10,0
461,10,9.436629047528832,7,2,0
150,6,1.524627438612116,29,1,0
56,5,3.556673701106882,2,1,0
393,10,7.082782063586725,36,9,0
354,15,7.951215211236166,2,6,0
395,17,7.862863912152994,17,7,0
327,15,7.4849749141326924,27,8,0
422,19,8.544470228330912,10,8,0
299,7,3.670594952456182,36,6,0
370,5,3.022236095476997,38,8,0
185,11,4.379592959312919,30,8,0
104,2,3.486420386115109,27,10,0
90,19,2.406372883937939,2,9,0
195,9,8.241623103958272,13,8,0
146,9,6.850531772150964,15,9,0
402,14,8.033449167046891,32,9,0
61,16,7.395324736722528,28,9,0
33,6,1.6015625959584674,34,9,0
377,14,9.728022695328935,13,1,0
213,18,8.500937423715625,41,6,0
128,9,6.426496050017813,39,9,0
47,8,2.508211229057461,27,4,0
107,12,7.626705648684096,32,10,0
472,19,9.735850432526197,30,5,0
431,10,4.691899863571815,30,5,0
241,3,4.343083966517519,33,2,0
433,14,9.451916434548753,39,7,0
278,5,5.3534949578508915,38,4,0
399,20,7.10965563313358,40,1,0
454,8,2.351221003556274,34,1,0
53,8,4.08355308620667,37,4,0
55,8,4.039374941619817,14,10,0
444,1,3.162116530123095,45,8,0
191,17,4.039824285960496,40,9,0
402,6,1.5201056306935143,45,5,0
401,12,8.259893336716843,46,10,0
378,9,6.185387263932658,48,7,0
215,1,9.126296347171543,48,9,0
227,20,2.396710026669459,20,8,0
179,2,8.680315842441342,25,8,0
75,5,2.0672221388095116,20,1,0
386,5,6.4474654775537115,39,5,0
353,17,7.8296414603109845,47,2,0
394,16,1.1851514607388218,46,4,0
24,2,8.959604059796698,41,9,0
376,20,9.226375378710161,16,4,0
224,10,2.3110202502089963,42,1,0
343,20,8.23696762811645,34,2,0
44,2,9.041407705643032,10,8,0
151,9,2.386819265974385,4,10,0
64,8,5.448124597683463,25,1,0
500,19,4.13080335311952,34,4,0
152,1,2.4936519522576983,5,10,0
118,8,8.155923707844163,33,4,0
53,13,4.328810304167095,34,1,0
335,2,3.9202940260871464,42,2,0
385,19,5.065724733211574,24,7,0
219,9,3.991555781325557,9,10,0
280,20,9.574602017813698,3,5,0
120,10,9.906615271488945,12,3,0
493,16,6.087554074747161,10,9,0
124,15,9.33288001764573,19,3,0
281,2,8.923793748106908,15,8,0
268,3,9.272164829966208,44,3,0
38,15,7.961653350172455,6,2,0
280,1,2.1770298968017343,28,5,0
450,5,7.755500348588184,15,3,0
447,16,7.798177822758281,10,6,0
428,19,5.341105253854074,44,2,0
402,20,9.980441603219111,25,9,0
318,6,3.7184563332651357,47,2,0
272,17,6.211253226645259,46,10,0
353,15,5.269203126925039,21,7,0
102,3,5.5133128696883595,31,3,0
121,8,7.7233055238974355,5,9,0
83,19,5.442760511827599,46,2,0
264,13,2.314180036192128,20,10,0
116,7,8.07068993301456,46,2,0
74,2,6.451094632049337,15,4,0
99,14,7.601957242567237,13,7,0
416,14,3.381329883780706,18,4,0
289,9,2.14844819389873,27,7,0
425,9,3.4872818401094516,5,7,0
491,2,8.67532120015464,17,5,0
419,18,5.601970751568542,15,9,0
351,19,4.796976713413827,18,2,0
290,19,9.270045712559185,34,10,0
358,18,9.855019437492036,10,7,0
358,4,8.044032636507373,49,3,0
398,16,2.4208591572841907,14,5,0
266,12,7.584526983980303,45,3,0
443,9,2.4632468579729183,41,1,0
155,19,3.3463456590974023,19,6,0
477,7,7.090044996707459,34,5,0
394,8,4.856830783507932,32,4,0
370,11,2.0482347023410163,8,8,0
421,7,3.7621995090561775,48,8,0
52,16,9.00903538884996,14,1,0
493,1,9.56718504504474,10,6,0
204,4,3.65413149984206,4,1,0
470,4,7.466101396214043,27,9,0
180,2,3.939948064563044,13,9,0
417,19,4.334318828137286,44,5,0
464,8,1.4400807661470982,5,5,0
121,18,3.1690736126230643,8,1,0
399,3,8.946622052293893,33,7,0
304,12,5.483157703049531,13,1,0
418,15,5.478711732826749,11,8,0
479,2,6.595344354589992,8,4,0
147,6,9.442619600677963,9,4,0
123,20,5.760163133775785,26,5,0
301,12,2.7268456501169154,24,3,0
453,18,5.343932957028875,5,1,0
346,11,3.7268312644584514,3,1,0
484,14,3.2296219796937105,31,7,0
272,3,5.394198895426095,1,5,0
321,9,6.282885189870166,13,4,0
121,1,8.247373885448589,21,10,0
241,16,5.594972213630817,11,3,0
173,5,9.839510371683327,22,10,0
294,8,3.425615265216953,34,5,0
441,20,4.871965909571381,23,3,0
469,9,4.923975276670208,1,5,0
211,13,4.803836058300323,21,7,0
195,11,1.9876890396299332,25,8,0
110,8,2.1880196647814163,31,6,0
158,1,7.887744321777934,36,2,0
315,14,3.958149417639364,49,9,0
315,13,7.078090764951811,37,9,0
38,16,2.374070815161166,15,3,0
174,6,8.797245300325173,7,5,0
413,6,8.12755534787912,16,4,0
403,19,4.085821140972502,45,1,0
128,10,7.6846910073322,29,7,0
189,5,4.785721059653758,41,7,0
130,7,5.534218352656549,9,1,0
350,5,9.444398587769571,33,10,0
483,20,5.434813382810282,37,1,0
405,18,8.085794348452087,45,2,0
336,18,1.1588011662782263,34,4,0
183,18,6.4829417248006,31,3,0
306,19,5.637394328007172,6,6,0
57,17,4.999064488086684,31,5,0
180,3,1.6900193413075895,5,9,0
393,4,5.898443616338112,38,6,0
188,1,2.961408066907217,23,8,0
438,8,1.9249628127486615,23,3,0
430,8,1.6557726710568161,47,5,0
193,5,1.2067286104748345,3,2,0
446,6,7.029945948240485,25,1,0
111,2,7.237968765296584,43,3,0
424,9,6.722214669862478,15,8,0
445,12,6.690231547875498,19,3,0
500,17,7.502121488532278,22,2,0
315,5,6.8149811581521424,10,1,0
396,4,8.872942551722723,7,5,0
148,16,2.6562816266750877,12,7,0
139,7,7.709920088708194,23,2,0
288,9,4.599718361984373,27,5,0
177,10,7.871675284871492,41,1,0
316,4,2.5618088221663613,15,7,0
354,9,2.7933324921822376,7,10,0
412,15,1.4330586615710597,3,4,0
156,8,5.320286947514736,39,4,0
483,16,6.503449541426884,25,2,0
448,9,7.987007652827005,16,4,0
286,8,5.280044289972079,26,2,0
473,6,6.344326599992028,11,7,0
365,14,9.98965333428757,27,10,0
263,1,9.924595229163177,32,4,0
216,14,8.461679114079177,3,10,0
140,1,2.8212627945474735,50,10,0
396,15,3.588294398450453,19,4,0
377,2,9.31906965708205,26,5,0
384,12,8.48495226015335,4,3,0
278,2,3.5159904663178554,1,4,0
301,14,3.988889726762192,42,4,0
203,12,8.222479334760687,18,7,0
224,11,6.087118294786158,49,5,0
455,3,5.137428448991841,37,2,0
93,13,9.248423403712385,45,3,0
234,10,4.9688927778198995,37,7,0
301,10,4.335455638188725,10,6,0
185,10,3.25675473608172,14,4,0
286,10,7.958917417004137,1,1,0
118,7,4.031917614609133,19,3,0
88,2,1.194976702904205,19,8,0
475,6,8.244640388226925,43,1,0
382,3,5.97522406738955,49,7,0
235,17,5.3929897090720385,14,6,0
220,1,8.695924863537048,24,3,0
57,7,7.3953279664856595,36,8,0
79,5,5.891038249344112,45,7,0
144,8,2.9320437666633086,11,1,0
83,18,1.7468172802920288,18,9,0
226,13,8.944422301645119,6,9,0
486,8,6.812747927196529,29,10,0
359,1,7.86628816774451,47,9,0
236,20,6.171171961705404,47,4,0
172,9,4.158024916769062,33,8,0
131,15,6.075721643049745,13,7,0
237,11,4.807640744602506,32,5,0
163,17,7.241762337047538,49,6,0
431,18,9.37663767404644,48,1,0
469,20,4.971158140438675,7,9,0
254,6,3.901963850818163,19,5,0
100,6,4.67178452480577,23,9,0
259,4,9.332098791774932,37,5,0
365,10,5.318596981680838,39,5,0
295,11,5.2218135818363285,38,9,0
313,15,7.187411610266582,35,7,0
81,18,9.465302089624977,36,7,0
470,1,4.176535259363405,19,9,0
465,11,5.3558879439548654,13,6,0
160,20,9.61590216761375,32,2,0
266,3,3.486396774517264,21,1,0
90,7,1.2284196936105687,19,1,0
297,5,3.7940251501502713,16,1,0
224,9,7.009641679280028,10,1,0
383,16,6.793863824539946,11,1,0
330,4,7.601615122125597,28,9,0
203,19,1.0951020897973807,37,10,0
341,4,2.5353923072628946,5,2,0
305,16,5.174438859062859,39,5,0
430,1,9.061752670675496,43,10,0
321,8,1.000991491770084,43,2,0
40,2,3.2723163835688736,23,9,0
85,7,5.195628341223867,12,3,0
416,10,6.250104515680401,22,1,0
251,14,8.447609100184273,47,6,0
247,8,2.0701819432027224,49,3,0
403,20,4.888698515630745,29,6,0
281,14,7.111461134697264,2,10,0
400,15,1.6179122930534713,45,7,0
418,17,7.742741925466966,35,9,0
466,3,2.6187559209410916,31,10,0
459,14,6.55290068175684,20,1,0
299,10,1.5866932715865012,38,9,0
236,7,4.7863573262526025,46,2,0
185,6,7.420791897492399,40,3,0
190,6,3.811941500568052,9,8,0
262,18,6.887204682635451,16,4,0
138,15,2.903092625875068,16,5,0
429,12,1.7898532755227057,36,6,0
111,7,2.508795734017904,12,8,0
312,6,8.727287442517241,38,10,0
381,11,8.121302356180028,10,6,0
411,1,9.864236576698012,3,10,0
311,17,8.4923626869948,45,5,0
262,6,7.410160204005583,28,7,0
211,8,4.056144016660656,31,3,0
435,5,8.884308127043969,2,1,0
488,19,7.725687935300476,33,2,0
50,14,3.5186951580752774,45,4,0
306,13,5.836222389145496,22,7,0
205,17,2.584014596954021,11,9,0
337,18,8.634774292240099,36,2,0
418,7,8.032778679268668,15,10,0
170,10,6.963277064387906,22,4,0
94,12,5.354005622960537,46,7,0
268,20,5.65196881804259,23,6,0
438,14,5.463686622904345,47,5,0
231,9,2.3717682136507996,34,8,0
30,11,2.977794715543469,6,4,0
165,18,8.585462606845962,13,4,0
156,4,4.814583659186739,14,1,0
104,8,7.312018484790064,7,5,0
146,2,6.3580815301138625,25,1,0
393,5,5.42893329773502,5,4,0
313,15,9.92499852030069,44,9,0
94,3,5.714993894840221,20,7,0
383,9,2.975832049907331,46,10,0
199,1,1.969208902113154,31,5,0
232,13,2.759004801949108,22,9,0
293,14,7.319751999343797,39,7,0
244,2,2.8136307819924267,34,7,0
304,20,8.144877312049271,21,2,0
300,2,9.702842534807347,26,6,0
382,20,1.8897399490480908,25,1,0
293,17,1.3962269211789509,42,3,0
226,10,7.819451178705707,36,10,0
388,10,7.314975073573479,43,4,0
73,10,5.5822685826801415,44,6,0
488,12,1.3381710406078091,8,7,0
396,18,4.166862087766348,25,10,0
171,16,9.849230714620509,46,6,0
171,17,2.8084498441121752,7,7,0
335,12,1.9486471678343358,6,5,0
230,8,9.748805832596029,29,4,0
298,18,9.624208879007943,15,8,0
126,7,7.7351877172136625,47,1,0
430,12,8.512923952761604,29,7,0
128,5,4.640100412060644,8,9,0
136,15,8.311873450041581,8,10,0
337,16,7.711786123862873,35,2,0
316,4,9.81218397024055,32,10,0
358,7,4.355761141496994,15,9,0
36,17,7.1509030603518315,29,2,0
347,7,6.962064457937319,47,9,0
478,12,1.0190663685654289,24,8,0
142,2,6.756192156342587,17,10,0
265,11,2.4241584518959387,26,3,0
426,18,2.709835738500734,30,8,0
427,17,3.363485106075161,47,8,0
39,11,9.4207194018977,48,6,0
352,13,6.944666599198799,48,4,0
293,3,7.064744862483678,42,9,0
253,17,3.3671253122115226,33,6,0
114,8,7.518545293705909,16,6,0
174,18,9.663338587258563,39,6,0
398,11,1.2531959368117103,20,10,0
128,7,2.7008510006007596,5,2,0
71,14,8.62420581922478,39,2,0
395,12,3.9243828688720104,45,1,0
215,10,9.762534476383388,8,5,0
419,9,6.103467425090429,16,5,0
481,12,7.344692991797452,9,5,0
253,2,1.1892518201486437,20,4,0
219,18,8.273459446383022,29,8,0
480,15,2.6033806151758645,32,9,0
33,9,5.048824057940967,1,3,0
274,10,1.0758850099119488,20,3,0
294,2,6.121480723990545,45,9,0
220,5,8.736297667788973,25,6,0
259,9,6.082467988666076,4,1,0
169,7,2.7068421412823405,8,6,0
485,2,1.995497265898349,25,3,0
281,17,2.042698090578736,10,3,0
40,8,6.752321826645141,8,3,0
75,13,2.81189666532652,32,3,0
164,1,3.0235999976394776,41,9,0
136,18,4.147084896973157,35,8,0
51,1,4.653646461693059,7,2,0
97,1,6.610095464290934,48,2,0
437,1,3.9617256176798117,36,8,0
65,20,5.775611198039623,45,4,0
411,2,8.050029800115055,7,9,0
254,12,3.3077721911616287,34,4,0
367,9,8.52384800812609,33,7,0
42,9,6.0806262742122446,19,9,0
249,5,6.649073366525595,5,7,0
20,1,5.879700655492516,14,6,0
126,7,2.077847826428628,5,5,0
363,8,1.1498568488937218,1,4,0
318,11,6.810375390539602,13,5,0
286,13,2.921430899164193,11,9,0
196,2,4.370258273638427,34,4,0
492,12,5.316073864500897,17,5,0
282,6,5.980473702645211,17,7,0
54,8,9.178966247263446,8,5,0
289,8,3.4755444291287994,37,3,0
318,20,1.7160205775683977,46,5,0
299,7,6.133972860100764,41,4,0
188,20,3.0007239391999647,24,10,0
51,17,7.789828959368834,29,8,0
364,19,8.685473985006851,1,3,0
60,15,8.147108528232142,41,2,0
451,1,3.8259871701568318,43,5,0
342,17,7.867342439528599,20,10,0
333,14,3.511051332066428,43,5,0
113,14,2.5762780214621452,42,1,0
126,2,6.3354340461736145,32,9,0
23,6,6.494250732729396,30,2,0
89,13,4.228104781726868,33,8,0
234,20,6.9484063710900505,28,8,0
403,14,4.200285058925273,36,8,0
233,7,3.6720100828764854,7,2,0
325,9,9.870829193637071,31,1,0
135,13,2.286816073649919,9,2,0
45,8,7.464863115564327,38,4,0
440,3,2.5084158985566978,29,4,0
361,10,3.1159662990069323,8,3,0
409,16,4.175461935142783,6,8,0
137,17,5.340204650192173,17,9,0
193,9,2.4704628305060257,50,5,0
368,18,4.753108393806796,5,4,0
351,8,1.6141792643309671,3,10,0
498,20,2.6133458493449773,5,6,0
317,11,5.743332486647161,30,6,0
176,11,5.286194364071672,20,6,0
89,2,1.4336627511171764,20,8,0
350,16,8.70062411504351,45,6,0
318,9,7.858507929391683,5,10,0
334,20,1.8283389935188945,2,9,0
376,15,3.6883788411800422,25,7,0
441,14,8.933079009568946,4,1,0
482,11,5.799242848852148,24,3,0
336,20,5.221749998157307,35,9,0
121,10,8.939853338314332,26,7,0
113,12,6.336619960209353,22,9,0
425,19,6.45654459761953,12,1,0
39,10,5.816963433409684,39,2,0
366,2,8.40447620351566,23,8,0
128,20,4.596937880207388,15,3,0
319,20,9.489186616627558,16,3,0
444,2,8.544621459114584,23,1,0
71,8,6.250278864844082,36,7,0
202,16,9.707039608485442,14,9,0
72,8,5.515062228572867,43,2,0
325,20,3.445595743931359,25,8,0
332,16,7.893462901772077,25,5,0
178,3,9.134378509661117,17,3,0
461,19,6.543886426003894,5,1,0
139,5,3.0968681001615486,49,10,0
212,2,6.680221443799785,32,7,0
259,10,1.0308828482710024,25,1,0
347,13,2.7975938132179934,46,8,0
413,6,5.097841223216102,30,3,0
390,18,4.761824982553011,19,1,0
322,6,4.762727221988568,10,8,0
248,19,9.893678770268593,6,10,0
181,11,9.247874861298337,35,1,0
481,19,2.6023802597607397,44,1,0
312,7,9.638878454356949,31,4,0
336,6,8.35935205630933,4,4,0
466,14,8.118746801994352,3,1,0
116,7,1.3223868135689196,4,10,0
282,10,4.309276098738907,46,4,0
237,9,4.141745478995822,19,3,0
170,20,8.572306004970482,43,7,0
189,9,7.39294635908029,49,6,0
211,17,2.1609768295166703,11,6,0
341,13,2.4852344974519656,15,4,0
457,17,6.786016500485417,29,7,0
144,18,1.3295920631802476,43,4,0
389,12,6.1741883893693315,15,7,0
175,13,2.0183389300921992,33,5,0
21,15,5.874654556379333,46,1,0
